{
  "name": "Record_20250921_183051",
  "timestamp": "2025-09-21T18:30:52.986249",
  "duration": 14,
  "samples_count": 536,
  "results": {
    "raw": {
      "UV_360nm": 1187.589552238806,
      "Blue_450nm": 1359.5223880597016,
      "IR_850nm": 1755.7462686567164,
      "IR_940nm": 2172.2537313432836
    },
    "calibrated": {
      "UV_360nm": 0.0,
      "Blue_450nm": 0.0,
      "IR_850nm": 0.0,
      "IR_940nm": 0.0
    }
  },
  "raw_data": {
    "raw": {
      "UV_360nm": [
        0.0,
        0.0,
        1170,
        1170,
        1173,
        1173,
        1177,
        1177,
        1178,
        1179,
        1179,
        1180,
        1180,
        1182,
        1182,
        1183,
        1183,
        1185,
        1185,
        1167,
        1167,
        1171,
        1171,
        1174,
        1174,
        1177,
        1177,
        1180,
        1180,
        1182,
        1182,
        1230,
        1230,
        1227,
        1227,
        1224,
        1224,
        1221,
        1221,
        1218,
        1218,
        1215,
        1215,
        1213,
        1213,
        1211,
        1211,
        1210,
        1210,
        1209,
        1209,
        1209,
        1209,
        1208,
        1208,
        1208,
        1208,
        1207,
        1207,
        1205,
        1205,
        1205,
        1205,
        1180,
        1180,
        1182,
        1182,
        1183,
        1183,
        1183,
        1183,
        1183,
        1183,
        1185,
        1185,
        1186,
        1186,
        1188,
        1188,
        1188,
        1189,
        1227,
        1227,
        1222,
        1222,
        1222,
        1221,
        1221,
        1219,
        1216,
        1216,
        1237,
        1237,
        1233,
        1233,
        1230,
        1230,
        1230,
        1228,
        1228,
        1224,
        1224,
        1222,
        1222,
        1220,
        1220,
        1217,
        1217,
        1216,
        1216,
        1232,
        1232,
        1236,
        1231,
        1231,
        1229,
        1229,
        1226,
        1226,
        1224,
        1224,
        1222,
        1222,
        1220,
        1220,
        1220,
        1219,
        1216,
        1216,
        1216,
        1215,
        1215,
        1212,
        1212
      ],
      "Blue_450nm": [
        0.0,
        0.0,
        0.0,
        0.0,
        1401,
        1401,
        1399,
        1399,
        1402,
        1401,
        1401,
        1400,
        1400,
        1399,
        1399,
        1398,
        1398,
        1396,
        1396,
        1396,
        1396,
        1395,
        1395,
        1395,
        1395,
        1441,
        1441,
        1435,
        1435,
        1431,
        1431,
        1426,
        1426,
        1424,
        1424,
        1420,
        1420,
        1418,
        1418,
        1415,
        1415,
        1412,
        1412,
        1409,
        1409,
        1410,
        1410,
        1408,
        1408,
        1408,
        1408,
        1408,
        1408,
        1406,
        1406,
        1406,
        1406,
        1404,
        1404,
        1402,
        1402,
        1400,
        1400,
        1400,
        1400,
        1398,
        1398,
        1397,
        1397,
        1398,
        1398,
        1399,
        1399,
        1399,
        1399,
        1400,
        1400,
        1398,
        1398,
        1398,
        1398,
        1398,
        1397,
        1397,
        1398,
        1398,
        1397,
        1397,
        1397,
        1397,
        1397,
        1397,
        1397,
        1397,
        1396,
        1396,
        1396,
        1396,
        1395,
        1395,
        1373,
        1373,
        1376,
        1376,
        1378,
        1378,
        1380,
        1380,
        1380,
        1380,
        1381,
        1381,
        1382,
        1382,
        1384,
        1384,
        1386,
        1386,
        1388,
        1388,
        1389,
        1389,
        1389,
        1389,
        1421,
        1421,
        1418,
        1418,
        1416,
        1416,
        1415,
        1415,
        1412,
        1412
      ],
      "IR_850nm": [
        0.0,
        0.0,
        0.0,
        1799,
        1799,
        1798,
        1798,
        1797,
        1797,
        1797,
        1797,
        1797,
        1797,
        1797,
        1797,
        1797,
        1797,
        1796,
        1796,
        1797,
        1797,
        1798,
        1798,
        1797,
        1797,
        1797,
        1797,
        1797,
        1797,
        1796,
        1796,
        1795,
        1795,
        1794,
        1794,
        1795,
        1795,
        1795,
        1795,
        1796,
        1796,
        1795,
        1795,
        1794,
        1794,
        1795,
        1795,
        1794,
        1794,
        1795,
        1795,
        1795,
        1795,
        1796,
        1796,
        1795,
        1795,
        1795,
        1795,
        1795,
        1795,
        1796,
        1796,
        1795,
        1795,
        1795,
        1795,
        1794,
        1794,
        1794,
        1794,
        1794,
        1794,
        1795,
        1795,
        1795,
        1795,
        1794,
        1794,
        1795,
        1795,
        1794,
        1794,
        1794,
        1794,
        1795,
        1795,
        1796,
        1796,
        1794,
        1794,
        1795,
        1795,
        1796,
        1796,
        1769,
        1769,
        1769,
        1773,
        1773,
        1774,
        1774,
        1778,
        1778,
        1779,
        1779,
        1780,
        1780,
        1778,
        1778,
        1781,
        1781,
        1783,
        1785,
        1785,
        1786,
        1786,
        1831,
        1831,
        1827,
        1827,
        1825,
        1825,
        1823,
        1823,
        1823,
        1820,
        1817,
        1817,
        1817,
        1816,
        1816,
        1812,
        1812
      ],