2026-01-23 05:43:34 - spektroskopi - INFO - Spektroskopi uygulaması başlatılıyor...
2026-01-23 05:43:34 - spektroskopi - INFO - Export için 1 formül yüklendi
2026-01-23 05:43:34 - spektroskopi - INFO - Uygulama ayarları yüklendi
2026-01-23 05:43:35 - spektroskopi - INFO - 1 formül içe aktarıldı
2026-01-23 05:43:35 - spektroskopi - INFO - Uygulama başlangıcında formüller yüklendi: 1
2026-01-23 05:43:35 - spektroskopi - WARNING - Error loading record Record_20251022_185402.json: Expecting value: line 515 column 9 (char 10867)
2026-01-23 05:43:35 - spektroskopi - INFO - Tema uygulandı: light (sistem: dark)
2026-01-23 05:43:35 - spektroskopi - INFO - Sensör bilgileri güncellendi
2026-01-23 05:43:35 - spektroskopi - INFO - Otomatik bağlantı başlatılıyor...
2026-01-23 05:43:35 - spektroskopi - INFO - Ana GUI başlatıldı
2026-01-23 05:43:36 - spektroskopi - INFO - BLE tarama başlatılıyor (timeout: 10.0s)
2026-01-23 05:43:46 - spektroskopi - INFO - Hedef cihaz bulundu: sensor-3 (7CDE3AD7-9E89-0DF9-28E4-1D56CA03E138)
2026-01-23 05:43:46 - spektroskopi - INFO - Tarama tamamlandı: 1 cihaz bulundu
2026-01-23 05:43:46 - spektroskopi - INFO - sensor-3 cihazına bağlanılıyor...
2026-01-23 05:43:46 - spektroskopi - INFO - BLE bağlantısı kuruluyor: sensor-3 (7CDE3AD7-9E89-0DF9-28E4-1D56CA03E138)
2026-01-23 05:43:46 - spektroskopi - INFO - Bağlantı kuruldu: sensor-3
2026-01-23 05:43:46 - spektroskopi - INFO - LED kontrolleri aktifleştirildi
2026-01-23 05:43:46 - spektroskopi - INFO - Tarama tamamlandı: 1 cihaz bulundu
2026-01-23 05:43:47 - spektroskopi - INFO - CONNECTION SUCCESS: sensor-3 - CONNECTED
2026-01-23 05:43:47 - spektroskopi - INFO - BLE bağlantısı sonsuz mod aktif - timeout yok
2026-01-23 05:43:53 - spektroskopi - INFO - LED AÇMA komutu queue'ya eklendi
2026-01-23 05:43:53 - spektroskopi - INFO - Tüm LED'ler açıldı
2026-01-23 05:43:54 - spektroskopi - INFO - LED kontrol komutu gönderildi: TÜM LED'LER AÇILDI
2026-01-23 05:43:55 - spektroskopi - INFO - Veri buffer'ları temizlendi
2026-01-23 05:43:55 - spektroskopi - INFO - Sistem başlatıldı - veri işleme aktif
2026-01-23 05:43:55 - spektroskopi - INFO - Live mod aktifleştirildi
2026-01-23 05:43:55 - spektroskopi - INFO - Sistem başlatıldı - Custom data hesaplamaları otomatik başlatıldı
2026-01-23 05:43:55 - spektroskopi - INFO - START komutu gönderildi: l_d=4, a_d=3, r_d=250, LEDs=0b1111
2026-01-23 05:43:55 - spektroskopi - INFO - SYSTEM EVENT: SYSTEM_STARTED - l_d=4, a_d=3, r_d=250
2026-01-23 05:43:56 - spektroskopi - INFO - LED kontrol komutu gönderildi: LED durumları: L1=False, L3=False, L4=True, L6=False
2026-01-23 05:43:56 - spektroskopi - INFO - Raspberry Pi'dan veri alındı: 6e400002-b5a3-f393-e0a9-e50e24dcca9e (Handle: 19): Nordic UART RX, uzunluk: 2
2026-01-23 05:43:56 - spektroskopi - INFO - Raspberry Pi verisi: Ham=3224, Voltaj=3224.000V
2026-01-23 05:43:56 - spektroskopi - INFO - Raspberry Pi verisi işlendi: SENSOR_2 = 3224.000V
2026-01-23 05:43:56 - spektroskopi - INFO - Raspberry Pi'dan veri alındı: 6e400005-b5a3-f393-e0a9-e50e24dcca9e (Handle: 16): Unknown, uzunluk: 2
2026-01-23 05:43:56 - spektroskopi - INFO - Raspberry Pi verisi: Ham=3225, Voltaj=3225.000V
2026-01-23 05:43:56 - spektroskopi - INFO - Raspberry Pi verisi işlendi: SENSOR_EXTRA = 3225.000V
2026-01-23 05:43:56 - spektroskopi - INFO - Raspberry Pi'dan veri alındı: 6e400004-b5a3-f393-e0a9-e50e24dcca9e (Handle: 11): Unknown, uzunluk: 2
2026-01-23 05:43:56 - spektroskopi - INFO - Raspberry Pi verisi: Ham=1910, Voltaj=1910.000V
2026-01-23 05:43:56 - spektroskopi - INFO - Raspberry Pi verisi işlendi: SENSOR_7 = 1910.000V
2026-01-23 05:43:56 - spektroskopi - INFO - Raspberry Pi'dan veri alındı: 6e400003-b5a3-f393-e0a9-e50e24dcca9e (Handle: 8): Nordic UART TX, uzunluk: 2
2026-01-23 05:43:56 - spektroskopi - INFO - Raspberry Pi verisi: Ham=1610, Voltaj=1610.000V
2026-01-23 05:43:56 - spektroskopi - INFO - Raspberry Pi verisi işlendi: SENSOR_5 = 1610.000V
2026-01-23 05:43:57 - spektroskopi - INFO - Raspberry Pi'dan veri alındı: 6e400002-b5a3-f393-e0a9-e50e24dcca9e (Handle: 19): Nordic UART RX, uzunluk: 2
2026-01-23 05:43:57 - spektroskopi - INFO - Raspberry Pi verisi: Ham=3225, Voltaj=3225.000V
2026-01-23 05:43:57 - spektroskopi - INFO - Raspberry Pi verisi işlendi: SENSOR_2 = 3225.000V
2026-01-23 05:43:57 - spektroskopi - INFO - Raspberry Pi'dan veri alındı: 6e400005-b5a3-f393-e0a9-e50e24dcca9e (Handle: 16): Unknown, uzunluk: 2
2026-01-23 05:43:57 - spektroskopi - INFO - Raspberry Pi verisi: Ham=3224, Voltaj=3224.000V
2026-01-23 05:43:57 - spektroskopi - INFO - Raspberry Pi verisi işlendi: SENSOR_EXTRA = 3224.000V
2026-01-23 05:43:57 - spektroskopi - WARNING - Zaman sıralama düzeltildi (averaged): 2026-01-23 05:43:57.264096
2026-01-23 05:43:57 - spektroskopi - WARNING - Zaman sıralama düzeltildi (averaged): 2026-01-23 05:43:57.265096
2026-01-23 05:43:57 - spektroskopi - WARNING - Zaman sıralama düzeltildi (averaged): 2026-01-23 05:43:57.266096
2026-01-23 05:43:57 - spektroskopi - WARNING - Zaman sıralama düzeltildi (averaged): 2026-01-23 05:43:57.267096
2026-01-23 05:43:57 - spektroskopi - WARNING - Zaman sıralama düzeltildi (averaged): 2026-01-23 05:43:57.268096
2026-01-23 05:43:57 - spektroskopi - WARNING - Zaman sıralama düzeltildi (averaged): 2026-01-23 05:43:57.269096
2026-01-23 05:43:57 - spektroskopi - WARNING - RealTimePanel: UV_360nm raw data uzunluk uyumsuzluğu (timestamps: 12, data: 4)
2026-01-23 05:43:57 - spektroskopi - WARNING - RealTimePanel: UV_360nm calibrated data uzunluk uyumsuzluğu (timestamps: 12, data: 4)
2026-01-23 05:43:57 - spektroskopi - WARNING - RealTimePanel: Blue_450nm raw data uzunluk uyumsuzluğu (timestamps: 12, data: 4)
2026-01-23 05:43:57 - spektroskopi - WARNING - RealTimePanel: Blue_450nm calibrated data uzunluk uyumsuzluğu (timestamps: 12, data: 4)
2026-01-23 05:43:57 - spektroskopi - WARNING - RealTimePanel: IR_850nm raw data uzunluk uyumsuzluğu (timestamps: 12, data: 2)
2026-01-23 05:43:57 - spektroskopi - WARNING - RealTimePanel: IR_850nm calibrated data uzunluk uyumsuzluğu (timestamps: 12, data: 2)
2026-01-23 05:43:57 - spektroskopi - WARNING - RealTimePanel: IR_940nm raw data uzunluk uyumsuzluğu (timestamps: 12, data: 2)
2026-01-23 05:43:57 - spektroskopi - WARNING - RealTimePanel: IR_940nm calibrated data uzunluk uyumsuzluğu (timestamps: 12, data: 2)
2026-01-23 05:43:57 - spektroskopi - INFO - Raspberry Pi'dan veri alındı: 6e400004-b5a3-f393-e0a9-e50e24dcca9e (Handle: 11): Unknown, uzunluk: 2
2026-01-23 05:43:57 - spektroskopi - INFO - Raspberry Pi verisi: Ham=1905, Voltaj=1905.000V
2026-01-23 05:43:57 - spektroskopi - INFO - Raspberry Pi verisi işlendi: SENSOR_7 = 1905.000V
2026-01-23 05:43:57 - spektroskopi - INFO - Raspberry Pi'dan veri alındı: 6e400003-b5a3-f393-e0a9-e50e24dcca9e (Handle: 8): Nordic UART TX, uzunluk: 2
2026-01-23 05:43:57 - spektroskopi - INFO - Raspberry Pi verisi: Ham=1607, Voltaj=1607.000V
2026-01-23 05:43:57 - spektroskopi - INFO - Raspberry Pi verisi işlendi: SENSOR_5 = 1607.000V
2026-01-23 05:43:57 - spektroskopi - INFO - Raspberry Pi'dan veri alındı: 6e400002-b5a3-f393-e0a9-e50e24dcca9e (Handle: 19): Nordic UART RX, uzunluk: 2
2026-01-23 05:43:57 - spektroskopi - INFO - Raspberry Pi verisi: Ham=3225, Voltaj=3225.000V
2026-01-23 05:43:57 - spektroskopi - INFO - Raspberry Pi verisi işlendi: SENSOR_2 = 3225.000V
2026-01-23 05:43:58 - spektroskopi - INFO - Raspberry Pi'dan veri alındı: 6e400005-b5a3-f393-e0a9-e50e24dcca9e (Handle: 16): Unknown, uzunluk: 2
2026-01-23 05:43:58 - spektroskopi - INFO - Raspberry Pi verisi: Ham=3225, Voltaj=3225.000V
2026-01-23 05:43:58 - spektroskopi - INFO - Raspberry Pi verisi işlendi: SENSOR_EXTRA = 3225.000V
2026-01-23 05:43:58 - spektroskopi - WARNING - Zaman sıralama düzeltildi (averaged): 2026-01-23 05:43:58.163453
2026-01-23 05:43:58 - spektroskopi - WARNING - Zaman sıralama düzeltildi (averaged): 2026-01-23 05:43:58.164453
2026-01-23 05:43:58 - spektroskopi - WARNING - Zaman sıralama düzeltildi (averaged): 2026-01-23 05:43:58.165453
2026-01-23 05:43:58 - spektroskopi - WARNING - Zaman sıralama düzeltildi (averaged): 2026-01-23 05:43:58.166453
2026-01-23 05:43:58 - spektroskopi - WARNING - RealTimePanel: UV_360nm raw data uzunluk uyumsuzluğu (timestamps: 20, data: 6)
2026-01-23 05:43:58 - spektroskopi - WARNING - RealTimePanel: UV_360nm calibrated data uzunluk uyumsuzluğu (timestamps: 20, data: 6)
2026-01-23 05:43:58 - spektroskopi - WARNING - RealTimePanel: Blue_450nm raw data uzunluk uyumsuzluğu (timestamps: 20, data: 6)
2026-01-23 05:43:58 - spektroskopi - WARNING - RealTimePanel: Blue_450nm calibrated data uzunluk uyumsuzluğu (timestamps: 20, data: 6)
2026-01-23 05:43:58 - spektroskopi - WARNING - RealTimePanel: IR_850nm raw data uzunluk uyumsuzluğu (timestamps: 20, data: 4)
2026-01-23 05:43:58 - spektroskopi - WARNING - RealTimePanel: IR_850nm calibrated data uzunluk uyumsuzluğu (timestamps: 20, data: 4)
2026-01-23 05:43:58 - spektroskopi - WARNING - RealTimePanel: IR_940nm raw data uzunluk uyumsuzluğu (timestamps: 20, data: 4)
2026-01-23 05:43:58 - spektroskopi - WARNING - RealTimePanel: IR_940nm calibrated data uzunluk uyumsuzluğu (timestamps: 20, data: 4)
2026-01-23 05:43:58 - spektroskopi - INFO - Raspberry Pi'dan veri alındı: 6e400004-b5a3-f393-e0a9-e50e24dcca9e (Handle: 11): Unknown, uzunluk: 2
2026-01-23 05:43:58 - spektroskopi - INFO - Raspberry Pi verisi: Ham=1911, Voltaj=1911.000V
2026-01-23 05:43:58 - spektroskopi - INFO - Raspberry Pi verisi işlendi: SENSOR_7 = 1911.000V
2026-01-23 05:43:58 - spektroskopi - INFO - Raspberry Pi'dan veri alındı: 6e400003-b5a3-f393-e0a9-e50e24dcca9e (Handle: 8): Nordic UART TX, uzunluk: 2
2026-01-23 05:43:58 - spektroskopi - INFO - Raspberry Pi verisi: Ham=1606, Voltaj=1606.000V
2026-01-23 05:43:58 - spektroskopi - INFO - Raspberry Pi verisi işlendi: SENSOR_5 = 1606.000V
2026-01-23 05:43:58 - spektroskopi - INFO - Raspberry Pi'dan veri alındı: 6e400002-b5a3-f393-e0a9-e50e24dcca9e (Handle: 19): Nordic UART RX, uzunluk: 2
2026-01-23 05:43:58 - spektroskopi - INFO - Raspberry Pi verisi: Ham=3224, Voltaj=3224.000V
2026-01-23 05:43:58 - spektroskopi - INFO - Raspberry Pi verisi işlendi: SENSOR_2 = 3224.000V
2026-01-23 05:43:59 - spektroskopi - INFO - Raspberry Pi'dan veri alındı: 6e400005-b5a3-f393-e0a9-e50e24dcca9e (Handle: 16): Unknown, uzunluk: 2
2026-01-23 05:43:59 - spektroskopi - INFO - Raspberry Pi verisi: Ham=3225, Voltaj=3225.000V
2026-01-23 05:43:59 - spektroskopi - INFO - Raspberry Pi verisi işlendi: SENSOR_EXTRA = 3225.000V
2026-01-23 05:43:59 - spektroskopi - INFO - Raspberry Pi'dan veri alındı: 6e400004-b5a3-f393-e0a9-e50e24dcca9e (Handle: 11): Unknown, uzunluk: 2
2026-01-23 05:43:59 - spektroskopi - INFO - Raspberry Pi verisi: Ham=1909, Voltaj=1909.000V
2026-01-23 05:43:59 - spektroskopi - INFO - Raspberry Pi verisi işlendi: SENSOR_7 = 1909.000V
2026-01-23 05:43:59 - spektroskopi - WARNING - Zaman sıralama düzeltildi (averaged): 2026-01-23 05:43:59.302744
2026-01-23 05:43:59 - spektroskopi - WARNING - Zaman sıralama düzeltildi (averaged): 2026-01-23 05:43:59.303744
2026-01-23 05:43:59 - spektroskopi - WARNING - Zaman sıralama düzeltildi (averaged): 2026-01-23 05:43:59.304744
2026-01-23 05:43:59 - spektroskopi - WARNING - Zaman sıralama düzeltildi (averaged): 2026-01-23 05:43:59.305744
2026-01-23 05:43:59 - spektroskopi - WARNING - Zaman sıralama düzeltildi (averaged): 2026-01-23 05:43:59.306744
2026-01-23 05:43:59 - spektroskopi - WARNING - RealTimePanel: UV_360nm raw data uzunluk uyumsuzluğu (timestamps: 30, data: 8)
2026-01-23 05:43:59 - spektroskopi - WARNING - RealTimePanel: UV_360nm calibrated data uzunluk uyumsuzluğu (timestamps: 30, data: 8)
2026-01-23 05:43:59 - spektroskopi - WARNING - RealTimePanel: Blue_450nm raw data uzunluk uyumsuzluğu (timestamps: 30, data: 8)
2026-01-23 05:43:59 - spektroskopi - WARNING - RealTimePanel: Blue_450nm calibrated data uzunluk uyumsuzluğu (timestamps: 30, data: 8)
2026-01-23 05:43:59 - spektroskopi - WARNING - RealTimePanel: IR_850nm raw data uzunluk uyumsuzluğu (timestamps: 30, data: 8)
2026-01-23 05:43:59 - spektroskopi - WARNING - RealTimePanel: IR_850nm calibrated data uzunluk uyumsuzluğu (timestamps: 30, data: 8)
2026-01-23 05:43:59 - spektroskopi - WARNING - RealTimePanel: IR_940nm raw data uzunluk uyumsuzluğu (timestamps: 30, data: 6)
2026-01-23 05:43:59 - spektroskopi - WARNING - RealTimePanel: IR_940nm calibrated data uzunluk uyumsuzluğu (timestamps: 30, data: 6)
2026-01-23 05:43:59 - spektroskopi - INFO - Raspberry Pi'dan veri alındı: 6e400003-b5a3-f393-e0a9-e50e24dcca9e (Handle: 8): Nordic UART TX, uzunluk: 2
2026-01-23 05:43:59 - spektroskopi - INFO - Raspberry Pi verisi: Ham=1608, Voltaj=1608.000V
2026-01-23 05:43:59 - spektroskopi - INFO - Raspberry Pi verisi işlendi: SENSOR_5 = 1608.000V
2026-01-23 05:43:59 - spektroskopi - INFO - Raspberry Pi'dan veri alındı: 6e400002-b5a3-f393-e0a9-e50e24dcca9e (Handle: 19): Nordic UART RX, uzunluk: 2
2026-01-23 05:43:59 - spektroskopi - INFO - Raspberry Pi verisi: Ham=3224, Voltaj=3224.000V
2026-01-23 05:43:59 - spektroskopi - INFO - Raspberry Pi verisi işlendi: SENSOR_2 = 3224.000V
2026-01-23 05:43:59 - spektroskopi - INFO - Raspberry Pi'dan veri alındı: 6e400005-b5a3-f393-e0a9-e50e24dcca9e (Handle: 16): Unknown, uzunluk: 2
2026-01-23 05:43:59 - spektroskopi - INFO - Raspberry Pi verisi: Ham=3224, Voltaj=3224.000V
2026-01-23 05:43:59 - spektroskopi - INFO - Raspberry Pi verisi işlendi: SENSOR_EXTRA = 3224.000V
2026-01-23 05:44:00 - spektroskopi - INFO - Raspberry Pi'dan veri alındı: 6e400004-b5a3-f393-e0a9-e50e24dcca9e (Handle: 11): Unknown, uzunluk: 2
2026-01-23 05:44:00 - spektroskopi - INFO - Raspberry Pi verisi: Ham=1912, Voltaj=1912.000V
2026-01-23 05:44:00 - spektroskopi - INFO - Raspberry Pi verisi işlendi: SENSOR_7 = 1912.000V
2026-01-23 05:44:00 - spektroskopi - WARNING - Zaman sıralama düzeltildi (averaged): 2026-01-23 05:44:00.236263
2026-01-23 05:44:00 - spektroskopi - WARNING - Zaman sıralama düzeltildi (averaged): 2026-01-23 05:44:00.237263
2026-01-23 05:44:00 - spektroskopi - WARNING - Zaman sıralama düzeltildi (averaged): 2026-01-23 05:44:00.238263
2026-01-23 05:44:00 - spektroskopi - WARNING - Zaman sıralama düzeltildi (averaged): 2026-01-23 05:44:00.239263
2026-01-23 05:44:00 - spektroskopi - WARNING - RealTimePanel: UV_360nm raw data uzunluk uyumsuzluğu (timestamps: 38, data: 10)
2026-01-23 05:44:00 - spektroskopi - WARNING - RealTimePanel: UV_360nm calibrated data uzunluk uyumsuzluğu (timestamps: 38, data: 10)
2026-01-23 05:44:00 - spektroskopi - WARNING - RealTimePanel: Blue_450nm raw data uzunluk uyumsuzluğu (timestamps: 38, data: 10)
2026-01-23 05:44:00 - spektroskopi - WARNING - RealTimePanel: Blue_450nm calibrated data uzunluk uyumsuzluğu (timestamps: 38, data: 10)
2026-01-23 05:44:00 - spektroskopi - WARNING - RealTimePanel: IR_850nm raw data uzunluk uyumsuzluğu (timestamps: 38, data: 10)
2026-01-23 05:44:00 - spektroskopi - WARNING - RealTimePanel: IR_850nm calibrated data uzunluk uyumsuzluğu (timestamps: 38, data: 10)
2026-01-23 05:44:00 - spektroskopi - WARNING - RealTimePanel: IR_940nm raw data uzunluk uyumsuzluğu (timestamps: 38, data: 8)
2026-01-23 05:44:00 - spektroskopi - WARNING - RealTimePanel: IR_940nm calibrated data uzunluk uyumsuzluğu (timestamps: 38, data: 8)
2026-01-23 05:44:00 - spektroskopi - INFO - Raspberry Pi'dan veri alındı: 6e400003-b5a3-f393-e0a9-e50e24dcca9e (Handle: 8): Nordic UART TX, uzunluk: 2
2026-01-23 05:44:00 - spektroskopi - INFO - Raspberry Pi verisi: Ham=1609, Voltaj=1609.000V
2026-01-23 05:44:00 - spektroskopi - INFO - Raspberry Pi verisi işlendi: SENSOR_5 = 1609.000V
2026-01-23 05:44:00 - spektroskopi - INFO - Raspberry Pi'dan veri alındı: 6e400002-b5a3-f393-e0a9-e50e24dcca9e (Handle: 19): Nordic UART RX, uzunluk: 2
2026-01-23 05:44:00 - spektroskopi - INFO - Raspberry Pi verisi: Ham=3225, Voltaj=3225.000V
2026-01-23 05:44:00 - spektroskopi - INFO - Raspberry Pi verisi işlendi: SENSOR_2 = 3225.000V
2026-01-23 05:44:00 - spektroskopi - INFO - Raspberry Pi'dan veri alındı: 6e400005-b5a3-f393-e0a9-e50e24dcca9e (Handle: 16): Unknown, uzunluk: 2
2026-01-23 05:44:00 - spektroskopi - INFO - Raspberry Pi verisi: Ham=3224, Voltaj=3224.000V
2026-01-23 05:44:00 - spektroskopi - INFO - Raspberry Pi verisi işlendi: SENSOR_EXTRA = 3224.000V
2026-01-23 05:44:01 - spektroskopi - INFO - Raspberry Pi'dan veri alındı: 6e400004-b5a3-f393-e0a9-e50e24dcca9e (Handle: 11): Unknown, uzunluk: 2
2026-01-23 05:44:01 - spektroskopi - INFO - Raspberry Pi verisi: Ham=1909, Voltaj=1909.000V
2026-01-23 05:44:01 - spektroskopi - INFO - Raspberry Pi verisi işlendi: SENSOR_7 = 1909.000V
2026-01-23 05:44:01 - spektroskopi - INFO - Raspberry Pi'dan veri alındı: 6e400003-b5a3-f393-e0a9-e50e24dcca9e (Handle: 8): Nordic UART TX, uzunluk: 2
2026-01-23 05:44:01 - spektroskopi - INFO - Raspberry Pi verisi: Ham=1607, Voltaj=1607.000V
2026-01-23 05:44:01 - spektroskopi - INFO - Raspberry Pi verisi işlendi: SENSOR_5 = 1607.000V
2026-01-23 05:44:01 - spektroskopi - WARNING - Zaman sıralama düzeltildi (averaged): 2026-01-23 05:44:01.314909
2026-01-23 05:44:01 - spektroskopi - WARNING - Zaman sıralama düzeltildi (averaged): 2026-01-23 05:44:01.315909
2026-01-23 05:44:01 - spektroskopi - WARNING - Zaman sıralama düzeltildi (averaged): 2026-01-23 05:44:01.316909
2026-01-23 05:44:01 - spektroskopi - WARNING - Zaman sıralama düzeltildi (averaged): 2026-01-23 05:44:01.317909
2026-01-23 05:44:01 - spektroskopi - WARNING - Zaman sıralama düzeltildi (averaged): 2026-01-23 05:44:01.318909
2026-01-23 05:44:01 - spektroskopi - WARNING - RealTimePanel: UV_360nm raw data uzunluk uyumsuzluğu (timestamps: 48, data: 12)
2026-01-23 05:44:01 - spektroskopi - WARNING - RealTimePanel: UV_360nm calibrated data uzunluk uyumsuzluğu (timestamps: 48, data: 12)
2026-01-23 05:44:01 - spektroskopi - WARNING - RealTimePanel: Blue_450nm raw data uzunluk uyumsuzluğu (timestamps: 48, data: 12)
2026-01-23 05:44:01 - spektroskopi - WARNING - RealTimePanel: Blue_450nm calibrated data uzunluk uyumsuzluğu (timestamps: 48, data: 12)
2026-01-23 05:44:01 - spektroskopi - WARNING - RealTimePanel: IR_850nm raw data uzunluk uyumsuzluğu (timestamps: 48, data: 12)
2026-01-23 05:44:01 - spektroskopi - WARNING - RealTimePanel: IR_850nm calibrated data uzunluk uyumsuzluğu (timestamps: 48, data: 12)
2026-01-23 05:44:01 - spektroskopi - WARNING - RealTimePanel: IR_940nm raw data uzunluk uyumsuzluğu (timestamps: 48, data: 12)
2026-01-23 05:44:01 - spektroskopi - WARNING - RealTimePanel: IR_940nm calibrated data uzunluk uyumsuzluğu (timestamps: 48, data: 12)
2026-01-23 05:44:01 - spektroskopi - INFO - Raspberry Pi'dan veri alındı: 6e400002-b5a3-f393-e0a9-e50e24dcca9e (Handle: 19): Nordic UART RX, uzunluk: 2
2026-01-23 05:44:01 - spektroskopi - INFO - Raspberry Pi verisi: Ham=3226, Voltaj=3226.000V
2026-01-23 05:44:01 - spektroskopi - INFO - Raspberry Pi verisi işlendi: SENSOR_2 = 3226.000V
2026-01-23 05:44:01 - spektroskopi - INFO - Raspberry Pi'dan veri alındı: 6e400005-b5a3-f393-e0a9-e50e24dcca9e (Handle: 16): Unknown, uzunluk: 2
2026-01-23 05:44:01 - spektroskopi - INFO - Raspberry Pi verisi: Ham=3224, Voltaj=3224.000V
2026-01-23 05:44:01 - spektroskopi - INFO - Raspberry Pi verisi işlendi: SENSOR_EXTRA = 3224.000V
2026-01-23 05:44:01 - spektroskopi - INFO - Raspberry Pi'dan veri alındı: 6e400004-b5a3-f393-e0a9-e50e24dcca9e (Handle: 11): Unknown, uzunluk: 2
2026-01-23 05:44:01 - spektroskopi - INFO - Raspberry Pi verisi: Ham=1909, Voltaj=1909.000V
2026-01-23 05:44:01 - spektroskopi - INFO - Raspberry Pi verisi işlendi: SENSOR_7 = 1909.000V
2026-01-23 05:44:02 - spektroskopi - INFO - Raspberry Pi'dan veri alındı: 6e400003-b5a3-f393-e0a9-e50e24dcca9e (Handle: 8): Nordic UART TX, uzunluk: 2
2026-01-23 05:44:02 - spektroskopi - INFO - Raspberry Pi verisi: Ham=1608, Voltaj=1608.000V
2026-01-23 05:44:02 - spektroskopi - INFO - Raspberry Pi verisi işlendi: SENSOR_5 = 1608.000V
2026-01-23 05:44:02 - spektroskopi - INFO - Raspberry Pi'dan veri alındı: 6e400002-b5a3-f393-e0a9-e50e24dcca9e (Handle: 19): Nordic UART RX, uzunluk: 2
2026-01-23 05:44:02 - spektroskopi - INFO - Raspberry Pi verisi: Ham=3225, Voltaj=3225.000V
2026-01-23 05:44:02 - spektroskopi - INFO - Raspberry Pi verisi işlendi: SENSOR_2 = 3225.000V
2026-01-23 05:44:02 - spektroskopi - WARNING - Zaman sıralama düzeltildi (averaged): 2026-01-23 05:44:02.303571
2026-01-23 05:44:02 - spektroskopi - WARNING - Zaman sıralama düzeltildi (averaged): 2026-01-23 05:44:02.304571
2026-01-23 05:44:02 - spektroskopi - WARNING - Zaman sıralama düzeltildi (averaged): 2026-01-23 05:44:02.305571
2026-01-23 05:44:02 - spektroskopi - WARNING - Zaman sıralama düzeltildi (averaged): 2026-01-23 05:44:02.306571
2026-01-23 05:44:02 - spektroskopi - WARNING - Zaman sıralama düzeltildi (averaged): 2026-01-23 05:44:02.307571
2026-01-23 05:44:02 - spektroskopi - WARNING - RealTimePanel: UV_360nm raw data uzunluk uyumsuzluğu (timestamps: 58, data: 16)
2026-01-23 05:44:02 - spektroskopi - WARNING - RealTimePanel: UV_360nm calibrated data uzunluk uyumsuzluğu (timestamps: 58, data: 16)
2026-01-23 05:44:02 - spektroskopi - WARNING - RealTimePanel: Blue_450nm raw data uzunluk uyumsuzluğu (timestamps: 58, data: 14)
2026-01-23 05:44:02 - spektroskopi - WARNING - RealTimePanel: Blue_450nm calibrated data uzunluk uyumsuzluğu (timestamps: 58, data: 14)
2026-01-23 05:44:02 - spektroskopi - WARNING - RealTimePanel: IR_850nm raw data uzunluk uyumsuzluğu (timestamps: 58, data: 14)
2026-01-23 05:44:02 - spektroskopi - WARNING - RealTimePanel: IR_850nm calibrated data uzunluk uyumsuzluğu (timestamps: 58, data: 14)
2026-01-23 05:44:02 - spektroskopi - WARNING - RealTimePanel: IR_940nm raw data uzunluk uyumsuzluğu (timestamps: 58, data: 14)
2026-01-23 05:44:02 - spektroskopi - WARNING - RealTimePanel: IR_940nm calibrated data uzunluk uyumsuzluğu (timestamps: 58, data: 14)
2026-01-23 05:44:02 - spektroskopi - INFO - Raspberry Pi'dan veri alındı: 6e400005-b5a3-f393-e0a9-e50e24dcca9e (Handle: 16): Unknown, uzunluk: 2
2026-01-23 05:44:02 - spektroskopi - INFO - Raspberry Pi verisi: Ham=3225, Voltaj=3225.000V
2026-01-23 05:44:02 - spektroskopi - INFO - Raspberry Pi verisi işlendi: SENSOR_EXTRA = 3225.000V
2026-01-23 05:44:02 - spektroskopi - INFO - Raspberry Pi'dan veri alındı: 6e400004-b5a3-f393-e0a9-e50e24dcca9e (Handle: 11): Unknown, uzunluk: 2
2026-01-23 05:44:02 - spektroskopi - INFO - Raspberry Pi verisi: Ham=1909, Voltaj=1909.000V
2026-01-23 05:44:02 - spektroskopi - INFO - Raspberry Pi verisi işlendi: SENSOR_7 = 1909.000V
2026-01-23 05:44:03 - spektroskopi - INFO - Raspberry Pi'dan veri alındı: 6e400003-b5a3-f393-e0a9-e50e24dcca9e (Handle: 8): Nordic UART TX, uzunluk: 2
2026-01-23 05:44:03 - spektroskopi - INFO - Raspberry Pi verisi: Ham=1608, Voltaj=1608.000V
2026-01-23 05:44:03 - spektroskopi - INFO - Raspberry Pi verisi işlendi: SENSOR_5 = 1608.000V
2026-01-23 05:44:03 - spektroskopi - INFO - Raspberry Pi'dan veri alındı: 6e400002-b5a3-f393-e0a9-e50e24dcca9e (Handle: 19): Nordic UART RX, uzunluk: 2
2026-01-23 05:44:03 - spektroskopi - INFO - Raspberry Pi verisi: Ham=3224, Voltaj=3224.000V
2026-01-23 05:44:03 - spektroskopi - INFO - Raspberry Pi verisi işlendi: SENSOR_2 = 3224.000V
2026-01-23 05:44:03 - spektroskopi - WARNING - Zaman sıralama düzeltildi (averaged): 2026-01-23 05:44:03.203174
2026-01-23 05:44:03 - spektroskopi - WARNING - Zaman sıralama düzeltildi (averaged): 2026-01-23 05:44:03.204174
2026-01-23 05:44:03 - spektroskopi - WARNING - Zaman sıralama düzeltildi (averaged): 2026-01-23 05:44:03.205174
2026-01-23 05:44:03 - spektroskopi - WARNING - Zaman sıralama düzeltildi (averaged): 2026-01-23 05:44:03.206174
2026-01-23 05:44:03 - spektroskopi - WARNING - RealTimePanel: UV_360nm raw data uzunluk uyumsuzluğu (timestamps: 66, data: 18)
2026-01-23 05:44:03 - spektroskopi - WARNING - RealTimePanel: UV_360nm calibrated data uzunluk uyumsuzluğu (timestamps: 66, data: 18)
2026-01-23 05:44:03 - spektroskopi - WARNING - RealTimePanel: Blue_450nm raw data uzunluk uyumsuzluğu (timestamps: 66, data: 16)
2026-01-23 05:44:03 - spektroskopi - WARNING - RealTimePanel: Blue_450nm calibrated data uzunluk uyumsuzluğu (timestamps: 66, data: 16)
2026-01-23 05:44:03 - spektroskopi - WARNING - RealTimePanel: IR_850nm raw data uzunluk uyumsuzluğu (timestamps: 66, data: 16)
2026-01-23 05:44:03 - spektroskopi - WARNING - RealTimePanel: IR_850nm calibrated data uzunluk uyumsuzluğu (timestamps: 66, data: 16)
2026-01-23 05:44:03 - spektroskopi - WARNING - RealTimePanel: IR_940nm raw data uzunluk uyumsuzluğu (timestamps: 66, data: 16)
2026-01-23 05:44:03 - spektroskopi - WARNING - RealTimePanel: IR_940nm calibrated data uzunluk uyumsuzluğu (timestamps: 66, data: 16)
2026-01-23 05:44:03 - spektroskopi - INFO - Raspberry Pi'dan veri alındı: 6e400005-b5a3-f393-e0a9-e50e24dcca9e (Handle: 16): Unknown, uzunluk: 2
2026-01-23 05:44:03 - spektroskopi - INFO - Raspberry Pi verisi: Ham=3225, Voltaj=3225.000V
2026-01-23 05:44:03 - spektroskopi - INFO - Raspberry Pi verisi işlendi: SENSOR_EXTRA = 3225.000V
2026-01-23 05:44:03 - spektroskopi - INFO - Raspberry Pi'dan veri alındı: 6e400004-b5a3-f393-e0a9-e50e24dcca9e (Handle: 11): Unknown, uzunluk: 2
2026-01-23 05:44:03 - spektroskopi - INFO - Raspberry Pi verisi: Ham=1911, Voltaj=1911.000V
2026-01-23 05:44:03 - spektroskopi - INFO - Raspberry Pi verisi işlendi: SENSOR_7 = 1911.000V
2026-01-23 05:44:03 - spektroskopi - INFO - Raspberry Pi'dan veri alındı: 6e400003-b5a3-f393-e0a9-e50e24dcca9e (Handle: 8): Nordic UART TX, uzunluk: 2
2026-01-23 05:44:03 - spektroskopi - INFO - Raspberry Pi verisi: Ham=1608, Voltaj=1608.000V
2026-01-23 05:44:03 - spektroskopi - INFO - Raspberry Pi verisi işlendi: SENSOR_5 = 1608.000V
2026-01-23 05:44:04 - spektroskopi - INFO - Raspberry Pi'dan veri alındı: 6e400002-b5a3-f393-e0a9-e50e24dcca9e (Handle: 19): Nordic UART RX, uzunluk: 2
2026-01-23 05:44:04 - spektroskopi - INFO - Raspberry Pi verisi: Ham=3225, Voltaj=3225.000V
2026-01-23 05:44:04 - spektroskopi - INFO - Raspberry Pi verisi işlendi: SENSOR_2 = 3225.000V
2026-01-23 05:44:04 - spektroskopi - INFO - Raspberry Pi'dan veri alındı: 6e400005-b5a3-f393-e0a9-e50e24dcca9e (Handle: 16): Unknown, uzunluk: 2
2026-01-23 05:44:04 - spektroskopi - INFO - Raspberry Pi verisi: Ham=3225, Voltaj=3225.000V
2026-01-23 05:44:04 - spektroskopi - INFO - Raspberry Pi verisi işlendi: SENSOR_EXTRA = 3225.000V
2026-01-23 05:44:04 - spektroskopi - WARNING - Zaman sıralama düzeltildi (averaged): 2026-01-23 05:44:04.315246
2026-01-23 05:44:04 - spektroskopi - WARNING - Zaman sıralama düzeltildi (averaged): 2026-01-23 05:44:04.316246
2026-01-23 05:44:04 - spektroskopi - WARNING - Zaman sıralama düzeltildi (averaged): 2026-01-23 05:44:04.317246
2026-01-23 05:44:04 - spektroskopi - WARNING - Zaman sıralama düzeltildi (averaged): 2026-01-23 05:44:04.318246
2026-01-23 05:44:04 - spektroskopi - WARNING - Zaman sıralama düzeltildi (averaged): 2026-01-23 05:44:04.319246
2026-01-23 05:44:04 - spektroskopi - WARNING - RealTimePanel: UV_360nm raw data uzunluk uyumsuzluğu (timestamps: 76, data: 20)
2026-01-23 05:44:04 - spektroskopi - WARNING - RealTimePanel: UV_360nm calibrated data uzunluk uyumsuzluğu (timestamps: 76, data: 20)
2026-01-23 05:44:04 - spektroskopi - WARNING - RealTimePanel: Blue_450nm raw data uzunluk uyumsuzluğu (timestamps: 76, data: 20)
2026-01-23 05:44:04 - spektroskopi - WARNING - RealTimePanel: Blue_450nm calibrated data uzunluk uyumsuzluğu (timestamps: 76, data: 20)
2026-01-23 05:44:04 - spektroskopi - WARNING - RealTimePanel: IR_850nm raw data uzunluk uyumsuzluğu (timestamps: 76, data: 18)
2026-01-23 05:44:04 - spektroskopi - WARNING - RealTimePanel: IR_850nm calibrated data uzunluk uyumsuzluğu (timestamps: 76, data: 18)
2026-01-23 05:44:04 - spektroskopi - WARNING - RealTimePanel: IR_940nm raw data uzunluk uyumsuzluğu (timestamps: 76, data: 18)
2026-01-23 05:44:04 - spektroskopi - WARNING - RealTimePanel: IR_940nm calibrated data uzunluk uyumsuzluğu (timestamps: 76, data: 18)
2026-01-23 05:44:04 - spektroskopi - INFO - Raspberry Pi'dan veri alındı: 6e400004-b5a3-f393-e0a9-e50e24dcca9e (Handle: 11): Unknown, uzunluk: 2
2026-01-23 05:44:04 - spektroskopi - INFO - Raspberry Pi verisi: Ham=1910, Voltaj=1910.000V
2026-01-23 05:44:04 - spektroskopi - INFO - Raspberry Pi verisi işlendi: SENSOR_7 = 1910.000V
2026-01-23 05:44:04 - spektroskopi - INFO - Raspberry Pi'dan veri alındı: 6e400003-b5a3-f393-e0a9-e50e24dcca9e (Handle: 8): Nordic UART TX, uzunluk: 2
2026-01-23 05:44:04 - spektroskopi - INFO - Raspberry Pi verisi: Ham=1608, Voltaj=1608.000V
2026-01-23 05:44:04 - spektroskopi - INFO - Raspberry Pi verisi işlendi: SENSOR_5 = 1608.000V
2026-01-23 05:44:04 - spektroskopi - INFO - Raspberry Pi'dan veri alındı: 6e400002-b5a3-f393-e0a9-e50e24dcca9e (Handle: 19): Nordic UART RX, uzunluk: 2
2026-01-23 05:44:04 - spektroskopi - INFO - Raspberry Pi verisi: Ham=3224, Voltaj=3224.000V
2026-01-23 05:44:04 - spektroskopi - INFO - Raspberry Pi verisi işlendi: SENSOR_2 = 3224.000V
2026-01-23 05:44:05 - spektroskopi - INFO - Raspberry Pi'dan veri alındı: 6e400005-b5a3-f393-e0a9-e50e24dcca9e (Handle: 16): Unknown, uzunluk: 2
2026-01-23 05:44:05 - spektroskopi - INFO - Raspberry Pi verisi: Ham=3224, Voltaj=3224.000V
2026-01-23 05:44:05 - spektroskopi - INFO - Raspberry Pi verisi işlendi: SENSOR_EXTRA = 3224.000V
2026-01-23 05:44:05 - spektroskopi - WARNING - Zaman sıralama düzeltildi (averaged): 2026-01-23 05:44:05.182933
2026-01-23 05:44:05 - spektroskopi - WARNING - Zaman sıralama düzeltildi (averaged): 2026-01-23 05:44:05.183933
2026-01-23 05:44:05 - spektroskopi - WARNING - Zaman sıralama düzeltildi (averaged): 2026-01-23 05:44:05.184933
2026-01-23 05:44:05 - spektroskopi - WARNING - Zaman sıralama düzeltildi (averaged): 2026-01-23 05:44:05.185933
2026-01-23 05:44:05 - spektroskopi - WARNING - RealTimePanel: UV_360nm raw data uzunluk uyumsuzluğu (timestamps: 84, data: 22)
2026-01-23 05:44:05 - spektroskopi - WARNING - RealTimePanel: UV_360nm calibrated data uzunluk uyumsuzluğu (timestamps: 84, data: 22)
2026-01-23 05:44:05 - spektroskopi - WARNING - RealTimePanel: Blue_450nm raw data uzunluk uyumsuzluğu (timestamps: 84, data: 22)
2026-01-23 05:44:05 - spektroskopi - WARNING - RealTimePanel: Blue_450nm calibrated data uzunluk uyumsuzluğu (timestamps: 84, data: 22)
2026-01-23 05:44:05 - spektroskopi - WARNING - RealTimePanel: IR_850nm raw data uzunluk uyumsuzluğu (timestamps: 84, data: 20)
2026-01-23 05:44:05 - spektroskopi - WARNING - RealTimePanel: IR_850nm calibrated data uzunluk uyumsuzluğu (timestamps: 84, data: 20)
2026-01-23 05:44:05 - spektroskopi - WARNING - RealTimePanel: IR_940nm raw data uzunluk uyumsuzluğu (timestamps: 84, data: 20)
2026-01-23 05:44:05 - spektroskopi - WARNING - RealTimePanel: IR_940nm calibrated data uzunluk uyumsuzluğu (timestamps: 84, data: 20)
2026-01-23 05:44:05 - spektroskopi - INFO - Raspberry Pi'dan veri alındı: 6e400004-b5a3-f393-e0a9-e50e24dcca9e (Handle: 11): Unknown, uzunluk: 2
2026-01-23 05:44:05 - spektroskopi - INFO - Raspberry Pi verisi: Ham=1912, Voltaj=1912.000V
2026-01-23 05:44:05 - spektroskopi - INFO - Raspberry Pi verisi işlendi: SENSOR_7 = 1912.000V
2026-01-23 05:44:05 - spektroskopi - INFO - Raspberry Pi'dan veri alındı: 6e400003-b5a3-f393-e0a9-e50e24dcca9e (Handle: 8): Nordic UART TX, uzunluk: 2
2026-01-23 05:44:05 - spektroskopi - INFO - Raspberry Pi verisi: Ham=1607, Voltaj=1607.000V
2026-01-23 05:44:05 - spektroskopi - INFO - Raspberry Pi verisi işlendi: SENSOR_5 = 1607.000V
2026-01-23 05:44:05 - spektroskopi - INFO - Raspberry Pi'dan veri alındı: 6e400002-b5a3-f393-e0a9-e50e24dcca9e (Handle: 19): Nordic UART RX, uzunluk: 2
2026-01-23 05:44:05 - spektroskopi - INFO - Raspberry Pi verisi: Ham=3224, Voltaj=3224.000V
2026-01-23 05:44:05 - spektroskopi - INFO - Raspberry Pi verisi işlendi: SENSOR_2 = 3224.000V
2026-01-23 05:44:06 - spektroskopi - INFO - Raspberry Pi'dan veri alındı: 6e400005-b5a3-f393-e0a9-e50e24dcca9e (Handle: 16): Unknown, uzunluk: 2
2026-01-23 05:44:06 - spektroskopi - INFO - Raspberry Pi verisi: Ham=3223, Voltaj=3223.000V
2026-01-23 05:44:06 - spektroskopi - INFO - Raspberry Pi verisi işlendi: SENSOR_EXTRA = 3223.000V
2026-01-23 05:44:06 - spektroskopi - INFO - Raspberry Pi'dan veri alındı: 6e400004-b5a3-f393-e0a9-e50e24dcca9e (Handle: 11): Unknown, uzunluk: 2
2026-01-23 05:44:06 - spektroskopi - INFO - Raspberry Pi verisi: Ham=1911, Voltaj=1911.000V
2026-01-23 05:44:06 - spektroskopi - INFO - Raspberry Pi verisi işlendi: SENSOR_7 = 1911.000V
2026-01-23 05:44:06 - spektroskopi - WARNING - Zaman sıralama düzeltildi (averaged): 2026-01-23 05:44:06.324389
2026-01-23 05:44:06 - spektroskopi - WARNING - Zaman sıralama düzeltildi (averaged): 2026-01-23 05:44:06.325389
2026-01-23 05:44:06 - spektroskopi - WARNING - Zaman sıralama düzeltildi (averaged): 2026-01-23 05:44:06.326389
2026-01-23 05:44:06 - spektroskopi - WARNING - Zaman sıralama düzeltildi (averaged): 2026-01-23 05:44:06.327389
2026-01-23 05:44:06 - spektroskopi - WARNING - Zaman sıralama düzeltildi (averaged): 2026-01-23 05:44:06.328389
2026-01-23 05:44:06 - spektroskopi - WARNING - RealTimePanel: UV_360nm raw data uzunluk uyumsuzluğu (timestamps: 94, data: 24)
2026-01-23 05:44:06 - spektroskopi - WARNING - RealTimePanel: UV_360nm calibrated data uzunluk uyumsuzluğu (timestamps: 94, data: 24)
2026-01-23 05:44:06 - spektroskopi - WARNING - RealTimePanel: Blue_450nm raw data uzunluk uyumsuzluğu (timestamps: 94, data: 24)
2026-01-23 05:44:06 - spektroskopi - WARNING - RealTimePanel: Blue_450nm calibrated data uzunluk uyumsuzluğu (timestamps: 94, data: 24)
2026-01-23 05:44:06 - spektroskopi - WARNING - RealTimePanel: IR_850nm raw data uzunluk uyumsuzluğu (timestamps: 94, data: 24)
2026-01-23 05:44:06 - spektroskopi - WARNING - RealTimePanel: IR_850nm calibrated data uzunluk uyumsuzluğu (timestamps: 94, data: 24)
2026-01-23 05:44:06 - spektroskopi - WARNING - RealTimePanel: IR_940nm raw data uzunluk uyumsuzluğu (timestamps: 94, data: 22)
2026-01-23 05:44:06 - spektroskopi - WARNING - RealTimePanel: IR_940nm calibrated data uzunluk uyumsuzluğu (timestamps: 94, data: 22)
2026-01-23 05:44:06 - spektroskopi - INFO - Raspberry Pi'dan veri alındı: 6e400003-b5a3-f393-e0a9-e50e24dcca9e (Handle: 8): Nordic UART TX, uzunluk: 2
2026-01-23 05:44:06 - spektroskopi - INFO - Raspberry Pi verisi: Ham=1610, Voltaj=1610.000V
2026-01-23 05:44:06 - spektroskopi - INFO - Raspberry Pi verisi işlendi: SENSOR_5 = 1610.000V
2026-01-23 05:44:06 - spektroskopi - INFO - Raspberry Pi'dan veri alındı: 6e400002-b5a3-f393-e0a9-e50e24dcca9e (Handle: 19): Nordic UART RX, uzunluk: 2
2026-01-23 05:44:06 - spektroskopi - INFO - Raspberry Pi verisi: Ham=3224, Voltaj=3224.000V
2026-01-23 05:44:06 - spektroskopi - INFO - Raspberry Pi verisi işlendi: SENSOR_2 = 3224.000V
2026-01-23 05:44:06 - spektroskopi - INFO - Raspberry Pi'dan veri alındı: 6e400005-b5a3-f393-e0a9-e50e24dcca9e (Handle: 16): Unknown, uzunluk: 2
2026-01-23 05:44:06 - spektroskopi - INFO - Raspberry Pi verisi: Ham=3225, Voltaj=3225.000V
2026-01-23 05:44:06 - spektroskopi - INFO - Raspberry Pi verisi işlendi: SENSOR_EXTRA = 3225.000V
2026-01-23 05:44:07 - spektroskopi - INFO - Raspberry Pi'dan veri alındı: 6e400004-b5a3-f393-e0a9-e50e24dcca9e (Handle: 11): Unknown, uzunluk: 2
2026-01-23 05:44:07 - spektroskopi - INFO - Raspberry Pi verisi: Ham=1913, Voltaj=1913.000V
2026-01-23 05:44:07 - spektroskopi - INFO - Raspberry Pi verisi işlendi: SENSOR_7 = 1913.000V
2026-01-23 05:44:07 - spektroskopi - WARNING - Zaman sıralama düzeltildi (averaged): 2026-01-23 05:44:07.222707
2026-01-23 05:44:07 - spektroskopi - WARNING - Zaman sıralama düzeltildi (averaged): 2026-01-23 05:44:07.223707
2026-01-23 05:44:07 - spektroskopi - WARNING - Zaman sıralama düzeltildi (averaged): 2026-01-23 05:44:07.224707
2026-01-23 05:44:07 - spektroskopi - WARNING - Zaman sıralama düzeltildi (averaged): 2026-01-23 05:44:07.225707
2026-01-23 05:44:07 - spektroskopi - WARNING - RealTimePanel: UV_360nm raw data uzunluk uyumsuzluğu (timestamps: 102, data: 26)
2026-01-23 05:44:07 - spektroskopi - WARNING - RealTimePanel: UV_360nm calibrated data uzunluk uyumsuzluğu (timestamps: 102, data: 26)
2026-01-23 05:44:07 - spektroskopi - WARNING - RealTimePanel: Blue_450nm raw data uzunluk uyumsuzluğu (timestamps: 102, data: 26)
2026-01-23 05:44:07 - spektroskopi - WARNING - RealTimePanel: Blue_450nm calibrated data uzunluk uyumsuzluğu (timestamps: 102, data: 26)
2026-01-23 05:44:07 - spektroskopi - WARNING - RealTimePanel: IR_850nm raw data uzunluk uyumsuzluğu (timestamps: 102, data: 26)
2026-01-23 05:44:07 - spektroskopi - WARNING - RealTimePanel: IR_850nm calibrated data uzunluk uyumsuzluğu (timestamps: 102, data: 26)
2026-01-23 05:44:07 - spektroskopi - WARNING - RealTimePanel: IR_940nm raw data uzunluk uyumsuzluğu (timestamps: 102, data: 24)
2026-01-23 05:44:07 - spektroskopi - WARNING - RealTimePanel: IR_940nm calibrated data uzunluk uyumsuzluğu (timestamps: 102, data: 24)
2026-01-23 05:44:07 - spektroskopi - INFO - Raspberry Pi'dan veri alındı: 6e400003-b5a3-f393-e0a9-e50e24dcca9e (Handle: 8): Nordic UART TX, uzunluk: 2
2026-01-23 05:44:07 - spektroskopi - INFO - Raspberry Pi verisi: Ham=1607, Voltaj=1607.000V
2026-01-23 05:44:07 - spektroskopi - INFO - Raspberry Pi verisi işlendi: SENSOR_5 = 1607.000V
2026-01-23 05:44:07 - spektroskopi - INFO - Raspberry Pi'dan veri alındı: 6e400002-b5a3-f393-e0a9-e50e24dcca9e (Handle: 19): Nordic UART RX, uzunluk: 2
2026-01-23 05:44:07 - spektroskopi - INFO - Raspberry Pi verisi: Ham=3225, Voltaj=3225.000V
2026-01-23 05:44:07 - spektroskopi - INFO - Raspberry Pi verisi işlendi: SENSOR_2 = 3225.000V
2026-01-23 05:44:07 - spektroskopi - INFO - Raspberry Pi'dan veri alındı: 6e400005-b5a3-f393-e0a9-e50e24dcca9e (Handle: 16): Unknown, uzunluk: 2
2026-01-23 05:44:07 - spektroskopi - INFO - Raspberry Pi verisi: Ham=3225, Voltaj=3225.000V
2026-01-23 05:44:07 - spektroskopi - INFO - Raspberry Pi verisi işlendi: SENSOR_EXTRA = 3225.000V
2026-01-23 05:44:08 - spektroskopi - INFO - Raspberry Pi'dan veri alındı: 6e400004-b5a3-f393-e0a9-e50e24dcca9e (Handle: 11): Unknown, uzunluk: 2
2026-01-23 05:44:08 - spektroskopi - INFO - Raspberry Pi verisi: Ham=1909, Voltaj=1909.000V
2026-01-23 05:44:08 - spektroskopi - INFO - Raspberry Pi verisi işlendi: SENSOR_7 = 1909.000V
2026-01-23 05:44:08 - spektroskopi - INFO - Raspberry Pi'dan veri alındı: 6e400003-b5a3-f393-e0a9-e50e24dcca9e (Handle: 8): Nordic UART TX, uzunluk: 2
2026-01-23 05:44:08 - spektroskopi - INFO - Raspberry Pi verisi: Ham=1608, Voltaj=1608.000V
2026-01-23 05:44:08 - spektroskopi - INFO - Raspberry Pi verisi işlendi: SENSOR_5 = 1608.000V
2026-01-23 05:44:08 - spektroskopi - WARNING - Zaman sıralama düzeltildi (averaged): 2026-01-23 05:44:08.362786
2026-01-23 05:44:08 - spektroskopi - WARNING - Zaman sıralama düzeltildi (averaged): 2026-01-23 05:44:08.363786
2026-01-23 05:44:08 - spektroskopi - WARNING - Zaman sıralama düzeltildi (averaged): 2026-01-23 05:44:08.364786
2026-01-23 05:44:08 - spektroskopi - WARNING - Zaman sıralama düzeltildi (averaged): 2026-01-23 05:44:08.365786
2026-01-23 05:44:08 - spektroskopi - WARNING - Zaman sıralama düzeltildi (averaged): 2026-01-23 05:44:08.366786
2026-01-23 05:44:08 - spektroskopi - WARNING - RealTimePanel: UV_360nm raw data uzunluk uyumsuzluğu (timestamps: 112, data: 28)
2026-01-23 05:44:08 - spektroskopi - WARNING - RealTimePanel: UV_360nm calibrated data uzunluk uyumsuzluğu (timestamps: 112, data: 28)
2026-01-23 05:44:08 - spektroskopi - WARNING - RealTimePanel: Blue_450nm raw data uzunluk uyumsuzluğu (timestamps: 112, data: 28)
2026-01-23 05:44:08 - spektroskopi - WARNING - RealTimePanel: Blue_450nm calibrated data uzunluk uyumsuzluğu (timestamps: 112, data: 28)
2026-01-23 05:44:08 - spektroskopi - WARNING - RealTimePanel: IR_850nm raw data uzunluk uyumsuzluğu (timestamps: 112, data: 28)
2026-01-23 05:44:08 - spektroskopi - WARNING - RealTimePanel: IR_850nm calibrated data uzunluk uyumsuzluğu (timestamps: 112, data: 28)
2026-01-23 05:44:08 - spektroskopi - WARNING - RealTimePanel: IR_940nm raw data uzunluk uyumsuzluğu (timestamps: 112, data: 28)
2026-01-23 05:44:08 - spektroskopi - WARNING - RealTimePanel: IR_940nm calibrated data uzunluk uyumsuzluğu (timestamps: 112, data: 28)
2026-01-23 05:44:08 - spektroskopi - INFO - Raspberry Pi'dan veri alındı: 6e400002-b5a3-f393-e0a9-e50e24dcca9e (Handle: 19): Nordic UART RX, uzunluk: 2
2026-01-23 05:44:08 - spektroskopi - INFO - Raspberry Pi verisi: Ham=3224, Voltaj=3224.000V
2026-01-23 05:44:08 - spektroskopi - INFO - Raspberry Pi verisi işlendi: SENSOR_2 = 3224.000V
2026-01-23 05:44:08 - spektroskopi - INFO - Raspberry Pi'dan veri alındı: 6e400005-b5a3-f393-e0a9-e50e24dcca9e (Handle: 16): Unknown, uzunluk: 2
2026-01-23 05:44:08 - spektroskopi - INFO - Raspberry Pi verisi: Ham=3224, Voltaj=3224.000V
2026-01-23 05:44:08 - spektroskopi - INFO - Raspberry Pi verisi işlendi: SENSOR_EXTRA = 3224.000V
2026-01-23 05:44:08 - spektroskopi - INFO - Raspberry Pi'dan veri alındı: 6e400004-b5a3-f393-e0a9-e50e24dcca9e (Handle: 11): Unknown, uzunluk: 2
2026-01-23 05:44:08 - spektroskopi - INFO - Raspberry Pi verisi: Ham=1899, Voltaj=1899.000V
2026-01-23 05:44:08 - spektroskopi - INFO - Raspberry Pi verisi işlendi: SENSOR_7 = 1899.000V
2026-01-23 05:44:09 - spektroskopi - INFO - Raspberry Pi'dan veri alındı: 6e400003-b5a3-f393-e0a9-e50e24dcca9e (Handle: 8): Nordic UART TX, uzunluk: 2
2026-01-23 05:44:09 - spektroskopi - INFO - Raspberry Pi verisi: Ham=1605, Voltaj=1605.000V
2026-01-23 05:44:09 - spektroskopi - INFO - Raspberry Pi verisi işlendi: SENSOR_5 = 1605.000V
2026-01-23 05:44:09 - spektroskopi - INFO - Raspberry Pi'dan veri alındı: 6e400002-b5a3-f393-e0a9-e50e24dcca9e (Handle: 19): Nordic UART RX, uzunluk: 2
2026-01-23 05:44:09 - spektroskopi - INFO - Raspberry Pi verisi: Ham=3225, Voltaj=3225.000V
2026-01-23 05:44:09 - spektroskopi - INFO - Raspberry Pi verisi işlendi: SENSOR_2 = 3225.000V
2026-01-23 05:44:09 - spektroskopi - WARNING - Zaman sıralama düzeltildi (averaged): 2026-01-23 05:44:09.352724
2026-01-23 05:44:09 - spektroskopi - WARNING - Zaman sıralama düzeltildi (averaged): 2026-01-23 05:44:09.353724
2026-01-23 05:44:09 - spektroskopi - WARNING - Zaman sıralama düzeltildi (averaged): 2026-01-23 05:44:09.354724
2026-01-23 05:44:09 - spektroskopi - WARNING - Zaman sıralama düzeltildi (averaged): 2026-01-23 05:44:09.355724
2026-01-23 05:44:09 - spektroskopi - WARNING - Zaman sıralama düzeltildi (averaged): 2026-01-23 05:44:09.356724
2026-01-23 05:44:09 - spektroskopi - WARNING - RealTimePanel: UV_360nm raw data uzunluk uyumsuzluğu (timestamps: 122, data: 32)
2026-01-23 05:44:09 - spektroskopi - WARNING - RealTimePanel: UV_360nm calibrated data uzunluk uyumsuzluğu (timestamps: 122, data: 32)
2026-01-23 05:44:09 - spektroskopi - WARNING - RealTimePanel: Blue_450nm raw data uzunluk uyumsuzluğu (timestamps: 122, data: 30)
2026-01-23 05:44:09 - spektroskopi - WARNING - RealTimePanel: Blue_450nm calibrated data uzunluk uyumsuzluğu (timestamps: 122, data: 30)
2026-01-23 05:44:09 - spektroskopi - WARNING - RealTimePanel: IR_850nm raw data uzunluk uyumsuzluğu (timestamps: 122, data: 30)
2026-01-23 05:44:09 - spektroskopi - WARNING - RealTimePanel: IR_850nm calibrated data uzunluk uyumsuzluğu (timestamps: 122, data: 30)
2026-01-23 05:44:09 - spektroskopi - WARNING - RealTimePanel: IR_940nm raw data uzunluk uyumsuzluğu (timestamps: 122, data: 30)
2026-01-23 05:44:09 - spektroskopi - WARNING - RealTimePanel: IR_940nm calibrated data uzunluk uyumsuzluğu (timestamps: 122, data: 30)
2026-01-23 05:44:09 - spektroskopi - INFO - Raspberry Pi'dan veri alındı: 6e400005-b5a3-f393-e0a9-e50e24dcca9e (Handle: 16): Unknown, uzunluk: 2
2026-01-23 05:44:09 - spektroskopi - INFO - Raspberry Pi verisi: Ham=3224, Voltaj=3224.000V
2026-01-23 05:44:09 - spektroskopi - INFO - Raspberry Pi verisi işlendi: SENSOR_EXTRA = 3224.000V
2026-01-23 05:44:09 - spektroskopi - INFO - Raspberry Pi'dan veri alındı: 6e400004-b5a3-f393-e0a9-e50e24dcca9e (Handle: 11): Unknown, uzunluk: 2
2026-01-23 05:44:09 - spektroskopi - INFO - Raspberry Pi verisi: Ham=1901, Voltaj=1901.000V
2026-01-23 05:44:09 - spektroskopi - INFO - Raspberry Pi verisi işlendi: SENSOR_7 = 1901.000V
2026-01-23 05:44:10 - spektroskopi - INFO - Raspberry Pi'dan veri alındı: 6e400003-b5a3-f393-e0a9-e50e24dcca9e (Handle: 8): Nordic UART TX, uzunluk: 2
2026-01-23 05:44:10 - spektroskopi - INFO - Raspberry Pi verisi: Ham=1606, Voltaj=1606.000V
2026-01-23 05:44:10 - spektroskopi - INFO - Raspberry Pi verisi işlendi: SENSOR_5 = 1606.000V
2026-01-23 05:44:10 - spektroskopi - INFO - Raspberry Pi'dan veri alındı: 6e400002-b5a3-f393-e0a9-e50e24dcca9e (Handle: 19): Nordic UART RX, uzunluk: 2
2026-01-23 05:44:10 - spektroskopi - INFO - Raspberry Pi verisi: Ham=3223, Voltaj=3223.000V
2026-01-23 05:44:10 - spektroskopi - INFO - Raspberry Pi verisi işlendi: SENSOR_2 = 3223.000V
2026-01-23 05:44:10 - spektroskopi - WARNING - Zaman sıralama düzeltildi (averaged): 2026-01-23 05:44:10.223893
2026-01-23 05:44:10 - spektroskopi - WARNING - Zaman sıralama düzeltildi (averaged): 2026-01-23 05:44:10.224893
2026-01-23 05:44:10 - spektroskopi - WARNING - Zaman sıralama düzeltildi (averaged): 2026-01-23 05:44:10.225893
2026-01-23 05:44:10 - spektroskopi - WARNING - Zaman sıralama düzeltildi (averaged): 2026-01-23 05:44:10.226893
2026-01-23 05:44:10 - spektroskopi - WARNING - RealTimePanel: UV_360nm raw data uzunluk uyumsuzluğu (timestamps: 130, data: 34)
2026-01-23 05:44:10 - spektroskopi - WARNING - RealTimePanel: UV_360nm calibrated data uzunluk uyumsuzluğu (timestamps: 130, data: 34)
2026-01-23 05:44:10 - spektroskopi - WARNING - RealTimePanel: Blue_450nm raw data uzunluk uyumsuzluğu (timestamps: 130, data: 32)
2026-01-23 05:44:10 - spektroskopi - WARNING - RealTimePanel: Blue_450nm calibrated data uzunluk uyumsuzluğu (timestamps: 130, data: 32)
2026-01-23 05:44:10 - spektroskopi - WARNING - RealTimePanel: IR_850nm raw data uzunluk uyumsuzluğu (timestamps: 130, data: 32)
2026-01-23 05:44:10 - spektroskopi - WARNING - RealTimePanel: IR_850nm calibrated data uzunluk uyumsuzluğu (timestamps: 130, data: 32)
2026-01-23 05:44:10 - spektroskopi - WARNING - RealTimePanel: IR_940nm raw data uzunluk uyumsuzluğu (timestamps: 130, data: 32)
2026-01-23 05:44:10 - spektroskopi - WARNING - RealTimePanel: IR_940nm calibrated data uzunluk uyumsuzluğu (timestamps: 130, data: 32)
2026-01-23 05:44:10 - spektroskopi - INFO - Raspberry Pi'dan veri alındı: 6e400005-b5a3-f393-e0a9-e50e24dcca9e (Handle: 16): Unknown, uzunluk: 2
2026-01-23 05:44:10 - spektroskopi - INFO - Raspberry Pi verisi: Ham=3224, Voltaj=3224.000V
2026-01-23 05:44:10 - spektroskopi - INFO - Raspberry Pi verisi işlendi: SENSOR_EXTRA = 3224.000V
2026-01-23 05:44:10 - spektroskopi - INFO - Raspberry Pi'dan veri alındı: 6e400004-b5a3-f393-e0a9-e50e24dcca9e (Handle: 11): Unknown, uzunluk: 2
2026-01-23 05:44:10 - spektroskopi - INFO - Raspberry Pi verisi: Ham=1906, Voltaj=1906.000V
2026-01-23 05:44:10 - spektroskopi - INFO - Raspberry Pi verisi işlendi: SENSOR_7 = 1906.000V
2026-01-23 05:44:11 - spektroskopi - INFO - Raspberry Pi'dan veri alındı: 6e400003-b5a3-f393-e0a9-e50e24dcca9e (Handle: 8): Nordic UART TX, uzunluk: 2
2026-01-23 05:44:11 - spektroskopi - INFO - Raspberry Pi verisi: Ham=1609, Voltaj=1609.000V
2026-01-23 05:44:11 - spektroskopi - INFO - Raspberry Pi verisi işlendi: SENSOR_5 = 1609.000V
2026-01-23 05:44:11 - spektroskopi - INFO - Raspberry Pi'dan veri alındı: 6e400002-b5a3-f393-e0a9-e50e24dcca9e (Handle: 19): Nordic UART RX, uzunluk: 2
2026-01-23 05:44:11 - spektroskopi - INFO - Raspberry Pi verisi: Ham=3224, Voltaj=3224.000V
2026-01-23 05:44:11 - spektroskopi - INFO - Raspberry Pi verisi işlendi: SENSOR_2 = 3224.000V
2026-01-23 05:44:11 - spektroskopi - WARNING - Zaman sıralama düzeltildi (averaged): 2026-01-23 05:44:11.093308
2026-01-23 05:44:11 - spektroskopi - WARNING - Zaman sıralama düzeltildi (averaged): 2026-01-23 05:44:11.094308
2026-01-23 05:44:11 - spektroskopi - WARNING - Zaman sıralama düzeltildi (averaged): 2026-01-23 05:44:11.095308
2026-01-23 05:44:11 - spektroskopi - WARNING - Zaman sıralama düzeltildi (averaged): 2026-01-23 05:44:11.096308
2026-01-23 05:44:11 - spektroskopi - WARNING - RealTimePanel: UV_360nm raw data uzunluk uyumsuzluğu (timestamps: 138, data: 36)
2026-01-23 05:44:11 - spektroskopi - WARNING - RealTimePanel: UV_360nm calibrated data uzunluk uyumsuzluğu (timestamps: 138, data: 36)
2026-01-23 05:44:11 - spektroskopi - WARNING - RealTimePanel: Blue_450nm raw data uzunluk uyumsuzluğu (timestamps: 138, data: 34)
2026-01-23 05:44:11 - spektroskopi - WARNING - RealTimePanel: Blue_450nm calibrated data uzunluk uyumsuzluğu (timestamps: 138, data: 34)
2026-01-23 05:44:11 - spektroskopi - WARNING - RealTimePanel: IR_850nm raw data uzunluk uyumsuzluğu (timestamps: 138, data: 34)
2026-01-23 05:44:11 - spektroskopi - WARNING - RealTimePanel: IR_850nm calibrated data uzunluk uyumsuzluğu (timestamps: 138, data: 34)
2026-01-23 05:44:11 - spektroskopi - WARNING - RealTimePanel: IR_940nm raw data uzunluk uyumsuzluğu (timestamps: 138, data: 34)
2026-01-23 05:44:11 - spektroskopi - WARNING - RealTimePanel: IR_940nm calibrated data uzunluk uyumsuzluğu (timestamps: 138, data: 34)
2026-01-23 05:44:11 - spektroskopi - INFO - Raspberry Pi'dan veri alındı: 6e400005-b5a3-f393-e0a9-e50e24dcca9e (Handle: 16): Unknown, uzunluk: 2
2026-01-23 05:44:11 - spektroskopi - INFO - Raspberry Pi verisi: Ham=3224, Voltaj=3224.000V
2026-01-23 05:44:11 - spektroskopi - INFO - Raspberry Pi verisi işlendi: SENSOR_EXTRA = 3224.000V
2026-01-23 05:44:11 - spektroskopi - INFO - Raspberry Pi'dan veri alındı: 6e400004-b5a3-f393-e0a9-e50e24dcca9e (Handle: 11): Unknown, uzunluk: 2
2026-01-23 05:44:11 - spektroskopi - INFO - Raspberry Pi verisi: Ham=1907, Voltaj=1907.000V
2026-01-23 05:44:11 - spektroskopi - INFO - Raspberry Pi verisi işlendi: SENSOR_7 = 1907.000V
2026-01-23 05:44:11 - spektroskopi - INFO - Raspberry Pi'dan veri alındı: 6e400003-b5a3-f393-e0a9-e50e24dcca9e (Handle: 8): Nordic UART TX, uzunluk: 2
2026-01-23 05:44:11 - spektroskopi - INFO - Raspberry Pi verisi: Ham=1607, Voltaj=1607.000V
2026-01-23 05:44:11 - spektroskopi - INFO - Raspberry Pi verisi işlendi: SENSOR_5 = 1607.000V
2026-01-23 05:44:11 - spektroskopi - INFO - Raspberry Pi'dan veri alındı: 6e400002-b5a3-f393-e0a9-e50e24dcca9e (Handle: 19): Nordic UART RX, uzunluk: 2
2026-01-23 05:44:11 - spektroskopi - INFO - Raspberry Pi verisi: Ham=3224, Voltaj=3224.000V
2026-01-23 05:44:11 - spektroskopi - INFO - Raspberry Pi verisi işlendi: SENSOR_2 = 3224.000V
2026-01-23 05:44:12 - spektroskopi - INFO - Raspberry Pi'dan veri alındı: 6e400005-b5a3-f393-e0a9-e50e24dcca9e (Handle: 16): Unknown, uzunluk: 2
2026-01-23 05:44:12 - spektroskopi - INFO - Raspberry Pi verisi: Ham=3224, Voltaj=3224.000V
2026-01-23 05:44:12 - spektroskopi - INFO - Raspberry Pi verisi işlendi: SENSOR_EXTRA = 3224.000V
2026-01-23 05:44:12 - spektroskopi - WARNING - Zaman sıralama düzeltildi (averaged): 2026-01-23 05:44:12.233666
2026-01-23 05:44:12 - spektroskopi - WARNING - Zaman sıralama düzeltildi (averaged): 2026-01-23 05:44:12.234666
2026-01-23 05:44:12 - spektroskopi - WARNING - Zaman sıralama düzeltildi (averaged): 2026-01-23 05:44:12.235666
2026-01-23 05:44:12 - spektroskopi - WARNING - Zaman sıralama düzeltildi (averaged): 2026-01-23 05:44:12.236666
2026-01-23 05:44:12 - spektroskopi - WARNING - Zaman sıralama düzeltildi (averaged): 2026-01-23 05:44:12.237666
2026-01-23 05:44:12 - spektroskopi - WARNING - RealTimePanel: UV_360nm raw data uzunluk uyumsuzluğu (timestamps: 148, data: 38)
2026-01-23 05:44:12 - spektroskopi - WARNING - RealTimePanel: UV_360nm calibrated data uzunluk uyumsuzluğu (timestamps: 148, data: 38)
2026-01-23 05:44:12 - spektroskopi - WARNING - RealTimePanel: Blue_450nm raw data uzunluk uyumsuzluğu (timestamps: 148, data: 38)
2026-01-23 05:44:12 - spektroskopi - WARNING - RealTimePanel: Blue_450nm calibrated data uzunluk uyumsuzluğu (timestamps: 148, data: 38)
2026-01-23 05:44:12 - spektroskopi - WARNING - RealTimePanel: IR_850nm raw data uzunluk uyumsuzluğu (timestamps: 148, data: 36)
2026-01-23 05:44:12 - spektroskopi - WARNING - RealTimePanel: IR_850nm calibrated data uzunluk uyumsuzluğu (timestamps: 148, data: 36)
2026-01-23 05:44:12 - spektroskopi - WARNING - RealTimePanel: IR_940nm raw data uzunluk uyumsuzluğu (timestamps: 148, data: 36)
2026-01-23 05:44:12 - spektroskopi - WARNING - RealTimePanel: IR_940nm calibrated data uzunluk uyumsuzluğu (timestamps: 148, data: 36)
2026-01-23 05:44:12 - spektroskopi - INFO - Raspberry Pi'dan veri alındı: 6e400004-b5a3-f393-e0a9-e50e24dcca9e (Handle: 11): Unknown, uzunluk: 2
2026-01-23 05:44:12 - spektroskopi - INFO - Raspberry Pi verisi: Ham=1908, Voltaj=1908.000V
2026-01-23 05:44:12 - spektroskopi - INFO - Raspberry Pi verisi işlendi: SENSOR_7 = 1908.000V
2026-01-23 05:44:12 - spektroskopi - INFO - Raspberry Pi'dan veri alındı: 6e400003-b5a3-f393-e0a9-e50e24dcca9e (Handle: 8): Nordic UART TX, uzunluk: 2
2026-01-23 05:44:12 - spektroskopi - INFO - Raspberry Pi verisi: Ham=1606, Voltaj=1606.000V
2026-01-23 05:44:12 - spektroskopi - INFO - Raspberry Pi verisi işlendi: SENSOR_5 = 1606.000V
2026-01-23 05:44:12 - spektroskopi - INFO - Raspberry Pi'dan veri alındı: 6e400002-b5a3-f393-e0a9-e50e24dcca9e (Handle: 19): Nordic UART RX, uzunluk: 2
2026-01-23 05:44:12 - spektroskopi - INFO - Raspberry Pi verisi: Ham=3223, Voltaj=3223.000V
2026-01-23 05:44:12 - spektroskopi - INFO - Raspberry Pi verisi işlendi: SENSOR_2 = 3223.000V
2026-01-23 05:44:13 - spektroskopi - INFO - Raspberry Pi'dan veri alındı: 6e400005-b5a3-f393-e0a9-e50e24dcca9e (Handle: 16): Unknown, uzunluk: 2
2026-01-23 05:44:13 - spektroskopi - INFO - Raspberry Pi verisi: Ham=3225, Voltaj=3225.000V
2026-01-23 05:44:13 - spektroskopi - INFO - Raspberry Pi verisi işlendi: SENSOR_EXTRA = 3225.000V
2026-01-23 05:44:13 - spektroskopi - INFO - Raspberry Pi'dan veri alındı: 6e400004-b5a3-f393-e0a9-e50e24dcca9e (Handle: 11): Unknown, uzunluk: 2
2026-01-23 05:44:13 - spektroskopi - INFO - Raspberry Pi verisi: Ham=1912, Voltaj=1912.000V
2026-01-23 05:44:13 - spektroskopi - INFO - Raspberry Pi verisi işlendi: SENSOR_7 = 1912.000V
2026-01-23 05:44:13 - spektroskopi - WARNING - Zaman sıralama düzeltildi (averaged): 2026-01-23 05:44:13.372687
2026-01-23 05:44:13 - spektroskopi - WARNING - Zaman sıralama düzeltildi (averaged): 2026-01-23 05:44:13.373687
2026-01-23 05:44:13 - spektroskopi - WARNING - Zaman sıralama düzeltildi (averaged): 2026-01-23 05:44:13.374687
2026-01-23 05:44:13 - spektroskopi - WARNING - Zaman sıralama düzeltildi (averaged): 2026-01-23 05:44:13.375687
2026-01-23 05:44:13 - spektroskopi - WARNING - Zaman sıralama düzeltildi (averaged): 2026-01-23 05:44:13.376687
2026-01-23 05:44:13 - spektroskopi - WARNING - RealTimePanel: UV_360nm raw data uzunluk uyumsuzluğu (timestamps: 158, data: 40)
2026-01-23 05:44:13 - spektroskopi - WARNING - RealTimePanel: UV_360nm calibrated data uzunluk uyumsuzluğu (timestamps: 158, data: 40)
2026-01-23 05:44:13 - spektroskopi - WARNING - RealTimePanel: Blue_450nm raw data uzunluk uyumsuzluğu (timestamps: 158, data: 40)
2026-01-23 05:44:13 - spektroskopi - WARNING - RealTimePanel: Blue_450nm calibrated data uzunluk uyumsuzluğu (timestamps: 158, data: 40)
2026-01-23 05:44:13 - spektroskopi - WARNING - RealTimePanel: IR_850nm raw data uzunluk uyumsuzluğu (timestamps: 158, data: 40)
2026-01-23 05:44:13 - spektroskopi - WARNING - RealTimePanel: IR_850nm calibrated data uzunluk uyumsuzluğu (timestamps: 158, data: 40)
2026-01-23 05:44:13 - spektroskopi - WARNING - RealTimePanel: IR_940nm raw data uzunluk uyumsuzluğu (timestamps: 158, data: 38)
2026-01-23 05:44:13 - spektroskopi - WARNING - RealTimePanel: IR_940nm calibrated data uzunluk uyumsuzluğu (timestamps: 158, data: 38)
2026-01-23 05:44:13 - spektroskopi - INFO - Raspberry Pi'dan veri alındı: 6e400003-b5a3-f393-e0a9-e50e24dcca9e (Handle: 8): Nordic UART TX, uzunluk: 2
2026-01-23 05:44:13 - spektroskopi - INFO - Raspberry Pi verisi: Ham=1608, Voltaj=1608.000V
2026-01-23 05:44:13 - spektroskopi - INFO - Raspberry Pi verisi işlendi: SENSOR_5 = 1608.000V
2026-01-23 05:44:13 - spektroskopi - INFO - Raspberry Pi'dan veri alındı: 6e400002-b5a3-f393-e0a9-e50e24dcca9e (Handle: 19): Nordic UART RX, uzunluk: 2
2026-01-23 05:44:13 - spektroskopi - INFO - Raspberry Pi verisi: Ham=3226, Voltaj=3226.000V
2026-01-23 05:44:13 - spektroskopi - INFO - Raspberry Pi verisi işlendi: SENSOR_2 = 3226.000V
2026-01-23 05:44:14 - spektroskopi - INFO - Raspberry Pi'dan veri alındı: 6e400005-b5a3-f393-e0a9-e50e24dcca9e (Handle: 16): Unknown, uzunluk: 2
2026-01-23 05:44:14 - spektroskopi - INFO - Raspberry Pi verisi: Ham=3224, Voltaj=3224.000V
2026-01-23 05:44:14 - spektroskopi - INFO - Raspberry Pi verisi işlendi: SENSOR_EXTRA = 3224.000V
2026-01-23 05:44:14 - spektroskopi - INFO - Raspberry Pi'dan veri alındı: 6e400004-b5a3-f393-e0a9-e50e24dcca9e (Handle: 11): Unknown, uzunluk: 2
2026-01-23 05:44:14 - spektroskopi - INFO - Raspberry Pi verisi: Ham=1908, Voltaj=1908.000V
2026-01-23 05:44:14 - spektroskopi - INFO - Raspberry Pi verisi işlendi: SENSOR_7 = 1908.000V
2026-01-23 05:44:14 - spektroskopi - WARNING - Zaman sıralama düzeltildi (averaged): 2026-01-23 05:44:14.243542
2026-01-23 05:44:14 - spektroskopi - WARNING - Zaman sıralama düzeltildi (averaged): 2026-01-23 05:44:14.244542
2026-01-23 05:44:14 - spektroskopi - WARNING - Zaman sıralama düzeltildi (averaged): 2026-01-23 05:44:14.245542
2026-01-23 05:44:14 - spektroskopi - WARNING - Zaman sıralama düzeltildi (averaged): 2026-01-23 05:44:14.246542
2026-01-23 05:44:14 - spektroskopi - WARNING - RealTimePanel: UV_360nm raw data uzunluk uyumsuzluğu (timestamps: 166, data: 42)
2026-01-23 05:44:14 - spektroskopi - WARNING - RealTimePanel: UV_360nm calibrated data uzunluk uyumsuzluğu (timestamps: 166, data: 42)
2026-01-23 05:44:14 - spektroskopi - WARNING - RealTimePanel: Blue_450nm raw data uzunluk uyumsuzluğu (timestamps: 166, data: 42)
2026-01-23 05:44:14 - spektroskopi - WARNING - RealTimePanel: Blue_450nm calibrated data uzunluk uyumsuzluğu (timestamps: 166, data: 42)
2026-01-23 05:44:14 - spektroskopi - WARNING - RealTimePanel: IR_850nm raw data uzunluk uyumsuzluğu (timestamps: 166, data: 42)
2026-01-23 05:44:14 - spektroskopi - WARNING - RealTimePanel: IR_850nm calibrated data uzunluk uyumsuzluğu (timestamps: 166, data: 42)
2026-01-23 05:44:14 - spektroskopi - WARNING - RealTimePanel: IR_940nm raw data uzunluk uyumsuzluğu (timestamps: 166, data: 40)
2026-01-23 05:44:14 - spektroskopi - WARNING - RealTimePanel: IR_940nm calibrated data uzunluk uyumsuzluğu (timestamps: 166, data: 40)
2026-01-23 05:44:14 - spektroskopi - INFO - Raspberry Pi'dan veri alındı: 6e400003-b5a3-f393-e0a9-e50e24dcca9e (Handle: 8): Nordic UART TX, uzunluk: 2
2026-01-23 05:44:14 - spektroskopi - INFO - Raspberry Pi verisi: Ham=1608, Voltaj=1608.000V
2026-01-23 05:44:14 - spektroskopi - INFO - Raspberry Pi verisi işlendi: SENSOR_5 = 1608.000V
2026-01-23 05:44:14 - spektroskopi - INFO - Raspberry Pi'dan veri alındı: 6e400002-b5a3-f393-e0a9-e50e24dcca9e (Handle: 19): Nordic UART RX, uzunluk: 2
2026-01-23 05:44:14 - spektroskopi - INFO - Raspberry Pi verisi: Ham=3223, Voltaj=3223.000V
2026-01-23 05:44:14 - spektroskopi - INFO - Raspberry Pi verisi işlendi: SENSOR_2 = 3223.000V
2026-01-23 05:44:14 - spektroskopi - INFO - Raspberry Pi'dan veri alındı: 6e400005-b5a3-f393-e0a9-e50e24dcca9e (Handle: 16): Unknown, uzunluk: 2
2026-01-23 05:44:14 - spektroskopi - INFO - Raspberry Pi verisi: Ham=3224, Voltaj=3224.000V
2026-01-23 05:44:14 - spektroskopi - INFO - Raspberry Pi verisi işlendi: SENSOR_EXTRA = 3224.000V
2026-01-23 05:44:15 - spektroskopi - INFO - Raspberry Pi'dan veri alındı: 6e400004-b5a3-f393-e0a9-e50e24dcca9e (Handle: 11): Unknown, uzunluk: 2
2026-01-23 05:44:15 - spektroskopi - INFO - Raspberry Pi verisi: Ham=1907, Voltaj=1907.000V
2026-01-23 05:44:15 - spektroskopi - INFO - Raspberry Pi verisi işlendi: SENSOR_7 = 1907.000V
2026-01-23 05:44:15 - spektroskopi - INFO - Raspberry Pi'dan veri alındı: 6e400003-b5a3-f393-e0a9-e50e24dcca9e (Handle: 8): Nordic UART TX, uzunluk: 2
2026-01-23 05:44:15 - spektroskopi - INFO - Raspberry Pi verisi: Ham=1611, Voltaj=1611.000V
2026-01-23 05:44:15 - spektroskopi - INFO - Raspberry Pi verisi işlendi: SENSOR_5 = 1611.000V
2026-01-23 05:44:15 - spektroskopi - WARNING - Zaman sıralama düzeltildi (averaged): 2026-01-23 05:44:15.382445
2026-01-23 05:44:15 - spektroskopi - WARNING - Zaman sıralama düzeltildi (averaged): 2026-01-23 05:44:15.383445
2026-01-23 05:44:15 - spektroskopi - WARNING - Zaman sıralama düzeltildi (averaged): 2026-01-23 05:44:15.384445
2026-01-23 05:44:15 - spektroskopi - WARNING - Zaman sıralama düzeltildi (averaged): 2026-01-23 05:44:15.385445
2026-01-23 05:44:15 - spektroskopi - WARNING - Zaman sıralama düzeltildi (averaged): 2026-01-23 05:44:15.386445
2026-01-23 05:44:15 - spektroskopi - WARNING - RealTimePanel: UV_360nm raw data uzunluk uyumsuzluğu (timestamps: 176, data: 44)
2026-01-23 05:44:15 - spektroskopi - WARNING - RealTimePanel: UV_360nm calibrated data uzunluk uyumsuzluğu (timestamps: 176, data: 44)
2026-01-23 05:44:15 - spektroskopi - WARNING - RealTimePanel: Blue_450nm raw data uzunluk uyumsuzluğu (timestamps: 176, data: 44)
2026-01-23 05:44:15 - spektroskopi - WARNING - RealTimePanel: Blue_450nm calibrated data uzunluk uyumsuzluğu (timestamps: 176, data: 44)
2026-01-23 05:44:15 - spektroskopi - WARNING - RealTimePanel: IR_850nm raw data uzunluk uyumsuzluğu (timestamps: 176, data: 44)
2026-01-23 05:44:15 - spektroskopi - WARNING - RealTimePanel: IR_850nm calibrated data uzunluk uyumsuzluğu (timestamps: 176, data: 44)
2026-01-23 05:44:15 - spektroskopi - WARNING - RealTimePanel: IR_940nm raw data uzunluk uyumsuzluğu (timestamps: 176, data: 44)
2026-01-23 05:44:15 - spektroskopi - WARNING - RealTimePanel: IR_940nm calibrated data uzunluk uyumsuzluğu (timestamps: 176, data: 44)
2026-01-23 05:44:15 - spektroskopi - INFO - Raspberry Pi'dan veri alındı: 6e400002-b5a3-f393-e0a9-e50e24dcca9e (Handle: 19): Nordic UART RX, uzunluk: 2
2026-01-23 05:44:15 - spektroskopi - INFO - Raspberry Pi verisi: Ham=3213, Voltaj=3213.000V
2026-01-23 05:44:15 - spektroskopi - INFO - Raspberry Pi verisi işlendi: SENSOR_2 = 3213.000V
2026-01-23 05:44:15 - spektroskopi - INFO - Raspberry Pi'dan veri alındı: 6e400005-b5a3-f393-e0a9-e50e24dcca9e (Handle: 16): Unknown, uzunluk: 2
2026-01-23 05:44:15 - spektroskopi - INFO - Raspberry Pi verisi: Ham=3224, Voltaj=3224.000V
2026-01-23 05:44:15 - spektroskopi - INFO - Raspberry Pi verisi işlendi: SENSOR_EXTRA = 3224.000V
2026-01-23 05:44:16 - spektroskopi - INFO - Raspberry Pi'dan veri alındı: 6e400004-b5a3-f393-e0a9-e50e24dcca9e (Handle: 11): Unknown, uzunluk: 2
2026-01-23 05:44:16 - spektroskopi - INFO - Raspberry Pi verisi: Ham=1906, Voltaj=1906.000V
2026-01-23 05:44:16 - spektroskopi - INFO - Raspberry Pi verisi işlendi: SENSOR_7 = 1906.000V
2026-01-23 05:44:16 - spektroskopi - INFO - Raspberry Pi'dan veri alındı: 6e400003-b5a3-f393-e0a9-e50e24dcca9e (Handle: 8): Nordic UART TX, uzunluk: 2
2026-01-23 05:44:16 - spektroskopi - INFO - Raspberry Pi verisi: Ham=1608, Voltaj=1608.000V
2026-01-23 05:44:16 - spektroskopi - INFO - Raspberry Pi verisi işlendi: SENSOR_5 = 1608.000V
2026-01-23 05:44:16 - spektroskopi - INFO - Raspberry Pi'dan veri alındı: 6e400002-b5a3-f393-e0a9-e50e24dcca9e (Handle: 19): Nordic UART RX, uzunluk: 2
2026-01-23 05:44:16 - spektroskopi - INFO - Raspberry Pi verisi: Ham=3214, Voltaj=3214.000V
2026-01-23 05:44:16 - spektroskopi - INFO - Raspberry Pi verisi işlendi: SENSOR_2 = 3214.000V
2026-01-23 05:44:16 - spektroskopi - WARNING - Zaman sıralama düzeltildi (averaged): 2026-01-23 05:44:16.372642
2026-01-23 05:44:16 - spektroskopi - WARNING - Zaman sıralama düzeltildi (averaged): 2026-01-23 05:44:16.373642
2026-01-23 05:44:16 - spektroskopi - WARNING - Zaman sıralama düzeltildi (averaged): 2026-01-23 05:44:16.374642
2026-01-23 05:44:16 - spektroskopi - WARNING - Zaman sıralama düzeltildi (averaged): 2026-01-23 05:44:16.375642
2026-01-23 05:44:16 - spektroskopi - WARNING - Zaman sıralama düzeltildi (averaged): 2026-01-23 05:44:16.376642
2026-01-23 05:44:16 - spektroskopi - WARNING - RealTimePanel: UV_360nm raw data uzunluk uyumsuzluğu (timestamps: 186, data: 48)
2026-01-23 05:44:16 - spektroskopi - WARNING - RealTimePanel: UV_360nm calibrated data uzunluk uyumsuzluğu (timestamps: 186, data: 48)
2026-01-23 05:44:16 - spektroskopi - WARNING - RealTimePanel: Blue_450nm raw data uzunluk uyumsuzluğu (timestamps: 186, data: 46)
2026-01-23 05:44:16 - spektroskopi - WARNING - RealTimePanel: Blue_450nm calibrated data uzunluk uyumsuzluğu (timestamps: 186, data: 46)
2026-01-23 05:44:16 - spektroskopi - WARNING - RealTimePanel: IR_850nm raw data uzunluk uyumsuzluğu (timestamps: 186, data: 46)
2026-01-23 05:44:16 - spektroskopi - WARNING - RealTimePanel: IR_850nm calibrated data uzunluk uyumsuzluğu (timestamps: 186, data: 46)
2026-01-23 05:44:16 - spektroskopi - WARNING - RealTimePanel: IR_940nm raw data uzunluk uyumsuzluğu (timestamps: 186, data: 46)
2026-01-23 05:44:16 - spektroskopi - WARNING - RealTimePanel: IR_940nm calibrated data uzunluk uyumsuzluğu (timestamps: 186, data: 46)
2026-01-23 05:44:16 - spektroskopi - INFO - Raspberry Pi'dan veri alındı: 6e400005-b5a3-f393-e0a9-e50e24dcca9e (Handle: 16): Unknown, uzunluk: 2
2026-01-23 05:44:16 - spektroskopi - INFO - Raspberry Pi verisi: Ham=3225, Voltaj=3225.000V
2026-01-23 05:44:16 - spektroskopi - INFO - Raspberry Pi verisi işlendi: SENSOR_EXTRA = 3225.000V
2026-01-23 05:44:16 - spektroskopi - INFO - Raspberry Pi'dan veri alındı: 6e400004-b5a3-f393-e0a9-e50e24dcca9e (Handle: 11): Unknown, uzunluk: 2
2026-01-23 05:44:16 - spektroskopi - INFO - Raspberry Pi verisi: Ham=1910, Voltaj=1910.000V
2026-01-23 05:44:16 - spektroskopi - INFO - Raspberry Pi verisi işlendi: SENSOR_7 = 1910.000V
2026-01-23 05:44:17 - spektroskopi - INFO - Raspberry Pi'dan veri alındı: 6e400003-b5a3-f393-e0a9-e50e24dcca9e (Handle: 8): Nordic UART TX, uzunluk: 2
2026-01-23 05:44:17 - spektroskopi - INFO - Raspberry Pi verisi: Ham=1607, Voltaj=1607.000V
2026-01-23 05:44:17 - spektroskopi - INFO - Raspberry Pi verisi işlendi: SENSOR_5 = 1607.000V
2026-01-23 05:44:17 - spektroskopi - INFO - Raspberry Pi'dan veri alındı: 6e400002-b5a3-f393-e0a9-e50e24dcca9e (Handle: 19): Nordic UART RX, uzunluk: 2
2026-01-23 05:44:17 - spektroskopi - INFO - Raspberry Pi verisi: Ham=3214, Voltaj=3214.000V
2026-01-23 05:44:17 - spektroskopi - INFO - Raspberry Pi verisi işlendi: SENSOR_2 = 3214.000V
2026-01-23 05:44:17 - spektroskopi - WARNING - Zaman sıralama düzeltildi (averaged): 2026-01-23 05:44:17.272745
2026-01-23 05:44:17 - spektroskopi - WARNING - Zaman sıralama düzeltildi (averaged): 2026-01-23 05:44:17.273745
2026-01-23 05:44:17 - spektroskopi - WARNING - Zaman sıralama düzeltildi (averaged): 2026-01-23 05:44:17.274745
2026-01-23 05:44:17 - spektroskopi - WARNING - Zaman sıralama düzeltildi (averaged): 2026-01-23 05:44:17.275745
2026-01-23 05:44:17 - spektroskopi - WARNING - RealTimePanel: UV_360nm raw data uzunluk uyumsuzluğu (timestamps: 194, data: 50)
2026-01-23 05:44:17 - spektroskopi - WARNING - RealTimePanel: UV_360nm calibrated data uzunluk uyumsuzluğu (timestamps: 194, data: 50)
2026-01-23 05:44:17 - spektroskopi - WARNING - RealTimePanel: Blue_450nm raw data uzunluk uyumsuzluğu (timestamps: 194, data: 48)
2026-01-23 05:44:17 - spektroskopi - WARNING - RealTimePanel: Blue_450nm calibrated data uzunluk uyumsuzluğu (timestamps: 194, data: 48)
2026-01-23 05:44:17 - spektroskopi - WARNING - RealTimePanel: IR_850nm raw data uzunluk uyumsuzluğu (timestamps: 194, data: 48)
2026-01-23 05:44:17 - spektroskopi - WARNING - RealTimePanel: IR_850nm calibrated data uzunluk uyumsuzluğu (timestamps: 194, data: 48)
2026-01-23 05:44:17 - spektroskopi - WARNING - RealTimePanel: IR_940nm raw data uzunluk uyumsuzluğu (timestamps: 194, data: 48)
2026-01-23 05:44:17 - spektroskopi - WARNING - RealTimePanel: IR_940nm calibrated data uzunluk uyumsuzluğu (timestamps: 194, data: 48)
2026-01-23 05:44:17 - spektroskopi - INFO - Raspberry Pi'dan veri alındı: 6e400005-b5a3-f393-e0a9-e50e24dcca9e (Handle: 16): Unknown, uzunluk: 2
2026-01-23 05:44:17 - spektroskopi - INFO - Raspberry Pi verisi: Ham=3223, Voltaj=3223.000V
2026-01-23 05:44:17 - spektroskopi - INFO - Raspberry Pi verisi işlendi: SENSOR_EXTRA = 3223.000V
2026-01-23 05:44:17 - spektroskopi - INFO - Raspberry Pi'dan veri alındı: 6e400004-b5a3-f393-e0a9-e50e24dcca9e (Handle: 11): Unknown, uzunluk: 2
2026-01-23 05:44:17 - spektroskopi - INFO - Raspberry Pi verisi: Ham=1909, Voltaj=1909.000V
2026-01-23 05:44:17 - spektroskopi - INFO - Raspberry Pi verisi işlendi: SENSOR_7 = 1909.000V
2026-01-23 05:44:18 - spektroskopi - INFO - Raspberry Pi'dan veri alındı: 6e400003-b5a3-f393-e0a9-e50e24dcca9e (Handle: 8): Nordic UART TX, uzunluk: 2
2026-01-23 05:44:18 - spektroskopi - INFO - Raspberry Pi verisi: Ham=1610, Voltaj=1610.000V
2026-01-23 05:44:18 - spektroskopi - INFO - Raspberry Pi verisi işlendi: SENSOR_5 = 1610.000V
2026-01-23 05:44:18 - spektroskopi - INFO - Raspberry Pi'dan veri alındı: 6e400002-b5a3-f393-e0a9-e50e24dcca9e (Handle: 19): Nordic UART RX, uzunluk: 2
2026-01-23 05:44:18 - spektroskopi - INFO - Raspberry Pi verisi: Ham=3224, Voltaj=3224.000V
2026-01-23 05:44:18 - spektroskopi - INFO - Raspberry Pi verisi işlendi: SENSOR_2 = 3224.000V
2026-01-23 05:44:18 - spektroskopi - WARNING - Zaman sıralama düzeltildi (averaged): 2026-01-23 05:44:18.143478
2026-01-23 05:44:18 - spektroskopi - WARNING - Zaman sıralama düzeltildi (averaged): 2026-01-23 05:44:18.144478
2026-01-23 05:44:18 - spektroskopi - WARNING - Zaman sıralama düzeltildi (averaged): 2026-01-23 05:44:18.145478
2026-01-23 05:44:18 - spektroskopi - WARNING - Zaman sıralama düzeltildi (averaged): 2026-01-23 05:44:18.146478
2026-01-23 05:44:18 - spektroskopi - WARNING - RealTimePanel: UV_360nm raw data uzunluk uyumsuzluğu (timestamps: 202, data: 52)
2026-01-23 05:44:18 - spektroskopi - WARNING - RealTimePanel: UV_360nm calibrated data uzunluk uyumsuzluğu (timestamps: 202, data: 52)
2026-01-23 05:44:18 - spektroskopi - WARNING - RealTimePanel: Blue_450nm raw data uzunluk uyumsuzluğu (timestamps: 202, data: 50)
2026-01-23 05:44:18 - spektroskopi - WARNING - RealTimePanel: Blue_450nm calibrated data uzunluk uyumsuzluğu (timestamps: 202, data: 50)
2026-01-23 05:44:18 - spektroskopi - WARNING - RealTimePanel: IR_850nm raw data uzunluk uyumsuzluğu (timestamps: 202, data: 50)
2026-01-23 05:44:18 - spektroskopi - WARNING - RealTimePanel: IR_850nm calibrated data uzunluk uyumsuzluğu (timestamps: 202, data: 50)
2026-01-23 05:44:18 - spektroskopi - WARNING - RealTimePanel: IR_940nm raw data uzunluk uyumsuzluğu (timestamps: 202, data: 50)
2026-01-23 05:44:18 - spektroskopi - WARNING - RealTimePanel: IR_940nm calibrated data uzunluk uyumsuzluğu (timestamps: 202, data: 50)
2026-01-23 05:44:18 - spektroskopi - INFO - Raspberry Pi'dan veri alındı: 6e400005-b5a3-f393-e0a9-e50e24dcca9e (Handle: 16): Unknown, uzunluk: 2
2026-01-23 05:44:18 - spektroskopi - INFO - Raspberry Pi verisi: Ham=3224, Voltaj=3224.000V
2026-01-23 05:44:18 - spektroskopi - INFO - Raspberry Pi verisi işlendi: SENSOR_EXTRA = 3224.000V
2026-01-23 05:44:18 - spektroskopi - INFO - Raspberry Pi'dan veri alındı: 6e400004-b5a3-f393-e0a9-e50e24dcca9e (Handle: 11): Unknown, uzunluk: 2
2026-01-23 05:44:18 - spektroskopi - INFO - Raspberry Pi verisi: Ham=1911, Voltaj=1911.000V
2026-01-23 05:44:18 - spektroskopi - INFO - Raspberry Pi verisi işlendi: SENSOR_7 = 1911.000V
2026-01-23 05:44:18 - spektroskopi - INFO - Raspberry Pi'dan veri alındı: 6e400003-b5a3-f393-e0a9-e50e24dcca9e (Handle: 8): Nordic UART TX, uzunluk: 2
2026-01-23 05:44:18 - spektroskopi - INFO - Raspberry Pi verisi: Ham=1609, Voltaj=1609.000V
2026-01-23 05:44:18 - spektroskopi - INFO - Raspberry Pi verisi işlendi: SENSOR_5 = 1609.000V
2026-01-23 05:44:19 - spektroskopi - INFO - Raspberry Pi'dan veri alındı: 6e400002-b5a3-f393-e0a9-e50e24dcca9e (Handle: 19): Nordic UART RX, uzunluk: 2
2026-01-23 05:44:19 - spektroskopi - INFO - Raspberry Pi verisi: Ham=3225, Voltaj=3225.000V
2026-01-23 05:44:19 - spektroskopi - INFO - Raspberry Pi verisi işlendi: SENSOR_2 = 3225.000V
2026-01-23 05:44:19 - spektroskopi - INFO - Raspberry Pi'dan veri alındı: 6e400005-b5a3-f393-e0a9-e50e24dcca9e (Handle: 16): Unknown, uzunluk: 2
2026-01-23 05:44:19 - spektroskopi - INFO - Raspberry Pi verisi: Ham=3223, Voltaj=3223.000V
2026-01-23 05:44:19 - spektroskopi - INFO - Raspberry Pi verisi işlendi: SENSOR_EXTRA = 3223.000V
2026-01-23 05:44:19 - spektroskopi - WARNING - Zaman sıralama düzeltildi (averaged): 2026-01-23 05:44:19.282652
2026-01-23 05:44:19 - spektroskopi - WARNING - Zaman sıralama düzeltildi (averaged): 2026-01-23 05:44:19.283652
2026-01-23 05:44:19 - spektroskopi - WARNING - Zaman sıralama düzeltildi (averaged): 2026-01-23 05:44:19.284652
2026-01-23 05:44:19 - spektroskopi - WARNING - Zaman sıralama düzeltildi (averaged): 2026-01-23 05:44:19.285652
2026-01-23 05:44:19 - spektroskopi - WARNING - Zaman sıralama düzeltildi (averaged): 2026-01-23 05:44:19.286652
2026-01-23 05:44:19 - spektroskopi - WARNING - RealTimePanel: UV_360nm raw data uzunluk uyumsuzluğu (timestamps: 212, data: 54)
2026-01-23 05:44:19 - spektroskopi - WARNING - RealTimePanel: UV_360nm calibrated data uzunluk uyumsuzluğu (timestamps: 212, data: 54)
2026-01-23 05:44:19 - spektroskopi - WARNING - RealTimePanel: Blue_450nm raw data uzunluk uyumsuzluğu (timestamps: 212, data: 54)
2026-01-23 05:44:19 - spektroskopi - WARNING - RealTimePanel: Blue_450nm calibrated data uzunluk uyumsuzluğu (timestamps: 212, data: 54)
2026-01-23 05:44:19 - spektroskopi - WARNING - RealTimePanel: IR_850nm raw data uzunluk uyumsuzluğu (timestamps: 212, data: 52)
2026-01-23 05:44:19 - spektroskopi - WARNING - RealTimePanel: IR_850nm calibrated data uzunluk uyumsuzluğu (timestamps: 212, data: 52)
2026-01-23 05:44:19 - spektroskopi - WARNING - RealTimePanel: IR_940nm raw data uzunluk uyumsuzluğu (timestamps: 212, data: 52)
2026-01-23 05:44:19 - spektroskopi - WARNING - RealTimePanel: IR_940nm calibrated data uzunluk uyumsuzluğu (timestamps: 212, data: 52)
2026-01-23 05:44:19 - spektroskopi - INFO - Raspberry Pi'dan veri alındı: 6e400004-b5a3-f393-e0a9-e50e24dcca9e (Handle: 11): Unknown, uzunluk: 2
2026-01-23 05:44:19 - spektroskopi - INFO - Raspberry Pi verisi: Ham=1910, Voltaj=1910.000V
2026-01-23 05:44:19 - spektroskopi - INFO - Raspberry Pi verisi işlendi: SENSOR_7 = 1910.000V
2026-01-23 05:44:19 - spektroskopi - INFO - Raspberry Pi'dan veri alındı: 6e400003-b5a3-f393-e0a9-e50e24dcca9e (Handle: 8): Nordic UART TX, uzunluk: 2
2026-01-23 05:44:19 - spektroskopi - INFO - Raspberry Pi verisi: Ham=1609, Voltaj=1609.000V
2026-01-23 05:44:19 - spektroskopi - INFO - Raspberry Pi verisi işlendi: SENSOR_5 = 1609.000V
2026-01-23 05:44:19 - spektroskopi - INFO - Raspberry Pi'dan veri alındı: 6e400002-b5a3-f393-e0a9-e50e24dcca9e (Handle: 19): Nordic UART RX, uzunluk: 2
2026-01-23 05:44:19 - spektroskopi - INFO - Raspberry Pi verisi: Ham=3224, Voltaj=3224.000V
2026-01-23 05:44:19 - spektroskopi - INFO - Raspberry Pi verisi işlendi: SENSOR_2 = 3224.000V
2026-01-23 05:44:20 - spektroskopi - INFO - Raspberry Pi'dan veri alındı: 6e400005-b5a3-f393-e0a9-e50e24dcca9e (Handle: 16): Unknown, uzunluk: 2
2026-01-23 05:44:20 - spektroskopi - INFO - Raspberry Pi verisi: Ham=3225, Voltaj=3225.000V
2026-01-23 05:44:20 - spektroskopi - INFO - Raspberry Pi verisi işlendi: SENSOR_EXTRA = 3225.000V
2026-01-23 05:44:20 - spektroskopi - WARNING - Zaman sıralama düzeltildi (averaged): 2026-01-23 05:44:20.156152
2026-01-23 05:44:20 - spektroskopi - WARNING - Zaman sıralama düzeltildi (averaged): 2026-01-23 05:44:20.157152
2026-01-23 05:44:20 - spektroskopi - WARNING - Zaman sıralama düzeltildi (averaged): 2026-01-23 05:44:20.158152
2026-01-23 05:44:20 - spektroskopi - WARNING - Zaman sıralama düzeltildi (averaged): 2026-01-23 05:44:20.159152
2026-01-23 05:44:20 - spektroskopi - WARNING - RealTimePanel: UV_360nm raw data uzunluk uyumsuzluğu (timestamps: 220, data: 56)
2026-01-23 05:44:20 - spektroskopi - WARNING - RealTimePanel: UV_360nm calibrated data uzunluk uyumsuzluğu (timestamps: 220, data: 56)
2026-01-23 05:44:20 - spektroskopi - WARNING - RealTimePanel: Blue_450nm raw data uzunluk uyumsuzluğu (timestamps: 220, data: 56)
2026-01-23 05:44:20 - spektroskopi - WARNING - RealTimePanel: Blue_450nm calibrated data uzunluk uyumsuzluğu (timestamps: 220, data: 56)
2026-01-23 05:44:20 - spektroskopi - WARNING - RealTimePanel: IR_850nm raw data uzunluk uyumsuzluğu (timestamps: 220, data: 54)
2026-01-23 05:44:20 - spektroskopi - WARNING - RealTimePanel: IR_850nm calibrated data uzunluk uyumsuzluğu (timestamps: 220, data: 54)
2026-01-23 05:44:20 - spektroskopi - WARNING - RealTimePanel: IR_940nm raw data uzunluk uyumsuzluğu (timestamps: 220, data: 54)
2026-01-23 05:44:20 - spektroskopi - WARNING - RealTimePanel: IR_940nm calibrated data uzunluk uyumsuzluğu (timestamps: 220, data: 54)
2026-01-23 05:44:20 - spektroskopi - INFO - Raspberry Pi'dan veri alındı: 6e400004-b5a3-f393-e0a9-e50e24dcca9e (Handle: 11): Unknown, uzunluk: 2
2026-01-23 05:44:20 - spektroskopi - INFO - Raspberry Pi verisi: Ham=1910, Voltaj=1910.000V
2026-01-23 05:44:20 - spektroskopi - INFO - Raspberry Pi verisi işlendi: SENSOR_7 = 1910.000V
2026-01-23 05:44:20 - spektroskopi - INFO - Raspberry Pi'dan veri alındı: 6e400003-b5a3-f393-e0a9-e50e24dcca9e (Handle: 8): Nordic UART TX, uzunluk: 2
2026-01-23 05:44:20 - spektroskopi - INFO - Raspberry Pi verisi: Ham=1608, Voltaj=1608.000V
2026-01-23 05:44:20 - spektroskopi - INFO - Raspberry Pi verisi işlendi: SENSOR_5 = 1608.000V
2026-01-23 05:44:20 - spektroskopi - INFO - Raspberry Pi'dan veri alındı: 6e400002-b5a3-f393-e0a9-e50e24dcca9e (Handle: 19): Nordic UART RX, uzunluk: 2
2026-01-23 05:44:20 - spektroskopi - INFO - Raspberry Pi verisi: Ham=3223, Voltaj=3223.000V
2026-01-23 05:44:20 - spektroskopi - INFO - Raspberry Pi verisi işlendi: SENSOR_2 = 3223.000V
2026-01-23 05:44:21 - spektroskopi - INFO - Raspberry Pi'dan veri alındı: 6e400005-b5a3-f393-e0a9-e50e24dcca9e (Handle: 16): Unknown, uzunluk: 2
2026-01-23 05:44:21 - spektroskopi - INFO - Raspberry Pi verisi: Ham=3224, Voltaj=3224.000V
2026-01-23 05:44:21 - spektroskopi - INFO - Raspberry Pi verisi işlendi: SENSOR_EXTRA = 3224.000V
2026-01-23 05:44:21 - spektroskopi - INFO - Raspberry Pi'dan veri alındı: 6e400004-b5a3-f393-e0a9-e50e24dcca9e (Handle: 11): Unknown, uzunluk: 2
2026-01-23 05:44:21 - spektroskopi - INFO - Raspberry Pi verisi: Ham=1912, Voltaj=1912.000V
2026-01-23 05:44:21 - spektroskopi - INFO - Raspberry Pi verisi işlendi: SENSOR_7 = 1912.000V
2026-01-23 05:44:21 - spektroskopi - WARNING - Zaman sıralama düzeltildi (averaged): 2026-01-23 05:44:21.292691
2026-01-23 05:44:21 - spektroskopi - WARNING - Zaman sıralama düzeltildi (averaged): 2026-01-23 05:44:21.293691
2026-01-23 05:44:21 - spektroskopi - WARNING - Zaman sıralama düzeltildi (averaged): 2026-01-23 05:44:21.294691
2026-01-23 05:44:21 - spektroskopi - WARNING - Zaman sıralama düzeltildi (averaged): 2026-01-23 05:44:21.295691
2026-01-23 05:44:21 - spektroskopi - WARNING - Zaman sıralama düzeltildi (averaged): 2026-01-23 05:44:21.296691
2026-01-23 05:44:21 - spektroskopi - WARNING - RealTimePanel: UV_360nm raw data uzunluk uyumsuzluğu (timestamps: 230, data: 58)
2026-01-23 05:44:21 - spektroskopi - WARNING - RealTimePanel: UV_360nm calibrated data uzunluk uyumsuzluğu (timestamps: 230, data: 58)
2026-01-23 05:44:21 - spektroskopi - WARNING - RealTimePanel: Blue_450nm raw data uzunluk uyumsuzluğu (timestamps: 230, data: 58)
2026-01-23 05:44:21 - spektroskopi - WARNING - RealTimePanel: Blue_450nm calibrated data uzunluk uyumsuzluğu (timestamps: 230, data: 58)
2026-01-23 05:44:21 - spektroskopi - WARNING - RealTimePanel: IR_850nm raw data uzunluk uyumsuzluğu (timestamps: 230, data: 58)
2026-01-23 05:44:21 - spektroskopi - WARNING - RealTimePanel: IR_850nm calibrated data uzunluk uyumsuzluğu (timestamps: 230, data: 58)
2026-01-23 05:44:21 - spektroskopi - WARNING - RealTimePanel: IR_940nm raw data uzunluk uyumsuzluğu (timestamps: 230, data: 56)
2026-01-23 05:44:21 - spektroskopi - WARNING - RealTimePanel: IR_940nm calibrated data uzunluk uyumsuzluğu (timestamps: 230, data: 56)
2026-01-23 05:44:21 - spektroskopi - INFO - Raspberry Pi'dan veri alındı: 6e400003-b5a3-f393-e0a9-e50e24dcca9e (Handle: 8): Nordic UART TX, uzunluk: 2
2026-01-23 05:44:21 - spektroskopi - INFO - Raspberry Pi verisi: Ham=1606, Voltaj=1606.000V
2026-01-23 05:44:21 - spektroskopi - INFO - Raspberry Pi verisi işlendi: SENSOR_5 = 1606.000V
2026-01-23 05:44:21 - spektroskopi - INFO - Raspberry Pi'dan veri alındı: 6e400002-b5a3-f393-e0a9-e50e24dcca9e (Handle: 19): Nordic UART RX, uzunluk: 2
2026-01-23 05:44:21 - spektroskopi - INFO - Raspberry Pi verisi: Ham=3224, Voltaj=3224.000V
2026-01-23 05:44:21 - spektroskopi - INFO - Raspberry Pi verisi işlendi: SENSOR_2 = 3224.000V
2026-01-23 05:44:21 - spektroskopi - INFO - Raspberry Pi'dan veri alındı: 6e400005-b5a3-f393-e0a9-e50e24dcca9e (Handle: 16): Unknown, uzunluk: 2
2026-01-23 05:44:21 - spektroskopi - INFO - Raspberry Pi verisi: Ham=3225, Voltaj=3225.000V
2026-01-23 05:44:21 - spektroskopi - INFO - Raspberry Pi verisi işlendi: SENSOR_EXTRA = 3225.000V
2026-01-23 05:44:22 - spektroskopi - INFO - Raspberry Pi'dan veri alındı: 6e400004-b5a3-f393-e0a9-e50e24dcca9e (Handle: 11): Unknown, uzunluk: 2
2026-01-23 05:44:22 - spektroskopi - INFO - Raspberry Pi verisi: Ham=1911, Voltaj=1911.000V
2026-01-23 05:44:22 - spektroskopi - INFO - Raspberry Pi verisi işlendi: SENSOR_7 = 1911.000V
2026-01-23 05:44:22 - spektroskopi - WARNING - Zaman sıralama düzeltildi (averaged): 2026-01-23 05:44:22.165635
2026-01-23 05:44:22 - spektroskopi - WARNING - Zaman sıralama düzeltildi (averaged): 2026-01-23 05:44:22.166635
2026-01-23 05:44:22 - spektroskopi - WARNING - Zaman sıralama düzeltildi (averaged): 2026-01-23 05:44:22.167635
2026-01-23 05:44:22 - spektroskopi - WARNING - Zaman sıralama düzeltildi (averaged): 2026-01-23 05:44:22.168635
2026-01-23 05:44:22 - spektroskopi - WARNING - RealTimePanel: UV_360nm raw data uzunluk uyumsuzluğu (timestamps: 238, data: 60)
2026-01-23 05:44:22 - spektroskopi - WARNING - RealTimePanel: UV_360nm calibrated data uzunluk uyumsuzluğu (timestamps: 238, data: 60)
2026-01-23 05:44:22 - spektroskopi - WARNING - RealTimePanel: Blue_450nm raw data uzunluk uyumsuzluğu (timestamps: 238, data: 60)
2026-01-23 05:44:22 - spektroskopi - WARNING - RealTimePanel: Blue_450nm calibrated data uzunluk uyumsuzluğu (timestamps: 238, data: 60)
2026-01-23 05:44:22 - spektroskopi - WARNING - RealTimePanel: IR_850nm raw data uzunluk uyumsuzluğu (timestamps: 238, data: 60)
2026-01-23 05:44:22 - spektroskopi - WARNING - RealTimePanel: IR_850nm calibrated data uzunluk uyumsuzluğu (timestamps: 238, data: 60)
2026-01-23 05:44:22 - spektroskopi - WARNING - RealTimePanel: IR_940nm raw data uzunluk uyumsuzluğu (timestamps: 238, data: 58)
2026-01-23 05:44:22 - spektroskopi - WARNING - RealTimePanel: IR_940nm calibrated data uzunluk uyumsuzluğu (timestamps: 238, data: 58)
2026-01-23 05:44:22 - spektroskopi - INFO - Raspberry Pi'dan veri alındı: 6e400003-b5a3-f393-e0a9-e50e24dcca9e (Handle: 8): Nordic UART TX, uzunluk: 2
2026-01-23 05:44:22 - spektroskopi - INFO - Raspberry Pi verisi: Ham=1606, Voltaj=1606.000V
2026-01-23 05:44:22 - spektroskopi - INFO - Raspberry Pi verisi işlendi: SENSOR_5 = 1606.000V
2026-01-23 05:44:22 - spektroskopi - INFO - Raspberry Pi'dan veri alındı: 6e400002-b5a3-f393-e0a9-e50e24dcca9e (Handle: 19): Nordic UART RX, uzunluk: 2
2026-01-23 05:44:22 - spektroskopi - INFO - Raspberry Pi verisi: Ham=3224, Voltaj=3224.000V
2026-01-23 05:44:22 - spektroskopi - INFO - Raspberry Pi verisi işlendi: SENSOR_2 = 3224.000V
2026-01-23 05:44:22 - spektroskopi - INFO - Raspberry Pi'dan veri alındı: 6e400005-b5a3-f393-e0a9-e50e24dcca9e (Handle: 16): Unknown, uzunluk: 2
2026-01-23 05:44:22 - spektroskopi - INFO - Raspberry Pi verisi: Ham=3224, Voltaj=3224.000V
2026-01-23 05:44:22 - spektroskopi - INFO - Raspberry Pi verisi işlendi: SENSOR_EXTRA = 3224.000V
2026-01-23 05:44:23 - spektroskopi - INFO - Raspberry Pi'dan veri alındı: 6e400004-b5a3-f393-e0a9-e50e24dcca9e (Handle: 11): Unknown, uzunluk: 2
2026-01-23 05:44:23 - spektroskopi - INFO - Raspberry Pi verisi: Ham=1909, Voltaj=1909.000V
2026-01-23 05:44:23 - spektroskopi - INFO - Raspberry Pi verisi işlendi: SENSOR_7 = 1909.000V
2026-01-23 05:44:23 - spektroskopi - INFO - Raspberry Pi'dan veri alındı: 6e400003-b5a3-f393-e0a9-e50e24dcca9e (Handle: 8): Nordic UART TX, uzunluk: 2
2026-01-23 05:44:23 - spektroskopi - INFO - Raspberry Pi verisi: Ham=1609, Voltaj=1609.000V
2026-01-23 05:44:23 - spektroskopi - INFO - Raspberry Pi verisi işlendi: SENSOR_5 = 1609.000V
2026-01-23 05:44:23 - spektroskopi - INFO - Raspberry Pi'dan veri alındı: 6e400002-b5a3-f393-e0a9-e50e24dcca9e (Handle: 19): Nordic UART RX, uzunluk: 2
2026-01-23 05:44:23 - spektroskopi - INFO - Raspberry Pi verisi: Ham=3224, Voltaj=3224.000V
2026-01-23 05:44:23 - spektroskopi - INFO - Raspberry Pi verisi işlendi: SENSOR_2 = 3224.000V
2026-01-23 05:44:23 - spektroskopi - WARNING - Zaman sıralama düzeltildi (averaged): 2026-01-23 05:44:23.422600
2026-01-23 05:44:23 - spektroskopi - WARNING - Zaman sıralama düzeltildi (averaged): 2026-01-23 05:44:23.423600
2026-01-23 05:44:23 - spektroskopi - WARNING - Zaman sıralama düzeltildi (averaged): 2026-01-23 05:44:23.424600
2026-01-23 05:44:23 - spektroskopi - WARNING - Zaman sıralama düzeltildi (averaged): 2026-01-23 05:44:23.425600
2026-01-23 05:44:23 - spektroskopi - WARNING - Zaman sıralama düzeltildi (averaged): 2026-01-23 05:44:23.426600
2026-01-23 05:44:23 - spektroskopi - WARNING - Zaman sıralama düzeltildi (averaged): 2026-01-23 05:44:23.427600
2026-01-23 05:44:23 - spektroskopi - WARNING - RealTimePanel: UV_360nm raw data uzunluk uyumsuzluğu (timestamps: 250, data: 64)
2026-01-23 05:44:23 - spektroskopi - WARNING - RealTimePanel: UV_360nm calibrated data uzunluk uyumsuzluğu (timestamps: 250, data: 64)
2026-01-23 05:44:23 - spektroskopi - WARNING - RealTimePanel: Blue_450nm raw data uzunluk uyumsuzluğu (timestamps: 250, data: 62)
2026-01-23 05:44:23 - spektroskopi - WARNING - RealTimePanel: Blue_450nm calibrated data uzunluk uyumsuzluğu (timestamps: 250, data: 62)
2026-01-23 05:44:23 - spektroskopi - WARNING - RealTimePanel: IR_850nm raw data uzunluk uyumsuzluğu (timestamps: 250, data: 62)
2026-01-23 05:44:23 - spektroskopi - WARNING - RealTimePanel: IR_850nm calibrated data uzunluk uyumsuzluğu (timestamps: 250, data: 62)
2026-01-23 05:44:23 - spektroskopi - WARNING - RealTimePanel: IR_940nm raw data uzunluk uyumsuzluğu (timestamps: 250, data: 62)
2026-01-23 05:44:23 - spektroskopi - WARNING - RealTimePanel: IR_940nm calibrated data uzunluk uyumsuzluğu (timestamps: 250, data: 62)
2026-01-23 05:44:23 - spektroskopi - INFO - Raspberry Pi'dan veri alındı: 6e400005-b5a3-f393-e0a9-e50e24dcca9e (Handle: 16): Unknown, uzunluk: 2
2026-01-23 05:44:23 - spektroskopi - INFO - Raspberry Pi verisi: Ham=3224, Voltaj=3224.000V
2026-01-23 05:44:23 - spektroskopi - INFO - Raspberry Pi verisi işlendi: SENSOR_EXTRA = 3224.000V
2026-01-23 05:44:23 - spektroskopi - INFO - Raspberry Pi'dan veri alındı: 6e400004-b5a3-f393-e0a9-e50e24dcca9e (Handle: 11): Unknown, uzunluk: 2
2026-01-23 05:44:23 - spektroskopi - INFO - Raspberry Pi verisi: Ham=1913, Voltaj=1913.000V
2026-01-23 05:44:23 - spektroskopi - INFO - Raspberry Pi verisi işlendi: SENSOR_7 = 1913.000V
2026-01-23 05:44:24 - spektroskopi - INFO - Raspberry Pi'dan veri alındı: 6e400003-b5a3-f393-e0a9-e50e24dcca9e (Handle: 8): Nordic UART TX, uzunluk: 2
2026-01-23 05:44:24 - spektroskopi - INFO - Raspberry Pi verisi: Ham=1610, Voltaj=1610.000V
2026-01-23 05:44:24 - spektroskopi - INFO - Raspberry Pi verisi işlendi: SENSOR_5 = 1610.000V
2026-01-23 05:44:24 - spektroskopi - INFO - Raspberry Pi'dan veri alındı: 6e400002-b5a3-f393-e0a9-e50e24dcca9e (Handle: 19): Nordic UART RX, uzunluk: 2
2026-01-23 05:44:24 - spektroskopi - INFO - Raspberry Pi verisi: Ham=3224, Voltaj=3224.000V
2026-01-23 05:44:24 - spektroskopi - INFO - Raspberry Pi verisi işlendi: SENSOR_2 = 3224.000V
2026-01-23 05:44:24 - spektroskopi - WARNING - Zaman sıralama düzeltildi (averaged): 2026-01-23 05:44:24.293449
2026-01-23 05:44:24 - spektroskopi - WARNING - Zaman sıralama düzeltildi (averaged): 2026-01-23 05:44:24.294449
2026-01-23 05:44:24 - spektroskopi - WARNING - Zaman sıralama düzeltildi (averaged): 2026-01-23 05:44:24.295449
2026-01-23 05:44:24 - spektroskopi - WARNING - Zaman sıralama düzeltildi (averaged): 2026-01-23 05:44:24.296449
2026-01-23 05:44:24 - spektroskopi - WARNING - RealTimePanel: UV_360nm raw data uzunluk uyumsuzluğu (timestamps: 258, data: 66)
2026-01-23 05:44:24 - spektroskopi - WARNING - RealTimePanel: UV_360nm calibrated data uzunluk uyumsuzluğu (timestamps: 258, data: 66)
2026-01-23 05:44:24 - spektroskopi - WARNING - RealTimePanel: Blue_450nm raw data uzunluk uyumsuzluğu (timestamps: 258, data: 64)
2026-01-23 05:44:24 - spektroskopi - WARNING - RealTimePanel: Blue_450nm calibrated data uzunluk uyumsuzluğu (timestamps: 258, data: 64)
2026-01-23 05:44:24 - spektroskopi - WARNING - RealTimePanel: IR_850nm raw data uzunluk uyumsuzluğu (timestamps: 258, data: 64)
2026-01-23 05:44:24 - spektroskopi - WARNING - RealTimePanel: IR_850nm calibrated data uzunluk uyumsuzluğu (timestamps: 258, data: 64)
2026-01-23 05:44:24 - spektroskopi - WARNING - RealTimePanel: IR_940nm raw data uzunluk uyumsuzluğu (timestamps: 258, data: 64)
2026-01-23 05:44:24 - spektroskopi - WARNING - RealTimePanel: IR_940nm calibrated data uzunluk uyumsuzluğu (timestamps: 258, data: 64)
2026-01-23 05:44:24 - spektroskopi - INFO - Raspberry Pi'dan veri alındı: 6e400005-b5a3-f393-e0a9-e50e24dcca9e (Handle: 16): Unknown, uzunluk: 2
2026-01-23 05:44:24 - spektroskopi - INFO - Raspberry Pi verisi: Ham=3223, Voltaj=3223.000V
2026-01-23 05:44:24 - spektroskopi - INFO - Raspberry Pi verisi işlendi: SENSOR_EXTRA = 3223.000V
2026-01-23 05:44:24 - spektroskopi - INFO - Raspberry Pi'dan veri alındı: 6e400004-b5a3-f393-e0a9-e50e24dcca9e (Handle: 11): Unknown, uzunluk: 2
2026-01-23 05:44:24 - spektroskopi - INFO - Raspberry Pi verisi: Ham=1909, Voltaj=1909.000V
2026-01-23 05:44:24 - spektroskopi - INFO - Raspberry Pi verisi işlendi: SENSOR_7 = 1909.000V
2026-01-23 05:44:25 - spektroskopi - INFO - Raspberry Pi'dan veri alındı: 6e400003-b5a3-f393-e0a9-e50e24dcca9e (Handle: 8): Nordic UART TX, uzunluk: 2
2026-01-23 05:44:25 - spektroskopi - INFO - Raspberry Pi verisi: Ham=1609, Voltaj=1609.000V
2026-01-23 05:44:25 - spektroskopi - INFO - Raspberry Pi verisi işlendi: SENSOR_5 = 1609.000V
2026-01-23 05:44:25 - spektroskopi - INFO - Raspberry Pi'dan veri alındı: 6e400002-b5a3-f393-e0a9-e50e24dcca9e (Handle: 19): Nordic UART RX, uzunluk: 2
2026-01-23 05:44:25 - spektroskopi - INFO - Raspberry Pi verisi: Ham=3224, Voltaj=3224.000V
2026-01-23 05:44:25 - spektroskopi - INFO - Raspberry Pi verisi işlendi: SENSOR_2 = 3224.000V
2026-01-23 05:44:25 - spektroskopi - WARNING - Zaman sıralama düzeltildi (averaged): 2026-01-23 05:44:25.192553
2026-01-23 05:44:25 - spektroskopi - WARNING - Zaman sıralama düzeltildi (averaged): 2026-01-23 05:44:25.193553
2026-01-23 05:44:25 - spektroskopi - WARNING - Zaman sıralama düzeltildi (averaged): 2026-01-23 05:44:25.194553
2026-01-23 05:44:25 - spektroskopi - WARNING - Zaman sıralama düzeltildi (averaged): 2026-01-23 05:44:25.195553
2026-01-23 05:44:25 - spektroskopi - INFO - Raspberry Pi'dan veri alındı: 6e400005-b5a3-f393-e0a9-e50e24dcca9e (Handle: 16): Unknown, uzunluk: 2
2026-01-23 05:44:25 - spektroskopi - INFO - Raspberry Pi verisi: Ham=3223, Voltaj=3223.000V
2026-01-23 05:44:25 - spektroskopi - WARNING - RealTimePanel: UV_360nm raw data uzunluk uyumsuzluğu (timestamps: 266, data: 68)
2026-01-23 05:44:25 - spektroskopi - INFO - Raspberry Pi verisi işlendi: SENSOR_EXTRA = 3223.000V
2026-01-23 05:44:25 - spektroskopi - WARNING - RealTimePanel: UV_360nm calibrated data uzunluk uyumsuzluğu (timestamps: 266, data: 68)
2026-01-23 05:44:25 - spektroskopi - WARNING - RealTimePanel: Blue_450nm raw data uzunluk uyumsuzluğu (timestamps: 266, data: 67)
2026-01-23 05:44:25 - spektroskopi - WARNING - RealTimePanel: Blue_450nm calibrated data uzunluk uyumsuzluğu (timestamps: 266, data: 67)
2026-01-23 05:44:25 - spektroskopi - WARNING - RealTimePanel: IR_850nm raw data uzunluk uyumsuzluğu (timestamps: 266, data: 66)
2026-01-23 05:44:25 - spektroskopi - WARNING - RealTimePanel: IR_850nm calibrated data uzunluk uyumsuzluğu (timestamps: 266, data: 66)
2026-01-23 05:44:25 - spektroskopi - WARNING - RealTimePanel: IR_940nm raw data uzunluk uyumsuzluğu (timestamps: 266, data: 66)
2026-01-23 05:44:25 - spektroskopi - WARNING - RealTimePanel: IR_940nm calibrated data uzunluk uyumsuzluğu (timestamps: 266, data: 66)
2026-01-23 05:44:25 - spektroskopi - INFO - Raspberry Pi'dan veri alındı: 6e400004-b5a3-f393-e0a9-e50e24dcca9e (Handle: 11): Unknown, uzunluk: 2
2026-01-23 05:44:25 - spektroskopi - INFO - Raspberry Pi verisi: Ham=1915, Voltaj=1915.000V
2026-01-23 05:44:25 - spektroskopi - INFO - Raspberry Pi verisi işlendi: SENSOR_7 = 1915.000V
2026-01-23 05:44:25 - spektroskopi - INFO - Raspberry Pi'dan veri alındı: 6e400003-b5a3-f393-e0a9-e50e24dcca9e (Handle: 8): Nordic UART TX, uzunluk: 2
2026-01-23 05:44:25 - spektroskopi - INFO - Raspberry Pi verisi: Ham=1612, Voltaj=1612.000V
2026-01-23 05:44:25 - spektroskopi - INFO - Raspberry Pi verisi işlendi: SENSOR_5 = 1612.000V
2026-01-23 05:44:26 - spektroskopi - INFO - Raspberry Pi'dan veri alındı: 6e400002-b5a3-f393-e0a9-e50e24dcca9e (Handle: 19): Nordic UART RX, uzunluk: 2
2026-01-23 05:44:26 - spektroskopi - INFO - Raspberry Pi verisi: Ham=3225, Voltaj=3225.000V
2026-01-23 05:44:26 - spektroskopi - INFO - Raspberry Pi verisi işlendi: SENSOR_2 = 3225.000V
2026-01-23 05:44:26 - spektroskopi - INFO - Raspberry Pi'dan veri alındı: 6e400005-b5a3-f393-e0a9-e50e24dcca9e (Handle: 16): Unknown, uzunluk: 2
2026-01-23 05:44:26 - spektroskopi - INFO - Raspberry Pi verisi: Ham=3223, Voltaj=3223.000V
2026-01-23 05:44:26 - spektroskopi - INFO - Raspberry Pi verisi işlendi: SENSOR_EXTRA = 3223.000V
2026-01-23 05:44:26 - spektroskopi - WARNING - Zaman sıralama düzeltildi (averaged): 2026-01-23 05:44:26.335704
2026-01-23 05:44:26 - spektroskopi - WARNING - Zaman sıralama düzeltildi (averaged): 2026-01-23 05:44:26.336704
2026-01-23 05:44:26 - spektroskopi - WARNING - Zaman sıralama düzeltildi (averaged): 2026-01-23 05:44:26.337704
2026-01-23 05:44:26 - spektroskopi - WARNING - Zaman sıralama düzeltildi (averaged): 2026-01-23 05:44:26.338704
2026-01-23 05:44:26 - spektroskopi - WARNING - Zaman sıralama düzeltildi (averaged): 2026-01-23 05:44:26.339704
2026-01-23 05:44:26 - spektroskopi - WARNING - RealTimePanel: UV_360nm raw data uzunluk uyumsuzluğu (timestamps: 276, data: 70)
2026-01-23 05:44:26 - spektroskopi - WARNING - RealTimePanel: UV_360nm calibrated data uzunluk uyumsuzluğu (timestamps: 276, data: 70)
2026-01-23 05:44:26 - spektroskopi - WARNING - RealTimePanel: Blue_450nm raw data uzunluk uyumsuzluğu (timestamps: 276, data: 70)
2026-01-23 05:44:26 - spektroskopi - WARNING - RealTimePanel: Blue_450nm calibrated data uzunluk uyumsuzluğu (timestamps: 276, data: 70)
2026-01-23 05:44:26 - spektroskopi - WARNING - RealTimePanel: IR_850nm raw data uzunluk uyumsuzluğu (timestamps: 276, data: 68)
2026-01-23 05:44:26 - spektroskopi - WARNING - RealTimePanel: IR_850nm calibrated data uzunluk uyumsuzluğu (timestamps: 276, data: 68)
2026-01-23 05:44:26 - spektroskopi - WARNING - RealTimePanel: IR_940nm raw data uzunluk uyumsuzluğu (timestamps: 276, data: 68)
2026-01-23 05:44:26 - spektroskopi - WARNING - RealTimePanel: IR_940nm calibrated data uzunluk uyumsuzluğu (timestamps: 276, data: 68)
2026-01-23 05:44:26 - spektroskopi - INFO - Raspberry Pi'dan veri alındı: 6e400004-b5a3-f393-e0a9-e50e24dcca9e (Handle: 11): Unknown, uzunluk: 2
2026-01-23 05:44:26 - spektroskopi - INFO - Raspberry Pi verisi: Ham=1907, Voltaj=1907.000V
2026-01-23 05:44:26 - spektroskopi - INFO - Raspberry Pi verisi işlendi: SENSOR_7 = 1907.000V
2026-01-23 05:44:26 - spektroskopi - INFO - Raspberry Pi'dan veri alındı: 6e400003-b5a3-f393-e0a9-e50e24dcca9e (Handle: 8): Nordic UART TX, uzunluk: 2
2026-01-23 05:44:26 - spektroskopi - INFO - Raspberry Pi verisi: Ham=1608, Voltaj=1608.000V
2026-01-23 05:44:26 - spektroskopi - INFO - Raspberry Pi verisi işlendi: SENSOR_5 = 1608.000V
2026-01-23 05:44:26 - spektroskopi - INFO - Raspberry Pi'dan veri alındı: 6e400002-b5a3-f393-e0a9-e50e24dcca9e (Handle: 19): Nordic UART RX, uzunluk: 2
2026-01-23 05:44:26 - spektroskopi - INFO - Raspberry Pi verisi: Ham=3223, Voltaj=3223.000V
2026-01-23 05:44:26 - spektroskopi - INFO - Raspberry Pi verisi işlendi: SENSOR_2 = 3223.000V
2026-01-23 05:44:27 - spektroskopi - INFO - Raspberry Pi'dan veri alındı: 6e400005-b5a3-f393-e0a9-e50e24dcca9e (Handle: 16): Unknown, uzunluk: 2
2026-01-23 05:44:27 - spektroskopi - INFO - Raspberry Pi verisi: Ham=3224, Voltaj=3224.000V
2026-01-23 05:44:27 - spektroskopi - INFO - Raspberry Pi verisi işlendi: SENSOR_EXTRA = 3224.000V
2026-01-23 05:44:27 - spektroskopi - WARNING - Zaman sıralama düzeltildi (averaged): 2026-01-23 05:44:27.202366
2026-01-23 05:44:27 - spektroskopi - WARNING - Zaman sıralama düzeltildi (averaged): 2026-01-23 05:44:27.203366
2026-01-23 05:44:27 - spektroskopi - WARNING - Zaman sıralama düzeltildi (averaged): 2026-01-23 05:44:27.204366
2026-01-23 05:44:27 - spektroskopi - WARNING - Zaman sıralama düzeltildi (averaged): 2026-01-23 05:44:27.205366
2026-01-23 05:44:27 - spektroskopi - WARNING - RealTimePanel: UV_360nm raw data uzunluk uyumsuzluğu (timestamps: 284, data: 72)
2026-01-23 05:44:27 - spektroskopi - WARNING - RealTimePanel: UV_360nm calibrated data uzunluk uyumsuzluğu (timestamps: 284, data: 72)
2026-01-23 05:44:27 - spektroskopi - WARNING - RealTimePanel: Blue_450nm raw data uzunluk uyumsuzluğu (timestamps: 284, data: 72)
2026-01-23 05:44:27 - spektroskopi - WARNING - RealTimePanel: Blue_450nm calibrated data uzunluk uyumsuzluğu (timestamps: 284, data: 72)
2026-01-23 05:44:27 - spektroskopi - WARNING - RealTimePanel: IR_850nm raw data uzunluk uyumsuzluğu (timestamps: 284, data: 70)
2026-01-23 05:44:27 - spektroskopi - WARNING - RealTimePanel: IR_850nm calibrated data uzunluk uyumsuzluğu (timestamps: 284, data: 70)
2026-01-23 05:44:27 - spektroskopi - WARNING - RealTimePanel: IR_940nm raw data uzunluk uyumsuzluğu (timestamps: 284, data: 70)
2026-01-23 05:44:27 - spektroskopi - WARNING - RealTimePanel: IR_940nm calibrated data uzunluk uyumsuzluğu (timestamps: 284, data: 70)
2026-01-23 05:44:27 - spektroskopi - INFO - Raspberry Pi'dan veri alındı: 6e400004-b5a3-f393-e0a9-e50e24dcca9e (Handle: 11): Unknown, uzunluk: 2
2026-01-23 05:44:27 - spektroskopi - INFO - Raspberry Pi verisi: Ham=1911, Voltaj=1911.000V
2026-01-23 05:44:27 - spektroskopi - INFO - Raspberry Pi verisi işlendi: SENSOR_7 = 1911.000V
2026-01-23 05:44:27 - spektroskopi - INFO - Raspberry Pi'dan veri alındı: 6e400003-b5a3-f393-e0a9-e50e24dcca9e (Handle: 8): Nordic UART TX, uzunluk: 2
2026-01-23 05:44:27 - spektroskopi - INFO - Raspberry Pi verisi: Ham=1611, Voltaj=1611.000V
2026-01-23 05:44:27 - spektroskopi - INFO - Raspberry Pi verisi işlendi: SENSOR_5 = 1611.000V
2026-01-23 05:44:27 - spektroskopi - INFO - Raspberry Pi'dan veri alındı: 6e400002-b5a3-f393-e0a9-e50e24dcca9e (Handle: 19): Nordic UART RX, uzunluk: 2
2026-01-23 05:44:27 - spektroskopi - INFO - Raspberry Pi verisi: Ham=3224, Voltaj=3224.000V
2026-01-23 05:44:27 - spektroskopi - INFO - Raspberry Pi verisi işlendi: SENSOR_2 = 3224.000V
2026-01-23 05:44:28 - spektroskopi - INFO - Raspberry Pi'dan veri alındı: 6e400005-b5a3-f393-e0a9-e50e24dcca9e (Handle: 16): Unknown, uzunluk: 2
2026-01-23 05:44:28 - spektroskopi - INFO - Raspberry Pi verisi: Ham=3225, Voltaj=3225.000V
2026-01-23 05:44:28 - spektroskopi - INFO - Raspberry Pi verisi işlendi: SENSOR_EXTRA = 3225.000V
2026-01-23 05:44:28 - spektroskopi - INFO - Raspberry Pi'dan veri alındı: 6e400004-b5a3-f393-e0a9-e50e24dcca9e (Handle: 11): Unknown, uzunluk: 2
2026-01-23 05:44:28 - spektroskopi - INFO - Raspberry Pi verisi: Ham=1910, Voltaj=1910.000V
2026-01-23 05:44:28 - spektroskopi - INFO - Raspberry Pi verisi işlendi: SENSOR_7 = 1910.000V
2026-01-23 05:44:28 - spektroskopi - WARNING - Zaman sıralama düzeltildi (averaged): 2026-01-23 05:44:28.344084
2026-01-23 05:44:28 - spektroskopi - WARNING - Zaman sıralama düzeltildi (averaged): 2026-01-23 05:44:28.345084
2026-01-23 05:44:28 - spektroskopi - WARNING - Zaman sıralama düzeltildi (averaged): 2026-01-23 05:44:28.346084
2026-01-23 05:44:28 - spektroskopi - WARNING - Zaman sıralama düzeltildi (averaged): 2026-01-23 05:44:28.347084
2026-01-23 05:44:28 - spektroskopi - WARNING - Zaman sıralama düzeltildi (averaged): 2026-01-23 05:44:28.348084
2026-01-23 05:44:28 - spektroskopi - WARNING - RealTimePanel: UV_360nm raw data uzunluk uyumsuzluğu (timestamps: 294, data: 74)
2026-01-23 05:44:28 - spektroskopi - WARNING - RealTimePanel: UV_360nm calibrated data uzunluk uyumsuzluğu (timestamps: 294, data: 74)
2026-01-23 05:44:28 - spektroskopi - WARNING - RealTimePanel: Blue_450nm raw data uzunluk uyumsuzluğu (timestamps: 294, data: 74)
2026-01-23 05:44:28 - spektroskopi - WARNING - RealTimePanel: Blue_450nm calibrated data uzunluk uyumsuzluğu (timestamps: 294, data: 74)
2026-01-23 05:44:28 - spektroskopi - WARNING - RealTimePanel: IR_850nm raw data uzunluk uyumsuzluğu (timestamps: 294, data: 74)
2026-01-23 05:44:28 - spektroskopi - WARNING - RealTimePanel: IR_850nm calibrated data uzunluk uyumsuzluğu (timestamps: 294, data: 74)
2026-01-23 05:44:28 - spektroskopi - WARNING - RealTimePanel: IR_940nm raw data uzunluk uyumsuzluğu (timestamps: 294, data: 72)
2026-01-23 05:44:28 - spektroskopi - WARNING - RealTimePanel: IR_940nm calibrated data uzunluk uyumsuzluğu (timestamps: 294, data: 72)
2026-01-23 05:44:28 - spektroskopi - INFO - Raspberry Pi'dan veri alındı: 6e400003-b5a3-f393-e0a9-e50e24dcca9e (Handle: 8): Nordic UART TX, uzunluk: 2
2026-01-23 05:44:28 - spektroskopi - INFO - Raspberry Pi verisi: Ham=1607, Voltaj=1607.000V
2026-01-23 05:44:28 - spektroskopi - INFO - Raspberry Pi verisi işlendi: SENSOR_5 = 1607.000V
2026-01-23 05:44:28 - spektroskopi - INFO - Raspberry Pi'dan veri alındı: 6e400002-b5a3-f393-e0a9-e50e24dcca9e (Handle: 19): Nordic UART RX, uzunluk: 2
2026-01-23 05:44:28 - spektroskopi - INFO - Raspberry Pi verisi: Ham=3224, Voltaj=3224.000V
2026-01-23 05:44:28 - spektroskopi - INFO - Raspberry Pi verisi işlendi: SENSOR_2 = 3224.000V
2026-01-23 05:44:28 - spektroskopi - INFO - Raspberry Pi'dan veri alındı: 6e400005-b5a3-f393-e0a9-e50e24dcca9e (Handle: 16): Unknown, uzunluk: 2
2026-01-23 05:44:28 - spektroskopi - INFO - Raspberry Pi verisi: Ham=3224, Voltaj=3224.000V
2026-01-23 05:44:28 - spektroskopi - INFO - Raspberry Pi verisi işlendi: SENSOR_EXTRA = 3224.000V
2026-01-23 05:44:29 - spektroskopi - INFO - Raspberry Pi'dan veri alındı: 6e400004-b5a3-f393-e0a9-e50e24dcca9e (Handle: 11): Unknown, uzunluk: 2
2026-01-23 05:44:29 - spektroskopi - INFO - Raspberry Pi verisi: Ham=1908, Voltaj=1908.000V
2026-01-23 05:44:29 - spektroskopi - INFO - Raspberry Pi verisi işlendi: SENSOR_7 = 1908.000V
2026-01-23 05:44:29 - spektroskopi - WARNING - Zaman sıralama düzeltildi (averaged): 2026-01-23 05:44:29.242642
2026-01-23 05:44:29 - spektroskopi - WARNING - Zaman sıralama düzeltildi (averaged): 2026-01-23 05:44:29.243642
2026-01-23 05:44:29 - spektroskopi - WARNING - Zaman sıralama düzeltildi (averaged): 2026-01-23 05:44:29.244642
2026-01-23 05:44:29 - spektroskopi - WARNING - Zaman sıralama düzeltildi (averaged): 2026-01-23 05:44:29.245642
2026-01-23 05:44:29 - spektroskopi - WARNING - RealTimePanel: UV_360nm raw data uzunluk uyumsuzluğu (timestamps: 302, data: 76)
2026-01-23 05:44:29 - spektroskopi - WARNING - RealTimePanel: UV_360nm calibrated data uzunluk uyumsuzluğu (timestamps: 302, data: 76)
2026-01-23 05:44:29 - spektroskopi - WARNING - RealTimePanel: Blue_450nm raw data uzunluk uyumsuzluğu (timestamps: 302, data: 76)
2026-01-23 05:44:29 - spektroskopi - WARNING - RealTimePanel: Blue_450nm calibrated data uzunluk uyumsuzluğu (timestamps: 302, data: 76)
2026-01-23 05:44:29 - spektroskopi - WARNING - RealTimePanel: IR_850nm raw data uzunluk uyumsuzluğu (timestamps: 302, data: 76)
2026-01-23 05:44:29 - spektroskopi - WARNING - RealTimePanel: IR_850nm calibrated data uzunluk uyumsuzluğu (timestamps: 302, data: 76)
2026-01-23 05:44:29 - spektroskopi - WARNING - RealTimePanel: IR_940nm raw data uzunluk uyumsuzluğu (timestamps: 302, data: 74)
2026-01-23 05:44:29 - spektroskopi - WARNING - RealTimePanel: IR_940nm calibrated data uzunluk uyumsuzluğu (timestamps: 302, data: 74)
2026-01-23 05:44:29 - spektroskopi - INFO - Raspberry Pi'dan veri alındı: 6e400003-b5a3-f393-e0a9-e50e24dcca9e (Handle: 8): Nordic UART TX, uzunluk: 2
2026-01-23 05:44:29 - spektroskopi - INFO - Raspberry Pi verisi: Ham=1607, Voltaj=1607.000V
2026-01-23 05:44:29 - spektroskopi - INFO - Raspberry Pi verisi işlendi: SENSOR_5 = 1607.000V
2026-01-23 05:44:29 - spektroskopi - INFO - Raspberry Pi'dan veri alındı: 6e400002-b5a3-f393-e0a9-e50e24dcca9e (Handle: 19): Nordic UART RX, uzunluk: 2
2026-01-23 05:44:29 - spektroskopi - INFO - Raspberry Pi verisi: Ham=3224, Voltaj=3224.000V
2026-01-23 05:44:29 - spektroskopi - INFO - Raspberry Pi verisi işlendi: SENSOR_2 = 3224.000V
2026-01-23 05:44:29 - spektroskopi - INFO - Raspberry Pi'dan veri alındı: 6e400005-b5a3-f393-e0a9-e50e24dcca9e (Handle: 16): Unknown, uzunluk: 2
2026-01-23 05:44:29 - spektroskopi - INFO - Raspberry Pi verisi: Ham=3224, Voltaj=3224.000V
2026-01-23 05:44:29 - spektroskopi - INFO - Raspberry Pi verisi işlendi: SENSOR_EXTRA = 3224.000V
2026-01-23 05:44:30 - spektroskopi - INFO - Raspberry Pi'dan veri alındı: 6e400004-b5a3-f393-e0a9-e50e24dcca9e (Handle: 11): Unknown, uzunluk: 2
2026-01-23 05:44:30 - spektroskopi - INFO - Raspberry Pi verisi: Ham=1913, Voltaj=1913.000V
2026-01-23 05:44:30 - spektroskopi - INFO - Raspberry Pi verisi işlendi: SENSOR_7 = 1913.000V
2026-01-23 05:44:30 - spektroskopi - INFO - Raspberry Pi'dan veri alındı: 6e400003-b5a3-f393-e0a9-e50e24dcca9e (Handle: 8): Nordic UART TX, uzunluk: 2
2026-01-23 05:44:30 - spektroskopi - INFO - Raspberry Pi verisi: Ham=1610, Voltaj=1610.000V
2026-01-23 05:44:30 - spektroskopi - INFO - Raspberry Pi verisi işlendi: SENSOR_5 = 1610.000V
2026-01-23 05:44:30 - spektroskopi - WARNING - Zaman sıralama düzeltildi (averaged): 2026-01-23 05:44:30.354255
2026-01-23 05:44:30 - spektroskopi - WARNING - Zaman sıralama düzeltildi (averaged): 2026-01-23 05:44:30.355255
2026-01-23 05:44:30 - spektroskopi - WARNING - Zaman sıralama düzeltildi (averaged): 2026-01-23 05:44:30.356255
2026-01-23 05:44:30 - spektroskopi - WARNING - Zaman sıralama düzeltildi (averaged): 2026-01-23 05:44:30.357255
2026-01-23 05:44:30 - spektroskopi - WARNING - Zaman sıralama düzeltildi (averaged): 2026-01-23 05:44:30.358255
2026-01-23 05:44:30 - spektroskopi - WARNING - RealTimePanel: UV_360nm raw data uzunluk uyumsuzluğu (timestamps: 312, data: 78)
2026-01-23 05:44:30 - spektroskopi - WARNING - RealTimePanel: UV_360nm calibrated data uzunluk uyumsuzluğu (timestamps: 312, data: 78)
2026-01-23 05:44:30 - spektroskopi - WARNING - RealTimePanel: Blue_450nm raw data uzunluk uyumsuzluğu (timestamps: 312, data: 78)
2026-01-23 05:44:30 - spektroskopi - WARNING - RealTimePanel: Blue_450nm calibrated data uzunluk uyumsuzluğu (timestamps: 312, data: 78)
2026-01-23 05:44:30 - spektroskopi - WARNING - RealTimePanel: IR_850nm raw data uzunluk uyumsuzluğu (timestamps: 312, data: 78)
2026-01-23 05:44:30 - spektroskopi - WARNING - RealTimePanel: IR_850nm calibrated data uzunluk uyumsuzluğu (timestamps: 312, data: 78)
2026-01-23 05:44:30 - spektroskopi - WARNING - RealTimePanel: IR_940nm raw data uzunluk uyumsuzluğu (timestamps: 312, data: 78)
2026-01-23 05:44:30 - spektroskopi - WARNING - RealTimePanel: IR_940nm calibrated data uzunluk uyumsuzluğu (timestamps: 312, data: 78)
2026-01-23 05:44:30 - spektroskopi - INFO - Raspberry Pi'dan veri alındı: 6e400002-b5a3-f393-e0a9-e50e24dcca9e (Handle: 19): Nordic UART RX, uzunluk: 2
2026-01-23 05:44:30 - spektroskopi - INFO - Raspberry Pi verisi: Ham=3224, Voltaj=3224.000V
2026-01-23 05:44:30 - spektroskopi - INFO - Raspberry Pi verisi işlendi: SENSOR_2 = 3224.000V
2026-01-23 05:44:30 - spektroskopi - INFO - Raspberry Pi'dan veri alındı: 6e400005-b5a3-f393-e0a9-e50e24dcca9e (Handle: 16): Unknown, uzunluk: 2
2026-01-23 05:44:30 - spektroskopi - INFO - Raspberry Pi verisi: Ham=3223, Voltaj=3223.000V
2026-01-23 05:44:30 - spektroskopi - INFO - Raspberry Pi verisi işlendi: SENSOR_EXTRA = 3223.000V
2026-01-23 05:44:30 - spektroskopi - INFO - Raspberry Pi'dan veri alındı: 6e400004-b5a3-f393-e0a9-e50e24dcca9e (Handle: 11): Unknown, uzunluk: 2
2026-01-23 05:44:30 - spektroskopi - INFO - Raspberry Pi verisi: Ham=1912, Voltaj=1912.000V
2026-01-23 05:44:30 - spektroskopi - INFO - Raspberry Pi verisi işlendi: SENSOR_7 = 1912.000V
2026-01-23 05:44:31 - spektroskopi - INFO - Raspberry Pi'dan veri alındı: 6e400003-b5a3-f393-e0a9-e50e24dcca9e (Handle: 8): Nordic UART TX, uzunluk: 2
2026-01-23 05:44:31 - spektroskopi - INFO - Raspberry Pi verisi: Ham=1606, Voltaj=1606.000V
2026-01-23 05:44:31 - spektroskopi - INFO - Raspberry Pi verisi işlendi: SENSOR_5 = 1606.000V
2026-01-23 05:44:31 - spektroskopi - INFO - Raspberry Pi'dan veri alındı: 6e400002-b5a3-f393-e0a9-e50e24dcca9e (Handle: 19): Nordic UART RX, uzunluk: 2
2026-01-23 05:44:31 - spektroskopi - INFO - Raspberry Pi verisi: Ham=3224, Voltaj=3224.000V
2026-01-23 05:44:31 - spektroskopi - INFO - Raspberry Pi verisi işlendi: SENSOR_2 = 3224.000V
2026-01-23 05:44:31 - spektroskopi - WARNING - Zaman sıralama düzeltildi (averaged): 2026-01-23 05:44:31.344065
2026-01-23 05:44:31 - spektroskopi - WARNING - Zaman sıralama düzeltildi (averaged): 2026-01-23 05:44:31.345065
2026-01-23 05:44:31 - spektroskopi - WARNING - Zaman sıralama düzeltildi (averaged): 2026-01-23 05:44:31.346065
2026-01-23 05:44:31 - spektroskopi - WARNING - Zaman sıralama düzeltildi (averaged): 2026-01-23 05:44:31.347065
2026-01-23 05:44:31 - spektroskopi - WARNING - Zaman sıralama düzeltildi (averaged): 2026-01-23 05:44:31.348065
2026-01-23 05:44:31 - spektroskopi - WARNING - RealTimePanel: UV_360nm raw data uzunluk uyumsuzluğu (timestamps: 322, data: 82)
2026-01-23 05:44:31 - spektroskopi - WARNING - RealTimePanel: UV_360nm calibrated data uzunluk uyumsuzluğu (timestamps: 322, data: 82)
2026-01-23 05:44:31 - spektroskopi - WARNING - RealTimePanel: Blue_450nm raw data uzunluk uyumsuzluğu (timestamps: 322, data: 80)
2026-01-23 05:44:31 - spektroskopi - WARNING - RealTimePanel: Blue_450nm calibrated data uzunluk uyumsuzluğu (timestamps: 322, data: 80)
2026-01-23 05:44:31 - spektroskopi - WARNING - RealTimePanel: IR_850nm raw data uzunluk uyumsuzluğu (timestamps: 322, data: 80)
2026-01-23 05:44:31 - spektroskopi - WARNING - RealTimePanel: IR_850nm calibrated data uzunluk uyumsuzluğu (timestamps: 322, data: 80)
2026-01-23 05:44:31 - spektroskopi - WARNING - RealTimePanel: IR_940nm raw data uzunluk uyumsuzluğu (timestamps: 322, data: 80)
2026-01-23 05:44:31 - spektroskopi - WARNING - RealTimePanel: IR_940nm calibrated data uzunluk uyumsuzluğu (timestamps: 322, data: 80)
2026-01-23 05:44:31 - spektroskopi - INFO - Raspberry Pi'dan veri alındı: 6e400005-b5a3-f393-e0a9-e50e24dcca9e (Handle: 16): Unknown, uzunluk: 2
2026-01-23 05:44:31 - spektroskopi - INFO - Raspberry Pi verisi: Ham=3225, Voltaj=3225.000V
2026-01-23 05:44:31 - spektroskopi - INFO - Raspberry Pi verisi işlendi: SENSOR_EXTRA = 3225.000V
2026-01-23 05:44:31 - spektroskopi - INFO - Raspberry Pi'dan veri alındı: 6e400004-b5a3-f393-e0a9-e50e24dcca9e (Handle: 11): Unknown, uzunluk: 2
2026-01-23 05:44:31 - spektroskopi - INFO - Raspberry Pi verisi: Ham=1912, Voltaj=1912.000V
2026-01-23 05:44:31 - spektroskopi - INFO - Raspberry Pi verisi işlendi: SENSOR_7 = 1912.000V
2026-01-23 05:44:32 - spektroskopi - INFO - Raspberry Pi'dan veri alındı: 6e400003-b5a3-f393-e0a9-e50e24dcca9e (Handle: 8): Nordic UART TX, uzunluk: 2
2026-01-23 05:44:32 - spektroskopi - INFO - Raspberry Pi verisi: Ham=1610, Voltaj=1610.000V
2026-01-23 05:44:32 - spektroskopi - INFO - Raspberry Pi verisi işlendi: SENSOR_5 = 1610.000V
2026-01-23 05:44:32 - spektroskopi - INFO - Raspberry Pi'dan veri alındı: 6e400002-b5a3-f393-e0a9-e50e24dcca9e (Handle: 19): Nordic UART RX, uzunluk: 2
2026-01-23 05:44:32 - spektroskopi - INFO - Raspberry Pi verisi: Ham=3224, Voltaj=3224.000V
2026-01-23 05:44:32 - spektroskopi - INFO - Raspberry Pi verisi işlendi: SENSOR_2 = 3224.000V
2026-01-23 05:44:32 - spektroskopi - WARNING - Zaman sıralama düzeltildi (averaged): 2026-01-23 05:44:32.242645
2026-01-23 05:44:32 - spektroskopi - WARNING - Zaman sıralama düzeltildi (averaged): 2026-01-23 05:44:32.243645
2026-01-23 05:44:32 - spektroskopi - WARNING - Zaman sıralama düzeltildi (averaged): 2026-01-23 05:44:32.244645
2026-01-23 05:44:32 - spektroskopi - WARNING - Zaman sıralama düzeltildi (averaged): 2026-01-23 05:44:32.245645
2026-01-23 05:44:32 - spektroskopi - WARNING - RealTimePanel: UV_360nm raw data uzunluk uyumsuzluğu (timestamps: 330, data: 84)
2026-01-23 05:44:32 - spektroskopi - WARNING - RealTimePanel: UV_360nm calibrated data uzunluk uyumsuzluğu (timestamps: 330, data: 84)
2026-01-23 05:44:32 - spektroskopi - WARNING - RealTimePanel: Blue_450nm raw data uzunluk uyumsuzluğu (timestamps: 330, data: 82)
2026-01-23 05:44:32 - spektroskopi - WARNING - RealTimePanel: Blue_450nm calibrated data uzunluk uyumsuzluğu (timestamps: 330, data: 82)
2026-01-23 05:44:32 - spektroskopi - WARNING - RealTimePanel: IR_850nm raw data uzunluk uyumsuzluğu (timestamps: 330, data: 82)
2026-01-23 05:44:32 - spektroskopi - WARNING - RealTimePanel: IR_850nm calibrated data uzunluk uyumsuzluğu (timestamps: 330, data: 82)
2026-01-23 05:44:32 - spektroskopi - WARNING - RealTimePanel: IR_940nm raw data uzunluk uyumsuzluğu (timestamps: 330, data: 82)
2026-01-23 05:44:32 - spektroskopi - WARNING - RealTimePanel: IR_940nm calibrated data uzunluk uyumsuzluğu (timestamps: 330, data: 82)
2026-01-23 05:44:32 - spektroskopi - INFO - Raspberry Pi'dan veri alındı: 6e400005-b5a3-f393-e0a9-e50e24dcca9e (Handle: 16): Unknown, uzunluk: 2
2026-01-23 05:44:32 - spektroskopi - INFO - Raspberry Pi verisi: Ham=3224, Voltaj=3224.000V
2026-01-23 05:44:32 - spektroskopi - INFO - Raspberry Pi verisi işlendi: SENSOR_EXTRA = 3224.000V
2026-01-23 05:44:32 - spektroskopi - INFO - Raspberry Pi'dan veri alındı: 6e400004-b5a3-f393-e0a9-e50e24dcca9e (Handle: 11): Unknown, uzunluk: 2
2026-01-23 05:44:32 - spektroskopi - INFO - Raspberry Pi verisi: Ham=1909, Voltaj=1909.000V
2026-01-23 05:44:32 - spektroskopi - INFO - Raspberry Pi verisi işlendi: SENSOR_7 = 1909.000V
2026-01-23 05:44:32 - spektroskopi - INFO - Raspberry Pi'dan veri alındı: 6e400003-b5a3-f393-e0a9-e50e24dcca9e (Handle: 8): Nordic UART TX, uzunluk: 2
2026-01-23 05:44:32 - spektroskopi - INFO - Raspberry Pi verisi: Ham=1609, Voltaj=1609.000V
2026-01-23 05:44:32 - spektroskopi - INFO - Raspberry Pi verisi işlendi: SENSOR_5 = 1609.000V
2026-01-23 05:44:33 - spektroskopi - INFO - Raspberry Pi'dan veri alındı: 6e400002-b5a3-f393-e0a9-e50e24dcca9e (Handle: 19): Nordic UART RX, uzunluk: 2
2026-01-23 05:44:33 - spektroskopi - INFO - Raspberry Pi verisi: Ham=3224, Voltaj=3224.000V
2026-01-23 05:44:33 - spektroskopi - INFO - Raspberry Pi verisi işlendi: SENSOR_2 = 3224.000V
2026-01-23 05:44:33 - spektroskopi - INFO - Raspberry Pi'dan veri alındı: 6e400005-b5a3-f393-e0a9-e50e24dcca9e (Handle: 16): Unknown, uzunluk: 2
2026-01-23 05:44:33 - spektroskopi - INFO - Raspberry Pi verisi: Ham=3224, Voltaj=3224.000V
2026-01-23 05:44:33 - spektroskopi - INFO - Raspberry Pi verisi işlendi: SENSOR_EXTRA = 3224.000V
2026-01-23 05:44:33 - spektroskopi - WARNING - Zaman sıralama düzeltildi (averaged): 2026-01-23 05:44:33.382556
2026-01-23 05:44:33 - spektroskopi - WARNING - Zaman sıralama düzeltildi (averaged): 2026-01-23 05:44:33.383556
2026-01-23 05:44:33 - spektroskopi - WARNING - Zaman sıralama düzeltildi (averaged): 2026-01-23 05:44:33.384556
2026-01-23 05:44:33 - spektroskopi - WARNING - Zaman sıralama düzeltildi (averaged): 2026-01-23 05:44:33.385556
2026-01-23 05:44:33 - spektroskopi - WARNING - Zaman sıralama düzeltildi (averaged): 2026-01-23 05:44:33.386556
2026-01-23 05:44:33 - spektroskopi - WARNING - RealTimePanel: UV_360nm raw data uzunluk uyumsuzluğu (timestamps: 340, data: 86)
2026-01-23 05:44:33 - spektroskopi - WARNING - RealTimePanel: UV_360nm calibrated data uzunluk uyumsuzluğu (timestamps: 340, data: 86)
2026-01-23 05:44:33 - spektroskopi - WARNING - RealTimePanel: Blue_450nm raw data uzunluk uyumsuzluğu (timestamps: 340, data: 86)
2026-01-23 05:44:33 - spektroskopi - WARNING - RealTimePanel: Blue_450nm calibrated data uzunluk uyumsuzluğu (timestamps: 340, data: 86)
2026-01-23 05:44:33 - spektroskopi - WARNING - RealTimePanel: IR_850nm raw data uzunluk uyumsuzluğu (timestamps: 340, data: 84)
2026-01-23 05:44:33 - spektroskopi - WARNING - RealTimePanel: IR_850nm calibrated data uzunluk uyumsuzluğu (timestamps: 340, data: 84)
2026-01-23 05:44:33 - spektroskopi - WARNING - RealTimePanel: IR_940nm raw data uzunluk uyumsuzluğu (timestamps: 340, data: 84)
2026-01-23 05:44:33 - spektroskopi - WARNING - RealTimePanel: IR_940nm calibrated data uzunluk uyumsuzluğu (timestamps: 340, data: 84)
2026-01-23 05:44:33 - spektroskopi - INFO - Raspberry Pi'dan veri alındı: 6e400004-b5a3-f393-e0a9-e50e24dcca9e (Handle: 11): Unknown, uzunluk: 2
2026-01-23 05:44:33 - spektroskopi - INFO - Raspberry Pi verisi: Ham=1908, Voltaj=1908.000V
2026-01-23 05:44:33 - spektroskopi - INFO - Raspberry Pi verisi işlendi: SENSOR_7 = 1908.000V
2026-01-23 05:44:33 - spektroskopi - INFO - Raspberry Pi'dan veri alındı: 6e400003-b5a3-f393-e0a9-e50e24dcca9e (Handle: 8): Nordic UART TX, uzunluk: 2
2026-01-23 05:44:33 - spektroskopi - INFO - Raspberry Pi verisi: Ham=1608, Voltaj=1608.000V
2026-01-23 05:44:33 - spektroskopi - INFO - Raspberry Pi verisi işlendi: SENSOR_5 = 1608.000V
2026-01-23 05:44:33 - spektroskopi - INFO - Raspberry Pi'dan veri alındı: 6e400002-b5a3-f393-e0a9-e50e24dcca9e (Handle: 19): Nordic UART RX, uzunluk: 2
2026-01-23 05:44:33 - spektroskopi - INFO - Raspberry Pi verisi: Ham=3224, Voltaj=3224.000V
2026-01-23 05:44:33 - spektroskopi - INFO - Raspberry Pi verisi işlendi: SENSOR_2 = 3224.000V
2026-01-23 05:44:34 - spektroskopi - INFO - Raspberry Pi'dan veri alındı: 6e400005-b5a3-f393-e0a9-e50e24dcca9e (Handle: 16): Unknown, uzunluk: 2
2026-01-23 05:44:34 - spektroskopi - INFO - Raspberry Pi verisi: Ham=3225, Voltaj=3225.000V
2026-01-23 05:44:34 - spektroskopi - INFO - Raspberry Pi verisi işlendi: SENSOR_EXTRA = 3225.000V
2026-01-23 05:44:34 - spektroskopi - WARNING - Zaman sıralama düzeltildi (averaged): 2026-01-23 05:44:34.253513
2026-01-23 05:44:34 - spektroskopi - WARNING - Zaman sıralama düzeltildi (averaged): 2026-01-23 05:44:34.254513
2026-01-23 05:44:34 - spektroskopi - WARNING - Zaman sıralama düzeltildi (averaged): 2026-01-23 05:44:34.255513
2026-01-23 05:44:34 - spektroskopi - WARNING - Zaman sıralama düzeltildi (averaged): 2026-01-23 05:44:34.256513
2026-01-23 05:44:34 - spektroskopi - WARNING - RealTimePanel: UV_360nm raw data uzunluk uyumsuzluğu (timestamps: 348, data: 88)
2026-01-23 05:44:34 - spektroskopi - WARNING - RealTimePanel: UV_360nm calibrated data uzunluk uyumsuzluğu (timestamps: 348, data: 88)
2026-01-23 05:44:34 - spektroskopi - WARNING - RealTimePanel: Blue_450nm raw data uzunluk uyumsuzluğu (timestamps: 348, data: 88)
2026-01-23 05:44:34 - spektroskopi - WARNING - RealTimePanel: Blue_450nm calibrated data uzunluk uyumsuzluğu (timestamps: 348, data: 88)
2026-01-23 05:44:34 - spektroskopi - WARNING - RealTimePanel: IR_850nm raw data uzunluk uyumsuzluğu (timestamps: 348, data: 86)
2026-01-23 05:44:34 - spektroskopi - WARNING - RealTimePanel: IR_850nm calibrated data uzunluk uyumsuzluğu (timestamps: 348, data: 86)
2026-01-23 05:44:34 - spektroskopi - WARNING - RealTimePanel: IR_940nm raw data uzunluk uyumsuzluğu (timestamps: 348, data: 86)
2026-01-23 05:44:34 - spektroskopi - WARNING - RealTimePanel: IR_940nm calibrated data uzunluk uyumsuzluğu (timestamps: 348, data: 86)
2026-01-23 05:44:34 - spektroskopi - INFO - Raspberry Pi'dan veri alındı: 6e400004-b5a3-f393-e0a9-e50e24dcca9e (Handle: 11): Unknown, uzunluk: 2
2026-01-23 05:44:34 - spektroskopi - INFO - Raspberry Pi verisi: Ham=1907, Voltaj=1907.000V
2026-01-23 05:44:34 - spektroskopi - INFO - Raspberry Pi verisi işlendi: SENSOR_7 = 1907.000V
2026-01-23 05:44:34 - spektroskopi - INFO - Raspberry Pi'dan veri alındı: 6e400003-b5a3-f393-e0a9-e50e24dcca9e (Handle: 8): Nordic UART TX, uzunluk: 2
2026-01-23 05:44:34 - spektroskopi - INFO - Raspberry Pi verisi: Ham=1610, Voltaj=1610.000V
2026-01-23 05:44:34 - spektroskopi - INFO - Raspberry Pi verisi işlendi: SENSOR_5 = 1610.000V
2026-01-23 05:44:34 - spektroskopi - INFO - Raspberry Pi'dan veri alındı: 6e400002-b5a3-f393-e0a9-e50e24dcca9e (Handle: 19): Nordic UART RX, uzunluk: 2
2026-01-23 05:44:34 - spektroskopi - INFO - Raspberry Pi verisi: Ham=3225, Voltaj=3225.000V
2026-01-23 05:44:34 - spektroskopi - INFO - Raspberry Pi verisi işlendi: SENSOR_2 = 3225.000V
2026-01-23 05:44:35 - spektroskopi - INFO - Raspberry Pi'dan veri alındı: 6e400005-b5a3-f393-e0a9-e50e24dcca9e (Handle: 16): Unknown, uzunluk: 2
2026-01-23 05:44:35 - spektroskopi - INFO - Raspberry Pi verisi: Ham=3225, Voltaj=3225.000V
2026-01-23 05:44:35 - spektroskopi - INFO - Raspberry Pi verisi işlendi: SENSOR_EXTRA = 3225.000V
2026-01-23 05:44:35 - spektroskopi - INFO - Raspberry Pi'dan veri alındı: 6e400004-b5a3-f393-e0a9-e50e24dcca9e (Handle: 11): Unknown, uzunluk: 2
2026-01-23 05:44:35 - spektroskopi - INFO - Raspberry Pi verisi: Ham=1909, Voltaj=1909.000V
2026-01-23 05:44:35 - spektroskopi - INFO - Raspberry Pi verisi işlendi: SENSOR_7 = 1909.000V
2026-01-23 05:44:35 - spektroskopi - WARNING - Zaman sıralama düzeltildi (averaged): 2026-01-23 05:44:35.393298
2026-01-23 05:44:35 - spektroskopi - WARNING - Zaman sıralama düzeltildi (averaged): 2026-01-23 05:44:35.394298
2026-01-23 05:44:35 - spektroskopi - WARNING - Zaman sıralama düzeltildi (averaged): 2026-01-23 05:44:35.395298
2026-01-23 05:44:35 - spektroskopi - WARNING - Zaman sıralama düzeltildi (averaged): 2026-01-23 05:44:35.396298
2026-01-23 05:44:35 - spektroskopi - WARNING - Zaman sıralama düzeltildi (averaged): 2026-01-23 05:44:35.397298
2026-01-23 05:44:35 - spektroskopi - WARNING - RealTimePanel: UV_360nm raw data uzunluk uyumsuzluğu (timestamps: 358, data: 90)
2026-01-23 05:44:35 - spektroskopi - WARNING - RealTimePanel: UV_360nm calibrated data uzunluk uyumsuzluğu (timestamps: 358, data: 90)
2026-01-23 05:44:35 - spektroskopi - WARNING - RealTimePanel: Blue_450nm raw data uzunluk uyumsuzluğu (timestamps: 358, data: 90)
2026-01-23 05:44:35 - spektroskopi - WARNING - RealTimePanel: Blue_450nm calibrated data uzunluk uyumsuzluğu (timestamps: 358, data: 90)
2026-01-23 05:44:35 - spektroskopi - WARNING - RealTimePanel: IR_850nm raw data uzunluk uyumsuzluğu (timestamps: 358, data: 90)
2026-01-23 05:44:35 - spektroskopi - WARNING - RealTimePanel: IR_850nm calibrated data uzunluk uyumsuzluğu (timestamps: 358, data: 90)
2026-01-23 05:44:35 - spektroskopi - WARNING - RealTimePanel: IR_940nm raw data uzunluk uyumsuzluğu (timestamps: 358, data: 88)
2026-01-23 05:44:35 - spektroskopi - WARNING - RealTimePanel: IR_940nm calibrated data uzunluk uyumsuzluğu (timestamps: 358, data: 88)
2026-01-23 05:44:35 - spektroskopi - INFO - Raspberry Pi'dan veri alındı: 6e400003-b5a3-f393-e0a9-e50e24dcca9e (Handle: 8): Nordic UART TX, uzunluk: 2
2026-01-23 05:44:35 - spektroskopi - INFO - Raspberry Pi verisi: Ham=1605, Voltaj=1605.000V
2026-01-23 05:44:35 - spektroskopi - INFO - Raspberry Pi verisi işlendi: SENSOR_5 = 1605.000V
2026-01-23 05:44:35 - spektroskopi - INFO - Raspberry Pi'dan veri alındı: 6e400002-b5a3-f393-e0a9-e50e24dcca9e (Handle: 19): Nordic UART RX, uzunluk: 2
2026-01-23 05:44:35 - spektroskopi - INFO - Raspberry Pi verisi: Ham=3224, Voltaj=3224.000V
2026-01-23 05:44:35 - spektroskopi - INFO - Raspberry Pi verisi işlendi: SENSOR_2 = 3224.000V
2026-01-23 05:44:36 - spektroskopi - INFO - Raspberry Pi'dan veri alındı: 6e400005-b5a3-f393-e0a9-e50e24dcca9e (Handle: 16): Unknown, uzunluk: 2
2026-01-23 05:44:36 - spektroskopi - INFO - Raspberry Pi verisi: Ham=3223, Voltaj=3223.000V
2026-01-23 05:44:36 - spektroskopi - INFO - Raspberry Pi verisi işlendi: SENSOR_EXTRA = 3223.000V
2026-01-23 05:44:36 - spektroskopi - INFO - Raspberry Pi'dan veri alındı: 6e400004-b5a3-f393-e0a9-e50e24dcca9e (Handle: 11): Unknown, uzunluk: 2
2026-01-23 05:44:36 - spektroskopi - INFO - Raspberry Pi verisi: Ham=1906, Voltaj=1906.000V
2026-01-23 05:44:36 - spektroskopi - INFO - Raspberry Pi verisi işlendi: SENSOR_7 = 1906.000V
2026-01-23 05:44:36 - spektroskopi - WARNING - Zaman sıralama düzeltildi (averaged): 2026-01-23 05:44:36.263523
2026-01-23 05:44:36 - spektroskopi - WARNING - Zaman sıralama düzeltildi (averaged): 2026-01-23 05:44:36.264523
2026-01-23 05:44:36 - spektroskopi - WARNING - Zaman sıralama düzeltildi (averaged): 2026-01-23 05:44:36.265523
2026-01-23 05:44:36 - spektroskopi - WARNING - Zaman sıralama düzeltildi (averaged): 2026-01-23 05:44:36.266523
2026-01-23 05:44:36 - spektroskopi - WARNING - RealTimePanel: UV_360nm raw data uzunluk uyumsuzluğu (timestamps: 366, data: 92)
2026-01-23 05:44:36 - spektroskopi - WARNING - RealTimePanel: UV_360nm calibrated data uzunluk uyumsuzluğu (timestamps: 366, data: 92)
2026-01-23 05:44:36 - spektroskopi - WARNING - RealTimePanel: Blue_450nm raw data uzunluk uyumsuzluğu (timestamps: 366, data: 92)
2026-01-23 05:44:36 - spektroskopi - WARNING - RealTimePanel: Blue_450nm calibrated data uzunluk uyumsuzluğu (timestamps: 366, data: 92)
2026-01-23 05:44:36 - spektroskopi - WARNING - RealTimePanel: IR_850nm raw data uzunluk uyumsuzluğu (timestamps: 366, data: 92)
2026-01-23 05:44:36 - spektroskopi - WARNING - RealTimePanel: IR_850nm calibrated data uzunluk uyumsuzluğu (timestamps: 366, data: 92)
2026-01-23 05:44:36 - spektroskopi - WARNING - RealTimePanel: IR_940nm raw data uzunluk uyumsuzluğu (timestamps: 366, data: 90)
2026-01-23 05:44:36 - spektroskopi - WARNING - RealTimePanel: IR_940nm calibrated data uzunluk uyumsuzluğu (timestamps: 366, data: 90)
2026-01-23 05:44:36 - spektroskopi - INFO - Raspberry Pi'dan veri alındı: 6e400003-b5a3-f393-e0a9-e50e24dcca9e (Handle: 8): Nordic UART TX, uzunluk: 2
2026-01-23 05:44:36 - spektroskopi - INFO - Raspberry Pi verisi: Ham=1606, Voltaj=1606.000V
2026-01-23 05:44:36 - spektroskopi - INFO - Raspberry Pi verisi işlendi: SENSOR_5 = 1606.000V
2026-01-23 05:44:36 - spektroskopi - INFO - Raspberry Pi'dan veri alındı: 6e400002-b5a3-f393-e0a9-e50e24dcca9e (Handle: 19): Nordic UART RX, uzunluk: 2
2026-01-23 05:44:36 - spektroskopi - INFO - Raspberry Pi verisi: Ham=3224, Voltaj=3224.000V
2026-01-23 05:44:36 - spektroskopi - INFO - Raspberry Pi verisi işlendi: SENSOR_2 = 3224.000V
2026-01-23 05:44:36 - spektroskopi - INFO - Raspberry Pi'dan veri alındı: 6e400005-b5a3-f393-e0a9-e50e24dcca9e (Handle: 16): Unknown, uzunluk: 2
2026-01-23 05:44:36 - spektroskopi - INFO - Raspberry Pi verisi: Ham=3224, Voltaj=3224.000V
2026-01-23 05:44:36 - spektroskopi - INFO - Raspberry Pi verisi işlendi: SENSOR_EXTRA = 3224.000V
2026-01-23 05:44:37 - spektroskopi - INFO - Raspberry Pi'dan veri alındı: 6e400004-b5a3-f393-e0a9-e50e24dcca9e (Handle: 11): Unknown, uzunluk: 2
2026-01-23 05:44:37 - spektroskopi - INFO - Raspberry Pi verisi: Ham=1910, Voltaj=1910.000V
2026-01-23 05:44:37 - spektroskopi - INFO - Raspberry Pi verisi işlendi: SENSOR_7 = 1910.000V
2026-01-23 05:44:37 - spektroskopi - INFO - Raspberry Pi'dan veri alındı: 6e400003-b5a3-f393-e0a9-e50e24dcca9e (Handle: 8): Nordic UART TX, uzunluk: 2
2026-01-23 05:44:37 - spektroskopi - INFO - Raspberry Pi verisi: Ham=1605, Voltaj=1605.000V
2026-01-23 05:44:37 - spektroskopi - INFO - Raspberry Pi verisi işlendi: SENSOR_5 = 1605.000V
2026-01-23 05:44:37 - spektroskopi - WARNING - Zaman sıralama düzeltildi (averaged): 2026-01-23 05:44:37.403359
2026-01-23 05:44:37 - spektroskopi - WARNING - Zaman sıralama düzeltildi (averaged): 2026-01-23 05:44:37.404359
2026-01-23 05:44:37 - spektroskopi - WARNING - Zaman sıralama düzeltildi (averaged): 2026-01-23 05:44:37.405359
2026-01-23 05:44:37 - spektroskopi - WARNING - Zaman sıralama düzeltildi (averaged): 2026-01-23 05:44:37.406359
2026-01-23 05:44:37 - spektroskopi - WARNING - Zaman sıralama düzeltildi (averaged): 2026-01-23 05:44:37.407359
2026-01-23 05:44:37 - spektroskopi - WARNING - RealTimePanel: UV_360nm raw data uzunluk uyumsuzluğu (timestamps: 376, data: 94)
2026-01-23 05:44:37 - spektroskopi - WARNING - RealTimePanel: UV_360nm calibrated data uzunluk uyumsuzluğu (timestamps: 376, data: 94)
2026-01-23 05:44:37 - spektroskopi - WARNING - RealTimePanel: Blue_450nm raw data uzunluk uyumsuzluğu (timestamps: 376, data: 94)
2026-01-23 05:44:37 - spektroskopi - WARNING - RealTimePanel: Blue_450nm calibrated data uzunluk uyumsuzluğu (timestamps: 376, data: 94)
2026-01-23 05:44:37 - spektroskopi - WARNING - RealTimePanel: IR_850nm raw data uzunluk uyumsuzluğu (timestamps: 376, data: 94)
2026-01-23 05:44:37 - spektroskopi - WARNING - RealTimePanel: IR_850nm calibrated data uzunluk uyumsuzluğu (timestamps: 376, data: 94)
2026-01-23 05:44:37 - spektroskopi - WARNING - RealTimePanel: IR_940nm raw data uzunluk uyumsuzluğu (timestamps: 376, data: 94)
2026-01-23 05:44:37 - spektroskopi - WARNING - RealTimePanel: IR_940nm calibrated data uzunluk uyumsuzluğu (timestamps: 376, data: 94)
2026-01-23 05:44:37 - spektroskopi - INFO - Raspberry Pi'dan veri alındı: 6e400002-b5a3-f393-e0a9-e50e24dcca9e (Handle: 19): Nordic UART RX, uzunluk: 2
2026-01-23 05:44:37 - spektroskopi - INFO - Raspberry Pi verisi: Ham=3224, Voltaj=3224.000V
2026-01-23 05:44:37 - spektroskopi - INFO - Raspberry Pi verisi işlendi: SENSOR_2 = 3224.000V
2026-01-23 05:44:37 - spektroskopi - INFO - Raspberry Pi'dan veri alındı: 6e400005-b5a3-f393-e0a9-e50e24dcca9e (Handle: 16): Unknown, uzunluk: 2
2026-01-23 05:44:37 - spektroskopi - INFO - Raspberry Pi verisi: Ham=3224, Voltaj=3224.000V
2026-01-23 05:44:37 - spektroskopi - INFO - Raspberry Pi verisi işlendi: SENSOR_EXTRA = 3224.000V
2026-01-23 05:44:38 - spektroskopi - INFO - Raspberry Pi'dan veri alındı: 6e400004-b5a3-f393-e0a9-e50e24dcca9e (Handle: 11): Unknown, uzunluk: 2
2026-01-23 05:44:38 - spektroskopi - INFO - Raspberry Pi verisi: Ham=1910, Voltaj=1910.000V
2026-01-23 05:44:38 - spektroskopi - INFO - Raspberry Pi verisi işlendi: SENSOR_7 = 1910.000V
2026-01-23 05:44:38 - spektroskopi - INFO - Raspberry Pi'dan veri alındı: 6e400003-b5a3-f393-e0a9-e50e24dcca9e (Handle: 8): Nordic UART TX, uzunluk: 2
2026-01-23 05:44:38 - spektroskopi - INFO - Raspberry Pi verisi: Ham=1609, Voltaj=1609.000V
2026-01-23 05:44:38 - spektroskopi - INFO - Raspberry Pi verisi işlendi: SENSOR_5 = 1609.000V
2026-01-23 05:44:38 - spektroskopi - INFO - Raspberry Pi'dan veri alındı: 6e400002-b5a3-f393-e0a9-e50e24dcca9e (Handle: 19): Nordic UART RX, uzunluk: 2
2026-01-23 05:44:38 - spektroskopi - INFO - Raspberry Pi verisi: Ham=3224, Voltaj=3224.000V
2026-01-23 05:44:38 - spektroskopi - INFO - Raspberry Pi verisi işlendi: SENSOR_2 = 3224.000V
2026-01-23 05:44:38 - spektroskopi - WARNING - Zaman sıralama düzeltildi (averaged): 2026-01-23 05:44:38.393144
2026-01-23 05:44:38 - spektroskopi - WARNING - Zaman sıralama düzeltildi (averaged): 2026-01-23 05:44:38.394144
2026-01-23 05:44:38 - spektroskopi - WARNING - Zaman sıralama düzeltildi (averaged): 2026-01-23 05:44:38.395144
2026-01-23 05:44:38 - spektroskopi - WARNING - Zaman sıralama düzeltildi (averaged): 2026-01-23 05:44:38.396144
2026-01-23 05:44:38 - spektroskopi - WARNING - Zaman sıralama düzeltildi (averaged): 2026-01-23 05:44:38.397144
2026-01-23 05:44:38 - spektroskopi - WARNING - RealTimePanel: UV_360nm raw data uzunluk uyumsuzluğu (timestamps: 386, data: 98)
2026-01-23 05:44:38 - spektroskopi - WARNING - RealTimePanel: UV_360nm calibrated data uzunluk uyumsuzluğu (timestamps: 386, data: 98)
2026-01-23 05:44:38 - spektroskopi - WARNING - RealTimePanel: Blue_450nm raw data uzunluk uyumsuzluğu (timestamps: 386, data: 96)
2026-01-23 05:44:38 - spektroskopi - WARNING - RealTimePanel: Blue_450nm calibrated data uzunluk uyumsuzluğu (timestamps: 386, data: 96)
2026-01-23 05:44:38 - spektroskopi - WARNING - RealTimePanel: IR_850nm raw data uzunluk uyumsuzluğu (timestamps: 386, data: 96)
2026-01-23 05:44:38 - spektroskopi - WARNING - RealTimePanel: IR_850nm calibrated data uzunluk uyumsuzluğu (timestamps: 386, data: 96)
2026-01-23 05:44:38 - spektroskopi - WARNING - RealTimePanel: IR_940nm raw data uzunluk uyumsuzluğu (timestamps: 386, data: 96)
2026-01-23 05:44:38 - spektroskopi - WARNING - RealTimePanel: IR_940nm calibrated data uzunluk uyumsuzluğu (timestamps: 386, data: 96)
2026-01-23 05:44:38 - spektroskopi - INFO - Raspberry Pi'dan veri alındı: 6e400005-b5a3-f393-e0a9-e50e24dcca9e (Handle: 16): Unknown, uzunluk: 2
2026-01-23 05:44:38 - spektroskopi - INFO - Raspberry Pi verisi: Ham=3224, Voltaj=3224.000V
2026-01-23 05:44:38 - spektroskopi - INFO - Raspberry Pi verisi işlendi: SENSOR_EXTRA = 3224.000V
2026-01-23 05:44:38 - spektroskopi - INFO - Raspberry Pi'dan veri alındı: 6e400004-b5a3-f393-e0a9-e50e24dcca9e (Handle: 11): Unknown, uzunluk: 2
2026-01-23 05:44:38 - spektroskopi - INFO - Raspberry Pi verisi: Ham=1908, Voltaj=1908.000V
2026-01-23 05:44:38 - spektroskopi - INFO - Raspberry Pi verisi işlendi: SENSOR_7 = 1908.000V
2026-01-23 05:44:39 - spektroskopi - INFO - Raspberry Pi'dan veri alındı: 6e400003-b5a3-f393-e0a9-e50e24dcca9e (Handle: 8): Nordic UART TX, uzunluk: 2
2026-01-23 05:44:39 - spektroskopi - INFO - Raspberry Pi verisi: Ham=1603, Voltaj=1603.000V
2026-01-23 05:44:39 - spektroskopi - INFO - Raspberry Pi verisi işlendi: SENSOR_5 = 1603.000V
2026-01-23 05:44:39 - spektroskopi - INFO - Raspberry Pi'dan veri alındı: 6e400002-b5a3-f393-e0a9-e50e24dcca9e (Handle: 19): Nordic UART RX, uzunluk: 2
2026-01-23 05:44:39 - spektroskopi - INFO - Raspberry Pi verisi: Ham=3223, Voltaj=3223.000V
2026-01-23 05:44:39 - spektroskopi - INFO - Raspberry Pi verisi işlendi: SENSOR_2 = 3223.000V
2026-01-23 05:44:39 - spektroskopi - WARNING - Zaman sıralama düzeltildi (averaged): 2026-01-23 05:44:39.262532
2026-01-23 05:44:39 - spektroskopi - WARNING - Zaman sıralama düzeltildi (averaged): 2026-01-23 05:44:39.263532
2026-01-23 05:44:39 - spektroskopi - WARNING - Zaman sıralama düzeltildi (averaged): 2026-01-23 05:44:39.264532
2026-01-23 05:44:39 - spektroskopi - WARNING - Zaman sıralama düzeltildi (averaged): 2026-01-23 05:44:39.265532
2026-01-23 05:44:39 - spektroskopi - WARNING - RealTimePanel: UV_360nm raw data uzunluk uyumsuzluğu (timestamps: 394, data: 100)
2026-01-23 05:44:39 - spektroskopi - WARNING - RealTimePanel: UV_360nm calibrated data uzunluk uyumsuzluğu (timestamps: 394, data: 100)
2026-01-23 05:44:39 - spektroskopi - WARNING - RealTimePanel: Blue_450nm raw data uzunluk uyumsuzluğu (timestamps: 394, data: 98)
2026-01-23 05:44:39 - spektroskopi - WARNING - RealTimePanel: Blue_450nm calibrated data uzunluk uyumsuzluğu (timestamps: 394, data: 98)
2026-01-23 05:44:39 - spektroskopi - WARNING - RealTimePanel: IR_850nm raw data uzunluk uyumsuzluğu (timestamps: 394, data: 98)
2026-01-23 05:44:39 - spektroskopi - WARNING - RealTimePanel: IR_850nm calibrated data uzunluk uyumsuzluğu (timestamps: 394, data: 98)
2026-01-23 05:44:39 - spektroskopi - WARNING - RealTimePanel: IR_940nm raw data uzunluk uyumsuzluğu (timestamps: 394, data: 98)
2026-01-23 05:44:39 - spektroskopi - WARNING - RealTimePanel: IR_940nm calibrated data uzunluk uyumsuzluğu (timestamps: 394, data: 98)
2026-01-23 05:44:39 - spektroskopi - INFO - Raspberry Pi'dan veri alındı: 6e400005-b5a3-f393-e0a9-e50e24dcca9e (Handle: 16): Unknown, uzunluk: 2
2026-01-23 05:44:39 - spektroskopi - INFO - Raspberry Pi verisi: Ham=3223, Voltaj=3223.000V
2026-01-23 05:44:39 - spektroskopi - INFO - Raspberry Pi verisi işlendi: SENSOR_EXTRA = 3223.000V
2026-01-23 05:44:39 - spektroskopi - INFO - Raspberry Pi'dan veri alındı: 6e400004-b5a3-f393-e0a9-e50e24dcca9e (Handle: 11): Unknown, uzunluk: 2
2026-01-23 05:44:39 - spektroskopi - INFO - Raspberry Pi verisi: Ham=1909, Voltaj=1909.000V
2026-01-23 05:44:39 - spektroskopi - INFO - Raspberry Pi verisi işlendi: SENSOR_7 = 1909.000V
2026-01-23 05:44:40 - spektroskopi - INFO - Raspberry Pi'dan veri alındı: 6e400003-b5a3-f393-e0a9-e50e24dcca9e (Handle: 8): Nordic UART TX, uzunluk: 2
2026-01-23 05:44:40 - spektroskopi - INFO - Raspberry Pi verisi: Ham=1608, Voltaj=1608.000V
2026-01-23 05:44:40 - spektroskopi - INFO - Raspberry Pi verisi işlendi: SENSOR_5 = 1608.000V
2026-01-23 05:44:40 - spektroskopi - INFO - Raspberry Pi'dan veri alındı: 6e400002-b5a3-f393-e0a9-e50e24dcca9e (Handle: 19): Nordic UART RX, uzunluk: 2
2026-01-23 05:44:40 - spektroskopi - INFO - Raspberry Pi verisi: Ham=3222, Voltaj=3222.000V
2026-01-23 05:44:40 - spektroskopi - INFO - Raspberry Pi verisi işlendi: SENSOR_2 = 3222.000V
2026-01-23 05:44:40 - spektroskopi - INFO - Raspberry Pi'dan veri alındı: 6e400005-b5a3-f393-e0a9-e50e24dcca9e (Handle: 16): Unknown, uzunluk: 2
2026-01-23 05:44:40 - spektroskopi - INFO - Raspberry Pi verisi: Ham=3224, Voltaj=3224.000V
2026-01-23 05:44:40 - spektroskopi - INFO - Raspberry Pi verisi işlendi: SENSOR_EXTRA = 3224.000V
2026-01-23 05:44:40 - spektroskopi - WARNING - Zaman sıralama düzeltildi (averaged): 2026-01-23 05:44:40.403940
2026-01-23 05:44:40 - spektroskopi - WARNING - Zaman sıralama düzeltildi (averaged): 2026-01-23 05:44:40.404940
2026-01-23 05:44:40 - spektroskopi - WARNING - Zaman sıralama düzeltildi (averaged): 2026-01-23 05:44:40.405940
2026-01-23 05:44:40 - spektroskopi - WARNING - Zaman sıralama düzeltildi (averaged): 2026-01-23 05:44:40.406940
2026-01-23 05:44:40 - spektroskopi - WARNING - Zaman sıralama düzeltildi (averaged): 2026-01-23 05:44:40.407940
2026-01-23 05:44:40 - spektroskopi - WARNING - RealTimePanel: UV_360nm raw data uzunluk uyumsuzluğu (timestamps: 404, data: 102)
2026-01-23 05:44:40 - spektroskopi - WARNING - RealTimePanel: UV_360nm calibrated data uzunluk uyumsuzluğu (timestamps: 404, data: 102)
2026-01-23 05:44:40 - spektroskopi - WARNING - RealTimePanel: Blue_450nm raw data uzunluk uyumsuzluğu (timestamps: 404, data: 102)
2026-01-23 05:44:40 - spektroskopi - WARNING - RealTimePanel: Blue_450nm calibrated data uzunluk uyumsuzluğu (timestamps: 404, data: 102)
2026-01-23 05:44:40 - spektroskopi - WARNING - RealTimePanel: IR_850nm raw data uzunluk uyumsuzluğu (timestamps: 404, data: 100)
2026-01-23 05:44:40 - spektroskopi - WARNING - RealTimePanel: IR_850nm calibrated data uzunluk uyumsuzluğu (timestamps: 404, data: 100)
2026-01-23 05:44:40 - spektroskopi - WARNING - RealTimePanel: IR_940nm raw data uzunluk uyumsuzluğu (timestamps: 404, data: 100)
2026-01-23 05:44:40 - spektroskopi - WARNING - RealTimePanel: IR_940nm calibrated data uzunluk uyumsuzluğu (timestamps: 404, data: 100)
2026-01-23 05:44:40 - spektroskopi - INFO - Raspberry Pi'dan veri alındı: 6e400004-b5a3-f393-e0a9-e50e24dcca9e (Handle: 11): Unknown, uzunluk: 2
2026-01-23 05:44:40 - spektroskopi - INFO - Raspberry Pi verisi: Ham=1909, Voltaj=1909.000V
2026-01-23 05:44:40 - spektroskopi - INFO - Raspberry Pi verisi işlendi: SENSOR_7 = 1909.000V
2026-01-23 05:44:40 - spektroskopi - INFO - Raspberry Pi'dan veri alındı: 6e400003-b5a3-f393-e0a9-e50e24dcca9e (Handle: 8): Nordic UART TX, uzunluk: 2
2026-01-23 05:44:40 - spektroskopi - INFO - Raspberry Pi verisi: Ham=1609, Voltaj=1609.000V
2026-01-23 05:44:40 - spektroskopi - INFO - Raspberry Pi verisi işlendi: SENSOR_5 = 1609.000V
2026-01-23 05:44:41 - spektroskopi - INFO - Raspberry Pi'dan veri alındı: 6e400002-b5a3-f393-e0a9-e50e24dcca9e (Handle: 19): Nordic UART RX, uzunluk: 2
2026-01-23 05:44:41 - spektroskopi - INFO - Raspberry Pi verisi: Ham=3224, Voltaj=3224.000V
2026-01-23 05:44:41 - spektroskopi - INFO - Raspberry Pi verisi işlendi: SENSOR_2 = 3224.000V
2026-01-23 05:44:41 - spektroskopi - INFO - Raspberry Pi'dan veri alındı: 6e400005-b5a3-f393-e0a9-e50e24dcca9e (Handle: 16): Unknown, uzunluk: 2
2026-01-23 05:44:41 - spektroskopi - INFO - Raspberry Pi verisi: Ham=3222, Voltaj=3222.000V
2026-01-23 05:44:41 - spektroskopi - INFO - Raspberry Pi verisi işlendi: SENSOR_EXTRA = 3222.000V
2026-01-23 05:44:41 - spektroskopi - WARNING - Zaman sıralama düzeltildi (averaged): 2026-01-23 05:44:41.302551
2026-01-23 05:44:41 - spektroskopi - WARNING - Zaman sıralama düzeltildi (averaged): 2026-01-23 05:44:41.303551
2026-01-23 05:44:41 - spektroskopi - WARNING - Zaman sıralama düzeltildi (averaged): 2026-01-23 05:44:41.304551
2026-01-23 05:44:41 - spektroskopi - WARNING - Zaman sıralama düzeltildi (averaged): 2026-01-23 05:44:41.305551
2026-01-23 05:44:41 - spektroskopi - WARNING - RealTimePanel: UV_360nm raw data uzunluk uyumsuzluğu (timestamps: 412, data: 104)
2026-01-23 05:44:41 - spektroskopi - WARNING - RealTimePanel: UV_360nm calibrated data uzunluk uyumsuzluğu (timestamps: 412, data: 104)
2026-01-23 05:44:41 - spektroskopi - WARNING - RealTimePanel: Blue_450nm raw data uzunluk uyumsuzluğu (timestamps: 412, data: 104)
2026-01-23 05:44:41 - spektroskopi - WARNING - RealTimePanel: Blue_450nm calibrated data uzunluk uyumsuzluğu (timestamps: 412, data: 104)
2026-01-23 05:44:41 - spektroskopi - WARNING - RealTimePanel: IR_850nm raw data uzunluk uyumsuzluğu (timestamps: 412, data: 102)
2026-01-23 05:44:41 - spektroskopi - WARNING - RealTimePanel: IR_850nm calibrated data uzunluk uyumsuzluğu (timestamps: 412, data: 102)
2026-01-23 05:44:41 - spektroskopi - WARNING - RealTimePanel: IR_940nm raw data uzunluk uyumsuzluğu (timestamps: 412, data: 102)
2026-01-23 05:44:41 - spektroskopi - WARNING - RealTimePanel: IR_940nm calibrated data uzunluk uyumsuzluğu (timestamps: 412, data: 102)
2026-01-23 05:44:41 - spektroskopi - INFO - Raspberry Pi'dan veri alındı: 6e400004-b5a3-f393-e0a9-e50e24dcca9e (Handle: 11): Unknown, uzunluk: 2
2026-01-23 05:44:41 - spektroskopi - INFO - Raspberry Pi verisi: Ham=1907, Voltaj=1907.000V
2026-01-23 05:44:41 - spektroskopi - INFO - Raspberry Pi verisi işlendi: SENSOR_7 = 1907.000V
2026-01-23 05:44:41 - spektroskopi - INFO - Raspberry Pi'dan veri alındı: 6e400003-b5a3-f393-e0a9-e50e24dcca9e (Handle: 8): Nordic UART TX, uzunluk: 2
2026-01-23 05:44:41 - spektroskopi - INFO - Raspberry Pi verisi: Ham=1608, Voltaj=1608.000V
2026-01-23 05:44:41 - spektroskopi - INFO - Raspberry Pi verisi işlendi: SENSOR_5 = 1608.000V
2026-01-23 05:44:41 - spektroskopi - INFO - Raspberry Pi'dan veri alındı: 6e400002-b5a3-f393-e0a9-e50e24dcca9e (Handle: 19): Nordic UART RX, uzunluk: 2
2026-01-23 05:44:41 - spektroskopi - INFO - Raspberry Pi verisi: Ham=3222, Voltaj=3222.000V
2026-01-23 05:44:41 - spektroskopi - INFO - Raspberry Pi verisi işlendi: SENSOR_2 = 3222.000V
2026-01-23 05:44:42 - spektroskopi - INFO - Raspberry Pi'dan veri alındı: 6e400005-b5a3-f393-e0a9-e50e24dcca9e (Handle: 16): Unknown, uzunluk: 2
2026-01-23 05:44:42 - spektroskopi - INFO - Raspberry Pi verisi: Ham=3223, Voltaj=3223.000V
2026-01-23 05:44:42 - spektroskopi - INFO - Raspberry Pi verisi işlendi: SENSOR_EXTRA = 3223.000V
2026-01-23 05:44:42 - spektroskopi - INFO - Raspberry Pi'dan veri alındı: 6e400004-b5a3-f393-e0a9-e50e24dcca9e (Handle: 11): Unknown, uzunluk: 2
2026-01-23 05:44:42 - spektroskopi - INFO - Raspberry Pi verisi: Ham=1908, Voltaj=1908.000V
2026-01-23 05:44:42 - spektroskopi - INFO - Raspberry Pi verisi işlendi: SENSOR_7 = 1908.000V
2026-01-23 05:44:42 - spektroskopi - WARNING - Zaman sıralama düzeltildi (averaged): 2026-01-23 05:44:42.442486
2026-01-23 05:44:42 - spektroskopi - WARNING - Zaman sıralama düzeltildi (averaged): 2026-01-23 05:44:42.443486
2026-01-23 05:44:42 - spektroskopi - WARNING - Zaman sıralama düzeltildi (averaged): 2026-01-23 05:44:42.444486
2026-01-23 05:44:42 - spektroskopi - WARNING - Zaman sıralama düzeltildi (averaged): 2026-01-23 05:44:42.445486
2026-01-23 05:44:42 - spektroskopi - WARNING - Zaman sıralama düzeltildi (averaged): 2026-01-23 05:44:42.446486
2026-01-23 05:44:42 - spektroskopi - WARNING - RealTimePanel: UV_360nm raw data uzunluk uyumsuzluğu (timestamps: 422, data: 106)
2026-01-23 05:44:42 - spektroskopi - WARNING - RealTimePanel: UV_360nm calibrated data uzunluk uyumsuzluğu (timestamps: 422, data: 106)
2026-01-23 05:44:42 - spektroskopi - WARNING - RealTimePanel: Blue_450nm raw data uzunluk uyumsuzluğu (timestamps: 422, data: 106)
2026-01-23 05:44:42 - spektroskopi - WARNING - RealTimePanel: Blue_450nm calibrated data uzunluk uyumsuzluğu (timestamps: 422, data: 106)
2026-01-23 05:44:42 - spektroskopi - WARNING - RealTimePanel: IR_850nm raw data uzunluk uyumsuzluğu (timestamps: 422, data: 106)
2026-01-23 05:44:42 - spektroskopi - WARNING - RealTimePanel: IR_850nm calibrated data uzunluk uyumsuzluğu (timestamps: 422, data: 106)
2026-01-23 05:44:42 - spektroskopi - WARNING - RealTimePanel: IR_940nm raw data uzunluk uyumsuzluğu (timestamps: 422, data: 104)
2026-01-23 05:44:42 - spektroskopi - WARNING - RealTimePanel: IR_940nm calibrated data uzunluk uyumsuzluğu (timestamps: 422, data: 104)
2026-01-23 05:44:42 - spektroskopi - INFO - Raspberry Pi'dan veri alındı: 6e400003-b5a3-f393-e0a9-e50e24dcca9e (Handle: 8): Nordic UART TX, uzunluk: 2
2026-01-23 05:44:42 - spektroskopi - INFO - Raspberry Pi verisi: Ham=1607, Voltaj=1607.000V
2026-01-23 05:44:42 - spektroskopi - INFO - Raspberry Pi verisi işlendi: SENSOR_5 = 1607.000V
2026-01-23 05:44:42 - spektroskopi - INFO - Raspberry Pi'dan veri alındı: 6e400002-b5a3-f393-e0a9-e50e24dcca9e (Handle: 19): Nordic UART RX, uzunluk: 2
2026-01-23 05:44:42 - spektroskopi - INFO - Raspberry Pi verisi: Ham=3224, Voltaj=3224.000V
2026-01-23 05:44:42 - spektroskopi - INFO - Raspberry Pi verisi işlendi: SENSOR_2 = 3224.000V
2026-01-23 05:44:43 - spektroskopi - INFO - Raspberry Pi'dan veri alındı: 6e400005-b5a3-f393-e0a9-e50e24dcca9e (Handle: 16): Unknown, uzunluk: 2
2026-01-23 05:44:43 - spektroskopi - INFO - Raspberry Pi verisi: Ham=3224, Voltaj=3224.000V
2026-01-23 05:44:43 - spektroskopi - INFO - Raspberry Pi verisi işlendi: SENSOR_EXTRA = 3224.000V
2026-01-23 05:44:43 - spektroskopi - INFO - Raspberry Pi'dan veri alındı: 6e400004-b5a3-f393-e0a9-e50e24dcca9e (Handle: 11): Unknown, uzunluk: 2
2026-01-23 05:44:43 - spektroskopi - INFO - Raspberry Pi verisi: Ham=1910, Voltaj=1910.000V
2026-01-23 05:44:43 - spektroskopi - INFO - Raspberry Pi verisi işlendi: SENSOR_7 = 1910.000V
2026-01-23 05:44:43 - spektroskopi - WARNING - Zaman sıralama düzeltildi (averaged): 2026-01-23 05:44:43.342527
2026-01-23 05:44:43 - spektroskopi - WARNING - Zaman sıralama düzeltildi (averaged): 2026-01-23 05:44:43.343527
2026-01-23 05:44:43 - spektroskopi - WARNING - Zaman sıralama düzeltildi (averaged): 2026-01-23 05:44:43.344527
2026-01-23 05:44:43 - spektroskopi - WARNING - Zaman sıralama düzeltildi (averaged): 2026-01-23 05:44:43.345527
2026-01-23 05:44:43 - spektroskopi - WARNING - RealTimePanel: UV_360nm raw data uzunluk uyumsuzluğu (timestamps: 430, data: 108)
2026-01-23 05:44:43 - spektroskopi - WARNING - RealTimePanel: UV_360nm calibrated data uzunluk uyumsuzluğu (timestamps: 430, data: 108)
2026-01-23 05:44:43 - spektroskopi - WARNING - RealTimePanel: Blue_450nm raw data uzunluk uyumsuzluğu (timestamps: 430, data: 108)
2026-01-23 05:44:43 - spektroskopi - WARNING - RealTimePanel: Blue_450nm calibrated data uzunluk uyumsuzluğu (timestamps: 430, data: 108)
2026-01-23 05:44:43 - spektroskopi - WARNING - RealTimePanel: IR_850nm raw data uzunluk uyumsuzluğu (timestamps: 430, data: 108)
2026-01-23 05:44:43 - spektroskopi - WARNING - RealTimePanel: IR_850nm calibrated data uzunluk uyumsuzluğu (timestamps: 430, data: 108)
2026-01-23 05:44:43 - spektroskopi - WARNING - RealTimePanel: IR_940nm raw data uzunluk uyumsuzluğu (timestamps: 430, data: 106)
2026-01-23 05:44:43 - spektroskopi - WARNING - RealTimePanel: IR_940nm calibrated data uzunluk uyumsuzluğu (timestamps: 430, data: 106)
2026-01-23 05:44:43 - spektroskopi - INFO - Raspberry Pi'dan veri alındı: 6e400003-b5a3-f393-e0a9-e50e24dcca9e (Handle: 8): Nordic UART TX, uzunluk: 2
2026-01-23 05:44:43 - spektroskopi - INFO - Raspberry Pi verisi: Ham=1609, Voltaj=1609.000V
2026-01-23 05:44:43 - spektroskopi - INFO - Raspberry Pi verisi işlendi: SENSOR_5 = 1609.000V
2026-01-23 05:44:43 - spektroskopi - INFO - Raspberry Pi'dan veri alındı: 6e400002-b5a3-f393-e0a9-e50e24dcca9e (Handle: 19): Nordic UART RX, uzunluk: 2
2026-01-23 05:44:43 - spektroskopi - INFO - Raspberry Pi verisi: Ham=3224, Voltaj=3224.000V
2026-01-23 05:44:43 - spektroskopi - INFO - Raspberry Pi verisi işlendi: SENSOR_2 = 3224.000V
2026-01-23 05:44:43 - spektroskopi - INFO - Raspberry Pi'dan veri alındı: 6e400005-b5a3-f393-e0a9-e50e24dcca9e (Handle: 16): Unknown, uzunluk: 2
2026-01-23 05:44:43 - spektroskopi - INFO - Raspberry Pi verisi: Ham=3224, Voltaj=3224.000V
2026-01-23 05:44:43 - spektroskopi - INFO - Raspberry Pi verisi işlendi: SENSOR_EXTRA = 3224.000V
2026-01-23 05:44:44 - spektroskopi - INFO - Raspberry Pi'dan veri alındı: 6e400004-b5a3-f393-e0a9-e50e24dcca9e (Handle: 11): Unknown, uzunluk: 2
2026-01-23 05:44:44 - spektroskopi - INFO - Raspberry Pi verisi: Ham=1910, Voltaj=1910.000V
2026-01-23 05:44:44 - spektroskopi - INFO - Raspberry Pi verisi işlendi: SENSOR_7 = 1910.000V
2026-01-23 05:44:44 - spektroskopi - INFO - Raspberry Pi'dan veri alındı: 6e400003-b5a3-f393-e0a9-e50e24dcca9e (Handle: 8): Nordic UART TX, uzunluk: 2
2026-01-23 05:44:44 - spektroskopi - INFO - Raspberry Pi verisi: Ham=1605, Voltaj=1605.000V
2026-01-23 05:44:44 - spektroskopi - INFO - Raspberry Pi verisi işlendi: SENSOR_5 = 1605.000V
2026-01-23 05:44:44 - spektroskopi - WARNING - Zaman sıralama düzeltildi (averaged): 2026-01-23 05:44:44.452507
2026-01-23 05:44:44 - spektroskopi - WARNING - Zaman sıralama düzeltildi (averaged): 2026-01-23 05:44:44.453507
2026-01-23 05:44:44 - spektroskopi - WARNING - Zaman sıralama düzeltildi (averaged): 2026-01-23 05:44:44.454507
2026-01-23 05:44:44 - spektroskopi - WARNING - Zaman sıralama düzeltildi (averaged): 2026-01-23 05:44:44.455507
2026-01-23 05:44:44 - spektroskopi - WARNING - Zaman sıralama düzeltildi (averaged): 2026-01-23 05:44:44.456507
2026-01-23 05:44:44 - spektroskopi - WARNING - RealTimePanel: UV_360nm raw data uzunluk uyumsuzluğu (timestamps: 440, data: 110)
2026-01-23 05:44:44 - spektroskopi - WARNING - RealTimePanel: UV_360nm calibrated data uzunluk uyumsuzluğu (timestamps: 440, data: 110)
2026-01-23 05:44:44 - spektroskopi - WARNING - RealTimePanel: Blue_450nm raw data uzunluk uyumsuzluğu (timestamps: 440, data: 110)
2026-01-23 05:44:44 - spektroskopi - WARNING - RealTimePanel: Blue_450nm calibrated data uzunluk uyumsuzluğu (timestamps: 440, data: 110)
2026-01-23 05:44:44 - spektroskopi - WARNING - RealTimePanel: IR_850nm raw data uzunluk uyumsuzluğu (timestamps: 440, data: 110)
2026-01-23 05:44:44 - spektroskopi - WARNING - RealTimePanel: IR_850nm calibrated data uzunluk uyumsuzluğu (timestamps: 440, data: 110)
2026-01-23 05:44:44 - spektroskopi - WARNING - RealTimePanel: IR_940nm raw data uzunluk uyumsuzluğu (timestamps: 440, data: 110)
2026-01-23 05:44:44 - spektroskopi - WARNING - RealTimePanel: IR_940nm calibrated data uzunluk uyumsuzluğu (timestamps: 440, data: 110)
2026-01-23 05:44:44 - spektroskopi - INFO - Raspberry Pi'dan veri alındı: 6e400002-b5a3-f393-e0a9-e50e24dcca9e (Handle: 19): Nordic UART RX, uzunluk: 2
2026-01-23 05:44:44 - spektroskopi - INFO - Raspberry Pi verisi: Ham=3223, Voltaj=3223.000V
2026-01-23 05:44:44 - spektroskopi - INFO - Raspberry Pi verisi işlendi: SENSOR_2 = 3223.000V
2026-01-23 05:44:44 - spektroskopi - INFO - Raspberry Pi'dan veri alındı: 6e400005-b5a3-f393-e0a9-e50e24dcca9e (Handle: 16): Unknown, uzunluk: 2
2026-01-23 05:44:44 - spektroskopi - INFO - Raspberry Pi verisi: Ham=3224, Voltaj=3224.000V
2026-01-23 05:44:44 - spektroskopi - INFO - Raspberry Pi verisi işlendi: SENSOR_EXTRA = 3224.000V
2026-01-23 05:44:45 - spektroskopi - INFO - Raspberry Pi'dan veri alındı: 6e400004-b5a3-f393-e0a9-e50e24dcca9e (Handle: 11): Unknown, uzunluk: 2
2026-01-23 05:44:45 - spektroskopi - INFO - Raspberry Pi verisi: Ham=1912, Voltaj=1912.000V
2026-01-23 05:44:45 - spektroskopi - INFO - Raspberry Pi verisi işlendi: SENSOR_7 = 1912.000V
2026-01-23 05:44:45 - spektroskopi - INFO - Raspberry Pi'dan veri alındı: 6e400003-b5a3-f393-e0a9-e50e24dcca9e (Handle: 8): Nordic UART TX, uzunluk: 2
2026-01-23 05:44:45 - spektroskopi - INFO - Raspberry Pi verisi: Ham=1609, Voltaj=1609.000V
2026-01-23 05:44:45 - spektroskopi - INFO - Raspberry Pi verisi işlendi: SENSOR_5 = 1609.000V
2026-01-23 05:44:45 - spektroskopi - INFO - Raspberry Pi'dan veri alındı: 6e400002-b5a3-f393-e0a9-e50e24dcca9e (Handle: 19): Nordic UART RX, uzunluk: 2
2026-01-23 05:44:45 - spektroskopi - INFO - Raspberry Pi verisi: Ham=3223, Voltaj=3223.000V
2026-01-23 05:44:45 - spektroskopi - INFO - Raspberry Pi verisi işlendi: SENSOR_2 = 3223.000V
2026-01-23 05:44:45 - spektroskopi - WARNING - Zaman sıralama düzeltildi (averaged): 2026-01-23 05:44:45.442457
2026-01-23 05:44:45 - spektroskopi - WARNING - Zaman sıralama düzeltildi (averaged): 2026-01-23 05:44:45.443457
2026-01-23 05:44:45 - spektroskopi - WARNING - Zaman sıralama düzeltildi (averaged): 2026-01-23 05:44:45.444457
2026-01-23 05:44:45 - spektroskopi - WARNING - Zaman sıralama düzeltildi (averaged): 2026-01-23 05:44:45.445457
2026-01-23 05:44:45 - spektroskopi - WARNING - Zaman sıralama düzeltildi (averaged): 2026-01-23 05:44:45.446457
2026-01-23 05:44:45 - spektroskopi - WARNING - RealTimePanel: UV_360nm raw data uzunluk uyumsuzluğu (timestamps: 450, data: 114)
2026-01-23 05:44:45 - spektroskopi - WARNING - RealTimePanel: UV_360nm calibrated data uzunluk uyumsuzluğu (timestamps: 450, data: 114)
2026-01-23 05:44:45 - spektroskopi - WARNING - RealTimePanel: Blue_450nm raw data uzunluk uyumsuzluğu (timestamps: 450, data: 112)
2026-01-23 05:44:45 - spektroskopi - WARNING - RealTimePanel: Blue_450nm calibrated data uzunluk uyumsuzluğu (timestamps: 450, data: 112)
2026-01-23 05:44:45 - spektroskopi - WARNING - RealTimePanel: IR_850nm raw data uzunluk uyumsuzluğu (timestamps: 450, data: 112)
2026-01-23 05:44:45 - spektroskopi - WARNING - RealTimePanel: IR_850nm calibrated data uzunluk uyumsuzluğu (timestamps: 450, data: 112)
2026-01-23 05:44:45 - spektroskopi - WARNING - RealTimePanel: IR_940nm raw data uzunluk uyumsuzluğu (timestamps: 450, data: 112)
2026-01-23 05:44:45 - spektroskopi - WARNING - RealTimePanel: IR_940nm calibrated data uzunluk uyumsuzluğu (timestamps: 450, data: 112)
2026-01-23 05:44:45 - spektroskopi - INFO - Raspberry Pi'dan veri alındı: 6e400005-b5a3-f393-e0a9-e50e24dcca9e (Handle: 16): Unknown, uzunluk: 2
2026-01-23 05:44:45 - spektroskopi - INFO - Raspberry Pi verisi: Ham=3224, Voltaj=3224.000V
2026-01-23 05:44:45 - spektroskopi - INFO - Raspberry Pi verisi işlendi: SENSOR_EXTRA = 3224.000V
2026-01-23 05:44:45 - spektroskopi - INFO - Raspberry Pi'dan veri alındı: 6e400004-b5a3-f393-e0a9-e50e24dcca9e (Handle: 11): Unknown, uzunluk: 2
2026-01-23 05:44:45 - spektroskopi - INFO - Raspberry Pi verisi: Ham=1908, Voltaj=1908.000V
2026-01-23 05:44:45 - spektroskopi - INFO - Raspberry Pi verisi işlendi: SENSOR_7 = 1908.000V
2026-01-23 05:44:46 - spektroskopi - INFO - Raspberry Pi'dan veri alındı: 6e400003-b5a3-f393-e0a9-e50e24dcca9e (Handle: 8): Nordic UART TX, uzunluk: 2
2026-01-23 05:44:46 - spektroskopi - INFO - Raspberry Pi verisi: Ham=1604, Voltaj=1604.000V
2026-01-23 05:44:46 - spektroskopi - INFO - Raspberry Pi verisi işlendi: SENSOR_5 = 1604.000V
2026-01-23 05:44:46 - spektroskopi - INFO - Raspberry Pi'dan veri alındı: 6e400002-b5a3-f393-e0a9-e50e24dcca9e (Handle: 19): Nordic UART RX, uzunluk: 2
2026-01-23 05:44:46 - spektroskopi - INFO - Raspberry Pi verisi: Ham=3225, Voltaj=3225.000V
2026-01-23 05:44:46 - spektroskopi - INFO - Raspberry Pi verisi işlendi: SENSOR_2 = 3225.000V
2026-01-23 05:44:46 - spektroskopi - WARNING - Zaman sıralama düzeltildi (averaged): 2026-01-23 05:44:46.313426
2026-01-23 05:44:46 - spektroskopi - WARNING - Zaman sıralama düzeltildi (averaged): 2026-01-23 05:44:46.314426
2026-01-23 05:44:46 - spektroskopi - WARNING - Zaman sıralama düzeltildi (averaged): 2026-01-23 05:44:46.315426
2026-01-23 05:44:46 - spektroskopi - WARNING - Zaman sıralama düzeltildi (averaged): 2026-01-23 05:44:46.316426
2026-01-23 05:44:46 - spektroskopi - WARNING - RealTimePanel: UV_360nm raw data uzunluk uyumsuzluğu (timestamps: 458, data: 116)
2026-01-23 05:44:46 - spektroskopi - WARNING - RealTimePanel: UV_360nm calibrated data uzunluk uyumsuzluğu (timestamps: 458, data: 116)
2026-01-23 05:44:46 - spektroskopi - WARNING - RealTimePanel: Blue_450nm raw data uzunluk uyumsuzluğu (timestamps: 458, data: 114)
2026-01-23 05:44:46 - spektroskopi - WARNING - RealTimePanel: Blue_450nm calibrated data uzunluk uyumsuzluğu (timestamps: 458, data: 114)
2026-01-23 05:44:46 - spektroskopi - WARNING - RealTimePanel: IR_850nm raw data uzunluk uyumsuzluğu (timestamps: 458, data: 114)
2026-01-23 05:44:46 - spektroskopi - WARNING - RealTimePanel: IR_850nm calibrated data uzunluk uyumsuzluğu (timestamps: 458, data: 114)
2026-01-23 05:44:46 - spektroskopi - WARNING - RealTimePanel: IR_940nm raw data uzunluk uyumsuzluğu (timestamps: 458, data: 114)
2026-01-23 05:44:46 - spektroskopi - WARNING - RealTimePanel: IR_940nm calibrated data uzunluk uyumsuzluğu (timestamps: 458, data: 114)
2026-01-23 05:44:46 - spektroskopi - INFO - Raspberry Pi'dan veri alındı: 6e400005-b5a3-f393-e0a9-e50e24dcca9e (Handle: 16): Unknown, uzunluk: 2
2026-01-23 05:44:46 - spektroskopi - INFO - Raspberry Pi verisi: Ham=3223, Voltaj=3223.000V
2026-01-23 05:44:46 - spektroskopi - INFO - Raspberry Pi verisi işlendi: SENSOR_EXTRA = 3223.000V
2026-01-23 05:44:46 - spektroskopi - INFO - Raspberry Pi'dan veri alındı: 6e400004-b5a3-f393-e0a9-e50e24dcca9e (Handle: 11): Unknown, uzunluk: 2
2026-01-23 05:44:46 - spektroskopi - INFO - Raspberry Pi verisi: Ham=1903, Voltaj=1903.000V
2026-01-23 05:44:46 - spektroskopi - INFO - Raspberry Pi verisi işlendi: SENSOR_7 = 1903.000V
2026-01-23 05:44:47 - spektroskopi - INFO - Raspberry Pi'dan veri alındı: 6e400003-b5a3-f393-e0a9-e50e24dcca9e (Handle: 8): Nordic UART TX, uzunluk: 2
2026-01-23 05:44:47 - spektroskopi - INFO - Raspberry Pi verisi: Ham=1605, Voltaj=1605.000V
2026-01-23 05:44:47 - spektroskopi - INFO - Raspberry Pi verisi işlendi: SENSOR_5 = 1605.000V
2026-01-23 05:44:47 - spektroskopi - INFO - Raspberry Pi'dan veri alındı: 6e400002-b5a3-f393-e0a9-e50e24dcca9e (Handle: 19): Nordic UART RX, uzunluk: 2
2026-01-23 05:44:47 - spektroskopi - INFO - Raspberry Pi verisi: Ham=3223, Voltaj=3223.000V
2026-01-23 05:44:47 - spektroskopi - INFO - Raspberry Pi verisi işlendi: SENSOR_2 = 3223.000V
2026-01-23 05:44:47 - spektroskopi - INFO - Raspberry Pi'dan veri alındı: 6e400005-b5a3-f393-e0a9-e50e24dcca9e (Handle: 16): Unknown, uzunluk: 2
2026-01-23 05:44:47 - spektroskopi - INFO - Raspberry Pi verisi: Ham=3222, Voltaj=3222.000V
2026-01-23 05:44:47 - spektroskopi - INFO - Raspberry Pi verisi işlendi: SENSOR_EXTRA = 3222.000V
2026-01-23 05:44:47 - spektroskopi - WARNING - Zaman sıralama düzeltildi (averaged): 2026-01-23 05:44:47.453263
2026-01-23 05:44:47 - spektroskopi - WARNING - Zaman sıralama düzeltildi (averaged): 2026-01-23 05:44:47.454263
2026-01-23 05:44:47 - spektroskopi - WARNING - Zaman sıralama düzeltildi (averaged): 2026-01-23 05:44:47.455263
2026-01-23 05:44:47 - spektroskopi - WARNING - Zaman sıralama düzeltildi (averaged): 2026-01-23 05:44:47.456263
2026-01-23 05:44:47 - spektroskopi - WARNING - Zaman sıralama düzeltildi (averaged): 2026-01-23 05:44:47.457263
2026-01-23 05:44:47 - spektroskopi - WARNING - RealTimePanel: UV_360nm raw data uzunluk uyumsuzluğu (timestamps: 468, data: 118)
2026-01-23 05:44:47 - spektroskopi - WARNING - RealTimePanel: UV_360nm calibrated data uzunluk uyumsuzluğu (timestamps: 468, data: 118)
2026-01-23 05:44:47 - spektroskopi - WARNING - RealTimePanel: Blue_450nm raw data uzunluk uyumsuzluğu (timestamps: 468, data: 118)
2026-01-23 05:44:47 - spektroskopi - WARNING - RealTimePanel: Blue_450nm calibrated data uzunluk uyumsuzluğu (timestamps: 468, data: 118)
2026-01-23 05:44:47 - spektroskopi - WARNING - RealTimePanel: IR_850nm raw data uzunluk uyumsuzluğu (timestamps: 468, data: 116)
2026-01-23 05:44:47 - spektroskopi - WARNING - RealTimePanel: IR_850nm calibrated data uzunluk uyumsuzluğu (timestamps: 468, data: 116)
2026-01-23 05:44:47 - spektroskopi - WARNING - RealTimePanel: IR_940nm raw data uzunluk uyumsuzluğu (timestamps: 468, data: 116)
2026-01-23 05:44:47 - spektroskopi - WARNING - RealTimePanel: IR_940nm calibrated data uzunluk uyumsuzluğu (timestamps: 468, data: 116)
2026-01-23 05:44:47 - spektroskopi - INFO - Raspberry Pi'dan veri alındı: 6e400004-b5a3-f393-e0a9-e50e24dcca9e (Handle: 11): Unknown, uzunluk: 2
2026-01-23 05:44:47 - spektroskopi - INFO - Raspberry Pi verisi: Ham=1907, Voltaj=1907.000V
2026-01-23 05:44:47 - spektroskopi - INFO - Raspberry Pi verisi işlendi: SENSOR_7 = 1907.000V
2026-01-23 05:44:47 - spektroskopi - INFO - Raspberry Pi'dan veri alındı: 6e400003-b5a3-f393-e0a9-e50e24dcca9e (Handle: 8): Nordic UART TX, uzunluk: 2
2026-01-23 05:44:47 - spektroskopi - INFO - Raspberry Pi verisi: Ham=1606, Voltaj=1606.000V
2026-01-23 05:44:47 - spektroskopi - INFO - Raspberry Pi verisi işlendi: SENSOR_5 = 1606.000V
2026-01-23 05:44:48 - spektroskopi - INFO - Raspberry Pi'dan veri alındı: 6e400002-b5a3-f393-e0a9-e50e24dcca9e (Handle: 19): Nordic UART RX, uzunluk: 2
2026-01-23 05:44:48 - spektroskopi - INFO - Raspberry Pi verisi: Ham=3224, Voltaj=3224.000V
2026-01-23 05:44:48 - spektroskopi - INFO - Raspberry Pi verisi işlendi: SENSOR_2 = 3224.000V
2026-01-23 05:44:48 - spektroskopi - INFO - Raspberry Pi'dan veri alındı: 6e400005-b5a3-f393-e0a9-e50e24dcca9e (Handle: 16): Unknown, uzunluk: 2
2026-01-23 05:44:48 - spektroskopi - INFO - Raspberry Pi verisi: Ham=3223, Voltaj=3223.000V
2026-01-23 05:44:48 - spektroskopi - INFO - Raspberry Pi verisi işlendi: SENSOR_EXTRA = 3223.000V
2026-01-23 05:44:48 - spektroskopi - WARNING - Zaman sıralama düzeltildi (averaged): 2026-01-23 05:44:48.355772
2026-01-23 05:44:48 - spektroskopi - WARNING - Zaman sıralama düzeltildi (averaged): 2026-01-23 05:44:48.356772
2026-01-23 05:44:48 - spektroskopi - WARNING - Zaman sıralama düzeltildi (averaged): 2026-01-23 05:44:48.357772
2026-01-23 05:44:48 - spektroskopi - WARNING - Zaman sıralama düzeltildi (averaged): 2026-01-23 05:44:48.358772
2026-01-23 05:44:48 - spektroskopi - WARNING - RealTimePanel: UV_360nm raw data uzunluk uyumsuzluğu (timestamps: 476, data: 120)
2026-01-23 05:44:48 - spektroskopi - WARNING - RealTimePanel: UV_360nm calibrated data uzunluk uyumsuzluğu (timestamps: 476, data: 120)
2026-01-23 05:44:48 - spektroskopi - WARNING - RealTimePanel: Blue_450nm raw data uzunluk uyumsuzluğu (timestamps: 476, data: 120)
2026-01-23 05:44:48 - spektroskopi - WARNING - RealTimePanel: Blue_450nm calibrated data uzunluk uyumsuzluğu (timestamps: 476, data: 120)
2026-01-23 05:44:48 - spektroskopi - WARNING - RealTimePanel: IR_850nm raw data uzunluk uyumsuzluğu (timestamps: 476, data: 118)
2026-01-23 05:44:48 - spektroskopi - WARNING - RealTimePanel: IR_850nm calibrated data uzunluk uyumsuzluğu (timestamps: 476, data: 118)
2026-01-23 05:44:48 - spektroskopi - WARNING - RealTimePanel: IR_940nm raw data uzunluk uyumsuzluğu (timestamps: 476, data: 118)
2026-01-23 05:44:48 - spektroskopi - WARNING - RealTimePanel: IR_940nm calibrated data uzunluk uyumsuzluğu (timestamps: 476, data: 118)
2026-01-23 05:44:48 - spektroskopi - INFO - Raspberry Pi'dan veri alındı: 6e400004-b5a3-f393-e0a9-e50e24dcca9e (Handle: 11): Unknown, uzunluk: 2
2026-01-23 05:44:48 - spektroskopi - INFO - Raspberry Pi verisi: Ham=1911, Voltaj=1911.000V
2026-01-23 05:44:48 - spektroskopi - INFO - Raspberry Pi verisi işlendi: SENSOR_7 = 1911.000V
2026-01-23 05:44:48 - spektroskopi - INFO - Raspberry Pi'dan veri alındı: 6e400003-b5a3-f393-e0a9-e50e24dcca9e (Handle: 8): Nordic UART TX, uzunluk: 2
2026-01-23 05:44:48 - spektroskopi - INFO - Raspberry Pi verisi: Ham=1609, Voltaj=1609.000V
2026-01-23 05:44:48 - spektroskopi - INFO - Raspberry Pi verisi işlendi: SENSOR_5 = 1609.000V
2026-01-23 05:44:48 - spektroskopi - INFO - Raspberry Pi'dan veri alındı: 6e400002-b5a3-f393-e0a9-e50e24dcca9e (Handle: 19): Nordic UART RX, uzunluk: 2
2026-01-23 05:44:48 - spektroskopi - INFO - Raspberry Pi verisi: Ham=3223, Voltaj=3223.000V
2026-01-23 05:44:48 - spektroskopi - INFO - Raspberry Pi verisi işlendi: SENSOR_2 = 3223.000V
2026-01-23 05:44:49 - spektroskopi - INFO - Raspberry Pi'dan veri alındı: 6e400005-b5a3-f393-e0a9-e50e24dcca9e (Handle: 16): Unknown, uzunluk: 2
2026-01-23 05:44:49 - spektroskopi - INFO - Raspberry Pi verisi: Ham=3223, Voltaj=3223.000V
2026-01-23 05:44:49 - spektroskopi - INFO - Raspberry Pi verisi işlendi: SENSOR_EXTRA = 3223.000V
2026-01-23 05:44:49 - spektroskopi - INFO - Raspberry Pi'dan veri alındı: 6e400004-b5a3-f393-e0a9-e50e24dcca9e (Handle: 11): Unknown, uzunluk: 2
2026-01-23 05:44:49 - spektroskopi - INFO - Raspberry Pi verisi: Ham=1906, Voltaj=1906.000V
2026-01-23 05:44:49 - spektroskopi - INFO - Raspberry Pi verisi işlendi: SENSOR_7 = 1906.000V
2026-01-23 05:44:49 - spektroskopi - WARNING - Zaman sıralama düzeltildi (averaged): 2026-01-23 05:44:49.463392
2026-01-23 05:44:49 - spektroskopi - WARNING - Zaman sıralama düzeltildi (averaged): 2026-01-23 05:44:49.464392
2026-01-23 05:44:49 - spektroskopi - WARNING - Zaman sıralama düzeltildi (averaged): 2026-01-23 05:44:49.465392
2026-01-23 05:44:49 - spektroskopi - WARNING - Zaman sıralama düzeltildi (averaged): 2026-01-23 05:44:49.466392
2026-01-23 05:44:49 - spektroskopi - WARNING - Zaman sıralama düzeltildi (averaged): 2026-01-23 05:44:49.467392
2026-01-23 05:44:49 - spektroskopi - WARNING - RealTimePanel: UV_360nm raw data uzunluk uyumsuzluğu (timestamps: 486, data: 122)
2026-01-23 05:44:49 - spektroskopi - WARNING - RealTimePanel: UV_360nm calibrated data uzunluk uyumsuzluğu (timestamps: 486, data: 122)
2026-01-23 05:44:49 - spektroskopi - WARNING - RealTimePanel: Blue_450nm raw data uzunluk uyumsuzluğu (timestamps: 486, data: 122)
2026-01-23 05:44:49 - spektroskopi - WARNING - RealTimePanel: Blue_450nm calibrated data uzunluk uyumsuzluğu (timestamps: 486, data: 122)
2026-01-23 05:44:49 - spektroskopi - WARNING - RealTimePanel: IR_850nm raw data uzunluk uyumsuzluğu (timestamps: 486, data: 122)
2026-01-23 05:44:49 - spektroskopi - WARNING - RealTimePanel: IR_850nm calibrated data uzunluk uyumsuzluğu (timestamps: 486, data: 122)
2026-01-23 05:44:49 - spektroskopi - WARNING - RealTimePanel: IR_940nm raw data uzunluk uyumsuzluğu (timestamps: 486, data: 120)
2026-01-23 05:44:49 - spektroskopi - WARNING - RealTimePanel: IR_940nm calibrated data uzunluk uyumsuzluğu (timestamps: 486, data: 120)
2026-01-23 05:44:49 - spektroskopi - INFO - Raspberry Pi'dan veri alındı: 6e400003-b5a3-f393-e0a9-e50e24dcca9e (Handle: 8): Nordic UART TX, uzunluk: 2
2026-01-23 05:44:49 - spektroskopi - INFO - Raspberry Pi verisi: Ham=1608, Voltaj=1608.000V
2026-01-23 05:44:49 - spektroskopi - INFO - Raspberry Pi verisi işlendi: SENSOR_5 = 1608.000V
2026-01-23 05:44:49 - spektroskopi - INFO - Raspberry Pi'dan veri alındı: 6e400002-b5a3-f393-e0a9-e50e24dcca9e (Handle: 19): Nordic UART RX, uzunluk: 2
2026-01-23 05:44:49 - spektroskopi - INFO - Raspberry Pi verisi: Ham=3224, Voltaj=3224.000V
2026-01-23 05:44:49 - spektroskopi - INFO - Raspberry Pi verisi işlendi: SENSOR_2 = 3224.000V
2026-01-23 05:44:50 - spektroskopi - INFO - Raspberry Pi'dan veri alındı: 6e400005-b5a3-f393-e0a9-e50e24dcca9e (Handle: 16): Unknown, uzunluk: 2
2026-01-23 05:44:50 - spektroskopi - INFO - Raspberry Pi verisi: Ham=3223, Voltaj=3223.000V
2026-01-23 05:44:50 - spektroskopi - INFO - Raspberry Pi verisi işlendi: SENSOR_EXTRA = 3223.000V
2026-01-23 05:44:50 - spektroskopi - INFO - Raspberry Pi'dan veri alındı: 6e400004-b5a3-f393-e0a9-e50e24dcca9e (Handle: 11): Unknown, uzunluk: 2
2026-01-23 05:44:50 - spektroskopi - INFO - Raspberry Pi verisi: Ham=1907, Voltaj=1907.000V
2026-01-23 05:44:50 - spektroskopi - INFO - Raspberry Pi verisi işlendi: SENSOR_7 = 1907.000V
2026-01-23 05:44:50 - spektroskopi - WARNING - Zaman sıralama düzeltildi (averaged): 2026-01-23 05:44:50.364152
2026-01-23 05:44:50 - spektroskopi - WARNING - Zaman sıralama düzeltildi (averaged): 2026-01-23 05:44:50.365152
2026-01-23 05:44:50 - spektroskopi - WARNING - Zaman sıralama düzeltildi (averaged): 2026-01-23 05:44:50.366152
2026-01-23 05:44:50 - spektroskopi - WARNING - Zaman sıralama düzeltildi (averaged): 2026-01-23 05:44:50.367152
2026-01-23 05:44:50 - spektroskopi - WARNING - RealTimePanel: UV_360nm raw data uzunluk uyumsuzluğu (timestamps: 494, data: 124)
2026-01-23 05:44:50 - spektroskopi - WARNING - RealTimePanel: UV_360nm calibrated data uzunluk uyumsuzluğu (timestamps: 494, data: 124)
2026-01-23 05:44:50 - spektroskopi - WARNING - RealTimePanel: Blue_450nm raw data uzunluk uyumsuzluğu (timestamps: 494, data: 124)
2026-01-23 05:44:50 - spektroskopi - WARNING - RealTimePanel: Blue_450nm calibrated data uzunluk uyumsuzluğu (timestamps: 494, data: 124)
2026-01-23 05:44:50 - spektroskopi - WARNING - RealTimePanel: IR_850nm raw data uzunluk uyumsuzluğu (timestamps: 494, data: 124)
2026-01-23 05:44:50 - spektroskopi - WARNING - RealTimePanel: IR_850nm calibrated data uzunluk uyumsuzluğu (timestamps: 494, data: 124)
2026-01-23 05:44:50 - spektroskopi - WARNING - RealTimePanel: IR_940nm raw data uzunluk uyumsuzluğu (timestamps: 494, data: 122)
2026-01-23 05:44:50 - spektroskopi - WARNING - RealTimePanel: IR_940nm calibrated data uzunluk uyumsuzluğu (timestamps: 494, data: 122)
2026-01-23 05:44:50 - spektroskopi - INFO - Raspberry Pi'dan veri alındı: 6e400003-b5a3-f393-e0a9-e50e24dcca9e (Handle: 8): Nordic UART TX, uzunluk: 2
2026-01-23 05:44:50 - spektroskopi - INFO - Raspberry Pi verisi: Ham=1612, Voltaj=1612.000V
2026-01-23 05:44:50 - spektroskopi - INFO - Raspberry Pi verisi işlendi: SENSOR_5 = 1612.000V
2026-01-23 05:44:50 - spektroskopi - INFO - Raspberry Pi'dan veri alındı: 6e400002-b5a3-f393-e0a9-e50e24dcca9e (Handle: 19): Nordic UART RX, uzunluk: 2
2026-01-23 05:44:50 - spektroskopi - INFO - Raspberry Pi verisi: Ham=3224, Voltaj=3224.000V
2026-01-23 05:44:50 - spektroskopi - INFO - Raspberry Pi verisi işlendi: SENSOR_2 = 3224.000V
2026-01-23 05:44:50 - spektroskopi - INFO - Raspberry Pi'dan veri alındı: 6e400005-b5a3-f393-e0a9-e50e24dcca9e (Handle: 16): Unknown, uzunluk: 2
2026-01-23 05:44:50 - spektroskopi - INFO - Raspberry Pi verisi: Ham=3222, Voltaj=3222.000V
2026-01-23 05:44:50 - spektroskopi - INFO - Raspberry Pi verisi işlendi: SENSOR_EXTRA = 3222.000V
2026-01-23 05:44:51 - spektroskopi - INFO - Raspberry Pi'dan veri alındı: 6e400004-b5a3-f393-e0a9-e50e24dcca9e (Handle: 11): Unknown, uzunluk: 2
2026-01-23 05:44:51 - spektroskopi - INFO - Raspberry Pi verisi: Ham=1908, Voltaj=1908.000V
2026-01-23 05:44:51 - spektroskopi - INFO - Raspberry Pi verisi işlendi: SENSOR_7 = 1908.000V
2026-01-23 05:44:51 - spektroskopi - INFO - Raspberry Pi'dan veri alındı: 6e400003-b5a3-f393-e0a9-e50e24dcca9e (Handle: 8): Nordic UART TX, uzunluk: 2
2026-01-23 05:44:51 - spektroskopi - INFO - Raspberry Pi verisi: Ham=1605, Voltaj=1605.000V
2026-01-23 05:44:51 - spektroskopi - INFO - Raspberry Pi verisi işlendi: SENSOR_5 = 1605.000V
2026-01-23 05:44:51 - spektroskopi - WARNING - Zaman sıralama düzeltildi (averaged): 2026-01-23 05:44:51.503295
2026-01-23 05:44:51 - spektroskopi - WARNING - Zaman sıralama düzeltildi (averaged): 2026-01-23 05:44:51.504295
2026-01-23 05:44:51 - spektroskopi - WARNING - Zaman sıralama düzeltildi (averaged): 2026-01-23 05:44:51.505295
2026-01-23 05:44:51 - spektroskopi - WARNING - Zaman sıralama düzeltildi (averaged): 2026-01-23 05:44:51.506295
2026-01-23 05:44:51 - spektroskopi - WARNING - Zaman sıralama düzeltildi (averaged): 2026-01-23 05:44:51.507295
2026-01-23 05:44:51 - spektroskopi - WARNING - RealTimePanel: UV_360nm raw data uzunluk uyumsuzluğu (timestamps: 504, data: 126)
2026-01-23 05:44:51 - spektroskopi - WARNING - RealTimePanel: UV_360nm calibrated data uzunluk uyumsuzluğu (timestamps: 504, data: 126)
2026-01-23 05:44:51 - spektroskopi - WARNING - RealTimePanel: Blue_450nm raw data uzunluk uyumsuzluğu (timestamps: 504, data: 126)
2026-01-23 05:44:51 - spektroskopi - WARNING - RealTimePanel: Blue_450nm calibrated data uzunluk uyumsuzluğu (timestamps: 504, data: 126)
2026-01-23 05:44:51 - spektroskopi - WARNING - RealTimePanel: IR_850nm raw data uzunluk uyumsuzluğu (timestamps: 504, data: 126)
2026-01-23 05:44:51 - spektroskopi - WARNING - RealTimePanel: IR_850nm calibrated data uzunluk uyumsuzluğu (timestamps: 504, data: 126)
2026-01-23 05:44:51 - spektroskopi - WARNING - RealTimePanel: IR_940nm raw data uzunluk uyumsuzluğu (timestamps: 504, data: 126)
2026-01-23 05:44:51 - spektroskopi - WARNING - RealTimePanel: IR_940nm calibrated data uzunluk uyumsuzluğu (timestamps: 504, data: 126)
2026-01-23 05:44:51 - spektroskopi - INFO - Raspberry Pi'dan veri alındı: 6e400002-b5a3-f393-e0a9-e50e24dcca9e (Handle: 19): Nordic UART RX, uzunluk: 2
2026-01-23 05:44:51 - spektroskopi - INFO - Raspberry Pi verisi: Ham=3223, Voltaj=3223.000V
2026-01-23 05:44:51 - spektroskopi - INFO - Raspberry Pi verisi işlendi: SENSOR_2 = 3223.000V
2026-01-23 05:44:51 - spektroskopi - INFO - Raspberry Pi'dan veri alındı: 6e400005-b5a3-f393-e0a9-e50e24dcca9e (Handle: 16): Unknown, uzunluk: 2
2026-01-23 05:44:51 - spektroskopi - INFO - Raspberry Pi verisi: Ham=3223, Voltaj=3223.000V
2026-01-23 05:44:51 - spektroskopi - INFO - Raspberry Pi verisi işlendi: SENSOR_EXTRA = 3223.000V
2026-01-23 05:44:52 - spektroskopi - INFO - Raspberry Pi'dan veri alındı: 6e400004-b5a3-f393-e0a9-e50e24dcca9e (Handle: 11): Unknown, uzunluk: 2
2026-01-23 05:44:52 - spektroskopi - INFO - Raspberry Pi verisi: Ham=1907, Voltaj=1907.000V
2026-01-23 05:44:52 - spektroskopi - INFO - Raspberry Pi verisi işlendi: SENSOR_7 = 1907.000V
2026-01-23 05:44:52 - spektroskopi - INFO - Raspberry Pi'dan veri alındı: 6e400003-b5a3-f393-e0a9-e50e24dcca9e (Handle: 8): Nordic UART TX, uzunluk: 2
2026-01-23 05:44:52 - spektroskopi - INFO - Raspberry Pi verisi: Ham=1607, Voltaj=1607.000V
2026-01-23 05:44:52 - spektroskopi - INFO - Raspberry Pi verisi işlendi: SENSOR_5 = 1607.000V
2026-01-23 05:44:52 - spektroskopi - INFO - Raspberry Pi'dan veri alındı: 6e400002-b5a3-f393-e0a9-e50e24dcca9e (Handle: 19): Nordic UART RX, uzunluk: 2
2026-01-23 05:44:52 - spektroskopi - INFO - Raspberry Pi verisi: Ham=3223, Voltaj=3223.000V
2026-01-23 05:44:52 - spektroskopi - INFO - Raspberry Pi verisi işlendi: SENSOR_2 = 3223.000V
2026-01-23 05:44:52 - spektroskopi - WARNING - Zaman sıralama düzeltildi (averaged): 2026-01-23 05:44:52.493978
2026-01-23 05:44:52 - spektroskopi - WARNING - Zaman sıralama düzeltildi (averaged): 2026-01-23 05:44:52.494978
2026-01-23 05:44:52 - spektroskopi - WARNING - Zaman sıralama düzeltildi (averaged): 2026-01-23 05:44:52.495978
2026-01-23 05:44:52 - spektroskopi - WARNING - Zaman sıralama düzeltildi (averaged): 2026-01-23 05:44:52.496978
2026-01-23 05:44:52 - spektroskopi - WARNING - Zaman sıralama düzeltildi (averaged): 2026-01-23 05:44:52.497978
2026-01-23 05:44:52 - spektroskopi - WARNING - RealTimePanel: UV_360nm raw data uzunluk uyumsuzluğu (timestamps: 514, data: 130)
2026-01-23 05:44:52 - spektroskopi - WARNING - RealTimePanel: UV_360nm calibrated data uzunluk uyumsuzluğu (timestamps: 514, data: 130)
2026-01-23 05:44:52 - spektroskopi - WARNING - RealTimePanel: Blue_450nm raw data uzunluk uyumsuzluğu (timestamps: 514, data: 128)
2026-01-23 05:44:52 - spektroskopi - WARNING - RealTimePanel: Blue_450nm calibrated data uzunluk uyumsuzluğu (timestamps: 514, data: 128)
2026-01-23 05:44:52 - spektroskopi - WARNING - RealTimePanel: IR_850nm raw data uzunluk uyumsuzluğu (timestamps: 514, data: 128)
2026-01-23 05:44:52 - spektroskopi - WARNING - RealTimePanel: IR_850nm calibrated data uzunluk uyumsuzluğu (timestamps: 514, data: 128)
2026-01-23 05:44:52 - spektroskopi - WARNING - RealTimePanel: IR_940nm raw data uzunluk uyumsuzluğu (timestamps: 514, data: 128)
2026-01-23 05:44:52 - spektroskopi - WARNING - RealTimePanel: IR_940nm calibrated data uzunluk uyumsuzluğu (timestamps: 514, data: 128)
2026-01-23 05:44:52 - spektroskopi - INFO - Raspberry Pi'dan veri alındı: 6e400005-b5a3-f393-e0a9-e50e24dcca9e (Handle: 16): Unknown, uzunluk: 2
2026-01-23 05:44:52 - spektroskopi - INFO - Raspberry Pi verisi: Ham=3222, Voltaj=3222.000V
2026-01-23 05:44:52 - spektroskopi - INFO - Raspberry Pi verisi işlendi: SENSOR_EXTRA = 3222.000V
2026-01-23 05:44:53 - spektroskopi - INFO - Raspberry Pi'dan veri alındı: 6e400004-b5a3-f393-e0a9-e50e24dcca9e (Handle: 11): Unknown, uzunluk: 2
2026-01-23 05:44:53 - spektroskopi - INFO - Raspberry Pi verisi: Ham=1908, Voltaj=1908.000V
2026-01-23 05:44:53 - spektroskopi - INFO - Raspberry Pi verisi işlendi: SENSOR_7 = 1908.000V
2026-01-23 05:44:53 - spektroskopi - INFO - Raspberry Pi'dan veri alındı: 6e400003-b5a3-f393-e0a9-e50e24dcca9e (Handle: 8): Nordic UART TX, uzunluk: 2
2026-01-23 05:44:53 - spektroskopi - INFO - Raspberry Pi verisi: Ham=1610, Voltaj=1610.000V
2026-01-23 05:44:53 - spektroskopi - INFO - Raspberry Pi verisi işlendi: SENSOR_5 = 1610.000V
2026-01-23 05:44:53 - spektroskopi - INFO - Raspberry Pi'dan veri alındı: 6e400002-b5a3-f393-e0a9-e50e24dcca9e (Handle: 19): Nordic UART RX, uzunluk: 2
2026-01-23 05:44:53 - spektroskopi - INFO - Raspberry Pi verisi: Ham=3222, Voltaj=3222.000V
2026-01-23 05:44:53 - spektroskopi - INFO - Raspberry Pi verisi işlendi: SENSOR_2 = 3222.000V
2026-01-23 05:44:53 - spektroskopi - WARNING - Zaman sıralama düzeltildi (averaged): 2026-01-23 05:44:53.364127
2026-01-23 05:44:53 - spektroskopi - WARNING - Zaman sıralama düzeltildi (averaged): 2026-01-23 05:44:53.365127
2026-01-23 05:44:53 - spektroskopi - WARNING - Zaman sıralama düzeltildi (averaged): 2026-01-23 05:44:53.366127
2026-01-23 05:44:53 - spektroskopi - WARNING - Zaman sıralama düzeltildi (averaged): 2026-01-23 05:44:53.367127
2026-01-23 05:44:53 - spektroskopi - WARNING - RealTimePanel: UV_360nm raw data uzunluk uyumsuzluğu (timestamps: 522, data: 132)
2026-01-23 05:44:53 - spektroskopi - WARNING - RealTimePanel: UV_360nm calibrated data uzunluk uyumsuzluğu (timestamps: 522, data: 132)
2026-01-23 05:44:53 - spektroskopi - WARNING - RealTimePanel: Blue_450nm raw data uzunluk uyumsuzluğu (timestamps: 522, data: 130)
2026-01-23 05:44:53 - spektroskopi - WARNING - RealTimePanel: Blue_450nm calibrated data uzunluk uyumsuzluğu (timestamps: 522, data: 130)
2026-01-23 05:44:53 - spektroskopi - WARNING - RealTimePanel: IR_850nm raw data uzunluk uyumsuzluğu (timestamps: 522, data: 130)
2026-01-23 05:44:53 - spektroskopi - WARNING - RealTimePanel: IR_850nm calibrated data uzunluk uyumsuzluğu (timestamps: 522, data: 130)
2026-01-23 05:44:53 - spektroskopi - WARNING - RealTimePanel: IR_940nm raw data uzunluk uyumsuzluğu (timestamps: 522, data: 130)
2026-01-23 05:44:53 - spektroskopi - WARNING - RealTimePanel: IR_940nm calibrated data uzunluk uyumsuzluğu (timestamps: 522, data: 130)
2026-01-23 05:44:53 - spektroskopi - INFO - Raspberry Pi'dan veri alındı: 6e400005-b5a3-f393-e0a9-e50e24dcca9e (Handle: 16): Unknown, uzunluk: 2
2026-01-23 05:44:53 - spektroskopi - INFO - Raspberry Pi verisi: Ham=3224, Voltaj=3224.000V
2026-01-23 05:44:53 - spektroskopi - INFO - Raspberry Pi verisi işlendi: SENSOR_EXTRA = 3224.000V
2026-01-23 05:44:53 - spektroskopi - INFO - Raspberry Pi'dan veri alındı: 6e400004-b5a3-f393-e0a9-e50e24dcca9e (Handle: 11): Unknown, uzunluk: 2
2026-01-23 05:44:53 - spektroskopi - INFO - Raspberry Pi verisi: Ham=1909, Voltaj=1909.000V
2026-01-23 05:44:53 - spektroskopi - INFO - Raspberry Pi verisi işlendi: SENSOR_7 = 1909.000V
2026-01-23 05:44:54 - spektroskopi - INFO - Raspberry Pi'dan veri alındı: 6e400003-b5a3-f393-e0a9-e50e24dcca9e (Handle: 8): Nordic UART TX, uzunluk: 2
2026-01-23 05:44:54 - spektroskopi - INFO - Raspberry Pi verisi: Ham=1605, Voltaj=1605.000V
2026-01-23 05:44:54 - spektroskopi - INFO - Raspberry Pi verisi işlendi: SENSOR_5 = 1605.000V
2026-01-23 05:44:54 - spektroskopi - INFO - Raspberry Pi'dan veri alındı: 6e400002-b5a3-f393-e0a9-e50e24dcca9e (Handle: 19): Nordic UART RX, uzunluk: 2
2026-01-23 05:44:54 - spektroskopi - INFO - Raspberry Pi verisi: Ham=3223, Voltaj=3223.000V
2026-01-23 05:44:54 - spektroskopi - INFO - Raspberry Pi verisi işlendi: SENSOR_2 = 3223.000V
2026-01-23 05:44:54 - spektroskopi - INFO - Raspberry Pi'dan veri alındı: 6e400005-b5a3-f393-e0a9-e50e24dcca9e (Handle: 16): Unknown, uzunluk: 2
2026-01-23 05:44:54 - spektroskopi - INFO - Raspberry Pi verisi: Ham=3223, Voltaj=3223.000V
2026-01-23 05:44:54 - spektroskopi - INFO - Raspberry Pi verisi işlendi: SENSOR_EXTRA = 3223.000V
2026-01-23 05:44:54 - spektroskopi - WARNING - Zaman sıralama düzeltildi (averaged): 2026-01-23 05:44:54.503810
2026-01-23 05:44:54 - spektroskopi - WARNING - Zaman sıralama düzeltildi (averaged): 2026-01-23 05:44:54.504810
2026-01-23 05:44:54 - spektroskopi - WARNING - Zaman sıralama düzeltildi (averaged): 2026-01-23 05:44:54.505810
2026-01-23 05:44:54 - spektroskopi - WARNING - Zaman sıralama düzeltildi (averaged): 2026-01-23 05:44:54.506810
2026-01-23 05:44:54 - spektroskopi - WARNING - Zaman sıralama düzeltildi (averaged): 2026-01-23 05:44:54.507810
2026-01-23 05:44:54 - spektroskopi - WARNING - RealTimePanel: UV_360nm raw data uzunluk uyumsuzluğu (timestamps: 532, data: 134)
2026-01-23 05:44:54 - spektroskopi - WARNING - RealTimePanel: UV_360nm calibrated data uzunluk uyumsuzluğu (timestamps: 532, data: 134)
2026-01-23 05:44:54 - spektroskopi - WARNING - RealTimePanel: Blue_450nm raw data uzunluk uyumsuzluğu (timestamps: 532, data: 134)
2026-01-23 05:44:54 - spektroskopi - WARNING - RealTimePanel: Blue_450nm calibrated data uzunluk uyumsuzluğu (timestamps: 532, data: 134)
2026-01-23 05:44:54 - spektroskopi - WARNING - RealTimePanel: IR_850nm raw data uzunluk uyumsuzluğu (timestamps: 532, data: 132)
2026-01-23 05:44:54 - spektroskopi - WARNING - RealTimePanel: IR_850nm calibrated data uzunluk uyumsuzluğu (timestamps: 532, data: 132)
2026-01-23 05:44:54 - spektroskopi - WARNING - RealTimePanel: IR_940nm raw data uzunluk uyumsuzluğu (timestamps: 532, data: 132)
2026-01-23 05:44:54 - spektroskopi - WARNING - RealTimePanel: IR_940nm calibrated data uzunluk uyumsuzluğu (timestamps: 532, data: 132)
2026-01-23 05:44:54 - spektroskopi - INFO - Raspberry Pi'dan veri alındı: 6e400004-b5a3-f393-e0a9-e50e24dcca9e (Handle: 11): Unknown, uzunluk: 2
2026-01-23 05:44:54 - spektroskopi - INFO - Raspberry Pi verisi: Ham=1908, Voltaj=1908.000V
2026-01-23 05:44:54 - spektroskopi - INFO - Raspberry Pi verisi işlendi: SENSOR_7 = 1908.000V
2026-01-23 05:44:55 - spektroskopi - INFO - Raspberry Pi'dan veri alındı: 6e400003-b5a3-f393-e0a9-e50e24dcca9e (Handle: 8): Nordic UART TX, uzunluk: 2
2026-01-23 05:44:55 - spektroskopi - INFO - Raspberry Pi verisi: Ham=1608, Voltaj=1608.000V
2026-01-23 05:44:55 - spektroskopi - INFO - Raspberry Pi verisi işlendi: SENSOR_5 = 1608.000V
2026-01-23 05:44:55 - spektroskopi - INFO - Raspberry Pi'dan veri alındı: 6e400002-b5a3-f393-e0a9-e50e24dcca9e (Handle: 19): Nordic UART RX, uzunluk: 2
2026-01-23 05:44:55 - spektroskopi - INFO - Raspberry Pi verisi: Ham=3224, Voltaj=3224.000V
2026-01-23 05:44:55 - spektroskopi - INFO - Raspberry Pi verisi işlendi: SENSOR_2 = 3224.000V
2026-01-23 05:44:55 - spektroskopi - INFO - Raspberry Pi'dan veri alındı: 6e400005-b5a3-f393-e0a9-e50e24dcca9e (Handle: 16): Unknown, uzunluk: 2
2026-01-23 05:44:55 - spektroskopi - INFO - Raspberry Pi verisi: Ham=3223, Voltaj=3223.000V
2026-01-23 05:44:55 - spektroskopi - INFO - Raspberry Pi verisi işlendi: SENSOR_EXTRA = 3223.000V
2026-01-23 05:44:55 - spektroskopi - WARNING - Zaman sıralama düzeltildi (averaged): 2026-01-23 05:44:55.373782
2026-01-23 05:44:55 - spektroskopi - WARNING - Zaman sıralama düzeltildi (averaged): 2026-01-23 05:44:55.374782
2026-01-23 05:44:55 - spektroskopi - WARNING - Zaman sıralama düzeltildi (averaged): 2026-01-23 05:44:55.375782
2026-01-23 05:44:55 - spektroskopi - WARNING - Zaman sıralama düzeltildi (averaged): 2026-01-23 05:44:55.376782
2026-01-23 05:44:55 - spektroskopi - WARNING - RealTimePanel: UV_360nm raw data uzunluk uyumsuzluğu (timestamps: 540, data: 136)
2026-01-23 05:44:55 - spektroskopi - WARNING - RealTimePanel: UV_360nm calibrated data uzunluk uyumsuzluğu (timestamps: 540, data: 136)
2026-01-23 05:44:55 - spektroskopi - WARNING - RealTimePanel: Blue_450nm raw data uzunluk uyumsuzluğu (timestamps: 540, data: 136)
2026-01-23 05:44:55 - spektroskopi - WARNING - RealTimePanel: Blue_450nm calibrated data uzunluk uyumsuzluğu (timestamps: 540, data: 136)
2026-01-23 05:44:55 - spektroskopi - WARNING - RealTimePanel: IR_850nm raw data uzunluk uyumsuzluğu (timestamps: 540, data: 134)
2026-01-23 05:44:55 - spektroskopi - WARNING - RealTimePanel: IR_850nm calibrated data uzunluk uyumsuzluğu (timestamps: 540, data: 134)
2026-01-23 05:44:55 - spektroskopi - WARNING - RealTimePanel: IR_940nm raw data uzunluk uyumsuzluğu (timestamps: 540, data: 134)
2026-01-23 05:44:55 - spektroskopi - WARNING - RealTimePanel: IR_940nm calibrated data uzunluk uyumsuzluğu (timestamps: 540, data: 134)
2026-01-23 05:44:55 - spektroskopi - INFO - Raspberry Pi'dan veri alındı: 6e400004-b5a3-f393-e0a9-e50e24dcca9e (Handle: 11): Unknown, uzunluk: 2
2026-01-23 05:44:55 - spektroskopi - INFO - Raspberry Pi verisi: Ham=1907, Voltaj=1907.000V
2026-01-23 05:44:55 - spektroskopi - INFO - Raspberry Pi verisi işlendi: SENSOR_7 = 1907.000V
2026-01-23 05:44:55 - spektroskopi - INFO - Raspberry Pi'dan veri alındı: 6e400003-b5a3-f393-e0a9-e50e24dcca9e (Handle: 8): Nordic UART TX, uzunluk: 2
2026-01-23 05:44:55 - spektroskopi - INFO - Raspberry Pi verisi: Ham=1599, Voltaj=1599.000V
2026-01-23 05:44:55 - spektroskopi - INFO - Raspberry Pi verisi işlendi: SENSOR_5 = 1599.000V
2026-01-23 05:44:56 - spektroskopi - INFO - Raspberry Pi'dan veri alındı: 6e400002-b5a3-f393-e0a9-e50e24dcca9e (Handle: 19): Nordic UART RX, uzunluk: 2
2026-01-23 05:44:56 - spektroskopi - INFO - Raspberry Pi verisi: Ham=3223, Voltaj=3223.000V
2026-01-23 05:44:56 - spektroskopi - INFO - Raspberry Pi verisi işlendi: SENSOR_2 = 3223.000V
2026-01-23 05:44:56 - spektroskopi - INFO - Raspberry Pi'dan veri alındı: 6e400005-b5a3-f393-e0a9-e50e24dcca9e (Handle: 16): Unknown, uzunluk: 2
2026-01-23 05:44:56 - spektroskopi - INFO - Raspberry Pi verisi: Ham=3223, Voltaj=3223.000V
2026-01-23 05:44:56 - spektroskopi - INFO - Raspberry Pi verisi işlendi: SENSOR_EXTRA = 3223.000V
2026-01-23 05:44:56 - spektroskopi - INFO - Raspberry Pi'dan veri alındı: 6e400004-b5a3-f393-e0a9-e50e24dcca9e (Handle: 11): Unknown, uzunluk: 2
2026-01-23 05:44:56 - spektroskopi - INFO - Raspberry Pi verisi: Ham=1889, Voltaj=1889.000V
2026-01-23 05:44:56 - spektroskopi - INFO - Raspberry Pi verisi işlendi: SENSOR_7 = 1889.000V
2026-01-23 05:44:56 - spektroskopi - WARNING - Zaman sıralama düzeltildi (averaged): 2026-01-23 05:44:56.512549
2026-01-23 05:44:56 - spektroskopi - WARNING - Zaman sıralama düzeltildi (averaged): 2026-01-23 05:44:56.513549
2026-01-23 05:44:56 - spektroskopi - WARNING - Zaman sıralama düzeltildi (averaged): 2026-01-23 05:44:56.514549
2026-01-23 05:44:56 - spektroskopi - WARNING - Zaman sıralama düzeltildi (averaged): 2026-01-23 05:44:56.515549
2026-01-23 05:44:56 - spektroskopi - WARNING - Zaman sıralama düzeltildi (averaged): 2026-01-23 05:44:56.516549
2026-01-23 05:44:56 - spektroskopi - WARNING - RealTimePanel: UV_360nm raw data uzunluk uyumsuzluğu (timestamps: 550, data: 138)
2026-01-23 05:44:56 - spektroskopi - WARNING - RealTimePanel: UV_360nm calibrated data uzunluk uyumsuzluğu (timestamps: 550, data: 138)
2026-01-23 05:44:56 - spektroskopi - WARNING - RealTimePanel: Blue_450nm raw data uzunluk uyumsuzluğu (timestamps: 550, data: 138)
2026-01-23 05:44:56 - spektroskopi - WARNING - RealTimePanel: Blue_450nm calibrated data uzunluk uyumsuzluğu (timestamps: 550, data: 138)
2026-01-23 05:44:56 - spektroskopi - WARNING - RealTimePanel: IR_850nm raw data uzunluk uyumsuzluğu (timestamps: 550, data: 138)
2026-01-23 05:44:56 - spektroskopi - WARNING - RealTimePanel: IR_850nm calibrated data uzunluk uyumsuzluğu (timestamps: 550, data: 138)
2026-01-23 05:44:56 - spektroskopi - WARNING - RealTimePanel: IR_940nm raw data uzunluk uyumsuzluğu (timestamps: 550, data: 136)
2026-01-23 05:44:56 - spektroskopi - WARNING - RealTimePanel: IR_940nm calibrated data uzunluk uyumsuzluğu (timestamps: 550, data: 136)
2026-01-23 05:44:56 - spektroskopi - INFO - Raspberry Pi'dan veri alındı: 6e400003-b5a3-f393-e0a9-e50e24dcca9e (Handle: 8): Nordic UART TX, uzunluk: 2
2026-01-23 05:44:56 - spektroskopi - INFO - Raspberry Pi verisi: Ham=1592, Voltaj=1592.000V
2026-01-23 05:44:56 - spektroskopi - INFO - Raspberry Pi verisi işlendi: SENSOR_5 = 1592.000V
2026-01-23 05:44:56 - spektroskopi - INFO - Raspberry Pi'dan veri alındı: 6e400002-b5a3-f393-e0a9-e50e24dcca9e (Handle: 19): Nordic UART RX, uzunluk: 2
2026-01-23 05:44:56 - spektroskopi - INFO - Raspberry Pi verisi: Ham=3224, Voltaj=3224.000V
2026-01-23 05:44:56 - spektroskopi - INFO - Raspberry Pi verisi işlendi: SENSOR_2 = 3224.000V
2026-01-23 05:44:57 - spektroskopi - INFO - Raspberry Pi'dan veri alındı: 6e400005-b5a3-f393-e0a9-e50e24dcca9e (Handle: 16): Unknown, uzunluk: 2
2026-01-23 05:44:57 - spektroskopi - INFO - Raspberry Pi verisi: Ham=3223, Voltaj=3223.000V
2026-01-23 05:44:57 - spektroskopi - INFO - Raspberry Pi verisi işlendi: SENSOR_EXTRA = 3223.000V
2026-01-23 05:44:57 - spektroskopi - INFO - Raspberry Pi'dan veri alındı: 6e400004-b5a3-f393-e0a9-e50e24dcca9e (Handle: 11): Unknown, uzunluk: 2
2026-01-23 05:44:57 - spektroskopi - INFO - Raspberry Pi verisi: Ham=1888, Voltaj=1888.000V
2026-01-23 05:44:57 - spektroskopi - INFO - Raspberry Pi verisi işlendi: SENSOR_7 = 1888.000V
2026-01-23 05:44:57 - spektroskopi - WARNING - Zaman sıralama düzeltildi (averaged): 2026-01-23 05:44:57.386162
2026-01-23 05:44:57 - spektroskopi - WARNING - Zaman sıralama düzeltildi (averaged): 2026-01-23 05:44:57.387162
2026-01-23 05:44:57 - spektroskopi - WARNING - Zaman sıralama düzeltildi (averaged): 2026-01-23 05:44:57.388162
2026-01-23 05:44:57 - spektroskopi - WARNING - Zaman sıralama düzeltildi (averaged): 2026-01-23 05:44:57.389162
2026-01-23 05:44:57 - spektroskopi - WARNING - RealTimePanel: UV_360nm raw data uzunluk uyumsuzluğu (timestamps: 558, data: 140)
2026-01-23 05:44:57 - spektroskopi - WARNING - RealTimePanel: UV_360nm calibrated data uzunluk uyumsuzluğu (timestamps: 558, data: 140)
2026-01-23 05:44:57 - spektroskopi - WARNING - RealTimePanel: Blue_450nm raw data uzunluk uyumsuzluğu (timestamps: 558, data: 140)
2026-01-23 05:44:57 - spektroskopi - WARNING - RealTimePanel: Blue_450nm calibrated data uzunluk uyumsuzluğu (timestamps: 558, data: 140)
2026-01-23 05:44:57 - spektroskopi - WARNING - RealTimePanel: IR_850nm raw data uzunluk uyumsuzluğu (timestamps: 558, data: 140)
2026-01-23 05:44:57 - spektroskopi - WARNING - RealTimePanel: IR_850nm calibrated data uzunluk uyumsuzluğu (timestamps: 558, data: 140)
2026-01-23 05:44:57 - spektroskopi - WARNING - RealTimePanel: IR_940nm raw data uzunluk uyumsuzluğu (timestamps: 558, data: 138)
2026-01-23 05:44:57 - spektroskopi - WARNING - RealTimePanel: IR_940nm calibrated data uzunluk uyumsuzluğu (timestamps: 558, data: 138)
2026-01-23 05:44:57 - spektroskopi - INFO - Raspberry Pi'dan veri alındı: 6e400003-b5a3-f393-e0a9-e50e24dcca9e (Handle: 8): Nordic UART TX, uzunluk: 2
2026-01-23 05:44:57 - spektroskopi - INFO - Raspberry Pi verisi: Ham=1595, Voltaj=1595.000V
2026-01-23 05:44:57 - spektroskopi - INFO - Raspberry Pi verisi işlendi: SENSOR_5 = 1595.000V
2026-01-23 05:44:57 - spektroskopi - INFO - Raspberry Pi'dan veri alındı: 6e400002-b5a3-f393-e0a9-e50e24dcca9e (Handle: 19): Nordic UART RX, uzunluk: 2
2026-01-23 05:44:57 - spektroskopi - INFO - Raspberry Pi verisi: Ham=3223, Voltaj=3223.000V
2026-01-23 05:44:57 - spektroskopi - INFO - Raspberry Pi verisi işlendi: SENSOR_2 = 3223.000V
2026-01-23 05:44:58 - spektroskopi - INFO - Raspberry Pi'dan veri alındı: 6e400005-b5a3-f393-e0a9-e50e24dcca9e (Handle: 16): Unknown, uzunluk: 2
2026-01-23 05:44:58 - spektroskopi - INFO - Raspberry Pi verisi: Ham=3223, Voltaj=3223.000V
2026-01-23 05:44:58 - spektroskopi - INFO - Raspberry Pi verisi işlendi: SENSOR_EXTRA = 3223.000V
2026-01-23 05:44:58 - spektroskopi - INFO - Raspberry Pi'dan veri alındı: 6e400004-b5a3-f393-e0a9-e50e24dcca9e (Handle: 11): Unknown, uzunluk: 2
2026-01-23 05:44:58 - spektroskopi - INFO - Raspberry Pi verisi: Ham=1891, Voltaj=1891.000V
2026-01-23 05:44:58 - spektroskopi - INFO - Raspberry Pi verisi işlendi: SENSOR_7 = 1891.000V
2026-01-23 05:44:58 - spektroskopi - INFO - Raspberry Pi'dan veri alındı: 6e400003-b5a3-f393-e0a9-e50e24dcca9e (Handle: 8): Nordic UART TX, uzunluk: 2
2026-01-23 05:44:58 - spektroskopi - INFO - Raspberry Pi verisi: Ham=1595, Voltaj=1595.000V
2026-01-23 05:44:58 - spektroskopi - INFO - Raspberry Pi verisi işlendi: SENSOR_5 = 1595.000V
2026-01-23 05:44:58 - spektroskopi - WARNING - Zaman sıralama düzeltildi (averaged): 2026-01-23 05:44:58.522613
2026-01-23 05:44:58 - spektroskopi - WARNING - Zaman sıralama düzeltildi (averaged): 2026-01-23 05:44:58.523613
2026-01-23 05:44:58 - spektroskopi - WARNING - Zaman sıralama düzeltildi (averaged): 2026-01-23 05:44:58.524613
2026-01-23 05:44:58 - spektroskopi - WARNING - Zaman sıralama düzeltildi (averaged): 2026-01-23 05:44:58.525613
2026-01-23 05:44:58 - spektroskopi - WARNING - Zaman sıralama düzeltildi (averaged): 2026-01-23 05:44:58.526613
2026-01-23 05:44:58 - spektroskopi - WARNING - RealTimePanel: UV_360nm raw data uzunluk uyumsuzluğu (timestamps: 568, data: 142)
2026-01-23 05:44:58 - spektroskopi - WARNING - RealTimePanel: UV_360nm calibrated data uzunluk uyumsuzluğu (timestamps: 568, data: 142)
2026-01-23 05:44:58 - spektroskopi - WARNING - RealTimePanel: Blue_450nm raw data uzunluk uyumsuzluğu (timestamps: 568, data: 142)
2026-01-23 05:44:58 - spektroskopi - WARNING - RealTimePanel: Blue_450nm calibrated data uzunluk uyumsuzluğu (timestamps: 568, data: 142)
2026-01-23 05:44:58 - spektroskopi - WARNING - RealTimePanel: IR_850nm raw data uzunluk uyumsuzluğu (timestamps: 568, data: 142)
2026-01-23 05:44:58 - spektroskopi - WARNING - RealTimePanel: IR_850nm calibrated data uzunluk uyumsuzluğu (timestamps: 568, data: 142)
2026-01-23 05:44:58 - spektroskopi - WARNING - RealTimePanel: IR_940nm raw data uzunluk uyumsuzluğu (timestamps: 568, data: 142)
2026-01-23 05:44:58 - spektroskopi - WARNING - RealTimePanel: IR_940nm calibrated data uzunluk uyumsuzluğu (timestamps: 568, data: 142)
2026-01-23 05:44:58 - spektroskopi - INFO - Raspberry Pi'dan veri alındı: 6e400002-b5a3-f393-e0a9-e50e24dcca9e (Handle: 19): Nordic UART RX, uzunluk: 2
2026-01-23 05:44:58 - spektroskopi - INFO - Raspberry Pi verisi: Ham=3223, Voltaj=3223.000V
2026-01-23 05:44:58 - spektroskopi - INFO - Raspberry Pi verisi işlendi: SENSOR_2 = 3223.000V
2026-01-23 05:44:58 - spektroskopi - INFO - Raspberry Pi'dan veri alındı: 6e400005-b5a3-f393-e0a9-e50e24dcca9e (Handle: 16): Unknown, uzunluk: 2
2026-01-23 05:44:58 - spektroskopi - INFO - Raspberry Pi verisi: Ham=3223, Voltaj=3223.000V
2026-01-23 05:44:58 - spektroskopi - INFO - Raspberry Pi verisi işlendi: SENSOR_EXTRA = 3223.000V
2026-01-23 05:44:59 - spektroskopi - INFO - Raspberry Pi'dan veri alındı: 6e400004-b5a3-f393-e0a9-e50e24dcca9e (Handle: 11): Unknown, uzunluk: 2
2026-01-23 05:44:59 - spektroskopi - INFO - Raspberry Pi verisi: Ham=1899, Voltaj=1899.000V
2026-01-23 05:44:59 - spektroskopi - INFO - Raspberry Pi verisi işlendi: SENSOR_7 = 1899.000V
2026-01-23 05:44:59 - spektroskopi - INFO - Raspberry Pi'dan veri alındı: 6e400003-b5a3-f393-e0a9-e50e24dcca9e (Handle: 8): Nordic UART TX, uzunluk: 2
2026-01-23 05:44:59 - spektroskopi - INFO - Raspberry Pi verisi: Ham=1597, Voltaj=1597.000V
2026-01-23 05:44:59 - spektroskopi - INFO - Raspberry Pi verisi işlendi: SENSOR_5 = 1597.000V
2026-01-23 05:44:59 - spektroskopi - INFO - Raspberry Pi'dan veri alındı: 6e400002-b5a3-f393-e0a9-e50e24dcca9e (Handle: 19): Nordic UART RX, uzunluk: 2
2026-01-23 05:44:59 - spektroskopi - INFO - Raspberry Pi verisi: Ham=3223, Voltaj=3223.000V
2026-01-23 05:44:59 - spektroskopi - INFO - Raspberry Pi verisi işlendi: SENSOR_2 = 3223.000V
2026-01-23 05:44:59 - spektroskopi - WARNING - Zaman sıralama düzeltildi (averaged): 2026-01-23 05:44:59.513469
2026-01-23 05:44:59 - spektroskopi - WARNING - Zaman sıralama düzeltildi (averaged): 2026-01-23 05:44:59.514469
2026-01-23 05:44:59 - spektroskopi - WARNING - Zaman sıralama düzeltildi (averaged): 2026-01-23 05:44:59.515469
2026-01-23 05:44:59 - spektroskopi - WARNING - Zaman sıralama düzeltildi (averaged): 2026-01-23 05:44:59.516469
2026-01-23 05:44:59 - spektroskopi - WARNING - Zaman sıralama düzeltildi (averaged): 2026-01-23 05:44:59.517469
2026-01-23 05:44:59 - spektroskopi - WARNING - RealTimePanel: UV_360nm raw data uzunluk uyumsuzluğu (timestamps: 578, data: 146)
2026-01-23 05:44:59 - spektroskopi - WARNING - RealTimePanel: UV_360nm calibrated data uzunluk uyumsuzluğu (timestamps: 578, data: 146)
2026-01-23 05:44:59 - spektroskopi - WARNING - RealTimePanel: Blue_450nm raw data uzunluk uyumsuzluğu (timestamps: 578, data: 144)
2026-01-23 05:44:59 - spektroskopi - WARNING - RealTimePanel: Blue_450nm calibrated data uzunluk uyumsuzluğu (timestamps: 578, data: 144)
2026-01-23 05:44:59 - spektroskopi - WARNING - RealTimePanel: IR_850nm raw data uzunluk uyumsuzluğu (timestamps: 578, data: 144)
2026-01-23 05:44:59 - spektroskopi - WARNING - RealTimePanel: IR_850nm calibrated data uzunluk uyumsuzluğu (timestamps: 578, data: 144)
2026-01-23 05:44:59 - spektroskopi - WARNING - RealTimePanel: IR_940nm raw data uzunluk uyumsuzluğu (timestamps: 578, data: 144)
2026-01-23 05:44:59 - spektroskopi - WARNING - RealTimePanel: IR_940nm calibrated data uzunluk uyumsuzluğu (timestamps: 578, data: 144)
2026-01-23 05:44:59 - spektroskopi - INFO - Raspberry Pi'dan veri alındı: 6e400005-b5a3-f393-e0a9-e50e24dcca9e (Handle: 16): Unknown, uzunluk: 2
2026-01-23 05:44:59 - spektroskopi - INFO - Raspberry Pi verisi: Ham=3223, Voltaj=3223.000V
2026-01-23 05:44:59 - spektroskopi - INFO - Raspberry Pi verisi işlendi: SENSOR_EXTRA = 3223.000V
2026-01-23 05:45:00 - spektroskopi - INFO - Raspberry Pi'dan veri alındı: 6e400004-b5a3-f393-e0a9-e50e24dcca9e (Handle: 11): Unknown, uzunluk: 2
2026-01-23 05:45:00 - spektroskopi - INFO - Raspberry Pi verisi: Ham=1895, Voltaj=1895.000V
2026-01-23 05:45:00 - spektroskopi - INFO - Raspberry Pi verisi işlendi: SENSOR_7 = 1895.000V
2026-01-23 05:45:00 - spektroskopi - INFO - Raspberry Pi'dan veri alındı: 6e400003-b5a3-f393-e0a9-e50e24dcca9e (Handle: 8): Nordic UART TX, uzunluk: 2
2026-01-23 05:45:00 - spektroskopi - INFO - Raspberry Pi verisi: Ham=1603, Voltaj=1603.000V
2026-01-23 05:45:00 - spektroskopi - INFO - Raspberry Pi verisi işlendi: SENSOR_5 = 1603.000V
2026-01-23 05:45:00 - spektroskopi - INFO - Raspberry Pi'dan veri alındı: 6e400002-b5a3-f393-e0a9-e50e24dcca9e (Handle: 19): Nordic UART RX, uzunluk: 2
2026-01-23 05:45:00 - spektroskopi - INFO - Raspberry Pi verisi: Ham=3223, Voltaj=3223.000V
2026-01-23 05:45:00 - spektroskopi - INFO - Raspberry Pi verisi işlendi: SENSOR_2 = 3223.000V
2026-01-23 05:45:00 - spektroskopi - WARNING - Zaman sıralama düzeltildi (averaged): 2026-01-23 05:45:00.414716
2026-01-23 05:45:00 - spektroskopi - WARNING - Zaman sıralama düzeltildi (averaged): 2026-01-23 05:45:00.415716
2026-01-23 05:45:00 - spektroskopi - WARNING - Zaman sıralama düzeltildi (averaged): 2026-01-23 05:45:00.416716
2026-01-23 05:45:00 - spektroskopi - WARNING - Zaman sıralama düzeltildi (averaged): 2026-01-23 05:45:00.417716
2026-01-23 05:45:00 - spektroskopi - WARNING - RealTimePanel: UV_360nm raw data uzunluk uyumsuzluğu (timestamps: 586, data: 148)
2026-01-23 05:45:00 - spektroskopi - WARNING - RealTimePanel: UV_360nm calibrated data uzunluk uyumsuzluğu (timestamps: 586, data: 148)
2026-01-23 05:45:00 - spektroskopi - WARNING - RealTimePanel: Blue_450nm raw data uzunluk uyumsuzluğu (timestamps: 586, data: 146)
2026-01-23 05:45:00 - spektroskopi - WARNING - RealTimePanel: Blue_450nm calibrated data uzunluk uyumsuzluğu (timestamps: 586, data: 146)
2026-01-23 05:45:00 - spektroskopi - WARNING - RealTimePanel: IR_850nm raw data uzunluk uyumsuzluğu (timestamps: 586, data: 146)
2026-01-23 05:45:00 - spektroskopi - WARNING - RealTimePanel: IR_850nm calibrated data uzunluk uyumsuzluğu (timestamps: 586, data: 146)
2026-01-23 05:45:00 - spektroskopi - WARNING - RealTimePanel: IR_940nm raw data uzunluk uyumsuzluğu (timestamps: 586, data: 146)
2026-01-23 05:45:00 - spektroskopi - WARNING - RealTimePanel: IR_940nm calibrated data uzunluk uyumsuzluğu (timestamps: 586, data: 146)
2026-01-23 05:45:00 - spektroskopi - INFO - Raspberry Pi'dan veri alındı: 6e400005-b5a3-f393-e0a9-e50e24dcca9e (Handle: 16): Unknown, uzunluk: 2
2026-01-23 05:45:00 - spektroskopi - INFO - Raspberry Pi verisi: Ham=3223, Voltaj=3223.000V
2026-01-23 05:45:00 - spektroskopi - INFO - Raspberry Pi verisi işlendi: SENSOR_EXTRA = 3223.000V
2026-01-23 05:45:00 - spektroskopi - INFO - Raspberry Pi'dan veri alındı: 6e400004-b5a3-f393-e0a9-e50e24dcca9e (Handle: 11): Unknown, uzunluk: 2
2026-01-23 05:45:00 - spektroskopi - INFO - Raspberry Pi verisi: Ham=1908, Voltaj=1908.000V
2026-01-23 05:45:00 - spektroskopi - INFO - Raspberry Pi verisi işlendi: SENSOR_7 = 1908.000V
2026-01-23 05:45:01 - spektroskopi - INFO - Raspberry Pi'dan veri alındı: 6e400003-b5a3-f393-e0a9-e50e24dcca9e (Handle: 8): Nordic UART TX, uzunluk: 2
2026-01-23 05:45:01 - spektroskopi - INFO - Raspberry Pi verisi: Ham=1607, Voltaj=1607.000V
2026-01-23 05:45:01 - spektroskopi - INFO - Raspberry Pi verisi işlendi: SENSOR_5 = 1607.000V
2026-01-23 05:45:01 - spektroskopi - INFO - Raspberry Pi'dan veri alındı: 6e400002-b5a3-f393-e0a9-e50e24dcca9e (Handle: 19): Nordic UART RX, uzunluk: 2
2026-01-23 05:45:01 - spektroskopi - INFO - Raspberry Pi verisi: Ham=3223, Voltaj=3223.000V
2026-01-23 05:45:01 - spektroskopi - INFO - Raspberry Pi verisi işlendi: SENSOR_2 = 3223.000V
2026-01-23 05:45:01 - spektroskopi - INFO - Raspberry Pi'dan veri alındı: 6e400005-b5a3-f393-e0a9-e50e24dcca9e (Handle: 16): Unknown, uzunluk: 2
2026-01-23 05:45:01 - spektroskopi - INFO - Raspberry Pi verisi: Ham=3223, Voltaj=3223.000V
2026-01-23 05:45:01 - spektroskopi - INFO - Raspberry Pi verisi işlendi: SENSOR_EXTRA = 3223.000V
2026-01-23 05:45:01 - spektroskopi - WARNING - Zaman sıralama düzeltildi (averaged): 2026-01-23 05:45:01.553308
2026-01-23 05:45:01 - spektroskopi - WARNING - Zaman sıralama düzeltildi (averaged): 2026-01-23 05:45:01.554308
2026-01-23 05:45:01 - spektroskopi - WARNING - Zaman sıralama düzeltildi (averaged): 2026-01-23 05:45:01.555308
2026-01-23 05:45:01 - spektroskopi - WARNING - Zaman sıralama düzeltildi (averaged): 2026-01-23 05:45:01.556308
2026-01-23 05:45:01 - spektroskopi - WARNING - Zaman sıralama düzeltildi (averaged): 2026-01-23 05:45:01.557308
2026-01-23 05:45:01 - spektroskopi - WARNING - RealTimePanel: UV_360nm raw data uzunluk uyumsuzluğu (timestamps: 596, data: 150)
2026-01-23 05:45:01 - spektroskopi - WARNING - RealTimePanel: UV_360nm calibrated data uzunluk uyumsuzluğu (timestamps: 596, data: 150)
2026-01-23 05:45:01 - spektroskopi - WARNING - RealTimePanel: Blue_450nm raw data uzunluk uyumsuzluğu (timestamps: 596, data: 150)
2026-01-23 05:45:01 - spektroskopi - WARNING - RealTimePanel: Blue_450nm calibrated data uzunluk uyumsuzluğu (timestamps: 596, data: 150)
2026-01-23 05:45:01 - spektroskopi - WARNING - RealTimePanel: IR_850nm raw data uzunluk uyumsuzluğu (timestamps: 596, data: 148)
2026-01-23 05:45:01 - spektroskopi - WARNING - RealTimePanel: IR_850nm calibrated data uzunluk uyumsuzluğu (timestamps: 596, data: 148)
2026-01-23 05:45:01 - spektroskopi - WARNING - RealTimePanel: IR_940nm raw data uzunluk uyumsuzluğu (timestamps: 596, data: 148)
2026-01-23 05:45:01 - spektroskopi - WARNING - RealTimePanel: IR_940nm calibrated data uzunluk uyumsuzluğu (timestamps: 596, data: 148)
2026-01-23 05:45:01 - spektroskopi - INFO - Raspberry Pi'dan veri alındı: 6e400004-b5a3-f393-e0a9-e50e24dcca9e (Handle: 11): Unknown, uzunluk: 2
2026-01-23 05:45:01 - spektroskopi - INFO - Raspberry Pi verisi: Ham=1908, Voltaj=1908.000V
2026-01-23 05:45:01 - spektroskopi - INFO - Raspberry Pi verisi işlendi: SENSOR_7 = 1908.000V
2026-01-23 05:45:02 - spektroskopi - INFO - Raspberry Pi'dan veri alındı: 6e400003-b5a3-f393-e0a9-e50e24dcca9e (Handle: 8): Nordic UART TX, uzunluk: 2
2026-01-23 05:45:02 - spektroskopi - INFO - Raspberry Pi verisi: Ham=1606, Voltaj=1606.000V
2026-01-23 05:45:02 - spektroskopi - INFO - Raspberry Pi verisi işlendi: SENSOR_5 = 1606.000V
2026-01-23 05:45:02 - spektroskopi - INFO - Raspberry Pi'dan veri alındı: 6e400002-b5a3-f393-e0a9-e50e24dcca9e (Handle: 19): Nordic UART RX, uzunluk: 2
2026-01-23 05:45:02 - spektroskopi - INFO - Raspberry Pi verisi: Ham=3223, Voltaj=3223.000V
2026-01-23 05:45:02 - spektroskopi - INFO - Raspberry Pi verisi işlendi: SENSOR_2 = 3223.000V
2026-01-23 05:45:02 - spektroskopi - INFO - Raspberry Pi'dan veri alındı: 6e400005-b5a3-f393-e0a9-e50e24dcca9e (Handle: 16): Unknown, uzunluk: 2
2026-01-23 05:45:02 - spektroskopi - INFO - Raspberry Pi verisi: Ham=3224, Voltaj=3224.000V
2026-01-23 05:45:02 - spektroskopi - INFO - Raspberry Pi verisi işlendi: SENSOR_EXTRA = 3224.000V
2026-01-23 05:45:02 - spektroskopi - WARNING - Zaman sıralama düzeltildi (averaged): 2026-01-23 05:45:02.422682
2026-01-23 05:45:02 - spektroskopi - WARNING - Zaman sıralama düzeltildi (averaged): 2026-01-23 05:45:02.423682
2026-01-23 05:45:02 - spektroskopi - WARNING - Zaman sıralama düzeltildi (averaged): 2026-01-23 05:45:02.424682
2026-01-23 05:45:02 - spektroskopi - WARNING - Zaman sıralama düzeltildi (averaged): 2026-01-23 05:45:02.425682
2026-01-23 05:45:02 - spektroskopi - WARNING - RealTimePanel: UV_360nm raw data uzunluk uyumsuzluğu (timestamps: 604, data: 152)
2026-01-23 05:45:02 - spektroskopi - WARNING - RealTimePanel: UV_360nm calibrated data uzunluk uyumsuzluğu (timestamps: 604, data: 152)
2026-01-23 05:45:02 - spektroskopi - WARNING - RealTimePanel: Blue_450nm raw data uzunluk uyumsuzluğu (timestamps: 604, data: 152)
2026-01-23 05:45:02 - spektroskopi - WARNING - RealTimePanel: Blue_450nm calibrated data uzunluk uyumsuzluğu (timestamps: 604, data: 152)
2026-01-23 05:45:02 - spektroskopi - WARNING - RealTimePanel: IR_850nm raw data uzunluk uyumsuzluğu (timestamps: 604, data: 150)
2026-01-23 05:45:02 - spektroskopi - WARNING - RealTimePanel: IR_850nm calibrated data uzunluk uyumsuzluğu (timestamps: 604, data: 150)
2026-01-23 05:45:02 - spektroskopi - WARNING - RealTimePanel: IR_940nm raw data uzunluk uyumsuzluğu (timestamps: 604, data: 150)
2026-01-23 05:45:02 - spektroskopi - WARNING - RealTimePanel: IR_940nm calibrated data uzunluk uyumsuzluğu (timestamps: 604, data: 150)
2026-01-23 05:45:02 - spektroskopi - INFO - Raspberry Pi'dan veri alındı: 6e400004-b5a3-f393-e0a9-e50e24dcca9e (Handle: 11): Unknown, uzunluk: 2
2026-01-23 05:45:02 - spektroskopi - INFO - Raspberry Pi verisi: Ham=1910, Voltaj=1910.000V
2026-01-23 05:45:02 - spektroskopi - INFO - Raspberry Pi verisi işlendi: SENSOR_7 = 1910.000V
2026-01-23 05:45:02 - spektroskopi - INFO - Raspberry Pi'dan veri alındı: 6e400003-b5a3-f393-e0a9-e50e24dcca9e (Handle: 8): Nordic UART TX, uzunluk: 2
2026-01-23 05:45:02 - spektroskopi - INFO - Raspberry Pi verisi: Ham=1607, Voltaj=1607.000V
2026-01-23 05:45:02 - spektroskopi - INFO - Raspberry Pi verisi işlendi: SENSOR_5 = 1607.000V
2026-01-23 05:45:03 - spektroskopi - INFO - Raspberry Pi'dan veri alındı: 6e400002-b5a3-f393-e0a9-e50e24dcca9e (Handle: 19): Nordic UART RX, uzunluk: 2
2026-01-23 05:45:03 - spektroskopi - INFO - Raspberry Pi verisi: Ham=3222, Voltaj=3222.000V
2026-01-23 05:45:03 - spektroskopi - INFO - Raspberry Pi verisi işlendi: SENSOR_2 = 3222.000V
2026-01-23 05:45:03 - spektroskopi - INFO - Raspberry Pi'dan veri alındı: 6e400005-b5a3-f393-e0a9-e50e24dcca9e (Handle: 16): Unknown, uzunluk: 2
2026-01-23 05:45:03 - spektroskopi - INFO - Raspberry Pi verisi: Ham=3224, Voltaj=3224.000V
2026-01-23 05:45:03 - spektroskopi - INFO - Raspberry Pi verisi işlendi: SENSOR_EXTRA = 3224.000V
2026-01-23 05:45:03 - spektroskopi - INFO - Raspberry Pi'dan veri alındı: 6e400004-b5a3-f393-e0a9-e50e24dcca9e (Handle: 11): Unknown, uzunluk: 2
2026-01-23 05:45:03 - spektroskopi - INFO - Raspberry Pi verisi: Ham=1912, Voltaj=1912.000V
2026-01-23 05:45:03 - spektroskopi - INFO - Raspberry Pi verisi işlendi: SENSOR_7 = 1912.000V
2026-01-23 05:45:03 - spektroskopi - WARNING - Zaman sıralama düzeltildi (averaged): 2026-01-23 05:45:03.562746
2026-01-23 05:45:03 - spektroskopi - WARNING - Zaman sıralama düzeltildi (averaged): 2026-01-23 05:45:03.563746
2026-01-23 05:45:03 - spektroskopi - WARNING - Zaman sıralama düzeltildi (averaged): 2026-01-23 05:45:03.564746
2026-01-23 05:45:03 - spektroskopi - WARNING - Zaman sıralama düzeltildi (averaged): 2026-01-23 05:45:03.565746
2026-01-23 05:45:03 - spektroskopi - WARNING - Zaman sıralama düzeltildi (averaged): 2026-01-23 05:45:03.566746
2026-01-23 05:45:03 - spektroskopi - WARNING - RealTimePanel: UV_360nm raw data uzunluk uyumsuzluğu (timestamps: 614, data: 154)
2026-01-23 05:45:03 - spektroskopi - WARNING - RealTimePanel: UV_360nm calibrated data uzunluk uyumsuzluğu (timestamps: 614, data: 154)
2026-01-23 05:45:03 - spektroskopi - WARNING - RealTimePanel: Blue_450nm raw data uzunluk uyumsuzluğu (timestamps: 614, data: 154)
2026-01-23 05:45:03 - spektroskopi - WARNING - RealTimePanel: Blue_450nm calibrated data uzunluk uyumsuzluğu (timestamps: 614, data: 154)
2026-01-23 05:45:03 - spektroskopi - WARNING - RealTimePanel: IR_850nm raw data uzunluk uyumsuzluğu (timestamps: 614, data: 154)
2026-01-23 05:45:03 - spektroskopi - WARNING - RealTimePanel: IR_850nm calibrated data uzunluk uyumsuzluğu (timestamps: 614, data: 154)
2026-01-23 05:45:03 - spektroskopi - WARNING - RealTimePanel: IR_940nm raw data uzunluk uyumsuzluğu (timestamps: 614, data: 152)
2026-01-23 05:45:03 - spektroskopi - WARNING - RealTimePanel: IR_940nm calibrated data uzunluk uyumsuzluğu (timestamps: 614, data: 152)
2026-01-23 05:45:03 - spektroskopi - INFO - Raspberry Pi'dan veri alındı: 6e400003-b5a3-f393-e0a9-e50e24dcca9e (Handle: 8): Nordic UART TX, uzunluk: 2
2026-01-23 05:45:03 - spektroskopi - INFO - Raspberry Pi verisi: Ham=1612, Voltaj=1612.000V
2026-01-23 05:45:03 - spektroskopi - INFO - Raspberry Pi verisi işlendi: SENSOR_5 = 1612.000V
2026-01-23 05:45:03 - spektroskopi - INFO - Raspberry Pi'dan veri alındı: 6e400002-b5a3-f393-e0a9-e50e24dcca9e (Handle: 19): Nordic UART RX, uzunluk: 2
2026-01-23 05:45:03 - spektroskopi - INFO - Raspberry Pi verisi: Ham=3223, Voltaj=3223.000V
2026-01-23 05:45:03 - spektroskopi - INFO - Raspberry Pi verisi işlendi: SENSOR_2 = 3223.000V
2026-01-23 05:45:04 - spektroskopi - INFO - Raspberry Pi'dan veri alındı: 6e400005-b5a3-f393-e0a9-e50e24dcca9e (Handle: 16): Unknown, uzunluk: 2
2026-01-23 05:45:04 - spektroskopi - INFO - Raspberry Pi verisi: Ham=3223, Voltaj=3223.000V
2026-01-23 05:45:04 - spektroskopi - INFO - Raspberry Pi verisi işlendi: SENSOR_EXTRA = 3223.000V
2026-01-23 05:45:04 - spektroskopi - INFO - Raspberry Pi'dan veri alındı: 6e400004-b5a3-f393-e0a9-e50e24dcca9e (Handle: 11): Unknown, uzunluk: 2
2026-01-23 05:45:04 - spektroskopi - INFO - Raspberry Pi verisi: Ham=1912, Voltaj=1912.000V
2026-01-23 05:45:04 - spektroskopi - INFO - Raspberry Pi verisi işlendi: SENSOR_7 = 1912.000V
2026-01-23 05:45:04 - spektroskopi - WARNING - Zaman sıralama düzeltildi (averaged): 2026-01-23 05:45:04.432784
2026-01-23 05:45:04 - spektroskopi - WARNING - Zaman sıralama düzeltildi (averaged): 2026-01-23 05:45:04.433784
2026-01-23 05:45:04 - spektroskopi - WARNING - Zaman sıralama düzeltildi (averaged): 2026-01-23 05:45:04.434784
2026-01-23 05:45:04 - spektroskopi - WARNING - Zaman sıralama düzeltildi (averaged): 2026-01-23 05:45:04.435784
2026-01-23 05:45:04 - spektroskopi - WARNING - RealTimePanel: UV_360nm raw data uzunluk uyumsuzluğu (timestamps: 622, data: 156)
2026-01-23 05:45:04 - spektroskopi - WARNING - RealTimePanel: UV_360nm calibrated data uzunluk uyumsuzluğu (timestamps: 622, data: 156)
2026-01-23 05:45:04 - spektroskopi - WARNING - RealTimePanel: Blue_450nm raw data uzunluk uyumsuzluğu (timestamps: 622, data: 156)
2026-01-23 05:45:04 - spektroskopi - WARNING - RealTimePanel: Blue_450nm calibrated data uzunluk uyumsuzluğu (timestamps: 622, data: 156)
2026-01-23 05:45:04 - spektroskopi - WARNING - RealTimePanel: IR_850nm raw data uzunluk uyumsuzluğu (timestamps: 622, data: 156)
2026-01-23 05:45:04 - spektroskopi - WARNING - RealTimePanel: IR_850nm calibrated data uzunluk uyumsuzluğu (timestamps: 622, data: 156)
2026-01-23 05:45:04 - spektroskopi - WARNING - RealTimePanel: IR_940nm raw data uzunluk uyumsuzluğu (timestamps: 622, data: 154)
2026-01-23 05:45:04 - spektroskopi - WARNING - RealTimePanel: IR_940nm calibrated data uzunluk uyumsuzluğu (timestamps: 622, data: 154)
2026-01-23 05:45:04 - spektroskopi - INFO - Raspberry Pi'dan veri alındı: 6e400003-b5a3-f393-e0a9-e50e24dcca9e (Handle: 8): Nordic UART TX, uzunluk: 2
2026-01-23 05:45:04 - spektroskopi - INFO - Raspberry Pi verisi: Ham=1608, Voltaj=1608.000V
2026-01-23 05:45:04 - spektroskopi - INFO - Raspberry Pi verisi işlendi: SENSOR_5 = 1608.000V
2026-01-23 05:45:04 - spektroskopi - INFO - Raspberry Pi'dan veri alındı: 6e400002-b5a3-f393-e0a9-e50e24dcca9e (Handle: 19): Nordic UART RX, uzunluk: 2
2026-01-23 05:45:04 - spektroskopi - INFO - Raspberry Pi verisi: Ham=3222, Voltaj=3222.000V
2026-01-23 05:45:04 - spektroskopi - INFO - Raspberry Pi verisi işlendi: SENSOR_2 = 3222.000V
2026-01-23 05:45:05 - spektroskopi - INFO - Raspberry Pi'dan veri alındı: 6e400005-b5a3-f393-e0a9-e50e24dcca9e (Handle: 16): Unknown, uzunluk: 2
2026-01-23 05:45:05 - spektroskopi - INFO - Raspberry Pi verisi: Ham=3223, Voltaj=3223.000V
2026-01-23 05:45:05 - spektroskopi - INFO - Raspberry Pi verisi işlendi: SENSOR_EXTRA = 3223.000V
2026-01-23 05:45:05 - spektroskopi - INFO - Raspberry Pi'dan veri alındı: 6e400004-b5a3-f393-e0a9-e50e24dcca9e (Handle: 11): Unknown, uzunluk: 2
2026-01-23 05:45:05 - spektroskopi - INFO - Raspberry Pi verisi: Ham=1913, Voltaj=1913.000V
2026-01-23 05:45:05 - spektroskopi - INFO - Raspberry Pi verisi işlendi: SENSOR_7 = 1913.000V
2026-01-23 05:45:05 - spektroskopi - INFO - Raspberry Pi'dan veri alındı: 6e400003-b5a3-f393-e0a9-e50e24dcca9e (Handle: 8): Nordic UART TX, uzunluk: 2
2026-01-23 05:45:05 - spektroskopi - INFO - Raspberry Pi verisi: Ham=1612, Voltaj=1612.000V
2026-01-23 05:45:05 - spektroskopi - INFO - Raspberry Pi verisi işlendi: SENSOR_5 = 1612.000V
2026-01-23 05:45:05 - spektroskopi - WARNING - Zaman sıralama düzeltildi (averaged): 2026-01-23 05:45:05.572759
2026-01-23 05:45:05 - spektroskopi - WARNING - Zaman sıralama düzeltildi (averaged): 2026-01-23 05:45:05.573759
2026-01-23 05:45:05 - spektroskopi - WARNING - Zaman sıralama düzeltildi (averaged): 2026-01-23 05:45:05.574759
2026-01-23 05:45:05 - spektroskopi - WARNING - Zaman sıralama düzeltildi (averaged): 2026-01-23 05:45:05.575759
2026-01-23 05:45:05 - spektroskopi - WARNING - Zaman sıralama düzeltildi (averaged): 2026-01-23 05:45:05.576759
2026-01-23 05:45:05 - spektroskopi - WARNING - RealTimePanel: UV_360nm raw data uzunluk uyumsuzluğu (timestamps: 632, data: 158)
2026-01-23 05:45:05 - spektroskopi - WARNING - RealTimePanel: UV_360nm calibrated data uzunluk uyumsuzluğu (timestamps: 632, data: 158)
2026-01-23 05:45:05 - spektroskopi - WARNING - RealTimePanel: Blue_450nm raw data uzunluk uyumsuzluğu (timestamps: 632, data: 158)
2026-01-23 05:45:05 - spektroskopi - WARNING - RealTimePanel: Blue_450nm calibrated data uzunluk uyumsuzluğu (timestamps: 632, data: 158)
2026-01-23 05:45:05 - spektroskopi - WARNING - RealTimePanel: IR_850nm raw data uzunluk uyumsuzluğu (timestamps: 632, data: 158)
2026-01-23 05:45:05 - spektroskopi - WARNING - RealTimePanel: IR_850nm calibrated data uzunluk uyumsuzluğu (timestamps: 632, data: 158)
2026-01-23 05:45:05 - spektroskopi - WARNING - RealTimePanel: IR_940nm raw data uzunluk uyumsuzluğu (timestamps: 632, data: 158)
2026-01-23 05:45:05 - spektroskopi - WARNING - RealTimePanel: IR_940nm calibrated data uzunluk uyumsuzluğu (timestamps: 632, data: 158)
2026-01-23 05:45:05 - spektroskopi - INFO - Raspberry Pi'dan veri alındı: 6e400002-b5a3-f393-e0a9-e50e24dcca9e (Handle: 19): Nordic UART RX, uzunluk: 2
2026-01-23 05:45:05 - spektroskopi - INFO - Raspberry Pi verisi: Ham=3223, Voltaj=3223.000V
2026-01-23 05:45:05 - spektroskopi - INFO - Raspberry Pi verisi işlendi: SENSOR_2 = 3223.000V
2026-01-23 05:45:05 - spektroskopi - INFO - Raspberry Pi'dan veri alındı: 6e400005-b5a3-f393-e0a9-e50e24dcca9e (Handle: 16): Unknown, uzunluk: 2
2026-01-23 05:45:05 - spektroskopi - INFO - Raspberry Pi verisi: Ham=3222, Voltaj=3222.000V
2026-01-23 05:45:05 - spektroskopi - INFO - Raspberry Pi verisi işlendi: SENSOR_EXTRA = 3222.000V
2026-01-23 05:45:06 - spektroskopi - INFO - Raspberry Pi'dan veri alındı: 6e400004-b5a3-f393-e0a9-e50e24dcca9e (Handle: 11): Unknown, uzunluk: 2
2026-01-23 05:45:06 - spektroskopi - INFO - Raspberry Pi verisi: Ham=1908, Voltaj=1908.000V
2026-01-23 05:45:06 - spektroskopi - INFO - Raspberry Pi verisi işlendi: SENSOR_7 = 1908.000V
2026-01-23 05:45:06 - spektroskopi - INFO - Raspberry Pi'dan veri alındı: 6e400003-b5a3-f393-e0a9-e50e24dcca9e (Handle: 8): Nordic UART TX, uzunluk: 2
2026-01-23 05:45:06 - spektroskopi - INFO - Raspberry Pi verisi: Ham=1606, Voltaj=1606.000V
2026-01-23 05:45:06 - spektroskopi - INFO - Raspberry Pi verisi işlendi: SENSOR_5 = 1606.000V
2026-01-23 05:45:06 - spektroskopi - INFO - Raspberry Pi'dan veri alındı: 6e400002-b5a3-f393-e0a9-e50e24dcca9e (Handle: 19): Nordic UART RX, uzunluk: 2
2026-01-23 05:45:06 - spektroskopi - INFO - Raspberry Pi verisi: Ham=3223, Voltaj=3223.000V
2026-01-23 05:45:06 - spektroskopi - INFO - Raspberry Pi verisi işlendi: SENSOR_2 = 3223.000V
2026-01-23 05:45:06 - spektroskopi - WARNING - Zaman sıralama düzeltildi (averaged): 2026-01-23 05:45:06.562760
2026-01-23 05:45:06 - spektroskopi - WARNING - Zaman sıralama düzeltildi (averaged): 2026-01-23 05:45:06.563760
2026-01-23 05:45:06 - spektroskopi - WARNING - Zaman sıralama düzeltildi (averaged): 2026-01-23 05:45:06.564760
2026-01-23 05:45:06 - spektroskopi - WARNING - Zaman sıralama düzeltildi (averaged): 2026-01-23 05:45:06.565760
2026-01-23 05:45:06 - spektroskopi - WARNING - Zaman sıralama düzeltildi (averaged): 2026-01-23 05:45:06.566760
2026-01-23 05:45:06 - spektroskopi - WARNING - RealTimePanel: UV_360nm raw data uzunluk uyumsuzluğu (timestamps: 642, data: 162)
2026-01-23 05:45:06 - spektroskopi - WARNING - RealTimePanel: UV_360nm calibrated data uzunluk uyumsuzluğu (timestamps: 642, data: 162)
2026-01-23 05:45:06 - spektroskopi - WARNING - RealTimePanel: Blue_450nm raw data uzunluk uyumsuzluğu (timestamps: 642, data: 160)
2026-01-23 05:45:06 - spektroskopi - WARNING - RealTimePanel: Blue_450nm calibrated data uzunluk uyumsuzluğu (timestamps: 642, data: 160)
2026-01-23 05:45:06 - spektroskopi - WARNING - RealTimePanel: IR_850nm raw data uzunluk uyumsuzluğu (timestamps: 642, data: 160)
2026-01-23 05:45:06 - spektroskopi - WARNING - RealTimePanel: IR_850nm calibrated data uzunluk uyumsuzluğu (timestamps: 642, data: 160)
2026-01-23 05:45:06 - spektroskopi - WARNING - RealTimePanel: IR_940nm raw data uzunluk uyumsuzluğu (timestamps: 642, data: 160)
2026-01-23 05:45:06 - spektroskopi - WARNING - RealTimePanel: IR_940nm calibrated data uzunluk uyumsuzluğu (timestamps: 642, data: 160)
2026-01-23 05:45:06 - spektroskopi - INFO - Raspberry Pi'dan veri alındı: 6e400005-b5a3-f393-e0a9-e50e24dcca9e (Handle: 16): Unknown, uzunluk: 2
2026-01-23 05:45:06 - spektroskopi - INFO - Raspberry Pi verisi: Ham=3224, Voltaj=3224.000V
2026-01-23 05:45:06 - spektroskopi - INFO - Raspberry Pi verisi işlendi: SENSOR_EXTRA = 3224.000V
2026-01-23 05:45:07 - spektroskopi - INFO - Raspberry Pi'dan veri alındı: 6e400004-b5a3-f393-e0a9-e50e24dcca9e (Handle: 11): Unknown, uzunluk: 2
2026-01-23 05:45:07 - spektroskopi - INFO - Raspberry Pi verisi: Ham=1907, Voltaj=1907.000V
2026-01-23 05:45:07 - spektroskopi - INFO - Raspberry Pi verisi işlendi: SENSOR_7 = 1907.000V
2026-01-23 05:45:07 - spektroskopi - INFO - Raspberry Pi'dan veri alındı: 6e400003-b5a3-f393-e0a9-e50e24dcca9e (Handle: 8): Nordic UART TX, uzunluk: 2
2026-01-23 05:45:07 - spektroskopi - INFO - Raspberry Pi verisi: Ham=1607, Voltaj=1607.000V
2026-01-23 05:45:07 - spektroskopi - INFO - Raspberry Pi verisi işlendi: SENSOR_5 = 1607.000V
2026-01-23 05:45:07 - spektroskopi - INFO - Raspberry Pi'dan veri alındı: 6e400002-b5a3-f393-e0a9-e50e24dcca9e (Handle: 19): Nordic UART RX, uzunluk: 2
2026-01-23 05:45:07 - spektroskopi - INFO - Raspberry Pi verisi: Ham=3223, Voltaj=3223.000V
2026-01-23 05:45:07 - spektroskopi - INFO - Raspberry Pi verisi işlendi: SENSOR_2 = 3223.000V
2026-01-23 05:45:07 - spektroskopi - WARNING - Zaman sıralama düzeltildi (averaged): 2026-01-23 05:45:07.462824
2026-01-23 05:45:07 - spektroskopi - WARNING - Zaman sıralama düzeltildi (averaged): 2026-01-23 05:45:07.463824
2026-01-23 05:45:07 - spektroskopi - WARNING - Zaman sıralama düzeltildi (averaged): 2026-01-23 05:45:07.464824
2026-01-23 05:45:07 - spektroskopi - WARNING - Zaman sıralama düzeltildi (averaged): 2026-01-23 05:45:07.465824
2026-01-23 05:45:07 - spektroskopi - WARNING - RealTimePanel: UV_360nm raw data uzunluk uyumsuzluğu (timestamps: 650, data: 164)
2026-01-23 05:45:07 - spektroskopi - WARNING - RealTimePanel: UV_360nm calibrated data uzunluk uyumsuzluğu (timestamps: 650, data: 164)
2026-01-23 05:45:07 - spektroskopi - WARNING - RealTimePanel: Blue_450nm raw data uzunluk uyumsuzluğu (timestamps: 650, data: 162)
2026-01-23 05:45:07 - spektroskopi - WARNING - RealTimePanel: Blue_450nm calibrated data uzunluk uyumsuzluğu (timestamps: 650, data: 162)
2026-01-23 05:45:07 - spektroskopi - WARNING - RealTimePanel: IR_850nm raw data uzunluk uyumsuzluğu (timestamps: 650, data: 162)
2026-01-23 05:45:07 - spektroskopi - WARNING - RealTimePanel: IR_850nm calibrated data uzunluk uyumsuzluğu (timestamps: 650, data: 162)
2026-01-23 05:45:07 - spektroskopi - WARNING - RealTimePanel: IR_940nm raw data uzunluk uyumsuzluğu (timestamps: 650, data: 162)
2026-01-23 05:45:07 - spektroskopi - WARNING - RealTimePanel: IR_940nm calibrated data uzunluk uyumsuzluğu (timestamps: 650, data: 162)
2026-01-23 05:45:07 - spektroskopi - INFO - Raspberry Pi'dan veri alındı: 6e400005-b5a3-f393-e0a9-e50e24dcca9e (Handle: 16): Unknown, uzunluk: 2
2026-01-23 05:45:07 - spektroskopi - INFO - Raspberry Pi verisi: Ham=3222, Voltaj=3222.000V
2026-01-23 05:45:07 - spektroskopi - INFO - Raspberry Pi verisi işlendi: SENSOR_EXTRA = 3222.000V
2026-01-23 05:45:07 - spektroskopi - INFO - Raspberry Pi'dan veri alındı: 6e400004-b5a3-f393-e0a9-e50e24dcca9e (Handle: 11): Unknown, uzunluk: 2
2026-01-23 05:45:07 - spektroskopi - INFO - Raspberry Pi verisi: Ham=1906, Voltaj=1906.000V
2026-01-23 05:45:07 - spektroskopi - INFO - Raspberry Pi verisi işlendi: SENSOR_7 = 1906.000V
2026-01-23 05:45:08 - spektroskopi - INFO - Raspberry Pi'dan veri alındı: 6e400003-b5a3-f393-e0a9-e50e24dcca9e (Handle: 8): Nordic UART TX, uzunluk: 2
2026-01-23 05:45:08 - spektroskopi - INFO - Raspberry Pi verisi: Ham=1606, Voltaj=1606.000V
2026-01-23 05:45:08 - spektroskopi - INFO - Raspberry Pi verisi işlendi: SENSOR_5 = 1606.000V
2026-01-23 05:45:08 - spektroskopi - INFO - Raspberry Pi'dan veri alındı: 6e400002-b5a3-f393-e0a9-e50e24dcca9e (Handle: 19): Nordic UART RX, uzunluk: 2
2026-01-23 05:45:08 - spektroskopi - INFO - Raspberry Pi verisi: Ham=3224, Voltaj=3224.000V
2026-01-23 05:45:08 - spektroskopi - INFO - Raspberry Pi verisi işlendi: SENSOR_2 = 3224.000V
2026-01-23 05:45:08 - spektroskopi - WARNING - Zaman sıralama düzeltildi (averaged): 2026-01-23 05:45:08.333723
2026-01-23 05:45:08 - spektroskopi - WARNING - Zaman sıralama düzeltildi (averaged): 2026-01-23 05:45:08.334723
2026-01-23 05:45:08 - spektroskopi - WARNING - Zaman sıralama düzeltildi (averaged): 2026-01-23 05:45:08.335723
2026-01-23 05:45:08 - spektroskopi - WARNING - Zaman sıralama düzeltildi (averaged): 2026-01-23 05:45:08.336723
2026-01-23 05:45:08 - spektroskopi - WARNING - RealTimePanel: UV_360nm raw data uzunluk uyumsuzluğu (timestamps: 658, data: 166)
2026-01-23 05:45:08 - spektroskopi - WARNING - RealTimePanel: UV_360nm calibrated data uzunluk uyumsuzluğu (timestamps: 658, data: 166)
2026-01-23 05:45:08 - spektroskopi - WARNING - RealTimePanel: Blue_450nm raw data uzunluk uyumsuzluğu (timestamps: 658, data: 164)
2026-01-23 05:45:08 - spektroskopi - WARNING - RealTimePanel: Blue_450nm calibrated data uzunluk uyumsuzluğu (timestamps: 658, data: 164)
2026-01-23 05:45:08 - spektroskopi - WARNING - RealTimePanel: IR_850nm raw data uzunluk uyumsuzluğu (timestamps: 658, data: 164)
2026-01-23 05:45:08 - spektroskopi - WARNING - RealTimePanel: IR_850nm calibrated data uzunluk uyumsuzluğu (timestamps: 658, data: 164)
2026-01-23 05:45:08 - spektroskopi - WARNING - RealTimePanel: IR_940nm raw data uzunluk uyumsuzluğu (timestamps: 658, data: 164)
2026-01-23 05:45:08 - spektroskopi - WARNING - RealTimePanel: IR_940nm calibrated data uzunluk uyumsuzluğu (timestamps: 658, data: 164)
2026-01-23 05:45:08 - spektroskopi - INFO - Raspberry Pi'dan veri alındı: 6e400005-b5a3-f393-e0a9-e50e24dcca9e (Handle: 16): Unknown, uzunluk: 2
2026-01-23 05:45:08 - spektroskopi - INFO - Raspberry Pi verisi: Ham=3222, Voltaj=3222.000V
2026-01-23 05:45:08 - spektroskopi - INFO - Raspberry Pi verisi işlendi: SENSOR_EXTRA = 3222.000V
2026-01-23 05:45:08 - spektroskopi - INFO - Raspberry Pi'dan veri alındı: 6e400004-b5a3-f393-e0a9-e50e24dcca9e (Handle: 11): Unknown, uzunluk: 2
2026-01-23 05:45:08 - spektroskopi - INFO - Raspberry Pi verisi: Ham=1908, Voltaj=1908.000V
2026-01-23 05:45:08 - spektroskopi - INFO - Raspberry Pi verisi işlendi: SENSOR_7 = 1908.000V
2026-01-23 05:45:09 - spektroskopi - INFO - Raspberry Pi'dan veri alındı: 6e400003-b5a3-f393-e0a9-e50e24dcca9e (Handle: 8): Nordic UART TX, uzunluk: 2
2026-01-23 05:45:09 - spektroskopi - INFO - Raspberry Pi verisi: Ham=1607, Voltaj=1607.000V
2026-01-23 05:45:09 - spektroskopi - INFO - Raspberry Pi verisi işlendi: SENSOR_5 = 1607.000V
2026-01-23 05:45:09 - spektroskopi - INFO - Raspberry Pi'dan veri alındı: 6e400002-b5a3-f393-e0a9-e50e24dcca9e (Handle: 19): Nordic UART RX, uzunluk: 2
2026-01-23 05:45:09 - spektroskopi - INFO - Raspberry Pi verisi: Ham=3223, Voltaj=3223.000V
2026-01-23 05:45:09 - spektroskopi - INFO - Raspberry Pi verisi işlendi: SENSOR_2 = 3223.000V
2026-01-23 05:45:09 - spektroskopi - INFO - Raspberry Pi'dan veri alındı: 6e400005-b5a3-f393-e0a9-e50e24dcca9e (Handle: 16): Unknown, uzunluk: 2
2026-01-23 05:45:09 - spektroskopi - INFO - Raspberry Pi verisi: Ham=3223, Voltaj=3223.000V
2026-01-23 05:45:09 - spektroskopi - INFO - Raspberry Pi verisi işlendi: SENSOR_EXTRA = 3223.000V
2026-01-23 05:45:09 - spektroskopi - WARNING - Zaman sıralama düzeltildi (averaged): 2026-01-23 05:45:09.473811
2026-01-23 05:45:09 - spektroskopi - WARNING - Zaman sıralama düzeltildi (averaged): 2026-01-23 05:45:09.474811
2026-01-23 05:45:09 - spektroskopi - WARNING - Zaman sıralama düzeltildi (averaged): 2026-01-23 05:45:09.475811
2026-01-23 05:45:09 - spektroskopi - WARNING - Zaman sıralama düzeltildi (averaged): 2026-01-23 05:45:09.476811
2026-01-23 05:45:09 - spektroskopi - WARNING - Zaman sıralama düzeltildi (averaged): 2026-01-23 05:45:09.477811
2026-01-23 05:45:09 - spektroskopi - WARNING - RealTimePanel: UV_360nm raw data uzunluk uyumsuzluğu (timestamps: 668, data: 168)
2026-01-23 05:45:09 - spektroskopi - WARNING - RealTimePanel: UV_360nm calibrated data uzunluk uyumsuzluğu (timestamps: 668, data: 168)
2026-01-23 05:45:09 - spektroskopi - WARNING - RealTimePanel: Blue_450nm raw data uzunluk uyumsuzluğu (timestamps: 668, data: 168)
2026-01-23 05:45:09 - spektroskopi - WARNING - RealTimePanel: Blue_450nm calibrated data uzunluk uyumsuzluğu (timestamps: 668, data: 168)
2026-01-23 05:45:09 - spektroskopi - WARNING - RealTimePanel: IR_850nm raw data uzunluk uyumsuzluğu (timestamps: 668, data: 166)
2026-01-23 05:45:09 - spektroskopi - WARNING - RealTimePanel: IR_850nm calibrated data uzunluk uyumsuzluğu (timestamps: 668, data: 166)
2026-01-23 05:45:09 - spektroskopi - WARNING - RealTimePanel: IR_940nm raw data uzunluk uyumsuzluğu (timestamps: 668, data: 166)
2026-01-23 05:45:09 - spektroskopi - WARNING - RealTimePanel: IR_940nm calibrated data uzunluk uyumsuzluğu (timestamps: 668, data: 166)
2026-01-23 05:45:09 - spektroskopi - INFO - Raspberry Pi'dan veri alındı: 6e400004-b5a3-f393-e0a9-e50e24dcca9e (Handle: 11): Unknown, uzunluk: 2
2026-01-23 05:45:09 - spektroskopi - INFO - Raspberry Pi verisi: Ham=1909, Voltaj=1909.000V
2026-01-23 05:45:09 - spektroskopi - INFO - Raspberry Pi verisi işlendi: SENSOR_7 = 1909.000V
2026-01-23 05:45:09 - spektroskopi - INFO - Raspberry Pi'dan veri alındı: 6e400003-b5a3-f393-e0a9-e50e24dcca9e (Handle: 8): Nordic UART TX, uzunluk: 2
2026-01-23 05:45:09 - spektroskopi - INFO - Raspberry Pi verisi: Ham=1610, Voltaj=1610.000V
2026-01-23 05:45:09 - spektroskopi - INFO - Raspberry Pi verisi işlendi: SENSOR_5 = 1610.000V
2026-01-23 05:45:10 - spektroskopi - INFO - Raspberry Pi'dan veri alındı: 6e400002-b5a3-f393-e0a9-e50e24dcca9e (Handle: 19): Nordic UART RX, uzunluk: 2
2026-01-23 05:45:10 - spektroskopi - INFO - Raspberry Pi verisi: Ham=3223, Voltaj=3223.000V
2026-01-23 05:45:10 - spektroskopi - INFO - Raspberry Pi verisi işlendi: SENSOR_2 = 3223.000V
2026-01-23 05:45:10 - spektroskopi - INFO - Raspberry Pi'dan veri alındı: 6e400005-b5a3-f393-e0a9-e50e24dcca9e (Handle: 16): Unknown, uzunluk: 2
2026-01-23 05:45:10 - spektroskopi - INFO - Raspberry Pi verisi: Ham=3223, Voltaj=3223.000V
2026-01-23 05:45:10 - spektroskopi - INFO - Raspberry Pi verisi işlendi: SENSOR_EXTRA = 3223.000V
2026-01-23 05:45:10 - spektroskopi - WARNING - Zaman sıralama düzeltildi (averaged): 2026-01-23 05:45:10.342948
2026-01-23 05:45:10 - spektroskopi - WARNING - Zaman sıralama düzeltildi (averaged): 2026-01-23 05:45:10.343948
2026-01-23 05:45:10 - spektroskopi - WARNING - Zaman sıralama düzeltildi (averaged): 2026-01-23 05:45:10.344948
2026-01-23 05:45:10 - spektroskopi - WARNING - Zaman sıralama düzeltildi (averaged): 2026-01-23 05:45:10.345948
2026-01-23 05:45:10 - spektroskopi - WARNING - RealTimePanel: UV_360nm raw data uzunluk uyumsuzluğu (timestamps: 676, data: 170)
2026-01-23 05:45:10 - spektroskopi - WARNING - RealTimePanel: UV_360nm calibrated data uzunluk uyumsuzluğu (timestamps: 676, data: 170)
2026-01-23 05:45:10 - spektroskopi - WARNING - RealTimePanel: Blue_450nm raw data uzunluk uyumsuzluğu (timestamps: 676, data: 170)
2026-01-23 05:45:10 - spektroskopi - WARNING - RealTimePanel: Blue_450nm calibrated data uzunluk uyumsuzluğu (timestamps: 676, data: 170)
2026-01-23 05:45:10 - spektroskopi - WARNING - RealTimePanel: IR_850nm raw data uzunluk uyumsuzluğu (timestamps: 676, data: 168)
2026-01-23 05:45:10 - spektroskopi - WARNING - RealTimePanel: IR_850nm calibrated data uzunluk uyumsuzluğu (timestamps: 676, data: 168)
2026-01-23 05:45:10 - spektroskopi - WARNING - RealTimePanel: IR_940nm raw data uzunluk uyumsuzluğu (timestamps: 676, data: 168)
2026-01-23 05:45:10 - spektroskopi - WARNING - RealTimePanel: IR_940nm calibrated data uzunluk uyumsuzluğu (timestamps: 676, data: 168)
2026-01-23 05:45:10 - spektroskopi - INFO - Raspberry Pi'dan veri alındı: 6e400004-b5a3-f393-e0a9-e50e24dcca9e (Handle: 11): Unknown, uzunluk: 2
2026-01-23 05:45:10 - spektroskopi - INFO - Raspberry Pi verisi: Ham=1906, Voltaj=1906.000V
2026-01-23 05:45:10 - spektroskopi - INFO - Raspberry Pi verisi işlendi: SENSOR_7 = 1906.000V
2026-01-23 05:45:10 - spektroskopi - INFO - Raspberry Pi'dan veri alındı: 6e400003-b5a3-f393-e0a9-e50e24dcca9e (Handle: 8): Nordic UART TX, uzunluk: 2
2026-01-23 05:45:10 - spektroskopi - INFO - Raspberry Pi verisi: Ham=1607, Voltaj=1607.000V
2026-01-23 05:45:10 - spektroskopi - INFO - Raspberry Pi verisi işlendi: SENSOR_5 = 1607.000V
2026-01-23 05:45:10 - spektroskopi - INFO - Raspberry Pi'dan veri alındı: 6e400002-b5a3-f393-e0a9-e50e24dcca9e (Handle: 19): Nordic UART RX, uzunluk: 2
2026-01-23 05:45:10 - spektroskopi - INFO - Raspberry Pi verisi: Ham=3223, Voltaj=3223.000V
2026-01-23 05:45:10 - spektroskopi - INFO - Raspberry Pi verisi işlendi: SENSOR_2 = 3223.000V
2026-01-23 05:45:11 - spektroskopi - INFO - Raspberry Pi'dan veri alındı: 6e400005-b5a3-f393-e0a9-e50e24dcca9e (Handle: 16): Unknown, uzunluk: 2
2026-01-23 05:45:11 - spektroskopi - INFO - Raspberry Pi verisi: Ham=3222, Voltaj=3222.000V
2026-01-23 05:45:11 - spektroskopi - INFO - Raspberry Pi verisi işlendi: SENSOR_EXTRA = 3222.000V
2026-01-23 05:45:11 - spektroskopi - INFO - Raspberry Pi'dan veri alındı: 6e400004-b5a3-f393-e0a9-e50e24dcca9e (Handle: 11): Unknown, uzunluk: 2
2026-01-23 05:45:11 - spektroskopi - INFO - Raspberry Pi verisi: Ham=1908, Voltaj=1908.000V
2026-01-23 05:45:11 - spektroskopi - INFO - Raspberry Pi verisi işlendi: SENSOR_7 = 1908.000V
2026-01-23 05:45:11 - spektroskopi - WARNING - Zaman sıralama düzeltildi (averaged): 2026-01-23 05:45:11.482911
2026-01-23 05:45:11 - spektroskopi - WARNING - Zaman sıralama düzeltildi (averaged): 2026-01-23 05:45:11.483911
2026-01-23 05:45:11 - spektroskopi - WARNING - Zaman sıralama düzeltildi (averaged): 2026-01-23 05:45:11.484911
2026-01-23 05:45:11 - spektroskopi - WARNING - Zaman sıralama düzeltildi (averaged): 2026-01-23 05:45:11.485911
2026-01-23 05:45:11 - spektroskopi - WARNING - Zaman sıralama düzeltildi (averaged): 2026-01-23 05:45:11.486911
2026-01-23 05:45:11 - spektroskopi - WARNING - RealTimePanel: UV_360nm raw data uzunluk uyumsuzluğu (timestamps: 686, data: 172)
2026-01-23 05:45:11 - spektroskopi - WARNING - RealTimePanel: UV_360nm calibrated data uzunluk uyumsuzluğu (timestamps: 686, data: 172)
2026-01-23 05:45:11 - spektroskopi - WARNING - RealTimePanel: Blue_450nm raw data uzunluk uyumsuzluğu (timestamps: 686, data: 172)
2026-01-23 05:45:11 - spektroskopi - WARNING - RealTimePanel: Blue_450nm calibrated data uzunluk uyumsuzluğu (timestamps: 686, data: 172)
2026-01-23 05:45:11 - spektroskopi - WARNING - RealTimePanel: IR_850nm raw data uzunluk uyumsuzluğu (timestamps: 686, data: 172)
2026-01-23 05:45:11 - spektroskopi - WARNING - RealTimePanel: IR_850nm calibrated data uzunluk uyumsuzluğu (timestamps: 686, data: 172)
2026-01-23 05:45:11 - spektroskopi - WARNING - RealTimePanel: IR_940nm raw data uzunluk uyumsuzluğu (timestamps: 686, data: 170)
2026-01-23 05:45:11 - spektroskopi - WARNING - RealTimePanel: IR_940nm calibrated data uzunluk uyumsuzluğu (timestamps: 686, data: 170)
2026-01-23 05:45:11 - spektroskopi - INFO - Raspberry Pi'dan veri alındı: 6e400003-b5a3-f393-e0a9-e50e24dcca9e (Handle: 8): Nordic UART TX, uzunluk: 2
2026-01-23 05:45:11 - spektroskopi - INFO - Raspberry Pi verisi: Ham=1606, Voltaj=1606.000V
2026-01-23 05:45:11 - spektroskopi - INFO - Raspberry Pi verisi işlendi: SENSOR_5 = 1606.000V
2026-01-23 05:45:11 - spektroskopi - INFO - Raspberry Pi'dan veri alındı: 6e400002-b5a3-f393-e0a9-e50e24dcca9e (Handle: 19): Nordic UART RX, uzunluk: 2
2026-01-23 05:45:11 - spektroskopi - INFO - Raspberry Pi verisi: Ham=3223, Voltaj=3223.000V
2026-01-23 05:45:11 - spektroskopi - INFO - Raspberry Pi verisi işlendi: SENSOR_2 = 3223.000V
2026-01-23 05:45:12 - spektroskopi - INFO - Raspberry Pi'dan veri alındı: 6e400005-b5a3-f393-e0a9-e50e24dcca9e (Handle: 16): Unknown, uzunluk: 2
2026-01-23 05:45:12 - spektroskopi - INFO - Raspberry Pi verisi: Ham=3222, Voltaj=3222.000V
2026-01-23 05:45:12 - spektroskopi - INFO - Raspberry Pi verisi işlendi: SENSOR_EXTRA = 3222.000V
2026-01-23 05:45:12 - spektroskopi - INFO - Raspberry Pi'dan veri alındı: 6e400004-b5a3-f393-e0a9-e50e24dcca9e (Handle: 11): Unknown, uzunluk: 2
2026-01-23 05:45:12 - spektroskopi - INFO - Raspberry Pi verisi: Ham=1909, Voltaj=1909.000V
2026-01-23 05:45:12 - spektroskopi - INFO - Raspberry Pi verisi işlendi: SENSOR_7 = 1909.000V
2026-01-23 05:45:12 - spektroskopi - WARNING - Zaman sıralama düzeltildi (averaged): 2026-01-23 05:45:12.384474
2026-01-23 05:45:12 - spektroskopi - WARNING - Zaman sıralama düzeltildi (averaged): 2026-01-23 05:45:12.385474
2026-01-23 05:45:12 - spektroskopi - WARNING - Zaman sıralama düzeltildi (averaged): 2026-01-23 05:45:12.386474
2026-01-23 05:45:12 - spektroskopi - WARNING - Zaman sıralama düzeltildi (averaged): 2026-01-23 05:45:12.387474
2026-01-23 05:45:12 - spektroskopi - WARNING - RealTimePanel: UV_360nm raw data uzunluk uyumsuzluğu (timestamps: 694, data: 174)
2026-01-23 05:45:12 - spektroskopi - WARNING - RealTimePanel: UV_360nm calibrated data uzunluk uyumsuzluğu (timestamps: 694, data: 174)
2026-01-23 05:45:12 - spektroskopi - WARNING - RealTimePanel: Blue_450nm raw data uzunluk uyumsuzluğu (timestamps: 694, data: 174)
2026-01-23 05:45:12 - spektroskopi - WARNING - RealTimePanel: Blue_450nm calibrated data uzunluk uyumsuzluğu (timestamps: 694, data: 174)
2026-01-23 05:45:12 - spektroskopi - WARNING - RealTimePanel: IR_850nm raw data uzunluk uyumsuzluğu (timestamps: 694, data: 174)
2026-01-23 05:45:12 - spektroskopi - WARNING - RealTimePanel: IR_850nm calibrated data uzunluk uyumsuzluğu (timestamps: 694, data: 174)
2026-01-23 05:45:12 - spektroskopi - WARNING - RealTimePanel: IR_940nm raw data uzunluk uyumsuzluğu (timestamps: 694, data: 172)
2026-01-23 05:45:12 - spektroskopi - WARNING - RealTimePanel: IR_940nm calibrated data uzunluk uyumsuzluğu (timestamps: 694, data: 172)
2026-01-23 05:45:12 - spektroskopi - INFO - Raspberry Pi'dan veri alındı: 6e400003-b5a3-f393-e0a9-e50e24dcca9e (Handle: 8): Nordic UART TX, uzunluk: 2
2026-01-23 05:45:12 - spektroskopi - INFO - Raspberry Pi verisi: Ham=1608, Voltaj=1608.000V
2026-01-23 05:45:12 - spektroskopi - INFO - Raspberry Pi verisi işlendi: SENSOR_5 = 1608.000V
2026-01-23 05:45:12 - spektroskopi - INFO - Raspberry Pi'dan veri alındı: 6e400002-b5a3-f393-e0a9-e50e24dcca9e (Handle: 19): Nordic UART RX, uzunluk: 2
2026-01-23 05:45:12 - spektroskopi - INFO - Raspberry Pi verisi: Ham=3224, Voltaj=3224.000V
2026-01-23 05:45:12 - spektroskopi - INFO - Raspberry Pi verisi işlendi: SENSOR_2 = 3224.000V
2026-01-23 05:45:12 - spektroskopi - INFO - Raspberry Pi'dan veri alındı: 6e400005-b5a3-f393-e0a9-e50e24dcca9e (Handle: 16): Unknown, uzunluk: 2
2026-01-23 05:45:12 - spektroskopi - INFO - Raspberry Pi verisi: Ham=3224, Voltaj=3224.000V
2026-01-23 05:45:12 - spektroskopi - INFO - Raspberry Pi verisi işlendi: SENSOR_EXTRA = 3224.000V
2026-01-23 05:45:13 - spektroskopi - INFO - Raspberry Pi'dan veri alındı: 6e400004-b5a3-f393-e0a9-e50e24dcca9e (Handle: 11): Unknown, uzunluk: 2
2026-01-23 05:45:13 - spektroskopi - INFO - Raspberry Pi verisi: Ham=1911, Voltaj=1911.000V
2026-01-23 05:45:13 - spektroskopi - INFO - Raspberry Pi verisi işlendi: SENSOR_7 = 1911.000V
2026-01-23 05:45:13 - spektroskopi - INFO - Raspberry Pi'dan veri alındı: 6e400003-b5a3-f393-e0a9-e50e24dcca9e (Handle: 8): Nordic UART TX, uzunluk: 2
2026-01-23 05:45:13 - spektroskopi - INFO - Raspberry Pi verisi: Ham=1609, Voltaj=1609.000V
2026-01-23 05:45:13 - spektroskopi - INFO - Raspberry Pi verisi işlendi: SENSOR_5 = 1609.000V
2026-01-23 05:45:13 - spektroskopi - WARNING - Zaman sıralama düzeltildi (averaged): 2026-01-23 05:45:13.522936
2026-01-23 05:45:13 - spektroskopi - WARNING - Zaman sıralama düzeltildi (averaged): 2026-01-23 05:45:13.523936
2026-01-23 05:45:13 - spektroskopi - WARNING - Zaman sıralama düzeltildi (averaged): 2026-01-23 05:45:13.524936
2026-01-23 05:45:13 - spektroskopi - WARNING - Zaman sıralama düzeltildi (averaged): 2026-01-23 05:45:13.525936
2026-01-23 05:45:13 - spektroskopi - WARNING - Zaman sıralama düzeltildi (averaged): 2026-01-23 05:45:13.526936
2026-01-23 05:45:13 - spektroskopi - WARNING - RealTimePanel: UV_360nm raw data uzunluk uyumsuzluğu (timestamps: 704, data: 176)
2026-01-23 05:45:13 - spektroskopi - WARNING - RealTimePanel: UV_360nm calibrated data uzunluk uyumsuzluğu (timestamps: 704, data: 176)
2026-01-23 05:45:13 - spektroskopi - WARNING - RealTimePanel: Blue_450nm raw data uzunluk uyumsuzluğu (timestamps: 704, data: 176)
2026-01-23 05:45:13 - spektroskopi - WARNING - RealTimePanel: Blue_450nm calibrated data uzunluk uyumsuzluğu (timestamps: 704, data: 176)
2026-01-23 05:45:13 - spektroskopi - WARNING - RealTimePanel: IR_850nm raw data uzunluk uyumsuzluğu (timestamps: 704, data: 176)
2026-01-23 05:45:13 - spektroskopi - WARNING - RealTimePanel: IR_850nm calibrated data uzunluk uyumsuzluğu (timestamps: 704, data: 176)
2026-01-23 05:45:13 - spektroskopi - WARNING - RealTimePanel: IR_940nm raw data uzunluk uyumsuzluğu (timestamps: 704, data: 176)
2026-01-23 05:45:13 - spektroskopi - WARNING - RealTimePanel: IR_940nm calibrated data uzunluk uyumsuzluğu (timestamps: 704, data: 176)
2026-01-23 05:45:13 - spektroskopi - INFO - Raspberry Pi'dan veri alındı: 6e400002-b5a3-f393-e0a9-e50e24dcca9e (Handle: 19): Nordic UART RX, uzunluk: 2
2026-01-23 05:45:13 - spektroskopi - INFO - Raspberry Pi verisi: Ham=3223, Voltaj=3223.000V
2026-01-23 05:45:13 - spektroskopi - INFO - Raspberry Pi verisi işlendi: SENSOR_2 = 3223.000V
2026-01-23 05:45:13 - spektroskopi - INFO - Raspberry Pi'dan veri alındı: 6e400005-b5a3-f393-e0a9-e50e24dcca9e (Handle: 16): Unknown, uzunluk: 2
2026-01-23 05:45:13 - spektroskopi - INFO - Raspberry Pi verisi: Ham=3222, Voltaj=3222.000V
2026-01-23 05:45:13 - spektroskopi - INFO - Raspberry Pi verisi işlendi: SENSOR_EXTRA = 3222.000V
2026-01-23 05:45:14 - spektroskopi - INFO - Raspberry Pi'dan veri alındı: 6e400004-b5a3-f393-e0a9-e50e24dcca9e (Handle: 11): Unknown, uzunluk: 2
2026-01-23 05:45:14 - spektroskopi - INFO - Raspberry Pi verisi: Ham=1914, Voltaj=1914.000V
2026-01-23 05:45:14 - spektroskopi - INFO - Raspberry Pi verisi işlendi: SENSOR_7 = 1914.000V
2026-01-23 05:45:14 - spektroskopi - INFO - Raspberry Pi'dan veri alındı: 6e400003-b5a3-f393-e0a9-e50e24dcca9e (Handle: 8): Nordic UART TX, uzunluk: 2
2026-01-23 05:45:14 - spektroskopi - INFO - Raspberry Pi verisi: Ham=1608, Voltaj=1608.000V
2026-01-23 05:45:14 - spektroskopi - INFO - Raspberry Pi verisi işlendi: SENSOR_5 = 1608.000V
2026-01-23 05:45:14 - spektroskopi - INFO - Raspberry Pi'dan veri alındı: 6e400002-b5a3-f393-e0a9-e50e24dcca9e (Handle: 19): Nordic UART RX, uzunluk: 2
2026-01-23 05:45:14 - spektroskopi - INFO - Raspberry Pi verisi: Ham=3223, Voltaj=3223.000V
2026-01-23 05:45:14 - spektroskopi - INFO - Raspberry Pi verisi işlendi: SENSOR_2 = 3223.000V
2026-01-23 05:45:14 - spektroskopi - WARNING - Zaman sıralama düzeltildi (averaged): 2026-01-23 05:45:14.514103
2026-01-23 05:45:14 - spektroskopi - WARNING - Zaman sıralama düzeltildi (averaged): 2026-01-23 05:45:14.515103
2026-01-23 05:45:14 - spektroskopi - WARNING - Zaman sıralama düzeltildi (averaged): 2026-01-23 05:45:14.516103
2026-01-23 05:45:14 - spektroskopi - WARNING - Zaman sıralama düzeltildi (averaged): 2026-01-23 05:45:14.517103
2026-01-23 05:45:14 - spektroskopi - WARNING - Zaman sıralama düzeltildi (averaged): 2026-01-23 05:45:14.518103
2026-01-23 05:45:14 - spektroskopi - WARNING - RealTimePanel: UV_360nm raw data uzunluk uyumsuzluğu (timestamps: 714, data: 180)
2026-01-23 05:45:14 - spektroskopi - WARNING - RealTimePanel: UV_360nm calibrated data uzunluk uyumsuzluğu (timestamps: 714, data: 180)
2026-01-23 05:45:14 - spektroskopi - WARNING - RealTimePanel: Blue_450nm raw data uzunluk uyumsuzluğu (timestamps: 714, data: 178)
2026-01-23 05:45:14 - spektroskopi - WARNING - RealTimePanel: Blue_450nm calibrated data uzunluk uyumsuzluğu (timestamps: 714, data: 178)
2026-01-23 05:45:14 - spektroskopi - WARNING - RealTimePanel: IR_850nm raw data uzunluk uyumsuzluğu (timestamps: 714, data: 178)
2026-01-23 05:45:14 - spektroskopi - WARNING - RealTimePanel: IR_850nm calibrated data uzunluk uyumsuzluğu (timestamps: 714, data: 178)
2026-01-23 05:45:14 - spektroskopi - WARNING - RealTimePanel: IR_940nm raw data uzunluk uyumsuzluğu (timestamps: 714, data: 178)
2026-01-23 05:45:14 - spektroskopi - WARNING - RealTimePanel: IR_940nm calibrated data uzunluk uyumsuzluğu (timestamps: 714, data: 178)
2026-01-23 05:45:14 - spektroskopi - INFO - Raspberry Pi'dan veri alındı: 6e400005-b5a3-f393-e0a9-e50e24dcca9e (Handle: 16): Unknown, uzunluk: 2
2026-01-23 05:45:14 - spektroskopi - INFO - Raspberry Pi verisi: Ham=3223, Voltaj=3223.000V
2026-01-23 05:45:14 - spektroskopi - INFO - Raspberry Pi verisi işlendi: SENSOR_EXTRA = 3223.000V
2026-01-23 05:45:15 - spektroskopi - INFO - Raspberry Pi'dan veri alındı: 6e400004-b5a3-f393-e0a9-e50e24dcca9e (Handle: 11): Unknown, uzunluk: 2
2026-01-23 05:45:15 - spektroskopi - INFO - Raspberry Pi verisi: Ham=1917, Voltaj=1917.000V
2026-01-23 05:45:15 - spektroskopi - INFO - Raspberry Pi verisi işlendi: SENSOR_7 = 1917.000V
2026-01-23 05:45:15 - spektroskopi - INFO - Raspberry Pi'dan veri alındı: 6e400003-b5a3-f393-e0a9-e50e24dcca9e (Handle: 8): Nordic UART TX, uzunluk: 2
2026-01-23 05:45:15 - spektroskopi - INFO - Raspberry Pi verisi: Ham=1609, Voltaj=1609.000V
2026-01-23 05:45:15 - spektroskopi - INFO - Raspberry Pi verisi işlendi: SENSOR_5 = 1609.000V
2026-01-23 05:45:15 - spektroskopi - INFO - Raspberry Pi'dan veri alındı: 6e400002-b5a3-f393-e0a9-e50e24dcca9e (Handle: 19): Nordic UART RX, uzunluk: 2
2026-01-23 05:45:15 - spektroskopi - INFO - Raspberry Pi verisi: Ham=3223, Voltaj=3223.000V
2026-01-23 05:45:15 - spektroskopi - INFO - Raspberry Pi verisi işlendi: SENSOR_2 = 3223.000V
2026-01-23 05:45:15 - spektroskopi - WARNING - Zaman sıralama düzeltildi (averaged): 2026-01-23 05:45:15.384717
2026-01-23 05:45:15 - spektroskopi - WARNING - Zaman sıralama düzeltildi (averaged): 2026-01-23 05:45:15.385717
2026-01-23 05:45:15 - spektroskopi - WARNING - Zaman sıralama düzeltildi (averaged): 2026-01-23 05:45:15.386717
2026-01-23 05:45:15 - spektroskopi - WARNING - Zaman sıralama düzeltildi (averaged): 2026-01-23 05:45:15.387717
2026-01-23 05:45:15 - spektroskopi - WARNING - RealTimePanel: UV_360nm raw data uzunluk uyumsuzluğu (timestamps: 722, data: 182)
2026-01-23 05:45:15 - spektroskopi - WARNING - RealTimePanel: UV_360nm calibrated data uzunluk uyumsuzluğu (timestamps: 722, data: 182)
2026-01-23 05:45:15 - spektroskopi - WARNING - RealTimePanel: Blue_450nm raw data uzunluk uyumsuzluğu (timestamps: 722, data: 180)
2026-01-23 05:45:15 - spektroskopi - WARNING - RealTimePanel: Blue_450nm calibrated data uzunluk uyumsuzluğu (timestamps: 722, data: 180)
2026-01-23 05:45:15 - spektroskopi - WARNING - RealTimePanel: IR_850nm raw data uzunluk uyumsuzluğu (timestamps: 722, data: 180)
2026-01-23 05:45:15 - spektroskopi - WARNING - RealTimePanel: IR_850nm calibrated data uzunluk uyumsuzluğu (timestamps: 722, data: 180)
2026-01-23 05:45:15 - spektroskopi - WARNING - RealTimePanel: IR_940nm raw data uzunluk uyumsuzluğu (timestamps: 722, data: 180)
2026-01-23 05:45:15 - spektroskopi - WARNING - RealTimePanel: IR_940nm calibrated data uzunluk uyumsuzluğu (timestamps: 722, data: 180)
2026-01-23 05:45:15 - spektroskopi - INFO - Raspberry Pi'dan veri alındı: 6e400005-b5a3-f393-e0a9-e50e24dcca9e (Handle: 16): Unknown, uzunluk: 2
2026-01-23 05:45:15 - spektroskopi - INFO - Raspberry Pi verisi: Ham=3224, Voltaj=3224.000V
2026-01-23 05:45:15 - spektroskopi - INFO - Raspberry Pi verisi işlendi: SENSOR_EXTRA = 3224.000V
2026-01-23 05:45:15 - spektroskopi - INFO - Raspberry Pi'dan veri alındı: 6e400004-b5a3-f393-e0a9-e50e24dcca9e (Handle: 11): Unknown, uzunluk: 2
2026-01-23 05:45:15 - spektroskopi - INFO - Raspberry Pi verisi: Ham=1911, Voltaj=1911.000V
2026-01-23 05:45:15 - spektroskopi - INFO - Raspberry Pi verisi işlendi: SENSOR_7 = 1911.000V
2026-01-23 05:45:16 - spektroskopi - INFO - Raspberry Pi'dan veri alındı: 6e400003-b5a3-f393-e0a9-e50e24dcca9e (Handle: 8): Nordic UART TX, uzunluk: 2
2026-01-23 05:45:16 - spektroskopi - INFO - Raspberry Pi verisi: Ham=1612, Voltaj=1612.000V
2026-01-23 05:45:16 - spektroskopi - INFO - Raspberry Pi verisi işlendi: SENSOR_5 = 1612.000V
2026-01-23 05:45:16 - spektroskopi - INFO - Raspberry Pi'dan veri alındı: 6e400002-b5a3-f393-e0a9-e50e24dcca9e (Handle: 19): Nordic UART RX, uzunluk: 2
2026-01-23 05:45:16 - spektroskopi - INFO - Raspberry Pi verisi: Ham=3223, Voltaj=3223.000V
2026-01-23 05:45:16 - spektroskopi - INFO - Raspberry Pi verisi işlendi: SENSOR_2 = 3223.000V
2026-01-23 05:45:16 - spektroskopi - INFO - Raspberry Pi'dan veri alındı: 6e400005-b5a3-f393-e0a9-e50e24dcca9e (Handle: 16): Unknown, uzunluk: 2
2026-01-23 05:45:16 - spektroskopi - INFO - Raspberry Pi verisi: Ham=3222, Voltaj=3222.000V
2026-01-23 05:45:16 - spektroskopi - INFO - Raspberry Pi verisi işlendi: SENSOR_EXTRA = 3222.000V
2026-01-23 05:45:16 - spektroskopi - WARNING - Zaman sıralama düzeltildi (averaged): 2026-01-23 05:45:16.522856
2026-01-23 05:45:16 - spektroskopi - WARNING - Zaman sıralama düzeltildi (averaged): 2026-01-23 05:45:16.523856
2026-01-23 05:45:16 - spektroskopi - WARNING - Zaman sıralama düzeltildi (averaged): 2026-01-23 05:45:16.524856
2026-01-23 05:45:16 - spektroskopi - WARNING - Zaman sıralama düzeltildi (averaged): 2026-01-23 05:45:16.525856
2026-01-23 05:45:16 - spektroskopi - WARNING - Zaman sıralama düzeltildi (averaged): 2026-01-23 05:45:16.526856
2026-01-23 05:45:16 - spektroskopi - WARNING - RealTimePanel: UV_360nm raw data uzunluk uyumsuzluğu (timestamps: 732, data: 184)
2026-01-23 05:45:16 - spektroskopi - WARNING - RealTimePanel: UV_360nm calibrated data uzunluk uyumsuzluğu (timestamps: 732, data: 184)
2026-01-23 05:45:16 - spektroskopi - WARNING - RealTimePanel: Blue_450nm raw data uzunluk uyumsuzluğu (timestamps: 732, data: 184)
2026-01-23 05:45:16 - spektroskopi - WARNING - RealTimePanel: Blue_450nm calibrated data uzunluk uyumsuzluğu (timestamps: 732, data: 184)
2026-01-23 05:45:16 - spektroskopi - WARNING - RealTimePanel: IR_850nm raw data uzunluk uyumsuzluğu (timestamps: 732, data: 182)
2026-01-23 05:45:16 - spektroskopi - WARNING - RealTimePanel: IR_850nm calibrated data uzunluk uyumsuzluğu (timestamps: 732, data: 182)
2026-01-23 05:45:16 - spektroskopi - WARNING - RealTimePanel: IR_940nm raw data uzunluk uyumsuzluğu (timestamps: 732, data: 182)
2026-01-23 05:45:16 - spektroskopi - WARNING - RealTimePanel: IR_940nm calibrated data uzunluk uyumsuzluğu (timestamps: 732, data: 182)
2026-01-23 05:45:16 - spektroskopi - INFO - Raspberry Pi'dan veri alındı: 6e400004-b5a3-f393-e0a9-e50e24dcca9e (Handle: 11): Unknown, uzunluk: 2
2026-01-23 05:45:16 - spektroskopi - INFO - Raspberry Pi verisi: Ham=1914, Voltaj=1914.000V
2026-01-23 05:45:16 - spektroskopi - INFO - Raspberry Pi verisi işlendi: SENSOR_7 = 1914.000V
2026-01-23 05:45:17 - spektroskopi - INFO - Raspberry Pi'dan veri alındı: 6e400003-b5a3-f393-e0a9-e50e24dcca9e (Handle: 8): Nordic UART TX, uzunluk: 2
2026-01-23 05:45:17 - spektroskopi - INFO - Raspberry Pi verisi: Ham=1611, Voltaj=1611.000V
2026-01-23 05:45:17 - spektroskopi - INFO - Raspberry Pi verisi işlendi: SENSOR_5 = 1611.000V
2026-01-23 05:45:17 - spektroskopi - INFO - Raspberry Pi'dan veri alındı: 6e400002-b5a3-f393-e0a9-e50e24dcca9e (Handle: 19): Nordic UART RX, uzunluk: 2
2026-01-23 05:45:17 - spektroskopi - INFO - Raspberry Pi verisi: Ham=3223, Voltaj=3223.000V
2026-01-23 05:45:17 - spektroskopi - INFO - Raspberry Pi verisi işlendi: SENSOR_2 = 3223.000V
2026-01-23 05:45:17 - spektroskopi - INFO - Raspberry Pi'dan veri alındı: 6e400005-b5a3-f393-e0a9-e50e24dcca9e (Handle: 16): Unknown, uzunluk: 2
2026-01-23 05:45:17 - spektroskopi - INFO - Raspberry Pi verisi: Ham=3222, Voltaj=3222.000V
2026-01-23 05:45:17 - spektroskopi - INFO - Raspberry Pi verisi işlendi: SENSOR_EXTRA = 3222.000V
2026-01-23 05:45:17 - spektroskopi - WARNING - Zaman sıralama düzeltildi (averaged): 2026-01-23 05:45:17.394877
2026-01-23 05:45:17 - spektroskopi - WARNING - Zaman sıralama düzeltildi (averaged): 2026-01-23 05:45:17.395877
2026-01-23 05:45:17 - spektroskopi - WARNING - Zaman sıralama düzeltildi (averaged): 2026-01-23 05:45:17.396877
2026-01-23 05:45:17 - spektroskopi - WARNING - Zaman sıralama düzeltildi (averaged): 2026-01-23 05:45:17.397877
2026-01-23 05:45:17 - spektroskopi - WARNING - RealTimePanel: UV_360nm raw data uzunluk uyumsuzluğu (timestamps: 740, data: 186)
2026-01-23 05:45:17 - spektroskopi - WARNING - RealTimePanel: UV_360nm calibrated data uzunluk uyumsuzluğu (timestamps: 740, data: 186)
2026-01-23 05:45:17 - spektroskopi - WARNING - RealTimePanel: Blue_450nm raw data uzunluk uyumsuzluğu (timestamps: 740, data: 186)
2026-01-23 05:45:17 - spektroskopi - WARNING - RealTimePanel: Blue_450nm calibrated data uzunluk uyumsuzluğu (timestamps: 740, data: 186)
2026-01-23 05:45:17 - spektroskopi - WARNING - RealTimePanel: IR_850nm raw data uzunluk uyumsuzluğu (timestamps: 740, data: 184)
2026-01-23 05:45:17 - spektroskopi - WARNING - RealTimePanel: IR_850nm calibrated data uzunluk uyumsuzluğu (timestamps: 740, data: 184)
2026-01-23 05:45:17 - spektroskopi - WARNING - RealTimePanel: IR_940nm raw data uzunluk uyumsuzluğu (timestamps: 740, data: 184)
2026-01-23 05:45:17 - spektroskopi - WARNING - RealTimePanel: IR_940nm calibrated data uzunluk uyumsuzluğu (timestamps: 740, data: 184)
2026-01-23 05:45:17 - spektroskopi - INFO - Raspberry Pi'dan veri alındı: 6e400004-b5a3-f393-e0a9-e50e24dcca9e (Handle: 11): Unknown, uzunluk: 2
2026-01-23 05:45:17 - spektroskopi - INFO - Raspberry Pi verisi: Ham=1911, Voltaj=1911.000V
2026-01-23 05:45:17 - spektroskopi - INFO - Raspberry Pi verisi işlendi: SENSOR_7 = 1911.000V
2026-01-23 05:45:17 - spektroskopi - INFO - Raspberry Pi'dan veri alındı: 6e400003-b5a3-f393-e0a9-e50e24dcca9e (Handle: 8): Nordic UART TX, uzunluk: 2
2026-01-23 05:45:17 - spektroskopi - INFO - Raspberry Pi verisi: Ham=1610, Voltaj=1610.000V
2026-01-23 05:45:17 - spektroskopi - INFO - Raspberry Pi verisi işlendi: SENSOR_5 = 1610.000V
2026-01-23 05:45:18 - spektroskopi - INFO - Raspberry Pi'dan veri alındı: 6e400002-b5a3-f393-e0a9-e50e24dcca9e (Handle: 19): Nordic UART RX, uzunluk: 2
2026-01-23 05:45:18 - spektroskopi - INFO - Raspberry Pi verisi: Ham=3223, Voltaj=3223.000V
2026-01-23 05:45:18 - spektroskopi - INFO - Raspberry Pi verisi işlendi: SENSOR_2 = 3223.000V
2026-01-23 05:45:18 - spektroskopi - INFO - Raspberry Pi'dan veri alındı: 6e400005-b5a3-f393-e0a9-e50e24dcca9e (Handle: 16): Unknown, uzunluk: 2
2026-01-23 05:45:18 - spektroskopi - INFO - Raspberry Pi verisi: Ham=3224, Voltaj=3224.000V
2026-01-23 05:45:18 - spektroskopi - INFO - Raspberry Pi verisi işlendi: SENSOR_EXTRA = 3224.000V
2026-01-23 05:45:18 - spektroskopi - INFO - Raspberry Pi'dan veri alındı: 6e400004-b5a3-f393-e0a9-e50e24dcca9e (Handle: 11): Unknown, uzunluk: 2
2026-01-23 05:45:18 - spektroskopi - INFO - Raspberry Pi verisi: Ham=1916, Voltaj=1916.000V
2026-01-23 05:45:18 - spektroskopi - INFO - Raspberry Pi verisi işlendi: SENSOR_7 = 1916.000V
2026-01-23 05:45:18 - spektroskopi - WARNING - Zaman sıralama düzeltildi (averaged): 2026-01-23 05:45:18.533054
2026-01-23 05:45:18 - spektroskopi - WARNING - Zaman sıralama düzeltildi (averaged): 2026-01-23 05:45:18.534054
2026-01-23 05:45:18 - spektroskopi - WARNING - Zaman sıralama düzeltildi (averaged): 2026-01-23 05:45:18.535054
2026-01-23 05:45:18 - spektroskopi - WARNING - Zaman sıralama düzeltildi (averaged): 2026-01-23 05:45:18.536054
2026-01-23 05:45:18 - spektroskopi - WARNING - Zaman sıralama düzeltildi (averaged): 2026-01-23 05:45:18.537054
2026-01-23 05:45:18 - spektroskopi - WARNING - RealTimePanel: UV_360nm raw data uzunluk uyumsuzluğu (timestamps: 750, data: 188)
2026-01-23 05:45:18 - spektroskopi - WARNING - RealTimePanel: UV_360nm calibrated data uzunluk uyumsuzluğu (timestamps: 750, data: 188)
2026-01-23 05:45:18 - spektroskopi - WARNING - RealTimePanel: Blue_450nm raw data uzunluk uyumsuzluğu (timestamps: 750, data: 188)
2026-01-23 05:45:18 - spektroskopi - WARNING - RealTimePanel: Blue_450nm calibrated data uzunluk uyumsuzluğu (timestamps: 750, data: 188)
2026-01-23 05:45:18 - spektroskopi - WARNING - RealTimePanel: IR_850nm raw data uzunluk uyumsuzluğu (timestamps: 750, data: 188)
2026-01-23 05:45:18 - spektroskopi - WARNING - RealTimePanel: IR_850nm calibrated data uzunluk uyumsuzluğu (timestamps: 750, data: 188)
2026-01-23 05:45:18 - spektroskopi - WARNING - RealTimePanel: IR_940nm raw data uzunluk uyumsuzluğu (timestamps: 750, data: 186)
2026-01-23 05:45:18 - spektroskopi - WARNING - RealTimePanel: IR_940nm calibrated data uzunluk uyumsuzluğu (timestamps: 750, data: 186)
2026-01-23 05:45:18 - spektroskopi - INFO - Raspberry Pi'dan veri alındı: 6e400003-b5a3-f393-e0a9-e50e24dcca9e (Handle: 8): Nordic UART TX, uzunluk: 2
2026-01-23 05:45:18 - spektroskopi - INFO - Raspberry Pi verisi: Ham=1609, Voltaj=1609.000V
2026-01-23 05:45:18 - spektroskopi - INFO - Raspberry Pi verisi işlendi: SENSOR_5 = 1609.000V
2026-01-23 05:45:18 - spektroskopi - INFO - Raspberry Pi'dan veri alındı: 6e400002-b5a3-f393-e0a9-e50e24dcca9e (Handle: 19): Nordic UART RX, uzunluk: 2
2026-01-23 05:45:18 - spektroskopi - INFO - Raspberry Pi verisi: Ham=3222, Voltaj=3222.000V
2026-01-23 05:45:18 - spektroskopi - INFO - Raspberry Pi verisi işlendi: SENSOR_2 = 3222.000V
2026-01-23 05:45:19 - spektroskopi - INFO - Raspberry Pi'dan veri alındı: 6e400005-b5a3-f393-e0a9-e50e24dcca9e (Handle: 16): Unknown, uzunluk: 2
2026-01-23 05:45:19 - spektroskopi - INFO - Raspberry Pi verisi: Ham=3222, Voltaj=3222.000V
2026-01-23 05:45:19 - spektroskopi - INFO - Raspberry Pi verisi işlendi: SENSOR_EXTRA = 3222.000V
2026-01-23 05:45:19 - spektroskopi - INFO - Raspberry Pi'dan veri alındı: 6e400004-b5a3-f393-e0a9-e50e24dcca9e (Handle: 11): Unknown, uzunluk: 2
2026-01-23 05:45:19 - spektroskopi - INFO - Raspberry Pi verisi: Ham=1912, Voltaj=1912.000V
2026-01-23 05:45:19 - spektroskopi - INFO - Raspberry Pi verisi işlendi: SENSOR_7 = 1912.000V
2026-01-23 05:45:19 - spektroskopi - WARNING - Zaman sıralama düzeltildi (averaged): 2026-01-23 05:45:19.433766
2026-01-23 05:45:19 - spektroskopi - WARNING - Zaman sıralama düzeltildi (averaged): 2026-01-23 05:45:19.434766
2026-01-23 05:45:19 - spektroskopi - WARNING - Zaman sıralama düzeltildi (averaged): 2026-01-23 05:45:19.435766
2026-01-23 05:45:19 - spektroskopi - WARNING - Zaman sıralama düzeltildi (averaged): 2026-01-23 05:45:19.436766
2026-01-23 05:45:19 - spektroskopi - WARNING - RealTimePanel: UV_360nm raw data uzunluk uyumsuzluğu (timestamps: 758, data: 190)
2026-01-23 05:45:19 - spektroskopi - WARNING - RealTimePanel: UV_360nm calibrated data uzunluk uyumsuzluğu (timestamps: 758, data: 190)
2026-01-23 05:45:19 - spektroskopi - WARNING - RealTimePanel: Blue_450nm raw data uzunluk uyumsuzluğu (timestamps: 758, data: 190)
2026-01-23 05:45:19 - spektroskopi - WARNING - RealTimePanel: Blue_450nm calibrated data uzunluk uyumsuzluğu (timestamps: 758, data: 190)
2026-01-23 05:45:19 - spektroskopi - WARNING - RealTimePanel: IR_850nm raw data uzunluk uyumsuzluğu (timestamps: 758, data: 190)
2026-01-23 05:45:19 - spektroskopi - WARNING - RealTimePanel: IR_850nm calibrated data uzunluk uyumsuzluğu (timestamps: 758, data: 190)
2026-01-23 05:45:19 - spektroskopi - WARNING - RealTimePanel: IR_940nm raw data uzunluk uyumsuzluğu (timestamps: 758, data: 188)
2026-01-23 05:45:19 - spektroskopi - WARNING - RealTimePanel: IR_940nm calibrated data uzunluk uyumsuzluğu (timestamps: 758, data: 188)
2026-01-23 05:45:19 - spektroskopi - INFO - Raspberry Pi'dan veri alındı: 6e400003-b5a3-f393-e0a9-e50e24dcca9e (Handle: 8): Nordic UART TX, uzunluk: 2
2026-01-23 05:45:19 - spektroskopi - INFO - Raspberry Pi verisi: Ham=1610, Voltaj=1610.000V
2026-01-23 05:45:19 - spektroskopi - INFO - Raspberry Pi verisi işlendi: SENSOR_5 = 1610.000V
2026-01-23 05:45:19 - spektroskopi - INFO - Raspberry Pi'dan veri alındı: 6e400002-b5a3-f393-e0a9-e50e24dcca9e (Handle: 19): Nordic UART RX, uzunluk: 2
2026-01-23 05:45:19 - spektroskopi - INFO - Raspberry Pi verisi: Ham=3222, Voltaj=3222.000V
2026-01-23 05:45:19 - spektroskopi - INFO - Raspberry Pi verisi işlendi: SENSOR_2 = 3222.000V
2026-01-23 05:45:20 - spektroskopi - INFO - Raspberry Pi'dan veri alındı: 6e400005-b5a3-f393-e0a9-e50e24dcca9e (Handle: 16): Unknown, uzunluk: 2
2026-01-23 05:45:20 - spektroskopi - INFO - Raspberry Pi verisi: Ham=3223, Voltaj=3223.000V
2026-01-23 05:45:20 - spektroskopi - INFO - Raspberry Pi verisi işlendi: SENSOR_EXTRA = 3223.000V
2026-01-23 05:45:20 - spektroskopi - INFO - Raspberry Pi'dan veri alındı: 6e400004-b5a3-f393-e0a9-e50e24dcca9e (Handle: 11): Unknown, uzunluk: 2
2026-01-23 05:45:20 - spektroskopi - INFO - Raspberry Pi verisi: Ham=1914, Voltaj=1914.000V
2026-01-23 05:45:20 - spektroskopi - INFO - Raspberry Pi verisi işlendi: SENSOR_7 = 1914.000V
2026-01-23 05:45:20 - spektroskopi - INFO - Raspberry Pi'dan veri alındı: 6e400003-b5a3-f393-e0a9-e50e24dcca9e (Handle: 8): Nordic UART TX, uzunluk: 2
2026-01-23 05:45:20 - spektroskopi - INFO - Raspberry Pi verisi: Ham=1610, Voltaj=1610.000V
2026-01-23 05:45:20 - spektroskopi - INFO - Raspberry Pi verisi işlendi: SENSOR_5 = 1610.000V
2026-01-23 05:45:20 - spektroskopi - WARNING - Zaman sıralama düzeltildi (averaged): 2026-01-23 05:45:20.543281
2026-01-23 05:45:20 - spektroskopi - WARNING - Zaman sıralama düzeltildi (averaged): 2026-01-23 05:45:20.544281
2026-01-23 05:45:20 - spektroskopi - WARNING - Zaman sıralama düzeltildi (averaged): 2026-01-23 05:45:20.545281
2026-01-23 05:45:20 - spektroskopi - WARNING - Zaman sıralama düzeltildi (averaged): 2026-01-23 05:45:20.546281
2026-01-23 05:45:20 - spektroskopi - WARNING - Zaman sıralama düzeltildi (averaged): 2026-01-23 05:45:20.547281
2026-01-23 05:45:20 - spektroskopi - WARNING - RealTimePanel: UV_360nm raw data uzunluk uyumsuzluğu (timestamps: 768, data: 192)
2026-01-23 05:45:20 - spektroskopi - WARNING - RealTimePanel: UV_360nm calibrated data uzunluk uyumsuzluğu (timestamps: 768, data: 192)
2026-01-23 05:45:20 - spektroskopi - WARNING - RealTimePanel: Blue_450nm raw data uzunluk uyumsuzluğu (timestamps: 768, data: 192)
2026-01-23 05:45:20 - spektroskopi - WARNING - RealTimePanel: Blue_450nm calibrated data uzunluk uyumsuzluğu (timestamps: 768, data: 192)
2026-01-23 05:45:20 - spektroskopi - WARNING - RealTimePanel: IR_850nm raw data uzunluk uyumsuzluğu (timestamps: 768, data: 192)
2026-01-23 05:45:20 - spektroskopi - WARNING - RealTimePanel: IR_850nm calibrated data uzunluk uyumsuzluğu (timestamps: 768, data: 192)
2026-01-23 05:45:20 - spektroskopi - WARNING - RealTimePanel: IR_940nm raw data uzunluk uyumsuzluğu (timestamps: 768, data: 192)
2026-01-23 05:45:20 - spektroskopi - WARNING - RealTimePanel: IR_940nm calibrated data uzunluk uyumsuzluğu (timestamps: 768, data: 192)
2026-01-23 05:45:20 - spektroskopi - INFO - Raspberry Pi'dan veri alındı: 6e400002-b5a3-f393-e0a9-e50e24dcca9e (Handle: 19): Nordic UART RX, uzunluk: 2
2026-01-23 05:45:20 - spektroskopi - INFO - Raspberry Pi verisi: Ham=3223, Voltaj=3223.000V
2026-01-23 05:45:20 - spektroskopi - INFO - Raspberry Pi verisi işlendi: SENSOR_2 = 3223.000V
2026-01-23 05:45:20 - spektroskopi - INFO - Raspberry Pi'dan veri alındı: 6e400005-b5a3-f393-e0a9-e50e24dcca9e (Handle: 16): Unknown, uzunluk: 2
2026-01-23 05:45:20 - spektroskopi - INFO - Raspberry Pi verisi: Ham=3223, Voltaj=3223.000V
2026-01-23 05:45:20 - spektroskopi - INFO - Raspberry Pi verisi işlendi: SENSOR_EXTRA = 3223.000V
2026-01-23 05:45:21 - spektroskopi - INFO - Raspberry Pi'dan veri alındı: 6e400004-b5a3-f393-e0a9-e50e24dcca9e (Handle: 11): Unknown, uzunluk: 2
2026-01-23 05:45:21 - spektroskopi - INFO - Raspberry Pi verisi: Ham=1905, Voltaj=1905.000V
2026-01-23 05:45:21 - spektroskopi - INFO - Raspberry Pi verisi işlendi: SENSOR_7 = 1905.000V
2026-01-23 05:45:21 - spektroskopi - INFO - Raspberry Pi'dan veri alındı: 6e400003-b5a3-f393-e0a9-e50e24dcca9e (Handle: 8): Nordic UART TX, uzunluk: 2
2026-01-23 05:45:21 - spektroskopi - INFO - Raspberry Pi verisi: Ham=1606, Voltaj=1606.000V
2026-01-23 05:45:21 - spektroskopi - INFO - Raspberry Pi verisi işlendi: SENSOR_5 = 1606.000V
2026-01-23 05:45:21 - spektroskopi - INFO - Raspberry Pi'dan veri alındı: 6e400002-b5a3-f393-e0a9-e50e24dcca9e (Handle: 19): Nordic UART RX, uzunluk: 2
2026-01-23 05:45:21 - spektroskopi - INFO - Raspberry Pi verisi: Ham=3212, Voltaj=3212.000V
2026-01-23 05:45:21 - spektroskopi - INFO - Raspberry Pi verisi işlendi: SENSOR_2 = 3212.000V
2026-01-23 05:45:21 - spektroskopi - WARNING - Zaman sıralama düzeltildi (averaged): 2026-01-23 05:45:21.534087
2026-01-23 05:45:21 - spektroskopi - WARNING - Zaman sıralama düzeltildi (averaged): 2026-01-23 05:45:21.535087
2026-01-23 05:45:21 - spektroskopi - WARNING - Zaman sıralama düzeltildi (averaged): 2026-01-23 05:45:21.536087
2026-01-23 05:45:21 - spektroskopi - WARNING - Zaman sıralama düzeltildi (averaged): 2026-01-23 05:45:21.537087
2026-01-23 05:45:21 - spektroskopi - WARNING - Zaman sıralama düzeltildi (averaged): 2026-01-23 05:45:21.538087
2026-01-23 05:45:21 - spektroskopi - WARNING - RealTimePanel: UV_360nm raw data uzunluk uyumsuzluğu (timestamps: 778, data: 196)
2026-01-23 05:45:21 - spektroskopi - WARNING - RealTimePanel: UV_360nm calibrated data uzunluk uyumsuzluğu (timestamps: 778, data: 196)
2026-01-23 05:45:21 - spektroskopi - WARNING - RealTimePanel: Blue_450nm raw data uzunluk uyumsuzluğu (timestamps: 778, data: 194)
2026-01-23 05:45:21 - spektroskopi - WARNING - RealTimePanel: Blue_450nm calibrated data uzunluk uyumsuzluğu (timestamps: 778, data: 194)
2026-01-23 05:45:21 - spektroskopi - WARNING - RealTimePanel: IR_850nm raw data uzunluk uyumsuzluğu (timestamps: 778, data: 194)
2026-01-23 05:45:21 - spektroskopi - WARNING - RealTimePanel: IR_850nm calibrated data uzunluk uyumsuzluğu (timestamps: 778, data: 194)
2026-01-23 05:45:21 - spektroskopi - WARNING - RealTimePanel: IR_940nm raw data uzunluk uyumsuzluğu (timestamps: 778, data: 194)
2026-01-23 05:45:21 - spektroskopi - WARNING - RealTimePanel: IR_940nm calibrated data uzunluk uyumsuzluğu (timestamps: 778, data: 194)
2026-01-23 05:45:21 - spektroskopi - INFO - Raspberry Pi'dan veri alındı: 6e400005-b5a3-f393-e0a9-e50e24dcca9e (Handle: 16): Unknown, uzunluk: 2
2026-01-23 05:45:21 - spektroskopi - INFO - Raspberry Pi verisi: Ham=3223, Voltaj=3223.000V
2026-01-23 05:45:21 - spektroskopi - INFO - Raspberry Pi verisi işlendi: SENSOR_EXTRA = 3223.000V
2026-01-23 05:45:22 - spektroskopi - INFO - Raspberry Pi'dan veri alındı: 6e400004-b5a3-f393-e0a9-e50e24dcca9e (Handle: 11): Unknown, uzunluk: 2
2026-01-23 05:45:22 - spektroskopi - INFO - Raspberry Pi verisi: Ham=1900, Voltaj=1900.000V
2026-01-23 05:45:22 - spektroskopi - INFO - Raspberry Pi verisi işlendi: SENSOR_7 = 1900.000V
2026-01-23 05:45:22 - spektroskopi - INFO - Raspberry Pi'dan veri alındı: 6e400003-b5a3-f393-e0a9-e50e24dcca9e (Handle: 8): Nordic UART TX, uzunluk: 2
2026-01-23 05:45:22 - spektroskopi - INFO - Raspberry Pi verisi: Ham=1600, Voltaj=1600.000V
2026-01-23 05:45:22 - spektroskopi - INFO - Raspberry Pi verisi işlendi: SENSOR_5 = 1600.000V
2026-01-23 05:45:22 - spektroskopi - INFO - Raspberry Pi'dan veri alındı: 6e400002-b5a3-f393-e0a9-e50e24dcca9e (Handle: 19): Nordic UART RX, uzunluk: 2
2026-01-23 05:45:22 - spektroskopi - INFO - Raspberry Pi verisi: Ham=3213, Voltaj=3213.000V
2026-01-23 05:45:22 - spektroskopi - INFO - Raspberry Pi verisi işlendi: SENSOR_2 = 3213.000V
2026-01-23 05:45:22 - spektroskopi - WARNING - Zaman sıralama düzeltildi (averaged): 2026-01-23 05:45:22.433251
2026-01-23 05:45:22 - spektroskopi - WARNING - Zaman sıralama düzeltildi (averaged): 2026-01-23 05:45:22.434251
2026-01-23 05:45:22 - spektroskopi - WARNING - Zaman sıralama düzeltildi (averaged): 2026-01-23 05:45:22.435251
2026-01-23 05:45:22 - spektroskopi - WARNING - Zaman sıralama düzeltildi (averaged): 2026-01-23 05:45:22.436251
2026-01-23 05:45:22 - spektroskopi - WARNING - RealTimePanel: UV_360nm raw data uzunluk uyumsuzluğu (timestamps: 786, data: 198)
2026-01-23 05:45:22 - spektroskopi - WARNING - RealTimePanel: UV_360nm calibrated data uzunluk uyumsuzluğu (timestamps: 786, data: 198)
2026-01-23 05:45:22 - spektroskopi - WARNING - RealTimePanel: Blue_450nm raw data uzunluk uyumsuzluğu (timestamps: 786, data: 196)
2026-01-23 05:45:22 - spektroskopi - WARNING - RealTimePanel: Blue_450nm calibrated data uzunluk uyumsuzluğu (timestamps: 786, data: 196)
2026-01-23 05:45:22 - spektroskopi - WARNING - RealTimePanel: IR_850nm raw data uzunluk uyumsuzluğu (timestamps: 786, data: 196)
2026-01-23 05:45:22 - spektroskopi - WARNING - RealTimePanel: IR_850nm calibrated data uzunluk uyumsuzluğu (timestamps: 786, data: 196)
2026-01-23 05:45:22 - spektroskopi - WARNING - RealTimePanel: IR_940nm raw data uzunluk uyumsuzluğu (timestamps: 786, data: 196)
2026-01-23 05:45:22 - spektroskopi - WARNING - RealTimePanel: IR_940nm calibrated data uzunluk uyumsuzluğu (timestamps: 786, data: 196)
2026-01-23 05:45:22 - spektroskopi - INFO - Raspberry Pi'dan veri alındı: 6e400005-b5a3-f393-e0a9-e50e24dcca9e (Handle: 16): Unknown, uzunluk: 2
2026-01-23 05:45:22 - spektroskopi - INFO - Raspberry Pi verisi: Ham=3223, Voltaj=3223.000V
2026-01-23 05:45:22 - spektroskopi - INFO - Raspberry Pi verisi işlendi: SENSOR_EXTRA = 3223.000V
2026-01-23 05:45:22 - spektroskopi - INFO - Raspberry Pi'dan veri alındı: 6e400004-b5a3-f393-e0a9-e50e24dcca9e (Handle: 11): Unknown, uzunluk: 2
2026-01-23 05:45:22 - spektroskopi - INFO - Raspberry Pi verisi: Ham=1897, Voltaj=1897.000V
2026-01-23 05:45:22 - spektroskopi - INFO - Raspberry Pi verisi işlendi: SENSOR_7 = 1897.000V
2026-01-23 05:45:23 - spektroskopi - INFO - Raspberry Pi'dan veri alındı: 6e400003-b5a3-f393-e0a9-e50e24dcca9e (Handle: 8): Nordic UART TX, uzunluk: 2
2026-01-23 05:45:23 - spektroskopi - INFO - Raspberry Pi verisi: Ham=1600, Voltaj=1600.000V
2026-01-23 05:45:23 - spektroskopi - INFO - Raspberry Pi verisi işlendi: SENSOR_5 = 1600.000V
2026-01-23 05:45:23 - spektroskopi - INFO - Raspberry Pi'dan veri alındı: 6e400002-b5a3-f393-e0a9-e50e24dcca9e (Handle: 19): Nordic UART RX, uzunluk: 2
2026-01-23 05:45:23 - spektroskopi - INFO - Raspberry Pi verisi: Ham=3212, Voltaj=3212.000V
2026-01-23 05:45:23 - spektroskopi - INFO - Raspberry Pi verisi işlendi: SENSOR_2 = 3212.000V
2026-01-23 05:45:23 - spektroskopi - INFO - Raspberry Pi'dan veri alındı: 6e400005-b5a3-f393-e0a9-e50e24dcca9e (Handle: 16): Unknown, uzunluk: 2
2026-01-23 05:45:23 - spektroskopi - INFO - Raspberry Pi verisi: Ham=3222, Voltaj=3222.000V
2026-01-23 05:45:23 - spektroskopi - INFO - Raspberry Pi verisi işlendi: SENSOR_EXTRA = 3222.000V
2026-01-23 05:45:23 - spektroskopi - WARNING - Zaman sıralama düzeltildi (averaged): 2026-01-23 05:45:23.573279
2026-01-23 05:45:23 - spektroskopi - WARNING - Zaman sıralama düzeltildi (averaged): 2026-01-23 05:45:23.574279
2026-01-23 05:45:23 - spektroskopi - WARNING - Zaman sıralama düzeltildi (averaged): 2026-01-23 05:45:23.575279
2026-01-23 05:45:23 - spektroskopi - WARNING - Zaman sıralama düzeltildi (averaged): 2026-01-23 05:45:23.576279
2026-01-23 05:45:23 - spektroskopi - WARNING - Zaman sıralama düzeltildi (averaged): 2026-01-23 05:45:23.577279
2026-01-23 05:45:23 - spektroskopi - WARNING - RealTimePanel: UV_360nm raw data uzunluk uyumsuzluğu (timestamps: 796, data: 200)
2026-01-23 05:45:23 - spektroskopi - WARNING - RealTimePanel: UV_360nm calibrated data uzunluk uyumsuzluğu (timestamps: 796, data: 200)
2026-01-23 05:45:23 - spektroskopi - WARNING - RealTimePanel: Blue_450nm raw data uzunluk uyumsuzluğu (timestamps: 796, data: 200)
2026-01-23 05:45:23 - spektroskopi - WARNING - RealTimePanel: Blue_450nm calibrated data uzunluk uyumsuzluğu (timestamps: 796, data: 200)
2026-01-23 05:45:23 - spektroskopi - WARNING - RealTimePanel: IR_850nm raw data uzunluk uyumsuzluğu (timestamps: 796, data: 198)
2026-01-23 05:45:23 - spektroskopi - WARNING - RealTimePanel: IR_850nm calibrated data uzunluk uyumsuzluğu (timestamps: 796, data: 198)
2026-01-23 05:45:23 - spektroskopi - WARNING - RealTimePanel: IR_940nm raw data uzunluk uyumsuzluğu (timestamps: 796, data: 198)
2026-01-23 05:45:23 - spektroskopi - WARNING - RealTimePanel: IR_940nm calibrated data uzunluk uyumsuzluğu (timestamps: 796, data: 198)
2026-01-23 05:45:23 - spektroskopi - INFO - Raspberry Pi'dan veri alındı: 6e400004-b5a3-f393-e0a9-e50e24dcca9e (Handle: 11): Unknown, uzunluk: 2
2026-01-23 05:45:23 - spektroskopi - INFO - Raspberry Pi verisi: Ham=1896, Voltaj=1896.000V
2026-01-23 05:45:23 - spektroskopi - INFO - Raspberry Pi verisi işlendi: SENSOR_7 = 1896.000V
2026-01-23 05:45:24 - spektroskopi - INFO - Raspberry Pi'dan veri alındı: 6e400003-b5a3-f393-e0a9-e50e24dcca9e (Handle: 8): Nordic UART TX, uzunluk: 2
2026-01-23 05:45:24 - spektroskopi - INFO - Raspberry Pi verisi: Ham=1600, Voltaj=1600.000V
2026-01-23 05:45:24 - spektroskopi - INFO - Raspberry Pi verisi işlendi: SENSOR_5 = 1600.000V
2026-01-23 05:45:24 - spektroskopi - INFO - Raspberry Pi'dan veri alındı: 6e400002-b5a3-f393-e0a9-e50e24dcca9e (Handle: 19): Nordic UART RX, uzunluk: 2
2026-01-23 05:45:24 - spektroskopi - INFO - Raspberry Pi verisi: Ham=3211, Voltaj=3211.000V
2026-01-23 05:45:24 - spektroskopi - INFO - Raspberry Pi verisi işlendi: SENSOR_2 = 3211.000V
2026-01-23 05:45:24 - spektroskopi - INFO - Raspberry Pi'dan veri alındı: 6e400005-b5a3-f393-e0a9-e50e24dcca9e (Handle: 16): Unknown, uzunluk: 2
2026-01-23 05:45:24 - spektroskopi - INFO - Raspberry Pi verisi: Ham=3223, Voltaj=3223.000V
2026-01-23 05:45:24 - spektroskopi - INFO - Raspberry Pi verisi işlendi: SENSOR_EXTRA = 3223.000V
2026-01-23 05:45:24 - spektroskopi - WARNING - Zaman sıralama düzeltildi (averaged): 2026-01-23 05:45:24.443080
2026-01-23 05:45:24 - spektroskopi - WARNING - Zaman sıralama düzeltildi (averaged): 2026-01-23 05:45:24.444080
2026-01-23 05:45:24 - spektroskopi - WARNING - Zaman sıralama düzeltildi (averaged): 2026-01-23 05:45:24.445080
2026-01-23 05:45:24 - spektroskopi - WARNING - Zaman sıralama düzeltildi (averaged): 2026-01-23 05:45:24.446080
2026-01-23 05:45:24 - spektroskopi - WARNING - RealTimePanel: UV_360nm raw data uzunluk uyumsuzluğu (timestamps: 804, data: 202)
2026-01-23 05:45:24 - spektroskopi - WARNING - RealTimePanel: UV_360nm calibrated data uzunluk uyumsuzluğu (timestamps: 804, data: 202)
2026-01-23 05:45:24 - spektroskopi - WARNING - RealTimePanel: Blue_450nm raw data uzunluk uyumsuzluğu (timestamps: 804, data: 202)
2026-01-23 05:45:24 - spektroskopi - WARNING - RealTimePanel: Blue_450nm calibrated data uzunluk uyumsuzluğu (timestamps: 804, data: 202)
2026-01-23 05:45:24 - spektroskopi - WARNING - RealTimePanel: IR_850nm raw data uzunluk uyumsuzluğu (timestamps: 804, data: 200)
2026-01-23 05:45:24 - spektroskopi - WARNING - RealTimePanel: IR_850nm calibrated data uzunluk uyumsuzluğu (timestamps: 804, data: 200)
2026-01-23 05:45:24 - spektroskopi - WARNING - RealTimePanel: IR_940nm raw data uzunluk uyumsuzluğu (timestamps: 804, data: 200)
2026-01-23 05:45:24 - spektroskopi - WARNING - RealTimePanel: IR_940nm calibrated data uzunluk uyumsuzluğu (timestamps: 804, data: 200)
2026-01-23 05:45:24 - spektroskopi - INFO - Raspberry Pi'dan veri alındı: 6e400004-b5a3-f393-e0a9-e50e24dcca9e (Handle: 11): Unknown, uzunluk: 2
2026-01-23 05:45:24 - spektroskopi - INFO - Raspberry Pi verisi: Ham=1897, Voltaj=1897.000V
2026-01-23 05:45:24 - spektroskopi - INFO - Raspberry Pi verisi işlendi: SENSOR_7 = 1897.000V
2026-01-23 05:45:24 - spektroskopi - INFO - Raspberry Pi'dan veri alındı: 6e400003-b5a3-f393-e0a9-e50e24dcca9e (Handle: 8): Nordic UART TX, uzunluk: 2
2026-01-23 05:45:24 - spektroskopi - INFO - Raspberry Pi verisi: Ham=1596, Voltaj=1596.000V
2026-01-23 05:45:24 - spektroskopi - INFO - Raspberry Pi verisi işlendi: SENSOR_5 = 1596.000V
2026-01-23 05:45:25 - spektroskopi - INFO - Raspberry Pi'dan veri alındı: 6e400002-b5a3-f393-e0a9-e50e24dcca9e (Handle: 19): Nordic UART RX, uzunluk: 2
2026-01-23 05:45:25 - spektroskopi - INFO - Raspberry Pi verisi: Ham=3211, Voltaj=3211.000V
2026-01-23 05:45:25 - spektroskopi - INFO - Raspberry Pi verisi işlendi: SENSOR_2 = 3211.000V
2026-01-23 05:45:25 - spektroskopi - INFO - Raspberry Pi'dan veri alındı: 6e400005-b5a3-f393-e0a9-e50e24dcca9e (Handle: 16): Unknown, uzunluk: 2
2026-01-23 05:45:25 - spektroskopi - INFO - Raspberry Pi verisi: Ham=3223, Voltaj=3223.000V
2026-01-23 05:45:25 - spektroskopi - INFO - Raspberry Pi verisi işlendi: SENSOR_EXTRA = 3223.000V
2026-01-23 05:45:25 - spektroskopi - INFO - Raspberry Pi'dan veri alındı: 6e400004-b5a3-f393-e0a9-e50e24dcca9e (Handle: 11): Unknown, uzunluk: 2
2026-01-23 05:45:25 - spektroskopi - INFO - Raspberry Pi verisi: Ham=1894, Voltaj=1894.000V
2026-01-23 05:45:25 - spektroskopi - INFO - Raspberry Pi verisi işlendi: SENSOR_7 = 1894.000V
2026-01-23 05:45:25 - spektroskopi - WARNING - Zaman sıralama düzeltildi (averaged): 2026-01-23 05:45:25.583276
2026-01-23 05:45:25 - spektroskopi - WARNING - Zaman sıralama düzeltildi (averaged): 2026-01-23 05:45:25.584276
2026-01-23 05:45:25 - spektroskopi - WARNING - Zaman sıralama düzeltildi (averaged): 2026-01-23 05:45:25.585276
2026-01-23 05:45:25 - spektroskopi - WARNING - Zaman sıralama düzeltildi (averaged): 2026-01-23 05:45:25.586276
2026-01-23 05:45:25 - spektroskopi - WARNING - Zaman sıralama düzeltildi (averaged): 2026-01-23 05:45:25.587276
2026-01-23 05:45:25 - spektroskopi - WARNING - RealTimePanel: UV_360nm raw data uzunluk uyumsuzluğu (timestamps: 814, data: 204)
2026-01-23 05:45:25 - spektroskopi - WARNING - RealTimePanel: UV_360nm calibrated data uzunluk uyumsuzluğu (timestamps: 814, data: 204)
2026-01-23 05:45:25 - spektroskopi - WARNING - RealTimePanel: Blue_450nm raw data uzunluk uyumsuzluğu (timestamps: 814, data: 204)
2026-01-23 05:45:25 - spektroskopi - WARNING - RealTimePanel: Blue_450nm calibrated data uzunluk uyumsuzluğu (timestamps: 814, data: 204)
2026-01-23 05:45:25 - spektroskopi - WARNING - RealTimePanel: IR_850nm raw data uzunluk uyumsuzluğu (timestamps: 814, data: 204)
2026-01-23 05:45:25 - spektroskopi - WARNING - RealTimePanel: IR_850nm calibrated data uzunluk uyumsuzluğu (timestamps: 814, data: 204)
2026-01-23 05:45:25 - spektroskopi - WARNING - RealTimePanel: IR_940nm raw data uzunluk uyumsuzluğu (timestamps: 814, data: 202)
2026-01-23 05:45:25 - spektroskopi - WARNING - RealTimePanel: IR_940nm calibrated data uzunluk uyumsuzluğu (timestamps: 814, data: 202)
2026-01-23 05:45:25 - spektroskopi - INFO - Raspberry Pi'dan veri alındı: 6e400003-b5a3-f393-e0a9-e50e24dcca9e (Handle: 8): Nordic UART TX, uzunluk: 2
2026-01-23 05:45:25 - spektroskopi - INFO - Raspberry Pi verisi: Ham=1600, Voltaj=1600.000V
2026-01-23 05:45:25 - spektroskopi - INFO - Raspberry Pi verisi işlendi: SENSOR_5 = 1600.000V
2026-01-23 05:45:25 - spektroskopi - INFO - Raspberry Pi'dan veri alındı: 6e400002-b5a3-f393-e0a9-e50e24dcca9e (Handle: 19): Nordic UART RX, uzunluk: 2
2026-01-23 05:45:25 - spektroskopi - INFO - Raspberry Pi verisi: Ham=3211, Voltaj=3211.000V
2026-01-23 05:45:25 - spektroskopi - INFO - Raspberry Pi verisi işlendi: SENSOR_2 = 3211.000V
2026-01-23 05:45:26 - spektroskopi - INFO - Raspberry Pi'dan veri alındı: 6e400005-b5a3-f393-e0a9-e50e24dcca9e (Handle: 16): Unknown, uzunluk: 2
2026-01-23 05:45:26 - spektroskopi - INFO - Raspberry Pi verisi: Ham=3223, Voltaj=3223.000V
2026-01-23 05:45:26 - spektroskopi - INFO - Raspberry Pi verisi işlendi: SENSOR_EXTRA = 3223.000V
2026-01-23 05:45:26 - spektroskopi - INFO - Raspberry Pi'dan veri alındı: 6e400004-b5a3-f393-e0a9-e50e24dcca9e (Handle: 11): Unknown, uzunluk: 2
2026-01-23 05:45:26 - spektroskopi - INFO - Raspberry Pi verisi: Ham=1899, Voltaj=1899.000V
2026-01-23 05:45:26 - spektroskopi - INFO - Raspberry Pi verisi işlendi: SENSOR_7 = 1899.000V
2026-01-23 05:45:26 - spektroskopi - WARNING - Zaman sıralama düzeltildi (averaged): 2026-01-23 05:45:26.483309
2026-01-23 05:45:26 - spektroskopi - WARNING - Zaman sıralama düzeltildi (averaged): 2026-01-23 05:45:26.484309
2026-01-23 05:45:26 - spektroskopi - WARNING - Zaman sıralama düzeltildi (averaged): 2026-01-23 05:45:26.485309
2026-01-23 05:45:26 - spektroskopi - WARNING - Zaman sıralama düzeltildi (averaged): 2026-01-23 05:45:26.486309
2026-01-23 05:45:26 - spektroskopi - WARNING - RealTimePanel: UV_360nm raw data uzunluk uyumsuzluğu (timestamps: 822, data: 206)
2026-01-23 05:45:26 - spektroskopi - WARNING - RealTimePanel: UV_360nm calibrated data uzunluk uyumsuzluğu (timestamps: 822, data: 206)
2026-01-23 05:45:26 - spektroskopi - WARNING - RealTimePanel: Blue_450nm raw data uzunluk uyumsuzluğu (timestamps: 822, data: 206)
2026-01-23 05:45:26 - spektroskopi - WARNING - RealTimePanel: Blue_450nm calibrated data uzunluk uyumsuzluğu (timestamps: 822, data: 206)
2026-01-23 05:45:26 - spektroskopi - WARNING - RealTimePanel: IR_850nm raw data uzunluk uyumsuzluğu (timestamps: 822, data: 206)
2026-01-23 05:45:26 - spektroskopi - WARNING - RealTimePanel: IR_850nm calibrated data uzunluk uyumsuzluğu (timestamps: 822, data: 206)
2026-01-23 05:45:26 - spektroskopi - WARNING - RealTimePanel: IR_940nm raw data uzunluk uyumsuzluğu (timestamps: 822, data: 204)
2026-01-23 05:45:26 - spektroskopi - WARNING - RealTimePanel: IR_940nm calibrated data uzunluk uyumsuzluğu (timestamps: 822, data: 204)
2026-01-23 05:45:26 - spektroskopi - INFO - Raspberry Pi'dan veri alındı: 6e400003-b5a3-f393-e0a9-e50e24dcca9e (Handle: 8): Nordic UART TX, uzunluk: 2
2026-01-23 05:45:26 - spektroskopi - INFO - Raspberry Pi verisi: Ham=1601, Voltaj=1601.000V
2026-01-23 05:45:26 - spektroskopi - INFO - Raspberry Pi verisi işlendi: SENSOR_5 = 1601.000V
2026-01-23 05:45:26 - spektroskopi - INFO - Raspberry Pi'dan veri alındı: 6e400002-b5a3-f393-e0a9-e50e24dcca9e (Handle: 19): Nordic UART RX, uzunluk: 2
2026-01-23 05:45:26 - spektroskopi - INFO - Raspberry Pi verisi: Ham=3222, Voltaj=3222.000V
2026-01-23 05:45:26 - spektroskopi - INFO - Raspberry Pi verisi işlendi: SENSOR_2 = 3222.000V
2026-01-23 05:45:27 - spektroskopi - INFO - Raspberry Pi'dan veri alındı: 6e400005-b5a3-f393-e0a9-e50e24dcca9e (Handle: 16): Unknown, uzunluk: 2
2026-01-23 05:45:27 - spektroskopi - INFO - Raspberry Pi verisi: Ham=3224, Voltaj=3224.000V
2026-01-23 05:45:27 - spektroskopi - INFO - Raspberry Pi verisi işlendi: SENSOR_EXTRA = 3224.000V
2026-01-23 05:45:27 - spektroskopi - INFO - Raspberry Pi'dan veri alındı: 6e400004-b5a3-f393-e0a9-e50e24dcca9e (Handle: 11): Unknown, uzunluk: 2
2026-01-23 05:45:27 - spektroskopi - INFO - Raspberry Pi verisi: Ham=1907, Voltaj=1907.000V
2026-01-23 05:45:27 - spektroskopi - INFO - Raspberry Pi verisi işlendi: SENSOR_7 = 1907.000V
2026-01-23 05:45:27 - spektroskopi - INFO - Raspberry Pi'dan veri alındı: 6e400003-b5a3-f393-e0a9-e50e24dcca9e (Handle: 8): Nordic UART TX, uzunluk: 2
2026-01-23 05:45:27 - spektroskopi - INFO - Raspberry Pi verisi: Ham=1608, Voltaj=1608.000V
2026-01-23 05:45:27 - spektroskopi - INFO - Raspberry Pi verisi işlendi: SENSOR_5 = 1608.000V
2026-01-23 05:45:27 - spektroskopi - WARNING - Zaman sıralama düzeltildi (averaged): 2026-01-23 05:45:27.593409
2026-01-23 05:45:27 - spektroskopi - WARNING - Zaman sıralama düzeltildi (averaged): 2026-01-23 05:45:27.594409
2026-01-23 05:45:27 - spektroskopi - WARNING - Zaman sıralama düzeltildi (averaged): 2026-01-23 05:45:27.595409
2026-01-23 05:45:27 - spektroskopi - WARNING - Zaman sıralama düzeltildi (averaged): 2026-01-23 05:45:27.596409
2026-01-23 05:45:27 - spektroskopi - WARNING - Zaman sıralama düzeltildi (averaged): 2026-01-23 05:45:27.597409
2026-01-23 05:45:27 - spektroskopi - WARNING - RealTimePanel: UV_360nm raw data uzunluk uyumsuzluğu (timestamps: 832, data: 208)
2026-01-23 05:45:27 - spektroskopi - WARNING - RealTimePanel: UV_360nm calibrated data uzunluk uyumsuzluğu (timestamps: 832, data: 208)
2026-01-23 05:45:27 - spektroskopi - WARNING - RealTimePanel: Blue_450nm raw data uzunluk uyumsuzluğu (timestamps: 832, data: 208)
2026-01-23 05:45:27 - spektroskopi - WARNING - RealTimePanel: Blue_450nm calibrated data uzunluk uyumsuzluğu (timestamps: 832, data: 208)
2026-01-23 05:45:27 - spektroskopi - WARNING - RealTimePanel: IR_850nm raw data uzunluk uyumsuzluğu (timestamps: 832, data: 208)
2026-01-23 05:45:27 - spektroskopi - WARNING - RealTimePanel: IR_850nm calibrated data uzunluk uyumsuzluğu (timestamps: 832, data: 208)
2026-01-23 05:45:27 - spektroskopi - WARNING - RealTimePanel: IR_940nm raw data uzunluk uyumsuzluğu (timestamps: 832, data: 208)
2026-01-23 05:45:27 - spektroskopi - WARNING - RealTimePanel: IR_940nm calibrated data uzunluk uyumsuzluğu (timestamps: 832, data: 208)
2026-01-23 05:45:27 - spektroskopi - INFO - Raspberry Pi'dan veri alındı: 6e400002-b5a3-f393-e0a9-e50e24dcca9e (Handle: 19): Nordic UART RX, uzunluk: 2
2026-01-23 05:45:27 - spektroskopi - INFO - Raspberry Pi verisi: Ham=3221, Voltaj=3221.000V
2026-01-23 05:45:27 - spektroskopi - INFO - Raspberry Pi verisi işlendi: SENSOR_2 = 3221.000V
2026-01-23 05:45:27 - spektroskopi - INFO - Raspberry Pi'dan veri alındı: 6e400005-b5a3-f393-e0a9-e50e24dcca9e (Handle: 16): Unknown, uzunluk: 2
2026-01-23 05:45:27 - spektroskopi - INFO - Raspberry Pi verisi: Ham=3222, Voltaj=3222.000V
2026-01-23 05:45:27 - spektroskopi - INFO - Raspberry Pi verisi işlendi: SENSOR_EXTRA = 3222.000V
2026-01-23 05:45:28 - spektroskopi - INFO - Raspberry Pi'dan veri alındı: 6e400004-b5a3-f393-e0a9-e50e24dcca9e (Handle: 11): Unknown, uzunluk: 2
2026-01-23 05:45:28 - spektroskopi - INFO - Raspberry Pi verisi: Ham=1904, Voltaj=1904.000V
2026-01-23 05:45:28 - spektroskopi - INFO - Raspberry Pi verisi işlendi: SENSOR_7 = 1904.000V
2026-01-23 05:45:28 - spektroskopi - INFO - Raspberry Pi'dan veri alındı: 6e400003-b5a3-f393-e0a9-e50e24dcca9e (Handle: 8): Nordic UART TX, uzunluk: 2
2026-01-23 05:45:28 - spektroskopi - INFO - Raspberry Pi verisi: Ham=1605, Voltaj=1605.000V
2026-01-23 05:45:28 - spektroskopi - INFO - Raspberry Pi verisi işlendi: SENSOR_5 = 1605.000V
2026-01-23 05:45:28 - spektroskopi - INFO - Raspberry Pi'dan veri alındı: 6e400002-b5a3-f393-e0a9-e50e24dcca9e (Handle: 19): Nordic UART RX, uzunluk: 2
2026-01-23 05:45:28 - spektroskopi - INFO - Raspberry Pi verisi: Ham=3222, Voltaj=3222.000V
2026-01-23 05:45:28 - spektroskopi - INFO - Raspberry Pi verisi işlendi: SENSOR_2 = 3222.000V
2026-01-23 05:45:28 - spektroskopi - WARNING - Zaman sıralama düzeltildi (averaged): 2026-01-23 05:45:28.583327
2026-01-23 05:45:28 - spektroskopi - WARNING - Zaman sıralama düzeltildi (averaged): 2026-01-23 05:45:28.584327
2026-01-23 05:45:28 - spektroskopi - WARNING - Zaman sıralama düzeltildi (averaged): 2026-01-23 05:45:28.585327
2026-01-23 05:45:28 - spektroskopi - WARNING - Zaman sıralama düzeltildi (averaged): 2026-01-23 05:45:28.586327
2026-01-23 05:45:28 - spektroskopi - WARNING - Zaman sıralama düzeltildi (averaged): 2026-01-23 05:45:28.587327
2026-01-23 05:45:28 - spektroskopi - WARNING - RealTimePanel: UV_360nm raw data uzunluk uyumsuzluğu (timestamps: 842, data: 212)
2026-01-23 05:45:28 - spektroskopi - WARNING - RealTimePanel: UV_360nm calibrated data uzunluk uyumsuzluğu (timestamps: 842, data: 212)
2026-01-23 05:45:28 - spektroskopi - WARNING - RealTimePanel: Blue_450nm raw data uzunluk uyumsuzluğu (timestamps: 842, data: 210)
2026-01-23 05:45:28 - spektroskopi - WARNING - RealTimePanel: Blue_450nm calibrated data uzunluk uyumsuzluğu (timestamps: 842, data: 210)
2026-01-23 05:45:28 - spektroskopi - WARNING - RealTimePanel: IR_850nm raw data uzunluk uyumsuzluğu (timestamps: 842, data: 210)
2026-01-23 05:45:28 - spektroskopi - WARNING - RealTimePanel: IR_850nm calibrated data uzunluk uyumsuzluğu (timestamps: 842, data: 210)
2026-01-23 05:45:28 - spektroskopi - WARNING - RealTimePanel: IR_940nm raw data uzunluk uyumsuzluğu (timestamps: 842, data: 210)
2026-01-23 05:45:28 - spektroskopi - WARNING - RealTimePanel: IR_940nm calibrated data uzunluk uyumsuzluğu (timestamps: 842, data: 210)
2026-01-23 05:45:28 - spektroskopi - INFO - Raspberry Pi'dan veri alındı: 6e400005-b5a3-f393-e0a9-e50e24dcca9e (Handle: 16): Unknown, uzunluk: 2
2026-01-23 05:45:28 - spektroskopi - INFO - Raspberry Pi verisi: Ham=3222, Voltaj=3222.000V
2026-01-23 05:45:28 - spektroskopi - INFO - Raspberry Pi verisi işlendi: SENSOR_EXTRA = 3222.000V
2026-01-23 05:45:29 - spektroskopi - INFO - Raspberry Pi'dan veri alındı: 6e400004-b5a3-f393-e0a9-e50e24dcca9e (Handle: 11): Unknown, uzunluk: 2
2026-01-23 05:45:29 - spektroskopi - INFO - Raspberry Pi verisi: Ham=1909, Voltaj=1909.000V
2026-01-23 05:45:29 - spektroskopi - INFO - Raspberry Pi verisi işlendi: SENSOR_7 = 1909.000V
2026-01-23 05:45:29 - spektroskopi - INFO - Raspberry Pi'dan veri alındı: 6e400003-b5a3-f393-e0a9-e50e24dcca9e (Handle: 8): Nordic UART TX, uzunluk: 2
2026-01-23 05:45:29 - spektroskopi - INFO - Raspberry Pi verisi: Ham=1608, Voltaj=1608.000V
2026-01-23 05:45:29 - spektroskopi - INFO - Raspberry Pi verisi işlendi: SENSOR_5 = 1608.000V
2026-01-23 05:45:29 - spektroskopi - INFO - Raspberry Pi'dan veri alındı: 6e400002-b5a3-f393-e0a9-e50e24dcca9e (Handle: 19): Nordic UART RX, uzunluk: 2
2026-01-23 05:45:29 - spektroskopi - INFO - Raspberry Pi verisi: Ham=3222, Voltaj=3222.000V
2026-01-23 05:45:29 - spektroskopi - INFO - Raspberry Pi verisi işlendi: SENSOR_2 = 3222.000V
2026-01-23 05:45:29 - spektroskopi - WARNING - Zaman sıralama düzeltildi (averaged): 2026-01-23 05:45:29.483328
2026-01-23 05:45:29 - spektroskopi - WARNING - Zaman sıralama düzeltildi (averaged): 2026-01-23 05:45:29.484328
2026-01-23 05:45:29 - spektroskopi - WARNING - Zaman sıralama düzeltildi (averaged): 2026-01-23 05:45:29.485328
2026-01-23 05:45:29 - spektroskopi - WARNING - Zaman sıralama düzeltildi (averaged): 2026-01-23 05:45:29.486328
2026-01-23 05:45:29 - spektroskopi - WARNING - RealTimePanel: UV_360nm raw data uzunluk uyumsuzluğu (timestamps: 850, data: 214)
2026-01-23 05:45:29 - spektroskopi - WARNING - RealTimePanel: UV_360nm calibrated data uzunluk uyumsuzluğu (timestamps: 850, data: 214)
2026-01-23 05:45:29 - spektroskopi - WARNING - RealTimePanel: Blue_450nm raw data uzunluk uyumsuzluğu (timestamps: 850, data: 212)
2026-01-23 05:45:29 - spektroskopi - WARNING - RealTimePanel: Blue_450nm calibrated data uzunluk uyumsuzluğu (timestamps: 850, data: 212)
2026-01-23 05:45:29 - spektroskopi - WARNING - RealTimePanel: IR_850nm raw data uzunluk uyumsuzluğu (timestamps: 850, data: 212)
2026-01-23 05:45:29 - spektroskopi - WARNING - RealTimePanel: IR_850nm calibrated data uzunluk uyumsuzluğu (timestamps: 850, data: 212)
2026-01-23 05:45:29 - spektroskopi - WARNING - RealTimePanel: IR_940nm raw data uzunluk uyumsuzluğu (timestamps: 850, data: 212)
2026-01-23 05:45:29 - spektroskopi - WARNING - RealTimePanel: IR_940nm calibrated data uzunluk uyumsuzluğu (timestamps: 850, data: 212)
2026-01-23 05:45:29 - spektroskopi - INFO - Raspberry Pi'dan veri alındı: 6e400005-b5a3-f393-e0a9-e50e24dcca9e (Handle: 16): Unknown, uzunluk: 2
2026-01-23 05:45:29 - spektroskopi - INFO - Raspberry Pi verisi: Ham=3222, Voltaj=3222.000V
2026-01-23 05:45:29 - spektroskopi - INFO - Raspberry Pi verisi işlendi: SENSOR_EXTRA = 3222.000V
2026-01-23 05:45:29 - spektroskopi - INFO - Raspberry Pi'dan veri alındı: 6e400004-b5a3-f393-e0a9-e50e24dcca9e (Handle: 11): Unknown, uzunluk: 2
2026-01-23 05:45:29 - spektroskopi - INFO - Raspberry Pi verisi: Ham=1905, Voltaj=1905.000V
2026-01-23 05:45:29 - spektroskopi - INFO - Raspberry Pi verisi işlendi: SENSOR_7 = 1905.000V
2026-01-23 05:45:30 - spektroskopi - INFO - Raspberry Pi'dan veri alındı: 6e400003-b5a3-f393-e0a9-e50e24dcca9e (Handle: 8): Nordic UART TX, uzunluk: 2
2026-01-23 05:45:30 - spektroskopi - INFO - Raspberry Pi verisi: Ham=1604, Voltaj=1604.000V
2026-01-23 05:45:30 - spektroskopi - INFO - Raspberry Pi verisi işlendi: SENSOR_5 = 1604.000V
2026-01-23 05:45:30 - spektroskopi - INFO - Raspberry Pi'dan veri alındı: 6e400002-b5a3-f393-e0a9-e50e24dcca9e (Handle: 19): Nordic UART RX, uzunluk: 2
2026-01-23 05:45:30 - spektroskopi - INFO - Raspberry Pi verisi: Ham=3223, Voltaj=3223.000V
2026-01-23 05:45:30 - spektroskopi - INFO - Raspberry Pi verisi işlendi: SENSOR_2 = 3223.000V
2026-01-23 05:45:30 - spektroskopi - INFO - Raspberry Pi'dan veri alındı: 6e400005-b5a3-f393-e0a9-e50e24dcca9e (Handle: 16): Unknown, uzunluk: 2
2026-01-23 05:45:30 - spektroskopi - INFO - Raspberry Pi verisi: Ham=3224, Voltaj=3224.000V
2026-01-23 05:45:30 - spektroskopi - INFO - Raspberry Pi verisi işlendi: SENSOR_EXTRA = 3224.000V
2026-01-23 05:45:30 - spektroskopi - WARNING - Zaman sıralama düzeltildi (averaged): 2026-01-23 05:45:30.623366
2026-01-23 05:45:30 - spektroskopi - WARNING - Zaman sıralama düzeltildi (averaged): 2026-01-23 05:45:30.624366
2026-01-23 05:45:30 - spektroskopi - WARNING - Zaman sıralama düzeltildi (averaged): 2026-01-23 05:45:30.625366
2026-01-23 05:45:30 - spektroskopi - WARNING - Zaman sıralama düzeltildi (averaged): 2026-01-23 05:45:30.626366
2026-01-23 05:45:30 - spektroskopi - WARNING - Zaman sıralama düzeltildi (averaged): 2026-01-23 05:45:30.627366
2026-01-23 05:45:30 - spektroskopi - WARNING - RealTimePanel: UV_360nm raw data uzunluk uyumsuzluğu (timestamps: 860, data: 216)
2026-01-23 05:45:30 - spektroskopi - WARNING - RealTimePanel: UV_360nm calibrated data uzunluk uyumsuzluğu (timestamps: 860, data: 216)
2026-01-23 05:45:30 - spektroskopi - WARNING - RealTimePanel: Blue_450nm raw data uzunluk uyumsuzluğu (timestamps: 860, data: 216)
2026-01-23 05:45:30 - spektroskopi - WARNING - RealTimePanel: Blue_450nm calibrated data uzunluk uyumsuzluğu (timestamps: 860, data: 216)
2026-01-23 05:45:30 - spektroskopi - WARNING - RealTimePanel: IR_850nm raw data uzunluk uyumsuzluğu (timestamps: 860, data: 214)
2026-01-23 05:45:30 - spektroskopi - WARNING - RealTimePanel: IR_850nm calibrated data uzunluk uyumsuzluğu (timestamps: 860, data: 214)
2026-01-23 05:45:30 - spektroskopi - WARNING - RealTimePanel: IR_940nm raw data uzunluk uyumsuzluğu (timestamps: 860, data: 214)
2026-01-23 05:45:30 - spektroskopi - WARNING - RealTimePanel: IR_940nm calibrated data uzunluk uyumsuzluğu (timestamps: 860, data: 214)
2026-01-23 05:45:30 - spektroskopi - INFO - Raspberry Pi'dan veri alındı: 6e400004-b5a3-f393-e0a9-e50e24dcca9e (Handle: 11): Unknown, uzunluk: 2
2026-01-23 05:45:30 - spektroskopi - INFO - Raspberry Pi verisi: Ham=1905, Voltaj=1905.000V
2026-01-23 05:45:30 - spektroskopi - INFO - Raspberry Pi verisi işlendi: SENSOR_7 = 1905.000V
2026-01-23 05:45:31 - spektroskopi - INFO - Raspberry Pi'dan veri alındı: 6e400003-b5a3-f393-e0a9-e50e24dcca9e (Handle: 8): Nordic UART TX, uzunluk: 2
2026-01-23 05:45:31 - spektroskopi - INFO - Raspberry Pi verisi: Ham=1607, Voltaj=1607.000V
2026-01-23 05:45:31 - spektroskopi - INFO - Raspberry Pi verisi işlendi: SENSOR_5 = 1607.000V
2026-01-23 05:45:31 - spektroskopi - INFO - Raspberry Pi'dan veri alındı: 6e400002-b5a3-f393-e0a9-e50e24dcca9e (Handle: 19): Nordic UART RX, uzunluk: 2
2026-01-23 05:45:31 - spektroskopi - INFO - Raspberry Pi verisi: Ham=3212, Voltaj=3212.000V
2026-01-23 05:45:31 - spektroskopi - INFO - Raspberry Pi verisi işlendi: SENSOR_2 = 3212.000V
2026-01-23 05:45:31 - spektroskopi - INFO - Raspberry Pi'dan veri alındı: 6e400005-b5a3-f393-e0a9-e50e24dcca9e (Handle: 16): Unknown, uzunluk: 2
2026-01-23 05:45:31 - spektroskopi - INFO - Raspberry Pi verisi: Ham=3222, Voltaj=3222.000V
2026-01-23 05:45:31 - spektroskopi - INFO - Raspberry Pi verisi işlendi: SENSOR_EXTRA = 3222.000V
2026-01-23 05:45:31 - spektroskopi - WARNING - Zaman sıralama düzeltildi (averaged): 2026-01-23 05:45:31.494176
2026-01-23 05:45:31 - spektroskopi - WARNING - Zaman sıralama düzeltildi (averaged): 2026-01-23 05:45:31.495176
2026-01-23 05:45:31 - spektroskopi - WARNING - Zaman sıralama düzeltildi (averaged): 2026-01-23 05:45:31.496176
2026-01-23 05:45:31 - spektroskopi - WARNING - Zaman sıralama düzeltildi (averaged): 2026-01-23 05:45:31.497176
2026-01-23 05:45:31 - spektroskopi - WARNING - RealTimePanel: UV_360nm raw data uzunluk uyumsuzluğu (timestamps: 868, data: 218)
2026-01-23 05:45:31 - spektroskopi - WARNING - RealTimePanel: UV_360nm calibrated data uzunluk uyumsuzluğu (timestamps: 868, data: 218)
2026-01-23 05:45:31 - spektroskopi - WARNING - RealTimePanel: Blue_450nm raw data uzunluk uyumsuzluğu (timestamps: 868, data: 218)
2026-01-23 05:45:31 - spektroskopi - WARNING - RealTimePanel: Blue_450nm calibrated data uzunluk uyumsuzluğu (timestamps: 868, data: 218)
2026-01-23 05:45:31 - spektroskopi - WARNING - RealTimePanel: IR_850nm raw data uzunluk uyumsuzluğu (timestamps: 868, data: 216)
2026-01-23 05:45:31 - spektroskopi - WARNING - RealTimePanel: IR_850nm calibrated data uzunluk uyumsuzluğu (timestamps: 868, data: 216)
2026-01-23 05:45:31 - spektroskopi - WARNING - RealTimePanel: IR_940nm raw data uzunluk uyumsuzluğu (timestamps: 868, data: 216)
2026-01-23 05:45:31 - spektroskopi - WARNING - RealTimePanel: IR_940nm calibrated data uzunluk uyumsuzluğu (timestamps: 868, data: 216)
2026-01-23 05:45:31 - spektroskopi - INFO - Raspberry Pi'dan veri alındı: 6e400004-b5a3-f393-e0a9-e50e24dcca9e (Handle: 11): Unknown, uzunluk: 2
2026-01-23 05:45:31 - spektroskopi - INFO - Raspberry Pi verisi: Ham=1909, Voltaj=1909.000V
2026-01-23 05:45:31 - spektroskopi - INFO - Raspberry Pi verisi işlendi: SENSOR_7 = 1909.000V
2026-01-23 05:45:32 - spektroskopi - INFO - Raspberry Pi'dan veri alındı: 6e400003-b5a3-f393-e0a9-e50e24dcca9e (Handle: 8): Nordic UART TX, uzunluk: 2
2026-01-23 05:45:32 - spektroskopi - INFO - Raspberry Pi verisi: Ham=1606, Voltaj=1606.000V
2026-01-23 05:45:32 - spektroskopi - INFO - Raspberry Pi verisi işlendi: SENSOR_5 = 1606.000V
2026-01-23 05:45:32 - spektroskopi - INFO - Raspberry Pi'dan veri alındı: 6e400002-b5a3-f393-e0a9-e50e24dcca9e (Handle: 19): Nordic UART RX, uzunluk: 2
2026-01-23 05:45:32 - spektroskopi - INFO - Raspberry Pi verisi: Ham=3223, Voltaj=3223.000V
2026-01-23 05:45:32 - spektroskopi - INFO - Raspberry Pi verisi işlendi: SENSOR_2 = 3223.000V
2026-01-23 05:45:32 - spektroskopi - INFO - Raspberry Pi'dan veri alındı: 6e400005-b5a3-f393-e0a9-e50e24dcca9e (Handle: 16): Unknown, uzunluk: 2
2026-01-23 05:45:32 - spektroskopi - INFO - Raspberry Pi verisi: Ham=3224, Voltaj=3224.000V
2026-01-23 05:45:32 - spektroskopi - INFO - Raspberry Pi verisi işlendi: SENSOR_EXTRA = 3224.000V
2026-01-23 05:45:32 - spektroskopi - INFO - Raspberry Pi'dan veri alındı: 6e400004-b5a3-f393-e0a9-e50e24dcca9e (Handle: 11): Unknown, uzunluk: 2
2026-01-23 05:45:32 - spektroskopi - INFO - Raspberry Pi verisi: Ham=1907, Voltaj=1907.000V
2026-01-23 05:45:32 - spektroskopi - INFO - Raspberry Pi verisi işlendi: SENSOR_7 = 1907.000V
2026-01-23 05:45:32 - spektroskopi - WARNING - Zaman sıralama düzeltildi (averaged): 2026-01-23 05:45:32.663506
2026-01-23 05:45:32 - spektroskopi - WARNING - Zaman sıralama düzeltildi (averaged): 2026-01-23 05:45:32.664506
2026-01-23 05:45:32 - spektroskopi - WARNING - Zaman sıralama düzeltildi (averaged): 2026-01-23 05:45:32.665506
2026-01-23 05:45:32 - spektroskopi - WARNING - Zaman sıralama düzeltildi (averaged): 2026-01-23 05:45:32.666506
2026-01-23 05:45:32 - spektroskopi - WARNING - Zaman sıralama düzeltildi (averaged): 2026-01-23 05:45:32.667506
2026-01-23 05:45:32 - spektroskopi - WARNING - RealTimePanel: UV_360nm raw data uzunluk uyumsuzluğu (timestamps: 878, data: 220)
2026-01-23 05:45:32 - spektroskopi - WARNING - RealTimePanel: UV_360nm calibrated data uzunluk uyumsuzluğu (timestamps: 878, data: 220)
2026-01-23 05:45:32 - spektroskopi - WARNING - RealTimePanel: Blue_450nm raw data uzunluk uyumsuzluğu (timestamps: 878, data: 220)
2026-01-23 05:45:32 - spektroskopi - WARNING - RealTimePanel: Blue_450nm calibrated data uzunluk uyumsuzluğu (timestamps: 878, data: 220)
2026-01-23 05:45:32 - spektroskopi - WARNING - RealTimePanel: IR_850nm raw data uzunluk uyumsuzluğu (timestamps: 878, data: 220)
2026-01-23 05:45:32 - spektroskopi - WARNING - RealTimePanel: IR_850nm calibrated data uzunluk uyumsuzluğu (timestamps: 878, data: 220)
2026-01-23 05:45:32 - spektroskopi - WARNING - RealTimePanel: IR_940nm raw data uzunluk uyumsuzluğu (timestamps: 878, data: 218)
2026-01-23 05:45:32 - spektroskopi - WARNING - RealTimePanel: IR_940nm calibrated data uzunluk uyumsuzluğu (timestamps: 878, data: 218)
2026-01-23 05:45:32 - spektroskopi - INFO - Raspberry Pi'dan veri alındı: 6e400003-b5a3-f393-e0a9-e50e24dcca9e (Handle: 8): Nordic UART TX, uzunluk: 2
2026-01-23 05:45:32 - spektroskopi - INFO - Raspberry Pi verisi: Ham=1604, Voltaj=1604.000V
2026-01-23 05:45:32 - spektroskopi - INFO - Raspberry Pi verisi işlendi: SENSOR_5 = 1604.000V
2026-01-23 05:45:32 - spektroskopi - INFO - Raspberry Pi'dan veri alındı: 6e400002-b5a3-f393-e0a9-e50e24dcca9e (Handle: 19): Nordic UART RX, uzunluk: 2
2026-01-23 05:45:32 - spektroskopi - INFO - Raspberry Pi verisi: Ham=3222, Voltaj=3222.000V
2026-01-23 05:45:32 - spektroskopi - INFO - Raspberry Pi verisi işlendi: SENSOR_2 = 3222.000V
2026-01-23 05:45:33 - spektroskopi - INFO - Raspberry Pi'dan veri alındı: 6e400005-b5a3-f393-e0a9-e50e24dcca9e (Handle: 16): Unknown, uzunluk: 2
2026-01-23 05:45:33 - spektroskopi - INFO - Raspberry Pi verisi: Ham=3223, Voltaj=3223.000V
2026-01-23 05:45:33 - spektroskopi - INFO - Raspberry Pi verisi işlendi: SENSOR_EXTRA = 3223.000V
2026-01-23 05:45:33 - spektroskopi - INFO - Raspberry Pi'dan veri alındı: 6e400004-b5a3-f393-e0a9-e50e24dcca9e (Handle: 11): Unknown, uzunluk: 2
2026-01-23 05:45:33 - spektroskopi - INFO - Raspberry Pi verisi: Ham=1907, Voltaj=1907.000V
2026-01-23 05:45:33 - spektroskopi - INFO - Raspberry Pi verisi işlendi: SENSOR_7 = 1907.000V
2026-01-23 05:45:33 - spektroskopi - WARNING - Zaman sıralama düzeltildi (averaged): 2026-01-23 05:45:33.504636
2026-01-23 05:45:33 - spektroskopi - WARNING - Zaman sıralama düzeltildi (averaged): 2026-01-23 05:45:33.505636
2026-01-23 05:45:33 - spektroskopi - WARNING - Zaman sıralama düzeltildi (averaged): 2026-01-23 05:45:33.506636
2026-01-23 05:45:33 - spektroskopi - WARNING - Zaman sıralama düzeltildi (averaged): 2026-01-23 05:45:33.507636
2026-01-23 05:45:33 - spektroskopi - WARNING - RealTimePanel: UV_360nm raw data uzunluk uyumsuzluğu (timestamps: 886, data: 222)
2026-01-23 05:45:33 - spektroskopi - WARNING - RealTimePanel: UV_360nm calibrated data uzunluk uyumsuzluğu (timestamps: 886, data: 222)
2026-01-23 05:45:33 - spektroskopi - WARNING - RealTimePanel: Blue_450nm raw data uzunluk uyumsuzluğu (timestamps: 886, data: 222)
2026-01-23 05:45:33 - spektroskopi - WARNING - RealTimePanel: Blue_450nm calibrated data uzunluk uyumsuzluğu (timestamps: 886, data: 222)
2026-01-23 05:45:33 - spektroskopi - WARNING - RealTimePanel: IR_850nm raw data uzunluk uyumsuzluğu (timestamps: 886, data: 222)
2026-01-23 05:45:33 - spektroskopi - WARNING - RealTimePanel: IR_850nm calibrated data uzunluk uyumsuzluğu (timestamps: 886, data: 222)
2026-01-23 05:45:33 - spektroskopi - WARNING - RealTimePanel: IR_940nm raw data uzunluk uyumsuzluğu (timestamps: 886, data: 220)
2026-01-23 05:45:33 - spektroskopi - WARNING - RealTimePanel: IR_940nm calibrated data uzunluk uyumsuzluğu (timestamps: 886, data: 220)
2026-01-23 05:45:33 - spektroskopi - INFO - Raspberry Pi'dan veri alındı: 6e400003-b5a3-f393-e0a9-e50e24dcca9e (Handle: 8): Nordic UART TX, uzunluk: 2
2026-01-23 05:45:33 - spektroskopi - INFO - Raspberry Pi verisi: Ham=1605, Voltaj=1605.000V
2026-01-23 05:45:33 - spektroskopi - INFO - Raspberry Pi verisi işlendi: SENSOR_5 = 1605.000V
2026-01-23 05:45:33 - spektroskopi - INFO - Raspberry Pi'dan veri alındı: 6e400002-b5a3-f393-e0a9-e50e24dcca9e (Handle: 19): Nordic UART RX, uzunluk: 2
2026-01-23 05:45:33 - spektroskopi - INFO - Raspberry Pi verisi: Ham=3222, Voltaj=3222.000V
2026-01-23 05:45:33 - spektroskopi - INFO - Raspberry Pi verisi işlendi: SENSOR_2 = 3222.000V
2026-01-23 05:45:34 - spektroskopi - INFO - Raspberry Pi'dan veri alındı: 6e400005-b5a3-f393-e0a9-e50e24dcca9e (Handle: 16): Unknown, uzunluk: 2
2026-01-23 05:45:34 - spektroskopi - INFO - Raspberry Pi verisi: Ham=3222, Voltaj=3222.000V
2026-01-23 05:45:34 - spektroskopi - INFO - Raspberry Pi verisi işlendi: SENSOR_EXTRA = 3222.000V
2026-01-23 05:45:34 - spektroskopi - INFO - Raspberry Pi'dan veri alındı: 6e400004-b5a3-f393-e0a9-e50e24dcca9e (Handle: 11): Unknown, uzunluk: 2
2026-01-23 05:45:34 - spektroskopi - INFO - Raspberry Pi verisi: Ham=1908, Voltaj=1908.000V
2026-01-23 05:45:34 - spektroskopi - INFO - Raspberry Pi verisi işlendi: SENSOR_7 = 1908.000V
2026-01-23 05:45:34 - spektroskopi - INFO - Raspberry Pi'dan veri alındı: 6e400003-b5a3-f393-e0a9-e50e24dcca9e (Handle: 8): Nordic UART TX, uzunluk: 2
2026-01-23 05:45:34 - spektroskopi - INFO - Raspberry Pi verisi: Ham=1607, Voltaj=1607.000V
2026-01-23 05:45:34 - spektroskopi - INFO - Raspberry Pi verisi işlendi: SENSOR_5 = 1607.000V
2026-01-23 05:45:34 - spektroskopi - WARNING - Zaman sıralama düzeltildi (averaged): 2026-01-23 05:45:34.644036
2026-01-23 05:45:34 - spektroskopi - WARNING - Zaman sıralama düzeltildi (averaged): 2026-01-23 05:45:34.645036
2026-01-23 05:45:34 - spektroskopi - WARNING - Zaman sıralama düzeltildi (averaged): 2026-01-23 05:45:34.646036
2026-01-23 05:45:34 - spektroskopi - WARNING - Zaman sıralama düzeltildi (averaged): 2026-01-23 05:45:34.647036
2026-01-23 05:45:34 - spektroskopi - WARNING - Zaman sıralama düzeltildi (averaged): 2026-01-23 05:45:34.648036
2026-01-23 05:45:34 - spektroskopi - WARNING - RealTimePanel: UV_360nm raw data uzunluk uyumsuzluğu (timestamps: 896, data: 224)
2026-01-23 05:45:34 - spektroskopi - WARNING - RealTimePanel: UV_360nm calibrated data uzunluk uyumsuzluğu (timestamps: 896, data: 224)
2026-01-23 05:45:34 - spektroskopi - WARNING - RealTimePanel: Blue_450nm raw data uzunluk uyumsuzluğu (timestamps: 896, data: 224)
2026-01-23 05:45:34 - spektroskopi - WARNING - RealTimePanel: Blue_450nm calibrated data uzunluk uyumsuzluğu (timestamps: 896, data: 224)
2026-01-23 05:45:34 - spektroskopi - WARNING - RealTimePanel: IR_850nm raw data uzunluk uyumsuzluğu (timestamps: 896, data: 224)
2026-01-23 05:45:34 - spektroskopi - WARNING - RealTimePanel: IR_850nm calibrated data uzunluk uyumsuzluğu (timestamps: 896, data: 224)
2026-01-23 05:45:34 - spektroskopi - WARNING - RealTimePanel: IR_940nm raw data uzunluk uyumsuzluğu (timestamps: 896, data: 224)
2026-01-23 05:45:34 - spektroskopi - WARNING - RealTimePanel: IR_940nm calibrated data uzunluk uyumsuzluğu (timestamps: 896, data: 224)
2026-01-23 05:45:34 - spektroskopi - INFO - Raspberry Pi'dan veri alındı: 6e400002-b5a3-f393-e0a9-e50e24dcca9e (Handle: 19): Nordic UART RX, uzunluk: 2
2026-01-23 05:45:34 - spektroskopi - INFO - Raspberry Pi verisi: Ham=3222, Voltaj=3222.000V
2026-01-23 05:45:34 - spektroskopi - INFO - Raspberry Pi verisi işlendi: SENSOR_2 = 3222.000V
2026-01-23 05:45:35 - spektroskopi - INFO - Raspberry Pi'dan veri alındı: 6e400005-b5a3-f393-e0a9-e50e24dcca9e (Handle: 16): Unknown, uzunluk: 2
2026-01-23 05:45:35 - spektroskopi - INFO - Raspberry Pi verisi: Ham=3224, Voltaj=3224.000V
2026-01-23 05:45:35 - spektroskopi - INFO - Raspberry Pi verisi işlendi: SENSOR_EXTRA = 3224.000V
2026-01-23 05:45:35 - spektroskopi - INFO - Raspberry Pi'dan veri alındı: 6e400004-b5a3-f393-e0a9-e50e24dcca9e (Handle: 11): Unknown, uzunluk: 2
2026-01-23 05:45:35 - spektroskopi - INFO - Raspberry Pi verisi: Ham=1907, Voltaj=1907.000V
2026-01-23 05:45:35 - spektroskopi - INFO - Raspberry Pi verisi işlendi: SENSOR_7 = 1907.000V
2026-01-23 05:45:35 - spektroskopi - INFO - Raspberry Pi'dan veri alındı: 6e400003-b5a3-f393-e0a9-e50e24dcca9e (Handle: 8): Nordic UART TX, uzunluk: 2
2026-01-23 05:45:35 - spektroskopi - INFO - Raspberry Pi verisi: Ham=1607, Voltaj=1607.000V
2026-01-23 05:45:35 - spektroskopi - INFO - Raspberry Pi verisi işlendi: SENSOR_5 = 1607.000V
2026-01-23 05:45:35 - spektroskopi - INFO - Raspberry Pi'dan veri alındı: 6e400002-b5a3-f393-e0a9-e50e24dcca9e (Handle: 19): Nordic UART RX, uzunluk: 2
2026-01-23 05:45:35 - spektroskopi - INFO - Raspberry Pi verisi: Ham=3223, Voltaj=3223.000V
2026-01-23 05:45:35 - spektroskopi - INFO - Raspberry Pi verisi işlendi: SENSOR_2 = 3223.000V
2026-01-23 05:45:35 - spektroskopi - WARNING - Zaman sıralama düzeltildi (averaged): 2026-01-23 05:45:35.634532
2026-01-23 05:45:35 - spektroskopi - WARNING - Zaman sıralama düzeltildi (averaged): 2026-01-23 05:45:35.635532
2026-01-23 05:45:35 - spektroskopi - WARNING - Zaman sıralama düzeltildi (averaged): 2026-01-23 05:45:35.636532
2026-01-23 05:45:35 - spektroskopi - WARNING - Zaman sıralama düzeltildi (averaged): 2026-01-23 05:45:35.637532
2026-01-23 05:45:35 - spektroskopi - WARNING - Zaman sıralama düzeltildi (averaged): 2026-01-23 05:45:35.638532
2026-01-23 05:45:35 - spektroskopi - WARNING - RealTimePanel: UV_360nm raw data uzunluk uyumsuzluğu (timestamps: 906, data: 228)
2026-01-23 05:45:35 - spektroskopi - WARNING - RealTimePanel: UV_360nm calibrated data uzunluk uyumsuzluğu (timestamps: 906, data: 228)
2026-01-23 05:45:35 - spektroskopi - WARNING - RealTimePanel: Blue_450nm raw data uzunluk uyumsuzluğu (timestamps: 906, data: 226)
2026-01-23 05:45:35 - spektroskopi - WARNING - RealTimePanel: Blue_450nm calibrated data uzunluk uyumsuzluğu (timestamps: 906, data: 226)
2026-01-23 05:45:35 - spektroskopi - WARNING - RealTimePanel: IR_850nm raw data uzunluk uyumsuzluğu (timestamps: 906, data: 226)
2026-01-23 05:45:35 - spektroskopi - WARNING - RealTimePanel: IR_850nm calibrated data uzunluk uyumsuzluğu (timestamps: 906, data: 226)
2026-01-23 05:45:35 - spektroskopi - WARNING - RealTimePanel: IR_940nm raw data uzunluk uyumsuzluğu (timestamps: 906, data: 226)
2026-01-23 05:45:35 - spektroskopi - WARNING - RealTimePanel: IR_940nm calibrated data uzunluk uyumsuzluğu (timestamps: 906, data: 226)
2026-01-23 05:45:35 - spektroskopi - INFO - Raspberry Pi'dan veri alındı: 6e400005-b5a3-f393-e0a9-e50e24dcca9e (Handle: 16): Unknown, uzunluk: 2
2026-01-23 05:45:35 - spektroskopi - INFO - Raspberry Pi verisi: Ham=3223, Voltaj=3223.000V
2026-01-23 05:45:35 - spektroskopi - INFO - Raspberry Pi verisi işlendi: SENSOR_EXTRA = 3223.000V
2026-01-23 05:45:36 - spektroskopi - INFO - Raspberry Pi'dan veri alındı: 6e400004-b5a3-f393-e0a9-e50e24dcca9e (Handle: 11): Unknown, uzunluk: 2
2026-01-23 05:45:36 - spektroskopi - INFO - Raspberry Pi verisi: Ham=1901, Voltaj=1901.000V
2026-01-23 05:45:36 - spektroskopi - INFO - Raspberry Pi verisi işlendi: SENSOR_7 = 1901.000V
2026-01-23 05:45:36 - spektroskopi - INFO - Raspberry Pi'dan veri alındı: 6e400003-b5a3-f393-e0a9-e50e24dcca9e (Handle: 8): Nordic UART TX, uzunluk: 2
2026-01-23 05:45:36 - spektroskopi - INFO - Raspberry Pi verisi: Ham=1608, Voltaj=1608.000V
2026-01-23 05:45:36 - spektroskopi - INFO - Raspberry Pi verisi işlendi: SENSOR_5 = 1608.000V
2026-01-23 05:45:36 - spektroskopi - INFO - Raspberry Pi'dan veri alındı: 6e400002-b5a3-f393-e0a9-e50e24dcca9e (Handle: 19): Nordic UART RX, uzunluk: 2
2026-01-23 05:45:36 - spektroskopi - INFO - Raspberry Pi verisi: Ham=3222, Voltaj=3222.000V
2026-01-23 05:45:36 - spektroskopi - INFO - Raspberry Pi verisi işlendi: SENSOR_2 = 3222.000V
2026-01-23 05:45:36 - spektroskopi - WARNING - Zaman sıralama düzeltildi (averaged): 2026-01-23 05:45:36.503362
2026-01-23 05:45:36 - spektroskopi - WARNING - Zaman sıralama düzeltildi (averaged): 2026-01-23 05:45:36.504362
2026-01-23 05:45:36 - spektroskopi - WARNING - Zaman sıralama düzeltildi (averaged): 2026-01-23 05:45:36.505362
2026-01-23 05:45:36 - spektroskopi - WARNING - Zaman sıralama düzeltildi (averaged): 2026-01-23 05:45:36.506362
2026-01-23 05:45:36 - spektroskopi - WARNING - RealTimePanel: UV_360nm raw data uzunluk uyumsuzluğu (timestamps: 914, data: 230)
2026-01-23 05:45:36 - spektroskopi - WARNING - RealTimePanel: UV_360nm calibrated data uzunluk uyumsuzluğu (timestamps: 914, data: 230)
2026-01-23 05:45:36 - spektroskopi - WARNING - RealTimePanel: Blue_450nm raw data uzunluk uyumsuzluğu (timestamps: 914, data: 228)
2026-01-23 05:45:36 - spektroskopi - WARNING - RealTimePanel: Blue_450nm calibrated data uzunluk uyumsuzluğu (timestamps: 914, data: 228)
2026-01-23 05:45:36 - spektroskopi - WARNING - RealTimePanel: IR_850nm raw data uzunluk uyumsuzluğu (timestamps: 914, data: 228)
2026-01-23 05:45:36 - spektroskopi - WARNING - RealTimePanel: IR_850nm calibrated data uzunluk uyumsuzluğu (timestamps: 914, data: 228)
2026-01-23 05:45:36 - spektroskopi - WARNING - RealTimePanel: IR_940nm raw data uzunluk uyumsuzluğu (timestamps: 914, data: 228)
2026-01-23 05:45:36 - spektroskopi - WARNING - RealTimePanel: IR_940nm calibrated data uzunluk uyumsuzluğu (timestamps: 914, data: 228)
2026-01-23 05:45:36 - spektroskopi - INFO - Raspberry Pi'dan veri alındı: 6e400005-b5a3-f393-e0a9-e50e24dcca9e (Handle: 16): Unknown, uzunluk: 2
2026-01-23 05:45:36 - spektroskopi - INFO - Raspberry Pi verisi: Ham=3222, Voltaj=3222.000V
2026-01-23 05:45:36 - spektroskopi - INFO - Raspberry Pi verisi işlendi: SENSOR_EXTRA = 3222.000V
2026-01-23 05:45:37 - spektroskopi - INFO - Raspberry Pi'dan veri alındı: 6e400004-b5a3-f393-e0a9-e50e24dcca9e (Handle: 11): Unknown, uzunluk: 2
2026-01-23 05:45:37 - spektroskopi - INFO - Raspberry Pi verisi: Ham=1909, Voltaj=1909.000V
2026-01-23 05:45:37 - spektroskopi - INFO - Raspberry Pi verisi işlendi: SENSOR_7 = 1909.000V
2026-01-23 05:45:37 - spektroskopi - INFO - Raspberry Pi'dan veri alındı: 6e400003-b5a3-f393-e0a9-e50e24dcca9e (Handle: 8): Nordic UART TX, uzunluk: 2
2026-01-23 05:45:37 - spektroskopi - INFO - Raspberry Pi verisi: Ham=1606, Voltaj=1606.000V
2026-01-23 05:45:37 - spektroskopi - INFO - Raspberry Pi verisi işlendi: SENSOR_5 = 1606.000V
2026-01-23 05:45:37 - spektroskopi - INFO - Raspberry Pi'dan veri alındı: 6e400002-b5a3-f393-e0a9-e50e24dcca9e (Handle: 19): Nordic UART RX, uzunluk: 2
2026-01-23 05:45:37 - spektroskopi - INFO - Raspberry Pi verisi: Ham=3222, Voltaj=3222.000V
2026-01-23 05:45:37 - spektroskopi - INFO - Raspberry Pi verisi işlendi: SENSOR_2 = 3222.000V
2026-01-23 05:45:37 - spektroskopi - INFO - Raspberry Pi'dan veri alındı: 6e400005-b5a3-f393-e0a9-e50e24dcca9e (Handle: 16): Unknown, uzunluk: 2
2026-01-23 05:45:37 - spektroskopi - INFO - Raspberry Pi verisi: Ham=3222, Voltaj=3222.000V
2026-01-23 05:45:37 - spektroskopi - INFO - Raspberry Pi verisi işlendi: SENSOR_EXTRA = 3222.000V
2026-01-23 05:45:37 - spektroskopi - WARNING - Zaman sıralama düzeltildi (averaged): 2026-01-23 05:45:37.644262
2026-01-23 05:45:37 - spektroskopi - WARNING - Zaman sıralama düzeltildi (averaged): 2026-01-23 05:45:37.645262
2026-01-23 05:45:37 - spektroskopi - WARNING - Zaman sıralama düzeltildi (averaged): 2026-01-23 05:45:37.646262
2026-01-23 05:45:37 - spektroskopi - WARNING - Zaman sıralama düzeltildi (averaged): 2026-01-23 05:45:37.647262
2026-01-23 05:45:37 - spektroskopi - WARNING - Zaman sıralama düzeltildi (averaged): 2026-01-23 05:45:37.648262
2026-01-23 05:45:37 - spektroskopi - WARNING - RealTimePanel: UV_360nm raw data uzunluk uyumsuzluğu (timestamps: 924, data: 232)
2026-01-23 05:45:37 - spektroskopi - WARNING - RealTimePanel: UV_360nm calibrated data uzunluk uyumsuzluğu (timestamps: 924, data: 232)
2026-01-23 05:45:37 - spektroskopi - WARNING - RealTimePanel: Blue_450nm raw data uzunluk uyumsuzluğu (timestamps: 924, data: 232)
2026-01-23 05:45:37 - spektroskopi - WARNING - RealTimePanel: Blue_450nm calibrated data uzunluk uyumsuzluğu (timestamps: 924, data: 232)
2026-01-23 05:45:37 - spektroskopi - WARNING - RealTimePanel: IR_850nm raw data uzunluk uyumsuzluğu (timestamps: 924, data: 230)
2026-01-23 05:45:37 - spektroskopi - WARNING - RealTimePanel: IR_850nm calibrated data uzunluk uyumsuzluğu (timestamps: 924, data: 230)
2026-01-23 05:45:37 - spektroskopi - WARNING - RealTimePanel: IR_940nm raw data uzunluk uyumsuzluğu (timestamps: 924, data: 230)
2026-01-23 05:45:37 - spektroskopi - WARNING - RealTimePanel: IR_940nm calibrated data uzunluk uyumsuzluğu (timestamps: 924, data: 230)
2026-01-23 05:45:37 - spektroskopi - INFO - Raspberry Pi'dan veri alındı: 6e400004-b5a3-f393-e0a9-e50e24dcca9e (Handle: 11): Unknown, uzunluk: 2
2026-01-23 05:45:37 - spektroskopi - INFO - Raspberry Pi verisi: Ham=1904, Voltaj=1904.000V
2026-01-23 05:45:37 - spektroskopi - INFO - Raspberry Pi verisi işlendi: SENSOR_7 = 1904.000V
2026-01-23 05:45:38 - spektroskopi - INFO - Raspberry Pi'dan veri alındı: 6e400003-b5a3-f393-e0a9-e50e24dcca9e (Handle: 8): Nordic UART TX, uzunluk: 2
2026-01-23 05:45:38 - spektroskopi - INFO - Raspberry Pi verisi: Ham=1609, Voltaj=1609.000V
2026-01-23 05:45:38 - spektroskopi - INFO - Raspberry Pi verisi işlendi: SENSOR_5 = 1609.000V
2026-01-23 05:45:38 - spektroskopi - INFO - Raspberry Pi'dan veri alındı: 6e400002-b5a3-f393-e0a9-e50e24dcca9e (Handle: 19): Nordic UART RX, uzunluk: 2
2026-01-23 05:45:38 - spektroskopi - INFO - Raspberry Pi verisi: Ham=3222, Voltaj=3222.000V
2026-01-23 05:45:38 - spektroskopi - INFO - Raspberry Pi verisi işlendi: SENSOR_2 = 3222.000V
2026-01-23 05:45:38 - spektroskopi - INFO - Raspberry Pi'dan veri alındı: 6e400005-b5a3-f393-e0a9-e50e24dcca9e (Handle: 16): Unknown, uzunluk: 2
2026-01-23 05:45:38 - spektroskopi - INFO - Raspberry Pi verisi: Ham=3223, Voltaj=3223.000V
2026-01-23 05:45:38 - spektroskopi - INFO - Raspberry Pi verisi işlendi: SENSOR_EXTRA = 3223.000V
2026-01-23 05:45:38 - spektroskopi - WARNING - Zaman sıralama düzeltildi (averaged): 2026-01-23 05:45:38.513368
2026-01-23 05:45:38 - spektroskopi - WARNING - Zaman sıralama düzeltildi (averaged): 2026-01-23 05:45:38.514368
2026-01-23 05:45:38 - spektroskopi - WARNING - Zaman sıralama düzeltildi (averaged): 2026-01-23 05:45:38.515368
2026-01-23 05:45:38 - spektroskopi - WARNING - Zaman sıralama düzeltildi (averaged): 2026-01-23 05:45:38.516368
2026-01-23 05:45:38 - spektroskopi - WARNING - RealTimePanel: UV_360nm raw data uzunluk uyumsuzluğu (timestamps: 932, data: 234)
2026-01-23 05:45:38 - spektroskopi - WARNING - RealTimePanel: UV_360nm calibrated data uzunluk uyumsuzluğu (timestamps: 932, data: 234)
2026-01-23 05:45:38 - spektroskopi - WARNING - RealTimePanel: Blue_450nm raw data uzunluk uyumsuzluğu (timestamps: 932, data: 234)
2026-01-23 05:45:38 - spektroskopi - WARNING - RealTimePanel: Blue_450nm calibrated data uzunluk uyumsuzluğu (timestamps: 932, data: 234)
2026-01-23 05:45:38 - spektroskopi - WARNING - RealTimePanel: IR_850nm raw data uzunluk uyumsuzluğu (timestamps: 932, data: 232)
2026-01-23 05:45:38 - spektroskopi - WARNING - RealTimePanel: IR_850nm calibrated data uzunluk uyumsuzluğu (timestamps: 932, data: 232)
2026-01-23 05:45:38 - spektroskopi - WARNING - RealTimePanel: IR_940nm raw data uzunluk uyumsuzluğu (timestamps: 932, data: 232)
2026-01-23 05:45:38 - spektroskopi - WARNING - RealTimePanel: IR_940nm calibrated data uzunluk uyumsuzluğu (timestamps: 932, data: 232)
2026-01-23 05:45:38 - spektroskopi - INFO - Raspberry Pi'dan veri alındı: 6e400004-b5a3-f393-e0a9-e50e24dcca9e (Handle: 11): Unknown, uzunluk: 2
2026-01-23 05:45:38 - spektroskopi - INFO - Raspberry Pi verisi: Ham=1909, Voltaj=1909.000V
2026-01-23 05:45:38 - spektroskopi - INFO - Raspberry Pi verisi işlendi: SENSOR_7 = 1909.000V
2026-01-23 05:45:39 - spektroskopi - INFO - Raspberry Pi'dan veri alındı: 6e400003-b5a3-f393-e0a9-e50e24dcca9e (Handle: 8): Nordic UART TX, uzunluk: 2
2026-01-23 05:45:39 - spektroskopi - INFO - Raspberry Pi verisi: Ham=1605, Voltaj=1605.000V
2026-01-23 05:45:39 - spektroskopi - INFO - Raspberry Pi verisi işlendi: SENSOR_5 = 1605.000V
2026-01-23 05:45:39 - spektroskopi - INFO - Raspberry Pi'dan veri alındı: 6e400002-b5a3-f393-e0a9-e50e24dcca9e (Handle: 19): Nordic UART RX, uzunluk: 2
2026-01-23 05:45:39 - spektroskopi - INFO - Raspberry Pi verisi: Ham=3223, Voltaj=3223.000V
2026-01-23 05:45:39 - spektroskopi - INFO - Raspberry Pi verisi işlendi: SENSOR_2 = 3223.000V
2026-01-23 05:45:39 - spektroskopi - INFO - Raspberry Pi'dan veri alındı: 6e400005-b5a3-f393-e0a9-e50e24dcca9e (Handle: 16): Unknown, uzunluk: 2
2026-01-23 05:45:39 - spektroskopi - INFO - Raspberry Pi verisi: Ham=3223, Voltaj=3223.000V
2026-01-23 05:45:39 - spektroskopi - INFO - Raspberry Pi verisi işlendi: SENSOR_EXTRA = 3223.000V
2026-01-23 05:45:39 - spektroskopi - INFO - Raspberry Pi'dan veri alındı: 6e400004-b5a3-f393-e0a9-e50e24dcca9e (Handle: 11): Unknown, uzunluk: 2
2026-01-23 05:45:39 - spektroskopi - INFO - Raspberry Pi verisi: Ham=1905, Voltaj=1905.000V
2026-01-23 05:45:39 - spektroskopi - INFO - Raspberry Pi verisi işlendi: SENSOR_7 = 1905.000V
2026-01-23 05:45:39 - spektroskopi - WARNING - Zaman sıralama düzeltildi (averaged): 2026-01-23 05:45:39.653530
2026-01-23 05:45:39 - spektroskopi - WARNING - Zaman sıralama düzeltildi (averaged): 2026-01-23 05:45:39.654530
2026-01-23 05:45:39 - spektroskopi - WARNING - Zaman sıralama düzeltildi (averaged): 2026-01-23 05:45:39.655530
2026-01-23 05:45:39 - spektroskopi - WARNING - Zaman sıralama düzeltildi (averaged): 2026-01-23 05:45:39.656530
2026-01-23 05:45:39 - spektroskopi - WARNING - Zaman sıralama düzeltildi (averaged): 2026-01-23 05:45:39.657530
2026-01-23 05:45:39 - spektroskopi - WARNING - RealTimePanel: UV_360nm raw data uzunluk uyumsuzluğu (timestamps: 942, data: 236)
2026-01-23 05:45:39 - spektroskopi - WARNING - RealTimePanel: UV_360nm calibrated data uzunluk uyumsuzluğu (timestamps: 942, data: 236)
2026-01-23 05:45:39 - spektroskopi - WARNING - RealTimePanel: Blue_450nm raw data uzunluk uyumsuzluğu (timestamps: 942, data: 236)
2026-01-23 05:45:39 - spektroskopi - WARNING - RealTimePanel: Blue_450nm calibrated data uzunluk uyumsuzluğu (timestamps: 942, data: 236)
2026-01-23 05:45:39 - spektroskopi - WARNING - RealTimePanel: IR_850nm raw data uzunluk uyumsuzluğu (timestamps: 942, data: 236)
2026-01-23 05:45:39 - spektroskopi - WARNING - RealTimePanel: IR_850nm calibrated data uzunluk uyumsuzluğu (timestamps: 942, data: 236)
2026-01-23 05:45:39 - spektroskopi - WARNING - RealTimePanel: IR_940nm raw data uzunluk uyumsuzluğu (timestamps: 942, data: 234)
2026-01-23 05:45:39 - spektroskopi - WARNING - RealTimePanel: IR_940nm calibrated data uzunluk uyumsuzluğu (timestamps: 942, data: 234)
2026-01-23 05:45:39 - spektroskopi - INFO - Raspberry Pi'dan veri alındı: 6e400003-b5a3-f393-e0a9-e50e24dcca9e (Handle: 8): Nordic UART TX, uzunluk: 2
2026-01-23 05:45:39 - spektroskopi - INFO - Raspberry Pi verisi: Ham=1603, Voltaj=1603.000V
2026-01-23 05:45:39 - spektroskopi - INFO - Raspberry Pi verisi işlendi: SENSOR_5 = 1603.000V
2026-01-23 05:45:40 - spektroskopi - INFO - Raspberry Pi'dan veri alındı: 6e400002-b5a3-f393-e0a9-e50e24dcca9e (Handle: 19): Nordic UART RX, uzunluk: 2
2026-01-23 05:45:40 - spektroskopi - INFO - Raspberry Pi verisi: Ham=3223, Voltaj=3223.000V
2026-01-23 05:45:40 - spektroskopi - INFO - Raspberry Pi verisi işlendi: SENSOR_2 = 3223.000V
2026-01-23 05:45:40 - spektroskopi - INFO - Raspberry Pi'dan veri alındı: 6e400005-b5a3-f393-e0a9-e50e24dcca9e (Handle: 16): Unknown, uzunluk: 2
2026-01-23 05:45:40 - spektroskopi - INFO - Raspberry Pi verisi: Ham=3222, Voltaj=3222.000V
2026-01-23 05:45:40 - spektroskopi - INFO - Raspberry Pi verisi işlendi: SENSOR_EXTRA = 3222.000V
2026-01-23 05:45:40 - spektroskopi - INFO - Raspberry Pi'dan veri alındı: 6e400004-b5a3-f393-e0a9-e50e24dcca9e (Handle: 11): Unknown, uzunluk: 2
2026-01-23 05:45:40 - spektroskopi - INFO - Raspberry Pi verisi: Ham=820, Voltaj=820.000V
2026-01-23 05:45:40 - spektroskopi - INFO - Raspberry Pi verisi işlendi: SENSOR_7 = 820.000V
2026-01-23 05:45:40 - spektroskopi - WARNING - Zaman sıralama düzeltildi (averaged): 2026-01-23 05:45:40.553416
2026-01-23 05:45:40 - spektroskopi - WARNING - Zaman sıralama düzeltildi (averaged): 2026-01-23 05:45:40.554416
2026-01-23 05:45:40 - spektroskopi - WARNING - Zaman sıralama düzeltildi (averaged): 2026-01-23 05:45:40.555416
2026-01-23 05:45:40 - spektroskopi - WARNING - Zaman sıralama düzeltildi (averaged): 2026-01-23 05:45:40.556416
2026-01-23 05:45:40 - spektroskopi - WARNING - RealTimePanel: UV_360nm raw data uzunluk uyumsuzluğu (timestamps: 950, data: 238)
2026-01-23 05:45:40 - spektroskopi - WARNING - RealTimePanel: UV_360nm calibrated data uzunluk uyumsuzluğu (timestamps: 950, data: 238)
2026-01-23 05:45:40 - spektroskopi - WARNING - RealTimePanel: Blue_450nm raw data uzunluk uyumsuzluğu (timestamps: 950, data: 238)
2026-01-23 05:45:40 - spektroskopi - WARNING - RealTimePanel: Blue_450nm calibrated data uzunluk uyumsuzluğu (timestamps: 950, data: 238)
2026-01-23 05:45:40 - spektroskopi - WARNING - RealTimePanel: IR_850nm raw data uzunluk uyumsuzluğu (timestamps: 950, data: 238)
2026-01-23 05:45:40 - spektroskopi - WARNING - RealTimePanel: IR_850nm calibrated data uzunluk uyumsuzluğu (timestamps: 950, data: 238)
2026-01-23 05:45:40 - spektroskopi - WARNING - RealTimePanel: IR_940nm raw data uzunluk uyumsuzluğu (timestamps: 950, data: 236)
2026-01-23 05:45:40 - spektroskopi - WARNING - RealTimePanel: IR_940nm calibrated data uzunluk uyumsuzluğu (timestamps: 950, data: 236)
2026-01-23 05:45:40 - spektroskopi - INFO - Raspberry Pi'dan veri alındı: 6e400003-b5a3-f393-e0a9-e50e24dcca9e (Handle: 8): Nordic UART TX, uzunluk: 2
2026-01-23 05:45:40 - spektroskopi - INFO - Raspberry Pi verisi: Ham=238, Voltaj=238.000V
2026-01-23 05:45:40 - spektroskopi - INFO - Raspberry Pi verisi işlendi: SENSOR_5 = 238.000V
2026-01-23 05:45:40 - spektroskopi - INFO - Raspberry Pi'dan veri alındı: 6e400002-b5a3-f393-e0a9-e50e24dcca9e (Handle: 19): Nordic UART RX, uzunluk: 2
2026-01-23 05:45:40 - spektroskopi - INFO - Raspberry Pi verisi: Ham=910, Voltaj=910.000V
2026-01-23 05:45:40 - spektroskopi - INFO - Raspberry Pi verisi işlendi: SENSOR_2 = 910.000V
2026-01-23 05:45:41 - spektroskopi - INFO - Raspberry Pi'dan veri alındı: 6e400005-b5a3-f393-e0a9-e50e24dcca9e (Handle: 16): Unknown, uzunluk: 2
2026-01-23 05:45:41 - spektroskopi - INFO - Raspberry Pi verisi: Ham=3223, Voltaj=3223.000V
2026-01-23 05:45:41 - spektroskopi - INFO - Raspberry Pi verisi işlendi: SENSOR_EXTRA = 3223.000V
2026-01-23 05:45:41 - spektroskopi - INFO - Raspberry Pi'dan veri alındı: 6e400004-b5a3-f393-e0a9-e50e24dcca9e (Handle: 11): Unknown, uzunluk: 2
2026-01-23 05:45:41 - spektroskopi - INFO - Raspberry Pi verisi: Ham=1906, Voltaj=1906.000V
2026-01-23 05:45:41 - spektroskopi - INFO - Raspberry Pi verisi işlendi: SENSOR_7 = 1906.000V
2026-01-23 05:45:41 - spektroskopi - INFO - Raspberry Pi'dan veri alındı: 6e400003-b5a3-f393-e0a9-e50e24dcca9e (Handle: 8): Nordic UART TX, uzunluk: 2
2026-01-23 05:45:41 - spektroskopi - INFO - Raspberry Pi verisi: Ham=1605, Voltaj=1605.000V
2026-01-23 05:45:41 - spektroskopi - INFO - Raspberry Pi verisi işlendi: SENSOR_5 = 1605.000V
2026-01-23 05:45:41 - spektroskopi - WARNING - Zaman sıralama düzeltildi (averaged): 2026-01-23 05:45:41.693160
2026-01-23 05:45:41 - spektroskopi - WARNING - Zaman sıralama düzeltildi (averaged): 2026-01-23 05:45:41.694160
2026-01-23 05:45:41 - spektroskopi - WARNING - Zaman sıralama düzeltildi (averaged): 2026-01-23 05:45:41.695160
2026-01-23 05:45:41 - spektroskopi - WARNING - Zaman sıralama düzeltildi (averaged): 2026-01-23 05:45:41.696160
2026-01-23 05:45:41 - spektroskopi - WARNING - Zaman sıralama düzeltildi (averaged): 2026-01-23 05:45:41.697160
2026-01-23 05:45:41 - spektroskopi - WARNING - RealTimePanel: UV_360nm raw data uzunluk uyumsuzluğu (timestamps: 960, data: 240)
2026-01-23 05:45:41 - spektroskopi - WARNING - RealTimePanel: UV_360nm calibrated data uzunluk uyumsuzluğu (timestamps: 960, data: 240)
2026-01-23 05:45:41 - spektroskopi - WARNING - RealTimePanel: Blue_450nm raw data uzunluk uyumsuzluğu (timestamps: 960, data: 240)
2026-01-23 05:45:41 - spektroskopi - WARNING - RealTimePanel: Blue_450nm calibrated data uzunluk uyumsuzluğu (timestamps: 960, data: 240)
2026-01-23 05:45:41 - spektroskopi - WARNING - RealTimePanel: IR_850nm raw data uzunluk uyumsuzluğu (timestamps: 960, data: 240)
2026-01-23 05:45:41 - spektroskopi - WARNING - RealTimePanel: IR_850nm calibrated data uzunluk uyumsuzluğu (timestamps: 960, data: 240)
2026-01-23 05:45:41 - spektroskopi - WARNING - RealTimePanel: IR_940nm raw data uzunluk uyumsuzluğu (timestamps: 960, data: 240)
2026-01-23 05:45:41 - spektroskopi - WARNING - RealTimePanel: IR_940nm calibrated data uzunluk uyumsuzluğu (timestamps: 960, data: 240)
2026-01-23 05:45:41 - spektroskopi - INFO - Raspberry Pi'dan veri alındı: 6e400002-b5a3-f393-e0a9-e50e24dcca9e (Handle: 19): Nordic UART RX, uzunluk: 2
2026-01-23 05:45:41 - spektroskopi - INFO - Raspberry Pi verisi: Ham=3222, Voltaj=3222.000V
2026-01-23 05:45:41 - spektroskopi - INFO - Raspberry Pi verisi işlendi: SENSOR_2 = 3222.000V
2026-01-23 05:45:42 - spektroskopi - INFO - Raspberry Pi'dan veri alındı: 6e400005-b5a3-f393-e0a9-e50e24dcca9e (Handle: 16): Unknown, uzunluk: 2
2026-01-23 05:45:42 - spektroskopi - INFO - Raspberry Pi verisi: Ham=3222, Voltaj=3222.000V
2026-01-23 05:45:42 - spektroskopi - INFO - Raspberry Pi verisi işlendi: SENSOR_EXTRA = 3222.000V
2026-01-23 05:45:42 - spektroskopi - INFO - Raspberry Pi'dan veri alındı: 6e400004-b5a3-f393-e0a9-e50e24dcca9e (Handle: 11): Unknown, uzunluk: 2
2026-01-23 05:45:42 - spektroskopi - INFO - Raspberry Pi verisi: Ham=1912, Voltaj=1912.000V
2026-01-23 05:45:42 - spektroskopi - INFO - Raspberry Pi verisi işlendi: SENSOR_7 = 1912.000V
2026-01-23 05:45:42 - spektroskopi - INFO - Raspberry Pi'dan veri alındı: 6e400003-b5a3-f393-e0a9-e50e24dcca9e (Handle: 8): Nordic UART TX, uzunluk: 2
2026-01-23 05:45:42 - spektroskopi - INFO - Raspberry Pi verisi: Ham=1608, Voltaj=1608.000V
2026-01-23 05:45:42 - spektroskopi - INFO - Raspberry Pi verisi işlendi: SENSOR_5 = 1608.000V
2026-01-23 05:45:42 - spektroskopi - INFO - Raspberry Pi'dan veri alındı: 6e400002-b5a3-f393-e0a9-e50e24dcca9e (Handle: 19): Nordic UART RX, uzunluk: 2
2026-01-23 05:45:42 - spektroskopi - INFO - Raspberry Pi verisi: Ham=3222, Voltaj=3222.000V
2026-01-23 05:45:42 - spektroskopi - INFO - Raspberry Pi verisi işlendi: SENSOR_2 = 3222.000V
2026-01-23 05:45:42 - spektroskopi - WARNING - Zaman sıralama düzeltildi (averaged): 2026-01-23 05:45:42.683307
2026-01-23 05:45:42 - spektroskopi - WARNING - Zaman sıralama düzeltildi (averaged): 2026-01-23 05:45:42.684307
2026-01-23 05:45:42 - spektroskopi - WARNING - Zaman sıralama düzeltildi (averaged): 2026-01-23 05:45:42.685307
2026-01-23 05:45:42 - spektroskopi - WARNING - Zaman sıralama düzeltildi (averaged): 2026-01-23 05:45:42.686307
2026-01-23 05:45:42 - spektroskopi - WARNING - Zaman sıralama düzeltildi (averaged): 2026-01-23 05:45:42.687307
2026-01-23 05:45:42 - spektroskopi - WARNING - RealTimePanel: UV_360nm raw data uzunluk uyumsuzluğu (timestamps: 970, data: 244)
2026-01-23 05:45:42 - spektroskopi - WARNING - RealTimePanel: UV_360nm calibrated data uzunluk uyumsuzluğu (timestamps: 970, data: 244)
2026-01-23 05:45:42 - spektroskopi - WARNING - RealTimePanel: Blue_450nm raw data uzunluk uyumsuzluğu (timestamps: 970, data: 242)
2026-01-23 05:45:42 - spektroskopi - WARNING - RealTimePanel: Blue_450nm calibrated data uzunluk uyumsuzluğu (timestamps: 970, data: 242)
2026-01-23 05:45:42 - spektroskopi - WARNING - RealTimePanel: IR_850nm raw data uzunluk uyumsuzluğu (timestamps: 970, data: 242)
2026-01-23 05:45:42 - spektroskopi - WARNING - RealTimePanel: IR_850nm calibrated data uzunluk uyumsuzluğu (timestamps: 970, data: 242)
2026-01-23 05:45:42 - spektroskopi - WARNING - RealTimePanel: IR_940nm raw data uzunluk uyumsuzluğu (timestamps: 970, data: 242)
2026-01-23 05:45:42 - spektroskopi - WARNING - RealTimePanel: IR_940nm calibrated data uzunluk uyumsuzluğu (timestamps: 970, data: 242)
2026-01-23 05:45:42 - spektroskopi - INFO - Raspberry Pi'dan veri alındı: 6e400005-b5a3-f393-e0a9-e50e24dcca9e (Handle: 16): Unknown, uzunluk: 2
2026-01-23 05:45:42 - spektroskopi - INFO - Raspberry Pi verisi: Ham=3222, Voltaj=3222.000V
2026-01-23 05:45:42 - spektroskopi - INFO - Raspberry Pi verisi işlendi: SENSOR_EXTRA = 3222.000V
2026-01-23 05:45:43 - spektroskopi - INFO - Raspberry Pi'dan veri alındı: 6e400004-b5a3-f393-e0a9-e50e24dcca9e (Handle: 11): Unknown, uzunluk: 2
2026-01-23 05:45:43 - spektroskopi - INFO - Raspberry Pi verisi: Ham=1913, Voltaj=1913.000V
2026-01-23 05:45:43 - spektroskopi - INFO - Raspberry Pi verisi işlendi: SENSOR_7 = 1913.000V
2026-01-23 05:45:43 - spektroskopi - INFO - Raspberry Pi'dan veri alındı: 6e400003-b5a3-f393-e0a9-e50e24dcca9e (Handle: 8): Nordic UART TX, uzunluk: 2
2026-01-23 05:45:43 - spektroskopi - INFO - Raspberry Pi verisi: Ham=1605, Voltaj=1605.000V
2026-01-23 05:45:43 - spektroskopi - INFO - Raspberry Pi verisi işlendi: SENSOR_5 = 1605.000V
2026-01-23 05:45:43 - spektroskopi - INFO - Raspberry Pi'dan veri alındı: 6e400002-b5a3-f393-e0a9-e50e24dcca9e (Handle: 19): Nordic UART RX, uzunluk: 2
2026-01-23 05:45:43 - spektroskopi - INFO - Raspberry Pi verisi: Ham=3222, Voltaj=3222.000V
2026-01-23 05:45:43 - spektroskopi - INFO - Raspberry Pi verisi işlendi: SENSOR_2 = 3222.000V
2026-01-23 05:45:43 - spektroskopi - WARNING - Zaman sıralama düzeltildi (averaged): 2026-01-23 05:45:43.554308
2026-01-23 05:45:43 - spektroskopi - WARNING - Zaman sıralama düzeltildi (averaged): 2026-01-23 05:45:43.555308
2026-01-23 05:45:43 - spektroskopi - WARNING - Zaman sıralama düzeltildi (averaged): 2026-01-23 05:45:43.556308
2026-01-23 05:45:43 - spektroskopi - WARNING - Zaman sıralama düzeltildi (averaged): 2026-01-23 05:45:43.557308
2026-01-23 05:45:43 - spektroskopi - WARNING - RealTimePanel: UV_360nm raw data uzunluk uyumsuzluğu (timestamps: 978, data: 246)
2026-01-23 05:45:43 - spektroskopi - WARNING - RealTimePanel: UV_360nm calibrated data uzunluk uyumsuzluğu (timestamps: 978, data: 246)
2026-01-23 05:45:43 - spektroskopi - WARNING - RealTimePanel: Blue_450nm raw data uzunluk uyumsuzluğu (timestamps: 978, data: 244)
2026-01-23 05:45:43 - spektroskopi - WARNING - RealTimePanel: Blue_450nm calibrated data uzunluk uyumsuzluğu (timestamps: 978, data: 244)
2026-01-23 05:45:43 - spektroskopi - WARNING - RealTimePanel: IR_850nm raw data uzunluk uyumsuzluğu (timestamps: 978, data: 244)
2026-01-23 05:45:43 - spektroskopi - WARNING - RealTimePanel: IR_850nm calibrated data uzunluk uyumsuzluğu (timestamps: 978, data: 244)
2026-01-23 05:45:43 - spektroskopi - WARNING - RealTimePanel: IR_940nm raw data uzunluk uyumsuzluğu (timestamps: 978, data: 244)
2026-01-23 05:45:43 - spektroskopi - WARNING - RealTimePanel: IR_940nm calibrated data uzunluk uyumsuzluğu (timestamps: 978, data: 244)
2026-01-23 05:45:43 - spektroskopi - INFO - Raspberry Pi'dan veri alındı: 6e400005-b5a3-f393-e0a9-e50e24dcca9e (Handle: 16): Unknown, uzunluk: 2
2026-01-23 05:45:43 - spektroskopi - INFO - Raspberry Pi verisi: Ham=3222, Voltaj=3222.000V
2026-01-23 05:45:43 - spektroskopi - INFO - Raspberry Pi verisi işlendi: SENSOR_EXTRA = 3222.000V
2026-01-23 05:45:44 - spektroskopi - INFO - Raspberry Pi'dan veri alındı: 6e400004-b5a3-f393-e0a9-e50e24dcca9e (Handle: 11): Unknown, uzunluk: 2
2026-01-23 05:45:44 - spektroskopi - INFO - Raspberry Pi verisi: Ham=1913, Voltaj=1913.000V
2026-01-23 05:45:44 - spektroskopi - INFO - Raspberry Pi verisi işlendi: SENSOR_7 = 1913.000V
2026-01-23 05:45:44 - spektroskopi - INFO - Raspberry Pi'dan veri alındı: 6e400003-b5a3-f393-e0a9-e50e24dcca9e (Handle: 8): Nordic UART TX, uzunluk: 2
2026-01-23 05:45:44 - spektroskopi - INFO - Raspberry Pi verisi: Ham=1609, Voltaj=1609.000V
2026-01-23 05:45:44 - spektroskopi - INFO - Raspberry Pi verisi işlendi: SENSOR_5 = 1609.000V
2026-01-23 05:45:44 - spektroskopi - INFO - Raspberry Pi'dan veri alındı: 6e400002-b5a3-f393-e0a9-e50e24dcca9e (Handle: 19): Nordic UART RX, uzunluk: 2
2026-01-23 05:45:44 - spektroskopi - INFO - Raspberry Pi verisi: Ham=3222, Voltaj=3222.000V
2026-01-23 05:45:44 - spektroskopi - INFO - Raspberry Pi verisi işlendi: SENSOR_2 = 3222.000V
2026-01-23 05:45:44 - spektroskopi - INFO - Raspberry Pi'dan veri alındı: 6e400005-b5a3-f393-e0a9-e50e24dcca9e (Handle: 16): Unknown, uzunluk: 2
2026-01-23 05:45:44 - spektroskopi - INFO - Raspberry Pi verisi: Ham=1179, Voltaj=1179.000V
2026-01-23 05:45:44 - spektroskopi - INFO - Raspberry Pi verisi işlendi: SENSOR_EXTRA = 1179.000V
2026-01-23 05:45:44 - spektroskopi - WARNING - Zaman sıralama düzeltildi (averaged): 2026-01-23 05:45:44.693051
2026-01-23 05:45:44 - spektroskopi - WARNING - Zaman sıralama düzeltildi (averaged): 2026-01-23 05:45:44.694051
2026-01-23 05:45:44 - spektroskopi - WARNING - Zaman sıralama düzeltildi (averaged): 2026-01-23 05:45:44.695051
2026-01-23 05:45:44 - spektroskopi - WARNING - Zaman sıralama düzeltildi (averaged): 2026-01-23 05:45:44.696051
2026-01-23 05:45:44 - spektroskopi - WARNING - Zaman sıralama düzeltildi (averaged): 2026-01-23 05:45:44.697051
2026-01-23 05:45:44 - spektroskopi - WARNING - RealTimePanel: UV_360nm raw data uzunluk uyumsuzluğu (timestamps: 988, data: 248)
2026-01-23 05:45:44 - spektroskopi - WARNING - RealTimePanel: UV_360nm calibrated data uzunluk uyumsuzluğu (timestamps: 988, data: 248)
2026-01-23 05:45:44 - spektroskopi - WARNING - RealTimePanel: Blue_450nm raw data uzunluk uyumsuzluğu (timestamps: 988, data: 248)
2026-01-23 05:45:44 - spektroskopi - WARNING - RealTimePanel: Blue_450nm calibrated data uzunluk uyumsuzluğu (timestamps: 988, data: 248)
2026-01-23 05:45:44 - spektroskopi - WARNING - RealTimePanel: IR_850nm raw data uzunluk uyumsuzluğu (timestamps: 988, data: 246)
2026-01-23 05:45:44 - spektroskopi - WARNING - RealTimePanel: IR_850nm calibrated data uzunluk uyumsuzluğu (timestamps: 988, data: 246)
2026-01-23 05:45:44 - spektroskopi - WARNING - RealTimePanel: IR_940nm raw data uzunluk uyumsuzluğu (timestamps: 988, data: 246)
2026-01-23 05:45:44 - spektroskopi - WARNING - RealTimePanel: IR_940nm calibrated data uzunluk uyumsuzluğu (timestamps: 988, data: 246)
2026-01-23 05:45:44 - spektroskopi - INFO - Raspberry Pi'dan veri alındı: 6e400004-b5a3-f393-e0a9-e50e24dcca9e (Handle: 11): Unknown, uzunluk: 2
2026-01-23 05:45:44 - spektroskopi - INFO - Raspberry Pi verisi: Ham=2450, Voltaj=2450.000V
2026-01-23 05:45:44 - spektroskopi - INFO - Raspberry Pi verisi işlendi: SENSOR_7 = 2450.000V
2026-01-23 05:45:45 - spektroskopi - INFO - Raspberry Pi'dan veri alındı: 6e400003-b5a3-f393-e0a9-e50e24dcca9e (Handle: 8): Nordic UART TX, uzunluk: 2
2026-01-23 05:45:45 - spektroskopi - INFO - Raspberry Pi verisi: Ham=2536, Voltaj=2536.000V
2026-01-23 05:45:45 - spektroskopi - INFO - Raspberry Pi verisi işlendi: SENSOR_5 = 2536.000V
2026-01-23 05:45:45 - spektroskopi - INFO - Raspberry Pi'dan veri alındı: 6e400002-b5a3-f393-e0a9-e50e24dcca9e (Handle: 19): Nordic UART RX, uzunluk: 2
2026-01-23 05:45:45 - spektroskopi - INFO - Raspberry Pi verisi: Ham=369, Voltaj=369.000V
2026-01-23 05:45:45 - spektroskopi - INFO - Raspberry Pi verisi işlendi: SENSOR_2 = 369.000V
2026-01-23 05:45:45 - spektroskopi - INFO - Raspberry Pi'dan veri alındı: 6e400005-b5a3-f393-e0a9-e50e24dcca9e (Handle: 16): Unknown, uzunluk: 2
2026-01-23 05:45:45 - spektroskopi - INFO - Raspberry Pi verisi: Ham=376, Voltaj=376.000V
2026-01-23 05:45:45 - spektroskopi - INFO - Raspberry Pi verisi işlendi: SENSOR_EXTRA = 376.000V
2026-01-23 05:45:45 - spektroskopi - WARNING - Zaman sıralama düzeltildi (averaged): 2026-01-23 05:45:45.563491
2026-01-23 05:45:45 - spektroskopi - WARNING - Zaman sıralama düzeltildi (averaged): 2026-01-23 05:45:45.564491
2026-01-23 05:45:45 - spektroskopi - WARNING - Zaman sıralama düzeltildi (averaged): 2026-01-23 05:45:45.565491
2026-01-23 05:45:45 - spektroskopi - WARNING - Zaman sıralama düzeltildi (averaged): 2026-01-23 05:45:45.566491
2026-01-23 05:45:45 - spektroskopi - WARNING - RealTimePanel: UV_360nm raw data uzunluk uyumsuzluğu (timestamps: 996, data: 250)
2026-01-23 05:45:45 - spektroskopi - WARNING - RealTimePanel: UV_360nm calibrated data uzunluk uyumsuzluğu (timestamps: 996, data: 250)
2026-01-23 05:45:45 - spektroskopi - WARNING - RealTimePanel: Blue_450nm raw data uzunluk uyumsuzluğu (timestamps: 996, data: 250)
2026-01-23 05:45:45 - spektroskopi - WARNING - RealTimePanel: Blue_450nm calibrated data uzunluk uyumsuzluğu (timestamps: 996, data: 250)
2026-01-23 05:45:45 - spektroskopi - WARNING - RealTimePanel: IR_850nm raw data uzunluk uyumsuzluğu (timestamps: 996, data: 248)
2026-01-23 05:45:45 - spektroskopi - WARNING - RealTimePanel: IR_850nm calibrated data uzunluk uyumsuzluğu (timestamps: 996, data: 248)
2026-01-23 05:45:45 - spektroskopi - WARNING - RealTimePanel: IR_940nm raw data uzunluk uyumsuzluğu (timestamps: 996, data: 248)
2026-01-23 05:45:45 - spektroskopi - WARNING - RealTimePanel: IR_940nm calibrated data uzunluk uyumsuzluğu (timestamps: 996, data: 248)
2026-01-23 05:45:45 - spektroskopi - INFO - Raspberry Pi'dan veri alındı: 6e400004-b5a3-f393-e0a9-e50e24dcca9e (Handle: 11): Unknown, uzunluk: 2
2026-01-23 05:45:45 - spektroskopi - INFO - Raspberry Pi verisi: Ham=2891, Voltaj=2891.000V
2026-01-23 05:45:45 - spektroskopi - INFO - Raspberry Pi verisi işlendi: SENSOR_7 = 2891.000V
2026-01-23 05:45:46 - spektroskopi - INFO - Raspberry Pi'dan veri alındı: 6e400003-b5a3-f393-e0a9-e50e24dcca9e (Handle: 8): Nordic UART TX, uzunluk: 2
2026-01-23 05:45:46 - spektroskopi - INFO - Raspberry Pi verisi: Ham=2553, Voltaj=2553.000V
2026-01-23 05:45:46 - spektroskopi - INFO - Raspberry Pi verisi işlendi: SENSOR_5 = 2553.000V
2026-01-23 05:45:46 - spektroskopi - INFO - Raspberry Pi'dan veri alındı: 6e400002-b5a3-f393-e0a9-e50e24dcca9e (Handle: 19): Nordic UART RX, uzunluk: 2
2026-01-23 05:45:46 - spektroskopi - INFO - Raspberry Pi verisi: Ham=263, Voltaj=263.000V
2026-01-23 05:45:46 - spektroskopi - INFO - Raspberry Pi verisi işlendi: SENSOR_2 = 263.000V
2026-01-23 05:45:46 - spektroskopi - INFO - Raspberry Pi'dan veri alındı: 6e400005-b5a3-f393-e0a9-e50e24dcca9e (Handle: 16): Unknown, uzunluk: 2
2026-01-23 05:45:46 - spektroskopi - INFO - Raspberry Pi verisi: Ham=1874, Voltaj=1874.000V
2026-01-23 05:45:46 - spektroskopi - INFO - VERİ İSTATİSTİĞİ: measurements.timestamps = 1000 veri noktası (KORUNUYOR)
2026-01-23 05:45:46 - spektroskopi - INFO - VERİ İSTATİSTİĞİ: raw_data.timestamps = 1000 veri noktası (KORUNUYOR)
2026-01-23 05:45:46 - spektroskopi - INFO - VERİ İSTATİSTİĞİ: calibrated_data.timestamps = 1000 veri noktası (KORUNUYOR)
2026-01-23 05:45:46 - spektroskopi - INFO - Raspberry Pi verisi işlendi: SENSOR_EXTRA = 1874.000V
2026-01-23 05:45:46 - spektroskopi - INFO - Raspberry Pi'dan veri alındı: 6e400004-b5a3-f393-e0a9-e50e24dcca9e (Handle: 11): Unknown, uzunluk: 2
2026-01-23 05:45:46 - spektroskopi - INFO - Raspberry Pi verisi: Ham=2580, Voltaj=2580.000V
2026-01-23 05:45:46 - spektroskopi - INFO - Raspberry Pi verisi işlendi: SENSOR_7 = 2580.000V
2026-01-23 05:45:46 - spektroskopi - WARNING - Zaman sıralama düzeltildi (averaged): 2026-01-23 05:45:46.703348
2026-01-23 05:45:46 - spektroskopi - WARNING - Zaman sıralama düzeltildi (averaged): 2026-01-23 05:45:46.704348
2026-01-23 05:45:46 - spektroskopi - WARNING - Zaman sıralama düzeltildi (averaged): 2026-01-23 05:45:46.705348
2026-01-23 05:45:46 - spektroskopi - WARNING - Zaman sıralama düzeltildi (averaged): 2026-01-23 05:45:46.706348
2026-01-23 05:45:46 - spektroskopi - WARNING - Zaman sıralama düzeltildi (averaged): 2026-01-23 05:45:46.707348
2026-01-23 05:45:46 - spektroskopi - WARNING - RealTimePanel: UV_360nm raw data uzunluk uyumsuzluğu (timestamps: 1006, data: 252)
2026-01-23 05:45:46 - spektroskopi - WARNING - RealTimePanel: UV_360nm calibrated data uzunluk uyumsuzluğu (timestamps: 1006, data: 252)
2026-01-23 05:45:46 - spektroskopi - WARNING - RealTimePanel: Blue_450nm raw data uzunluk uyumsuzluğu (timestamps: 1006, data: 252)
2026-01-23 05:45:46 - spektroskopi - WARNING - RealTimePanel: Blue_450nm calibrated data uzunluk uyumsuzluğu (timestamps: 1006, data: 252)
2026-01-23 05:45:46 - spektroskopi - WARNING - RealTimePanel: IR_850nm raw data uzunluk uyumsuzluğu (timestamps: 1006, data: 252)
2026-01-23 05:45:46 - spektroskopi - WARNING - RealTimePanel: IR_850nm calibrated data uzunluk uyumsuzluğu (timestamps: 1006, data: 252)
2026-01-23 05:45:46 - spektroskopi - WARNING - RealTimePanel: IR_940nm raw data uzunluk uyumsuzluğu (timestamps: 1006, data: 250)
2026-01-23 05:45:46 - spektroskopi - WARNING - RealTimePanel: IR_940nm calibrated data uzunluk uyumsuzluğu (timestamps: 1006, data: 250)
2026-01-23 05:45:46 - spektroskopi - INFO - Raspberry Pi'dan veri alındı: 6e400003-b5a3-f393-e0a9-e50e24dcca9e (Handle: 8): Nordic UART TX, uzunluk: 2
2026-01-23 05:45:46 - spektroskopi - INFO - Raspberry Pi verisi: Ham=1246, Voltaj=1246.000V
2026-01-23 05:45:46 - spektroskopi - INFO - Raspberry Pi verisi işlendi: SENSOR_5 = 1246.000V
2026-01-23 05:45:47 - spektroskopi - INFO - Raspberry Pi'dan veri alındı: 6e400002-b5a3-f393-e0a9-e50e24dcca9e (Handle: 19): Nordic UART RX, uzunluk: 2
2026-01-23 05:45:47 - spektroskopi - INFO - Raspberry Pi verisi: Ham=1160, Voltaj=1160.000V
2026-01-23 05:45:47 - spektroskopi - INFO - Raspberry Pi verisi işlendi: SENSOR_2 = 1160.000V
2026-01-23 05:45:47 - spektroskopi - INFO - Raspberry Pi'dan veri alındı: 6e400005-b5a3-f393-e0a9-e50e24dcca9e (Handle: 16): Unknown, uzunluk: 2
2026-01-23 05:45:47 - spektroskopi - INFO - Raspberry Pi verisi: Ham=1182, Voltaj=1182.000V
2026-01-23 05:45:47 - spektroskopi - INFO - Raspberry Pi verisi işlendi: SENSOR_EXTRA = 1182.000V
2026-01-23 05:45:47 - spektroskopi - INFO - Raspberry Pi'dan veri alındı: 6e400004-b5a3-f393-e0a9-e50e24dcca9e (Handle: 11): Unknown, uzunluk: 2
2026-01-23 05:45:47 - spektroskopi - INFO - Raspberry Pi verisi: Ham=83, Voltaj=83.000V
2026-01-23 05:45:47 - spektroskopi - INFO - Raspberry Pi verisi işlendi: SENSOR_7 = 83.000V
2026-01-23 05:45:47 - spektroskopi - WARNING - Zaman sıralama düzeltildi (averaged): 2026-01-23 05:45:47.574179
2026-01-23 05:45:47 - spektroskopi - WARNING - Zaman sıralama düzeltildi (averaged): 2026-01-23 05:45:47.575179
2026-01-23 05:45:47 - spektroskopi - WARNING - Zaman sıralama düzeltildi (averaged): 2026-01-23 05:45:47.576179
2026-01-23 05:45:47 - spektroskopi - WARNING - Zaman sıralama düzeltildi (averaged): 2026-01-23 05:45:47.577179
2026-01-23 05:45:47 - spektroskopi - WARNING - RealTimePanel: UV_360nm raw data uzunluk uyumsuzluğu (timestamps: 1014, data: 254)
2026-01-23 05:45:47 - spektroskopi - WARNING - RealTimePanel: UV_360nm calibrated data uzunluk uyumsuzluğu (timestamps: 1014, data: 254)
2026-01-23 05:45:47 - spektroskopi - WARNING - RealTimePanel: Blue_450nm raw data uzunluk uyumsuzluğu (timestamps: 1014, data: 254)
2026-01-23 05:45:47 - spektroskopi - WARNING - RealTimePanel: Blue_450nm calibrated data uzunluk uyumsuzluğu (timestamps: 1014, data: 254)
2026-01-23 05:45:47 - spektroskopi - WARNING - RealTimePanel: IR_850nm raw data uzunluk uyumsuzluğu (timestamps: 1014, data: 254)
2026-01-23 05:45:47 - spektroskopi - WARNING - RealTimePanel: IR_850nm calibrated data uzunluk uyumsuzluğu (timestamps: 1014, data: 254)
2026-01-23 05:45:47 - spektroskopi - WARNING - RealTimePanel: IR_940nm raw data uzunluk uyumsuzluğu (timestamps: 1014, data: 252)
2026-01-23 05:45:47 - spektroskopi - WARNING - RealTimePanel: IR_940nm calibrated data uzunluk uyumsuzluğu (timestamps: 1014, data: 252)
2026-01-23 05:45:47 - spektroskopi - INFO - Raspberry Pi'dan veri alındı: 6e400003-b5a3-f393-e0a9-e50e24dcca9e (Handle: 8): Nordic UART TX, uzunluk: 2
2026-01-23 05:45:47 - spektroskopi - INFO - Raspberry Pi verisi: Ham=79, Voltaj=79.000V
2026-01-23 05:45:47 - spektroskopi - INFO - Raspberry Pi verisi işlendi: SENSOR_5 = 79.000V
2026-01-23 05:45:47 - spektroskopi - INFO - Raspberry Pi'dan veri alındı: 6e400002-b5a3-f393-e0a9-e50e24dcca9e (Handle: 19): Nordic UART RX, uzunluk: 2
2026-01-23 05:45:47 - spektroskopi - INFO - Raspberry Pi verisi: Ham=1633, Voltaj=1633.000V
2026-01-23 05:45:47 - spektroskopi - INFO - Raspberry Pi verisi işlendi: SENSOR_2 = 1633.000V
2026-01-23 05:45:48 - spektroskopi - INFO - Raspberry Pi'dan veri alındı: 6e400005-b5a3-f393-e0a9-e50e24dcca9e (Handle: 16): Unknown, uzunluk: 2
2026-01-23 05:45:48 - spektroskopi - INFO - Raspberry Pi verisi: Ham=1190, Voltaj=1190.000V
2026-01-23 05:45:48 - spektroskopi - INFO - Raspberry Pi verisi işlendi: SENSOR_EXTRA = 1190.000V
2026-01-23 05:45:48 - spektroskopi - INFO - Raspberry Pi'dan veri alındı: 6e400004-b5a3-f393-e0a9-e50e24dcca9e (Handle: 11): Unknown, uzunluk: 2
2026-01-23 05:45:48 - spektroskopi - INFO - Raspberry Pi verisi: Ham=84, Voltaj=84.000V
2026-01-23 05:45:48 - spektroskopi - INFO - Raspberry Pi verisi işlendi: SENSOR_7 = 84.000V
2026-01-23 05:45:48 - spektroskopi - INFO - Raspberry Pi'dan veri alındı: 6e400003-b5a3-f393-e0a9-e50e24dcca9e (Handle: 8): Nordic UART TX, uzunluk: 2
2026-01-23 05:45:48 - spektroskopi - INFO - Raspberry Pi verisi: Ham=80, Voltaj=80.000V
2026-01-23 05:45:48 - spektroskopi - INFO - Raspberry Pi verisi işlendi: SENSOR_5 = 80.000V
2026-01-23 05:45:48 - spektroskopi - WARNING - Zaman sıralama düzeltildi (averaged): 2026-01-23 05:45:48.713314
2026-01-23 05:45:48 - spektroskopi - WARNING - Zaman sıralama düzeltildi (averaged): 2026-01-23 05:45:48.714314
2026-01-23 05:45:48 - spektroskopi - WARNING - Zaman sıralama düzeltildi (averaged): 2026-01-23 05:45:48.715314
2026-01-23 05:45:48 - spektroskopi - WARNING - Zaman sıralama düzeltildi (averaged): 2026-01-23 05:45:48.716314
2026-01-23 05:45:48 - spektroskopi - WARNING - Zaman sıralama düzeltildi (averaged): 2026-01-23 05:45:48.717314
2026-01-23 05:45:48 - spektroskopi - WARNING - RealTimePanel: UV_360nm raw data uzunluk uyumsuzluğu (timestamps: 1024, data: 256)
2026-01-23 05:45:48 - spektroskopi - WARNING - RealTimePanel: UV_360nm calibrated data uzunluk uyumsuzluğu (timestamps: 1024, data: 256)
2026-01-23 05:45:48 - spektroskopi - WARNING - RealTimePanel: Blue_450nm raw data uzunluk uyumsuzluğu (timestamps: 1024, data: 256)
2026-01-23 05:45:48 - spektroskopi - WARNING - RealTimePanel: Blue_450nm calibrated data uzunluk uyumsuzluğu (timestamps: 1024, data: 256)
2026-01-23 05:45:48 - spektroskopi - WARNING - RealTimePanel: IR_850nm raw data uzunluk uyumsuzluğu (timestamps: 1024, data: 256)
2026-01-23 05:45:48 - spektroskopi - WARNING - RealTimePanel: IR_850nm calibrated data uzunluk uyumsuzluğu (timestamps: 1024, data: 256)
2026-01-23 05:45:48 - spektroskopi - WARNING - RealTimePanel: IR_940nm raw data uzunluk uyumsuzluğu (timestamps: 1024, data: 256)
2026-01-23 05:45:48 - spektroskopi - WARNING - RealTimePanel: IR_940nm calibrated data uzunluk uyumsuzluğu (timestamps: 1024, data: 256)
2026-01-23 05:45:48 - spektroskopi - INFO - Raspberry Pi'dan veri alındı: 6e400002-b5a3-f393-e0a9-e50e24dcca9e (Handle: 19): Nordic UART RX, uzunluk: 2
2026-01-23 05:45:48 - spektroskopi - INFO - Raspberry Pi verisi: Ham=1279, Voltaj=1279.000V
2026-01-23 05:45:48 - spektroskopi - INFO - Raspberry Pi verisi işlendi: SENSOR_2 = 1279.000V
2026-01-23 05:45:49 - spektroskopi - INFO - Raspberry Pi'dan veri alındı: 6e400005-b5a3-f393-e0a9-e50e24dcca9e (Handle: 16): Unknown, uzunluk: 2
2026-01-23 05:45:49 - spektroskopi - INFO - Raspberry Pi verisi: Ham=1342, Voltaj=1342.000V
2026-01-23 05:45:49 - spektroskopi - INFO - Raspberry Pi verisi işlendi: SENSOR_EXTRA = 1342.000V
2026-01-23 05:45:49 - spektroskopi - INFO - Raspberry Pi'dan veri alındı: 6e400004-b5a3-f393-e0a9-e50e24dcca9e (Handle: 11): Unknown, uzunluk: 2
2026-01-23 05:45:49 - spektroskopi - INFO - Raspberry Pi verisi: Ham=80, Voltaj=80.000V
2026-01-23 05:45:49 - spektroskopi - INFO - Raspberry Pi verisi işlendi: SENSOR_7 = 80.000V
2026-01-23 05:45:49 - spektroskopi - INFO - Raspberry Pi'dan veri alındı: 6e400003-b5a3-f393-e0a9-e50e24dcca9e (Handle: 8): Nordic UART TX, uzunluk: 2
2026-01-23 05:45:49 - spektroskopi - INFO - Raspberry Pi verisi: Ham=79, Voltaj=79.000V
2026-01-23 05:45:49 - spektroskopi - INFO - Raspberry Pi verisi işlendi: SENSOR_5 = 79.000V
2026-01-23 05:45:49 - spektroskopi - INFO - Raspberry Pi'dan veri alındı: 6e400002-b5a3-f393-e0a9-e50e24dcca9e (Handle: 19): Nordic UART RX, uzunluk: 2
2026-01-23 05:45:49 - spektroskopi - INFO - Raspberry Pi verisi: Ham=1872, Voltaj=1872.000V
2026-01-23 05:45:49 - spektroskopi - INFO - Raspberry Pi verisi işlendi: SENSOR_2 = 1872.000V
2026-01-23 05:45:49 - spektroskopi - WARNING - Zaman sıralama düzeltildi (averaged): 2026-01-23 05:45:49.704233
2026-01-23 05:45:49 - spektroskopi - WARNING - Zaman sıralama düzeltildi (averaged): 2026-01-23 05:45:49.705233
2026-01-23 05:45:49 - spektroskopi - WARNING - Zaman sıralama düzeltildi (averaged): 2026-01-23 05:45:49.706233
2026-01-23 05:45:49 - spektroskopi - WARNING - Zaman sıralama düzeltildi (averaged): 2026-01-23 05:45:49.707233
2026-01-23 05:45:49 - spektroskopi - WARNING - Zaman sıralama düzeltildi (averaged): 2026-01-23 05:45:49.708233
2026-01-23 05:45:49 - spektroskopi - WARNING - RealTimePanel: UV_360nm raw data uzunluk uyumsuzluğu (timestamps: 1034, data: 260)
2026-01-23 05:45:49 - spektroskopi - WARNING - RealTimePanel: UV_360nm calibrated data uzunluk uyumsuzluğu (timestamps: 1034, data: 260)
2026-01-23 05:45:49 - spektroskopi - WARNING - RealTimePanel: Blue_450nm raw data uzunluk uyumsuzluğu (timestamps: 1034, data: 258)
2026-01-23 05:45:49 - spektroskopi - WARNING - RealTimePanel: Blue_450nm calibrated data uzunluk uyumsuzluğu (timestamps: 1034, data: 258)
2026-01-23 05:45:49 - spektroskopi - WARNING - RealTimePanel: IR_850nm raw data uzunluk uyumsuzluğu (timestamps: 1034, data: 258)
2026-01-23 05:45:49 - spektroskopi - WARNING - RealTimePanel: IR_850nm calibrated data uzunluk uyumsuzluğu (timestamps: 1034, data: 258)
2026-01-23 05:45:49 - spektroskopi - WARNING - RealTimePanel: IR_940nm raw data uzunluk uyumsuzluğu (timestamps: 1034, data: 258)
2026-01-23 05:45:49 - spektroskopi - WARNING - RealTimePanel: IR_940nm calibrated data uzunluk uyumsuzluğu (timestamps: 1034, data: 258)
2026-01-23 05:45:49 - spektroskopi - INFO - Raspberry Pi'dan veri alındı: 6e400005-b5a3-f393-e0a9-e50e24dcca9e (Handle: 16): Unknown, uzunluk: 2
2026-01-23 05:45:49 - spektroskopi - INFO - Raspberry Pi verisi: Ham=1740, Voltaj=1740.000V
2026-01-23 05:45:49 - spektroskopi - INFO - Raspberry Pi verisi işlendi: SENSOR_EXTRA = 1740.000V
2026-01-23 05:45:50 - spektroskopi - INFO - Raspberry Pi'dan veri alındı: 6e400004-b5a3-f393-e0a9-e50e24dcca9e (Handle: 11): Unknown, uzunluk: 2
2026-01-23 05:45:50 - spektroskopi - INFO - Raspberry Pi verisi: Ham=82, Voltaj=82.000V
2026-01-23 05:45:50 - spektroskopi - INFO - Raspberry Pi verisi işlendi: SENSOR_7 = 82.000V
2026-01-23 05:45:50 - spektroskopi - INFO - Raspberry Pi'dan veri alındı: 6e400003-b5a3-f393-e0a9-e50e24dcca9e (Handle: 8): Nordic UART TX, uzunluk: 2
2026-01-23 05:45:50 - spektroskopi - INFO - Raspberry Pi verisi: Ham=80, Voltaj=80.000V
2026-01-23 05:45:50 - spektroskopi - INFO - Raspberry Pi verisi işlendi: SENSOR_5 = 80.000V
2026-01-23 05:45:50 - spektroskopi - INFO - Raspberry Pi'dan veri alındı: 6e400002-b5a3-f393-e0a9-e50e24dcca9e (Handle: 19): Nordic UART RX, uzunluk: 2
2026-01-23 05:45:50 - spektroskopi - INFO - Raspberry Pi verisi: Ham=1438, Voltaj=1438.000V
2026-01-23 05:45:50 - spektroskopi - INFO - Raspberry Pi verisi işlendi: SENSOR_2 = 1438.000V
2026-01-23 05:45:50 - spektroskopi - WARNING - Zaman sıralama düzeltildi (averaged): 2026-01-23 05:45:50.603265
2026-01-23 05:45:50 - spektroskopi - WARNING - Zaman sıralama düzeltildi (averaged): 2026-01-23 05:45:50.604265
2026-01-23 05:45:50 - spektroskopi - WARNING - Zaman sıralama düzeltildi (averaged): 2026-01-23 05:45:50.605265
2026-01-23 05:45:50 - spektroskopi - WARNING - Zaman sıralama düzeltildi (averaged): 2026-01-23 05:45:50.606265
2026-01-23 05:45:50 - spektroskopi - WARNING - RealTimePanel: UV_360nm raw data uzunluk uyumsuzluğu (timestamps: 1042, data: 262)
2026-01-23 05:45:50 - spektroskopi - WARNING - RealTimePanel: UV_360nm calibrated data uzunluk uyumsuzluğu (timestamps: 1042, data: 262)
2026-01-23 05:45:50 - spektroskopi - WARNING - RealTimePanel: Blue_450nm raw data uzunluk uyumsuzluğu (timestamps: 1042, data: 260)
2026-01-23 05:45:50 - spektroskopi - WARNING - RealTimePanel: Blue_450nm calibrated data uzunluk uyumsuzluğu (timestamps: 1042, data: 260)
2026-01-23 05:45:50 - spektroskopi - WARNING - RealTimePanel: IR_850nm raw data uzunluk uyumsuzluğu (timestamps: 1042, data: 260)
2026-01-23 05:45:50 - spektroskopi - WARNING - RealTimePanel: IR_850nm calibrated data uzunluk uyumsuzluğu (timestamps: 1042, data: 260)
2026-01-23 05:45:50 - spektroskopi - WARNING - RealTimePanel: IR_940nm raw data uzunluk uyumsuzluğu (timestamps: 1042, data: 260)
2026-01-23 05:45:50 - spektroskopi - WARNING - RealTimePanel: IR_940nm calibrated data uzunluk uyumsuzluğu (timestamps: 1042, data: 260)
2026-01-23 05:45:50 - spektroskopi - INFO - Raspberry Pi'dan veri alındı: 6e400005-b5a3-f393-e0a9-e50e24dcca9e (Handle: 16): Unknown, uzunluk: 2
2026-01-23 05:45:50 - spektroskopi - INFO - Raspberry Pi verisi: Ham=1348, Voltaj=1348.000V
2026-01-23 05:45:50 - spektroskopi - INFO - Raspberry Pi verisi işlendi: SENSOR_EXTRA = 1348.000V
2026-01-23 05:45:51 - spektroskopi - INFO - Raspberry Pi'dan veri alındı: 6e400004-b5a3-f393-e0a9-e50e24dcca9e (Handle: 11): Unknown, uzunluk: 2
2026-01-23 05:45:51 - spektroskopi - INFO - Raspberry Pi verisi: Ham=82, Voltaj=82.000V
2026-01-23 05:45:51 - spektroskopi - INFO - Raspberry Pi verisi işlendi: SENSOR_7 = 82.000V
2026-01-23 05:45:51 - spektroskopi - INFO - Raspberry Pi'dan veri alındı: 6e400003-b5a3-f393-e0a9-e50e24dcca9e (Handle: 8): Nordic UART TX, uzunluk: 2
2026-01-23 05:45:51 - spektroskopi - INFO - Raspberry Pi verisi: Ham=80, Voltaj=80.000V
2026-01-23 05:45:51 - spektroskopi - INFO - Raspberry Pi verisi işlendi: SENSOR_5 = 80.000V
2026-01-23 05:45:51 - spektroskopi - INFO - Raspberry Pi'dan veri alındı: 6e400002-b5a3-f393-e0a9-e50e24dcca9e (Handle: 19): Nordic UART RX, uzunluk: 2
2026-01-23 05:45:51 - spektroskopi - INFO - Raspberry Pi verisi: Ham=1582, Voltaj=1582.000V
2026-01-23 05:45:51 - spektroskopi - INFO - Raspberry Pi verisi işlendi: SENSOR_2 = 1582.000V
2026-01-23 05:45:51 - spektroskopi - WARNING - Zaman sıralama düzeltildi (averaged): 2026-01-23 05:45:51.473044
2026-01-23 05:45:51 - spektroskopi - WARNING - Zaman sıralama düzeltildi (averaged): 2026-01-23 05:45:51.474044
2026-01-23 05:45:51 - spektroskopi - WARNING - Zaman sıralama düzeltildi (averaged): 2026-01-23 05:45:51.475044
2026-01-23 05:45:51 - spektroskopi - WARNING - Zaman sıralama düzeltildi (averaged): 2026-01-23 05:45:51.476044
2026-01-23 05:45:51 - spektroskopi - WARNING - RealTimePanel: UV_360nm raw data uzunluk uyumsuzluğu (timestamps: 1050, data: 264)
2026-01-23 05:45:51 - spektroskopi - WARNING - RealTimePanel: UV_360nm calibrated data uzunluk uyumsuzluğu (timestamps: 1050, data: 264)
2026-01-23 05:45:51 - spektroskopi - WARNING - RealTimePanel: Blue_450nm raw data uzunluk uyumsuzluğu (timestamps: 1050, data: 262)
2026-01-23 05:45:51 - spektroskopi - WARNING - RealTimePanel: Blue_450nm calibrated data uzunluk uyumsuzluğu (timestamps: 1050, data: 262)
2026-01-23 05:45:51 - spektroskopi - WARNING - RealTimePanel: IR_850nm raw data uzunluk uyumsuzluğu (timestamps: 1050, data: 262)
2026-01-23 05:45:51 - spektroskopi - WARNING - RealTimePanel: IR_850nm calibrated data uzunluk uyumsuzluğu (timestamps: 1050, data: 262)
2026-01-23 05:45:51 - spektroskopi - WARNING - RealTimePanel: IR_940nm raw data uzunluk uyumsuzluğu (timestamps: 1050, data: 262)
2026-01-23 05:45:51 - spektroskopi - WARNING - RealTimePanel: IR_940nm calibrated data uzunluk uyumsuzluğu (timestamps: 1050, data: 262)
2026-01-23 05:45:51 - spektroskopi - INFO - Raspberry Pi'dan veri alındı: 6e400005-b5a3-f393-e0a9-e50e24dcca9e (Handle: 16): Unknown, uzunluk: 2
2026-01-23 05:45:51 - spektroskopi - INFO - Raspberry Pi verisi: Ham=1314, Voltaj=1314.000V
2026-01-23 05:45:51 - spektroskopi - INFO - Raspberry Pi verisi işlendi: SENSOR_EXTRA = 1314.000V
2026-01-23 05:45:51 - spektroskopi - INFO - Raspberry Pi'dan veri alındı: 6e400004-b5a3-f393-e0a9-e50e24dcca9e (Handle: 11): Unknown, uzunluk: 2
2026-01-23 05:45:51 - spektroskopi - INFO - Raspberry Pi verisi: Ham=82, Voltaj=82.000V
2026-01-23 05:45:51 - spektroskopi - INFO - Raspberry Pi verisi işlendi: SENSOR_7 = 82.000V
2026-01-23 05:45:52 - spektroskopi - INFO - Raspberry Pi'dan veri alındı: 6e400003-b5a3-f393-e0a9-e50e24dcca9e (Handle: 8): Nordic UART TX, uzunluk: 2
2026-01-23 05:45:52 - spektroskopi - INFO - Raspberry Pi verisi: Ham=81, Voltaj=81.000V
2026-01-23 05:45:52 - spektroskopi - INFO - Raspberry Pi verisi işlendi: SENSOR_5 = 81.000V
2026-01-23 05:45:52 - spektroskopi - INFO - Raspberry Pi'dan veri alındı: 6e400002-b5a3-f393-e0a9-e50e24dcca9e (Handle: 19): Nordic UART RX, uzunluk: 2
2026-01-23 05:45:52 - spektroskopi - INFO - Raspberry Pi verisi: Ham=1628, Voltaj=1628.000V
2026-01-23 05:45:52 - spektroskopi - INFO - Raspberry Pi verisi işlendi: SENSOR_2 = 1628.000V
2026-01-23 05:45:52 - spektroskopi - INFO - Raspberry Pi'dan veri alındı: 6e400005-b5a3-f393-e0a9-e50e24dcca9e (Handle: 16): Unknown, uzunluk: 2
2026-01-23 05:45:52 - spektroskopi - INFO - Raspberry Pi verisi: Ham=1345, Voltaj=1345.000V
2026-01-23 05:45:52 - spektroskopi - INFO - Raspberry Pi verisi işlendi: SENSOR_EXTRA = 1345.000V
2026-01-23 05:45:52 - spektroskopi - WARNING - Zaman sıralama düzeltildi (averaged): 2026-01-23 05:45:52.613369
2026-01-23 05:45:52 - spektroskopi - WARNING - Zaman sıralama düzeltildi (averaged): 2026-01-23 05:45:52.614369
2026-01-23 05:45:52 - spektroskopi - WARNING - Zaman sıralama düzeltildi (averaged): 2026-01-23 05:45:52.615369
2026-01-23 05:45:52 - spektroskopi - WARNING - Zaman sıralama düzeltildi (averaged): 2026-01-23 05:45:52.616369
2026-01-23 05:45:52 - spektroskopi - WARNING - Zaman sıralama düzeltildi (averaged): 2026-01-23 05:45:52.617369
2026-01-23 05:45:52 - spektroskopi - WARNING - RealTimePanel: UV_360nm raw data uzunluk uyumsuzluğu (timestamps: 1060, data: 266)
2026-01-23 05:45:52 - spektroskopi - WARNING - RealTimePanel: UV_360nm calibrated data uzunluk uyumsuzluğu (timestamps: 1060, data: 266)
2026-01-23 05:45:52 - spektroskopi - WARNING - RealTimePanel: Blue_450nm raw data uzunluk uyumsuzluğu (timestamps: 1060, data: 266)
2026-01-23 05:45:52 - spektroskopi - WARNING - RealTimePanel: Blue_450nm calibrated data uzunluk uyumsuzluğu (timestamps: 1060, data: 266)
2026-01-23 05:45:52 - spektroskopi - WARNING - RealTimePanel: IR_850nm raw data uzunluk uyumsuzluğu (timestamps: 1060, data: 264)
2026-01-23 05:45:52 - spektroskopi - WARNING - RealTimePanel: IR_850nm calibrated data uzunluk uyumsuzluğu (timestamps: 1060, data: 264)
2026-01-23 05:45:52 - spektroskopi - WARNING - RealTimePanel: IR_940nm raw data uzunluk uyumsuzluğu (timestamps: 1060, data: 264)
2026-01-23 05:45:52 - spektroskopi - WARNING - RealTimePanel: IR_940nm calibrated data uzunluk uyumsuzluğu (timestamps: 1060, data: 264)
2026-01-23 05:45:52 - spektroskopi - INFO - Raspberry Pi'dan veri alındı: 6e400004-b5a3-f393-e0a9-e50e24dcca9e (Handle: 11): Unknown, uzunluk: 2
2026-01-23 05:45:52 - spektroskopi - INFO - Raspberry Pi verisi: Ham=85, Voltaj=85.000V
2026-01-23 05:45:52 - spektroskopi - INFO - Raspberry Pi verisi işlendi: SENSOR_7 = 85.000V
2026-01-23 05:45:53 - spektroskopi - INFO - Raspberry Pi'dan veri alındı: 6e400003-b5a3-f393-e0a9-e50e24dcca9e (Handle: 8): Nordic UART TX, uzunluk: 2
2026-01-23 05:45:53 - spektroskopi - INFO - Raspberry Pi verisi: Ham=80, Voltaj=80.000V
2026-01-23 05:45:53 - spektroskopi - INFO - Raspberry Pi verisi işlendi: SENSOR_5 = 80.000V
2026-01-23 05:45:53 - spektroskopi - INFO - Raspberry Pi'dan veri alındı: 6e400002-b5a3-f393-e0a9-e50e24dcca9e (Handle: 19): Nordic UART RX, uzunluk: 2
2026-01-23 05:45:53 - spektroskopi - INFO - Raspberry Pi verisi: Ham=1618, Voltaj=1618.000V
2026-01-23 05:45:53 - spektroskopi - INFO - Raspberry Pi verisi işlendi: SENSOR_2 = 1618.000V
2026-01-23 05:45:53 - spektroskopi - INFO - Raspberry Pi'dan veri alındı: 6e400005-b5a3-f393-e0a9-e50e24dcca9e (Handle: 16): Unknown, uzunluk: 2
2026-01-23 05:45:53 - spektroskopi - INFO - Raspberry Pi verisi: Ham=1381, Voltaj=1381.000V
2026-01-23 05:45:53 - spektroskopi - INFO - Raspberry Pi verisi işlendi: SENSOR_EXTRA = 1381.000V
2026-01-23 05:45:53 - spektroskopi - WARNING - Zaman sıralama düzeltildi (averaged): 2026-01-23 05:45:53.484157
2026-01-23 05:45:53 - spektroskopi - WARNING - Zaman sıralama düzeltildi (averaged): 2026-01-23 05:45:53.485157
2026-01-23 05:45:53 - spektroskopi - WARNING - Zaman sıralama düzeltildi (averaged): 2026-01-23 05:45:53.486157
2026-01-23 05:45:53 - spektroskopi - WARNING - Zaman sıralama düzeltildi (averaged): 2026-01-23 05:45:53.487157
2026-01-23 05:45:53 - spektroskopi - WARNING - RealTimePanel: UV_360nm raw data uzunluk uyumsuzluğu (timestamps: 1068, data: 268)
2026-01-23 05:45:53 - spektroskopi - WARNING - RealTimePanel: UV_360nm calibrated data uzunluk uyumsuzluğu (timestamps: 1068, data: 268)
2026-01-23 05:45:53 - spektroskopi - WARNING - RealTimePanel: Blue_450nm raw data uzunluk uyumsuzluğu (timestamps: 1068, data: 268)
2026-01-23 05:45:53 - spektroskopi - WARNING - RealTimePanel: Blue_450nm calibrated data uzunluk uyumsuzluğu (timestamps: 1068, data: 268)
2026-01-23 05:45:53 - spektroskopi - WARNING - RealTimePanel: IR_850nm raw data uzunluk uyumsuzluğu (timestamps: 1068, data: 266)
2026-01-23 05:45:53 - spektroskopi - WARNING - RealTimePanel: IR_850nm calibrated data uzunluk uyumsuzluğu (timestamps: 1068, data: 266)
2026-01-23 05:45:53 - spektroskopi - WARNING - RealTimePanel: IR_940nm raw data uzunluk uyumsuzluğu (timestamps: 1068, data: 266)
2026-01-23 05:45:53 - spektroskopi - WARNING - RealTimePanel: IR_940nm calibrated data uzunluk uyumsuzluğu (timestamps: 1068, data: 266)
2026-01-23 05:45:53 - spektroskopi - INFO - Raspberry Pi'dan veri alındı: 6e400004-b5a3-f393-e0a9-e50e24dcca9e (Handle: 11): Unknown, uzunluk: 2
2026-01-23 05:45:53 - spektroskopi - INFO - Raspberry Pi verisi: Ham=81, Voltaj=81.000V
2026-01-23 05:45:53 - spektroskopi - INFO - Raspberry Pi verisi işlendi: SENSOR_7 = 81.000V
2026-01-23 05:45:53 - spektroskopi - INFO - Raspberry Pi'dan veri alındı: 6e400003-b5a3-f393-e0a9-e50e24dcca9e (Handle: 8): Nordic UART TX, uzunluk: 2
2026-01-23 05:45:53 - spektroskopi - INFO - Raspberry Pi verisi: Ham=81, Voltaj=81.000V
2026-01-23 05:45:53 - spektroskopi - INFO - Raspberry Pi verisi işlendi: SENSOR_5 = 81.000V
2026-01-23 05:45:54 - spektroskopi - INFO - Raspberry Pi'dan veri alındı: 6e400002-b5a3-f393-e0a9-e50e24dcca9e (Handle: 19): Nordic UART RX, uzunluk: 2
2026-01-23 05:45:54 - spektroskopi - INFO - Raspberry Pi verisi: Ham=1607, Voltaj=1607.000V
2026-01-23 05:45:54 - spektroskopi - INFO - Raspberry Pi verisi işlendi: SENSOR_2 = 1607.000V
2026-01-23 05:45:54 - spektroskopi - INFO - Raspberry Pi'dan veri alındı: 6e400005-b5a3-f393-e0a9-e50e24dcca9e (Handle: 16): Unknown, uzunluk: 2
2026-01-23 05:45:54 - spektroskopi - INFO - Raspberry Pi verisi: Ham=1328, Voltaj=1328.000V
2026-01-23 05:45:54 - spektroskopi - INFO - Raspberry Pi verisi işlendi: SENSOR_EXTRA = 1328.000V
2026-01-23 05:45:54 - spektroskopi - INFO - Raspberry Pi'dan veri alındı: 6e400004-b5a3-f393-e0a9-e50e24dcca9e (Handle: 11): Unknown, uzunluk: 2
2026-01-23 05:45:54 - spektroskopi - INFO - Raspberry Pi verisi: Ham=83, Voltaj=83.000V
2026-01-23 05:45:54 - spektroskopi - INFO - Raspberry Pi verisi işlendi: SENSOR_7 = 83.000V
2026-01-23 05:45:54 - spektroskopi - WARNING - Zaman sıralama düzeltildi (averaged): 2026-01-23 05:45:54.623315
2026-01-23 05:45:54 - spektroskopi - WARNING - Zaman sıralama düzeltildi (averaged): 2026-01-23 05:45:54.624315
2026-01-23 05:45:54 - spektroskopi - WARNING - Zaman sıralama düzeltildi (averaged): 2026-01-23 05:45:54.625315
2026-01-23 05:45:54 - spektroskopi - WARNING - Zaman sıralama düzeltildi (averaged): 2026-01-23 05:45:54.626315
2026-01-23 05:45:54 - spektroskopi - WARNING - Zaman sıralama düzeltildi (averaged): 2026-01-23 05:45:54.627315
2026-01-23 05:45:54 - spektroskopi - WARNING - RealTimePanel: UV_360nm raw data uzunluk uyumsuzluğu (timestamps: 1078, data: 270)
2026-01-23 05:45:54 - spektroskopi - WARNING - RealTimePanel: UV_360nm calibrated data uzunluk uyumsuzluğu (timestamps: 1078, data: 270)
2026-01-23 05:45:54 - spektroskopi - WARNING - RealTimePanel: Blue_450nm raw data uzunluk uyumsuzluğu (timestamps: 1078, data: 270)
2026-01-23 05:45:54 - spektroskopi - WARNING - RealTimePanel: Blue_450nm calibrated data uzunluk uyumsuzluğu (timestamps: 1078, data: 270)
2026-01-23 05:45:54 - spektroskopi - WARNING - RealTimePanel: IR_850nm raw data uzunluk uyumsuzluğu (timestamps: 1078, data: 270)
2026-01-23 05:45:54 - spektroskopi - WARNING - RealTimePanel: IR_850nm calibrated data uzunluk uyumsuzluğu (timestamps: 1078, data: 270)
2026-01-23 05:45:54 - spektroskopi - WARNING - RealTimePanel: IR_940nm raw data uzunluk uyumsuzluğu (timestamps: 1078, data: 268)
2026-01-23 05:45:54 - spektroskopi - WARNING - RealTimePanel: IR_940nm calibrated data uzunluk uyumsuzluğu (timestamps: 1078, data: 268)
2026-01-23 05:45:54 - spektroskopi - INFO - Raspberry Pi'dan veri alındı: 6e400003-b5a3-f393-e0a9-e50e24dcca9e (Handle: 8): Nordic UART TX, uzunluk: 2
2026-01-23 05:45:54 - spektroskopi - INFO - Raspberry Pi verisi: Ham=77, Voltaj=77.000V
2026-01-23 05:45:54 - spektroskopi - INFO - Raspberry Pi verisi işlendi: SENSOR_5 = 77.000V
2026-01-23 05:45:54 - spektroskopi - INFO - Raspberry Pi'dan veri alındı: 6e400002-b5a3-f393-e0a9-e50e24dcca9e (Handle: 19): Nordic UART RX, uzunluk: 2
2026-01-23 05:45:54 - spektroskopi - INFO - Raspberry Pi verisi: Ham=1637, Voltaj=1637.000V
2026-01-23 05:45:54 - spektroskopi - INFO - Raspberry Pi verisi işlendi: SENSOR_2 = 1637.000V
2026-01-23 05:45:55 - spektroskopi - INFO - Raspberry Pi'dan veri alındı: 6e400005-b5a3-f393-e0a9-e50e24dcca9e (Handle: 16): Unknown, uzunluk: 2
2026-01-23 05:45:55 - spektroskopi - INFO - Raspberry Pi verisi: Ham=1356, Voltaj=1356.000V
2026-01-23 05:45:55 - spektroskopi - INFO - Raspberry Pi verisi işlendi: SENSOR_EXTRA = 1356.000V
2026-01-23 05:45:55 - spektroskopi - INFO - Raspberry Pi'dan veri alındı: 6e400004-b5a3-f393-e0a9-e50e24dcca9e (Handle: 11): Unknown, uzunluk: 2
2026-01-23 05:45:55 - spektroskopi - INFO - Raspberry Pi verisi: Ham=81, Voltaj=81.000V
2026-01-23 05:45:55 - spektroskopi - INFO - Raspberry Pi verisi işlendi: SENSOR_7 = 81.000V
2026-01-23 05:45:55 - spektroskopi - WARNING - Zaman sıralama düzeltildi (averaged): 2026-01-23 05:45:55.494242
2026-01-23 05:45:55 - spektroskopi - WARNING - Zaman sıralama düzeltildi (averaged): 2026-01-23 05:45:55.495242
2026-01-23 05:45:55 - spektroskopi - WARNING - Zaman sıralama düzeltildi (averaged): 2026-01-23 05:45:55.496242
2026-01-23 05:45:55 - spektroskopi - WARNING - Zaman sıralama düzeltildi (averaged): 2026-01-23 05:45:55.497242
2026-01-23 05:45:55 - spektroskopi - WARNING - RealTimePanel: UV_360nm raw data uzunluk uyumsuzluğu (timestamps: 1086, data: 272)
2026-01-23 05:45:55 - spektroskopi - WARNING - RealTimePanel: UV_360nm calibrated data uzunluk uyumsuzluğu (timestamps: 1086, data: 272)
2026-01-23 05:45:55 - spektroskopi - WARNING - RealTimePanel: Blue_450nm raw data uzunluk uyumsuzluğu (timestamps: 1086, data: 272)
2026-01-23 05:45:55 - spektroskopi - WARNING - RealTimePanel: Blue_450nm calibrated data uzunluk uyumsuzluğu (timestamps: 1086, data: 272)
2026-01-23 05:45:55 - spektroskopi - WARNING - RealTimePanel: IR_850nm raw data uzunluk uyumsuzluğu (timestamps: 1086, data: 272)
2026-01-23 05:45:55 - spektroskopi - WARNING - RealTimePanel: IR_850nm calibrated data uzunluk uyumsuzluğu (timestamps: 1086, data: 272)
2026-01-23 05:45:55 - spektroskopi - WARNING - RealTimePanel: IR_940nm raw data uzunluk uyumsuzluğu (timestamps: 1086, data: 270)
2026-01-23 05:45:55 - spektroskopi - WARNING - RealTimePanel: IR_940nm calibrated data uzunluk uyumsuzluğu (timestamps: 1086, data: 270)
2026-01-23 05:45:55 - spektroskopi - INFO - Raspberry Pi'dan veri alındı: 6e400003-b5a3-f393-e0a9-e50e24dcca9e (Handle: 8): Nordic UART TX, uzunluk: 2
2026-01-23 05:45:55 - spektroskopi - INFO - Raspberry Pi verisi: Ham=81, Voltaj=81.000V
2026-01-23 05:45:55 - spektroskopi - INFO - Raspberry Pi verisi işlendi: SENSOR_5 = 81.000V
2026-01-23 05:45:55 - spektroskopi - INFO - Raspberry Pi'dan veri alındı: 6e400002-b5a3-f393-e0a9-e50e24dcca9e (Handle: 19): Nordic UART RX, uzunluk: 2
2026-01-23 05:45:55 - spektroskopi - INFO - Raspberry Pi verisi: Ham=1613, Voltaj=1613.000V
2026-01-23 05:45:55 - spektroskopi - INFO - Raspberry Pi verisi işlendi: SENSOR_2 = 1613.000V
2026-01-23 05:45:56 - spektroskopi - INFO - Raspberry Pi'dan veri alındı: 6e400005-b5a3-f393-e0a9-e50e24dcca9e (Handle: 16): Unknown, uzunluk: 2
2026-01-23 05:45:56 - spektroskopi - INFO - Raspberry Pi verisi: Ham=1385, Voltaj=1385.000V
2026-01-23 05:45:56 - spektroskopi - INFO - Raspberry Pi verisi işlendi: SENSOR_EXTRA = 1385.000V
2026-01-23 05:45:56 - spektroskopi - INFO - Raspberry Pi'dan veri alındı: 6e400004-b5a3-f393-e0a9-e50e24dcca9e (Handle: 11): Unknown, uzunluk: 2
2026-01-23 05:45:56 - spektroskopi - INFO - Raspberry Pi verisi: Ham=81, Voltaj=81.000V
2026-01-23 05:45:56 - spektroskopi - INFO - Raspberry Pi verisi işlendi: SENSOR_7 = 81.000V
2026-01-23 05:45:56 - spektroskopi - INFO - Raspberry Pi'dan veri alındı: 6e400003-b5a3-f393-e0a9-e50e24dcca9e (Handle: 8): Nordic UART TX, uzunluk: 2
2026-01-23 05:45:56 - spektroskopi - INFO - Raspberry Pi verisi: Ham=81, Voltaj=81.000V
2026-01-23 05:45:56 - spektroskopi - INFO - Raspberry Pi verisi işlendi: SENSOR_5 = 81.000V
2026-01-23 05:45:56 - spektroskopi - INFO - Raspberry Pi'dan veri alındı: 6e400002-b5a3-f393-e0a9-e50e24dcca9e (Handle: 19): Nordic UART RX, uzunluk: 2
2026-01-23 05:45:56 - spektroskopi - INFO - Raspberry Pi verisi: Ham=1633, Voltaj=1633.000V
2026-01-23 05:45:56 - spektroskopi - INFO - Raspberry Pi verisi işlendi: SENSOR_2 = 1633.000V
2026-01-23 05:45:56 - spektroskopi - WARNING - Zaman sıralama düzeltildi (averaged): 2026-01-23 05:45:56.753307
2026-01-23 05:45:56 - spektroskopi - WARNING - Zaman sıralama düzeltildi (averaged): 2026-01-23 05:45:56.754307
2026-01-23 05:45:56 - spektroskopi - WARNING - Zaman sıralama düzeltildi (averaged): 2026-01-23 05:45:56.755307
2026-01-23 05:45:56 - spektroskopi - WARNING - Zaman sıralama düzeltildi (averaged): 2026-01-23 05:45:56.756307
2026-01-23 05:45:56 - spektroskopi - WARNING - Zaman sıralama düzeltildi (averaged): 2026-01-23 05:45:56.757307
2026-01-23 05:45:56 - spektroskopi - WARNING - Zaman sıralama düzeltildi (averaged): 2026-01-23 05:45:56.758307
2026-01-23 05:45:56 - spektroskopi - WARNING - RealTimePanel: UV_360nm raw data uzunluk uyumsuzluğu (timestamps: 1098, data: 276)
2026-01-23 05:45:56 - spektroskopi - WARNING - RealTimePanel: UV_360nm calibrated data uzunluk uyumsuzluğu (timestamps: 1098, data: 276)
2026-01-23 05:45:56 - spektroskopi - WARNING - RealTimePanel: Blue_450nm raw data uzunluk uyumsuzluğu (timestamps: 1098, data: 274)
2026-01-23 05:45:56 - spektroskopi - WARNING - RealTimePanel: Blue_450nm calibrated data uzunluk uyumsuzluğu (timestamps: 1098, data: 274)
2026-01-23 05:45:56 - spektroskopi - WARNING - RealTimePanel: IR_850nm raw data uzunluk uyumsuzluğu (timestamps: 1098, data: 274)
2026-01-23 05:45:56 - spektroskopi - WARNING - RealTimePanel: IR_850nm calibrated data uzunluk uyumsuzluğu (timestamps: 1098, data: 274)
2026-01-23 05:45:56 - spektroskopi - WARNING - RealTimePanel: IR_940nm raw data uzunluk uyumsuzluğu (timestamps: 1098, data: 274)
2026-01-23 05:45:56 - spektroskopi - WARNING - RealTimePanel: IR_940nm calibrated data uzunluk uyumsuzluğu (timestamps: 1098, data: 274)
2026-01-23 05:45:56 - spektroskopi - INFO - Raspberry Pi'dan veri alındı: 6e400005-b5a3-f393-e0a9-e50e24dcca9e (Handle: 16): Unknown, uzunluk: 2
2026-01-23 05:45:56 - spektroskopi - INFO - Raspberry Pi verisi: Ham=1373, Voltaj=1373.000V
2026-01-23 05:45:56 - spektroskopi - INFO - Raspberry Pi verisi işlendi: SENSOR_EXTRA = 1373.000V
2026-01-23 05:45:57 - spektroskopi - INFO - Raspberry Pi'dan veri alındı: 6e400004-b5a3-f393-e0a9-e50e24dcca9e (Handle: 11): Unknown, uzunluk: 2
2026-01-23 05:45:57 - spektroskopi - INFO - Raspberry Pi verisi: Ham=80, Voltaj=80.000V
2026-01-23 05:45:57 - spektroskopi - INFO - Raspberry Pi verisi işlendi: SENSOR_7 = 80.000V
2026-01-23 05:45:57 - spektroskopi - INFO - Raspberry Pi'dan veri alındı: 6e400003-b5a3-f393-e0a9-e50e24dcca9e (Handle: 8): Nordic UART TX, uzunluk: 2
2026-01-23 05:45:57 - spektroskopi - INFO - Raspberry Pi verisi: Ham=82, Voltaj=82.000V
2026-01-23 05:45:57 - spektroskopi - INFO - Raspberry Pi verisi işlendi: SENSOR_5 = 82.000V
2026-01-23 05:45:57 - spektroskopi - INFO - Raspberry Pi'dan veri alındı: 6e400002-b5a3-f393-e0a9-e50e24dcca9e (Handle: 19): Nordic UART RX, uzunluk: 2
2026-01-23 05:45:57 - spektroskopi - INFO - Raspberry Pi verisi: Ham=1646, Voltaj=1646.000V
2026-01-23 05:45:57 - spektroskopi - INFO - Raspberry Pi verisi işlendi: SENSOR_2 = 1646.000V
2026-01-23 05:45:57 - spektroskopi - WARNING - Zaman sıralama düzeltildi (averaged): 2026-01-23 05:45:57.623970
2026-01-23 05:45:57 - spektroskopi - WARNING - Zaman sıralama düzeltildi (averaged): 2026-01-23 05:45:57.624970
2026-01-23 05:45:57 - spektroskopi - WARNING - Zaman sıralama düzeltildi (averaged): 2026-01-23 05:45:57.625970
2026-01-23 05:45:57 - spektroskopi - WARNING - Zaman sıralama düzeltildi (averaged): 2026-01-23 05:45:57.626970
2026-01-23 05:45:57 - spektroskopi - WARNING - RealTimePanel: UV_360nm raw data uzunluk uyumsuzluğu (timestamps: 1106, data: 278)
2026-01-23 05:45:57 - spektroskopi - WARNING - RealTimePanel: UV_360nm calibrated data uzunluk uyumsuzluğu (timestamps: 1106, data: 278)
2026-01-23 05:45:57 - spektroskopi - WARNING - RealTimePanel: Blue_450nm raw data uzunluk uyumsuzluğu (timestamps: 1106, data: 276)
2026-01-23 05:45:57 - spektroskopi - WARNING - RealTimePanel: Blue_450nm calibrated data uzunluk uyumsuzluğu (timestamps: 1106, data: 276)
2026-01-23 05:45:57 - spektroskopi - WARNING - RealTimePanel: IR_850nm raw data uzunluk uyumsuzluğu (timestamps: 1106, data: 276)
2026-01-23 05:45:57 - spektroskopi - WARNING - RealTimePanel: IR_850nm calibrated data uzunluk uyumsuzluğu (timestamps: 1106, data: 276)
2026-01-23 05:45:57 - spektroskopi - WARNING - RealTimePanel: IR_940nm raw data uzunluk uyumsuzluğu (timestamps: 1106, data: 276)
2026-01-23 05:45:57 - spektroskopi - WARNING - RealTimePanel: IR_940nm calibrated data uzunluk uyumsuzluğu (timestamps: 1106, data: 276)
2026-01-23 05:45:57 - spektroskopi - INFO - Raspberry Pi'dan veri alındı: 6e400005-b5a3-f393-e0a9-e50e24dcca9e (Handle: 16): Unknown, uzunluk: 2
2026-01-23 05:45:57 - spektroskopi - INFO - Raspberry Pi verisi: Ham=1384, Voltaj=1384.000V
2026-01-23 05:45:57 - spektroskopi - INFO - Raspberry Pi verisi işlendi: SENSOR_EXTRA = 1384.000V
2026-01-23 05:45:58 - spektroskopi - INFO - Raspberry Pi'dan veri alındı: 6e400004-b5a3-f393-e0a9-e50e24dcca9e (Handle: 11): Unknown, uzunluk: 2
2026-01-23 05:45:58 - spektroskopi - INFO - Raspberry Pi verisi: Ham=82, Voltaj=82.000V
2026-01-23 05:45:58 - spektroskopi - INFO - Raspberry Pi verisi işlendi: SENSOR_7 = 82.000V
2026-01-23 05:45:58 - spektroskopi - INFO - Raspberry Pi'dan veri alındı: 6e400003-b5a3-f393-e0a9-e50e24dcca9e (Handle: 8): Nordic UART TX, uzunluk: 2
2026-01-23 05:45:58 - spektroskopi - INFO - Raspberry Pi verisi: Ham=82, Voltaj=82.000V
2026-01-23 05:45:58 - spektroskopi - INFO - Raspberry Pi verisi işlendi: SENSOR_5 = 82.000V
2026-01-23 05:45:58 - spektroskopi - INFO - Raspberry Pi'dan veri alındı: 6e400002-b5a3-f393-e0a9-e50e24dcca9e (Handle: 19): Nordic UART RX, uzunluk: 2
2026-01-23 05:45:58 - spektroskopi - INFO - Raspberry Pi verisi: Ham=1648, Voltaj=1648.000V
2026-01-23 05:45:58 - spektroskopi - INFO - Raspberry Pi verisi işlendi: SENSOR_2 = 1648.000V
2026-01-23 05:45:58 - spektroskopi - INFO - Raspberry Pi'dan veri alındı: 6e400005-b5a3-f393-e0a9-e50e24dcca9e (Handle: 16): Unknown, uzunluk: 2
2026-01-23 05:45:58 - spektroskopi - WARNING - Zaman sıralama düzeltildi (averaged): 2026-01-23 05:45:58.493238
2026-01-23 05:45:58 - spektroskopi - INFO - Raspberry Pi verisi: Ham=1365, Voltaj=1365.000V
2026-01-23 05:45:58 - spektroskopi - WARNING - Zaman sıralama düzeltildi (averaged): 2026-01-23 05:45:58.494238
2026-01-23 05:45:58 - spektroskopi - INFO - Raspberry Pi verisi işlendi: SENSOR_EXTRA = 1365.000V
2026-01-23 05:45:58 - spektroskopi - WARNING - Zaman sıralama düzeltildi (averaged): 2026-01-23 05:45:58.495238
2026-01-23 05:45:58 - spektroskopi - WARNING - Zaman sıralama düzeltildi (averaged): 2026-01-23 05:45:58.496238
2026-01-23 05:45:58 - spektroskopi - WARNING - RealTimePanel: UV_360nm raw data uzunluk uyumsuzluğu (timestamps: 1115, data: 280)
2026-01-23 05:45:58 - spektroskopi - WARNING - RealTimePanel: UV_360nm calibrated data uzunluk uyumsuzluğu (timestamps: 1115, data: 280)
2026-01-23 05:45:58 - spektroskopi - WARNING - RealTimePanel: Blue_450nm raw data uzunluk uyumsuzluğu (timestamps: 1115, data: 279)
2026-01-23 05:45:58 - spektroskopi - WARNING - RealTimePanel: Blue_450nm calibrated data uzunluk uyumsuzluğu (timestamps: 1115, data: 279)
2026-01-23 05:45:58 - spektroskopi - WARNING - RealTimePanel: IR_850nm raw data uzunluk uyumsuzluğu (timestamps: 1115, data: 278)
2026-01-23 05:45:58 - spektroskopi - WARNING - RealTimePanel: IR_850nm calibrated data uzunluk uyumsuzluğu (timestamps: 1115, data: 278)
2026-01-23 05:45:58 - spektroskopi - WARNING - RealTimePanel: IR_940nm raw data uzunluk uyumsuzluğu (timestamps: 1115, data: 278)
2026-01-23 05:45:58 - spektroskopi - WARNING - RealTimePanel: IR_940nm calibrated data uzunluk uyumsuzluğu (timestamps: 1115, data: 278)
2026-01-23 05:45:59 - spektroskopi - INFO - Raspberry Pi'dan veri alındı: 6e400004-b5a3-f393-e0a9-e50e24dcca9e (Handle: 11): Unknown, uzunluk: 2
2026-01-23 05:45:59 - spektroskopi - INFO - Raspberry Pi verisi: Ham=82, Voltaj=82.000V
2026-01-23 05:45:59 - spektroskopi - INFO - Raspberry Pi verisi işlendi: SENSOR_7 = 82.000V
2026-01-23 05:45:59 - spektroskopi - INFO - Raspberry Pi'dan veri alındı: 6e400003-b5a3-f393-e0a9-e50e24dcca9e (Handle: 8): Nordic UART TX, uzunluk: 2
2026-01-23 05:45:59 - spektroskopi - INFO - Raspberry Pi verisi: Ham=82, Voltaj=82.000V
2026-01-23 05:45:59 - spektroskopi - INFO - Raspberry Pi verisi işlendi: SENSOR_5 = 82.000V
2026-01-23 05:45:59 - spektroskopi - INFO - Raspberry Pi'dan veri alındı: 6e400002-b5a3-f393-e0a9-e50e24dcca9e (Handle: 19): Nordic UART RX, uzunluk: 2
2026-01-23 05:45:59 - spektroskopi - INFO - Raspberry Pi verisi: Ham=1637, Voltaj=1637.000V
2026-01-23 05:45:59 - spektroskopi - INFO - Raspberry Pi verisi işlendi: SENSOR_2 = 1637.000V
2026-01-23 05:45:59 - spektroskopi - INFO - Raspberry Pi'dan veri alındı: 6e400005-b5a3-f393-e0a9-e50e24dcca9e (Handle: 16): Unknown, uzunluk: 2
2026-01-23 05:45:59 - spektroskopi - INFO - Raspberry Pi verisi: Ham=1393, Voltaj=1393.000V
2026-01-23 05:45:59 - spektroskopi - INFO - Raspberry Pi verisi işlendi: SENSOR_EXTRA = 1393.000V
2026-01-23 05:45:59 - spektroskopi - WARNING - Zaman sıralama düzeltildi (averaged): 2026-01-23 05:45:59.633256
2026-01-23 05:45:59 - spektroskopi - WARNING - Zaman sıralama düzeltildi (averaged): 2026-01-23 05:45:59.634256
2026-01-23 05:45:59 - spektroskopi - WARNING - Zaman sıralama düzeltildi (averaged): 2026-01-23 05:45:59.635256
2026-01-23 05:45:59 - spektroskopi - WARNING - Zaman sıralama düzeltildi (averaged): 2026-01-23 05:45:59.636256
2026-01-23 05:45:59 - spektroskopi - WARNING - Zaman sıralama düzeltildi (averaged): 2026-01-23 05:45:59.637256
2026-01-23 05:45:59 - spektroskopi - WARNING - RealTimePanel: UV_360nm raw data uzunluk uyumsuzluğu (timestamps: 1124, data: 282)
2026-01-23 05:45:59 - spektroskopi - WARNING - RealTimePanel: UV_360nm calibrated data uzunluk uyumsuzluğu (timestamps: 1124, data: 282)
2026-01-23 05:45:59 - spektroskopi - WARNING - RealTimePanel: Blue_450nm raw data uzunluk uyumsuzluğu (timestamps: 1124, data: 282)
2026-01-23 05:45:59 - spektroskopi - WARNING - RealTimePanel: Blue_450nm calibrated data uzunluk uyumsuzluğu (timestamps: 1124, data: 282)
2026-01-23 05:45:59 - spektroskopi - WARNING - RealTimePanel: IR_850nm raw data uzunluk uyumsuzluğu (timestamps: 1124, data: 280)
2026-01-23 05:45:59 - spektroskopi - WARNING - RealTimePanel: IR_850nm calibrated data uzunluk uyumsuzluğu (timestamps: 1124, data: 280)
2026-01-23 05:45:59 - spektroskopi - WARNING - RealTimePanel: IR_940nm raw data uzunluk uyumsuzluğu (timestamps: 1124, data: 280)
2026-01-23 05:45:59 - spektroskopi - WARNING - RealTimePanel: IR_940nm calibrated data uzunluk uyumsuzluğu (timestamps: 1124, data: 280)
2026-01-23 05:45:59 - spektroskopi - INFO - Raspberry Pi'dan veri alındı: 6e400004-b5a3-f393-e0a9-e50e24dcca9e (Handle: 11): Unknown, uzunluk: 2
2026-01-23 05:45:59 - spektroskopi - INFO - Raspberry Pi verisi: Ham=80, Voltaj=80.000V
2026-01-23 05:45:59 - spektroskopi - INFO - Raspberry Pi verisi işlendi: SENSOR_7 = 80.000V
2026-01-23 05:46:00 - spektroskopi - INFO - Raspberry Pi'dan veri alındı: 6e400003-b5a3-f393-e0a9-e50e24dcca9e (Handle: 8): Nordic UART TX, uzunluk: 2
2026-01-23 05:46:00 - spektroskopi - INFO - Raspberry Pi verisi: Ham=82, Voltaj=82.000V
2026-01-23 05:46:00 - spektroskopi - INFO - Raspberry Pi verisi işlendi: SENSOR_5 = 82.000V
2026-01-23 05:46:00 - spektroskopi - INFO - Raspberry Pi'dan veri alındı: 6e400002-b5a3-f393-e0a9-e50e24dcca9e (Handle: 19): Nordic UART RX, uzunluk: 2
2026-01-23 05:46:00 - spektroskopi - INFO - Raspberry Pi verisi: Ham=1635, Voltaj=1635.000V
2026-01-23 05:46:00 - spektroskopi - INFO - Raspberry Pi verisi işlendi: SENSOR_2 = 1635.000V
2026-01-23 05:46:00 - spektroskopi - INFO - Raspberry Pi'dan veri alındı: 6e400005-b5a3-f393-e0a9-e50e24dcca9e (Handle: 16): Unknown, uzunluk: 2
2026-01-23 05:46:00 - spektroskopi - INFO - Raspberry Pi verisi: Ham=1375, Voltaj=1375.000V
2026-01-23 05:46:00 - spektroskopi - INFO - Raspberry Pi verisi işlendi: SENSOR_EXTRA = 1375.000V
2026-01-23 05:46:00 - spektroskopi - WARNING - Zaman sıralama düzeltildi (averaged): 2026-01-23 05:46:00.533063
2026-01-23 05:46:00 - spektroskopi - WARNING - Zaman sıralama düzeltildi (averaged): 2026-01-23 05:46:00.534063
2026-01-23 05:46:00 - spektroskopi - WARNING - Zaman sıralama düzeltildi (averaged): 2026-01-23 05:46:00.535063
2026-01-23 05:46:00 - spektroskopi - WARNING - Zaman sıralama düzeltildi (averaged): 2026-01-23 05:46:00.536063
2026-01-23 05:46:00 - spektroskopi - WARNING - RealTimePanel: UV_360nm raw data uzunluk uyumsuzluğu (timestamps: 1132, data: 284)
2026-01-23 05:46:00 - spektroskopi - INFO - Raspberry Pi'dan veri alındı: 6e400004-b5a3-f393-e0a9-e50e24dcca9e (Handle: 11): Unknown, uzunluk: 2
2026-01-23 05:46:00 - spektroskopi - WARNING - RealTimePanel: UV_360nm calibrated data uzunluk uyumsuzluğu (timestamps: 1132, data: 284)
2026-01-23 05:46:00 - spektroskopi - INFO - Raspberry Pi verisi: Ham=83, Voltaj=83.000V
2026-01-23 05:46:00 - spektroskopi - WARNING - RealTimePanel: Blue_450nm raw data uzunluk uyumsuzluğu (timestamps: 1132, data: 284)
2026-01-23 05:46:00 - spektroskopi - INFO - Raspberry Pi verisi işlendi: SENSOR_7 = 83.000V
2026-01-23 05:46:00 - spektroskopi - WARNING - RealTimePanel: Blue_450nm calibrated data uzunluk uyumsuzluğu (timestamps: 1132, data: 284)
2026-01-23 05:46:00 - spektroskopi - WARNING - RealTimePanel: IR_850nm raw data uzunluk uyumsuzluğu (timestamps: 1132, data: 283)
2026-01-23 05:46:00 - spektroskopi - WARNING - RealTimePanel: IR_850nm calibrated data uzunluk uyumsuzluğu (timestamps: 1132, data: 283)
2026-01-23 05:46:00 - spektroskopi - WARNING - RealTimePanel: IR_940nm raw data uzunluk uyumsuzluğu (timestamps: 1132, data: 282)
2026-01-23 05:46:00 - spektroskopi - WARNING - RealTimePanel: IR_940nm calibrated data uzunluk uyumsuzluğu (timestamps: 1132, data: 282)
2026-01-23 05:46:01 - spektroskopi - INFO - Raspberry Pi'dan veri alındı: 6e400003-b5a3-f393-e0a9-e50e24dcca9e (Handle: 8): Nordic UART TX, uzunluk: 2
2026-01-23 05:46:01 - spektroskopi - INFO - Raspberry Pi verisi: Ham=80, Voltaj=80.000V
2026-01-23 05:46:01 - spektroskopi - INFO - Raspberry Pi verisi işlendi: SENSOR_5 = 80.000V
2026-01-23 05:46:01 - spektroskopi - INFO - Raspberry Pi'dan veri alındı: 6e400002-b5a3-f393-e0a9-e50e24dcca9e (Handle: 19): Nordic UART RX, uzunluk: 2
2026-01-23 05:46:01 - spektroskopi - INFO - Raspberry Pi verisi: Ham=1657, Voltaj=1657.000V
2026-01-23 05:46:01 - spektroskopi - INFO - Raspberry Pi verisi işlendi: SENSOR_2 = 1657.000V
2026-01-23 05:46:01 - spektroskopi - INFO - Raspberry Pi'dan veri alındı: 6e400005-b5a3-f393-e0a9-e50e24dcca9e (Handle: 16): Unknown, uzunluk: 2
2026-01-23 05:46:01 - spektroskopi - INFO - Raspberry Pi verisi: Ham=1366, Voltaj=1366.000V
2026-01-23 05:46:01 - spektroskopi - INFO - Raspberry Pi verisi işlendi: SENSOR_EXTRA = 1366.000V
2026-01-23 05:46:01 - spektroskopi - INFO - Raspberry Pi'dan veri alındı: 6e400004-b5a3-f393-e0a9-e50e24dcca9e (Handle: 11): Unknown, uzunluk: 2
2026-01-23 05:46:01 - spektroskopi - INFO - Raspberry Pi verisi: Ham=82, Voltaj=82.000V
2026-01-23 05:46:01 - spektroskopi - INFO - Raspberry Pi verisi işlendi: SENSOR_7 = 82.000V
2026-01-23 05:46:01 - spektroskopi - WARNING - Zaman sıralama düzeltildi (averaged): 2026-01-23 05:46:01.673372
2026-01-23 05:46:01 - spektroskopi - WARNING - Zaman sıralama düzeltildi (averaged): 2026-01-23 05:46:01.674372
2026-01-23 05:46:01 - spektroskopi - WARNING - Zaman sıralama düzeltildi (averaged): 2026-01-23 05:46:01.675372
2026-01-23 05:46:01 - spektroskopi - WARNING - Zaman sıralama düzeltildi (averaged): 2026-01-23 05:46:01.676372
2026-01-23 05:46:01 - spektroskopi - WARNING - Zaman sıralama düzeltildi (averaged): 2026-01-23 05:46:01.677372
2026-01-23 05:46:01 - spektroskopi - WARNING - RealTimePanel: UV_360nm raw data uzunluk uyumsuzluğu (timestamps: 1142, data: 286)
2026-01-23 05:46:01 - spektroskopi - WARNING - RealTimePanel: UV_360nm calibrated data uzunluk uyumsuzluğu (timestamps: 1142, data: 286)
2026-01-23 05:46:01 - spektroskopi - WARNING - RealTimePanel: Blue_450nm raw data uzunluk uyumsuzluğu (timestamps: 1142, data: 286)
2026-01-23 05:46:01 - spektroskopi - WARNING - RealTimePanel: Blue_450nm calibrated data uzunluk uyumsuzluğu (timestamps: 1142, data: 286)
2026-01-23 05:46:01 - spektroskopi - WARNING - RealTimePanel: IR_850nm raw data uzunluk uyumsuzluğu (timestamps: 1142, data: 286)
2026-01-23 05:46:01 - spektroskopi - WARNING - RealTimePanel: IR_850nm calibrated data uzunluk uyumsuzluğu (timestamps: 1142, data: 286)
2026-01-23 05:46:01 - spektroskopi - WARNING - RealTimePanel: IR_940nm raw data uzunluk uyumsuzluğu (timestamps: 1142, data: 284)
2026-01-23 05:46:01 - spektroskopi - WARNING - RealTimePanel: IR_940nm calibrated data uzunluk uyumsuzluğu (timestamps: 1142, data: 284)
2026-01-23 05:46:01 - spektroskopi - INFO - Raspberry Pi'dan veri alındı: 6e400003-b5a3-f393-e0a9-e50e24dcca9e (Handle: 8): Nordic UART TX, uzunluk: 2
2026-01-23 05:46:01 - spektroskopi - INFO - Raspberry Pi verisi: Ham=79, Voltaj=79.000V
2026-01-23 05:46:01 - spektroskopi - INFO - Raspberry Pi verisi işlendi: SENSOR_5 = 79.000V
2026-01-23 05:46:02 - spektroskopi - INFO - Raspberry Pi'dan veri alındı: 6e400002-b5a3-f393-e0a9-e50e24dcca9e (Handle: 19): Nordic UART RX, uzunluk: 2
2026-01-23 05:46:02 - spektroskopi - INFO - Raspberry Pi verisi: Ham=1647, Voltaj=1647.000V
2026-01-23 05:46:02 - spektroskopi - INFO - Raspberry Pi verisi işlendi: SENSOR_2 = 1647.000V
2026-01-23 05:46:02 - spektroskopi - INFO - Raspberry Pi'dan veri alındı: 6e400005-b5a3-f393-e0a9-e50e24dcca9e (Handle: 16): Unknown, uzunluk: 2
2026-01-23 05:46:02 - spektroskopi - INFO - Raspberry Pi verisi: Ham=1372, Voltaj=1372.000V
2026-01-23 05:46:02 - spektroskopi - INFO - Raspberry Pi verisi işlendi: SENSOR_EXTRA = 1372.000V
2026-01-23 05:46:02 - spektroskopi - INFO - Raspberry Pi'dan veri alındı: 6e400004-b5a3-f393-e0a9-e50e24dcca9e (Handle: 11): Unknown, uzunluk: 2
2026-01-23 05:46:02 - spektroskopi - INFO - Raspberry Pi verisi: Ham=84, Voltaj=84.000V
2026-01-23 05:46:02 - spektroskopi - INFO - Raspberry Pi verisi işlendi: SENSOR_7 = 84.000V
2026-01-23 05:46:02 - spektroskopi - WARNING - Zaman sıralama düzeltildi (averaged): 2026-01-23 05:46:02.543266
2026-01-23 05:46:02 - spektroskopi - WARNING - Zaman sıralama düzeltildi (averaged): 2026-01-23 05:46:02.544266
2026-01-23 05:46:02 - spektroskopi - WARNING - Zaman sıralama düzeltildi (averaged): 2026-01-23 05:46:02.545266
2026-01-23 05:46:02 - spektroskopi - WARNING - Zaman sıralama düzeltildi (averaged): 2026-01-23 05:46:02.546266
2026-01-23 05:46:02 - spektroskopi - WARNING - RealTimePanel: UV_360nm raw data uzunluk uyumsuzluğu (timestamps: 1150, data: 288)
2026-01-23 05:46:02 - spektroskopi - WARNING - RealTimePanel: UV_360nm calibrated data uzunluk uyumsuzluğu (timestamps: 1150, data: 288)
2026-01-23 05:46:02 - spektroskopi - WARNING - RealTimePanel: Blue_450nm raw data uzunluk uyumsuzluğu (timestamps: 1150, data: 288)
2026-01-23 05:46:02 - spektroskopi - WARNING - RealTimePanel: Blue_450nm calibrated data uzunluk uyumsuzluğu (timestamps: 1150, data: 288)
2026-01-23 05:46:02 - spektroskopi - WARNING - RealTimePanel: IR_850nm raw data uzunluk uyumsuzluğu (timestamps: 1150, data: 288)
2026-01-23 05:46:02 - spektroskopi - WARNING - RealTimePanel: IR_850nm calibrated data uzunluk uyumsuzluğu (timestamps: 1150, data: 288)
2026-01-23 05:46:02 - spektroskopi - WARNING - RealTimePanel: IR_940nm raw data uzunluk uyumsuzluğu (timestamps: 1150, data: 286)
2026-01-23 05:46:02 - spektroskopi - WARNING - RealTimePanel: IR_940nm calibrated data uzunluk uyumsuzluğu (timestamps: 1150, data: 286)
2026-01-23 05:46:02 - spektroskopi - INFO - Raspberry Pi'dan veri alındı: 6e400003-b5a3-f393-e0a9-e50e24dcca9e (Handle: 8): Nordic UART TX, uzunluk: 2
2026-01-23 05:46:02 - spektroskopi - INFO - Raspberry Pi verisi: Ham=83, Voltaj=83.000V
2026-01-23 05:46:02 - spektroskopi - INFO - Raspberry Pi verisi işlendi: SENSOR_5 = 83.000V
2026-01-23 05:46:02 - spektroskopi - INFO - Raspberry Pi'dan veri alındı: 6e400002-b5a3-f393-e0a9-e50e24dcca9e (Handle: 19): Nordic UART RX, uzunluk: 2
2026-01-23 05:46:02 - spektroskopi - INFO - Raspberry Pi verisi: Ham=1661, Voltaj=1661.000V
2026-01-23 05:46:02 - spektroskopi - INFO - Raspberry Pi verisi işlendi: SENSOR_2 = 1661.000V
2026-01-23 05:46:03 - spektroskopi - INFO - Raspberry Pi'dan veri alındı: 6e400005-b5a3-f393-e0a9-e50e24dcca9e (Handle: 16): Unknown, uzunluk: 2
2026-01-23 05:46:03 - spektroskopi - INFO - Raspberry Pi verisi: Ham=1407, Voltaj=1407.000V
2026-01-23 05:46:03 - spektroskopi - INFO - Raspberry Pi verisi işlendi: SENSOR_EXTRA = 1407.000V
2026-01-23 05:46:03 - spektroskopi - INFO - Raspberry Pi'dan veri alındı: 6e400004-b5a3-f393-e0a9-e50e24dcca9e (Handle: 11): Unknown, uzunluk: 2
2026-01-23 05:46:03 - spektroskopi - INFO - Raspberry Pi verisi: Ham=83, Voltaj=83.000V
2026-01-23 05:46:03 - spektroskopi - INFO - Raspberry Pi verisi işlendi: SENSOR_7 = 83.000V
2026-01-23 05:46:03 - spektroskopi - INFO - Raspberry Pi'dan veri alındı: 6e400003-b5a3-f393-e0a9-e50e24dcca9e (Handle: 8): Nordic UART TX, uzunluk: 2
2026-01-23 05:46:03 - spektroskopi - INFO - Raspberry Pi verisi: Ham=80, Voltaj=80.000V
2026-01-23 05:46:03 - spektroskopi - INFO - Raspberry Pi verisi işlendi: SENSOR_5 = 80.000V
2026-01-23 05:46:03 - spektroskopi - INFO - Raspberry Pi'dan veri alındı: 6e400002-b5a3-f393-e0a9-e50e24dcca9e (Handle: 19): Nordic UART RX, uzunluk: 2
2026-01-23 05:46:03 - spektroskopi - INFO - Raspberry Pi verisi: Ham=1649, Voltaj=1649.000V
2026-01-23 05:46:03 - spektroskopi - INFO - Raspberry Pi verisi işlendi: SENSOR_2 = 1649.000V
2026-01-23 05:46:03 - spektroskopi - WARNING - Zaman sıralama düzeltildi (averaged): 2026-01-23 05:46:03.774093
2026-01-23 05:46:03 - spektroskopi - WARNING - Zaman sıralama düzeltildi (averaged): 2026-01-23 05:46:03.775093
2026-01-23 05:46:03 - spektroskopi - WARNING - Zaman sıralama düzeltildi (averaged): 2026-01-23 05:46:03.776093
2026-01-23 05:46:03 - spektroskopi - WARNING - Zaman sıralama düzeltildi (averaged): 2026-01-23 05:46:03.777093
2026-01-23 05:46:03 - spektroskopi - WARNING - Zaman sıralama düzeltildi (averaged): 2026-01-23 05:46:03.778093
2026-01-23 05:46:03 - spektroskopi - WARNING - Zaman sıralama düzeltildi (averaged): 2026-01-23 05:46:03.779093
2026-01-23 05:46:03 - spektroskopi - WARNING - RealTimePanel: UV_360nm raw data uzunluk uyumsuzluğu (timestamps: 1162, data: 292)
2026-01-23 05:46:03 - spektroskopi - WARNING - RealTimePanel: UV_360nm calibrated data uzunluk uyumsuzluğu (timestamps: 1162, data: 292)
2026-01-23 05:46:03 - spektroskopi - WARNING - RealTimePanel: Blue_450nm raw data uzunluk uyumsuzluğu (timestamps: 1162, data: 290)
2026-01-23 05:46:03 - spektroskopi - WARNING - RealTimePanel: Blue_450nm calibrated data uzunluk uyumsuzluğu (timestamps: 1162, data: 290)
2026-01-23 05:46:03 - spektroskopi - WARNING - RealTimePanel: IR_850nm raw data uzunluk uyumsuzluğu (timestamps: 1162, data: 290)
2026-01-23 05:46:03 - spektroskopi - WARNING - RealTimePanel: IR_850nm calibrated data uzunluk uyumsuzluğu (timestamps: 1162, data: 290)
2026-01-23 05:46:03 - spektroskopi - WARNING - RealTimePanel: IR_940nm raw data uzunluk uyumsuzluğu (timestamps: 1162, data: 290)
2026-01-23 05:46:03 - spektroskopi - WARNING - RealTimePanel: IR_940nm calibrated data uzunluk uyumsuzluğu (timestamps: 1162, data: 290)
2026-01-23 05:46:04 - spektroskopi - INFO - Raspberry Pi'dan veri alındı: 6e400005-b5a3-f393-e0a9-e50e24dcca9e (Handle: 16): Unknown, uzunluk: 2
2026-01-23 05:46:04 - spektroskopi - INFO - Raspberry Pi verisi: Ham=1395, Voltaj=1395.000V
2026-01-23 05:46:04 - spektroskopi - INFO - Raspberry Pi verisi işlendi: SENSOR_EXTRA = 1395.000V
2026-01-23 05:46:04 - spektroskopi - INFO - Raspberry Pi'dan veri alındı: 6e400004-b5a3-f393-e0a9-e50e24dcca9e (Handle: 11): Unknown, uzunluk: 2
2026-01-23 05:46:04 - spektroskopi - INFO - Raspberry Pi verisi: Ham=81, Voltaj=81.000V
2026-01-23 05:46:04 - spektroskopi - INFO - Raspberry Pi verisi işlendi: SENSOR_7 = 81.000V
2026-01-23 05:46:04 - spektroskopi - INFO - Raspberry Pi'dan veri alındı: 6e400003-b5a3-f393-e0a9-e50e24dcca9e (Handle: 8): Nordic UART TX, uzunluk: 2
2026-01-23 05:46:04 - spektroskopi - INFO - Raspberry Pi verisi: Ham=81, Voltaj=81.000V
2026-01-23 05:46:04 - spektroskopi - INFO - Raspberry Pi verisi işlendi: SENSOR_5 = 81.000V
2026-01-23 05:46:04 - spektroskopi - INFO - Raspberry Pi'dan veri alındı: 6e400002-b5a3-f393-e0a9-e50e24dcca9e (Handle: 19): Nordic UART RX, uzunluk: 2
2026-01-23 05:46:04 - spektroskopi - INFO - Raspberry Pi verisi: Ham=1667, Voltaj=1667.000V
2026-01-23 05:46:04 - spektroskopi - INFO - Raspberry Pi verisi işlendi: SENSOR_2 = 1667.000V
2026-01-23 05:46:04 - spektroskopi - WARNING - Zaman sıralama düzeltildi (averaged): 2026-01-23 05:46:04.674497
2026-01-23 05:46:04 - spektroskopi - WARNING - Zaman sıralama düzeltildi (averaged): 2026-01-23 05:46:04.675497
2026-01-23 05:46:04 - spektroskopi - WARNING - Zaman sıralama düzeltildi (averaged): 2026-01-23 05:46:04.676497
2026-01-23 05:46:04 - spektroskopi - WARNING - Zaman sıralama düzeltildi (averaged): 2026-01-23 05:46:04.677497
2026-01-23 05:46:04 - spektroskopi - WARNING - RealTimePanel: UV_360nm raw data uzunluk uyumsuzluğu (timestamps: 1170, data: 294)
2026-01-23 05:46:04 - spektroskopi - WARNING - RealTimePanel: UV_360nm calibrated data uzunluk uyumsuzluğu (timestamps: 1170, data: 294)
2026-01-23 05:46:04 - spektroskopi - WARNING - RealTimePanel: Blue_450nm raw data uzunluk uyumsuzluğu (timestamps: 1170, data: 292)
2026-01-23 05:46:04 - spektroskopi - WARNING - RealTimePanel: Blue_450nm calibrated data uzunluk uyumsuzluğu (timestamps: 1170, data: 292)
2026-01-23 05:46:04 - spektroskopi - WARNING - RealTimePanel: IR_850nm raw data uzunluk uyumsuzluğu (timestamps: 1170, data: 292)
2026-01-23 05:46:04 - spektroskopi - WARNING - RealTimePanel: IR_850nm calibrated data uzunluk uyumsuzluğu (timestamps: 1170, data: 292)
2026-01-23 05:46:04 - spektroskopi - WARNING - RealTimePanel: IR_940nm raw data uzunluk uyumsuzluğu (timestamps: 1170, data: 292)
2026-01-23 05:46:04 - spektroskopi - WARNING - RealTimePanel: IR_940nm calibrated data uzunluk uyumsuzluğu (timestamps: 1170, data: 292)
2026-01-23 05:46:04 - spektroskopi - INFO - Raspberry Pi'dan veri alındı: 6e400005-b5a3-f393-e0a9-e50e24dcca9e (Handle: 16): Unknown, uzunluk: 2
2026-01-23 05:46:04 - spektroskopi - INFO - Raspberry Pi verisi: Ham=1397, Voltaj=1397.000V
2026-01-23 05:46:04 - spektroskopi - INFO - Raspberry Pi verisi işlendi: SENSOR_EXTRA = 1397.000V
2026-01-23 05:46:05 - spektroskopi - INFO - Raspberry Pi'dan veri alındı: 6e400004-b5a3-f393-e0a9-e50e24dcca9e (Handle: 11): Unknown, uzunluk: 2
2026-01-23 05:46:05 - spektroskopi - INFO - Raspberry Pi verisi: Ham=82, Voltaj=82.000V
2026-01-23 05:46:05 - spektroskopi - INFO - Raspberry Pi verisi işlendi: SENSOR_7 = 82.000V
2026-01-23 05:46:05 - spektroskopi - INFO - Raspberry Pi'dan veri alındı: 6e400003-b5a3-f393-e0a9-e50e24dcca9e (Handle: 8): Nordic UART TX, uzunluk: 2
2026-01-23 05:46:05 - spektroskopi - INFO - Raspberry Pi verisi: Ham=82, Voltaj=82.000V
2026-01-23 05:46:05 - spektroskopi - INFO - Raspberry Pi verisi işlendi: SENSOR_5 = 82.000V
2026-01-23 05:46:05 - spektroskopi - INFO - Raspberry Pi'dan veri alındı: 6e400002-b5a3-f393-e0a9-e50e24dcca9e (Handle: 19): Nordic UART RX, uzunluk: 2
2026-01-23 05:46:05 - spektroskopi - INFO - Raspberry Pi verisi: Ham=1664, Voltaj=1664.000V
2026-01-23 05:46:05 - spektroskopi - INFO - Raspberry Pi verisi işlendi: SENSOR_2 = 1664.000V
2026-01-23 05:46:05 - spektroskopi - WARNING - Zaman sıralama düzeltildi (averaged): 2026-01-23 05:46:05.543330
2026-01-23 05:46:05 - spektroskopi - WARNING - Zaman sıralama düzeltildi (averaged): 2026-01-23 05:46:05.544330
2026-01-23 05:46:05 - spektroskopi - WARNING - Zaman sıralama düzeltildi (averaged): 2026-01-23 05:46:05.545330
2026-01-23 05:46:05 - spektroskopi - WARNING - Zaman sıralama düzeltildi (averaged): 2026-01-23 05:46:05.546330
2026-01-23 05:46:05 - spektroskopi - WARNING - RealTimePanel: UV_360nm raw data uzunluk uyumsuzluğu (timestamps: 1178, data: 296)
2026-01-23 05:46:05 - spektroskopi - WARNING - RealTimePanel: UV_360nm calibrated data uzunluk uyumsuzluğu (timestamps: 1178, data: 296)
2026-01-23 05:46:05 - spektroskopi - WARNING - RealTimePanel: Blue_450nm raw data uzunluk uyumsuzluğu (timestamps: 1178, data: 294)
2026-01-23 05:46:05 - spektroskopi - WARNING - RealTimePanel: Blue_450nm calibrated data uzunluk uyumsuzluğu (timestamps: 1178, data: 294)
2026-01-23 05:46:05 - spektroskopi - WARNING - RealTimePanel: IR_850nm raw data uzunluk uyumsuzluğu (timestamps: 1178, data: 294)
2026-01-23 05:46:05 - spektroskopi - WARNING - RealTimePanel: IR_850nm calibrated data uzunluk uyumsuzluğu (timestamps: 1178, data: 294)
2026-01-23 05:46:05 - spektroskopi - WARNING - RealTimePanel: IR_940nm raw data uzunluk uyumsuzluğu (timestamps: 1178, data: 294)
2026-01-23 05:46:05 - spektroskopi - WARNING - RealTimePanel: IR_940nm calibrated data uzunluk uyumsuzluğu (timestamps: 1178, data: 294)
2026-01-23 05:46:05 - spektroskopi - INFO - Raspberry Pi'dan veri alındı: 6e400005-b5a3-f393-e0a9-e50e24dcca9e (Handle: 16): Unknown, uzunluk: 2
2026-01-23 05:46:05 - spektroskopi - INFO - Raspberry Pi verisi: Ham=1405, Voltaj=1405.000V
2026-01-23 05:46:05 - spektroskopi - INFO - Raspberry Pi verisi işlendi: SENSOR_EXTRA = 1405.000V
2026-01-23 05:46:06 - spektroskopi - INFO - Raspberry Pi'dan veri alındı: 6e400004-b5a3-f393-e0a9-e50e24dcca9e (Handle: 11): Unknown, uzunluk: 2
2026-01-23 05:46:06 - spektroskopi - INFO - Raspberry Pi verisi: Ham=81, Voltaj=81.000V
2026-01-23 05:46:06 - spektroskopi - INFO - Raspberry Pi verisi işlendi: SENSOR_7 = 81.000V
2026-01-23 05:46:06 - spektroskopi - INFO - Raspberry Pi'dan veri alındı: 6e400003-b5a3-f393-e0a9-e50e24dcca9e (Handle: 8): Nordic UART TX, uzunluk: 2
2026-01-23 05:46:06 - spektroskopi - INFO - Raspberry Pi verisi: Ham=81, Voltaj=81.000V
2026-01-23 05:46:06 - spektroskopi - INFO - Raspberry Pi verisi işlendi: SENSOR_5 = 81.000V
2026-01-23 05:46:06 - spektroskopi - INFO - Raspberry Pi'dan veri alındı: 6e400002-b5a3-f393-e0a9-e50e24dcca9e (Handle: 19): Nordic UART RX, uzunluk: 2
2026-01-23 05:46:06 - spektroskopi - INFO - Raspberry Pi verisi: Ham=1682, Voltaj=1682.000V
2026-01-23 05:46:06 - spektroskopi - INFO - Raspberry Pi verisi işlendi: SENSOR_2 = 1682.000V
2026-01-23 05:46:06 - spektroskopi - INFO - Raspberry Pi'dan veri alındı: 6e400005-b5a3-f393-e0a9-e50e24dcca9e (Handle: 16): Unknown, uzunluk: 2
2026-01-23 05:46:06 - spektroskopi - INFO - Raspberry Pi verisi: Ham=1389, Voltaj=1389.000V
2026-01-23 05:46:06 - spektroskopi - INFO - Raspberry Pi verisi işlendi: SENSOR_EXTRA = 1389.000V
2026-01-23 05:46:06 - spektroskopi - WARNING - Zaman sıralama düzeltildi (averaged): 2026-01-23 05:46:06.683861
2026-01-23 05:46:06 - spektroskopi - WARNING - Zaman sıralama düzeltildi (averaged): 2026-01-23 05:46:06.684861
2026-01-23 05:46:06 - spektroskopi - WARNING - Zaman sıralama düzeltildi (averaged): 2026-01-23 05:46:06.685861
2026-01-23 05:46:06 - spektroskopi - WARNING - Zaman sıralama düzeltildi (averaged): 2026-01-23 05:46:06.686861
2026-01-23 05:46:06 - spektroskopi - WARNING - Zaman sıralama düzeltildi (averaged): 2026-01-23 05:46:06.687861
2026-01-23 05:46:06 - spektroskopi - WARNING - RealTimePanel: UV_360nm raw data uzunluk uyumsuzluğu (timestamps: 1188, data: 298)
2026-01-23 05:46:06 - spektroskopi - WARNING - RealTimePanel: UV_360nm calibrated data uzunluk uyumsuzluğu (timestamps: 1188, data: 298)
2026-01-23 05:46:06 - spektroskopi - WARNING - RealTimePanel: Blue_450nm raw data uzunluk uyumsuzluğu (timestamps: 1188, data: 298)
2026-01-23 05:46:06 - spektroskopi - WARNING - RealTimePanel: Blue_450nm calibrated data uzunluk uyumsuzluğu (timestamps: 1188, data: 298)
2026-01-23 05:46:06 - spektroskopi - WARNING - RealTimePanel: IR_850nm raw data uzunluk uyumsuzluğu (timestamps: 1188, data: 296)
2026-01-23 05:46:06 - spektroskopi - WARNING - RealTimePanel: IR_850nm calibrated data uzunluk uyumsuzluğu (timestamps: 1188, data: 296)
2026-01-23 05:46:06 - spektroskopi - WARNING - RealTimePanel: IR_940nm raw data uzunluk uyumsuzluğu (timestamps: 1188, data: 296)
2026-01-23 05:46:06 - spektroskopi - WARNING - RealTimePanel: IR_940nm calibrated data uzunluk uyumsuzluğu (timestamps: 1188, data: 296)
2026-01-23 05:46:06 - spektroskopi - INFO - Raspberry Pi'dan veri alındı: 6e400004-b5a3-f393-e0a9-e50e24dcca9e (Handle: 11): Unknown, uzunluk: 2
2026-01-23 05:46:06 - spektroskopi - INFO - Raspberry Pi verisi: Ham=81, Voltaj=81.000V
2026-01-23 05:46:06 - spektroskopi - INFO - Raspberry Pi verisi işlendi: SENSOR_7 = 81.000V
2026-01-23 05:46:07 - spektroskopi - INFO - Raspberry Pi'dan veri alındı: 6e400003-b5a3-f393-e0a9-e50e24dcca9e (Handle: 8): Nordic UART TX, uzunluk: 2
2026-01-23 05:46:07 - spektroskopi - INFO - Raspberry Pi verisi: Ham=80, Voltaj=80.000V
2026-01-23 05:46:07 - spektroskopi - INFO - Raspberry Pi verisi işlendi: SENSOR_5 = 80.000V
2026-01-23 05:46:07 - spektroskopi - INFO - Raspberry Pi'dan veri alındı: 6e400002-b5a3-f393-e0a9-e50e24dcca9e (Handle: 19): Nordic UART RX, uzunluk: 2
2026-01-23 05:46:07 - spektroskopi - INFO - Raspberry Pi verisi: Ham=1649, Voltaj=1649.000V
2026-01-23 05:46:07 - spektroskopi - INFO - Raspberry Pi verisi işlendi: SENSOR_2 = 1649.000V
2026-01-23 05:46:07 - spektroskopi - INFO - Raspberry Pi'dan veri alındı: 6e400005-b5a3-f393-e0a9-e50e24dcca9e (Handle: 16): Unknown, uzunluk: 2
2026-01-23 05:46:07 - spektroskopi - INFO - Raspberry Pi verisi: Ham=1407, Voltaj=1407.000V
2026-01-23 05:46:07 - spektroskopi - INFO - Raspberry Pi verisi işlendi: SENSOR_EXTRA = 1407.000V
2026-01-23 05:46:07 - spektroskopi - WARNING - Zaman sıralama düzeltildi (averaged): 2026-01-23 05:46:07.583560
2026-01-23 05:46:07 - spektroskopi - WARNING - Zaman sıralama düzeltildi (averaged): 2026-01-23 05:46:07.584560
2026-01-23 05:46:07 - spektroskopi - WARNING - Zaman sıralama düzeltildi (averaged): 2026-01-23 05:46:07.585560
2026-01-23 05:46:07 - spektroskopi - WARNING - Zaman sıralama düzeltildi (averaged): 2026-01-23 05:46:07.586560
2026-01-23 05:46:07 - spektroskopi - WARNING - RealTimePanel: UV_360nm raw data uzunluk uyumsuzluğu (timestamps: 1196, data: 300)
2026-01-23 05:46:07 - spektroskopi - WARNING - RealTimePanel: UV_360nm calibrated data uzunluk uyumsuzluğu (timestamps: 1196, data: 300)
2026-01-23 05:46:07 - spektroskopi - WARNING - RealTimePanel: Blue_450nm raw data uzunluk uyumsuzluğu (timestamps: 1196, data: 300)
2026-01-23 05:46:07 - spektroskopi - WARNING - RealTimePanel: Blue_450nm calibrated data uzunluk uyumsuzluğu (timestamps: 1196, data: 300)
2026-01-23 05:46:07 - spektroskopi - WARNING - RealTimePanel: IR_850nm raw data uzunluk uyumsuzluğu (timestamps: 1196, data: 298)
2026-01-23 05:46:07 - spektroskopi - WARNING - RealTimePanel: IR_850nm calibrated data uzunluk uyumsuzluğu (timestamps: 1196, data: 298)
2026-01-23 05:46:07 - spektroskopi - WARNING - RealTimePanel: IR_940nm raw data uzunluk uyumsuzluğu (timestamps: 1196, data: 298)
2026-01-23 05:46:07 - spektroskopi - WARNING - RealTimePanel: IR_940nm calibrated data uzunluk uyumsuzluğu (timestamps: 1196, data: 298)
2026-01-23 05:46:07 - spektroskopi - INFO - Raspberry Pi'dan veri alındı: 6e400004-b5a3-f393-e0a9-e50e24dcca9e (Handle: 11): Unknown, uzunluk: 2
2026-01-23 05:46:07 - spektroskopi - INFO - Raspberry Pi verisi: Ham=81, Voltaj=81.000V
2026-01-23 05:46:07 - spektroskopi - INFO - Raspberry Pi verisi işlendi: SENSOR_7 = 81.000V
2026-01-23 05:46:08 - spektroskopi - INFO - Raspberry Pi'dan veri alındı: 6e400003-b5a3-f393-e0a9-e50e24dcca9e (Handle: 8): Nordic UART TX, uzunluk: 2
2026-01-23 05:46:08 - spektroskopi - INFO - Raspberry Pi verisi: Ham=81, Voltaj=81.000V
2026-01-23 05:46:08 - spektroskopi - INFO - Raspberry Pi verisi işlendi: SENSOR_5 = 81.000V
2026-01-23 05:46:08 - spektroskopi - INFO - Raspberry Pi'dan veri alındı: 6e400002-b5a3-f393-e0a9-e50e24dcca9e (Handle: 19): Nordic UART RX, uzunluk: 2
2026-01-23 05:46:08 - spektroskopi - INFO - Raspberry Pi verisi: Ham=1635, Voltaj=1635.000V
2026-01-23 05:46:08 - spektroskopi - INFO - Raspberry Pi verisi işlendi: SENSOR_2 = 1635.000V
2026-01-23 05:46:08 - spektroskopi - INFO - Raspberry Pi'dan veri alındı: 6e400005-b5a3-f393-e0a9-e50e24dcca9e (Handle: 16): Unknown, uzunluk: 2
2026-01-23 05:46:08 - spektroskopi - INFO - Raspberry Pi verisi: Ham=1378, Voltaj=1378.000V
2026-01-23 05:46:08 - spektroskopi - INFO - Raspberry Pi verisi işlendi: SENSOR_EXTRA = 1378.000V
2026-01-23 05:46:08 - spektroskopi - INFO - Raspberry Pi'dan veri alındı: 6e400004-b5a3-f393-e0a9-e50e24dcca9e (Handle: 11): Unknown, uzunluk: 2
2026-01-23 05:46:08 - spektroskopi - INFO - Raspberry Pi verisi: Ham=81, Voltaj=81.000V
2026-01-23 05:46:08 - spektroskopi - INFO - Raspberry Pi verisi işlendi: SENSOR_7 = 81.000V
2026-01-23 05:46:08 - spektroskopi - WARNING - Zaman sıralama düzeltildi (averaged): 2026-01-23 05:46:08.723198
2026-01-23 05:46:08 - spektroskopi - WARNING - Zaman sıralama düzeltildi (averaged): 2026-01-23 05:46:08.724198
2026-01-23 05:46:08 - spektroskopi - WARNING - Zaman sıralama düzeltildi (averaged): 2026-01-23 05:46:08.725198
2026-01-23 05:46:08 - spektroskopi - WARNING - Zaman sıralama düzeltildi (averaged): 2026-01-23 05:46:08.726198
2026-01-23 05:46:08 - spektroskopi - WARNING - Zaman sıralama düzeltildi (averaged): 2026-01-23 05:46:08.727198
2026-01-23 05:46:08 - spektroskopi - WARNING - RealTimePanel: UV_360nm raw data uzunluk uyumsuzluğu (timestamps: 1206, data: 302)
2026-01-23 05:46:08 - spektroskopi - WARNING - RealTimePanel: UV_360nm calibrated data uzunluk uyumsuzluğu (timestamps: 1206, data: 302)
2026-01-23 05:46:08 - spektroskopi - WARNING - RealTimePanel: Blue_450nm raw data uzunluk uyumsuzluğu (timestamps: 1206, data: 302)
2026-01-23 05:46:08 - spektroskopi - WARNING - RealTimePanel: Blue_450nm calibrated data uzunluk uyumsuzluğu (timestamps: 1206, data: 302)
2026-01-23 05:46:08 - spektroskopi - WARNING - RealTimePanel: IR_850nm raw data uzunluk uyumsuzluğu (timestamps: 1206, data: 302)
2026-01-23 05:46:08 - spektroskopi - WARNING - RealTimePanel: IR_850nm calibrated data uzunluk uyumsuzluğu (timestamps: 1206, data: 302)
2026-01-23 05:46:08 - spektroskopi - WARNING - RealTimePanel: IR_940nm raw data uzunluk uyumsuzluğu (timestamps: 1206, data: 300)
2026-01-23 05:46:08 - spektroskopi - WARNING - RealTimePanel: IR_940nm calibrated data uzunluk uyumsuzluğu (timestamps: 1206, data: 300)
2026-01-23 05:46:08 - spektroskopi - INFO - Raspberry Pi'dan veri alındı: 6e400003-b5a3-f393-e0a9-e50e24dcca9e (Handle: 8): Nordic UART TX, uzunluk: 2
2026-01-23 05:46:08 - spektroskopi - INFO - Raspberry Pi verisi: Ham=82, Voltaj=82.000V
2026-01-23 05:46:08 - spektroskopi - INFO - Raspberry Pi verisi işlendi: SENSOR_5 = 82.000V
2026-01-23 05:46:09 - spektroskopi - INFO - Raspberry Pi'dan veri alındı: 6e400002-b5a3-f393-e0a9-e50e24dcca9e (Handle: 19): Nordic UART RX, uzunluk: 2
2026-01-23 05:46:09 - spektroskopi - INFO - Raspberry Pi verisi: Ham=1665, Voltaj=1665.000V
2026-01-23 05:46:09 - spektroskopi - INFO - Raspberry Pi verisi işlendi: SENSOR_2 = 1665.000V
2026-01-23 05:46:09 - spektroskopi - INFO - Raspberry Pi'dan veri alındı: 6e400005-b5a3-f393-e0a9-e50e24dcca9e (Handle: 16): Unknown, uzunluk: 2
2026-01-23 05:46:09 - spektroskopi - INFO - Raspberry Pi verisi: Ham=1399, Voltaj=1399.000V
2026-01-23 05:46:09 - spektroskopi - INFO - Raspberry Pi verisi işlendi: SENSOR_EXTRA = 1399.000V
2026-01-23 05:46:09 - spektroskopi - INFO - Raspberry Pi'dan veri alındı: 6e400004-b5a3-f393-e0a9-e50e24dcca9e (Handle: 11): Unknown, uzunluk: 2
2026-01-23 05:46:09 - spektroskopi - INFO - Raspberry Pi verisi: Ham=82, Voltaj=82.000V
2026-01-23 05:46:09 - spektroskopi - INFO - Raspberry Pi verisi işlendi: SENSOR_7 = 82.000V
2026-01-23 05:46:09 - spektroskopi - WARNING - Zaman sıralama düzeltildi (averaged): 2026-01-23 05:46:09.593610
2026-01-23 05:46:09 - spektroskopi - WARNING - Zaman sıralama düzeltildi (averaged): 2026-01-23 05:46:09.594610
2026-01-23 05:46:09 - spektroskopi - WARNING - Zaman sıralama düzeltildi (averaged): 2026-01-23 05:46:09.595610
2026-01-23 05:46:09 - spektroskopi - WARNING - Zaman sıralama düzeltildi (averaged): 2026-01-23 05:46:09.596610
2026-01-23 05:46:09 - spektroskopi - WARNING - RealTimePanel: UV_360nm raw data uzunluk uyumsuzluğu (timestamps: 1214, data: 304)
2026-01-23 05:46:09 - spektroskopi - WARNING - RealTimePanel: UV_360nm calibrated data uzunluk uyumsuzluğu (timestamps: 1214, data: 304)
2026-01-23 05:46:09 - spektroskopi - WARNING - RealTimePanel: Blue_450nm raw data uzunluk uyumsuzluğu (timestamps: 1214, data: 304)
2026-01-23 05:46:09 - spektroskopi - WARNING - RealTimePanel: Blue_450nm calibrated data uzunluk uyumsuzluğu (timestamps: 1214, data: 304)
2026-01-23 05:46:09 - spektroskopi - WARNING - RealTimePanel: IR_850nm raw data uzunluk uyumsuzluğu (timestamps: 1214, data: 304)
2026-01-23 05:46:09 - spektroskopi - WARNING - RealTimePanel: IR_850nm calibrated data uzunluk uyumsuzluğu (timestamps: 1214, data: 304)
2026-01-23 05:46:09 - spektroskopi - WARNING - RealTimePanel: IR_940nm raw data uzunluk uyumsuzluğu (timestamps: 1214, data: 302)
2026-01-23 05:46:09 - spektroskopi - WARNING - RealTimePanel: IR_940nm calibrated data uzunluk uyumsuzluğu (timestamps: 1214, data: 302)
2026-01-23 05:46:09 - spektroskopi - INFO - Raspberry Pi'dan veri alındı: 6e400003-b5a3-f393-e0a9-e50e24dcca9e (Handle: 8): Nordic UART TX, uzunluk: 2
2026-01-23 05:46:09 - spektroskopi - INFO - Raspberry Pi verisi: Ham=81, Voltaj=81.000V
2026-01-23 05:46:09 - spektroskopi - INFO - Raspberry Pi verisi işlendi: SENSOR_5 = 81.000V
2026-01-23 05:46:09 - spektroskopi - INFO - Raspberry Pi'dan veri alındı: 6e400002-b5a3-f393-e0a9-e50e24dcca9e (Handle: 19): Nordic UART RX, uzunluk: 2
2026-01-23 05:46:09 - spektroskopi - INFO - Raspberry Pi verisi: Ham=1645, Voltaj=1645.000V
2026-01-23 05:46:09 - spektroskopi - INFO - Raspberry Pi verisi işlendi: SENSOR_2 = 1645.000V
2026-01-23 05:46:10 - spektroskopi - INFO - Raspberry Pi'dan veri alındı: 6e400005-b5a3-f393-e0a9-e50e24dcca9e (Handle: 16): Unknown, uzunluk: 2
2026-01-23 05:46:10 - spektroskopi - INFO - Raspberry Pi verisi: Ham=1397, Voltaj=1397.000V
2026-01-23 05:46:10 - spektroskopi - INFO - Raspberry Pi verisi işlendi: SENSOR_EXTRA = 1397.000V
2026-01-23 05:46:10 - spektroskopi - INFO - Raspberry Pi'dan veri alındı: 6e400004-b5a3-f393-e0a9-e50e24dcca9e (Handle: 11): Unknown, uzunluk: 2
2026-01-23 05:46:10 - spektroskopi - INFO - Raspberry Pi verisi: Ham=81, Voltaj=81.000V
2026-01-23 05:46:10 - spektroskopi - INFO - Raspberry Pi verisi işlendi: SENSOR_7 = 81.000V
2026-01-23 05:46:10 - spektroskopi - INFO - Raspberry Pi'dan veri alındı: 6e400003-b5a3-f393-e0a9-e50e24dcca9e (Handle: 8): Nordic UART TX, uzunluk: 2
2026-01-23 05:46:10 - spektroskopi - INFO - Raspberry Pi verisi: Ham=79, Voltaj=79.000V
2026-01-23 05:46:10 - spektroskopi - INFO - Raspberry Pi verisi işlendi: SENSOR_5 = 79.000V
2026-01-23 05:46:10 - spektroskopi - WARNING - Zaman sıralama düzeltildi (averaged): 2026-01-23 05:46:10.734055
2026-01-23 05:46:10 - spektroskopi - WARNING - Zaman sıralama düzeltildi (averaged): 2026-01-23 05:46:10.735055
2026-01-23 05:46:10 - spektroskopi - WARNING - Zaman sıralama düzeltildi (averaged): 2026-01-23 05:46:10.736055
2026-01-23 05:46:10 - spektroskopi - WARNING - Zaman sıralama düzeltildi (averaged): 2026-01-23 05:46:10.737055
2026-01-23 05:46:10 - spektroskopi - WARNING - Zaman sıralama düzeltildi (averaged): 2026-01-23 05:46:10.738055
2026-01-23 05:46:10 - spektroskopi - WARNING - RealTimePanel: UV_360nm raw data uzunluk uyumsuzluğu (timestamps: 1224, data: 306)
2026-01-23 05:46:10 - spektroskopi - WARNING - RealTimePanel: UV_360nm calibrated data uzunluk uyumsuzluğu (timestamps: 1224, data: 306)
2026-01-23 05:46:10 - spektroskopi - WARNING - RealTimePanel: Blue_450nm raw data uzunluk uyumsuzluğu (timestamps: 1224, data: 306)
2026-01-23 05:46:10 - spektroskopi - WARNING - RealTimePanel: Blue_450nm calibrated data uzunluk uyumsuzluğu (timestamps: 1224, data: 306)
2026-01-23 05:46:10 - spektroskopi - WARNING - RealTimePanel: IR_850nm raw data uzunluk uyumsuzluğu (timestamps: 1224, data: 306)
2026-01-23 05:46:10 - spektroskopi - WARNING - RealTimePanel: IR_850nm calibrated data uzunluk uyumsuzluğu (timestamps: 1224, data: 306)
2026-01-23 05:46:10 - spektroskopi - WARNING - RealTimePanel: IR_940nm raw data uzunluk uyumsuzluğu (timestamps: 1224, data: 306)
2026-01-23 05:46:10 - spektroskopi - WARNING - RealTimePanel: IR_940nm calibrated data uzunluk uyumsuzluğu (timestamps: 1224, data: 306)
2026-01-23 05:46:10 - spektroskopi - INFO - Raspberry Pi'dan veri alındı: 6e400002-b5a3-f393-e0a9-e50e24dcca9e (Handle: 19): Nordic UART RX, uzunluk: 2
2026-01-23 05:46:10 - spektroskopi - INFO - Raspberry Pi verisi: Ham=1692, Voltaj=1692.000V
2026-01-23 05:46:10 - spektroskopi - INFO - Raspberry Pi verisi işlendi: SENSOR_2 = 1692.000V
2026-01-23 05:46:11 - spektroskopi - INFO - Raspberry Pi'dan veri alındı: 6e400005-b5a3-f393-e0a9-e50e24dcca9e (Handle: 16): Unknown, uzunluk: 2
2026-01-23 05:46:11 - spektroskopi - INFO - Raspberry Pi verisi: Ham=1383, Voltaj=1383.000V
2026-01-23 05:46:11 - spektroskopi - INFO - Raspberry Pi verisi işlendi: SENSOR_EXTRA = 1383.000V
2026-01-23 05:46:11 - spektroskopi - INFO - Raspberry Pi'dan veri alındı: 6e400004-b5a3-f393-e0a9-e50e24dcca9e (Handle: 11): Unknown, uzunluk: 2
2026-01-23 05:46:11 - spektroskopi - INFO - Raspberry Pi verisi: Ham=80, Voltaj=80.000V
2026-01-23 05:46:11 - spektroskopi - INFO - Raspberry Pi verisi işlendi: SENSOR_7 = 80.000V
2026-01-23 05:46:11 - spektroskopi - INFO - Raspberry Pi'dan veri alındı: 6e400003-b5a3-f393-e0a9-e50e24dcca9e (Handle: 8): Nordic UART TX, uzunluk: 2
2026-01-23 05:46:11 - spektroskopi - INFO - Raspberry Pi verisi: Ham=81, Voltaj=81.000V
2026-01-23 05:46:11 - spektroskopi - INFO - Raspberry Pi verisi işlendi: SENSOR_5 = 81.000V
2026-01-23 05:46:11 - spektroskopi - INFO - Raspberry Pi'dan veri alındı: 6e400002-b5a3-f393-e0a9-e50e24dcca9e (Handle: 19): Nordic UART RX, uzunluk: 2
2026-01-23 05:46:11 - spektroskopi - INFO - Raspberry Pi verisi: Ham=1665, Voltaj=1665.000V
2026-01-23 05:46:11 - spektroskopi - INFO - Raspberry Pi verisi işlendi: SENSOR_2 = 1665.000V
2026-01-23 05:46:11 - spektroskopi - WARNING - Zaman sıralama düzeltildi (averaged): 2026-01-23 05:46:11.723149
2026-01-23 05:46:11 - spektroskopi - WARNING - Zaman sıralama düzeltildi (averaged): 2026-01-23 05:46:11.724149
2026-01-23 05:46:11 - spektroskopi - WARNING - Zaman sıralama düzeltildi (averaged): 2026-01-23 05:46:11.725149
2026-01-23 05:46:11 - spektroskopi - WARNING - Zaman sıralama düzeltildi (averaged): 2026-01-23 05:46:11.726149
2026-01-23 05:46:11 - spektroskopi - WARNING - Zaman sıralama düzeltildi (averaged): 2026-01-23 05:46:11.727149
2026-01-23 05:46:11 - spektroskopi - WARNING - RealTimePanel: UV_360nm raw data uzunluk uyumsuzluğu (timestamps: 1234, data: 310)
2026-01-23 05:46:11 - spektroskopi - WARNING - RealTimePanel: UV_360nm calibrated data uzunluk uyumsuzluğu (timestamps: 1234, data: 310)
2026-01-23 05:46:11 - spektroskopi - WARNING - RealTimePanel: Blue_450nm raw data uzunluk uyumsuzluğu (timestamps: 1234, data: 308)
2026-01-23 05:46:11 - spektroskopi - WARNING - RealTimePanel: Blue_450nm calibrated data uzunluk uyumsuzluğu (timestamps: 1234, data: 308)
2026-01-23 05:46:11 - spektroskopi - WARNING - RealTimePanel: IR_850nm raw data uzunluk uyumsuzluğu (timestamps: 1234, data: 308)
2026-01-23 05:46:11 - spektroskopi - WARNING - RealTimePanel: IR_850nm calibrated data uzunluk uyumsuzluğu (timestamps: 1234, data: 308)
2026-01-23 05:46:11 - spektroskopi - WARNING - RealTimePanel: IR_940nm raw data uzunluk uyumsuzluğu (timestamps: 1234, data: 308)
2026-01-23 05:46:11 - spektroskopi - WARNING - RealTimePanel: IR_940nm calibrated data uzunluk uyumsuzluğu (timestamps: 1234, data: 308)
2026-01-23 05:46:11 - spektroskopi - INFO - Raspberry Pi'dan veri alındı: 6e400005-b5a3-f393-e0a9-e50e24dcca9e (Handle: 16): Unknown, uzunluk: 2
2026-01-23 05:46:11 - spektroskopi - INFO - Raspberry Pi verisi: Ham=1417, Voltaj=1417.000V
2026-01-23 05:46:11 - spektroskopi - INFO - Raspberry Pi verisi işlendi: SENSOR_EXTRA = 1417.000V
2026-01-23 05:46:12 - spektroskopi - INFO - Raspberry Pi'dan veri alındı: 6e400004-b5a3-f393-e0a9-e50e24dcca9e (Handle: 11): Unknown, uzunluk: 2
2026-01-23 05:46:12 - spektroskopi - INFO - Raspberry Pi verisi: Ham=83, Voltaj=83.000V
2026-01-23 05:46:12 - spektroskopi - INFO - Raspberry Pi verisi işlendi: SENSOR_7 = 83.000V
2026-01-23 05:46:12 - spektroskopi - INFO - Raspberry Pi'dan veri alındı: 6e400003-b5a3-f393-e0a9-e50e24dcca9e (Handle: 8): Nordic UART TX, uzunluk: 2
2026-01-23 05:46:12 - spektroskopi - INFO - Raspberry Pi verisi: Ham=82, Voltaj=82.000V
2026-01-23 05:46:12 - spektroskopi - INFO - Raspberry Pi verisi işlendi: SENSOR_5 = 82.000V
2026-01-23 05:46:12 - spektroskopi - INFO - Raspberry Pi'dan veri alındı: 6e400002-b5a3-f393-e0a9-e50e24dcca9e (Handle: 19): Nordic UART RX, uzunluk: 2
2026-01-23 05:46:12 - spektroskopi - INFO - Raspberry Pi verisi: Ham=1674, Voltaj=1674.000V
2026-01-23 05:46:12 - spektroskopi - INFO - Raspberry Pi verisi işlendi: SENSOR_2 = 1674.000V
2026-01-23 05:46:12 - spektroskopi - WARNING - Zaman sıralama düzeltildi (averaged): 2026-01-23 05:46:12.593016
2026-01-23 05:46:12 - spektroskopi - WARNING - Zaman sıralama düzeltildi (averaged): 2026-01-23 05:46:12.594016
2026-01-23 05:46:12 - spektroskopi - WARNING - Zaman sıralama düzeltildi (averaged): 2026-01-23 05:46:12.595016
2026-01-23 05:46:12 - spektroskopi - WARNING - Zaman sıralama düzeltildi (averaged): 2026-01-23 05:46:12.596016
2026-01-23 05:46:12 - spektroskopi - WARNING - RealTimePanel: UV_360nm raw data uzunluk uyumsuzluğu (timestamps: 1242, data: 312)
2026-01-23 05:46:12 - spektroskopi - WARNING - RealTimePanel: UV_360nm calibrated data uzunluk uyumsuzluğu (timestamps: 1242, data: 312)
2026-01-23 05:46:12 - spektroskopi - WARNING - RealTimePanel: Blue_450nm raw data uzunluk uyumsuzluğu (timestamps: 1242, data: 310)
2026-01-23 05:46:12 - spektroskopi - WARNING - RealTimePanel: Blue_450nm calibrated data uzunluk uyumsuzluğu (timestamps: 1242, data: 310)
2026-01-23 05:46:12 - spektroskopi - WARNING - RealTimePanel: IR_850nm raw data uzunluk uyumsuzluğu (timestamps: 1242, data: 310)
2026-01-23 05:46:12 - spektroskopi - WARNING - RealTimePanel: IR_850nm calibrated data uzunluk uyumsuzluğu (timestamps: 1242, data: 310)
2026-01-23 05:46:12 - spektroskopi - WARNING - RealTimePanel: IR_940nm raw data uzunluk uyumsuzluğu (timestamps: 1242, data: 310)
2026-01-23 05:46:12 - spektroskopi - WARNING - RealTimePanel: IR_940nm calibrated data uzunluk uyumsuzluğu (timestamps: 1242, data: 310)
2026-01-23 05:46:12 - spektroskopi - INFO - Raspberry Pi'dan veri alındı: 6e400005-b5a3-f393-e0a9-e50e24dcca9e (Handle: 16): Unknown, uzunluk: 2
2026-01-23 05:46:12 - spektroskopi - INFO - Raspberry Pi verisi: Ham=1383, Voltaj=1383.000V
2026-01-23 05:46:12 - spektroskopi - INFO - Raspberry Pi verisi işlendi: SENSOR_EXTRA = 1383.000V
2026-01-23 05:46:13 - spektroskopi - INFO - Raspberry Pi'dan veri alındı: 6e400004-b5a3-f393-e0a9-e50e24dcca9e (Handle: 11): Unknown, uzunluk: 2
2026-01-23 05:46:13 - spektroskopi - INFO - Raspberry Pi verisi: Ham=82, Voltaj=82.000V
2026-01-23 05:46:13 - spektroskopi - INFO - Raspberry Pi verisi işlendi: SENSOR_7 = 82.000V
2026-01-23 05:46:13 - spektroskopi - INFO - Raspberry Pi'dan veri alındı: 6e400003-b5a3-f393-e0a9-e50e24dcca9e (Handle: 8): Nordic UART TX, uzunluk: 2
2026-01-23 05:46:13 - spektroskopi - INFO - Raspberry Pi verisi: Ham=81, Voltaj=81.000V
2026-01-23 05:46:13 - spektroskopi - INFO - Raspberry Pi verisi işlendi: SENSOR_5 = 81.000V
