2025-11-16 14:33:27 - spektroskopi - INFO - Spektroskopi uygulaması başlatılıyor...
2025-11-16 14:33:27 - spektroskopi - INFO - Export için 1 formül yüklendi
2025-11-16 14:33:27 - spektroskopi - INFO - Uygulama ayarları yüklendi
2025-11-16 14:33:27 - spektroskopi - INFO - 1 formül içe aktarıldı
2025-11-16 14:33:27 - spektroskopi - INFO - Uygulama başlangıcında formüller yüklendi: 1
2025-11-16 14:33:27 - spektroskopi - WARNING - Error loading record Record_20251022_185402.json: Expecting value: line 515 column 9 (char 10867)
2025-11-16 14:33:27 - spektroskopi - INFO - Tema uygulandı: light (sistem: dark)
2025-11-16 14:33:27 - spektroskopi - INFO - Sensör bilgileri güncellendi
2025-11-16 14:33:27 - spektroskopi - INFO - Otomatik bağlantı başlatılıyor...
2025-11-16 14:33:27 - spektroskopi - INFO - Ana GUI başlatıldı
2025-11-16 14:33:28 - spektroskopi - INFO - BLE tarama başlatılıyor (timeout: 10.0s)
2025-11-16 14:33:38 - spektroskopi - INFO - Tarama tamamlandı: 0 cihaz bulundu
2025-11-16 14:33:49 - spektroskopi - INFO - BLE tarama başlatılıyor (timeout: 10.0s)
2025-11-16 14:33:59 - spektroskopi - INFO - Hedef cihaz bulundu: sensor-1 (10EF861C-9314-4868-A135-CAF29E2FB2C9)
2025-11-16 14:33:59 - spektroskopi - INFO - Tarama tamamlandı: 1 cihaz bulundu
2025-11-16 14:33:59 - spektroskopi - INFO - sensor-1 cihazına bağlanılıyor...
2025-11-16 14:33:59 - spektroskopi - INFO - BLE bağlantısı kuruluyor: sensor-1 (10EF861C-9314-4868-A135-CAF29E2FB2C9)
2025-11-16 14:33:59 - spektroskopi - INFO - Bağlantı kuruldu: sensor-1
2025-11-16 14:33:59 - spektroskopi - INFO - LED toggle aktifleştirildi
2025-11-16 14:33:59 - spektroskopi - INFO - Tarama tamamlandı: 1 cihaz bulundu
2025-11-16 14:34:00 - spektroskopi - INFO - CONNECTION SUCCESS: sensor-1 - CONNECTED
2025-11-16 14:34:01 - spektroskopi - INFO - Raspberry Pi'dan veri alındı: 6e400002-b5a3-f393-e0a9-e50e24dcca9e (Handle: 19): Nordic UART RX, uzunluk: 2
2025-11-16 14:34:01 - spektroskopi - INFO - Raspberry Pi verisi: Ham=3190, Voltaj=3190.000V
2025-11-16 14:34:01 - spektroskopi - INFO - Raspberry Pi verisi işlendi: SENSOR_2 = 3190.000V
2025-11-16 14:34:01 - spektroskopi - INFO - BLE bağlantısı sonsuz mod aktif - timeout yok
2025-11-16 14:34:01 - spektroskopi - INFO - Raspberry Pi'dan veri alındı: 6e400003-b5a3-f393-e0a9-e50e24dcca9e (Handle: 8): Nordic UART TX, uzunluk: 2
2025-11-16 14:34:01 - spektroskopi - INFO - Raspberry Pi verisi: Ham=1884, Voltaj=1884.000V
2025-11-16 14:34:01 - spektroskopi - INFO - Raspberry Pi verisi işlendi: SENSOR_5 = 1884.000V
2025-11-16 14:34:01 - spektroskopi - INFO - Raspberry Pi'dan veri alındı: 6e400004-b5a3-f393-e0a9-e50e24dcca9e (Handle: 11): Unknown, uzunluk: 2
2025-11-16 14:34:01 - spektroskopi - INFO - Raspberry Pi verisi: Ham=1656, Voltaj=1656.000V
2025-11-16 14:34:01 - spektroskopi - INFO - Raspberry Pi verisi işlendi: SENSOR_7 = 1656.000V
2025-11-16 14:34:01 - spektroskopi - INFO - Raspberry Pi'dan veri alındı: 6e400002-b5a3-f393-e0a9-e50e24dcca9e (Handle: 19): Nordic UART RX, uzunluk: 2
2025-11-16 14:34:01 - spektroskopi - INFO - Raspberry Pi verisi: Ham=2833, Voltaj=2833.000V
2025-11-16 14:34:01 - spektroskopi - INFO - Raspberry Pi verisi işlendi: SENSOR_2 = 2833.000V
2025-11-16 14:34:01 - spektroskopi - INFO - Raspberry Pi'dan veri alındı: 6e400005-b5a3-f393-e0a9-e50e24dcca9e (Handle: 16): Unknown, uzunluk: 2
2025-11-16 14:34:01 - spektroskopi - INFO - Raspberry Pi verisi: Ham=2813, Voltaj=2813.000V
2025-11-16 14:34:01 - spektroskopi - INFO - Raspberry Pi verisi işlendi: SENSOR_EXTRA = 2813.000V
2025-11-16 14:34:01 - spektroskopi - INFO - Raspberry Pi'dan veri alındı: 6e400003-b5a3-f393-e0a9-e50e24dcca9e (Handle: 8): Nordic UART TX, uzunluk: 2
2025-11-16 14:34:01 - spektroskopi - INFO - Raspberry Pi verisi: Ham=2028, Voltaj=2028.000V
2025-11-16 14:34:01 - spektroskopi - INFO - Raspberry Pi verisi işlendi: SENSOR_5 = 2028.000V
2025-11-16 14:34:01 - spektroskopi - INFO - Raspberry Pi'dan veri alındı: 6e400004-b5a3-f393-e0a9-e50e24dcca9e (Handle: 11): Unknown, uzunluk: 2
2025-11-16 14:34:01 - spektroskopi - INFO - Raspberry Pi verisi: Ham=1925, Voltaj=1925.000V
2025-11-16 14:34:01 - spektroskopi - INFO - Raspberry Pi verisi işlendi: SENSOR_7 = 1925.000V
2025-11-16 14:34:01 - spektroskopi - WARNING - Zaman sıralama düzeltildi: 2025-11-16 14:34:01.575642
2025-11-16 14:34:01 - spektroskopi - WARNING - Zaman sıralama düzeltildi: 2025-11-16 14:34:01.576642
2025-11-16 14:34:01 - spektroskopi - WARNING - Zaman sıralama düzeltildi: 2025-11-16 14:34:01.577642
2025-11-16 14:34:01 - spektroskopi - WARNING - Zaman sıralama düzeltildi: 2025-11-16 14:34:01.578642
2025-11-16 14:34:01 - spektroskopi - WARNING - Zaman sıralama düzeltildi: 2025-11-16 14:34:01.579642
2025-11-16 14:34:01 - spektroskopi - WARNING - Zaman sıralama düzeltildi: 2025-11-16 14:34:01.580642
2025-11-16 14:34:01 - spektroskopi - WARNING - Zaman sıralama düzeltildi: 2025-11-16 14:34:01.581642
2025-11-16 14:34:01 - spektroskopi - INFO - Raspberry Pi'dan veri alındı: 6e400002-b5a3-f393-e0a9-e50e24dcca9e (Handle: 19): Nordic UART RX, uzunluk: 2
2025-11-16 14:34:01 - spektroskopi - INFO - Raspberry Pi verisi: Ham=1855, Voltaj=1855.000V
2025-11-16 14:34:01 - spektroskopi - INFO - Raspberry Pi verisi işlendi: SENSOR_2 = 1855.000V
2025-11-16 14:34:01 - spektroskopi - INFO - Raspberry Pi'dan veri alındı: 6e400005-b5a3-f393-e0a9-e50e24dcca9e (Handle: 16): Unknown, uzunluk: 2
2025-11-16 14:34:01 - spektroskopi - INFO - Raspberry Pi verisi: Ham=1744, Voltaj=1744.000V
2025-11-16 14:34:01 - spektroskopi - INFO - Raspberry Pi verisi işlendi: SENSOR_EXTRA = 1744.000V
2025-11-16 14:34:01 - spektroskopi - INFO - Raspberry Pi'dan veri alındı: 6e400003-b5a3-f393-e0a9-e50e24dcca9e (Handle: 8): Nordic UART TX, uzunluk: 2
2025-11-16 14:34:01 - spektroskopi - INFO - Raspberry Pi verisi: Ham=2506, Voltaj=2506.000V
2025-11-16 14:34:01 - spektroskopi - INFO - Raspberry Pi verisi işlendi: SENSOR_5 = 2506.000V
2025-11-16 14:34:01 - spektroskopi - INFO - Raspberry Pi'dan veri alındı: 6e400004-b5a3-f393-e0a9-e50e24dcca9e (Handle: 11): Unknown, uzunluk: 2
2025-11-16 14:34:01 - spektroskopi - INFO - Raspberry Pi verisi: Ham=2385, Voltaj=2385.000V
2025-11-16 14:34:01 - spektroskopi - INFO - Raspberry Pi verisi işlendi: SENSOR_7 = 2385.000V
2025-11-16 14:34:02 - spektroskopi - INFO - Raspberry Pi'dan veri alındı: 6e400002-b5a3-f393-e0a9-e50e24dcca9e (Handle: 19): Nordic UART RX, uzunluk: 2
2025-11-16 14:34:02 - spektroskopi - INFO - Raspberry Pi verisi: Ham=1430, Voltaj=1430.000V
2025-11-16 14:34:02 - spektroskopi - INFO - Raspberry Pi verisi işlendi: SENSOR_2 = 1430.000V
2025-11-16 14:34:02 - spektroskopi - INFO - Raspberry Pi'dan veri alındı: 6e400005-b5a3-f393-e0a9-e50e24dcca9e (Handle: 16): Unknown, uzunluk: 2
2025-11-16 14:34:02 - spektroskopi - INFO - Raspberry Pi verisi: Ham=1372, Voltaj=1372.000V
2025-11-16 14:34:02 - spektroskopi - INFO - Raspberry Pi verisi işlendi: SENSOR_EXTRA = 1372.000V
2025-11-16 14:34:02 - spektroskopi - INFO - Raspberry Pi'dan veri alındı: 6e400003-b5a3-f393-e0a9-e50e24dcca9e (Handle: 8): Nordic UART TX, uzunluk: 2
2025-11-16 14:34:02 - spektroskopi - INFO - Raspberry Pi verisi: Ham=2675, Voltaj=2675.000V
2025-11-16 14:34:02 - spektroskopi - INFO - Raspberry Pi verisi işlendi: SENSOR_5 = 2675.000V
2025-11-16 14:34:02 - spektroskopi - INFO - Raspberry Pi'dan veri alındı: 6e400004-b5a3-f393-e0a9-e50e24dcca9e (Handle: 11): Unknown, uzunluk: 2
2025-11-16 14:34:02 - spektroskopi - INFO - Raspberry Pi verisi: Ham=2583, Voltaj=2583.000V
2025-11-16 14:34:02 - spektroskopi - INFO - Raspberry Pi verisi işlendi: SENSOR_7 = 2583.000V
2025-11-16 14:34:02 - spektroskopi - INFO - Raspberry Pi'dan veri alındı: 6e400002-b5a3-f393-e0a9-e50e24dcca9e (Handle: 19): Nordic UART RX, uzunluk: 2
2025-11-16 14:34:02 - spektroskopi - INFO - Raspberry Pi verisi: Ham=1129, Voltaj=1129.000V
2025-11-16 14:34:02 - spektroskopi - INFO - Raspberry Pi verisi işlendi: SENSOR_2 = 1129.000V
2025-11-16 14:34:02 - spektroskopi - INFO - Raspberry Pi'dan veri alındı: 6e400005-b5a3-f393-e0a9-e50e24dcca9e (Handle: 16): Unknown, uzunluk: 2
2025-11-16 14:34:02 - spektroskopi - INFO - Raspberry Pi verisi: Ham=1108, Voltaj=1108.000V
2025-11-16 14:34:02 - spektroskopi - INFO - Raspberry Pi verisi işlendi: SENSOR_EXTRA = 1108.000V
2025-11-16 14:34:02 - spektroskopi - INFO - Raspberry Pi'dan veri alındı: 6e400003-b5a3-f393-e0a9-e50e24dcca9e (Handle: 8): Nordic UART TX, uzunluk: 2
2025-11-16 14:34:02 - spektroskopi - INFO - Raspberry Pi verisi: Ham=2773, Voltaj=2773.000V
2025-11-16 14:34:02 - spektroskopi - INFO - Raspberry Pi verisi işlendi: SENSOR_5 = 2773.000V
2025-11-16 14:34:02 - spektroskopi - INFO - Raspberry Pi'dan veri alındı: 6e400004-b5a3-f393-e0a9-e50e24dcca9e (Handle: 11): Unknown, uzunluk: 2
2025-11-16 14:34:02 - spektroskopi - INFO - Raspberry Pi verisi: Ham=2677, Voltaj=2677.000V
2025-11-16 14:34:02 - spektroskopi - INFO - Raspberry Pi verisi işlendi: SENSOR_7 = 2677.000V
2025-11-16 14:34:02 - spektroskopi - WARNING - Zaman sıralama düzeltildi: 2025-11-16 14:34:02.564444
2025-11-16 14:34:02 - spektroskopi - WARNING - Zaman sıralama düzeltildi: 2025-11-16 14:34:02.565444
2025-11-16 14:34:02 - spektroskopi - WARNING - Zaman sıralama düzeltildi: 2025-11-16 14:34:02.566444
2025-11-16 14:34:02 - spektroskopi - WARNING - Zaman sıralama düzeltildi: 2025-11-16 14:34:02.567444
2025-11-16 14:34:02 - spektroskopi - WARNING - Zaman sıralama düzeltildi: 2025-11-16 14:34:02.568444
2025-11-16 14:34:02 - spektroskopi - WARNING - Zaman sıralama düzeltildi: 2025-11-16 14:34:02.569444
2025-11-16 14:34:02 - spektroskopi - WARNING - Zaman sıralama düzeltildi: 2025-11-16 14:34:02.570444
2025-11-16 14:34:02 - spektroskopi - WARNING - Zaman sıralama düzeltildi: 2025-11-16 14:34:02.571444
2025-11-16 14:34:02 - spektroskopi - WARNING - Zaman sıralama düzeltildi: 2025-11-16 14:34:02.572444
2025-11-16 14:34:02 - spektroskopi - WARNING - Zaman sıralama düzeltildi: 2025-11-16 14:34:02.573444
2025-11-16 14:34:02 - spektroskopi - WARNING - Zaman sıralama düzeltildi: 2025-11-16 14:34:02.574444
2025-11-16 14:34:02 - spektroskopi - WARNING - Zaman sıralama düzeltildi: 2025-11-16 14:34:02.575444
2025-11-16 14:34:02 - spektroskopi - INFO - Raspberry Pi'dan veri alındı: 6e400002-b5a3-f393-e0a9-e50e24dcca9e (Handle: 19): Nordic UART RX, uzunluk: 2
2025-11-16 14:34:02 - spektroskopi - INFO - Raspberry Pi verisi: Ham=1048, Voltaj=1048.000V
2025-11-16 14:34:02 - spektroskopi - INFO - Raspberry Pi verisi işlendi: SENSOR_2 = 1048.000V
2025-11-16 14:34:02 - spektroskopi - INFO - Raspberry Pi'dan veri alındı: 6e400005-b5a3-f393-e0a9-e50e24dcca9e (Handle: 16): Unknown, uzunluk: 2
2025-11-16 14:34:02 - spektroskopi - INFO - Raspberry Pi verisi: Ham=1044, Voltaj=1044.000V
2025-11-16 14:34:02 - spektroskopi - INFO - Raspberry Pi verisi işlendi: SENSOR_EXTRA = 1044.000V
2025-11-16 14:34:02 - spektroskopi - INFO - Raspberry Pi'dan veri alındı: 6e400003-b5a3-f393-e0a9-e50e24dcca9e (Handle: 8): Nordic UART TX, uzunluk: 2
2025-11-16 14:34:02 - spektroskopi - INFO - Raspberry Pi verisi: Ham=2800, Voltaj=2800.000V
2025-11-16 14:34:02 - spektroskopi - INFO - Raspberry Pi verisi işlendi: SENSOR_5 = 2800.000V
2025-11-16 14:34:02 - spektroskopi - INFO - Raspberry Pi'dan veri alındı: 6e400004-b5a3-f393-e0a9-e50e24dcca9e (Handle: 11): Unknown, uzunluk: 2
2025-11-16 14:34:02 - spektroskopi - INFO - Raspberry Pi verisi: Ham=2697, Voltaj=2697.000V
2025-11-16 14:34:02 - spektroskopi - INFO - Raspberry Pi verisi işlendi: SENSOR_7 = 2697.000V
2025-11-16 14:34:03 - spektroskopi - INFO - Raspberry Pi'dan veri alındı: 6e400002-b5a3-f393-e0a9-e50e24dcca9e (Handle: 19): Nordic UART RX, uzunluk: 2
2025-11-16 14:34:03 - spektroskopi - INFO - Raspberry Pi verisi: Ham=1094, Voltaj=1094.000V
2025-11-16 14:34:03 - spektroskopi - INFO - Raspberry Pi verisi işlendi: SENSOR_2 = 1094.000V
2025-11-16 14:34:03 - spektroskopi - INFO - Raspberry Pi'dan veri alındı: 6e400005-b5a3-f393-e0a9-e50e24dcca9e (Handle: 16): Unknown, uzunluk: 2
2025-11-16 14:34:03 - spektroskopi - INFO - Raspberry Pi verisi: Ham=1145, Voltaj=1145.000V
2025-11-16 14:34:03 - spektroskopi - INFO - Raspberry Pi verisi işlendi: SENSOR_EXTRA = 1145.000V
2025-11-16 14:34:03 - spektroskopi - INFO - Raspberry Pi'dan veri alındı: 6e400003-b5a3-f393-e0a9-e50e24dcca9e (Handle: 8): Nordic UART TX, uzunluk: 2
2025-11-16 14:34:03 - spektroskopi - INFO - Raspberry Pi verisi: Ham=2714, Voltaj=2714.000V
2025-11-16 14:34:03 - spektroskopi - INFO - Raspberry Pi verisi işlendi: SENSOR_5 = 2714.000V
2025-11-16 14:34:03 - spektroskopi - INFO - Raspberry Pi'dan veri alındı: 6e400004-b5a3-f393-e0a9-e50e24dcca9e (Handle: 11): Unknown, uzunluk: 2
2025-11-16 14:34:03 - spektroskopi - INFO - Raspberry Pi verisi: Ham=2556, Voltaj=2556.000V
2025-11-16 14:34:03 - spektroskopi - INFO - Raspberry Pi verisi işlendi: SENSOR_7 = 2556.000V
2025-11-16 14:34:03 - spektroskopi - INFO - Raspberry Pi'dan veri alındı: 6e400002-b5a3-f393-e0a9-e50e24dcca9e (Handle: 19): Nordic UART RX, uzunluk: 2
2025-11-16 14:34:03 - spektroskopi - INFO - Raspberry Pi verisi: Ham=1439, Voltaj=1439.000V
2025-11-16 14:34:03 - spektroskopi - INFO - Raspberry Pi verisi işlendi: SENSOR_2 = 1439.000V
2025-11-16 14:34:03 - spektroskopi - INFO - Raspberry Pi'dan veri alındı: 6e400005-b5a3-f393-e0a9-e50e24dcca9e (Handle: 16): Unknown, uzunluk: 2
2025-11-16 14:34:03 - spektroskopi - INFO - Raspberry Pi verisi: Ham=1491, Voltaj=1491.000V
2025-11-16 14:34:03 - spektroskopi - INFO - Raspberry Pi verisi işlendi: SENSOR_EXTRA = 1491.000V
2025-11-16 14:34:03 - spektroskopi - INFO - Raspberry Pi'dan veri alındı: 6e400003-b5a3-f393-e0a9-e50e24dcca9e (Handle: 8): Nordic UART TX, uzunluk: 2
2025-11-16 14:34:03 - spektroskopi - INFO - Raspberry Pi verisi: Ham=2549, Voltaj=2549.000V
2025-11-16 14:34:03 - spektroskopi - INFO - Raspberry Pi verisi işlendi: SENSOR_5 = 2549.000V
2025-11-16 14:34:03 - spektroskopi - INFO - Raspberry Pi'dan veri alındı: 6e400004-b5a3-f393-e0a9-e50e24dcca9e (Handle: 11): Unknown, uzunluk: 2
2025-11-16 14:34:03 - spektroskopi - INFO - Raspberry Pi verisi: Ham=2366, Voltaj=2366.000V
2025-11-16 14:34:03 - spektroskopi - INFO - Raspberry Pi verisi işlendi: SENSOR_7 = 2366.000V
2025-11-16 14:34:03 - spektroskopi - WARNING - Zaman sıralama düzeltildi: 2025-11-16 14:34:03.556449
2025-11-16 14:34:03 - spektroskopi - WARNING - Zaman sıralama düzeltildi: 2025-11-16 14:34:03.557449
2025-11-16 14:34:03 - spektroskopi - WARNING - Zaman sıralama düzeltildi: 2025-11-16 14:34:03.558449
2025-11-16 14:34:03 - spektroskopi - WARNING - Zaman sıralama düzeltildi: 2025-11-16 14:34:03.559449
2025-11-16 14:34:03 - spektroskopi - WARNING - Zaman sıralama düzeltildi: 2025-11-16 14:34:03.560449
2025-11-16 14:34:03 - spektroskopi - WARNING - Zaman sıralama düzeltildi: 2025-11-16 14:34:03.561449
2025-11-16 14:34:03 - spektroskopi - WARNING - Zaman sıralama düzeltildi: 2025-11-16 14:34:03.562449
2025-11-16 14:34:03 - spektroskopi - WARNING - Zaman sıralama düzeltildi: 2025-11-16 14:34:03.563449
2025-11-16 14:34:03 - spektroskopi - WARNING - Zaman sıralama düzeltildi: 2025-11-16 14:34:03.564449
2025-11-16 14:34:03 - spektroskopi - WARNING - Zaman sıralama düzeltildi: 2025-11-16 14:34:03.565449
2025-11-16 14:34:03 - spektroskopi - WARNING - Zaman sıralama düzeltildi: 2025-11-16 14:34:03.566449
2025-11-16 14:34:03 - spektroskopi - WARNING - Zaman sıralama düzeltildi: 2025-11-16 14:34:03.567449
2025-11-16 14:34:03 - spektroskopi - INFO - Raspberry Pi'dan veri alındı: 6e400002-b5a3-f393-e0a9-e50e24dcca9e (Handle: 19): Nordic UART RX, uzunluk: 2
2025-11-16 14:34:03 - spektroskopi - INFO - Raspberry Pi verisi: Ham=1680, Voltaj=1680.000V
2025-11-16 14:34:03 - spektroskopi - INFO - Raspberry Pi verisi işlendi: SENSOR_2 = 1680.000V
2025-11-16 14:34:03 - spektroskopi - INFO - Raspberry Pi'dan veri alındı: 6e400005-b5a3-f393-e0a9-e50e24dcca9e (Handle: 16): Unknown, uzunluk: 2
2025-11-16 14:34:03 - spektroskopi - INFO - Raspberry Pi verisi: Ham=1724, Voltaj=1724.000V
2025-11-16 14:34:03 - spektroskopi - INFO - Raspberry Pi verisi işlendi: SENSOR_EXTRA = 1724.000V
2025-11-16 14:34:03 - spektroskopi - INFO - Raspberry Pi'dan veri alındı: 6e400003-b5a3-f393-e0a9-e50e24dcca9e (Handle: 8): Nordic UART TX, uzunluk: 2
2025-11-16 14:34:03 - spektroskopi - INFO - Raspberry Pi verisi: Ham=2453, Voltaj=2453.000V
2025-11-16 14:34:03 - spektroskopi - INFO - Raspberry Pi verisi işlendi: SENSOR_5 = 2453.000V
2025-11-16 14:34:03 - spektroskopi - INFO - Raspberry Pi'dan veri alındı: 6e400004-b5a3-f393-e0a9-e50e24dcca9e (Handle: 11): Unknown, uzunluk: 2
2025-11-16 14:34:03 - spektroskopi - INFO - Raspberry Pi verisi: Ham=2276, Voltaj=2276.000V
2025-11-16 14:34:03 - spektroskopi - INFO - Raspberry Pi verisi işlendi: SENSOR_7 = 2276.000V
2025-11-16 14:34:04 - spektroskopi - INFO - Raspberry Pi'dan veri alındı: 6e400002-b5a3-f393-e0a9-e50e24dcca9e (Handle: 19): Nordic UART RX, uzunluk: 2
2025-11-16 14:34:04 - spektroskopi - INFO - Raspberry Pi verisi: Ham=1790, Voltaj=1790.000V
2025-11-16 14:34:04 - spektroskopi - INFO - Raspberry Pi verisi işlendi: SENSOR_2 = 1790.000V
2025-11-16 14:34:04 - spektroskopi - INFO - Raspberry Pi'dan veri alındı: 6e400005-b5a3-f393-e0a9-e50e24dcca9e (Handle: 16): Unknown, uzunluk: 2
2025-11-16 14:34:04 - spektroskopi - INFO - Raspberry Pi verisi: Ham=1806, Voltaj=1806.000V
2025-11-16 14:34:04 - spektroskopi - INFO - Raspberry Pi verisi işlendi: SENSOR_EXTRA = 1806.000V
2025-11-16 14:34:04 - spektroskopi - INFO - Raspberry Pi'dan veri alındı: 6e400003-b5a3-f393-e0a9-e50e24dcca9e (Handle: 8): Nordic UART TX, uzunluk: 2
2025-11-16 14:34:04 - spektroskopi - INFO - Raspberry Pi verisi: Ham=2420, Voltaj=2420.000V
2025-11-16 14:34:04 - spektroskopi - INFO - Raspberry Pi verisi işlendi: SENSOR_5 = 2420.000V
2025-11-16 14:34:04 - spektroskopi - INFO - Raspberry Pi'dan veri alındı: 6e400004-b5a3-f393-e0a9-e50e24dcca9e (Handle: 11): Unknown, uzunluk: 2
2025-11-16 14:34:04 - spektroskopi - INFO - Raspberry Pi verisi: Ham=2237, Voltaj=2237.000V
2025-11-16 14:34:04 - spektroskopi - INFO - Raspberry Pi verisi işlendi: SENSOR_7 = 2237.000V
2025-11-16 14:34:04 - spektroskopi - INFO - Raspberry Pi'dan veri alındı: 6e400002-b5a3-f393-e0a9-e50e24dcca9e (Handle: 19): Nordic UART RX, uzunluk: 2
2025-11-16 14:34:04 - spektroskopi - INFO - Raspberry Pi verisi: Ham=1837, Voltaj=1837.000V
2025-11-16 14:34:04 - spektroskopi - INFO - Raspberry Pi verisi işlendi: SENSOR_2 = 1837.000V
2025-11-16 14:34:04 - spektroskopi - INFO - Raspberry Pi'dan veri alındı: 6e400005-b5a3-f393-e0a9-e50e24dcca9e (Handle: 16): Unknown, uzunluk: 2
2025-11-16 14:34:04 - spektroskopi - INFO - Raspberry Pi verisi: Ham=1839, Voltaj=1839.000V
2025-11-16 14:34:04 - spektroskopi - INFO - Raspberry Pi verisi işlendi: SENSOR_EXTRA = 1839.000V
2025-11-16 14:34:04 - spektroskopi - INFO - Raspberry Pi'dan veri alındı: 6e400003-b5a3-f393-e0a9-e50e24dcca9e (Handle: 8): Nordic UART TX, uzunluk: 2
2025-11-16 14:34:04 - spektroskopi - INFO - Raspberry Pi verisi: Ham=2412, Voltaj=2412.000V
2025-11-16 14:34:04 - spektroskopi - INFO - Raspberry Pi verisi işlendi: SENSOR_5 = 2412.000V
2025-11-16 14:34:04 - spektroskopi - INFO - Raspberry Pi'dan veri alındı: 6e400004-b5a3-f393-e0a9-e50e24dcca9e (Handle: 11): Unknown, uzunluk: 2
2025-11-16 14:34:04 - spektroskopi - INFO - Raspberry Pi verisi: Ham=2232, Voltaj=2232.000V
2025-11-16 14:34:04 - spektroskopi - INFO - Raspberry Pi verisi işlendi: SENSOR_7 = 2232.000V
2025-11-16 14:34:04 - spektroskopi - WARNING - Zaman sıralama düzeltildi: 2025-11-16 14:34:04.576838
2025-11-16 14:34:04 - spektroskopi - WARNING - Zaman sıralama düzeltildi: 2025-11-16 14:34:04.577838
2025-11-16 14:34:04 - spektroskopi - WARNING - Zaman sıralama düzeltildi: 2025-11-16 14:34:04.578838
2025-11-16 14:34:04 - spektroskopi - WARNING - Zaman sıralama düzeltildi: 2025-11-16 14:34:04.579838
2025-11-16 14:34:04 - spektroskopi - WARNING - Zaman sıralama düzeltildi: 2025-11-16 14:34:04.580838
2025-11-16 14:34:04 - spektroskopi - WARNING - Zaman sıralama düzeltildi: 2025-11-16 14:34:04.581838
2025-11-16 14:34:04 - spektroskopi - WARNING - Zaman sıralama düzeltildi: 2025-11-16 14:34:04.582838
2025-11-16 14:34:04 - spektroskopi - WARNING - Zaman sıralama düzeltildi: 2025-11-16 14:34:04.583838
2025-11-16 14:34:04 - spektroskopi - WARNING - Zaman sıralama düzeltildi: 2025-11-16 14:34:04.584838
2025-11-16 14:34:04 - spektroskopi - WARNING - Zaman sıralama düzeltildi: 2025-11-16 14:34:04.585838
2025-11-16 14:34:04 - spektroskopi - WARNING - Zaman sıralama düzeltildi: 2025-11-16 14:34:04.586838
2025-11-16 14:34:04 - spektroskopi - WARNING - Zaman sıralama düzeltildi: 2025-11-16 14:34:04.587838
2025-11-16 14:34:04 - spektroskopi - INFO - Raspberry Pi'dan veri alındı: 6e400002-b5a3-f393-e0a9-e50e24dcca9e (Handle: 19): Nordic UART RX, uzunluk: 2
2025-11-16 14:34:04 - spektroskopi - INFO - Raspberry Pi verisi: Ham=1839, Voltaj=1839.000V
2025-11-16 14:34:04 - spektroskopi - INFO - Raspberry Pi verisi işlendi: SENSOR_2 = 1839.000V
2025-11-16 14:34:04 - spektroskopi - INFO - Raspberry Pi'dan veri alındı: 6e400005-b5a3-f393-e0a9-e50e24dcca9e (Handle: 16): Unknown, uzunluk: 2
2025-11-16 14:34:04 - spektroskopi - INFO - Raspberry Pi verisi: Ham=1838, Voltaj=1838.000V
2025-11-16 14:34:04 - spektroskopi - INFO - Raspberry Pi verisi işlendi: SENSOR_EXTRA = 1838.000V
2025-11-16 14:34:04 - spektroskopi - INFO - Raspberry Pi'dan veri alındı: 6e400003-b5a3-f393-e0a9-e50e24dcca9e (Handle: 8): Nordic UART TX, uzunluk: 2
2025-11-16 14:34:04 - spektroskopi - INFO - Raspberry Pi verisi: Ham=2415, Voltaj=2415.000V
2025-11-16 14:34:04 - spektroskopi - INFO - Raspberry Pi verisi işlendi: SENSOR_5 = 2415.000V
2025-11-16 14:34:04 - spektroskopi - INFO - Raspberry Pi'dan veri alındı: 6e400004-b5a3-f393-e0a9-e50e24dcca9e (Handle: 11): Unknown, uzunluk: 2
2025-11-16 14:34:04 - spektroskopi - INFO - Raspberry Pi verisi: Ham=2236, Voltaj=2236.000V
2025-11-16 14:34:04 - spektroskopi - INFO - Raspberry Pi verisi işlendi: SENSOR_7 = 2236.000V
2025-11-16 14:34:05 - spektroskopi - INFO - Raspberry Pi'dan veri alındı: 6e400002-b5a3-f393-e0a9-e50e24dcca9e (Handle: 19): Nordic UART RX, uzunluk: 2
2025-11-16 14:34:05 - spektroskopi - INFO - Raspberry Pi verisi: Ham=1836, Voltaj=1836.000V
2025-11-16 14:34:05 - spektroskopi - INFO - Raspberry Pi verisi işlendi: SENSOR_2 = 1836.000V
2025-11-16 14:34:05 - spektroskopi - INFO - Raspberry Pi'dan veri alındı: 6e400005-b5a3-f393-e0a9-e50e24dcca9e (Handle: 16): Unknown, uzunluk: 2
2025-11-16 14:34:05 - spektroskopi - INFO - Raspberry Pi verisi: Ham=1837, Voltaj=1837.000V
2025-11-16 14:34:05 - spektroskopi - INFO - Raspberry Pi verisi işlendi: SENSOR_EXTRA = 1837.000V
2025-11-16 14:34:05 - spektroskopi - INFO - Raspberry Pi'dan veri alındı: 6e400003-b5a3-f393-e0a9-e50e24dcca9e (Handle: 8): Nordic UART TX, uzunluk: 2
2025-11-16 14:34:05 - spektroskopi - INFO - Raspberry Pi verisi: Ham=2410, Voltaj=2410.000V
2025-11-16 14:34:05 - spektroskopi - INFO - Raspberry Pi verisi işlendi: SENSOR_5 = 2410.000V
2025-11-16 14:34:05 - spektroskopi - INFO - Raspberry Pi'dan veri alındı: 6e400004-b5a3-f393-e0a9-e50e24dcca9e (Handle: 11): Unknown, uzunluk: 2
2025-11-16 14:34:05 - spektroskopi - INFO - Raspberry Pi verisi: Ham=2236, Voltaj=2236.000V
2025-11-16 14:34:05 - spektroskopi - INFO - Raspberry Pi verisi işlendi: SENSOR_7 = 2236.000V
2025-11-16 14:34:05 - spektroskopi - INFO - Raspberry Pi'dan veri alındı: 6e400002-b5a3-f393-e0a9-e50e24dcca9e (Handle: 19): Nordic UART RX, uzunluk: 2
2025-11-16 14:34:05 - spektroskopi - INFO - Raspberry Pi verisi: Ham=1833, Voltaj=1833.000V
2025-11-16 14:34:05 - spektroskopi - INFO - Raspberry Pi verisi işlendi: SENSOR_2 = 1833.000V
2025-11-16 14:34:05 - spektroskopi - INFO - Raspberry Pi'dan veri alındı: 6e400005-b5a3-f393-e0a9-e50e24dcca9e (Handle: 16): Unknown, uzunluk: 2
2025-11-16 14:34:05 - spektroskopi - INFO - Raspberry Pi verisi: Ham=1833, Voltaj=1833.000V
2025-11-16 14:34:05 - spektroskopi - INFO - Raspberry Pi verisi işlendi: SENSOR_EXTRA = 1833.000V
2025-11-16 14:34:05 - spektroskopi - INFO - Raspberry Pi'dan veri alındı: 6e400003-b5a3-f393-e0a9-e50e24dcca9e (Handle: 8): Nordic UART TX, uzunluk: 2
2025-11-16 14:34:05 - spektroskopi - INFO - Raspberry Pi verisi: Ham=2421, Voltaj=2421.000V
2025-11-16 14:34:05 - spektroskopi - INFO - Raspberry Pi verisi işlendi: SENSOR_5 = 2421.000V
2025-11-16 14:34:05 - spektroskopi - INFO - Raspberry Pi'dan veri alındı: 6e400004-b5a3-f393-e0a9-e50e24dcca9e (Handle: 11): Unknown, uzunluk: 2
2025-11-16 14:34:05 - spektroskopi - INFO - Raspberry Pi verisi: Ham=2242, Voltaj=2242.000V
2025-11-16 14:34:05 - spektroskopi - INFO - Raspberry Pi verisi işlendi: SENSOR_7 = 2242.000V
2025-11-16 14:34:05 - spektroskopi - WARNING - Zaman sıralama düzeltildi: 2025-11-16 14:34:05.565290
2025-11-16 14:34:05 - spektroskopi - WARNING - Zaman sıralama düzeltildi: 2025-11-16 14:34:05.566290
2025-11-16 14:34:05 - spektroskopi - WARNING - Zaman sıralama düzeltildi: 2025-11-16 14:34:05.567290
2025-11-16 14:34:05 - spektroskopi - WARNING - Zaman sıralama düzeltildi: 2025-11-16 14:34:05.568290
2025-11-16 14:34:05 - spektroskopi - WARNING - Zaman sıralama düzeltildi: 2025-11-16 14:34:05.569290
2025-11-16 14:34:05 - spektroskopi - WARNING - Zaman sıralama düzeltildi: 2025-11-16 14:34:05.570290
2025-11-16 14:34:05 - spektroskopi - WARNING - Zaman sıralama düzeltildi: 2025-11-16 14:34:05.571290
2025-11-16 14:34:05 - spektroskopi - WARNING - Zaman sıralama düzeltildi: 2025-11-16 14:34:05.572290
2025-11-16 14:34:05 - spektroskopi - WARNING - Zaman sıralama düzeltildi: 2025-11-16 14:34:05.573290
2025-11-16 14:34:05 - spektroskopi - WARNING - Zaman sıralama düzeltildi: 2025-11-16 14:34:05.574290
2025-11-16 14:34:05 - spektroskopi - WARNING - Zaman sıralama düzeltildi: 2025-11-16 14:34:05.575290
2025-11-16 14:34:05 - spektroskopi - WARNING - Zaman sıralama düzeltildi: 2025-11-16 14:34:05.576290
2025-11-16 14:34:05 - spektroskopi - INFO - Raspberry Pi'dan veri alındı: 6e400002-b5a3-f393-e0a9-e50e24dcca9e (Handle: 19): Nordic UART RX, uzunluk: 2
2025-11-16 14:34:05 - spektroskopi - INFO - Raspberry Pi verisi: Ham=1827, Voltaj=1827.000V
2025-11-16 14:34:05 - spektroskopi - INFO - Raspberry Pi verisi işlendi: SENSOR_2 = 1827.000V
2025-11-16 14:34:05 - spektroskopi - INFO - Raspberry Pi'dan veri alındı: 6e400005-b5a3-f393-e0a9-e50e24dcca9e (Handle: 16): Unknown, uzunluk: 2
2025-11-16 14:34:05 - spektroskopi - INFO - Raspberry Pi verisi: Ham=1826, Voltaj=1826.000V
2025-11-16 14:34:05 - spektroskopi - INFO - Raspberry Pi verisi işlendi: SENSOR_EXTRA = 1826.000V
2025-11-16 14:34:05 - spektroskopi - INFO - Raspberry Pi'dan veri alındı: 6e400003-b5a3-f393-e0a9-e50e24dcca9e (Handle: 8): Nordic UART TX, uzunluk: 2
2025-11-16 14:34:05 - spektroskopi - INFO - Raspberry Pi verisi: Ham=2421, Voltaj=2421.000V
2025-11-16 14:34:05 - spektroskopi - INFO - Raspberry Pi verisi işlendi: SENSOR_5 = 2421.000V
2025-11-16 14:34:05 - spektroskopi - INFO - Raspberry Pi'dan veri alındı: 6e400004-b5a3-f393-e0a9-e50e24dcca9e (Handle: 11): Unknown, uzunluk: 2
2025-11-16 14:34:05 - spektroskopi - INFO - Raspberry Pi verisi: Ham=2248, Voltaj=2248.000V
2025-11-16 14:34:05 - spektroskopi - INFO - Raspberry Pi verisi işlendi: SENSOR_7 = 2248.000V
2025-11-16 14:34:06 - spektroskopi - INFO - Raspberry Pi'dan veri alındı: 6e400002-b5a3-f393-e0a9-e50e24dcca9e (Handle: 19): Nordic UART RX, uzunluk: 2
2025-11-16 14:34:06 - spektroskopi - INFO - Raspberry Pi verisi: Ham=1823, Voltaj=1823.000V
2025-11-16 14:34:06 - spektroskopi - INFO - Raspberry Pi verisi işlendi: SENSOR_2 = 1823.000V
2025-11-16 14:34:06 - spektroskopi - INFO - Raspberry Pi'dan veri alındı: 6e400005-b5a3-f393-e0a9-e50e24dcca9e (Handle: 16): Unknown, uzunluk: 2
2025-11-16 14:34:06 - spektroskopi - INFO - Raspberry Pi verisi: Ham=1825, Voltaj=1825.000V
2025-11-16 14:34:06 - spektroskopi - INFO - Raspberry Pi verisi işlendi: SENSOR_EXTRA = 1825.000V
2025-11-16 14:34:06 - spektroskopi - INFO - Raspberry Pi'dan veri alındı: 6e400003-b5a3-f393-e0a9-e50e24dcca9e (Handle: 8): Nordic UART TX, uzunluk: 2
2025-11-16 14:34:06 - spektroskopi - INFO - Raspberry Pi verisi: Ham=2424, Voltaj=2424.000V
2025-11-16 14:34:06 - spektroskopi - INFO - Raspberry Pi verisi işlendi: SENSOR_5 = 2424.000V
2025-11-16 14:34:06 - spektroskopi - INFO - Raspberry Pi'dan veri alındı: 6e400004-b5a3-f393-e0a9-e50e24dcca9e (Handle: 11): Unknown, uzunluk: 2
2025-11-16 14:34:06 - spektroskopi - INFO - Raspberry Pi verisi: Ham=2245, Voltaj=2245.000V
2025-11-16 14:34:06 - spektroskopi - INFO - Raspberry Pi verisi işlendi: SENSOR_7 = 2245.000V
2025-11-16 14:34:06 - spektroskopi - INFO - Raspberry Pi'dan veri alındı: 6e400002-b5a3-f393-e0a9-e50e24dcca9e (Handle: 19): Nordic UART RX, uzunluk: 2
2025-11-16 14:34:06 - spektroskopi - INFO - Raspberry Pi verisi: Ham=1824, Voltaj=1824.000V
2025-11-16 14:34:06 - spektroskopi - INFO - Raspberry Pi verisi işlendi: SENSOR_2 = 1824.000V
2025-11-16 14:34:06 - spektroskopi - INFO - Raspberry Pi'dan veri alındı: 6e400005-b5a3-f393-e0a9-e50e24dcca9e (Handle: 16): Unknown, uzunluk: 2
2025-11-16 14:34:06 - spektroskopi - INFO - Raspberry Pi verisi: Ham=1823, Voltaj=1823.000V
2025-11-16 14:34:06 - spektroskopi - INFO - Raspberry Pi verisi işlendi: SENSOR_EXTRA = 1823.000V
2025-11-16 14:34:06 - spektroskopi - INFO - Raspberry Pi'dan veri alındı: 6e400003-b5a3-f393-e0a9-e50e24dcca9e (Handle: 8): Nordic UART TX, uzunluk: 2
2025-11-16 14:34:06 - spektroskopi - INFO - Raspberry Pi verisi: Ham=2423, Voltaj=2423.000V
2025-11-16 14:34:06 - spektroskopi - INFO - Raspberry Pi verisi işlendi: SENSOR_5 = 2423.000V
2025-11-16 14:34:06 - spektroskopi - INFO - Raspberry Pi'dan veri alındı: 6e400004-b5a3-f393-e0a9-e50e24dcca9e (Handle: 11): Unknown, uzunluk: 2
2025-11-16 14:34:06 - spektroskopi - INFO - Raspberry Pi verisi: Ham=2247, Voltaj=2247.000V
2025-11-16 14:34:06 - spektroskopi - INFO - Raspberry Pi verisi işlendi: SENSOR_7 = 2247.000V
2025-11-16 14:34:06 - spektroskopi - WARNING - Zaman sıralama düzeltildi: 2025-11-16 14:34:06.557529
2025-11-16 14:34:06 - spektroskopi - WARNING - Zaman sıralama düzeltildi: 2025-11-16 14:34:06.558529
2025-11-16 14:34:06 - spektroskopi - WARNING - Zaman sıralama düzeltildi: 2025-11-16 14:34:06.559529
2025-11-16 14:34:06 - spektroskopi - WARNING - Zaman sıralama düzeltildi: 2025-11-16 14:34:06.560529
2025-11-16 14:34:06 - spektroskopi - WARNING - Zaman sıralama düzeltildi: 2025-11-16 14:34:06.561529
2025-11-16 14:34:06 - spektroskopi - WARNING - Zaman sıralama düzeltildi: 2025-11-16 14:34:06.562529
2025-11-16 14:34:06 - spektroskopi - WARNING - Zaman sıralama düzeltildi: 2025-11-16 14:34:06.563529
2025-11-16 14:34:06 - spektroskopi - WARNING - Zaman sıralama düzeltildi: 2025-11-16 14:34:06.564529
2025-11-16 14:34:06 - spektroskopi - WARNING - Zaman sıralama düzeltildi: 2025-11-16 14:34:06.565529
2025-11-16 14:34:06 - spektroskopi - WARNING - Zaman sıralama düzeltildi: 2025-11-16 14:34:06.566529
2025-11-16 14:34:06 - spektroskopi - WARNING - Zaman sıralama düzeltildi: 2025-11-16 14:34:06.567529
2025-11-16 14:34:06 - spektroskopi - WARNING - Zaman sıralama düzeltildi: 2025-11-16 14:34:06.568529
2025-11-16 14:34:06 - spektroskopi - INFO - Raspberry Pi'dan veri alındı: 6e400002-b5a3-f393-e0a9-e50e24dcca9e (Handle: 19): Nordic UART RX, uzunluk: 2
2025-11-16 14:34:06 - spektroskopi - INFO - Raspberry Pi verisi: Ham=1821, Voltaj=1821.000V
2025-11-16 14:34:06 - spektroskopi - INFO - Raspberry Pi verisi işlendi: SENSOR_2 = 1821.000V
2025-11-16 14:34:06 - spektroskopi - INFO - Raspberry Pi'dan veri alındı: 6e400005-b5a3-f393-e0a9-e50e24dcca9e (Handle: 16): Unknown, uzunluk: 2
2025-11-16 14:34:06 - spektroskopi - INFO - Raspberry Pi verisi: Ham=1818, Voltaj=1818.000V
2025-11-16 14:34:06 - spektroskopi - INFO - Raspberry Pi verisi işlendi: SENSOR_EXTRA = 1818.000V
2025-11-16 14:34:06 - spektroskopi - INFO - Raspberry Pi'dan veri alındı: 6e400003-b5a3-f393-e0a9-e50e24dcca9e (Handle: 8): Nordic UART TX, uzunluk: 2
2025-11-16 14:34:06 - spektroskopi - INFO - Raspberry Pi verisi: Ham=2429, Voltaj=2429.000V
2025-11-16 14:34:06 - spektroskopi - INFO - Raspberry Pi verisi işlendi: SENSOR_5 = 2429.000V
2025-11-16 14:34:06 - spektroskopi - INFO - Raspberry Pi'dan veri alındı: 6e400004-b5a3-f393-e0a9-e50e24dcca9e (Handle: 11): Unknown, uzunluk: 2
2025-11-16 14:34:06 - spektroskopi - INFO - Raspberry Pi verisi: Ham=2256, Voltaj=2256.000V
2025-11-16 14:34:06 - spektroskopi - INFO - Raspberry Pi verisi işlendi: SENSOR_7 = 2256.000V
2025-11-16 14:34:07 - spektroskopi - INFO - Raspberry Pi'dan veri alındı: 6e400002-b5a3-f393-e0a9-e50e24dcca9e (Handle: 19): Nordic UART RX, uzunluk: 2
2025-11-16 14:34:07 - spektroskopi - INFO - Raspberry Pi verisi: Ham=1771, Voltaj=1771.000V
2025-11-16 14:34:07 - spektroskopi - INFO - Raspberry Pi verisi işlendi: SENSOR_2 = 1771.000V
2025-11-16 14:34:07 - spektroskopi - INFO - Raspberry Pi'dan veri alındı: 6e400005-b5a3-f393-e0a9-e50e24dcca9e (Handle: 16): Unknown, uzunluk: 2
2025-11-16 14:34:07 - spektroskopi - INFO - Raspberry Pi verisi: Ham=1762, Voltaj=1762.000V
2025-11-16 14:34:07 - spektroskopi - INFO - Raspberry Pi verisi işlendi: SENSOR_EXTRA = 1762.000V
2025-11-16 14:34:07 - spektroskopi - INFO - Raspberry Pi'dan veri alındı: 6e400003-b5a3-f393-e0a9-e50e24dcca9e (Handle: 8): Nordic UART TX, uzunluk: 2
2025-11-16 14:34:07 - spektroskopi - INFO - Raspberry Pi verisi: Ham=2445, Voltaj=2445.000V
2025-11-16 14:34:07 - spektroskopi - INFO - Raspberry Pi verisi işlendi: SENSOR_5 = 2445.000V
2025-11-16 14:34:07 - spektroskopi - INFO - Raspberry Pi'dan veri alındı: 6e400004-b5a3-f393-e0a9-e50e24dcca9e (Handle: 11): Unknown, uzunluk: 2
2025-11-16 14:34:07 - spektroskopi - INFO - Raspberry Pi verisi: Ham=2276, Voltaj=2276.000V
2025-11-16 14:34:07 - spektroskopi - INFO - Raspberry Pi verisi işlendi: SENSOR_7 = 2276.000V
2025-11-16 14:34:07 - spektroskopi - INFO - Raspberry Pi'dan veri alındı: 6e400002-b5a3-f393-e0a9-e50e24dcca9e (Handle: 19): Nordic UART RX, uzunluk: 2
2025-11-16 14:34:07 - spektroskopi - INFO - Raspberry Pi verisi: Ham=1750, Voltaj=1750.000V
2025-11-16 14:34:07 - spektroskopi - INFO - Raspberry Pi verisi işlendi: SENSOR_2 = 1750.000V
2025-11-16 14:34:07 - spektroskopi - INFO - Raspberry Pi'dan veri alındı: 6e400005-b5a3-f393-e0a9-e50e24dcca9e (Handle: 16): Unknown, uzunluk: 2
2025-11-16 14:34:07 - spektroskopi - INFO - Raspberry Pi verisi: Ham=1757, Voltaj=1757.000V
2025-11-16 14:34:07 - spektroskopi - INFO - Raspberry Pi verisi işlendi: SENSOR_EXTRA = 1757.000V
2025-11-16 14:34:07 - spektroskopi - INFO - Raspberry Pi'dan veri alındı: 6e400003-b5a3-f393-e0a9-e50e24dcca9e (Handle: 8): Nordic UART TX, uzunluk: 2
2025-11-16 14:34:07 - spektroskopi - INFO - Raspberry Pi verisi: Ham=2442, Voltaj=2442.000V
2025-11-16 14:34:07 - spektroskopi - INFO - Raspberry Pi verisi işlendi: SENSOR_5 = 2442.000V
2025-11-16 14:34:07 - spektroskopi - INFO - Raspberry Pi'dan veri alındı: 6e400004-b5a3-f393-e0a9-e50e24dcca9e (Handle: 11): Unknown, uzunluk: 2
2025-11-16 14:34:07 - spektroskopi - INFO - Raspberry Pi verisi: Ham=2259, Voltaj=2259.000V
2025-11-16 14:34:07 - spektroskopi - INFO - Raspberry Pi verisi işlendi: SENSOR_7 = 2259.000V
2025-11-16 14:34:07 - spektroskopi - WARNING - Zaman sıralama düzeltildi: 2025-11-16 14:34:07.577848
2025-11-16 14:34:07 - spektroskopi - WARNING - Zaman sıralama düzeltildi: 2025-11-16 14:34:07.578848
2025-11-16 14:34:07 - spektroskopi - WARNING - Zaman sıralama düzeltildi: 2025-11-16 14:34:07.579848
2025-11-16 14:34:07 - spektroskopi - WARNING - Zaman sıralama düzeltildi: 2025-11-16 14:34:07.580848
2025-11-16 14:34:07 - spektroskopi - WARNING - Zaman sıralama düzeltildi: 2025-11-16 14:34:07.581848
2025-11-16 14:34:07 - spektroskopi - WARNING - Zaman sıralama düzeltildi: 2025-11-16 14:34:07.582848
2025-11-16 14:34:07 - spektroskopi - WARNING - Zaman sıralama düzeltildi: 2025-11-16 14:34:07.583848
2025-11-16 14:34:07 - spektroskopi - WARNING - Zaman sıralama düzeltildi: 2025-11-16 14:34:07.584848
2025-11-16 14:34:07 - spektroskopi - WARNING - Zaman sıralama düzeltildi: 2025-11-16 14:34:07.585848
2025-11-16 14:34:07 - spektroskopi - WARNING - Zaman sıralama düzeltildi: 2025-11-16 14:34:07.586848
2025-11-16 14:34:07 - spektroskopi - WARNING - Zaman sıralama düzeltildi: 2025-11-16 14:34:07.587848
2025-11-16 14:34:07 - spektroskopi - WARNING - Zaman sıralama düzeltildi: 2025-11-16 14:34:07.588848
2025-11-16 14:34:07 - spektroskopi - INFO - Raspberry Pi'dan veri alındı: 6e400002-b5a3-f393-e0a9-e50e24dcca9e (Handle: 19): Nordic UART RX, uzunluk: 2
2025-11-16 14:34:07 - spektroskopi - INFO - Raspberry Pi verisi: Ham=1817, Voltaj=1817.000V
2025-11-16 14:34:07 - spektroskopi - INFO - Raspberry Pi verisi işlendi: SENSOR_2 = 1817.000V
2025-11-16 14:34:07 - spektroskopi - INFO - Raspberry Pi'dan veri alındı: 6e400005-b5a3-f393-e0a9-e50e24dcca9e (Handle: 16): Unknown, uzunluk: 2
2025-11-16 14:34:07 - spektroskopi - INFO - Raspberry Pi verisi: Ham=1824, Voltaj=1824.000V
2025-11-16 14:34:07 - spektroskopi - INFO - Raspberry Pi verisi işlendi: SENSOR_EXTRA = 1824.000V
2025-11-16 14:34:07 - spektroskopi - INFO - Raspberry Pi'dan veri alındı: 6e400003-b5a3-f393-e0a9-e50e24dcca9e (Handle: 8): Nordic UART TX, uzunluk: 2
2025-11-16 14:34:07 - spektroskopi - INFO - Raspberry Pi verisi: Ham=2412, Voltaj=2412.000V
2025-11-16 14:34:07 - spektroskopi - INFO - Raspberry Pi verisi işlendi: SENSOR_5 = 2412.000V
2025-11-16 14:34:07 - spektroskopi - INFO - Raspberry Pi'dan veri alındı: 6e400004-b5a3-f393-e0a9-e50e24dcca9e (Handle: 11): Unknown, uzunluk: 2
2025-11-16 14:34:07 - spektroskopi - INFO - Raspberry Pi verisi: Ham=2234, Voltaj=2234.000V
2025-11-16 14:34:07 - spektroskopi - INFO - Raspberry Pi verisi işlendi: SENSOR_7 = 2234.000V
2025-11-16 14:34:08 - spektroskopi - INFO - Raspberry Pi'dan veri alındı: 6e400002-b5a3-f393-e0a9-e50e24dcca9e (Handle: 19): Nordic UART RX, uzunluk: 2
2025-11-16 14:34:08 - spektroskopi - INFO - Raspberry Pi verisi: Ham=1830, Voltaj=1830.000V
2025-11-16 14:34:08 - spektroskopi - INFO - Raspberry Pi verisi işlendi: SENSOR_2 = 1830.000V
2025-11-16 14:34:08 - spektroskopi - INFO - Raspberry Pi'dan veri alındı: 6e400005-b5a3-f393-e0a9-e50e24dcca9e (Handle: 16): Unknown, uzunluk: 2
2025-11-16 14:34:08 - spektroskopi - INFO - Raspberry Pi verisi: Ham=1829, Voltaj=1829.000V
2025-11-16 14:34:08 - spektroskopi - INFO - Raspberry Pi verisi işlendi: SENSOR_EXTRA = 1829.000V
2025-11-16 14:34:08 - spektroskopi - INFO - Raspberry Pi'dan veri alındı: 6e400003-b5a3-f393-e0a9-e50e24dcca9e (Handle: 8): Nordic UART TX, uzunluk: 2
2025-11-16 14:34:08 - spektroskopi - INFO - Raspberry Pi verisi: Ham=2416, Voltaj=2416.000V
2025-11-16 14:34:08 - spektroskopi - INFO - Raspberry Pi verisi işlendi: SENSOR_5 = 2416.000V
2025-11-16 14:34:08 - spektroskopi - INFO - Raspberry Pi'dan veri alındı: 6e400004-b5a3-f393-e0a9-e50e24dcca9e (Handle: 11): Unknown, uzunluk: 2
2025-11-16 14:34:08 - spektroskopi - INFO - Raspberry Pi verisi: Ham=2236, Voltaj=2236.000V
2025-11-16 14:34:08 - spektroskopi - INFO - Raspberry Pi verisi işlendi: SENSOR_7 = 2236.000V
2025-11-16 14:34:08 - spektroskopi - INFO - Raspberry Pi'dan veri alındı: 6e400002-b5a3-f393-e0a9-e50e24dcca9e (Handle: 19): Nordic UART RX, uzunluk: 2
2025-11-16 14:34:08 - spektroskopi - INFO - Raspberry Pi verisi: Ham=1830, Voltaj=1830.000V
2025-11-16 14:34:08 - spektroskopi - INFO - Raspberry Pi verisi işlendi: SENSOR_2 = 1830.000V
2025-11-16 14:34:08 - spektroskopi - INFO - Raspberry Pi'dan veri alındı: 6e400005-b5a3-f393-e0a9-e50e24dcca9e (Handle: 16): Unknown, uzunluk: 2
2025-11-16 14:34:08 - spektroskopi - INFO - Raspberry Pi verisi: Ham=1830, Voltaj=1830.000V
2025-11-16 14:34:08 - spektroskopi - INFO - Raspberry Pi verisi işlendi: SENSOR_EXTRA = 1830.000V
2025-11-16 14:34:08 - spektroskopi - INFO - Raspberry Pi'dan veri alındı: 6e400003-b5a3-f393-e0a9-e50e24dcca9e (Handle: 8): Nordic UART TX, uzunluk: 2
2025-11-16 14:34:08 - spektroskopi - INFO - Raspberry Pi verisi: Ham=2416, Voltaj=2416.000V
2025-11-16 14:34:08 - spektroskopi - INFO - Raspberry Pi verisi işlendi: SENSOR_5 = 2416.000V
2025-11-16 14:34:08 - spektroskopi - INFO - Raspberry Pi'dan veri alındı: 6e400004-b5a3-f393-e0a9-e50e24dcca9e (Handle: 11): Unknown, uzunluk: 2
2025-11-16 14:34:08 - spektroskopi - INFO - Raspberry Pi verisi: Ham=2236, Voltaj=2236.000V
2025-11-16 14:34:08 - spektroskopi - INFO - Raspberry Pi verisi işlendi: SENSOR_7 = 2236.000V
2025-11-16 14:34:08 - spektroskopi - WARNING - Zaman sıralama düzeltildi: 2025-11-16 14:34:08.567133
2025-11-16 14:34:08 - spektroskopi - WARNING - Zaman sıralama düzeltildi: 2025-11-16 14:34:08.568133
2025-11-16 14:34:08 - spektroskopi - WARNING - Zaman sıralama düzeltildi: 2025-11-16 14:34:08.569133
2025-11-16 14:34:08 - spektroskopi - WARNING - Zaman sıralama düzeltildi: 2025-11-16 14:34:08.570133
2025-11-16 14:34:08 - spektroskopi - WARNING - Zaman sıralama düzeltildi: 2025-11-16 14:34:08.571133
2025-11-16 14:34:08 - spektroskopi - WARNING - Zaman sıralama düzeltildi: 2025-11-16 14:34:08.572133
2025-11-16 14:34:08 - spektroskopi - WARNING - Zaman sıralama düzeltildi: 2025-11-16 14:34:08.573133
2025-11-16 14:34:08 - spektroskopi - WARNING - Zaman sıralama düzeltildi: 2025-11-16 14:34:08.574133
2025-11-16 14:34:08 - spektroskopi - WARNING - Zaman sıralama düzeltildi: 2025-11-16 14:34:08.575133
2025-11-16 14:34:08 - spektroskopi - WARNING - Zaman sıralama düzeltildi: 2025-11-16 14:34:08.576133
2025-11-16 14:34:08 - spektroskopi - WARNING - Zaman sıralama düzeltildi: 2025-11-16 14:34:08.577133
2025-11-16 14:34:08 - spektroskopi - WARNING - Zaman sıralama düzeltildi: 2025-11-16 14:34:08.578133
2025-11-16 14:34:08 - spektroskopi - INFO - Raspberry Pi'dan veri alındı: 6e400002-b5a3-f393-e0a9-e50e24dcca9e (Handle: 19): Nordic UART RX, uzunluk: 2
2025-11-16 14:34:08 - spektroskopi - INFO - Raspberry Pi verisi: Ham=1831, Voltaj=1831.000V
2025-11-16 14:34:08 - spektroskopi - INFO - Raspberry Pi verisi işlendi: SENSOR_2 = 1831.000V
2025-11-16 14:34:08 - spektroskopi - INFO - Raspberry Pi'dan veri alındı: 6e400005-b5a3-f393-e0a9-e50e24dcca9e (Handle: 16): Unknown, uzunluk: 2
2025-11-16 14:34:08 - spektroskopi - INFO - Raspberry Pi verisi: Ham=1831, Voltaj=1831.000V
2025-11-16 14:34:08 - spektroskopi - INFO - Raspberry Pi verisi işlendi: SENSOR_EXTRA = 1831.000V
2025-11-16 14:34:08 - spektroskopi - INFO - Raspberry Pi'dan veri alındı: 6e400003-b5a3-f393-e0a9-e50e24dcca9e (Handle: 8): Nordic UART TX, uzunluk: 2
2025-11-16 14:34:08 - spektroskopi - INFO - Raspberry Pi verisi: Ham=2413, Voltaj=2413.000V
2025-11-16 14:34:08 - spektroskopi - INFO - Raspberry Pi verisi işlendi: SENSOR_5 = 2413.000V
2025-11-16 14:34:08 - spektroskopi - INFO - Raspberry Pi'dan veri alındı: 6e400004-b5a3-f393-e0a9-e50e24dcca9e (Handle: 11): Unknown, uzunluk: 2
2025-11-16 14:34:08 - spektroskopi - INFO - Raspberry Pi verisi: Ham=2235, Voltaj=2235.000V
2025-11-16 14:34:08 - spektroskopi - INFO - Raspberry Pi verisi işlendi: SENSOR_7 = 2235.000V
2025-11-16 14:34:09 - spektroskopi - INFO - Raspberry Pi'dan veri alındı: 6e400002-b5a3-f393-e0a9-e50e24dcca9e (Handle: 19): Nordic UART RX, uzunluk: 2
2025-11-16 14:34:09 - spektroskopi - INFO - Raspberry Pi verisi: Ham=1830, Voltaj=1830.000V
2025-11-16 14:34:09 - spektroskopi - INFO - Raspberry Pi verisi işlendi: SENSOR_2 = 1830.000V
2025-11-16 14:34:09 - spektroskopi - INFO - Raspberry Pi'dan veri alındı: 6e400005-b5a3-f393-e0a9-e50e24dcca9e (Handle: 16): Unknown, uzunluk: 2
2025-11-16 14:34:09 - spektroskopi - INFO - Raspberry Pi verisi: Ham=1829, Voltaj=1829.000V
2025-11-16 14:34:09 - spektroskopi - INFO - Raspberry Pi verisi işlendi: SENSOR_EXTRA = 1829.000V
2025-11-16 14:34:09 - spektroskopi - INFO - Raspberry Pi'dan veri alındı: 6e400003-b5a3-f393-e0a9-e50e24dcca9e (Handle: 8): Nordic UART TX, uzunluk: 2
2025-11-16 14:34:09 - spektroskopi - INFO - Raspberry Pi verisi: Ham=2418, Voltaj=2418.000V
2025-11-16 14:34:09 - spektroskopi - INFO - Raspberry Pi verisi işlendi: SENSOR_5 = 2418.000V
2025-11-16 14:34:09 - spektroskopi - INFO - Raspberry Pi'dan veri alındı: 6e400004-b5a3-f393-e0a9-e50e24dcca9e (Handle: 11): Unknown, uzunluk: 2
2025-11-16 14:34:09 - spektroskopi - INFO - Raspberry Pi verisi: Ham=2236, Voltaj=2236.000V
2025-11-16 14:34:09 - spektroskopi - INFO - Raspberry Pi verisi işlendi: SENSOR_7 = 2236.000V
2025-11-16 14:34:09 - spektroskopi - INFO - Raspberry Pi'dan veri alındı: 6e400002-b5a3-f393-e0a9-e50e24dcca9e (Handle: 19): Nordic UART RX, uzunluk: 2
2025-11-16 14:34:09 - spektroskopi - INFO - Raspberry Pi verisi: Ham=1829, Voltaj=1829.000V
2025-11-16 14:34:09 - spektroskopi - INFO - Raspberry Pi verisi işlendi: SENSOR_2 = 1829.000V
2025-11-16 14:34:09 - spektroskopi - INFO - Raspberry Pi'dan veri alındı: 6e400005-b5a3-f393-e0a9-e50e24dcca9e (Handle: 16): Unknown, uzunluk: 2
2025-11-16 14:34:09 - spektroskopi - INFO - Raspberry Pi verisi: Ham=1831, Voltaj=1831.000V
2025-11-16 14:34:09 - spektroskopi - INFO - Raspberry Pi verisi işlendi: SENSOR_EXTRA = 1831.000V
2025-11-16 14:34:09 - spektroskopi - INFO - Raspberry Pi'dan veri alındı: 6e400003-b5a3-f393-e0a9-e50e24dcca9e (Handle: 8): Nordic UART TX, uzunluk: 2
2025-11-16 14:34:09 - spektroskopi - INFO - Raspberry Pi verisi: Ham=2419, Voltaj=2419.000V
2025-11-16 14:34:09 - spektroskopi - INFO - Raspberry Pi verisi işlendi: SENSOR_5 = 2419.000V
2025-11-16 14:34:09 - spektroskopi - INFO - Raspberry Pi'dan veri alındı: 6e400004-b5a3-f393-e0a9-e50e24dcca9e (Handle: 11): Unknown, uzunluk: 2
2025-11-16 14:34:09 - spektroskopi - INFO - Raspberry Pi verisi: Ham=2238, Voltaj=2238.000V
2025-11-16 14:34:09 - spektroskopi - INFO - Raspberry Pi verisi işlendi: SENSOR_7 = 2238.000V
2025-11-16 14:34:09 - spektroskopi - WARNING - Zaman sıralama düzeltildi: 2025-11-16 14:34:09.556907
2025-11-16 14:34:09 - spektroskopi - WARNING - Zaman sıralama düzeltildi: 2025-11-16 14:34:09.557907
2025-11-16 14:34:09 - spektroskopi - WARNING - Zaman sıralama düzeltildi: 2025-11-16 14:34:09.558907
2025-11-16 14:34:09 - spektroskopi - WARNING - Zaman sıralama düzeltildi: 2025-11-16 14:34:09.559907
2025-11-16 14:34:09 - spektroskopi - WARNING - Zaman sıralama düzeltildi: 2025-11-16 14:34:09.560907
2025-11-16 14:34:09 - spektroskopi - WARNING - Zaman sıralama düzeltildi: 2025-11-16 14:34:09.561907
2025-11-16 14:34:09 - spektroskopi - WARNING - Zaman sıralama düzeltildi: 2025-11-16 14:34:09.562907
2025-11-16 14:34:09 - spektroskopi - WARNING - Zaman sıralama düzeltildi: 2025-11-16 14:34:09.563907
2025-11-16 14:34:09 - spektroskopi - WARNING - Zaman sıralama düzeltildi: 2025-11-16 14:34:09.564907
2025-11-16 14:34:09 - spektroskopi - WARNING - Zaman sıralama düzeltildi: 2025-11-16 14:34:09.565907
2025-11-16 14:34:09 - spektroskopi - WARNING - Zaman sıralama düzeltildi: 2025-11-16 14:34:09.566907
2025-11-16 14:34:09 - spektroskopi - WARNING - Zaman sıralama düzeltildi: 2025-11-16 14:34:09.567907
2025-11-16 14:34:09 - spektroskopi - INFO - Raspberry Pi'dan veri alındı: 6e400002-b5a3-f393-e0a9-e50e24dcca9e (Handle: 19): Nordic UART RX, uzunluk: 2
2025-11-16 14:34:09 - spektroskopi - INFO - Raspberry Pi verisi: Ham=1829, Voltaj=1829.000V
2025-11-16 14:34:09 - spektroskopi - INFO - Raspberry Pi verisi işlendi: SENSOR_2 = 1829.000V
2025-11-16 14:34:09 - spektroskopi - INFO - Raspberry Pi'dan veri alındı: 6e400005-b5a3-f393-e0a9-e50e24dcca9e (Handle: 16): Unknown, uzunluk: 2
2025-11-16 14:34:09 - spektroskopi - INFO - Raspberry Pi verisi: Ham=1828, Voltaj=1828.000V
2025-11-16 14:34:09 - spektroskopi - INFO - Raspberry Pi verisi işlendi: SENSOR_EXTRA = 1828.000V
2025-11-16 14:34:09 - spektroskopi - INFO - Raspberry Pi'dan veri alındı: 6e400003-b5a3-f393-e0a9-e50e24dcca9e (Handle: 8): Nordic UART TX, uzunluk: 2
2025-11-16 14:34:09 - spektroskopi - INFO - Raspberry Pi verisi: Ham=2419, Voltaj=2419.000V
2025-11-16 14:34:09 - spektroskopi - INFO - Raspberry Pi verisi işlendi: SENSOR_5 = 2419.000V
2025-11-16 14:34:09 - spektroskopi - INFO - Raspberry Pi'dan veri alındı: 6e400004-b5a3-f393-e0a9-e50e24dcca9e (Handle: 11): Unknown, uzunluk: 2
2025-11-16 14:34:09 - spektroskopi - INFO - Raspberry Pi verisi: Ham=2238, Voltaj=2238.000V
2025-11-16 14:34:09 - spektroskopi - INFO - Raspberry Pi verisi işlendi: SENSOR_7 = 2238.000V
2025-11-16 14:34:10 - spektroskopi - INFO - Raspberry Pi'dan veri alındı: 6e400002-b5a3-f393-e0a9-e50e24dcca9e (Handle: 19): Nordic UART RX, uzunluk: 2
2025-11-16 14:34:10 - spektroskopi - INFO - Raspberry Pi verisi: Ham=1826, Voltaj=1826.000V
2025-11-16 14:34:10 - spektroskopi - INFO - Raspberry Pi verisi işlendi: SENSOR_2 = 1826.000V
2025-11-16 14:34:10 - spektroskopi - INFO - Raspberry Pi'dan veri alındı: 6e400005-b5a3-f393-e0a9-e50e24dcca9e (Handle: 16): Unknown, uzunluk: 2
2025-11-16 14:34:10 - spektroskopi - INFO - Raspberry Pi verisi: Ham=1829, Voltaj=1829.000V
2025-11-16 14:34:10 - spektroskopi - INFO - Raspberry Pi verisi işlendi: SENSOR_EXTRA = 1829.000V
2025-11-16 14:34:10 - spektroskopi - INFO - Raspberry Pi'dan veri alındı: 6e400003-b5a3-f393-e0a9-e50e24dcca9e (Handle: 8): Nordic UART TX, uzunluk: 2
2025-11-16 14:34:10 - spektroskopi - INFO - Raspberry Pi verisi: Ham=2418, Voltaj=2418.000V
2025-11-16 14:34:10 - spektroskopi - INFO - Raspberry Pi verisi işlendi: SENSOR_5 = 2418.000V
2025-11-16 14:34:10 - spektroskopi - INFO - Raspberry Pi'dan veri alındı: 6e400004-b5a3-f393-e0a9-e50e24dcca9e (Handle: 11): Unknown, uzunluk: 2
2025-11-16 14:34:10 - spektroskopi - INFO - Raspberry Pi verisi: Ham=2237, Voltaj=2237.000V
2025-11-16 14:34:10 - spektroskopi - INFO - Raspberry Pi verisi işlendi: SENSOR_7 = 2237.000V
2025-11-16 14:34:10 - spektroskopi - INFO - Raspberry Pi'dan veri alındı: 6e400002-b5a3-f393-e0a9-e50e24dcca9e (Handle: 19): Nordic UART RX, uzunluk: 2
2025-11-16 14:34:10 - spektroskopi - INFO - Raspberry Pi verisi: Ham=1828, Voltaj=1828.000V
2025-11-16 14:34:10 - spektroskopi - INFO - Raspberry Pi verisi işlendi: SENSOR_2 = 1828.000V
2025-11-16 14:34:10 - spektroskopi - INFO - Raspberry Pi'dan veri alındı: 6e400005-b5a3-f393-e0a9-e50e24dcca9e (Handle: 16): Unknown, uzunluk: 2
2025-11-16 14:34:10 - spektroskopi - INFO - Raspberry Pi verisi: Ham=1829, Voltaj=1829.000V
2025-11-16 14:34:10 - spektroskopi - INFO - Raspberry Pi verisi işlendi: SENSOR_EXTRA = 1829.000V
2025-11-16 14:34:10 - spektroskopi - INFO - Raspberry Pi'dan veri alındı: 6e400003-b5a3-f393-e0a9-e50e24dcca9e (Handle: 8): Nordic UART TX, uzunluk: 2
2025-11-16 14:34:10 - spektroskopi - INFO - Raspberry Pi verisi: Ham=2416, Voltaj=2416.000V
2025-11-16 14:34:10 - spektroskopi - INFO - Raspberry Pi verisi işlendi: SENSOR_5 = 2416.000V
2025-11-16 14:34:10 - spektroskopi - INFO - Raspberry Pi'dan veri alındı: 6e400004-b5a3-f393-e0a9-e50e24dcca9e (Handle: 11): Unknown, uzunluk: 2
2025-11-16 14:34:10 - spektroskopi - INFO - Raspberry Pi verisi: Ham=2235, Voltaj=2235.000V
2025-11-16 14:34:10 - spektroskopi - INFO - Raspberry Pi verisi işlendi: SENSOR_7 = 2235.000V
2025-11-16 14:34:10 - spektroskopi - WARNING - Zaman sıralama düzeltildi: 2025-11-16 14:34:10.576053
2025-11-16 14:34:10 - spektroskopi - WARNING - Zaman sıralama düzeltildi: 2025-11-16 14:34:10.577053
2025-11-16 14:34:10 - spektroskopi - WARNING - Zaman sıralama düzeltildi: 2025-11-16 14:34:10.578053
2025-11-16 14:34:10 - spektroskopi - WARNING - Zaman sıralama düzeltildi: 2025-11-16 14:34:10.579053
2025-11-16 14:34:10 - spektroskopi - WARNING - Zaman sıralama düzeltildi: 2025-11-16 14:34:10.580053
2025-11-16 14:34:10 - spektroskopi - WARNING - Zaman sıralama düzeltildi: 2025-11-16 14:34:10.581053
2025-11-16 14:34:10 - spektroskopi - WARNING - Zaman sıralama düzeltildi: 2025-11-16 14:34:10.582053
2025-11-16 14:34:10 - spektroskopi - WARNING - Zaman sıralama düzeltildi: 2025-11-16 14:34:10.583053
2025-11-16 14:34:10 - spektroskopi - WARNING - Zaman sıralama düzeltildi: 2025-11-16 14:34:10.584053
2025-11-16 14:34:10 - spektroskopi - WARNING - Zaman sıralama düzeltildi: 2025-11-16 14:34:10.585053
2025-11-16 14:34:10 - spektroskopi - WARNING - Zaman sıralama düzeltildi: 2025-11-16 14:34:10.586053
2025-11-16 14:34:10 - spektroskopi - WARNING - Zaman sıralama düzeltildi: 2025-11-16 14:34:10.587053
2025-11-16 14:34:10 - spektroskopi - INFO - Raspberry Pi'dan veri alındı: 6e400002-b5a3-f393-e0a9-e50e24dcca9e (Handle: 19): Nordic UART RX, uzunluk: 2
2025-11-16 14:34:10 - spektroskopi - INFO - Raspberry Pi verisi: Ham=1831, Voltaj=1831.000V
2025-11-16 14:34:10 - spektroskopi - INFO - Raspberry Pi verisi işlendi: SENSOR_2 = 1831.000V
2025-11-16 14:34:10 - spektroskopi - INFO - Raspberry Pi'dan veri alındı: 6e400005-b5a3-f393-e0a9-e50e24dcca9e (Handle: 16): Unknown, uzunluk: 2
2025-11-16 14:34:10 - spektroskopi - INFO - Raspberry Pi verisi: Ham=1834, Voltaj=1834.000V
2025-11-16 14:34:10 - spektroskopi - INFO - Raspberry Pi verisi işlendi: SENSOR_EXTRA = 1834.000V
2025-11-16 14:34:10 - spektroskopi - INFO - Raspberry Pi'dan veri alındı: 6e400003-b5a3-f393-e0a9-e50e24dcca9e (Handle: 8): Nordic UART TX, uzunluk: 2
2025-11-16 14:34:10 - spektroskopi - INFO - Raspberry Pi verisi: Ham=2415, Voltaj=2415.000V
2025-11-16 14:34:10 - spektroskopi - INFO - Raspberry Pi verisi işlendi: SENSOR_5 = 2415.000V
2025-11-16 14:34:10 - spektroskopi - INFO - Raspberry Pi'dan veri alındı: 6e400004-b5a3-f393-e0a9-e50e24dcca9e (Handle: 11): Unknown, uzunluk: 2
2025-11-16 14:34:10 - spektroskopi - INFO - Raspberry Pi verisi: Ham=2236, Voltaj=2236.000V
2025-11-16 14:34:10 - spektroskopi - INFO - Raspberry Pi verisi işlendi: SENSOR_7 = 2236.000V
2025-11-16 14:34:11 - spektroskopi - INFO - Raspberry Pi'dan veri alındı: 6e400002-b5a3-f393-e0a9-e50e24dcca9e (Handle: 19): Nordic UART RX, uzunluk: 2
2025-11-16 14:34:11 - spektroskopi - INFO - Raspberry Pi verisi: Ham=1830, Voltaj=1830.000V
2025-11-16 14:34:11 - spektroskopi - INFO - Raspberry Pi verisi işlendi: SENSOR_2 = 1830.000V
2025-11-16 14:34:11 - spektroskopi - INFO - Raspberry Pi'dan veri alındı: 6e400005-b5a3-f393-e0a9-e50e24dcca9e (Handle: 16): Unknown, uzunluk: 2
2025-11-16 14:34:11 - spektroskopi - INFO - Raspberry Pi verisi: Ham=1830, Voltaj=1830.000V
2025-11-16 14:34:11 - spektroskopi - INFO - Raspberry Pi verisi işlendi: SENSOR_EXTRA = 1830.000V
2025-11-16 14:34:11 - spektroskopi - INFO - Raspberry Pi'dan veri alındı: 6e400003-b5a3-f393-e0a9-e50e24dcca9e (Handle: 8): Nordic UART TX, uzunluk: 2
2025-11-16 14:34:11 - spektroskopi - INFO - Raspberry Pi verisi: Ham=2417, Voltaj=2417.000V
2025-11-16 14:34:11 - spektroskopi - INFO - Raspberry Pi verisi işlendi: SENSOR_5 = 2417.000V
2025-11-16 14:34:11 - spektroskopi - INFO - Raspberry Pi'dan veri alındı: 6e400004-b5a3-f393-e0a9-e50e24dcca9e (Handle: 11): Unknown, uzunluk: 2
2025-11-16 14:34:11 - spektroskopi - INFO - Raspberry Pi verisi: Ham=2240, Voltaj=2240.000V
2025-11-16 14:34:11 - spektroskopi - INFO - Raspberry Pi verisi işlendi: SENSOR_7 = 2240.000V
2025-11-16 14:34:11 - spektroskopi - INFO - Raspberry Pi'dan veri alındı: 6e400002-b5a3-f393-e0a9-e50e24dcca9e (Handle: 19): Nordic UART RX, uzunluk: 2
2025-11-16 14:34:11 - spektroskopi - INFO - Raspberry Pi verisi: Ham=1825, Voltaj=1825.000V
2025-11-16 14:34:11 - spektroskopi - INFO - Raspberry Pi verisi işlendi: SENSOR_2 = 1825.000V
2025-11-16 14:34:11 - spektroskopi - INFO - Raspberry Pi'dan veri alındı: 6e400005-b5a3-f393-e0a9-e50e24dcca9e (Handle: 16): Unknown, uzunluk: 2
2025-11-16 14:34:11 - spektroskopi - INFO - Raspberry Pi verisi: Ham=1825, Voltaj=1825.000V
2025-11-16 14:34:11 - spektroskopi - INFO - Raspberry Pi verisi işlendi: SENSOR_EXTRA = 1825.000V
2025-11-16 14:34:11 - spektroskopi - INFO - Raspberry Pi'dan veri alındı: 6e400003-b5a3-f393-e0a9-e50e24dcca9e (Handle: 8): Nordic UART TX, uzunluk: 2
2025-11-16 14:34:11 - spektroskopi - INFO - Raspberry Pi verisi: Ham=2419, Voltaj=2419.000V
2025-11-16 14:34:11 - spektroskopi - INFO - Raspberry Pi verisi işlendi: SENSOR_5 = 2419.000V
2025-11-16 14:34:11 - spektroskopi - INFO - Raspberry Pi'dan veri alındı: 6e400004-b5a3-f393-e0a9-e50e24dcca9e (Handle: 11): Unknown, uzunluk: 2
2025-11-16 14:34:11 - spektroskopi - INFO - Raspberry Pi verisi: Ham=2240, Voltaj=2240.000V
2025-11-16 14:34:11 - spektroskopi - INFO - Raspberry Pi verisi işlendi: SENSOR_7 = 2240.000V
2025-11-16 14:34:11 - spektroskopi - WARNING - Zaman sıralama düzeltildi: 2025-11-16 14:34:11.569676
2025-11-16 14:34:11 - spektroskopi - WARNING - Zaman sıralama düzeltildi: 2025-11-16 14:34:11.570676
2025-11-16 14:34:11 - spektroskopi - WARNING - Zaman sıralama düzeltildi: 2025-11-16 14:34:11.571676
2025-11-16 14:34:11 - spektroskopi - WARNING - Zaman sıralama düzeltildi: 2025-11-16 14:34:11.572676
2025-11-16 14:34:11 - spektroskopi - WARNING - Zaman sıralama düzeltildi: 2025-11-16 14:34:11.573676
2025-11-16 14:34:11 - spektroskopi - WARNING - Zaman sıralama düzeltildi: 2025-11-16 14:34:11.574676
2025-11-16 14:34:11 - spektroskopi - WARNING - Zaman sıralama düzeltildi: 2025-11-16 14:34:11.575676
2025-11-16 14:34:11 - spektroskopi - WARNING - Zaman sıralama düzeltildi: 2025-11-16 14:34:11.576676
2025-11-16 14:34:11 - spektroskopi - WARNING - Zaman sıralama düzeltildi: 2025-11-16 14:34:11.577676
2025-11-16 14:34:11 - spektroskopi - WARNING - Zaman sıralama düzeltildi: 2025-11-16 14:34:11.578676
2025-11-16 14:34:11 - spektroskopi - WARNING - Zaman sıralama düzeltildi: 2025-11-16 14:34:11.579676
2025-11-16 14:34:11 - spektroskopi - WARNING - Zaman sıralama düzeltildi: 2025-11-16 14:34:11.580676
2025-11-16 14:34:11 - spektroskopi - INFO - Raspberry Pi'dan veri alındı: 6e400002-b5a3-f393-e0a9-e50e24dcca9e (Handle: 19): Nordic UART RX, uzunluk: 2
2025-11-16 14:34:11 - spektroskopi - INFO - Raspberry Pi verisi: Ham=1827, Voltaj=1827.000V
2025-11-16 14:34:11 - spektroskopi - INFO - Raspberry Pi verisi işlendi: SENSOR_2 = 1827.000V
2025-11-16 14:34:11 - spektroskopi - INFO - Raspberry Pi'dan veri alındı: 6e400005-b5a3-f393-e0a9-e50e24dcca9e (Handle: 16): Unknown, uzunluk: 2
2025-11-16 14:34:11 - spektroskopi - INFO - Raspberry Pi verisi: Ham=1827, Voltaj=1827.000V
2025-11-16 14:34:11 - spektroskopi - INFO - Raspberry Pi verisi işlendi: SENSOR_EXTRA = 1827.000V
2025-11-16 14:34:11 - spektroskopi - INFO - Raspberry Pi'dan veri alındı: 6e400003-b5a3-f393-e0a9-e50e24dcca9e (Handle: 8): Nordic UART TX, uzunluk: 2
2025-11-16 14:34:11 - spektroskopi - INFO - Raspberry Pi verisi: Ham=2418, Voltaj=2418.000V
2025-11-16 14:34:11 - spektroskopi - INFO - Raspberry Pi verisi işlendi: SENSOR_5 = 2418.000V
2025-11-16 14:34:11 - spektroskopi - INFO - Raspberry Pi'dan veri alındı: 6e400004-b5a3-f393-e0a9-e50e24dcca9e (Handle: 11): Unknown, uzunluk: 2
2025-11-16 14:34:11 - spektroskopi - INFO - Raspberry Pi verisi: Ham=2238, Voltaj=2238.000V
2025-11-16 14:34:11 - spektroskopi - INFO - Raspberry Pi verisi işlendi: SENSOR_7 = 2238.000V
2025-11-16 14:34:12 - spektroskopi - INFO - Raspberry Pi'dan veri alındı: 6e400002-b5a3-f393-e0a9-e50e24dcca9e (Handle: 19): Nordic UART RX, uzunluk: 2
2025-11-16 14:34:12 - spektroskopi - INFO - Raspberry Pi verisi: Ham=1830, Voltaj=1830.000V
2025-11-16 14:34:12 - spektroskopi - INFO - Raspberry Pi verisi işlendi: SENSOR_2 = 1830.000V
2025-11-16 14:34:12 - spektroskopi - INFO - Raspberry Pi'dan veri alındı: 6e400005-b5a3-f393-e0a9-e50e24dcca9e (Handle: 16): Unknown, uzunluk: 2
2025-11-16 14:34:12 - spektroskopi - INFO - Raspberry Pi verisi: Ham=1830, Voltaj=1830.000V
2025-11-16 14:34:12 - spektroskopi - INFO - Raspberry Pi verisi işlendi: SENSOR_EXTRA = 1830.000V
2025-11-16 14:34:12 - spektroskopi - INFO - Raspberry Pi'dan veri alındı: 6e400003-b5a3-f393-e0a9-e50e24dcca9e (Handle: 8): Nordic UART TX, uzunluk: 2
2025-11-16 14:34:12 - spektroskopi - INFO - Raspberry Pi verisi: Ham=2415, Voltaj=2415.000V
2025-11-16 14:34:12 - spektroskopi - INFO - Raspberry Pi verisi işlendi: SENSOR_5 = 2415.000V
2025-11-16 14:34:12 - spektroskopi - INFO - Raspberry Pi'dan veri alındı: 6e400004-b5a3-f393-e0a9-e50e24dcca9e (Handle: 11): Unknown, uzunluk: 2
2025-11-16 14:34:12 - spektroskopi - INFO - Raspberry Pi verisi: Ham=2239, Voltaj=2239.000V
2025-11-16 14:34:12 - spektroskopi - INFO - Raspberry Pi verisi işlendi: SENSOR_7 = 2239.000V
2025-11-16 14:34:12 - spektroskopi - INFO - Raspberry Pi'dan veri alındı: 6e400002-b5a3-f393-e0a9-e50e24dcca9e (Handle: 19): Nordic UART RX, uzunluk: 2
2025-11-16 14:34:12 - spektroskopi - INFO - Raspberry Pi verisi: Ham=1831, Voltaj=1831.000V
2025-11-16 14:34:12 - spektroskopi - INFO - Raspberry Pi verisi işlendi: SENSOR_2 = 1831.000V
2025-11-16 14:34:12 - spektroskopi - INFO - Raspberry Pi'dan veri alındı: 6e400005-b5a3-f393-e0a9-e50e24dcca9e (Handle: 16): Unknown, uzunluk: 2
2025-11-16 14:34:12 - spektroskopi - INFO - Raspberry Pi verisi: Ham=1830, Voltaj=1830.000V
2025-11-16 14:34:12 - spektroskopi - INFO - Raspberry Pi verisi işlendi: SENSOR_EXTRA = 1830.000V
2025-11-16 14:34:12 - spektroskopi - INFO - Raspberry Pi'dan veri alındı: 6e400003-b5a3-f393-e0a9-e50e24dcca9e (Handle: 8): Nordic UART TX, uzunluk: 2
2025-11-16 14:34:12 - spektroskopi - INFO - Raspberry Pi verisi: Ham=2417, Voltaj=2417.000V
2025-11-16 14:34:12 - spektroskopi - INFO - Raspberry Pi verisi işlendi: SENSOR_5 = 2417.000V
2025-11-16 14:34:12 - spektroskopi - INFO - Raspberry Pi'dan veri alındı: 6e400004-b5a3-f393-e0a9-e50e24dcca9e (Handle: 11): Unknown, uzunluk: 2
2025-11-16 14:34:12 - spektroskopi - INFO - Raspberry Pi verisi: Ham=2239, Voltaj=2239.000V
2025-11-16 14:34:12 - spektroskopi - INFO - Raspberry Pi verisi işlendi: SENSOR_7 = 2239.000V
2025-11-16 14:34:12 - spektroskopi - WARNING - Zaman sıralama düzeltildi: 2025-11-16 14:34:12.559181
2025-11-16 14:34:12 - spektroskopi - WARNING - Zaman sıralama düzeltildi: 2025-11-16 14:34:12.560181
2025-11-16 14:34:12 - spektroskopi - WARNING - Zaman sıralama düzeltildi: 2025-11-16 14:34:12.561181
2025-11-16 14:34:12 - spektroskopi - WARNING - Zaman sıralama düzeltildi: 2025-11-16 14:34:12.562181
2025-11-16 14:34:12 - spektroskopi - WARNING - Zaman sıralama düzeltildi: 2025-11-16 14:34:12.563181
2025-11-16 14:34:12 - spektroskopi - WARNING - Zaman sıralama düzeltildi: 2025-11-16 14:34:12.564181
2025-11-16 14:34:12 - spektroskopi - WARNING - Zaman sıralama düzeltildi: 2025-11-16 14:34:12.565181
2025-11-16 14:34:12 - spektroskopi - WARNING - Zaman sıralama düzeltildi: 2025-11-16 14:34:12.566181
2025-11-16 14:34:12 - spektroskopi - WARNING - Zaman sıralama düzeltildi: 2025-11-16 14:34:12.567181
2025-11-16 14:34:12 - spektroskopi - WARNING - Zaman sıralama düzeltildi: 2025-11-16 14:34:12.568181
2025-11-16 14:34:12 - spektroskopi - WARNING - Zaman sıralama düzeltildi: 2025-11-16 14:34:12.569181
2025-11-16 14:34:12 - spektroskopi - WARNING - Zaman sıralama düzeltildi: 2025-11-16 14:34:12.570181
2025-11-16 14:34:12 - spektroskopi - INFO - Raspberry Pi'dan veri alındı: 6e400002-b5a3-f393-e0a9-e50e24dcca9e (Handle: 19): Nordic UART RX, uzunluk: 2
2025-11-16 14:34:12 - spektroskopi - INFO - Raspberry Pi verisi: Ham=1827, Voltaj=1827.000V
2025-11-16 14:34:12 - spektroskopi - INFO - Raspberry Pi verisi işlendi: SENSOR_2 = 1827.000V
2025-11-16 14:34:12 - spektroskopi - INFO - Raspberry Pi'dan veri alındı: 6e400005-b5a3-f393-e0a9-e50e24dcca9e (Handle: 16): Unknown, uzunluk: 2
2025-11-16 14:34:12 - spektroskopi - INFO - Raspberry Pi verisi: Ham=1780, Voltaj=1780.000V
2025-11-16 14:34:12 - spektroskopi - INFO - Raspberry Pi verisi işlendi: SENSOR_EXTRA = 1780.000V
2025-11-16 14:34:12 - spektroskopi - INFO - Raspberry Pi'dan veri alındı: 6e400003-b5a3-f393-e0a9-e50e24dcca9e (Handle: 8): Nordic UART TX, uzunluk: 2
2025-11-16 14:34:12 - spektroskopi - INFO - Raspberry Pi verisi: Ham=2603, Voltaj=2603.000V
2025-11-16 14:34:12 - spektroskopi - INFO - Raspberry Pi verisi işlendi: SENSOR_5 = 2603.000V
2025-11-16 14:34:12 - spektroskopi - INFO - Raspberry Pi'dan veri alındı: 6e400004-b5a3-f393-e0a9-e50e24dcca9e (Handle: 11): Unknown, uzunluk: 2
2025-11-16 14:34:12 - spektroskopi - INFO - Raspberry Pi verisi: Ham=2681, Voltaj=2681.000V
2025-11-16 14:34:12 - spektroskopi - INFO - Raspberry Pi verisi işlendi: SENSOR_7 = 2681.000V
2025-11-16 14:34:13 - spektroskopi - INFO - Raspberry Pi'dan veri alındı: 6e400002-b5a3-f393-e0a9-e50e24dcca9e (Handle: 19): Nordic UART RX, uzunluk: 2
2025-11-16 14:34:13 - spektroskopi - INFO - Raspberry Pi verisi: Ham=204, Voltaj=204.000V
2025-11-16 14:34:13 - spektroskopi - INFO - Raspberry Pi verisi işlendi: SENSOR_2 = 204.000V
2025-11-16 14:34:13 - spektroskopi - INFO - Raspberry Pi'dan veri alındı: 6e400005-b5a3-f393-e0a9-e50e24dcca9e (Handle: 16): Unknown, uzunluk: 2
2025-11-16 14:34:13 - spektroskopi - INFO - Raspberry Pi verisi: Ham=80, Voltaj=80.000V
2025-11-16 14:34:13 - spektroskopi - INFO - Raspberry Pi verisi işlendi: SENSOR_EXTRA = 80.000V
2025-11-16 14:34:13 - spektroskopi - INFO - Raspberry Pi'dan veri alındı: 6e400003-b5a3-f393-e0a9-e50e24dcca9e (Handle: 8): Nordic UART TX, uzunluk: 2
2025-11-16 14:34:13 - spektroskopi - INFO - Raspberry Pi verisi: Ham=3283, Voltaj=3283.000V
2025-11-16 14:34:13 - spektroskopi - INFO - Raspberry Pi verisi işlendi: SENSOR_5 = 3283.000V
2025-11-16 14:34:13 - spektroskopi - INFO - Raspberry Pi'dan veri alındı: 6e400004-b5a3-f393-e0a9-e50e24dcca9e (Handle: 11): Unknown, uzunluk: 2
2025-11-16 14:34:13 - spektroskopi - INFO - Raspberry Pi verisi: Ham=3283, Voltaj=3283.000V
2025-11-16 14:34:13 - spektroskopi - INFO - Raspberry Pi verisi işlendi: SENSOR_7 = 3283.000V
2025-11-16 14:34:13 - spektroskopi - INFO - Raspberry Pi'dan veri alındı: 6e400002-b5a3-f393-e0a9-e50e24dcca9e (Handle: 19): Nordic UART RX, uzunluk: 2
2025-11-16 14:34:13 - spektroskopi - INFO - Raspberry Pi verisi: Ham=17, Voltaj=17.000V
2025-11-16 14:34:13 - spektroskopi - INFO - Raspberry Pi verisi işlendi: SENSOR_2 = 17.000V
2025-11-16 14:34:13 - spektroskopi - INFO - Raspberry Pi'dan veri alındı: 6e400005-b5a3-f393-e0a9-e50e24dcca9e (Handle: 16): Unknown, uzunluk: 2
2025-11-16 14:34:13 - spektroskopi - INFO - Raspberry Pi verisi: Ham=17, Voltaj=17.000V
2025-11-16 14:34:13 - spektroskopi - INFO - Raspberry Pi verisi işlendi: SENSOR_EXTRA = 17.000V
2025-11-16 14:34:13 - spektroskopi - INFO - Raspberry Pi'dan veri alındı: 6e400003-b5a3-f393-e0a9-e50e24dcca9e (Handle: 8): Nordic UART TX, uzunluk: 2
2025-11-16 14:34:13 - spektroskopi - INFO - Raspberry Pi verisi: Ham=3283, Voltaj=3283.000V
2025-11-16 14:34:13 - spektroskopi - INFO - Raspberry Pi verisi işlendi: SENSOR_5 = 3283.000V
2025-11-16 14:34:13 - spektroskopi - INFO - Raspberry Pi'dan veri alındı: 6e400004-b5a3-f393-e0a9-e50e24dcca9e (Handle: 11): Unknown, uzunluk: 2
2025-11-16 14:34:13 - spektroskopi - INFO - Raspberry Pi verisi: Ham=3283, Voltaj=3283.000V
2025-11-16 14:34:13 - spektroskopi - INFO - Raspberry Pi verisi işlendi: SENSOR_7 = 3283.000V
2025-11-16 14:34:13 - spektroskopi - WARNING - Zaman sıralama düzeltildi: 2025-11-16 14:34:13.549281
2025-11-16 14:34:13 - spektroskopi - WARNING - Zaman sıralama düzeltildi: 2025-11-16 14:34:13.550281
2025-11-16 14:34:13 - spektroskopi - WARNING - Zaman sıralama düzeltildi: 2025-11-16 14:34:13.551281
2025-11-16 14:34:13 - spektroskopi - WARNING - Zaman sıralama düzeltildi: 2025-11-16 14:34:13.552281
2025-11-16 14:34:13 - spektroskopi - WARNING - Zaman sıralama düzeltildi: 2025-11-16 14:34:13.553281
2025-11-16 14:34:13 - spektroskopi - WARNING - Zaman sıralama düzeltildi: 2025-11-16 14:34:13.554281
2025-11-16 14:34:13 - spektroskopi - WARNING - Zaman sıralama düzeltildi: 2025-11-16 14:34:13.555281
2025-11-16 14:34:13 - spektroskopi - WARNING - Zaman sıralama düzeltildi: 2025-11-16 14:34:13.556281
2025-11-16 14:34:13 - spektroskopi - WARNING - Zaman sıralama düzeltildi: 2025-11-16 14:34:13.557281
2025-11-16 14:34:13 - spektroskopi - WARNING - Zaman sıralama düzeltildi: 2025-11-16 14:34:13.558281
2025-11-16 14:34:13 - spektroskopi - WARNING - Zaman sıralama düzeltildi: 2025-11-16 14:34:13.559281
2025-11-16 14:34:13 - spektroskopi - WARNING - Zaman sıralama düzeltildi: 2025-11-16 14:34:13.560281
2025-11-16 14:34:13 - spektroskopi - INFO - Raspberry Pi'dan veri alındı: 6e400002-b5a3-f393-e0a9-e50e24dcca9e (Handle: 19): Nordic UART RX, uzunluk: 2
2025-11-16 14:34:13 - spektroskopi - INFO - Raspberry Pi verisi: Ham=17, Voltaj=17.000V
2025-11-16 14:34:13 - spektroskopi - INFO - Raspberry Pi verisi işlendi: SENSOR_2 = 17.000V
2025-11-16 14:34:13 - spektroskopi - INFO - Raspberry Pi'dan veri alındı: 6e400005-b5a3-f393-e0a9-e50e24dcca9e (Handle: 16): Unknown, uzunluk: 2
2025-11-16 14:34:13 - spektroskopi - INFO - Raspberry Pi verisi: Ham=17, Voltaj=17.000V
2025-11-16 14:34:13 - spektroskopi - INFO - Raspberry Pi verisi işlendi: SENSOR_EXTRA = 17.000V
2025-11-16 14:34:13 - spektroskopi - INFO - Raspberry Pi'dan veri alındı: 6e400003-b5a3-f393-e0a9-e50e24dcca9e (Handle: 8): Nordic UART TX, uzunluk: 2
2025-11-16 14:34:13 - spektroskopi - INFO - Raspberry Pi verisi: Ham=3283, Voltaj=3283.000V
2025-11-16 14:34:13 - spektroskopi - INFO - Raspberry Pi verisi işlendi: SENSOR_5 = 3283.000V
2025-11-16 14:34:13 - spektroskopi - INFO - Raspberry Pi'dan veri alındı: 6e400004-b5a3-f393-e0a9-e50e24dcca9e (Handle: 11): Unknown, uzunluk: 2
2025-11-16 14:34:13 - spektroskopi - INFO - Raspberry Pi verisi: Ham=3283, Voltaj=3283.000V
2025-11-16 14:34:13 - spektroskopi - INFO - Raspberry Pi verisi işlendi: SENSOR_7 = 3283.000V
2025-11-16 14:34:14 - spektroskopi - INFO - Raspberry Pi'dan veri alındı: 6e400002-b5a3-f393-e0a9-e50e24dcca9e (Handle: 19): Nordic UART RX, uzunluk: 2
2025-11-16 14:34:14 - spektroskopi - INFO - Raspberry Pi verisi: Ham=17, Voltaj=17.000V
2025-11-16 14:34:14 - spektroskopi - INFO - Raspberry Pi verisi işlendi: SENSOR_2 = 17.000V
2025-11-16 14:34:14 - spektroskopi - INFO - Raspberry Pi'dan veri alındı: 6e400005-b5a3-f393-e0a9-e50e24dcca9e (Handle: 16): Unknown, uzunluk: 2
2025-11-16 14:34:14 - spektroskopi - INFO - Raspberry Pi verisi: Ham=17, Voltaj=17.000V
2025-11-16 14:34:14 - spektroskopi - INFO - Raspberry Pi verisi işlendi: SENSOR_EXTRA = 17.000V
2025-11-16 14:34:14 - spektroskopi - INFO - Raspberry Pi'dan veri alındı: 6e400003-b5a3-f393-e0a9-e50e24dcca9e (Handle: 8): Nordic UART TX, uzunluk: 2
2025-11-16 14:34:14 - spektroskopi - INFO - Raspberry Pi verisi: Ham=3283, Voltaj=3283.000V
2025-11-16 14:34:14 - spektroskopi - INFO - Raspberry Pi verisi işlendi: SENSOR_5 = 3283.000V
2025-11-16 14:34:14 - spektroskopi - INFO - Raspberry Pi'dan veri alındı: 6e400004-b5a3-f393-e0a9-e50e24dcca9e (Handle: 11): Unknown, uzunluk: 2
2025-11-16 14:34:14 - spektroskopi - INFO - Raspberry Pi verisi: Ham=3283, Voltaj=3283.000V
2025-11-16 14:34:14 - spektroskopi - INFO - Raspberry Pi verisi işlendi: SENSOR_7 = 3283.000V
2025-11-16 14:34:14 - spektroskopi - INFO - Raspberry Pi'dan veri alındı: 6e400002-b5a3-f393-e0a9-e50e24dcca9e (Handle: 19): Nordic UART RX, uzunluk: 2
2025-11-16 14:34:14 - spektroskopi - INFO - Raspberry Pi verisi: Ham=17, Voltaj=17.000V
2025-11-16 14:34:14 - spektroskopi - INFO - Raspberry Pi verisi işlendi: SENSOR_2 = 17.000V
2025-11-16 14:34:14 - spektroskopi - INFO - Raspberry Pi'dan veri alındı: 6e400005-b5a3-f393-e0a9-e50e24dcca9e (Handle: 16): Unknown, uzunluk: 2
2025-11-16 14:34:14 - spektroskopi - INFO - Raspberry Pi verisi: Ham=17, Voltaj=17.000V
2025-11-16 14:34:14 - spektroskopi - INFO - Raspberry Pi verisi işlendi: SENSOR_EXTRA = 17.000V
2025-11-16 14:34:14 - spektroskopi - INFO - Raspberry Pi'dan veri alındı: 6e400003-b5a3-f393-e0a9-e50e24dcca9e (Handle: 8): Nordic UART TX, uzunluk: 2
2025-11-16 14:34:14 - spektroskopi - INFO - Raspberry Pi verisi: Ham=3283, Voltaj=3283.000V
2025-11-16 14:34:14 - spektroskopi - INFO - Raspberry Pi verisi işlendi: SENSOR_5 = 3283.000V
2025-11-16 14:34:14 - spektroskopi - INFO - Raspberry Pi'dan veri alındı: 6e400004-b5a3-f393-e0a9-e50e24dcca9e (Handle: 11): Unknown, uzunluk: 2
2025-11-16 14:34:14 - spektroskopi - INFO - Raspberry Pi verisi: Ham=3283, Voltaj=3283.000V
2025-11-16 14:34:14 - spektroskopi - INFO - Raspberry Pi verisi işlendi: SENSOR_7 = 3283.000V
2025-11-16 14:34:14 - spektroskopi - WARNING - Zaman sıralama düzeltildi: 2025-11-16 14:34:14.568645
2025-11-16 14:34:14 - spektroskopi - WARNING - Zaman sıralama düzeltildi: 2025-11-16 14:34:14.569645
2025-11-16 14:34:14 - spektroskopi - WARNING - Zaman sıralama düzeltildi: 2025-11-16 14:34:14.570645
2025-11-16 14:34:14 - spektroskopi - WARNING - Zaman sıralama düzeltildi: 2025-11-16 14:34:14.571645
2025-11-16 14:34:14 - spektroskopi - WARNING - Zaman sıralama düzeltildi: 2025-11-16 14:34:14.572645
2025-11-16 14:34:14 - spektroskopi - WARNING - Zaman sıralama düzeltildi: 2025-11-16 14:34:14.573645
2025-11-16 14:34:14 - spektroskopi - WARNING - Zaman sıralama düzeltildi: 2025-11-16 14:34:14.574645
2025-11-16 14:34:14 - spektroskopi - WARNING - Zaman sıralama düzeltildi: 2025-11-16 14:34:14.575645
2025-11-16 14:34:14 - spektroskopi - WARNING - Zaman sıralama düzeltildi: 2025-11-16 14:34:14.576645
2025-11-16 14:34:14 - spektroskopi - WARNING - Zaman sıralama düzeltildi: 2025-11-16 14:34:14.577645
2025-11-16 14:34:14 - spektroskopi - WARNING - Zaman sıralama düzeltildi: 2025-11-16 14:34:14.578645
2025-11-16 14:34:14 - spektroskopi - WARNING - Zaman sıralama düzeltildi: 2025-11-16 14:34:14.579645
2025-11-16 14:34:14 - spektroskopi - INFO - Raspberry Pi'dan veri alındı: 6e400002-b5a3-f393-e0a9-e50e24dcca9e (Handle: 19): Nordic UART RX, uzunluk: 2
2025-11-16 14:34:14 - spektroskopi - INFO - Raspberry Pi verisi: Ham=17, Voltaj=17.000V
2025-11-16 14:34:14 - spektroskopi - INFO - Raspberry Pi verisi işlendi: SENSOR_2 = 17.000V
2025-11-16 14:34:14 - spektroskopi - INFO - Raspberry Pi'dan veri alındı: 6e400005-b5a3-f393-e0a9-e50e24dcca9e (Handle: 16): Unknown, uzunluk: 2
2025-11-16 14:34:14 - spektroskopi - INFO - Raspberry Pi verisi: Ham=17, Voltaj=17.000V
2025-11-16 14:34:14 - spektroskopi - INFO - Raspberry Pi verisi işlendi: SENSOR_EXTRA = 17.000V
2025-11-16 14:34:14 - spektroskopi - INFO - Raspberry Pi'dan veri alındı: 6e400003-b5a3-f393-e0a9-e50e24dcca9e (Handle: 8): Nordic UART TX, uzunluk: 2
2025-11-16 14:34:14 - spektroskopi - INFO - Raspberry Pi verisi: Ham=3283, Voltaj=3283.000V
2025-11-16 14:34:14 - spektroskopi - INFO - Raspberry Pi verisi işlendi: SENSOR_5 = 3283.000V
2025-11-16 14:34:14 - spektroskopi - INFO - Raspberry Pi'dan veri alındı: 6e400004-b5a3-f393-e0a9-e50e24dcca9e (Handle: 11): Unknown, uzunluk: 2
2025-11-16 14:34:14 - spektroskopi - INFO - Raspberry Pi verisi: Ham=3283, Voltaj=3283.000V
2025-11-16 14:34:14 - spektroskopi - INFO - Raspberry Pi verisi işlendi: SENSOR_7 = 3283.000V
2025-11-16 14:34:15 - spektroskopi - INFO - Raspberry Pi'dan veri alındı: 6e400002-b5a3-f393-e0a9-e50e24dcca9e (Handle: 19): Nordic UART RX, uzunluk: 2
2025-11-16 14:34:15 - spektroskopi - INFO - Raspberry Pi verisi: Ham=17, Voltaj=17.000V
2025-11-16 14:34:15 - spektroskopi - INFO - Raspberry Pi verisi işlendi: SENSOR_2 = 17.000V
2025-11-16 14:34:15 - spektroskopi - INFO - Raspberry Pi'dan veri alındı: 6e400005-b5a3-f393-e0a9-e50e24dcca9e (Handle: 16): Unknown, uzunluk: 2
2025-11-16 14:34:15 - spektroskopi - INFO - Raspberry Pi verisi: Ham=17, Voltaj=17.000V
2025-11-16 14:34:15 - spektroskopi - INFO - Raspberry Pi verisi işlendi: SENSOR_EXTRA = 17.000V
2025-11-16 14:34:15 - spektroskopi - INFO - Raspberry Pi'dan veri alındı: 6e400003-b5a3-f393-e0a9-e50e24dcca9e (Handle: 8): Nordic UART TX, uzunluk: 2
2025-11-16 14:34:15 - spektroskopi - INFO - Raspberry Pi verisi: Ham=3283, Voltaj=3283.000V
2025-11-16 14:34:15 - spektroskopi - INFO - Raspberry Pi verisi işlendi: SENSOR_5 = 3283.000V
2025-11-16 14:34:15 - spektroskopi - INFO - Raspberry Pi'dan veri alındı: 6e400004-b5a3-f393-e0a9-e50e24dcca9e (Handle: 11): Unknown, uzunluk: 2
2025-11-16 14:34:15 - spektroskopi - INFO - Raspberry Pi verisi: Ham=3283, Voltaj=3283.000V
2025-11-16 14:34:15 - spektroskopi - INFO - Raspberry Pi verisi işlendi: SENSOR_7 = 3283.000V
2025-11-16 14:34:15 - spektroskopi - INFO - Raspberry Pi'dan veri alındı: 6e400002-b5a3-f393-e0a9-e50e24dcca9e (Handle: 19): Nordic UART RX, uzunluk: 2
2025-11-16 14:34:15 - spektroskopi - INFO - Raspberry Pi verisi: Ham=17, Voltaj=17.000V
2025-11-16 14:34:15 - spektroskopi - INFO - Raspberry Pi verisi işlendi: SENSOR_2 = 17.000V
2025-11-16 14:34:15 - spektroskopi - INFO - Raspberry Pi'dan veri alındı: 6e400005-b5a3-f393-e0a9-e50e24dcca9e (Handle: 16): Unknown, uzunluk: 2
2025-11-16 14:34:15 - spektroskopi - INFO - Raspberry Pi verisi: Ham=17, Voltaj=17.000V
2025-11-16 14:34:15 - spektroskopi - INFO - Raspberry Pi verisi işlendi: SENSOR_EXTRA = 17.000V
2025-11-16 14:34:15 - spektroskopi - INFO - Raspberry Pi'dan veri alındı: 6e400003-b5a3-f393-e0a9-e50e24dcca9e (Handle: 8): Nordic UART TX, uzunluk: 2
2025-11-16 14:34:15 - spektroskopi - INFO - Raspberry Pi verisi: Ham=3283, Voltaj=3283.000V
2025-11-16 14:34:15 - spektroskopi - INFO - Raspberry Pi verisi işlendi: SENSOR_5 = 3283.000V
2025-11-16 14:34:15 - spektroskopi - INFO - Raspberry Pi'dan veri alındı: 6e400004-b5a3-f393-e0a9-e50e24dcca9e (Handle: 11): Unknown, uzunluk: 2
2025-11-16 14:34:15 - spektroskopi - INFO - Raspberry Pi verisi: Ham=3283, Voltaj=3283.000V
2025-11-16 14:34:15 - spektroskopi - INFO - Raspberry Pi verisi işlendi: SENSOR_7 = 3283.000V
2025-11-16 14:34:15 - spektroskopi - WARNING - Zaman sıralama düzeltildi: 2025-11-16 14:34:15.560628
2025-11-16 14:34:15 - spektroskopi - WARNING - Zaman sıralama düzeltildi: 2025-11-16 14:34:15.561628
2025-11-16 14:34:15 - spektroskopi - WARNING - Zaman sıralama düzeltildi: 2025-11-16 14:34:15.562628
2025-11-16 14:34:15 - spektroskopi - WARNING - Zaman sıralama düzeltildi: 2025-11-16 14:34:15.563628
2025-11-16 14:34:15 - spektroskopi - WARNING - Zaman sıralama düzeltildi: 2025-11-16 14:34:15.564628
2025-11-16 14:34:15 - spektroskopi - WARNING - Zaman sıralama düzeltildi: 2025-11-16 14:34:15.565628
2025-11-16 14:34:15 - spektroskopi - WARNING - Zaman sıralama düzeltildi: 2025-11-16 14:34:15.566628
2025-11-16 14:34:15 - spektroskopi - WARNING - Zaman sıralama düzeltildi: 2025-11-16 14:34:15.567628
2025-11-16 14:34:15 - spektroskopi - WARNING - Zaman sıralama düzeltildi: 2025-11-16 14:34:15.568628
2025-11-16 14:34:15 - spektroskopi - WARNING - Zaman sıralama düzeltildi: 2025-11-16 14:34:15.569628
2025-11-16 14:34:15 - spektroskopi - WARNING - Zaman sıralama düzeltildi: 2025-11-16 14:34:15.570628
2025-11-16 14:34:15 - spektroskopi - WARNING - Zaman sıralama düzeltildi: 2025-11-16 14:34:15.571628
2025-11-16 14:34:15 - spektroskopi - INFO - Raspberry Pi'dan veri alındı: 6e400002-b5a3-f393-e0a9-e50e24dcca9e (Handle: 19): Nordic UART RX, uzunluk: 2
2025-11-16 14:34:15 - spektroskopi - INFO - Raspberry Pi verisi: Ham=17, Voltaj=17.000V
2025-11-16 14:34:15 - spektroskopi - INFO - Raspberry Pi verisi işlendi: SENSOR_2 = 17.000V
2025-11-16 14:34:15 - spektroskopi - INFO - Raspberry Pi'dan veri alındı: 6e400005-b5a3-f393-e0a9-e50e24dcca9e (Handle: 16): Unknown, uzunluk: 2
2025-11-16 14:34:15 - spektroskopi - INFO - Raspberry Pi verisi: Ham=17, Voltaj=17.000V
2025-11-16 14:34:15 - spektroskopi - INFO - Raspberry Pi verisi işlendi: SENSOR_EXTRA = 17.000V
2025-11-16 14:34:15 - spektroskopi - INFO - Raspberry Pi'dan veri alındı: 6e400003-b5a3-f393-e0a9-e50e24dcca9e (Handle: 8): Nordic UART TX, uzunluk: 2
2025-11-16 14:34:15 - spektroskopi - INFO - Raspberry Pi verisi: Ham=3283, Voltaj=3283.000V
2025-11-16 14:34:15 - spektroskopi - INFO - Raspberry Pi verisi işlendi: SENSOR_5 = 3283.000V
2025-11-16 14:34:15 - spektroskopi - INFO - Raspberry Pi'dan veri alındı: 6e400004-b5a3-f393-e0a9-e50e24dcca9e (Handle: 11): Unknown, uzunluk: 2
2025-11-16 14:34:15 - spektroskopi - INFO - Raspberry Pi verisi: Ham=3283, Voltaj=3283.000V
2025-11-16 14:34:15 - spektroskopi - INFO - Raspberry Pi verisi işlendi: SENSOR_7 = 3283.000V
2025-11-16 14:34:16 - spektroskopi - INFO - Raspberry Pi'dan veri alındı: 6e400002-b5a3-f393-e0a9-e50e24dcca9e (Handle: 19): Nordic UART RX, uzunluk: 2
2025-11-16 14:34:16 - spektroskopi - INFO - Raspberry Pi verisi: Ham=17, Voltaj=17.000V
2025-11-16 14:34:16 - spektroskopi - INFO - Raspberry Pi verisi işlendi: SENSOR_2 = 17.000V
2025-11-16 14:34:16 - spektroskopi - INFO - Raspberry Pi'dan veri alındı: 6e400005-b5a3-f393-e0a9-e50e24dcca9e (Handle: 16): Unknown, uzunluk: 2
2025-11-16 14:34:16 - spektroskopi - INFO - Raspberry Pi verisi: Ham=17, Voltaj=17.000V
2025-11-16 14:34:16 - spektroskopi - INFO - Raspberry Pi verisi işlendi: SENSOR_EXTRA = 17.000V
2025-11-16 14:34:16 - spektroskopi - INFO - Raspberry Pi'dan veri alındı: 6e400003-b5a3-f393-e0a9-e50e24dcca9e (Handle: 8): Nordic UART TX, uzunluk: 2
2025-11-16 14:34:16 - spektroskopi - INFO - Raspberry Pi verisi: Ham=3283, Voltaj=3283.000V
2025-11-16 14:34:16 - spektroskopi - INFO - Raspberry Pi verisi işlendi: SENSOR_5 = 3283.000V
2025-11-16 14:34:16 - spektroskopi - INFO - Raspberry Pi'dan veri alındı: 6e400004-b5a3-f393-e0a9-e50e24dcca9e (Handle: 11): Unknown, uzunluk: 2
2025-11-16 14:34:16 - spektroskopi - INFO - Raspberry Pi verisi: Ham=3283, Voltaj=3283.000V
2025-11-16 14:34:16 - spektroskopi - INFO - Raspberry Pi verisi işlendi: SENSOR_7 = 3283.000V
2025-11-16 14:34:16 - spektroskopi - INFO - Raspberry Pi'dan veri alındı: 6e400002-b5a3-f393-e0a9-e50e24dcca9e (Handle: 19): Nordic UART RX, uzunluk: 2
2025-11-16 14:34:16 - spektroskopi - INFO - Raspberry Pi verisi: Ham=17, Voltaj=17.000V
2025-11-16 14:34:16 - spektroskopi - INFO - Raspberry Pi verisi işlendi: SENSOR_2 = 17.000V
2025-11-16 14:34:16 - spektroskopi - INFO - Raspberry Pi'dan veri alındı: 6e400005-b5a3-f393-e0a9-e50e24dcca9e (Handle: 16): Unknown, uzunluk: 2
2025-11-16 14:34:16 - spektroskopi - INFO - Raspberry Pi verisi: Ham=17, Voltaj=17.000V
2025-11-16 14:34:16 - spektroskopi - INFO - Raspberry Pi verisi işlendi: SENSOR_EXTRA = 17.000V
2025-11-16 14:34:16 - spektroskopi - INFO - Raspberry Pi'dan veri alındı: 6e400003-b5a3-f393-e0a9-e50e24dcca9e (Handle: 8): Nordic UART TX, uzunluk: 2
2025-11-16 14:34:16 - spektroskopi - INFO - Raspberry Pi verisi: Ham=3283, Voltaj=3283.000V
2025-11-16 14:34:16 - spektroskopi - INFO - Raspberry Pi verisi işlendi: SENSOR_5 = 3283.000V
2025-11-16 14:34:16 - spektroskopi - INFO - Raspberry Pi'dan veri alındı: 6e400004-b5a3-f393-e0a9-e50e24dcca9e (Handle: 11): Unknown, uzunluk: 2
2025-11-16 14:34:16 - spektroskopi - INFO - Raspberry Pi verisi: Ham=3283, Voltaj=3283.000V
2025-11-16 14:34:16 - spektroskopi - INFO - Raspberry Pi verisi işlendi: SENSOR_7 = 3283.000V
2025-11-16 14:34:16 - spektroskopi - WARNING - Zaman sıralama düzeltildi: 2025-11-16 14:34:16.548038
2025-11-16 14:34:16 - spektroskopi - WARNING - Zaman sıralama düzeltildi: 2025-11-16 14:34:16.549038
2025-11-16 14:34:16 - spektroskopi - WARNING - Zaman sıralama düzeltildi: 2025-11-16 14:34:16.550038
2025-11-16 14:34:16 - spektroskopi - WARNING - Zaman sıralama düzeltildi: 2025-11-16 14:34:16.551038
2025-11-16 14:34:16 - spektroskopi - WARNING - Zaman sıralama düzeltildi: 2025-11-16 14:34:16.552038
2025-11-16 14:34:16 - spektroskopi - WARNING - Zaman sıralama düzeltildi: 2025-11-16 14:34:16.553038
2025-11-16 14:34:16 - spektroskopi - WARNING - Zaman sıralama düzeltildi: 2025-11-16 14:34:16.554038
2025-11-16 14:34:16 - spektroskopi - WARNING - Zaman sıralama düzeltildi: 2025-11-16 14:34:16.555038
2025-11-16 14:34:16 - spektroskopi - WARNING - Zaman sıralama düzeltildi: 2025-11-16 14:34:16.556038
2025-11-16 14:34:16 - spektroskopi - WARNING - Zaman sıralama düzeltildi: 2025-11-16 14:34:16.557038
2025-11-16 14:34:16 - spektroskopi - WARNING - Zaman sıralama düzeltildi: 2025-11-16 14:34:16.558038
2025-11-16 14:34:16 - spektroskopi - WARNING - Zaman sıralama düzeltildi: 2025-11-16 14:34:16.559038
2025-11-16 14:34:16 - spektroskopi - INFO - Raspberry Pi'dan veri alındı: 6e400002-b5a3-f393-e0a9-e50e24dcca9e (Handle: 19): Nordic UART RX, uzunluk: 2
2025-11-16 14:34:16 - spektroskopi - INFO - Raspberry Pi verisi: Ham=17, Voltaj=17.000V
2025-11-16 14:34:16 - spektroskopi - INFO - Raspberry Pi verisi işlendi: SENSOR_2 = 17.000V
2025-11-16 14:34:16 - spektroskopi - INFO - Raspberry Pi'dan veri alındı: 6e400005-b5a3-f393-e0a9-e50e24dcca9e (Handle: 16): Unknown, uzunluk: 2
2025-11-16 14:34:16 - spektroskopi - INFO - Raspberry Pi verisi: Ham=17, Voltaj=17.000V
2025-11-16 14:34:16 - spektroskopi - INFO - Raspberry Pi verisi işlendi: SENSOR_EXTRA = 17.000V
2025-11-16 14:34:16 - spektroskopi - INFO - Raspberry Pi'dan veri alındı: 6e400003-b5a3-f393-e0a9-e50e24dcca9e (Handle: 8): Nordic UART TX, uzunluk: 2
2025-11-16 14:34:16 - spektroskopi - INFO - Raspberry Pi verisi: Ham=3283, Voltaj=3283.000V
2025-11-16 14:34:16 - spektroskopi - INFO - Raspberry Pi verisi işlendi: SENSOR_5 = 3283.000V
2025-11-16 14:34:16 - spektroskopi - INFO - Raspberry Pi'dan veri alındı: 6e400004-b5a3-f393-e0a9-e50e24dcca9e (Handle: 11): Unknown, uzunluk: 2
2025-11-16 14:34:16 - spektroskopi - INFO - Raspberry Pi verisi: Ham=3283, Voltaj=3283.000V
2025-11-16 14:34:16 - spektroskopi - INFO - Raspberry Pi verisi işlendi: SENSOR_7 = 3283.000V
2025-11-16 14:34:17 - spektroskopi - INFO - Raspberry Pi'dan veri alındı: 6e400002-b5a3-f393-e0a9-e50e24dcca9e (Handle: 19): Nordic UART RX, uzunluk: 2
2025-11-16 14:34:17 - spektroskopi - INFO - Raspberry Pi verisi: Ham=17, Voltaj=17.000V
2025-11-16 14:34:17 - spektroskopi - INFO - Raspberry Pi verisi işlendi: SENSOR_2 = 17.000V
2025-11-16 14:34:17 - spektroskopi - INFO - Raspberry Pi'dan veri alındı: 6e400005-b5a3-f393-e0a9-e50e24dcca9e (Handle: 16): Unknown, uzunluk: 2
2025-11-16 14:34:17 - spektroskopi - INFO - Raspberry Pi verisi: Ham=17, Voltaj=17.000V
2025-11-16 14:34:17 - spektroskopi - INFO - Raspberry Pi verisi işlendi: SENSOR_EXTRA = 17.000V
2025-11-16 14:34:17 - spektroskopi - INFO - Raspberry Pi'dan veri alındı: 6e400003-b5a3-f393-e0a9-e50e24dcca9e (Handle: 8): Nordic UART TX, uzunluk: 2
2025-11-16 14:34:17 - spektroskopi - INFO - Raspberry Pi verisi: Ham=3283, Voltaj=3283.000V
2025-11-16 14:34:17 - spektroskopi - INFO - Raspberry Pi verisi işlendi: SENSOR_5 = 3283.000V
2025-11-16 14:34:17 - spektroskopi - INFO - Raspberry Pi'dan veri alındı: 6e400004-b5a3-f393-e0a9-e50e24dcca9e (Handle: 11): Unknown, uzunluk: 2
2025-11-16 14:34:17 - spektroskopi - INFO - Raspberry Pi verisi: Ham=3283, Voltaj=3283.000V
2025-11-16 14:34:17 - spektroskopi - INFO - Raspberry Pi verisi işlendi: SENSOR_7 = 3283.000V
2025-11-16 14:34:17 - spektroskopi - INFO - Raspberry Pi'dan veri alındı: 6e400002-b5a3-f393-e0a9-e50e24dcca9e (Handle: 19): Nordic UART RX, uzunluk: 2
2025-11-16 14:34:17 - spektroskopi - INFO - Raspberry Pi verisi: Ham=17, Voltaj=17.000V
2025-11-16 14:34:17 - spektroskopi - INFO - Raspberry Pi verisi işlendi: SENSOR_2 = 17.000V
2025-11-16 14:34:17 - spektroskopi - INFO - Raspberry Pi'dan veri alındı: 6e400005-b5a3-f393-e0a9-e50e24dcca9e (Handle: 16): Unknown, uzunluk: 2
2025-11-16 14:34:17 - spektroskopi - INFO - Raspberry Pi verisi: Ham=17, Voltaj=17.000V
2025-11-16 14:34:17 - spektroskopi - INFO - Raspberry Pi verisi işlendi: SENSOR_EXTRA = 17.000V
2025-11-16 14:34:17 - spektroskopi - INFO - Raspberry Pi'dan veri alındı: 6e400003-b5a3-f393-e0a9-e50e24dcca9e (Handle: 8): Nordic UART TX, uzunluk: 2
2025-11-16 14:34:17 - spektroskopi - INFO - Raspberry Pi verisi: Ham=3283, Voltaj=3283.000V
2025-11-16 14:34:17 - spektroskopi - INFO - Raspberry Pi verisi işlendi: SENSOR_5 = 3283.000V
2025-11-16 14:34:17 - spektroskopi - INFO - Raspberry Pi'dan veri alındı: 6e400004-b5a3-f393-e0a9-e50e24dcca9e (Handle: 11): Unknown, uzunluk: 2
2025-11-16 14:34:17 - spektroskopi - INFO - Raspberry Pi verisi: Ham=3283, Voltaj=3283.000V
2025-11-16 14:34:17 - spektroskopi - INFO - Raspberry Pi verisi işlendi: SENSOR_7 = 3283.000V
2025-11-16 14:34:17 - spektroskopi - INFO - Raspberry Pi'dan veri alındı: 6e400002-b5a3-f393-e0a9-e50e24dcca9e (Handle: 19): Nordic UART RX, uzunluk: 2
2025-11-16 14:34:17 - spektroskopi - INFO - Raspberry Pi verisi: Ham=17, Voltaj=17.000V
2025-11-16 14:34:17 - spektroskopi - INFO - Raspberry Pi verisi işlendi: SENSOR_2 = 17.000V
2025-11-16 14:34:17 - spektroskopi - WARNING - Zaman sıralama düzeltildi: 2025-11-16 14:34:17.688610
2025-11-16 14:34:17 - spektroskopi - WARNING - Zaman sıralama düzeltildi: 2025-11-16 14:34:17.689610
2025-11-16 14:34:17 - spektroskopi - WARNING - Zaman sıralama düzeltildi: 2025-11-16 14:34:17.690610
2025-11-16 14:34:17 - spektroskopi - WARNING - Zaman sıralama düzeltildi: 2025-11-16 14:34:17.691610
2025-11-16 14:34:17 - spektroskopi - WARNING - Zaman sıralama düzeltildi: 2025-11-16 14:34:17.692610
2025-11-16 14:34:17 - spektroskopi - WARNING - Zaman sıralama düzeltildi: 2025-11-16 14:34:17.693610
2025-11-16 14:34:17 - spektroskopi - WARNING - Zaman sıralama düzeltildi: 2025-11-16 14:34:17.694610
2025-11-16 14:34:17 - spektroskopi - WARNING - Zaman sıralama düzeltildi: 2025-11-16 14:34:17.695610
2025-11-16 14:34:17 - spektroskopi - WARNING - Zaman sıralama düzeltildi: 2025-11-16 14:34:17.696610
2025-11-16 14:34:17 - spektroskopi - WARNING - Zaman sıralama düzeltildi: 2025-11-16 14:34:17.697610
2025-11-16 14:34:17 - spektroskopi - WARNING - Zaman sıralama düzeltildi: 2025-11-16 14:34:17.698610
2025-11-16 14:34:17 - spektroskopi - WARNING - Zaman sıralama düzeltildi: 2025-11-16 14:34:17.699610
2025-11-16 14:34:17 - spektroskopi - WARNING - Zaman sıralama düzeltildi: 2025-11-16 14:34:17.700610
2025-11-16 14:34:17 - spektroskopi - INFO - Raspberry Pi'dan veri alındı: 6e400005-b5a3-f393-e0a9-e50e24dcca9e (Handle: 16): Unknown, uzunluk: 2
2025-11-16 14:34:17 - spektroskopi - INFO - Raspberry Pi verisi: Ham=17, Voltaj=17.000V
2025-11-16 14:34:17 - spektroskopi - INFO - Raspberry Pi verisi işlendi: SENSOR_EXTRA = 17.000V
2025-11-16 14:34:17 - spektroskopi - INFO - Raspberry Pi'dan veri alındı: 6e400003-b5a3-f393-e0a9-e50e24dcca9e (Handle: 8): Nordic UART TX, uzunluk: 2
2025-11-16 14:34:17 - spektroskopi - INFO - Raspberry Pi verisi: Ham=3283, Voltaj=3283.000V
2025-11-16 14:34:17 - spektroskopi - INFO - Raspberry Pi verisi işlendi: SENSOR_5 = 3283.000V
2025-11-16 14:34:17 - spektroskopi - INFO - Raspberry Pi'dan veri alındı: 6e400004-b5a3-f393-e0a9-e50e24dcca9e (Handle: 11): Unknown, uzunluk: 2
2025-11-16 14:34:17 - spektroskopi - INFO - Raspberry Pi verisi: Ham=3284, Voltaj=3284.000V
2025-11-16 14:34:17 - spektroskopi - INFO - Raspberry Pi verisi işlendi: SENSOR_7 = 3284.000V
2025-11-16 14:34:18 - spektroskopi - INFO - Raspberry Pi'dan veri alındı: 6e400002-b5a3-f393-e0a9-e50e24dcca9e (Handle: 19): Nordic UART RX, uzunluk: 2
2025-11-16 14:34:18 - spektroskopi - INFO - Raspberry Pi verisi: Ham=17, Voltaj=17.000V
2025-11-16 14:34:18 - spektroskopi - INFO - Raspberry Pi verisi işlendi: SENSOR_2 = 17.000V
2025-11-16 14:34:18 - spektroskopi - INFO - Raspberry Pi'dan veri alındı: 6e400005-b5a3-f393-e0a9-e50e24dcca9e (Handle: 16): Unknown, uzunluk: 2
2025-11-16 14:34:18 - spektroskopi - INFO - Raspberry Pi verisi: Ham=17, Voltaj=17.000V
2025-11-16 14:34:18 - spektroskopi - INFO - Raspberry Pi verisi işlendi: SENSOR_EXTRA = 17.000V
2025-11-16 14:34:18 - spektroskopi - INFO - Raspberry Pi'dan veri alındı: 6e400003-b5a3-f393-e0a9-e50e24dcca9e (Handle: 8): Nordic UART TX, uzunluk: 2
2025-11-16 14:34:18 - spektroskopi - INFO - Raspberry Pi verisi: Ham=3283, Voltaj=3283.000V
2025-11-16 14:34:18 - spektroskopi - INFO - Raspberry Pi verisi işlendi: SENSOR_5 = 3283.000V
2025-11-16 14:34:18 - spektroskopi - INFO - Raspberry Pi'dan veri alındı: 6e400004-b5a3-f393-e0a9-e50e24dcca9e (Handle: 11): Unknown, uzunluk: 2
2025-11-16 14:34:18 - spektroskopi - INFO - Raspberry Pi verisi: Ham=3283, Voltaj=3283.000V
2025-11-16 14:34:18 - spektroskopi - INFO - Raspberry Pi verisi işlendi: SENSOR_7 = 3283.000V
2025-11-16 14:34:18 - spektroskopi - INFO - Raspberry Pi'dan veri alındı: 6e400002-b5a3-f393-e0a9-e50e24dcca9e (Handle: 19): Nordic UART RX, uzunluk: 2
2025-11-16 14:34:18 - spektroskopi - INFO - Raspberry Pi verisi: Ham=17, Voltaj=17.000V
2025-11-16 14:34:18 - spektroskopi - INFO - Raspberry Pi verisi işlendi: SENSOR_2 = 17.000V
2025-11-16 14:34:18 - spektroskopi - INFO - Raspberry Pi'dan veri alındı: 6e400005-b5a3-f393-e0a9-e50e24dcca9e (Handle: 16): Unknown, uzunluk: 2
2025-11-16 14:34:18 - spektroskopi - INFO - Raspberry Pi verisi: Ham=17, Voltaj=17.000V
2025-11-16 14:34:18 - spektroskopi - INFO - Raspberry Pi verisi işlendi: SENSOR_EXTRA = 17.000V
2025-11-16 14:34:18 - spektroskopi - INFO - Raspberry Pi'dan veri alındı: 6e400003-b5a3-f393-e0a9-e50e24dcca9e (Handle: 8): Nordic UART TX, uzunluk: 2
2025-11-16 14:34:18 - spektroskopi - INFO - Raspberry Pi verisi: Ham=3283, Voltaj=3283.000V
2025-11-16 14:34:18 - spektroskopi - INFO - Raspberry Pi verisi işlendi: SENSOR_5 = 3283.000V
2025-11-16 14:34:18 - spektroskopi - INFO - Raspberry Pi'dan veri alındı: 6e400004-b5a3-f393-e0a9-e50e24dcca9e (Handle: 11): Unknown, uzunluk: 2
2025-11-16 14:34:18 - spektroskopi - INFO - Raspberry Pi verisi: Ham=3283, Voltaj=3283.000V
2025-11-16 14:34:18 - spektroskopi - INFO - Raspberry Pi verisi işlendi: SENSOR_7 = 3283.000V
2025-11-16 14:34:18 - spektroskopi - WARNING - Zaman sıralama düzeltildi: 2025-11-16 14:34:18.560828
2025-11-16 14:34:18 - spektroskopi - WARNING - Zaman sıralama düzeltildi: 2025-11-16 14:34:18.561828
2025-11-16 14:34:18 - spektroskopi - WARNING - Zaman sıralama düzeltildi: 2025-11-16 14:34:18.562828
2025-11-16 14:34:18 - spektroskopi - WARNING - Zaman sıralama düzeltildi: 2025-11-16 14:34:18.563828
2025-11-16 14:34:18 - spektroskopi - WARNING - Zaman sıralama düzeltildi: 2025-11-16 14:34:18.564828
2025-11-16 14:34:18 - spektroskopi - WARNING - Zaman sıralama düzeltildi: 2025-11-16 14:34:18.565828
2025-11-16 14:34:18 - spektroskopi - WARNING - Zaman sıralama düzeltildi: 2025-11-16 14:34:18.566828
2025-11-16 14:34:18 - spektroskopi - WARNING - Zaman sıralama düzeltildi: 2025-11-16 14:34:18.567828
2025-11-16 14:34:18 - spektroskopi - WARNING - Zaman sıralama düzeltildi: 2025-11-16 14:34:18.568828
2025-11-16 14:34:18 - spektroskopi - WARNING - Zaman sıralama düzeltildi: 2025-11-16 14:34:18.569828
2025-11-16 14:34:18 - spektroskopi - WARNING - Zaman sıralama düzeltildi: 2025-11-16 14:34:18.570828
2025-11-16 14:34:18 - spektroskopi - INFO - Raspberry Pi'dan veri alındı: 6e400002-b5a3-f393-e0a9-e50e24dcca9e (Handle: 19): Nordic UART RX, uzunluk: 2
2025-11-16 14:34:18 - spektroskopi - INFO - Raspberry Pi verisi: Ham=17, Voltaj=17.000V
2025-11-16 14:34:18 - spektroskopi - INFO - Raspberry Pi verisi işlendi: SENSOR_2 = 17.000V
2025-11-16 14:34:18 - spektroskopi - INFO - Raspberry Pi'dan veri alındı: 6e400005-b5a3-f393-e0a9-e50e24dcca9e (Handle: 16): Unknown, uzunluk: 2
2025-11-16 14:34:18 - spektroskopi - INFO - Raspberry Pi verisi: Ham=17, Voltaj=17.000V
2025-11-16 14:34:18 - spektroskopi - INFO - Raspberry Pi verisi işlendi: SENSOR_EXTRA = 17.000V
2025-11-16 14:34:18 - spektroskopi - INFO - Raspberry Pi'dan veri alındı: 6e400003-b5a3-f393-e0a9-e50e24dcca9e (Handle: 8): Nordic UART TX, uzunluk: 2
2025-11-16 14:34:18 - spektroskopi - INFO - Raspberry Pi verisi: Ham=3283, Voltaj=3283.000V
2025-11-16 14:34:18 - spektroskopi - INFO - Raspberry Pi verisi işlendi: SENSOR_5 = 3283.000V
2025-11-16 14:34:18 - spektroskopi - INFO - Raspberry Pi'dan veri alındı: 6e400004-b5a3-f393-e0a9-e50e24dcca9e (Handle: 11): Unknown, uzunluk: 2
2025-11-16 14:34:18 - spektroskopi - INFO - Raspberry Pi verisi: Ham=3283, Voltaj=3283.000V
2025-11-16 14:34:18 - spektroskopi - INFO - Raspberry Pi verisi işlendi: SENSOR_7 = 3283.000V
2025-11-16 14:34:19 - spektroskopi - INFO - Raspberry Pi'dan veri alındı: 6e400002-b5a3-f393-e0a9-e50e24dcca9e (Handle: 19): Nordic UART RX, uzunluk: 2
2025-11-16 14:34:19 - spektroskopi - INFO - Raspberry Pi verisi: Ham=17, Voltaj=17.000V
2025-11-16 14:34:19 - spektroskopi - INFO - Raspberry Pi verisi işlendi: SENSOR_2 = 17.000V
2025-11-16 14:34:19 - spektroskopi - INFO - Raspberry Pi'dan veri alındı: 6e400005-b5a3-f393-e0a9-e50e24dcca9e (Handle: 16): Unknown, uzunluk: 2
2025-11-16 14:34:19 - spektroskopi - INFO - Raspberry Pi verisi: Ham=17, Voltaj=17.000V
2025-11-16 14:34:19 - spektroskopi - INFO - Raspberry Pi verisi işlendi: SENSOR_EXTRA = 17.000V
2025-11-16 14:34:19 - spektroskopi - INFO - Raspberry Pi'dan veri alındı: 6e400003-b5a3-f393-e0a9-e50e24dcca9e (Handle: 8): Nordic UART TX, uzunluk: 2
2025-11-16 14:34:19 - spektroskopi - INFO - Raspberry Pi verisi: Ham=3283, Voltaj=3283.000V
2025-11-16 14:34:19 - spektroskopi - INFO - Raspberry Pi verisi işlendi: SENSOR_5 = 3283.000V
2025-11-16 14:34:19 - spektroskopi - INFO - Raspberry Pi'dan veri alındı: 6e400004-b5a3-f393-e0a9-e50e24dcca9e (Handle: 11): Unknown, uzunluk: 2
2025-11-16 14:34:19 - spektroskopi - INFO - Raspberry Pi verisi: Ham=3283, Voltaj=3283.000V
2025-11-16 14:34:19 - spektroskopi - INFO - Raspberry Pi verisi işlendi: SENSOR_7 = 3283.000V
2025-11-16 14:34:19 - spektroskopi - INFO - Raspberry Pi'dan veri alındı: 6e400002-b5a3-f393-e0a9-e50e24dcca9e (Handle: 19): Nordic UART RX, uzunluk: 2
2025-11-16 14:34:19 - spektroskopi - INFO - Raspberry Pi verisi: Ham=17, Voltaj=17.000V
2025-11-16 14:34:19 - spektroskopi - INFO - Raspberry Pi verisi işlendi: SENSOR_2 = 17.000V
2025-11-16 14:34:19 - spektroskopi - INFO - Raspberry Pi'dan veri alındı: 6e400005-b5a3-f393-e0a9-e50e24dcca9e (Handle: 16): Unknown, uzunluk: 2
2025-11-16 14:34:19 - spektroskopi - INFO - Raspberry Pi verisi: Ham=17, Voltaj=17.000V
2025-11-16 14:34:19 - spektroskopi - INFO - Raspberry Pi verisi işlendi: SENSOR_EXTRA = 17.000V
2025-11-16 14:34:19 - spektroskopi - INFO - Raspberry Pi'dan veri alındı: 6e400003-b5a3-f393-e0a9-e50e24dcca9e (Handle: 8): Nordic UART TX, uzunluk: 2
2025-11-16 14:34:19 - spektroskopi - INFO - Raspberry Pi verisi: Ham=3283, Voltaj=3283.000V
2025-11-16 14:34:19 - spektroskopi - INFO - Raspberry Pi verisi işlendi: SENSOR_5 = 3283.000V
2025-11-16 14:34:19 - spektroskopi - INFO - Raspberry Pi'dan veri alındı: 6e400004-b5a3-f393-e0a9-e50e24dcca9e (Handle: 11): Unknown, uzunluk: 2
2025-11-16 14:34:19 - spektroskopi - INFO - Raspberry Pi verisi: Ham=3283, Voltaj=3283.000V
2025-11-16 14:34:19 - spektroskopi - INFO - Raspberry Pi verisi işlendi: SENSOR_7 = 3283.000V
2025-11-16 14:34:19 - spektroskopi - WARNING - Zaman sıralama düzeltildi: 2025-11-16 14:34:19.549249
2025-11-16 14:34:19 - spektroskopi - WARNING - Zaman sıralama düzeltildi: 2025-11-16 14:34:19.550249
2025-11-16 14:34:19 - spektroskopi - WARNING - Zaman sıralama düzeltildi: 2025-11-16 14:34:19.551249
2025-11-16 14:34:19 - spektroskopi - WARNING - Zaman sıralama düzeltildi: 2025-11-16 14:34:19.552249
2025-11-16 14:34:19 - spektroskopi - WARNING - Zaman sıralama düzeltildi: 2025-11-16 14:34:19.553249
2025-11-16 14:34:19 - spektroskopi - WARNING - Zaman sıralama düzeltildi: 2025-11-16 14:34:19.554249
2025-11-16 14:34:19 - spektroskopi - WARNING - Zaman sıralama düzeltildi: 2025-11-16 14:34:19.555249
2025-11-16 14:34:19 - spektroskopi - WARNING - Zaman sıralama düzeltildi: 2025-11-16 14:34:19.556249
2025-11-16 14:34:19 - spektroskopi - WARNING - Zaman sıralama düzeltildi: 2025-11-16 14:34:19.557249
2025-11-16 14:34:19 - spektroskopi - WARNING - Zaman sıralama düzeltildi: 2025-11-16 14:34:19.558249
2025-11-16 14:34:19 - spektroskopi - WARNING - Zaman sıralama düzeltildi: 2025-11-16 14:34:19.559249
2025-11-16 14:34:19 - spektroskopi - WARNING - Zaman sıralama düzeltildi: 2025-11-16 14:34:19.560249
2025-11-16 14:34:19 - spektroskopi - INFO - Raspberry Pi'dan veri alındı: 6e400002-b5a3-f393-e0a9-e50e24dcca9e (Handle: 19): Nordic UART RX, uzunluk: 2
2025-11-16 14:34:19 - spektroskopi - INFO - Raspberry Pi verisi: Ham=17, Voltaj=17.000V
2025-11-16 14:34:19 - spektroskopi - INFO - Raspberry Pi verisi işlendi: SENSOR_2 = 17.000V
2025-11-16 14:34:19 - spektroskopi - INFO - Raspberry Pi'dan veri alındı: 6e400005-b5a3-f393-e0a9-e50e24dcca9e (Handle: 16): Unknown, uzunluk: 2
2025-11-16 14:34:19 - spektroskopi - INFO - Raspberry Pi verisi: Ham=17, Voltaj=17.000V
2025-11-16 14:34:19 - spektroskopi - INFO - Raspberry Pi verisi işlendi: SENSOR_EXTRA = 17.000V
2025-11-16 14:34:19 - spektroskopi - INFO - Raspberry Pi'dan veri alındı: 6e400003-b5a3-f393-e0a9-e50e24dcca9e (Handle: 8): Nordic UART TX, uzunluk: 2
2025-11-16 14:34:19 - spektroskopi - INFO - Raspberry Pi verisi: Ham=3283, Voltaj=3283.000V
2025-11-16 14:34:19 - spektroskopi - INFO - Raspberry Pi verisi işlendi: SENSOR_5 = 3283.000V
2025-11-16 14:34:19 - spektroskopi - INFO - Raspberry Pi'dan veri alındı: 6e400004-b5a3-f393-e0a9-e50e24dcca9e (Handle: 11): Unknown, uzunluk: 2
2025-11-16 14:34:19 - spektroskopi - INFO - Raspberry Pi verisi: Ham=3283, Voltaj=3283.000V
2025-11-16 14:34:19 - spektroskopi - INFO - Raspberry Pi verisi işlendi: SENSOR_7 = 3283.000V
2025-11-16 14:34:20 - spektroskopi - INFO - Raspberry Pi'dan veri alındı: 6e400002-b5a3-f393-e0a9-e50e24dcca9e (Handle: 19): Nordic UART RX, uzunluk: 2
2025-11-16 14:34:20 - spektroskopi - INFO - Raspberry Pi verisi: Ham=17, Voltaj=17.000V
2025-11-16 14:34:20 - spektroskopi - INFO - Raspberry Pi verisi işlendi: SENSOR_2 = 17.000V
2025-11-16 14:34:20 - spektroskopi - INFO - Raspberry Pi'dan veri alındı: 6e400005-b5a3-f393-e0a9-e50e24dcca9e (Handle: 16): Unknown, uzunluk: 2
2025-11-16 14:34:20 - spektroskopi - INFO - Raspberry Pi verisi: Ham=17, Voltaj=17.000V
2025-11-16 14:34:20 - spektroskopi - INFO - Raspberry Pi verisi işlendi: SENSOR_EXTRA = 17.000V
2025-11-16 14:34:20 - spektroskopi - INFO - Raspberry Pi'dan veri alındı: 6e400003-b5a3-f393-e0a9-e50e24dcca9e (Handle: 8): Nordic UART TX, uzunluk: 2
2025-11-16 14:34:20 - spektroskopi - INFO - Raspberry Pi verisi: Ham=3283, Voltaj=3283.000V
2025-11-16 14:34:20 - spektroskopi - INFO - Raspberry Pi verisi işlendi: SENSOR_5 = 3283.000V
2025-11-16 14:34:20 - spektroskopi - INFO - Raspberry Pi'dan veri alındı: 6e400004-b5a3-f393-e0a9-e50e24dcca9e (Handle: 11): Unknown, uzunluk: 2
2025-11-16 14:34:20 - spektroskopi - INFO - Raspberry Pi verisi: Ham=3283, Voltaj=3283.000V
2025-11-16 14:34:20 - spektroskopi - INFO - Raspberry Pi verisi işlendi: SENSOR_7 = 3283.000V
2025-11-16 14:34:20 - spektroskopi - INFO - LED AÇMA komutu queue'ya eklendi
2025-11-16 14:34:20 - spektroskopi - INFO - LED'ler kullanıcı tarafından açıldı
2025-11-16 14:34:20 - spektroskopi - INFO - Raspberry Pi'dan veri alındı: 6e400002-b5a3-f393-e0a9-e50e24dcca9e (Handle: 19): Nordic UART RX, uzunluk: 2
2025-11-16 14:34:20 - spektroskopi - INFO - Raspberry Pi verisi: Ham=17, Voltaj=17.000V
2025-11-16 14:34:20 - spektroskopi - INFO - Raspberry Pi verisi işlendi: SENSOR_2 = 17.000V
2025-11-16 14:34:20 - spektroskopi - INFO - Raspberry Pi'dan veri alındı: 6e400005-b5a3-f393-e0a9-e50e24dcca9e (Handle: 16): Unknown, uzunluk: 2
2025-11-16 14:34:20 - spektroskopi - INFO - Raspberry Pi verisi: Ham=17, Voltaj=17.000V
2025-11-16 14:34:20 - spektroskopi - INFO - Raspberry Pi verisi işlendi: SENSOR_EXTRA = 17.000V
2025-11-16 14:34:20 - spektroskopi - INFO - Raspberry Pi'dan veri alındı: 6e400003-b5a3-f393-e0a9-e50e24dcca9e (Handle: 8): Nordic UART TX, uzunluk: 2
2025-11-16 14:34:20 - spektroskopi - INFO - Raspberry Pi verisi: Ham=3283, Voltaj=3283.000V
2025-11-16 14:34:20 - spektroskopi - INFO - Raspberry Pi verisi işlendi: SENSOR_5 = 3283.000V
2025-11-16 14:34:20 - spektroskopi - INFO - Raspberry Pi'dan veri alındı: 6e400004-b5a3-f393-e0a9-e50e24dcca9e (Handle: 11): Unknown, uzunluk: 2
2025-11-16 14:34:20 - spektroskopi - INFO - Raspberry Pi verisi: Ham=3283, Voltaj=3283.000V
2025-11-16 14:34:20 - spektroskopi - INFO - Raspberry Pi verisi işlendi: SENSOR_7 = 3283.000V
2025-11-16 14:34:20 - spektroskopi - INFO - Raspberry Pi'dan veri alındı: 6e400002-b5a3-f393-e0a9-e50e24dcca9e (Handle: 19): Nordic UART RX, uzunluk: 2
2025-11-16 14:34:20 - spektroskopi - INFO - Raspberry Pi verisi: Ham=17, Voltaj=17.000V
2025-11-16 14:34:20 - spektroskopi - INFO - Raspberry Pi verisi işlendi: SENSOR_2 = 17.000V
2025-11-16 14:34:20 - spektroskopi - WARNING - Zaman sıralama düzeltildi: 2025-11-16 14:34:20.690300
2025-11-16 14:34:20 - spektroskopi - WARNING - Zaman sıralama düzeltildi: 2025-11-16 14:34:20.691300
2025-11-16 14:34:20 - spektroskopi - WARNING - Zaman sıralama düzeltildi: 2025-11-16 14:34:20.692300
2025-11-16 14:34:20 - spektroskopi - WARNING - Zaman sıralama düzeltildi: 2025-11-16 14:34:20.693300
2025-11-16 14:34:20 - spektroskopi - WARNING - Zaman sıralama düzeltildi: 2025-11-16 14:34:20.694300
2025-11-16 14:34:20 - spektroskopi - WARNING - Zaman sıralama düzeltildi: 2025-11-16 14:34:20.695300
2025-11-16 14:34:20 - spektroskopi - WARNING - Zaman sıralama düzeltildi: 2025-11-16 14:34:20.696300
2025-11-16 14:34:20 - spektroskopi - WARNING - Zaman sıralama düzeltildi: 2025-11-16 14:34:20.697300
2025-11-16 14:34:20 - spektroskopi - WARNING - Zaman sıralama düzeltildi: 2025-11-16 14:34:20.698300
2025-11-16 14:34:20 - spektroskopi - WARNING - Zaman sıralama düzeltildi: 2025-11-16 14:34:20.699300
2025-11-16 14:34:20 - spektroskopi - WARNING - Zaman sıralama düzeltildi: 2025-11-16 14:34:20.700300
2025-11-16 14:34:20 - spektroskopi - WARNING - Zaman sıralama düzeltildi: 2025-11-16 14:34:20.701300
2025-11-16 14:34:20 - spektroskopi - WARNING - Zaman sıralama düzeltildi: 2025-11-16 14:34:20.702300
2025-11-16 14:34:20 - spektroskopi - INFO - LED kontrol komutu gönderildi: AÇILDI
2025-11-16 14:34:20 - spektroskopi - INFO - Raspberry Pi'dan veri alındı: 6e400005-b5a3-f393-e0a9-e50e24dcca9e (Handle: 16): Unknown, uzunluk: 2
2025-11-16 14:34:20 - spektroskopi - INFO - Raspberry Pi verisi: Ham=17, Voltaj=17.000V
2025-11-16 14:34:20 - spektroskopi - INFO - Raspberry Pi verisi işlendi: SENSOR_EXTRA = 17.000V
2025-11-16 14:34:20 - spektroskopi - INFO - Raspberry Pi'dan veri alındı: 6e400003-b5a3-f393-e0a9-e50e24dcca9e (Handle: 8): Nordic UART TX, uzunluk: 2
2025-11-16 14:34:20 - spektroskopi - INFO - Raspberry Pi verisi: Ham=3283, Voltaj=3283.000V
2025-11-16 14:34:20 - spektroskopi - INFO - Raspberry Pi verisi işlendi: SENSOR_5 = 3283.000V
2025-11-16 14:34:20 - spektroskopi - INFO - Raspberry Pi'dan veri alındı: 6e400004-b5a3-f393-e0a9-e50e24dcca9e (Handle: 11): Unknown, uzunluk: 2
2025-11-16 14:34:20 - spektroskopi - INFO - Raspberry Pi verisi: Ham=3283, Voltaj=3283.000V
2025-11-16 14:34:20 - spektroskopi - INFO - Raspberry Pi verisi işlendi: SENSOR_7 = 3283.000V
2025-11-16 14:34:21 - spektroskopi - INFO - Raspberry Pi'dan veri alındı: 6e400002-b5a3-f393-e0a9-e50e24dcca9e (Handle: 19): Nordic UART RX, uzunluk: 2
2025-11-16 14:34:21 - spektroskopi - INFO - Raspberry Pi verisi: Ham=3260, Voltaj=3260.000V
2025-11-16 14:34:21 - spektroskopi - INFO - Raspberry Pi verisi işlendi: SENSOR_2 = 3260.000V
2025-11-16 14:34:21 - spektroskopi - INFO - Raspberry Pi'dan veri alındı: 6e400005-b5a3-f393-e0a9-e50e24dcca9e (Handle: 16): Unknown, uzunluk: 2
2025-11-16 14:34:21 - spektroskopi - INFO - Raspberry Pi verisi: Ham=286, Voltaj=286.000V
2025-11-16 14:34:21 - spektroskopi - INFO - Raspberry Pi verisi işlendi: SENSOR_EXTRA = 286.000V
2025-11-16 14:34:21 - spektroskopi - INFO - Raspberry Pi'dan veri alındı: 6e400003-b5a3-f393-e0a9-e50e24dcca9e (Handle: 8): Nordic UART TX, uzunluk: 2
2025-11-16 14:34:21 - spektroskopi - INFO - Raspberry Pi verisi: Ham=448, Voltaj=448.000V
2025-11-16 14:34:21 - spektroskopi - INFO - Raspberry Pi verisi işlendi: SENSOR_5 = 448.000V
2025-11-16 14:34:21 - spektroskopi - INFO - Raspberry Pi'dan veri alındı: 6e400004-b5a3-f393-e0a9-e50e24dcca9e (Handle: 11): Unknown, uzunluk: 2
2025-11-16 14:34:21 - spektroskopi - INFO - Raspberry Pi verisi: Ham=337, Voltaj=337.000V
2025-11-16 14:34:21 - spektroskopi - INFO - Raspberry Pi verisi işlendi: SENSOR_7 = 337.000V
2025-11-16 14:34:21 - spektroskopi - INFO - Raspberry Pi'dan veri alındı: 6e400002-b5a3-f393-e0a9-e50e24dcca9e (Handle: 19): Nordic UART RX, uzunluk: 2
2025-11-16 14:34:21 - spektroskopi - INFO - Raspberry Pi verisi: Ham=3259, Voltaj=3259.000V
2025-11-16 14:34:21 - spektroskopi - INFO - Raspberry Pi verisi işlendi: SENSOR_2 = 3259.000V
2025-11-16 14:34:21 - spektroskopi - WARNING - Zaman sıralama düzeltildi: 2025-11-16 14:34:21.650366
2025-11-16 14:34:21 - spektroskopi - WARNING - Zaman sıralama düzeltildi: 2025-11-16 14:34:21.651366
2025-11-16 14:34:21 - spektroskopi - WARNING - Zaman sıralama düzeltildi: 2025-11-16 14:34:21.652366
2025-11-16 14:34:21 - spektroskopi - WARNING - Zaman sıralama düzeltildi: 2025-11-16 14:34:21.653366
2025-11-16 14:34:21 - spektroskopi - WARNING - Zaman sıralama düzeltildi: 2025-11-16 14:34:21.654366
2025-11-16 14:34:21 - spektroskopi - WARNING - Zaman sıralama düzeltildi: 2025-11-16 14:34:21.655366
2025-11-16 14:34:21 - spektroskopi - WARNING - Zaman sıralama düzeltildi: 2025-11-16 14:34:21.656366
2025-11-16 14:34:21 - spektroskopi - WARNING - Zaman sıralama düzeltildi: 2025-11-16 14:34:21.657366
2025-11-16 14:34:21 - spektroskopi - INFO - Raspberry Pi'dan veri alındı: 6e400005-b5a3-f393-e0a9-e50e24dcca9e (Handle: 16): Unknown, uzunluk: 2
2025-11-16 14:34:21 - spektroskopi - INFO - Raspberry Pi verisi: Ham=288, Voltaj=288.000V
2025-11-16 14:34:21 - spektroskopi - INFO - Raspberry Pi verisi işlendi: SENSOR_EXTRA = 288.000V
2025-11-16 14:34:21 - spektroskopi - INFO - Raspberry Pi'dan veri alındı: 6e400003-b5a3-f393-e0a9-e50e24dcca9e (Handle: 8): Nordic UART TX, uzunluk: 2
2025-11-16 14:34:21 - spektroskopi - INFO - Raspberry Pi verisi: Ham=452, Voltaj=452.000V
2025-11-16 14:34:21 - spektroskopi - INFO - Raspberry Pi verisi işlendi: SENSOR_5 = 452.000V
2025-11-16 14:34:22 - spektroskopi - INFO - Raspberry Pi'dan veri alındı: 6e400004-b5a3-f393-e0a9-e50e24dcca9e (Handle: 11): Unknown, uzunluk: 2
2025-11-16 14:34:22 - spektroskopi - INFO - Raspberry Pi verisi: Ham=337, Voltaj=337.000V
2025-11-16 14:34:22 - spektroskopi - INFO - Raspberry Pi verisi işlendi: SENSOR_7 = 337.000V
2025-11-16 14:34:22 - spektroskopi - INFO - Raspberry Pi'dan veri alındı: 6e400002-b5a3-f393-e0a9-e50e24dcca9e (Handle: 19): Nordic UART RX, uzunluk: 2
2025-11-16 14:34:22 - spektroskopi - INFO - Raspberry Pi verisi: Ham=3259, Voltaj=3259.000V
2025-11-16 14:34:22 - spektroskopi - INFO - Raspberry Pi verisi işlendi: SENSOR_2 = 3259.000V
2025-11-16 14:34:22 - spektroskopi - INFO - Raspberry Pi'dan veri alındı: 6e400005-b5a3-f393-e0a9-e50e24dcca9e (Handle: 16): Unknown, uzunluk: 2
2025-11-16 14:34:22 - spektroskopi - INFO - Raspberry Pi verisi: Ham=289, Voltaj=289.000V
2025-11-16 14:34:22 - spektroskopi - INFO - Raspberry Pi verisi işlendi: SENSOR_EXTRA = 289.000V
2025-11-16 14:34:22 - spektroskopi - INFO - Raspberry Pi'dan veri alındı: 6e400003-b5a3-f393-e0a9-e50e24dcca9e (Handle: 8): Nordic UART TX, uzunluk: 2
2025-11-16 14:34:22 - spektroskopi - INFO - Raspberry Pi verisi: Ham=455, Voltaj=455.000V
2025-11-16 14:34:22 - spektroskopi - INFO - Raspberry Pi verisi işlendi: SENSOR_5 = 455.000V
2025-11-16 14:34:22 - spektroskopi - INFO - Raspberry Pi'dan veri alındı: 6e400004-b5a3-f393-e0a9-e50e24dcca9e (Handle: 11): Unknown, uzunluk: 2
2025-11-16 14:34:22 - spektroskopi - INFO - Raspberry Pi verisi: Ham=338, Voltaj=338.000V
2025-11-16 14:34:22 - spektroskopi - INFO - Raspberry Pi verisi işlendi: SENSOR_7 = 338.000V
2025-11-16 14:34:22 - spektroskopi - WARNING - Zaman sıralama düzeltildi: 2025-11-16 14:34:22.611635
2025-11-16 14:34:22 - spektroskopi - WARNING - Zaman sıralama düzeltildi: 2025-11-16 14:34:22.612635
2025-11-16 14:34:22 - spektroskopi - WARNING - Zaman sıralama düzeltildi: 2025-11-16 14:34:22.613635
2025-11-16 14:34:22 - spektroskopi - WARNING - Zaman sıralama düzeltildi: 2025-11-16 14:34:22.614635
2025-11-16 14:34:22 - spektroskopi - WARNING - Zaman sıralama düzeltildi: 2025-11-16 14:34:22.615635
2025-11-16 14:34:22 - spektroskopi - WARNING - Zaman sıralama düzeltildi: 2025-11-16 14:34:22.616635
2025-11-16 14:34:22 - spektroskopi - WARNING - Zaman sıralama düzeltildi: 2025-11-16 14:34:22.617635
2025-11-16 14:34:22 - spektroskopi - INFO - Raspberry Pi'dan veri alındı: 6e400002-b5a3-f393-e0a9-e50e24dcca9e (Handle: 19): Nordic UART RX, uzunluk: 2
2025-11-16 14:34:22 - spektroskopi - INFO - Raspberry Pi verisi: Ham=3259, Voltaj=3259.000V
2025-11-16 14:34:22 - spektroskopi - INFO - Raspberry Pi verisi işlendi: SENSOR_2 = 3259.000V
2025-11-16 14:34:22 - spektroskopi - INFO - Raspberry Pi'dan veri alındı: 6e400005-b5a3-f393-e0a9-e50e24dcca9e (Handle: 16): Unknown, uzunluk: 2
2025-11-16 14:34:22 - spektroskopi - INFO - Raspberry Pi verisi: Ham=290, Voltaj=290.000V
2025-11-16 14:34:22 - spektroskopi - INFO - Raspberry Pi verisi işlendi: SENSOR_EXTRA = 290.000V
2025-11-16 14:34:23 - spektroskopi - INFO - Raspberry Pi'dan veri alındı: 6e400003-b5a3-f393-e0a9-e50e24dcca9e (Handle: 8): Nordic UART TX, uzunluk: 2
2025-11-16 14:34:23 - spektroskopi - INFO - Raspberry Pi verisi: Ham=456, Voltaj=456.000V
2025-11-16 14:34:23 - spektroskopi - INFO - Raspberry Pi verisi işlendi: SENSOR_5 = 456.000V
2025-11-16 14:34:23 - spektroskopi - INFO - Raspberry Pi'dan veri alındı: 6e400004-b5a3-f393-e0a9-e50e24dcca9e (Handle: 11): Unknown, uzunluk: 2
2025-11-16 14:34:23 - spektroskopi - INFO - Raspberry Pi verisi: Ham=338, Voltaj=338.000V
2025-11-16 14:34:23 - spektroskopi - INFO - Raspberry Pi verisi işlendi: SENSOR_7 = 338.000V
2025-11-16 14:34:23 - spektroskopi - INFO - Raspberry Pi'dan veri alındı: 6e400002-b5a3-f393-e0a9-e50e24dcca9e (Handle: 19): Nordic UART RX, uzunluk: 2
2025-11-16 14:34:23 - spektroskopi - INFO - Raspberry Pi verisi: Ham=3260, Voltaj=3260.000V
2025-11-16 14:34:23 - spektroskopi - INFO - Raspberry Pi verisi işlendi: SENSOR_2 = 3260.000V
2025-11-16 14:34:23 - spektroskopi - INFO - Raspberry Pi'dan veri alındı: 6e400005-b5a3-f393-e0a9-e50e24dcca9e (Handle: 16): Unknown, uzunluk: 2
2025-11-16 14:34:23 - spektroskopi - INFO - Raspberry Pi verisi: Ham=291, Voltaj=291.000V
2025-11-16 14:34:23 - spektroskopi - INFO - Raspberry Pi verisi işlendi: SENSOR_EXTRA = 291.000V
2025-11-16 14:34:23 - spektroskopi - INFO - Raspberry Pi'dan veri alındı: 6e400003-b5a3-f393-e0a9-e50e24dcca9e (Handle: 8): Nordic UART TX, uzunluk: 2
2025-11-16 14:34:23 - spektroskopi - INFO - Raspberry Pi verisi: Ham=458, Voltaj=458.000V
2025-11-16 14:34:23 - spektroskopi - INFO - Raspberry Pi verisi işlendi: SENSOR_5 = 458.000V
2025-11-16 14:34:23 - spektroskopi - WARNING - Zaman sıralama düzeltildi: 2025-11-16 14:34:23.631467
2025-11-16 14:34:23 - spektroskopi - WARNING - Zaman sıralama düzeltildi: 2025-11-16 14:34:23.632467
2025-11-16 14:34:23 - spektroskopi - WARNING - Zaman sıralama düzeltildi: 2025-11-16 14:34:23.633467
2025-11-16 14:34:23 - spektroskopi - WARNING - Zaman sıralama düzeltildi: 2025-11-16 14:34:23.634467
2025-11-16 14:34:23 - spektroskopi - WARNING - Zaman sıralama düzeltildi: 2025-11-16 14:34:23.635467
2025-11-16 14:34:23 - spektroskopi - WARNING - Zaman sıralama düzeltildi: 2025-11-16 14:34:23.636467
2025-11-16 14:34:23 - spektroskopi - WARNING - Zaman sıralama düzeltildi: 2025-11-16 14:34:23.637467
2025-11-16 14:34:23 - spektroskopi - INFO - Raspberry Pi'dan veri alındı: 6e400004-b5a3-f393-e0a9-e50e24dcca9e (Handle: 11): Unknown, uzunluk: 2
2025-11-16 14:34:23 - spektroskopi - INFO - Raspberry Pi verisi: Ham=339, Voltaj=339.000V
2025-11-16 14:34:23 - spektroskopi - INFO - Raspberry Pi verisi işlendi: SENSOR_7 = 339.000V
2025-11-16 14:34:23 - spektroskopi - INFO - Raspberry Pi'dan veri alındı: 6e400002-b5a3-f393-e0a9-e50e24dcca9e (Handle: 19): Nordic UART RX, uzunluk: 2
2025-11-16 14:34:23 - spektroskopi - INFO - Raspberry Pi verisi: Ham=3259, Voltaj=3259.000V
2025-11-16 14:34:23 - spektroskopi - INFO - Raspberry Pi verisi işlendi: SENSOR_2 = 3259.000V
2025-11-16 14:34:24 - spektroskopi - INFO - Raspberry Pi'dan veri alındı: 6e400005-b5a3-f393-e0a9-e50e24dcca9e (Handle: 16): Unknown, uzunluk: 2
2025-11-16 14:34:24 - spektroskopi - INFO - Raspberry Pi verisi: Ham=290, Voltaj=290.000V
2025-11-16 14:34:24 - spektroskopi - INFO - Raspberry Pi verisi işlendi: SENSOR_EXTRA = 290.000V
2025-11-16 14:34:24 - spektroskopi - INFO - Raspberry Pi'dan veri alındı: 6e400003-b5a3-f393-e0a9-e50e24dcca9e (Handle: 8): Nordic UART TX, uzunluk: 2
2025-11-16 14:34:24 - spektroskopi - INFO - Raspberry Pi verisi: Ham=459, Voltaj=459.000V
2025-11-16 14:34:24 - spektroskopi - INFO - Raspberry Pi verisi işlendi: SENSOR_5 = 459.000V
2025-11-16 14:34:24 - spektroskopi - INFO - Raspberry Pi'dan veri alındı: 6e400004-b5a3-f393-e0a9-e50e24dcca9e (Handle: 11): Unknown, uzunluk: 2
2025-11-16 14:34:24 - spektroskopi - INFO - Raspberry Pi verisi: Ham=339, Voltaj=339.000V
2025-11-16 14:34:24 - spektroskopi - INFO - Raspberry Pi verisi işlendi: SENSOR_7 = 339.000V
2025-11-16 14:34:24 - spektroskopi - INFO - Raspberry Pi'dan veri alındı: 6e400002-b5a3-f393-e0a9-e50e24dcca9e (Handle: 19): Nordic UART RX, uzunluk: 2
2025-11-16 14:34:24 - spektroskopi - INFO - Raspberry Pi verisi: Ham=3259, Voltaj=3259.000V
2025-11-16 14:34:24 - spektroskopi - INFO - Raspberry Pi verisi işlendi: SENSOR_2 = 3259.000V
2025-11-16 14:34:24 - spektroskopi - INFO - Raspberry Pi'dan veri alındı: 6e400005-b5a3-f393-e0a9-e50e24dcca9e (Handle: 16): Unknown, uzunluk: 2
2025-11-16 14:34:24 - spektroskopi - INFO - Raspberry Pi verisi: Ham=289, Voltaj=289.000V
2025-11-16 14:34:24 - spektroskopi - INFO - Raspberry Pi verisi işlendi: SENSOR_EXTRA = 289.000V
2025-11-16 14:34:24 - spektroskopi - WARNING - Zaman sıralama düzeltildi: 2025-11-16 14:34:24.650759
2025-11-16 14:34:24 - spektroskopi - WARNING - Zaman sıralama düzeltildi: 2025-11-16 14:34:24.651759
2025-11-16 14:34:24 - spektroskopi - WARNING - Zaman sıralama düzeltildi: 2025-11-16 14:34:24.652759
2025-11-16 14:34:24 - spektroskopi - WARNING - Zaman sıralama düzeltildi: 2025-11-16 14:34:24.653759
2025-11-16 14:34:24 - spektroskopi - WARNING - Zaman sıralama düzeltildi: 2025-11-16 14:34:24.654759
2025-11-16 14:34:24 - spektroskopi - WARNING - Zaman sıralama düzeltildi: 2025-11-16 14:34:24.655759
2025-11-16 14:34:24 - spektroskopi - WARNING - Zaman sıralama düzeltildi: 2025-11-16 14:34:24.656759
2025-11-16 14:34:24 - spektroskopi - INFO - Raspberry Pi'dan veri alındı: 6e400003-b5a3-f393-e0a9-e50e24dcca9e (Handle: 8): Nordic UART TX, uzunluk: 2
2025-11-16 14:34:24 - spektroskopi - INFO - Raspberry Pi verisi: Ham=459, Voltaj=459.000V
2025-11-16 14:34:24 - spektroskopi - INFO - Raspberry Pi verisi işlendi: SENSOR_5 = 459.000V
2025-11-16 14:34:24 - spektroskopi - INFO - Raspberry Pi'dan veri alındı: 6e400004-b5a3-f393-e0a9-e50e24dcca9e (Handle: 11): Unknown, uzunluk: 2
2025-11-16 14:34:24 - spektroskopi - INFO - Raspberry Pi verisi: Ham=339, Voltaj=339.000V
2025-11-16 14:34:24 - spektroskopi - INFO - Raspberry Pi verisi işlendi: SENSOR_7 = 339.000V
2025-11-16 14:34:25 - spektroskopi - INFO - Raspberry Pi'dan veri alındı: 6e400002-b5a3-f393-e0a9-e50e24dcca9e (Handle: 19): Nordic UART RX, uzunluk: 2
2025-11-16 14:34:25 - spektroskopi - INFO - Raspberry Pi verisi: Ham=3259, Voltaj=3259.000V
2025-11-16 14:34:25 - spektroskopi - INFO - Raspberry Pi verisi işlendi: SENSOR_2 = 3259.000V
2025-11-16 14:34:25 - spektroskopi - INFO - Raspberry Pi'dan veri alındı: 6e400005-b5a3-f393-e0a9-e50e24dcca9e (Handle: 16): Unknown, uzunluk: 2
2025-11-16 14:34:25 - spektroskopi - INFO - Raspberry Pi verisi: Ham=289, Voltaj=289.000V
2025-11-16 14:34:25 - spektroskopi - INFO - Raspberry Pi verisi işlendi: SENSOR_EXTRA = 289.000V
2025-11-16 14:34:25 - spektroskopi - INFO - Raspberry Pi'dan veri alındı: 6e400003-b5a3-f393-e0a9-e50e24dcca9e (Handle: 8): Nordic UART TX, uzunluk: 2
2025-11-16 14:34:25 - spektroskopi - INFO - Raspberry Pi verisi: Ham=461, Voltaj=461.000V
2025-11-16 14:34:25 - spektroskopi - INFO - Raspberry Pi verisi işlendi: SENSOR_5 = 461.000V
2025-11-16 14:34:25 - spektroskopi - INFO - Raspberry Pi'dan veri alındı: 6e400004-b5a3-f393-e0a9-e50e24dcca9e (Handle: 11): Unknown, uzunluk: 2
2025-11-16 14:34:25 - spektroskopi - INFO - Raspberry Pi verisi: Ham=340, Voltaj=340.000V
2025-11-16 14:34:25 - spektroskopi - INFO - Raspberry Pi verisi işlendi: SENSOR_7 = 340.000V
2025-11-16 14:34:25 - spektroskopi - INFO - Raspberry Pi'dan veri alındı: 6e400002-b5a3-f393-e0a9-e50e24dcca9e (Handle: 19): Nordic UART RX, uzunluk: 2
2025-11-16 14:34:25 - spektroskopi - INFO - Raspberry Pi verisi: Ham=3259, Voltaj=3259.000V
2025-11-16 14:34:25 - spektroskopi - INFO - Raspberry Pi verisi işlendi: SENSOR_2 = 3259.000V
2025-11-16 14:34:25 - spektroskopi - WARNING - Zaman sıralama düzeltildi: 2025-11-16 14:34:25.671922
2025-11-16 14:34:25 - spektroskopi - WARNING - Zaman sıralama düzeltildi: 2025-11-16 14:34:25.672922
2025-11-16 14:34:25 - spektroskopi - WARNING - Zaman sıralama düzeltildi: 2025-11-16 14:34:25.673922
2025-11-16 14:34:25 - spektroskopi - WARNING - Zaman sıralama düzeltildi: 2025-11-16 14:34:25.674922
2025-11-16 14:34:25 - spektroskopi - WARNING - Zaman sıralama düzeltildi: 2025-11-16 14:34:25.675922
2025-11-16 14:34:25 - spektroskopi - WARNING - Zaman sıralama düzeltildi: 2025-11-16 14:34:25.676922
2025-11-16 14:34:25 - spektroskopi - WARNING - Zaman sıralama düzeltildi: 2025-11-16 14:34:25.677922
2025-11-16 14:34:25 - spektroskopi - INFO - Raspberry Pi'dan veri alındı: 6e400005-b5a3-f393-e0a9-e50e24dcca9e (Handle: 16): Unknown, uzunluk: 2
2025-11-16 14:34:25 - spektroskopi - INFO - Raspberry Pi verisi: Ham=287, Voltaj=287.000V
2025-11-16 14:34:25 - spektroskopi - INFO - Raspberry Pi verisi işlendi: SENSOR_EXTRA = 287.000V
2025-11-16 14:34:25 - spektroskopi - INFO - Raspberry Pi'dan veri alındı: 6e400003-b5a3-f393-e0a9-e50e24dcca9e (Handle: 8): Nordic UART TX, uzunluk: 2
2025-11-16 14:34:25 - spektroskopi - INFO - Raspberry Pi verisi: Ham=461, Voltaj=461.000V
2025-11-16 14:34:25 - spektroskopi - INFO - Raspberry Pi verisi işlendi: SENSOR_5 = 461.000V
2025-11-16 14:34:26 - spektroskopi - INFO - Raspberry Pi'dan veri alındı: 6e400004-b5a3-f393-e0a9-e50e24dcca9e (Handle: 11): Unknown, uzunluk: 2
2025-11-16 14:34:26 - spektroskopi - INFO - Raspberry Pi verisi: Ham=340, Voltaj=340.000V
2025-11-16 14:34:26 - spektroskopi - INFO - Raspberry Pi verisi işlendi: SENSOR_7 = 340.000V
2025-11-16 14:34:26 - spektroskopi - INFO - Raspberry Pi'dan veri alındı: 6e400002-b5a3-f393-e0a9-e50e24dcca9e (Handle: 19): Nordic UART RX, uzunluk: 2
2025-11-16 14:34:26 - spektroskopi - INFO - Raspberry Pi verisi: Ham=3259, Voltaj=3259.000V
2025-11-16 14:34:26 - spektroskopi - INFO - Raspberry Pi verisi işlendi: SENSOR_2 = 3259.000V
2025-11-16 14:34:26 - spektroskopi - INFO - Raspberry Pi'dan veri alındı: 6e400005-b5a3-f393-e0a9-e50e24dcca9e (Handle: 16): Unknown, uzunluk: 2
2025-11-16 14:34:26 - spektroskopi - INFO - Raspberry Pi verisi: Ham=289, Voltaj=289.000V
2025-11-16 14:34:26 - spektroskopi - INFO - Raspberry Pi verisi işlendi: SENSOR_EXTRA = 289.000V
2025-11-16 14:34:26 - spektroskopi - INFO - Raspberry Pi'dan veri alındı: 6e400003-b5a3-f393-e0a9-e50e24dcca9e (Handle: 8): Nordic UART TX, uzunluk: 2
2025-11-16 14:34:26 - spektroskopi - INFO - Raspberry Pi verisi: Ham=462, Voltaj=462.000V
2025-11-16 14:34:26 - spektroskopi - INFO - Raspberry Pi verisi işlendi: SENSOR_5 = 462.000V
2025-11-16 14:34:26 - spektroskopi - INFO - Raspberry Pi'dan veri alındı: 6e400004-b5a3-f393-e0a9-e50e24dcca9e (Handle: 11): Unknown, uzunluk: 2
2025-11-16 14:34:26 - spektroskopi - INFO - Raspberry Pi verisi: Ham=340, Voltaj=340.000V
2025-11-16 14:34:26 - spektroskopi - INFO - Raspberry Pi verisi işlendi: SENSOR_7 = 340.000V
2025-11-16 14:34:26 - spektroskopi - WARNING - Zaman sıralama düzeltildi: 2025-11-16 14:34:26.632123
2025-11-16 14:34:26 - spektroskopi - WARNING - Zaman sıralama düzeltildi: 2025-11-16 14:34:26.633123
2025-11-16 14:34:26 - spektroskopi - WARNING - Zaman sıralama düzeltildi: 2025-11-16 14:34:26.634123
2025-11-16 14:34:26 - spektroskopi - WARNING - Zaman sıralama düzeltildi: 2025-11-16 14:34:26.635123
2025-11-16 14:34:26 - spektroskopi - WARNING - Zaman sıralama düzeltildi: 2025-11-16 14:34:26.636123
2025-11-16 14:34:26 - spektroskopi - WARNING - Zaman sıralama düzeltildi: 2025-11-16 14:34:26.637123
2025-11-16 14:34:26 - spektroskopi - WARNING - Zaman sıralama düzeltildi: 2025-11-16 14:34:26.638123
2025-11-16 14:34:26 - spektroskopi - INFO - Raspberry Pi'dan veri alındı: 6e400002-b5a3-f393-e0a9-e50e24dcca9e (Handle: 19): Nordic UART RX, uzunluk: 2
2025-11-16 14:34:26 - spektroskopi - INFO - Raspberry Pi verisi: Ham=3259, Voltaj=3259.000V
2025-11-16 14:34:26 - spektroskopi - INFO - Raspberry Pi verisi işlendi: SENSOR_2 = 3259.000V
2025-11-16 14:34:26 - spektroskopi - INFO - Raspberry Pi'dan veri alındı: 6e400005-b5a3-f393-e0a9-e50e24dcca9e (Handle: 16): Unknown, uzunluk: 2
2025-11-16 14:34:26 - spektroskopi - INFO - Raspberry Pi verisi: Ham=288, Voltaj=288.000V
2025-11-16 14:34:26 - spektroskopi - INFO - Raspberry Pi verisi işlendi: SENSOR_EXTRA = 288.000V
2025-11-16 14:34:27 - spektroskopi - INFO - Raspberry Pi'dan veri alındı: 6e400003-b5a3-f393-e0a9-e50e24dcca9e (Handle: 8): Nordic UART TX, uzunluk: 2
2025-11-16 14:34:27 - spektroskopi - INFO - Raspberry Pi verisi: Ham=463, Voltaj=463.000V
2025-11-16 14:34:27 - spektroskopi - INFO - Raspberry Pi verisi işlendi: SENSOR_5 = 463.000V
2025-11-16 14:34:27 - spektroskopi - INFO - Raspberry Pi'dan veri alındı: 6e400004-b5a3-f393-e0a9-e50e24dcca9e (Handle: 11): Unknown, uzunluk: 2
2025-11-16 14:34:27 - spektroskopi - INFO - Raspberry Pi verisi: Ham=341, Voltaj=341.000V
2025-11-16 14:34:27 - spektroskopi - INFO - Raspberry Pi verisi işlendi: SENSOR_7 = 341.000V
2025-11-16 14:34:27 - spektroskopi - INFO - Raspberry Pi'dan veri alındı: 6e400002-b5a3-f393-e0a9-e50e24dcca9e (Handle: 19): Nordic UART RX, uzunluk: 2
2025-11-16 14:34:27 - spektroskopi - INFO - Raspberry Pi verisi: Ham=3259, Voltaj=3259.000V
2025-11-16 14:34:27 - spektroskopi - INFO - Raspberry Pi verisi işlendi: SENSOR_2 = 3259.000V
2025-11-16 14:34:27 - spektroskopi - INFO - Raspberry Pi'dan veri alındı: 6e400005-b5a3-f393-e0a9-e50e24dcca9e (Handle: 16): Unknown, uzunluk: 2
2025-11-16 14:34:27 - spektroskopi - INFO - Raspberry Pi verisi: Ham=318, Voltaj=318.000V
2025-11-16 14:34:27 - spektroskopi - INFO - Raspberry Pi verisi işlendi: SENSOR_EXTRA = 318.000V
2025-11-16 14:34:27 - spektroskopi - INFO - Raspberry Pi'dan veri alındı: 6e400003-b5a3-f393-e0a9-e50e24dcca9e (Handle: 8): Nordic UART TX, uzunluk: 2
2025-11-16 14:34:27 - spektroskopi - INFO - Raspberry Pi verisi: Ham=2077, Voltaj=2077.000V
2025-11-16 14:34:27 - spektroskopi - INFO - Raspberry Pi verisi işlendi: SENSOR_5 = 2077.000V
2025-11-16 14:34:27 - spektroskopi - WARNING - Zaman sıralama düzeltildi: 2025-11-16 14:34:27.649414
2025-11-16 14:34:27 - spektroskopi - WARNING - Zaman sıralama düzeltildi: 2025-11-16 14:34:27.650414
2025-11-16 14:34:27 - spektroskopi - WARNING - Zaman sıralama düzeltildi: 2025-11-16 14:34:27.651414
2025-11-16 14:34:27 - spektroskopi - WARNING - Zaman sıralama düzeltildi: 2025-11-16 14:34:27.652414
2025-11-16 14:34:27 - spektroskopi - WARNING - Zaman sıralama düzeltildi: 2025-11-16 14:34:27.653414
2025-11-16 14:34:27 - spektroskopi - WARNING - Zaman sıralama düzeltildi: 2025-11-16 14:34:27.654414
2025-11-16 14:34:27 - spektroskopi - WARNING - Zaman sıralama düzeltildi: 2025-11-16 14:34:27.655414
2025-11-16 14:34:27 - spektroskopi - INFO - Raspberry Pi'dan veri alındı: 6e400004-b5a3-f393-e0a9-e50e24dcca9e (Handle: 11): Unknown, uzunluk: 2
2025-11-16 14:34:27 - spektroskopi - INFO - Raspberry Pi verisi: Ham=1736, Voltaj=1736.000V
2025-11-16 14:34:27 - spektroskopi - INFO - Raspberry Pi verisi işlendi: SENSOR_7 = 1736.000V
2025-11-16 14:34:27 - spektroskopi - INFO - Raspberry Pi'dan veri alındı: 6e400002-b5a3-f393-e0a9-e50e24dcca9e (Handle: 19): Nordic UART RX, uzunluk: 2
2025-11-16 14:34:27 - spektroskopi - INFO - Raspberry Pi verisi: Ham=1998, Voltaj=1998.000V
2025-11-16 14:34:27 - spektroskopi - INFO - Raspberry Pi verisi işlendi: SENSOR_2 = 1998.000V
2025-11-16 14:34:28 - spektroskopi - INFO - Raspberry Pi'dan veri alındı: 6e400005-b5a3-f393-e0a9-e50e24dcca9e (Handle: 16): Unknown, uzunluk: 2
2025-11-16 14:34:28 - spektroskopi - INFO - Raspberry Pi verisi: Ham=1866, Voltaj=1866.000V
2025-11-16 14:34:28 - spektroskopi - INFO - Raspberry Pi verisi işlendi: SENSOR_EXTRA = 1866.000V
2025-11-16 14:34:28 - spektroskopi - INFO - Raspberry Pi'dan veri alındı: 6e400003-b5a3-f393-e0a9-e50e24dcca9e (Handle: 8): Nordic UART TX, uzunluk: 2
2025-11-16 14:34:28 - spektroskopi - INFO - Raspberry Pi verisi: Ham=1799, Voltaj=1799.000V
2025-11-16 14:34:28 - spektroskopi - INFO - Raspberry Pi verisi işlendi: SENSOR_5 = 1799.000V
2025-11-16 14:34:28 - spektroskopi - INFO - Raspberry Pi'dan veri alındı: 6e400004-b5a3-f393-e0a9-e50e24dcca9e (Handle: 11): Unknown, uzunluk: 2
2025-11-16 14:34:28 - spektroskopi - INFO - Raspberry Pi verisi: Ham=1580, Voltaj=1580.000V
2025-11-16 14:34:28 - spektroskopi - INFO - Raspberry Pi verisi işlendi: SENSOR_7 = 1580.000V
2025-11-16 14:34:28 - spektroskopi - INFO - Raspberry Pi'dan veri alındı: 6e400002-b5a3-f393-e0a9-e50e24dcca9e (Handle: 19): Nordic UART RX, uzunluk: 2
2025-11-16 14:34:28 - spektroskopi - INFO - Raspberry Pi verisi: Ham=2000, Voltaj=2000.000V
2025-11-16 14:34:28 - spektroskopi - INFO - Raspberry Pi verisi işlendi: SENSOR_2 = 2000.000V
2025-11-16 14:34:28 - spektroskopi - INFO - Raspberry Pi'dan veri alındı: 6e400005-b5a3-f393-e0a9-e50e24dcca9e (Handle: 16): Unknown, uzunluk: 2
2025-11-16 14:34:28 - spektroskopi - INFO - Raspberry Pi verisi: Ham=1865, Voltaj=1865.000V
2025-11-16 14:34:28 - spektroskopi - INFO - Raspberry Pi verisi işlendi: SENSOR_EXTRA = 1865.000V
2025-11-16 14:34:28 - spektroskopi - WARNING - Zaman sıralama düzeltildi: 2025-11-16 14:34:28.672121
2025-11-16 14:34:28 - spektroskopi - WARNING - Zaman sıralama düzeltildi: 2025-11-16 14:34:28.673121
2025-11-16 14:34:28 - spektroskopi - WARNING - Zaman sıralama düzeltildi: 2025-11-16 14:34:28.674121
2025-11-16 14:34:28 - spektroskopi - WARNING - Zaman sıralama düzeltildi: 2025-11-16 14:34:28.675121
2025-11-16 14:34:28 - spektroskopi - WARNING - Zaman sıralama düzeltildi: 2025-11-16 14:34:28.676121
2025-11-16 14:34:28 - spektroskopi - WARNING - Zaman sıralama düzeltildi: 2025-11-16 14:34:28.677121
2025-11-16 14:34:28 - spektroskopi - WARNING - Zaman sıralama düzeltildi: 2025-11-16 14:34:28.678121
2025-11-16 14:34:28 - spektroskopi - INFO - Raspberry Pi'dan veri alındı: 6e400003-b5a3-f393-e0a9-e50e24dcca9e (Handle: 8): Nordic UART TX, uzunluk: 2
2025-11-16 14:34:28 - spektroskopi - INFO - Raspberry Pi verisi: Ham=1800, Voltaj=1800.000V
2025-11-16 14:34:28 - spektroskopi - INFO - Raspberry Pi verisi işlendi: SENSOR_5 = 1800.000V
2025-11-16 14:34:28 - spektroskopi - INFO - Raspberry Pi'dan veri alındı: 6e400004-b5a3-f393-e0a9-e50e24dcca9e (Handle: 11): Unknown, uzunluk: 2
2025-11-16 14:34:28 - spektroskopi - INFO - Raspberry Pi verisi: Ham=1577, Voltaj=1577.000V
2025-11-16 14:34:28 - spektroskopi - INFO - Raspberry Pi verisi işlendi: SENSOR_7 = 1577.000V
2025-11-16 14:34:29 - spektroskopi - INFO - Raspberry Pi'dan veri alındı: 6e400002-b5a3-f393-e0a9-e50e24dcca9e (Handle: 19): Nordic UART RX, uzunluk: 2
2025-11-16 14:34:29 - spektroskopi - INFO - Raspberry Pi verisi: Ham=2002, Voltaj=2002.000V
2025-11-16 14:34:29 - spektroskopi - INFO - Raspberry Pi verisi işlendi: SENSOR_2 = 2002.000V
2025-11-16 14:34:29 - spektroskopi - INFO - Raspberry Pi'dan veri alındı: 6e400005-b5a3-f393-e0a9-e50e24dcca9e (Handle: 16): Unknown, uzunluk: 2
2025-11-16 14:34:29 - spektroskopi - INFO - Raspberry Pi verisi: Ham=1863, Voltaj=1863.000V
2025-11-16 14:34:29 - spektroskopi - INFO - Raspberry Pi verisi işlendi: SENSOR_EXTRA = 1863.000V
2025-11-16 14:34:29 - spektroskopi - INFO - Raspberry Pi'dan veri alındı: 6e400003-b5a3-f393-e0a9-e50e24dcca9e (Handle: 8): Nordic UART TX, uzunluk: 2
2025-11-16 14:34:29 - spektroskopi - INFO - Raspberry Pi verisi: Ham=1798, Voltaj=1798.000V
2025-11-16 14:34:29 - spektroskopi - INFO - Raspberry Pi verisi işlendi: SENSOR_5 = 1798.000V
2025-11-16 14:34:29 - spektroskopi - INFO - Raspberry Pi'dan veri alındı: 6e400004-b5a3-f393-e0a9-e50e24dcca9e (Handle: 11): Unknown, uzunluk: 2
2025-11-16 14:34:29 - spektroskopi - INFO - Raspberry Pi verisi: Ham=1581, Voltaj=1581.000V
2025-11-16 14:34:29 - spektroskopi - INFO - Raspberry Pi verisi işlendi: SENSOR_7 = 1581.000V
2025-11-16 14:34:29 - spektroskopi - INFO - Raspberry Pi'dan veri alındı: 6e400002-b5a3-f393-e0a9-e50e24dcca9e (Handle: 19): Nordic UART RX, uzunluk: 2
2025-11-16 14:34:29 - spektroskopi - INFO - Raspberry Pi verisi: Ham=2001, Voltaj=2001.000V
2025-11-16 14:34:29 - spektroskopi - INFO - Raspberry Pi verisi işlendi: SENSOR_2 = 2001.000V
2025-11-16 14:34:29 - spektroskopi - WARNING - Zaman sıralama düzeltildi: 2025-11-16 14:34:29.692279
2025-11-16 14:34:29 - spektroskopi - WARNING - Zaman sıralama düzeltildi: 2025-11-16 14:34:29.693279
2025-11-16 14:34:29 - spektroskopi - WARNING - Zaman sıralama düzeltildi: 2025-11-16 14:34:29.694279
2025-11-16 14:34:29 - spektroskopi - WARNING - Zaman sıralama düzeltildi: 2025-11-16 14:34:29.695279
2025-11-16 14:34:29 - spektroskopi - WARNING - Zaman sıralama düzeltildi: 2025-11-16 14:34:29.696279
2025-11-16 14:34:29 - spektroskopi - WARNING - Zaman sıralama düzeltildi: 2025-11-16 14:34:29.697279
2025-11-16 14:34:29 - spektroskopi - WARNING - Zaman sıralama düzeltildi: 2025-11-16 14:34:29.698279
2025-11-16 14:34:29 - spektroskopi - INFO - Raspberry Pi'dan veri alındı: 6e400005-b5a3-f393-e0a9-e50e24dcca9e (Handle: 16): Unknown, uzunluk: 2
2025-11-16 14:34:29 - spektroskopi - INFO - Raspberry Pi verisi: Ham=1865, Voltaj=1865.000V
2025-11-16 14:34:29 - spektroskopi - INFO - Raspberry Pi verisi işlendi: SENSOR_EXTRA = 1865.000V
2025-11-16 14:34:29 - spektroskopi - INFO - Raspberry Pi'dan veri alındı: 6e400003-b5a3-f393-e0a9-e50e24dcca9e (Handle: 8): Nordic UART TX, uzunluk: 2
2025-11-16 14:34:29 - spektroskopi - INFO - Raspberry Pi verisi: Ham=1801, Voltaj=1801.000V
2025-11-16 14:34:29 - spektroskopi - INFO - Raspberry Pi verisi işlendi: SENSOR_5 = 1801.000V
2025-11-16 14:34:30 - spektroskopi - INFO - Raspberry Pi'dan veri alındı: 6e400004-b5a3-f393-e0a9-e50e24dcca9e (Handle: 11): Unknown, uzunluk: 2
2025-11-16 14:34:30 - spektroskopi - INFO - Raspberry Pi verisi: Ham=1583, Voltaj=1583.000V
2025-11-16 14:34:30 - spektroskopi - INFO - Raspberry Pi verisi işlendi: SENSOR_7 = 1583.000V
2025-11-16 14:34:30 - spektroskopi - INFO - Raspberry Pi'dan veri alındı: 6e400002-b5a3-f393-e0a9-e50e24dcca9e (Handle: 19): Nordic UART RX, uzunluk: 2
2025-11-16 14:34:30 - spektroskopi - INFO - Raspberry Pi verisi: Ham=1999, Voltaj=1999.000V
2025-11-16 14:34:30 - spektroskopi - INFO - Raspberry Pi verisi işlendi: SENSOR_2 = 1999.000V
2025-11-16 14:34:30 - spektroskopi - INFO - Raspberry Pi'dan veri alındı: 6e400005-b5a3-f393-e0a9-e50e24dcca9e (Handle: 16): Unknown, uzunluk: 2
2025-11-16 14:34:30 - spektroskopi - INFO - Raspberry Pi verisi: Ham=1862, Voltaj=1862.000V
2025-11-16 14:34:30 - spektroskopi - INFO - Raspberry Pi verisi işlendi: SENSOR_EXTRA = 1862.000V
2025-11-16 14:34:30 - spektroskopi - INFO - Raspberry Pi'dan veri alındı: 6e400003-b5a3-f393-e0a9-e50e24dcca9e (Handle: 8): Nordic UART TX, uzunluk: 2
2025-11-16 14:34:30 - spektroskopi - INFO - Raspberry Pi verisi: Ham=1803, Voltaj=1803.000V
2025-11-16 14:34:30 - spektroskopi - INFO - Raspberry Pi verisi işlendi: SENSOR_5 = 1803.000V
2025-11-16 14:34:30 - spektroskopi - INFO - Raspberry Pi'dan veri alındı: 6e400004-b5a3-f393-e0a9-e50e24dcca9e (Handle: 11): Unknown, uzunluk: 2
2025-11-16 14:34:30 - spektroskopi - INFO - Raspberry Pi verisi: Ham=1582, Voltaj=1582.000V
2025-11-16 14:34:30 - spektroskopi - INFO - Raspberry Pi verisi işlendi: SENSOR_7 = 1582.000V
2025-11-16 14:34:30 - spektroskopi - WARNING - Zaman sıralama düzeltildi: 2025-11-16 14:34:30.619403
2025-11-16 14:34:30 - spektroskopi - WARNING - Zaman sıralama düzeltildi: 2025-11-16 14:34:30.620403
2025-11-16 14:34:30 - spektroskopi - WARNING - Zaman sıralama düzeltildi: 2025-11-16 14:34:30.621403
2025-11-16 14:34:30 - spektroskopi - WARNING - Zaman sıralama düzeltildi: 2025-11-16 14:34:30.622403
2025-11-16 14:34:30 - spektroskopi - WARNING - Zaman sıralama düzeltildi: 2025-11-16 14:34:30.623403
2025-11-16 14:34:30 - spektroskopi - WARNING - Zaman sıralama düzeltildi: 2025-11-16 14:34:30.624403
2025-11-16 14:34:30 - spektroskopi - WARNING - Zaman sıralama düzeltildi: 2025-11-16 14:34:30.625403
2025-11-16 14:34:30 - spektroskopi - INFO - Raspberry Pi'dan veri alındı: 6e400002-b5a3-f393-e0a9-e50e24dcca9e (Handle: 19): Nordic UART RX, uzunluk: 2
2025-11-16 14:34:30 - spektroskopi - INFO - Raspberry Pi verisi: Ham=2004, Voltaj=2004.000V
2025-11-16 14:34:30 - spektroskopi - INFO - Raspberry Pi verisi işlendi: SENSOR_2 = 2004.000V
2025-11-16 14:34:30 - spektroskopi - INFO - Raspberry Pi'dan veri alındı: 6e400005-b5a3-f393-e0a9-e50e24dcca9e (Handle: 16): Unknown, uzunluk: 2
2025-11-16 14:34:30 - spektroskopi - INFO - Raspberry Pi verisi: Ham=1870, Voltaj=1870.000V
2025-11-16 14:34:30 - spektroskopi - INFO - Raspberry Pi verisi işlendi: SENSOR_EXTRA = 1870.000V
2025-11-16 14:34:31 - spektroskopi - INFO - Raspberry Pi'dan veri alındı: 6e400003-b5a3-f393-e0a9-e50e24dcca9e (Handle: 8): Nordic UART TX, uzunluk: 2
2025-11-16 14:34:31 - spektroskopi - INFO - Raspberry Pi verisi: Ham=1795, Voltaj=1795.000V
2025-11-16 14:34:31 - spektroskopi - INFO - Raspberry Pi verisi işlendi: SENSOR_5 = 1795.000V
2025-11-16 14:34:31 - spektroskopi - INFO - Raspberry Pi'dan veri alındı: 6e400004-b5a3-f393-e0a9-e50e24dcca9e (Handle: 11): Unknown, uzunluk: 2
2025-11-16 14:34:31 - spektroskopi - INFO - Raspberry Pi verisi: Ham=1572, Voltaj=1572.000V
2025-11-16 14:34:31 - spektroskopi - INFO - Raspberry Pi verisi işlendi: SENSOR_7 = 1572.000V
2025-11-16 14:34:31 - spektroskopi - INFO - Raspberry Pi'dan veri alındı: 6e400002-b5a3-f393-e0a9-e50e24dcca9e (Handle: 19): Nordic UART RX, uzunluk: 2
2025-11-16 14:34:31 - spektroskopi - INFO - Raspberry Pi verisi: Ham=2014, Voltaj=2014.000V
2025-11-16 14:34:31 - spektroskopi - INFO - Raspberry Pi verisi işlendi: SENSOR_2 = 2014.000V
2025-11-16 14:34:31 - spektroskopi - INFO - Raspberry Pi'dan veri alındı: 6e400005-b5a3-f393-e0a9-e50e24dcca9e (Handle: 16): Unknown, uzunluk: 2
2025-11-16 14:34:31 - spektroskopi - INFO - Raspberry Pi verisi: Ham=1877, Voltaj=1877.000V
2025-11-16 14:34:31 - spektroskopi - INFO - Raspberry Pi verisi işlendi: SENSOR_EXTRA = 1877.000V
2025-11-16 14:34:31 - spektroskopi - INFO - Raspberry Pi'dan veri alındı: 6e400003-b5a3-f393-e0a9-e50e24dcca9e (Handle: 8): Nordic UART TX, uzunluk: 2
2025-11-16 14:34:31 - spektroskopi - INFO - Raspberry Pi verisi: Ham=1791, Voltaj=1791.000V
2025-11-16 14:34:31 - spektroskopi - INFO - Raspberry Pi verisi işlendi: SENSOR_5 = 1791.000V
2025-11-16 14:34:31 - spektroskopi - WARNING - Zaman sıralama düzeltildi: 2025-11-16 14:34:31.641021
2025-11-16 14:34:31 - spektroskopi - WARNING - Zaman sıralama düzeltildi: 2025-11-16 14:34:31.642021
2025-11-16 14:34:31 - spektroskopi - WARNING - Zaman sıralama düzeltildi: 2025-11-16 14:34:31.643021
2025-11-16 14:34:31 - spektroskopi - WARNING - Zaman sıralama düzeltildi: 2025-11-16 14:34:31.644021
2025-11-16 14:34:31 - spektroskopi - WARNING - Zaman sıralama düzeltildi: 2025-11-16 14:34:31.645021
2025-11-16 14:34:31 - spektroskopi - WARNING - Zaman sıralama düzeltildi: 2025-11-16 14:34:31.646021
2025-11-16 14:34:31 - spektroskopi - WARNING - Zaman sıralama düzeltildi: 2025-11-16 14:34:31.647021
2025-11-16 14:34:31 - spektroskopi - INFO - Raspberry Pi'dan veri alındı: 6e400004-b5a3-f393-e0a9-e50e24dcca9e (Handle: 11): Unknown, uzunluk: 2
2025-11-16 14:34:31 - spektroskopi - INFO - Raspberry Pi verisi: Ham=1570, Voltaj=1570.000V
2025-11-16 14:34:31 - spektroskopi - INFO - Raspberry Pi verisi işlendi: SENSOR_7 = 1570.000V
2025-11-16 14:34:31 - spektroskopi - INFO - Raspberry Pi'dan veri alındı: 6e400002-b5a3-f393-e0a9-e50e24dcca9e (Handle: 19): Nordic UART RX, uzunluk: 2
2025-11-16 14:34:31 - spektroskopi - INFO - Raspberry Pi verisi: Ham=2011, Voltaj=2011.000V
2025-11-16 14:34:31 - spektroskopi - INFO - Raspberry Pi verisi işlendi: SENSOR_2 = 2011.000V
2025-11-16 14:34:32 - spektroskopi - INFO - Raspberry Pi'dan veri alındı: 6e400005-b5a3-f393-e0a9-e50e24dcca9e (Handle: 16): Unknown, uzunluk: 2
2025-11-16 14:34:32 - spektroskopi - INFO - Raspberry Pi verisi: Ham=1874, Voltaj=1874.000V
2025-11-16 14:34:32 - spektroskopi - INFO - Raspberry Pi verisi işlendi: SENSOR_EXTRA = 1874.000V
2025-11-16 14:34:32 - spektroskopi - INFO - Raspberry Pi'dan veri alındı: 6e400003-b5a3-f393-e0a9-e50e24dcca9e (Handle: 8): Nordic UART TX, uzunluk: 2
2025-11-16 14:34:32 - spektroskopi - INFO - Raspberry Pi verisi: Ham=1791, Voltaj=1791.000V
2025-11-16 14:34:32 - spektroskopi - INFO - Raspberry Pi verisi işlendi: SENSOR_5 = 1791.000V
2025-11-16 14:34:32 - spektroskopi - INFO - Raspberry Pi'dan veri alındı: 6e400004-b5a3-f393-e0a9-e50e24dcca9e (Handle: 11): Unknown, uzunluk: 2
2025-11-16 14:34:32 - spektroskopi - INFO - Raspberry Pi verisi: Ham=1569, Voltaj=1569.000V
2025-11-16 14:34:32 - spektroskopi - INFO - Raspberry Pi verisi işlendi: SENSOR_7 = 1569.000V
2025-11-16 14:34:32 - spektroskopi - INFO - Raspberry Pi'dan veri alındı: 6e400002-b5a3-f393-e0a9-e50e24dcca9e (Handle: 19): Nordic UART RX, uzunluk: 2
2025-11-16 14:34:32 - spektroskopi - INFO - Raspberry Pi verisi: Ham=2013, Voltaj=2013.000V
2025-11-16 14:34:32 - spektroskopi - INFO - Raspberry Pi verisi işlendi: SENSOR_2 = 2013.000V
2025-11-16 14:34:32 - spektroskopi - INFO - Raspberry Pi'dan veri alındı: 6e400005-b5a3-f393-e0a9-e50e24dcca9e (Handle: 16): Unknown, uzunluk: 2
2025-11-16 14:34:32 - spektroskopi - INFO - Raspberry Pi verisi: Ham=1795, Voltaj=1795.000V
2025-11-16 14:34:32 - spektroskopi - INFO - Raspberry Pi verisi işlendi: SENSOR_EXTRA = 1795.000V
2025-11-16 14:34:32 - spektroskopi - WARNING - Zaman sıralama düzeltildi: 2025-11-16 14:34:32.662449
2025-11-16 14:34:32 - spektroskopi - WARNING - Zaman sıralama düzeltildi: 2025-11-16 14:34:32.663449
2025-11-16 14:34:32 - spektroskopi - WARNING - Zaman sıralama düzeltildi: 2025-11-16 14:34:32.664449
2025-11-16 14:34:32 - spektroskopi - WARNING - Zaman sıralama düzeltildi: 2025-11-16 14:34:32.665449
2025-11-16 14:34:32 - spektroskopi - WARNING - Zaman sıralama düzeltildi: 2025-11-16 14:34:32.666449
2025-11-16 14:34:32 - spektroskopi - WARNING - Zaman sıralama düzeltildi: 2025-11-16 14:34:32.667449
2025-11-16 14:34:32 - spektroskopi - WARNING - Zaman sıralama düzeltildi: 2025-11-16 14:34:32.668449
2025-11-16 14:34:32 - spektroskopi - INFO - Raspberry Pi'dan veri alındı: 6e400003-b5a3-f393-e0a9-e50e24dcca9e (Handle: 8): Nordic UART TX, uzunluk: 2
2025-11-16 14:34:32 - spektroskopi - INFO - Raspberry Pi verisi: Ham=2009, Voltaj=2009.000V
2025-11-16 14:34:32 - spektroskopi - INFO - Raspberry Pi verisi işlendi: SENSOR_5 = 2009.000V
2025-11-16 14:34:32 - spektroskopi - INFO - Raspberry Pi'dan veri alındı: 6e400004-b5a3-f393-e0a9-e50e24dcca9e (Handle: 11): Unknown, uzunluk: 2
2025-11-16 14:34:32 - spektroskopi - INFO - Raspberry Pi verisi: Ham=1829, Voltaj=1829.000V
2025-11-16 14:34:32 - spektroskopi - INFO - Raspberry Pi verisi işlendi: SENSOR_7 = 1829.000V
2025-11-16 14:34:33 - spektroskopi - INFO - Raspberry Pi'dan veri alındı: 6e400002-b5a3-f393-e0a9-e50e24dcca9e (Handle: 19): Nordic UART RX, uzunluk: 2
2025-11-16 14:34:33 - spektroskopi - INFO - Raspberry Pi verisi: Ham=1767, Voltaj=1767.000V
2025-11-16 14:34:33 - spektroskopi - INFO - Raspberry Pi verisi işlendi: SENSOR_2 = 1767.000V
2025-11-16 14:34:33 - spektroskopi - INFO - Raspberry Pi'dan veri alındı: 6e400005-b5a3-f393-e0a9-e50e24dcca9e (Handle: 16): Unknown, uzunluk: 2
2025-11-16 14:34:33 - spektroskopi - INFO - Raspberry Pi verisi: Ham=276, Voltaj=276.000V
2025-11-16 14:34:33 - spektroskopi - INFO - Raspberry Pi verisi işlendi: SENSOR_EXTRA = 276.000V
2025-11-16 14:34:33 - spektroskopi - INFO - Raspberry Pi'dan veri alındı: 6e400003-b5a3-f393-e0a9-e50e24dcca9e (Handle: 8): Nordic UART TX, uzunluk: 2
2025-11-16 14:34:33 - spektroskopi - INFO - Raspberry Pi verisi: Ham=476, Voltaj=476.000V
2025-11-16 14:34:33 - spektroskopi - INFO - Raspberry Pi verisi işlendi: SENSOR_5 = 476.000V
2025-11-16 14:34:33 - spektroskopi - INFO - Raspberry Pi'dan veri alındı: 6e400004-b5a3-f393-e0a9-e50e24dcca9e (Handle: 11): Unknown, uzunluk: 2
2025-11-16 14:34:33 - spektroskopi - INFO - Raspberry Pi verisi: Ham=319, Voltaj=319.000V
2025-11-16 14:34:33 - spektroskopi - INFO - Raspberry Pi verisi işlendi: SENSOR_7 = 319.000V
2025-11-16 14:34:33 - spektroskopi - INFO - Raspberry Pi'dan veri alındı: 6e400002-b5a3-f393-e0a9-e50e24dcca9e (Handle: 19): Nordic UART RX, uzunluk: 2
2025-11-16 14:34:33 - spektroskopi - INFO - Raspberry Pi verisi: Ham=3257, Voltaj=3257.000V
2025-11-16 14:34:33 - spektroskopi - INFO - Raspberry Pi verisi işlendi: SENSOR_2 = 3257.000V
2025-11-16 14:34:33 - spektroskopi - WARNING - Zaman sıralama düzeltildi: 2025-11-16 14:34:33.710562
2025-11-16 14:34:33 - spektroskopi - WARNING - Zaman sıralama düzeltildi: 2025-11-16 14:34:33.711562
2025-11-16 14:34:33 - spektroskopi - WARNING - Zaman sıralama düzeltildi: 2025-11-16 14:34:33.712562
2025-11-16 14:34:33 - spektroskopi - WARNING - Zaman sıralama düzeltildi: 2025-11-16 14:34:33.713562
2025-11-16 14:34:33 - spektroskopi - WARNING - Zaman sıralama düzeltildi: 2025-11-16 14:34:33.714562
2025-11-16 14:34:33 - spektroskopi - WARNING - Zaman sıralama düzeltildi: 2025-11-16 14:34:33.715562
2025-11-16 14:34:33 - spektroskopi - WARNING - Zaman sıralama düzeltildi: 2025-11-16 14:34:33.716562
2025-11-16 14:34:33 - spektroskopi - INFO - Raspberry Pi'dan veri alındı: 6e400005-b5a3-f393-e0a9-e50e24dcca9e (Handle: 16): Unknown, uzunluk: 2
2025-11-16 14:34:33 - spektroskopi - INFO - Raspberry Pi verisi: Ham=283, Voltaj=283.000V
2025-11-16 14:34:33 - spektroskopi - INFO - Raspberry Pi verisi işlendi: SENSOR_EXTRA = 283.000V
2025-11-16 14:34:33 - spektroskopi - INFO - Raspberry Pi'dan veri alındı: 6e400003-b5a3-f393-e0a9-e50e24dcca9e (Handle: 8): Nordic UART TX, uzunluk: 2
2025-11-16 14:34:33 - spektroskopi - INFO - Raspberry Pi verisi: Ham=451, Voltaj=451.000V
2025-11-16 14:34:33 - spektroskopi - INFO - Raspberry Pi verisi işlendi: SENSOR_5 = 451.000V
2025-11-16 14:34:34 - spektroskopi - INFO - Raspberry Pi'dan veri alındı: 6e400004-b5a3-f393-e0a9-e50e24dcca9e (Handle: 11): Unknown, uzunluk: 2
2025-11-16 14:34:34 - spektroskopi - INFO - Raspberry Pi verisi: Ham=315, Voltaj=315.000V
2025-11-16 14:34:34 - spektroskopi - INFO - Raspberry Pi verisi işlendi: SENSOR_7 = 315.000V
2025-11-16 14:34:34 - spektroskopi - INFO - Raspberry Pi'dan veri alındı: 6e400002-b5a3-f393-e0a9-e50e24dcca9e (Handle: 19): Nordic UART RX, uzunluk: 2
2025-11-16 14:34:34 - spektroskopi - INFO - Raspberry Pi verisi: Ham=3257, Voltaj=3257.000V
2025-11-16 14:34:34 - spektroskopi - INFO - Raspberry Pi verisi işlendi: SENSOR_2 = 3257.000V
2025-11-16 14:34:34 - spektroskopi - INFO - Raspberry Pi'dan veri alındı: 6e400005-b5a3-f393-e0a9-e50e24dcca9e (Handle: 16): Unknown, uzunluk: 2
2025-11-16 14:34:34 - spektroskopi - INFO - Raspberry Pi verisi: Ham=284, Voltaj=284.000V
2025-11-16 14:34:34 - spektroskopi - INFO - Raspberry Pi verisi işlendi: SENSOR_EXTRA = 284.000V
2025-11-16 14:34:34 - spektroskopi - INFO - Raspberry Pi'dan veri alındı: 6e400003-b5a3-f393-e0a9-e50e24dcca9e (Handle: 8): Nordic UART TX, uzunluk: 2
2025-11-16 14:34:34 - spektroskopi - INFO - Raspberry Pi verisi: Ham=453, Voltaj=453.000V
2025-11-16 14:34:34 - spektroskopi - INFO - Raspberry Pi verisi işlendi: SENSOR_5 = 453.000V
2025-11-16 14:34:34 - spektroskopi - INFO - Raspberry Pi'dan veri alındı: 6e400004-b5a3-f393-e0a9-e50e24dcca9e (Handle: 11): Unknown, uzunluk: 2
2025-11-16 14:34:34 - spektroskopi - INFO - Raspberry Pi verisi: Ham=318, Voltaj=318.000V
2025-11-16 14:34:34 - spektroskopi - INFO - Raspberry Pi verisi işlendi: SENSOR_7 = 318.000V
2025-11-16 14:34:34 - spektroskopi - WARNING - Zaman sıralama düzeltildi: 2025-11-16 14:34:34.641583
2025-11-16 14:34:34 - spektroskopi - WARNING - Zaman sıralama düzeltildi: 2025-11-16 14:34:34.642583
2025-11-16 14:34:34 - spektroskopi - WARNING - Zaman sıralama düzeltildi: 2025-11-16 14:34:34.643583
2025-11-16 14:34:34 - spektroskopi - WARNING - Zaman sıralama düzeltildi: 2025-11-16 14:34:34.644583
2025-11-16 14:34:34 - spektroskopi - WARNING - Zaman sıralama düzeltildi: 2025-11-16 14:34:34.645583
2025-11-16 14:34:34 - spektroskopi - WARNING - Zaman sıralama düzeltildi: 2025-11-16 14:34:34.646583
2025-11-16 14:34:34 - spektroskopi - WARNING - Zaman sıralama düzeltildi: 2025-11-16 14:34:34.647583
2025-11-16 14:34:34 - spektroskopi - INFO - Raspberry Pi'dan veri alındı: 6e400002-b5a3-f393-e0a9-e50e24dcca9e (Handle: 19): Nordic UART RX, uzunluk: 2
2025-11-16 14:34:34 - spektroskopi - INFO - Raspberry Pi verisi: Ham=3257, Voltaj=3257.000V
2025-11-16 14:34:34 - spektroskopi - INFO - Raspberry Pi verisi işlendi: SENSOR_2 = 3257.000V
2025-11-16 14:34:34 - spektroskopi - INFO - Raspberry Pi'dan veri alındı: 6e400005-b5a3-f393-e0a9-e50e24dcca9e (Handle: 16): Unknown, uzunluk: 2
2025-11-16 14:34:34 - spektroskopi - INFO - Raspberry Pi verisi: Ham=286, Voltaj=286.000V
2025-11-16 14:34:34 - spektroskopi - INFO - Raspberry Pi verisi işlendi: SENSOR_EXTRA = 286.000V
2025-11-16 14:34:35 - spektroskopi - INFO - Raspberry Pi'dan veri alındı: 6e400003-b5a3-f393-e0a9-e50e24dcca9e (Handle: 8): Nordic UART TX, uzunluk: 2
2025-11-16 14:34:35 - spektroskopi - INFO - Raspberry Pi verisi: Ham=451, Voltaj=451.000V
2025-11-16 14:34:35 - spektroskopi - INFO - Raspberry Pi verisi işlendi: SENSOR_5 = 451.000V
2025-11-16 14:34:35 - spektroskopi - INFO - Raspberry Pi'dan veri alındı: 6e400004-b5a3-f393-e0a9-e50e24dcca9e (Handle: 11): Unknown, uzunluk: 2
2025-11-16 14:34:35 - spektroskopi - INFO - Raspberry Pi verisi: Ham=318, Voltaj=318.000V
2025-11-16 14:34:35 - spektroskopi - INFO - Raspberry Pi verisi işlendi: SENSOR_7 = 318.000V
2025-11-16 14:34:35 - spektroskopi - INFO - Raspberry Pi'dan veri alındı: 6e400002-b5a3-f393-e0a9-e50e24dcca9e (Handle: 19): Nordic UART RX, uzunluk: 2
2025-11-16 14:34:35 - spektroskopi - INFO - Raspberry Pi verisi: Ham=3257, Voltaj=3257.000V
2025-11-16 14:34:35 - spektroskopi - INFO - Raspberry Pi verisi işlendi: SENSOR_2 = 3257.000V
2025-11-16 14:34:35 - spektroskopi - INFO - Raspberry Pi'dan veri alındı: 6e400005-b5a3-f393-e0a9-e50e24dcca9e (Handle: 16): Unknown, uzunluk: 2
2025-11-16 14:34:35 - spektroskopi - INFO - Raspberry Pi verisi: Ham=288, Voltaj=288.000V
2025-11-16 14:34:35 - spektroskopi - INFO - Raspberry Pi verisi işlendi: SENSOR_EXTRA = 288.000V
2025-11-16 14:34:35 - spektroskopi - INFO - Raspberry Pi'dan veri alındı: 6e400003-b5a3-f393-e0a9-e50e24dcca9e (Handle: 8): Nordic UART TX, uzunluk: 2
2025-11-16 14:34:35 - spektroskopi - INFO - Raspberry Pi verisi: Ham=452, Voltaj=452.000V
2025-11-16 14:34:35 - spektroskopi - INFO - Raspberry Pi verisi işlendi: SENSOR_5 = 452.000V
2025-11-16 14:34:35 - spektroskopi - WARNING - Zaman sıralama düzeltildi: 2025-11-16 14:34:35.660636
2025-11-16 14:34:35 - spektroskopi - WARNING - Zaman sıralama düzeltildi: 2025-11-16 14:34:35.661636
2025-11-16 14:34:35 - spektroskopi - WARNING - Zaman sıralama düzeltildi: 2025-11-16 14:34:35.662636
2025-11-16 14:34:35 - spektroskopi - WARNING - Zaman sıralama düzeltildi: 2025-11-16 14:34:35.663636
2025-11-16 14:34:35 - spektroskopi - WARNING - Zaman sıralama düzeltildi: 2025-11-16 14:34:35.664636
2025-11-16 14:34:35 - spektroskopi - WARNING - Zaman sıralama düzeltildi: 2025-11-16 14:34:35.665636
2025-11-16 14:34:35 - spektroskopi - WARNING - Zaman sıralama düzeltildi: 2025-11-16 14:34:35.666636
2025-11-16 14:34:35 - spektroskopi - INFO - Raspberry Pi'dan veri alındı: 6e400004-b5a3-f393-e0a9-e50e24dcca9e (Handle: 11): Unknown, uzunluk: 2
2025-11-16 14:34:35 - spektroskopi - INFO - Raspberry Pi verisi: Ham=318, Voltaj=318.000V
2025-11-16 14:34:35 - spektroskopi - INFO - Raspberry Pi verisi işlendi: SENSOR_7 = 318.000V
2025-11-16 14:34:35 - spektroskopi - INFO - Raspberry Pi'dan veri alındı: 6e400002-b5a3-f393-e0a9-e50e24dcca9e (Handle: 19): Nordic UART RX, uzunluk: 2
2025-11-16 14:34:35 - spektroskopi - INFO - Raspberry Pi verisi: Ham=3257, Voltaj=3257.000V
2025-11-16 14:34:35 - spektroskopi - INFO - Raspberry Pi verisi işlendi: SENSOR_2 = 3257.000V
2025-11-16 14:34:36 - spektroskopi - INFO - Raspberry Pi'dan veri alındı: 6e400005-b5a3-f393-e0a9-e50e24dcca9e (Handle: 16): Unknown, uzunluk: 2
2025-11-16 14:34:36 - spektroskopi - INFO - Raspberry Pi verisi: Ham=290, Voltaj=290.000V
2025-11-16 14:34:36 - spektroskopi - INFO - Raspberry Pi verisi işlendi: SENSOR_EXTRA = 290.000V
2025-11-16 14:34:36 - spektroskopi - INFO - Raspberry Pi'dan veri alındı: 6e400003-b5a3-f393-e0a9-e50e24dcca9e (Handle: 8): Nordic UART TX, uzunluk: 2
2025-11-16 14:34:36 - spektroskopi - INFO - Raspberry Pi verisi: Ham=448, Voltaj=448.000V
2025-11-16 14:34:36 - spektroskopi - INFO - Raspberry Pi verisi işlendi: SENSOR_5 = 448.000V
2025-11-16 14:34:36 - spektroskopi - INFO - Raspberry Pi'dan veri alındı: 6e400004-b5a3-f393-e0a9-e50e24dcca9e (Handle: 11): Unknown, uzunluk: 2
2025-11-16 14:34:36 - spektroskopi - INFO - Raspberry Pi verisi: Ham=315, Voltaj=315.000V
2025-11-16 14:34:36 - spektroskopi - INFO - Raspberry Pi verisi işlendi: SENSOR_7 = 315.000V
2025-11-16 14:34:36 - spektroskopi - INFO - Raspberry Pi'dan veri alındı: 6e400002-b5a3-f393-e0a9-e50e24dcca9e (Handle: 19): Nordic UART RX, uzunluk: 2
2025-11-16 14:34:36 - spektroskopi - INFO - Raspberry Pi verisi: Ham=3257, Voltaj=3257.000V
2025-11-16 14:34:36 - spektroskopi - INFO - Raspberry Pi verisi işlendi: SENSOR_2 = 3257.000V
2025-11-16 14:34:36 - spektroskopi - INFO - Raspberry Pi'dan veri alındı: 6e400005-b5a3-f393-e0a9-e50e24dcca9e (Handle: 16): Unknown, uzunluk: 2
2025-11-16 14:34:36 - spektroskopi - INFO - Raspberry Pi verisi: Ham=292, Voltaj=292.000V
2025-11-16 14:34:36 - spektroskopi - INFO - Raspberry Pi verisi işlendi: SENSOR_EXTRA = 292.000V
2025-11-16 14:34:36 - spektroskopi - WARNING - Zaman sıralama düzeltildi: 2025-11-16 14:34:36.680882
2025-11-16 14:34:36 - spektroskopi - WARNING - Zaman sıralama düzeltildi: 2025-11-16 14:34:36.681882
2025-11-16 14:34:36 - spektroskopi - WARNING - Zaman sıralama düzeltildi: 2025-11-16 14:34:36.682882
2025-11-16 14:34:36 - spektroskopi - WARNING - Zaman sıralama düzeltildi: 2025-11-16 14:34:36.683882
2025-11-16 14:34:36 - spektroskopi - WARNING - Zaman sıralama düzeltildi: 2025-11-16 14:34:36.684882
2025-11-16 14:34:36 - spektroskopi - WARNING - Zaman sıralama düzeltildi: 2025-11-16 14:34:36.685882
2025-11-16 14:34:36 - spektroskopi - WARNING - Zaman sıralama düzeltildi: 2025-11-16 14:34:36.686882
2025-11-16 14:34:36 - spektroskopi - INFO - Raspberry Pi'dan veri alındı: 6e400003-b5a3-f393-e0a9-e50e24dcca9e (Handle: 8): Nordic UART TX, uzunluk: 2
2025-11-16 14:34:36 - spektroskopi - INFO - Raspberry Pi verisi: Ham=446, Voltaj=446.000V
2025-11-16 14:34:36 - spektroskopi - INFO - Raspberry Pi verisi işlendi: SENSOR_5 = 446.000V
2025-11-16 14:34:36 - spektroskopi - INFO - Raspberry Pi'dan veri alındı: 6e400004-b5a3-f393-e0a9-e50e24dcca9e (Handle: 11): Unknown, uzunluk: 2
2025-11-16 14:34:36 - spektroskopi - INFO - Raspberry Pi verisi: Ham=314, Voltaj=314.000V
2025-11-16 14:34:36 - spektroskopi - INFO - Raspberry Pi verisi işlendi: SENSOR_7 = 314.000V
2025-11-16 14:34:37 - spektroskopi - INFO - Raspberry Pi'dan veri alındı: 6e400002-b5a3-f393-e0a9-e50e24dcca9e (Handle: 19): Nordic UART RX, uzunluk: 2
2025-11-16 14:34:37 - spektroskopi - INFO - Raspberry Pi verisi: Ham=3257, Voltaj=3257.000V
2025-11-16 14:34:37 - spektroskopi - INFO - Raspberry Pi verisi işlendi: SENSOR_2 = 3257.000V
2025-11-16 14:34:37 - spektroskopi - INFO - Raspberry Pi'dan veri alındı: 6e400005-b5a3-f393-e0a9-e50e24dcca9e (Handle: 16): Unknown, uzunluk: 2
2025-11-16 14:34:37 - spektroskopi - INFO - Raspberry Pi verisi: Ham=293, Voltaj=293.000V
2025-11-16 14:34:37 - spektroskopi - INFO - Raspberry Pi verisi işlendi: SENSOR_EXTRA = 293.000V
2025-11-16 14:34:37 - spektroskopi - INFO - Raspberry Pi'dan veri alındı: 6e400003-b5a3-f393-e0a9-e50e24dcca9e (Handle: 8): Nordic UART TX, uzunluk: 2
2025-11-16 14:34:37 - spektroskopi - INFO - Raspberry Pi verisi: Ham=449, Voltaj=449.000V
2025-11-16 14:34:37 - spektroskopi - INFO - Raspberry Pi verisi işlendi: SENSOR_5 = 449.000V
2025-11-16 14:34:37 - spektroskopi - INFO - Raspberry Pi'dan veri alındı: 6e400004-b5a3-f393-e0a9-e50e24dcca9e (Handle: 11): Unknown, uzunluk: 2
2025-11-16 14:34:37 - spektroskopi - INFO - Raspberry Pi verisi: Ham=317, Voltaj=317.000V
2025-11-16 14:34:37 - spektroskopi - INFO - Raspberry Pi verisi işlendi: SENSOR_7 = 317.000V
2025-11-16 14:34:37 - spektroskopi - INFO - Raspberry Pi'dan veri alındı: 6e400002-b5a3-f393-e0a9-e50e24dcca9e (Handle: 19): Nordic UART RX, uzunluk: 2
2025-11-16 14:34:37 - spektroskopi - INFO - Raspberry Pi verisi: Ham=3257, Voltaj=3257.000V
2025-11-16 14:34:37 - spektroskopi - INFO - Raspberry Pi verisi işlendi: SENSOR_2 = 3257.000V
2025-11-16 14:34:37 - spektroskopi - WARNING - Zaman sıralama düzeltildi: 2025-11-16 14:34:37.700698
2025-11-16 14:34:37 - spektroskopi - WARNING - Zaman sıralama düzeltildi: 2025-11-16 14:34:37.701698
2025-11-16 14:34:37 - spektroskopi - WARNING - Zaman sıralama düzeltildi: 2025-11-16 14:34:37.702698
2025-11-16 14:34:37 - spektroskopi - WARNING - Zaman sıralama düzeltildi: 2025-11-16 14:34:37.703698
2025-11-16 14:34:37 - spektroskopi - WARNING - Zaman sıralama düzeltildi: 2025-11-16 14:34:37.704698
2025-11-16 14:34:37 - spektroskopi - WARNING - Zaman sıralama düzeltildi: 2025-11-16 14:34:37.705698
2025-11-16 14:34:37 - spektroskopi - WARNING - Zaman sıralama düzeltildi: 2025-11-16 14:34:37.706698
2025-11-16 14:34:37 - spektroskopi - INFO - Raspberry Pi'dan veri alındı: 6e400005-b5a3-f393-e0a9-e50e24dcca9e (Handle: 16): Unknown, uzunluk: 2
2025-11-16 14:34:37 - spektroskopi - INFO - Raspberry Pi verisi: Ham=294, Voltaj=294.000V
2025-11-16 14:34:37 - spektroskopi - INFO - Raspberry Pi verisi işlendi: SENSOR_EXTRA = 294.000V
2025-11-16 14:34:37 - spektroskopi - INFO - Raspberry Pi'dan veri alındı: 6e400003-b5a3-f393-e0a9-e50e24dcca9e (Handle: 8): Nordic UART TX, uzunluk: 2
2025-11-16 14:34:37 - spektroskopi - INFO - Raspberry Pi verisi: Ham=450, Voltaj=450.000V
2025-11-16 14:34:37 - spektroskopi - INFO - Raspberry Pi verisi işlendi: SENSOR_5 = 450.000V
2025-11-16 14:34:38 - spektroskopi - INFO - Raspberry Pi'dan veri alındı: 6e400004-b5a3-f393-e0a9-e50e24dcca9e (Handle: 11): Unknown, uzunluk: 2
2025-11-16 14:34:38 - spektroskopi - INFO - Raspberry Pi verisi: Ham=318, Voltaj=318.000V
2025-11-16 14:34:38 - spektroskopi - INFO - Raspberry Pi verisi işlendi: SENSOR_7 = 318.000V
2025-11-16 14:34:38 - spektroskopi - INFO - Raspberry Pi'dan veri alındı: 6e400002-b5a3-f393-e0a9-e50e24dcca9e (Handle: 19): Nordic UART RX, uzunluk: 2
2025-11-16 14:34:38 - spektroskopi - INFO - Raspberry Pi verisi: Ham=3257, Voltaj=3257.000V
2025-11-16 14:34:38 - spektroskopi - INFO - Raspberry Pi verisi işlendi: SENSOR_2 = 3257.000V
2025-11-16 14:34:38 - spektroskopi - INFO - Raspberry Pi'dan veri alındı: 6e400005-b5a3-f393-e0a9-e50e24dcca9e (Handle: 16): Unknown, uzunluk: 2
2025-11-16 14:34:38 - spektroskopi - INFO - Raspberry Pi verisi: Ham=297, Voltaj=297.000V
2025-11-16 14:34:38 - spektroskopi - INFO - Raspberry Pi verisi işlendi: SENSOR_EXTRA = 297.000V
2025-11-16 14:34:38 - spektroskopi - INFO - Raspberry Pi'dan veri alındı: 6e400003-b5a3-f393-e0a9-e50e24dcca9e (Handle: 8): Nordic UART TX, uzunluk: 2
2025-11-16 14:34:38 - spektroskopi - INFO - Raspberry Pi verisi: Ham=451, Voltaj=451.000V
2025-11-16 14:34:38 - spektroskopi - INFO - Raspberry Pi verisi işlendi: SENSOR_5 = 451.000V
2025-11-16 14:34:38 - spektroskopi - INFO - Raspberry Pi'dan veri alındı: 6e400004-b5a3-f393-e0a9-e50e24dcca9e (Handle: 11): Unknown, uzunluk: 2
2025-11-16 14:34:38 - spektroskopi - INFO - Raspberry Pi verisi: Ham=318, Voltaj=318.000V
2025-11-16 14:34:38 - spektroskopi - INFO - Raspberry Pi verisi işlendi: SENSOR_7 = 318.000V
2025-11-16 14:34:38 - spektroskopi - WARNING - Zaman sıralama düzeltildi: 2025-11-16 14:34:38.662716
2025-11-16 14:34:38 - spektroskopi - WARNING - Zaman sıralama düzeltildi: 2025-11-16 14:34:38.663716
2025-11-16 14:34:38 - spektroskopi - WARNING - Zaman sıralama düzeltildi: 2025-11-16 14:34:38.664716
2025-11-16 14:34:38 - spektroskopi - WARNING - Zaman sıralama düzeltildi: 2025-11-16 14:34:38.665716
2025-11-16 14:34:38 - spektroskopi - WARNING - Zaman sıralama düzeltildi: 2025-11-16 14:34:38.666716
2025-11-16 14:34:38 - spektroskopi - WARNING - Zaman sıralama düzeltildi: 2025-11-16 14:34:38.667716
2025-11-16 14:34:38 - spektroskopi - WARNING - Zaman sıralama düzeltildi: 2025-11-16 14:34:38.668716
2025-11-16 14:34:38 - spektroskopi - INFO - Raspberry Pi'dan veri alındı: 6e400002-b5a3-f393-e0a9-e50e24dcca9e (Handle: 19): Nordic UART RX, uzunluk: 2
2025-11-16 14:34:38 - spektroskopi - INFO - Raspberry Pi verisi: Ham=3257, Voltaj=3257.000V
2025-11-16 14:34:38 - spektroskopi - INFO - Raspberry Pi verisi işlendi: SENSOR_2 = 3257.000V
2025-11-16 14:34:38 - spektroskopi - INFO - Raspberry Pi'dan veri alındı: 6e400005-b5a3-f393-e0a9-e50e24dcca9e (Handle: 16): Unknown, uzunluk: 2
2025-11-16 14:34:38 - spektroskopi - INFO - Raspberry Pi verisi: Ham=298, Voltaj=298.000V
2025-11-16 14:34:38 - spektroskopi - INFO - Raspberry Pi verisi işlendi: SENSOR_EXTRA = 298.000V
2025-11-16 14:34:39 - spektroskopi - INFO - Raspberry Pi'dan veri alındı: 6e400003-b5a3-f393-e0a9-e50e24dcca9e (Handle: 8): Nordic UART TX, uzunluk: 2
2025-11-16 14:34:39 - spektroskopi - INFO - Raspberry Pi verisi: Ham=451, Voltaj=451.000V
2025-11-16 14:34:39 - spektroskopi - INFO - Raspberry Pi verisi işlendi: SENSOR_5 = 451.000V
2025-11-16 14:34:39 - spektroskopi - INFO - Raspberry Pi'dan veri alındı: 6e400004-b5a3-f393-e0a9-e50e24dcca9e (Handle: 11): Unknown, uzunluk: 2
2025-11-16 14:34:39 - spektroskopi - INFO - Raspberry Pi verisi: Ham=318, Voltaj=318.000V
2025-11-16 14:34:39 - spektroskopi - INFO - Raspberry Pi verisi işlendi: SENSOR_7 = 318.000V
2025-11-16 14:34:39 - spektroskopi - INFO - Raspberry Pi'dan veri alındı: 6e400002-b5a3-f393-e0a9-e50e24dcca9e (Handle: 19): Nordic UART RX, uzunluk: 2
2025-11-16 14:34:39 - spektroskopi - INFO - Raspberry Pi verisi: Ham=3257, Voltaj=3257.000V
2025-11-16 14:34:39 - spektroskopi - INFO - Raspberry Pi verisi işlendi: SENSOR_2 = 3257.000V
2025-11-16 14:34:39 - spektroskopi - INFO - Raspberry Pi'dan veri alındı: 6e400005-b5a3-f393-e0a9-e50e24dcca9e (Handle: 16): Unknown, uzunluk: 2
2025-11-16 14:34:39 - spektroskopi - INFO - Raspberry Pi verisi: Ham=297, Voltaj=297.000V
2025-11-16 14:34:39 - spektroskopi - INFO - Raspberry Pi verisi işlendi: SENSOR_EXTRA = 297.000V
2025-11-16 14:34:39 - spektroskopi - INFO - Raspberry Pi'dan veri alındı: 6e400003-b5a3-f393-e0a9-e50e24dcca9e (Handle: 8): Nordic UART TX, uzunluk: 2
2025-11-16 14:34:39 - spektroskopi - INFO - Raspberry Pi verisi: Ham=452, Voltaj=452.000V
2025-11-16 14:34:39 - spektroskopi - INFO - Raspberry Pi verisi işlendi: SENSOR_5 = 452.000V
2025-11-16 14:34:39 - spektroskopi - WARNING - Zaman sıralama düzeltildi: 2025-11-16 14:34:39.682654
2025-11-16 14:34:39 - spektroskopi - WARNING - Zaman sıralama düzeltildi: 2025-11-16 14:34:39.683654
2025-11-16 14:34:39 - spektroskopi - WARNING - Zaman sıralama düzeltildi: 2025-11-16 14:34:39.684654
2025-11-16 14:34:39 - spektroskopi - WARNING - Zaman sıralama düzeltildi: 2025-11-16 14:34:39.685654
2025-11-16 14:34:39 - spektroskopi - WARNING - Zaman sıralama düzeltildi: 2025-11-16 14:34:39.686654
2025-11-16 14:34:39 - spektroskopi - WARNING - Zaman sıralama düzeltildi: 2025-11-16 14:34:39.687654
2025-11-16 14:34:39 - spektroskopi - WARNING - Zaman sıralama düzeltildi: 2025-11-16 14:34:39.688654
2025-11-16 14:34:39 - spektroskopi - INFO - Raspberry Pi'dan veri alındı: 6e400004-b5a3-f393-e0a9-e50e24dcca9e (Handle: 11): Unknown, uzunluk: 2
2025-11-16 14:34:39 - spektroskopi - INFO - Raspberry Pi verisi: Ham=321, Voltaj=321.000V
2025-11-16 14:34:39 - spektroskopi - INFO - Raspberry Pi verisi işlendi: SENSOR_7 = 321.000V
2025-11-16 14:34:40 - spektroskopi - INFO - Raspberry Pi'dan veri alındı: 6e400002-b5a3-f393-e0a9-e50e24dcca9e (Handle: 19): Nordic UART RX, uzunluk: 2
2025-11-16 14:34:40 - spektroskopi - INFO - Raspberry Pi verisi: Ham=3257, Voltaj=3257.000V
2025-11-16 14:34:40 - spektroskopi - INFO - Raspberry Pi verisi işlendi: SENSOR_2 = 3257.000V
2025-11-16 14:34:40 - spektroskopi - INFO - Raspberry Pi'dan veri alındı: 6e400005-b5a3-f393-e0a9-e50e24dcca9e (Handle: 16): Unknown, uzunluk: 2
2025-11-16 14:34:40 - spektroskopi - INFO - Raspberry Pi verisi: Ham=296, Voltaj=296.000V
2025-11-16 14:34:40 - spektroskopi - INFO - Raspberry Pi verisi işlendi: SENSOR_EXTRA = 296.000V
2025-11-16 14:34:40 - spektroskopi - INFO - Raspberry Pi'dan veri alındı: 6e400003-b5a3-f393-e0a9-e50e24dcca9e (Handle: 8): Nordic UART TX, uzunluk: 2
2025-11-16 14:34:40 - spektroskopi - INFO - Raspberry Pi verisi: Ham=454, Voltaj=454.000V
2025-11-16 14:34:40 - spektroskopi - INFO - Raspberry Pi verisi işlendi: SENSOR_5 = 454.000V
2025-11-16 14:34:40 - spektroskopi - INFO - Raspberry Pi'dan veri alındı: 6e400004-b5a3-f393-e0a9-e50e24dcca9e (Handle: 11): Unknown, uzunluk: 2
2025-11-16 14:34:40 - spektroskopi - INFO - Raspberry Pi verisi: Ham=322, Voltaj=322.000V
2025-11-16 14:34:40 - spektroskopi - INFO - Raspberry Pi verisi işlendi: SENSOR_7 = 322.000V
2025-11-16 14:34:40 - spektroskopi - INFO - Raspberry Pi'dan veri alındı: 6e400002-b5a3-f393-e0a9-e50e24dcca9e (Handle: 19): Nordic UART RX, uzunluk: 2
2025-11-16 14:34:40 - spektroskopi - INFO - Raspberry Pi verisi: Ham=3257, Voltaj=3257.000V
2025-11-16 14:34:40 - spektroskopi - INFO - Raspberry Pi verisi işlendi: SENSOR_2 = 3257.000V
2025-11-16 14:34:40 - spektroskopi - INFO - Raspberry Pi'dan veri alındı: 6e400005-b5a3-f393-e0a9-e50e24dcca9e (Handle: 16): Unknown, uzunluk: 2
2025-11-16 14:34:40 - spektroskopi - INFO - Raspberry Pi verisi: Ham=293, Voltaj=293.000V
2025-11-16 14:34:40 - spektroskopi - INFO - Raspberry Pi verisi işlendi: SENSOR_EXTRA = 293.000V
2025-11-16 14:34:40 - spektroskopi - WARNING - Zaman sıralama düzeltildi: 2025-11-16 14:34:40.701635
2025-11-16 14:34:40 - spektroskopi - WARNING - Zaman sıralama düzeltildi: 2025-11-16 14:34:40.702635
2025-11-16 14:34:40 - spektroskopi - WARNING - Zaman sıralama düzeltildi: 2025-11-16 14:34:40.703635
2025-11-16 14:34:40 - spektroskopi - WARNING - Zaman sıralama düzeltildi: 2025-11-16 14:34:40.704635
2025-11-16 14:34:40 - spektroskopi - WARNING - Zaman sıralama düzeltildi: 2025-11-16 14:34:40.705635
2025-11-16 14:34:40 - spektroskopi - WARNING - Zaman sıralama düzeltildi: 2025-11-16 14:34:40.706635
2025-11-16 14:34:40 - spektroskopi - WARNING - Zaman sıralama düzeltildi: 2025-11-16 14:34:40.707635
2025-11-16 14:34:40 - spektroskopi - INFO - Raspberry Pi'dan veri alındı: 6e400003-b5a3-f393-e0a9-e50e24dcca9e (Handle: 8): Nordic UART TX, uzunluk: 2
2025-11-16 14:34:40 - spektroskopi - INFO - Raspberry Pi verisi: Ham=455, Voltaj=455.000V
2025-11-16 14:34:40 - spektroskopi - INFO - Raspberry Pi verisi işlendi: SENSOR_5 = 455.000V
2025-11-16 14:34:40 - spektroskopi - INFO - Raspberry Pi'dan veri alındı: 6e400004-b5a3-f393-e0a9-e50e24dcca9e (Handle: 11): Unknown, uzunluk: 2
2025-11-16 14:34:40 - spektroskopi - INFO - Raspberry Pi verisi: Ham=323, Voltaj=323.000V
2025-11-16 14:34:40 - spektroskopi - INFO - Raspberry Pi verisi işlendi: SENSOR_7 = 323.000V
2025-11-16 14:34:41 - spektroskopi - INFO - Raspberry Pi'dan veri alındı: 6e400002-b5a3-f393-e0a9-e50e24dcca9e (Handle: 19): Nordic UART RX, uzunluk: 2
2025-11-16 14:34:41 - spektroskopi - INFO - Raspberry Pi verisi: Ham=3257, Voltaj=3257.000V
2025-11-16 14:34:41 - spektroskopi - INFO - Raspberry Pi verisi işlendi: SENSOR_2 = 3257.000V
2025-11-16 14:34:41 - spektroskopi - INFO - Raspberry Pi'dan veri alındı: 6e400005-b5a3-f393-e0a9-e50e24dcca9e (Handle: 16): Unknown, uzunluk: 2
2025-11-16 14:34:41 - spektroskopi - INFO - Raspberry Pi verisi: Ham=295, Voltaj=295.000V
2025-11-16 14:34:41 - spektroskopi - INFO - Raspberry Pi verisi işlendi: SENSOR_EXTRA = 295.000V
2025-11-16 14:34:41 - spektroskopi - INFO - Raspberry Pi'dan veri alındı: 6e400003-b5a3-f393-e0a9-e50e24dcca9e (Handle: 8): Nordic UART TX, uzunluk: 2
2025-11-16 14:34:41 - spektroskopi - INFO - Raspberry Pi verisi: Ham=456, Voltaj=456.000V
2025-11-16 14:34:41 - spektroskopi - INFO - Raspberry Pi verisi işlendi: SENSOR_5 = 456.000V
2025-11-16 14:34:41 - spektroskopi - INFO - Raspberry Pi'dan veri alındı: 6e400004-b5a3-f393-e0a9-e50e24dcca9e (Handle: 11): Unknown, uzunluk: 2
2025-11-16 14:34:41 - spektroskopi - INFO - Raspberry Pi verisi: Ham=322, Voltaj=322.000V
2025-11-16 14:34:41 - spektroskopi - INFO - Raspberry Pi verisi işlendi: SENSOR_7 = 322.000V
2025-11-16 14:34:41 - spektroskopi - INFO - Raspberry Pi'dan veri alındı: 6e400002-b5a3-f393-e0a9-e50e24dcca9e (Handle: 19): Nordic UART RX, uzunluk: 2
2025-11-16 14:34:41 - spektroskopi - INFO - Raspberry Pi verisi: Ham=3257, Voltaj=3257.000V
2025-11-16 14:34:41 - spektroskopi - INFO - Raspberry Pi verisi işlendi: SENSOR_2 = 3257.000V
2025-11-16 14:34:41 - spektroskopi - WARNING - Zaman sıralama düzeltildi: 2025-11-16 14:34:41.722587
2025-11-16 14:34:41 - spektroskopi - WARNING - Zaman sıralama düzeltildi: 2025-11-16 14:34:41.723587
2025-11-16 14:34:41 - spektroskopi - WARNING - Zaman sıralama düzeltildi: 2025-11-16 14:34:41.724587
2025-11-16 14:34:41 - spektroskopi - WARNING - Zaman sıralama düzeltildi: 2025-11-16 14:34:41.725587
2025-11-16 14:34:41 - spektroskopi - WARNING - Zaman sıralama düzeltildi: 2025-11-16 14:34:41.726587
2025-11-16 14:34:41 - spektroskopi - WARNING - Zaman sıralama düzeltildi: 2025-11-16 14:34:41.727587
2025-11-16 14:34:41 - spektroskopi - WARNING - Zaman sıralama düzeltildi: 2025-11-16 14:34:41.728587
2025-11-16 14:34:41 - spektroskopi - INFO - Raspberry Pi'dan veri alındı: 6e400005-b5a3-f393-e0a9-e50e24dcca9e (Handle: 16): Unknown, uzunluk: 2
2025-11-16 14:34:41 - spektroskopi - INFO - Raspberry Pi verisi: Ham=294, Voltaj=294.000V
2025-11-16 14:34:41 - spektroskopi - INFO - Raspberry Pi verisi işlendi: SENSOR_EXTRA = 294.000V
2025-11-16 14:34:41 - spektroskopi - INFO - Raspberry Pi'dan veri alındı: 6e400003-b5a3-f393-e0a9-e50e24dcca9e (Handle: 8): Nordic UART TX, uzunluk: 2
2025-11-16 14:34:41 - spektroskopi - INFO - Raspberry Pi verisi: Ham=457, Voltaj=457.000V
2025-11-16 14:34:41 - spektroskopi - INFO - Raspberry Pi verisi işlendi: SENSOR_5 = 457.000V
2025-11-16 14:34:42 - spektroskopi - INFO - Raspberry Pi'dan veri alındı: 6e400004-b5a3-f393-e0a9-e50e24dcca9e (Handle: 11): Unknown, uzunluk: 2
2025-11-16 14:34:42 - spektroskopi - INFO - Raspberry Pi verisi: Ham=322, Voltaj=322.000V
2025-11-16 14:34:42 - spektroskopi - INFO - Raspberry Pi verisi işlendi: SENSOR_7 = 322.000V
2025-11-16 14:34:42 - spektroskopi - INFO - Raspberry Pi'dan veri alındı: 6e400002-b5a3-f393-e0a9-e50e24dcca9e (Handle: 19): Nordic UART RX, uzunluk: 2
2025-11-16 14:34:42 - spektroskopi - INFO - Raspberry Pi verisi: Ham=3256, Voltaj=3256.000V
2025-11-16 14:34:42 - spektroskopi - INFO - Raspberry Pi verisi işlendi: SENSOR_2 = 3256.000V
2025-11-16 14:34:42 - spektroskopi - INFO - Raspberry Pi'dan veri alındı: 6e400005-b5a3-f393-e0a9-e50e24dcca9e (Handle: 16): Unknown, uzunluk: 2
2025-11-16 14:34:42 - spektroskopi - INFO - Raspberry Pi verisi: Ham=295, Voltaj=295.000V
2025-11-16 14:34:42 - spektroskopi - INFO - Raspberry Pi verisi işlendi: SENSOR_EXTRA = 295.000V
2025-11-16 14:34:42 - spektroskopi - INFO - Raspberry Pi'dan veri alındı: 6e400003-b5a3-f393-e0a9-e50e24dcca9e (Handle: 8): Nordic UART TX, uzunluk: 2
2025-11-16 14:34:42 - spektroskopi - INFO - Raspberry Pi verisi: Ham=457, Voltaj=457.000V
2025-11-16 14:34:42 - spektroskopi - INFO - Raspberry Pi verisi işlendi: SENSOR_5 = 457.000V
2025-11-16 14:34:42 - spektroskopi - INFO - Raspberry Pi'dan veri alındı: 6e400004-b5a3-f393-e0a9-e50e24dcca9e (Handle: 11): Unknown, uzunluk: 2
2025-11-16 14:34:42 - spektroskopi - INFO - Raspberry Pi verisi: Ham=323, Voltaj=323.000V
2025-11-16 14:34:42 - spektroskopi - INFO - Raspberry Pi verisi işlendi: SENSOR_7 = 323.000V
2025-11-16 14:34:42 - spektroskopi - WARNING - Zaman sıralama düzeltildi: 2025-11-16 14:34:42.652638
2025-11-16 14:34:42 - spektroskopi - WARNING - Zaman sıralama düzeltildi: 2025-11-16 14:34:42.653638
2025-11-16 14:34:42 - spektroskopi - WARNING - Zaman sıralama düzeltildi: 2025-11-16 14:34:42.654638
2025-11-16 14:34:42 - spektroskopi - WARNING - Zaman sıralama düzeltildi: 2025-11-16 14:34:42.655638
2025-11-16 14:34:42 - spektroskopi - WARNING - Zaman sıralama düzeltildi: 2025-11-16 14:34:42.656638
2025-11-16 14:34:42 - spektroskopi - WARNING - Zaman sıralama düzeltildi: 2025-11-16 14:34:42.657638
2025-11-16 14:34:42 - spektroskopi - WARNING - Zaman sıralama düzeltildi: 2025-11-16 14:34:42.658638
2025-11-16 14:34:42 - spektroskopi - INFO - Raspberry Pi'dan veri alındı: 6e400002-b5a3-f393-e0a9-e50e24dcca9e (Handle: 19): Nordic UART RX, uzunluk: 2
2025-11-16 14:34:42 - spektroskopi - INFO - Raspberry Pi verisi: Ham=3256, Voltaj=3256.000V
2025-11-16 14:34:42 - spektroskopi - INFO - Raspberry Pi verisi işlendi: SENSOR_2 = 3256.000V
2025-11-16 14:34:42 - spektroskopi - INFO - Raspberry Pi'dan veri alındı: 6e400005-b5a3-f393-e0a9-e50e24dcca9e (Handle: 16): Unknown, uzunluk: 2
2025-11-16 14:34:42 - spektroskopi - INFO - Raspberry Pi verisi: Ham=295, Voltaj=295.000V
2025-11-16 14:34:42 - spektroskopi - INFO - Raspberry Pi verisi işlendi: SENSOR_EXTRA = 295.000V
2025-11-16 14:34:43 - spektroskopi - INFO - Raspberry Pi'dan veri alındı: 6e400003-b5a3-f393-e0a9-e50e24dcca9e (Handle: 8): Nordic UART TX, uzunluk: 2
2025-11-16 14:34:43 - spektroskopi - INFO - Raspberry Pi verisi: Ham=459, Voltaj=459.000V
2025-11-16 14:34:43 - spektroskopi - INFO - Raspberry Pi verisi işlendi: SENSOR_5 = 459.000V
2025-11-16 14:34:43 - spektroskopi - INFO - Raspberry Pi'dan veri alındı: 6e400004-b5a3-f393-e0a9-e50e24dcca9e (Handle: 11): Unknown, uzunluk: 2
2025-11-16 14:34:43 - spektroskopi - INFO - Raspberry Pi verisi: Ham=324, Voltaj=324.000V
2025-11-16 14:34:43 - spektroskopi - INFO - Raspberry Pi verisi işlendi: SENSOR_7 = 324.000V
2025-11-16 14:34:43 - spektroskopi - INFO - Raspberry Pi'dan veri alındı: 6e400002-b5a3-f393-e0a9-e50e24dcca9e (Handle: 19): Nordic UART RX, uzunluk: 2
2025-11-16 14:34:43 - spektroskopi - INFO - Raspberry Pi verisi: Ham=3256, Voltaj=3256.000V
2025-11-16 14:34:43 - spektroskopi - INFO - Raspberry Pi verisi işlendi: SENSOR_2 = 3256.000V
2025-11-16 14:34:43 - spektroskopi - INFO - Raspberry Pi'dan veri alındı: 6e400005-b5a3-f393-e0a9-e50e24dcca9e (Handle: 16): Unknown, uzunluk: 2
2025-11-16 14:34:43 - spektroskopi - INFO - Raspberry Pi verisi: Ham=292, Voltaj=292.000V
2025-11-16 14:34:43 - spektroskopi - INFO - Raspberry Pi verisi işlendi: SENSOR_EXTRA = 292.000V
2025-11-16 14:34:43 - spektroskopi - INFO - Raspberry Pi'dan veri alındı: 6e400003-b5a3-f393-e0a9-e50e24dcca9e (Handle: 8): Nordic UART TX, uzunluk: 2
2025-11-16 14:34:43 - spektroskopi - INFO - Raspberry Pi verisi: Ham=459, Voltaj=459.000V
2025-11-16 14:34:43 - spektroskopi - INFO - Raspberry Pi verisi işlendi: SENSOR_5 = 459.000V
2025-11-16 14:34:43 - spektroskopi - WARNING - Zaman sıralama düzeltildi: 2025-11-16 14:34:43.672585
2025-11-16 14:34:43 - spektroskopi - WARNING - Zaman sıralama düzeltildi: 2025-11-16 14:34:43.673585
2025-11-16 14:34:43 - spektroskopi - WARNING - Zaman sıralama düzeltildi: 2025-11-16 14:34:43.674585
2025-11-16 14:34:43 - spektroskopi - WARNING - Zaman sıralama düzeltildi: 2025-11-16 14:34:43.675585
2025-11-16 14:34:43 - spektroskopi - WARNING - Zaman sıralama düzeltildi: 2025-11-16 14:34:43.676585
2025-11-16 14:34:43 - spektroskopi - WARNING - Zaman sıralama düzeltildi: 2025-11-16 14:34:43.677585
2025-11-16 14:34:43 - spektroskopi - WARNING - Zaman sıralama düzeltildi: 2025-11-16 14:34:43.678585
2025-11-16 14:34:43 - spektroskopi - INFO - Raspberry Pi'dan veri alındı: 6e400004-b5a3-f393-e0a9-e50e24dcca9e (Handle: 11): Unknown, uzunluk: 2
2025-11-16 14:34:43 - spektroskopi - INFO - Raspberry Pi verisi: Ham=324, Voltaj=324.000V
2025-11-16 14:34:43 - spektroskopi - INFO - Raspberry Pi verisi işlendi: SENSOR_7 = 324.000V
2025-11-16 14:34:44 - spektroskopi - INFO - Raspberry Pi'dan veri alındı: 6e400002-b5a3-f393-e0a9-e50e24dcca9e (Handle: 19): Nordic UART RX, uzunluk: 2
2025-11-16 14:34:44 - spektroskopi - INFO - Raspberry Pi verisi: Ham=3256, Voltaj=3256.000V
2025-11-16 14:34:44 - spektroskopi - INFO - Raspberry Pi verisi işlendi: SENSOR_2 = 3256.000V
2025-11-16 14:34:44 - spektroskopi - INFO - Raspberry Pi'dan veri alındı: 6e400005-b5a3-f393-e0a9-e50e24dcca9e (Handle: 16): Unknown, uzunluk: 2
2025-11-16 14:34:44 - spektroskopi - INFO - Raspberry Pi verisi: Ham=292, Voltaj=292.000V
2025-11-16 14:34:44 - spektroskopi - INFO - Raspberry Pi verisi işlendi: SENSOR_EXTRA = 292.000V
2025-11-16 14:34:44 - spektroskopi - INFO - Raspberry Pi'dan veri alındı: 6e400003-b5a3-f393-e0a9-e50e24dcca9e (Handle: 8): Nordic UART TX, uzunluk: 2
2025-11-16 14:34:44 - spektroskopi - INFO - Raspberry Pi verisi: Ham=460, Voltaj=460.000V
2025-11-16 14:34:44 - spektroskopi - INFO - Raspberry Pi verisi işlendi: SENSOR_5 = 460.000V
2025-11-16 14:34:44 - spektroskopi - INFO - Raspberry Pi'dan veri alındı: 6e400004-b5a3-f393-e0a9-e50e24dcca9e (Handle: 11): Unknown, uzunluk: 2
2025-11-16 14:34:44 - spektroskopi - INFO - Raspberry Pi verisi: Ham=324, Voltaj=324.000V
2025-11-16 14:34:44 - spektroskopi - INFO - Raspberry Pi verisi işlendi: SENSOR_7 = 324.000V
2025-11-16 14:34:44 - spektroskopi - INFO - Raspberry Pi'dan veri alındı: 6e400002-b5a3-f393-e0a9-e50e24dcca9e (Handle: 19): Nordic UART RX, uzunluk: 2
2025-11-16 14:34:44 - spektroskopi - INFO - Raspberry Pi verisi: Ham=3256, Voltaj=3256.000V
2025-11-16 14:34:44 - spektroskopi - INFO - Raspberry Pi verisi işlendi: SENSOR_2 = 3256.000V
2025-11-16 14:34:44 - spektroskopi - INFO - Raspberry Pi'dan veri alındı: 6e400005-b5a3-f393-e0a9-e50e24dcca9e (Handle: 16): Unknown, uzunluk: 2
2025-11-16 14:34:44 - spektroskopi - INFO - Raspberry Pi verisi: Ham=291, Voltaj=291.000V
2025-11-16 14:34:44 - spektroskopi - INFO - Raspberry Pi verisi işlendi: SENSOR_EXTRA = 291.000V
2025-11-16 14:34:44 - spektroskopi - WARNING - Zaman sıralama düzeltildi: 2025-11-16 14:34:44.722652
2025-11-16 14:34:44 - spektroskopi - WARNING - Zaman sıralama düzeltildi: 2025-11-16 14:34:44.723652
2025-11-16 14:34:44 - spektroskopi - WARNING - Zaman sıralama düzeltildi: 2025-11-16 14:34:44.724652
2025-11-16 14:34:44 - spektroskopi - WARNING - Zaman sıralama düzeltildi: 2025-11-16 14:34:44.725652
2025-11-16 14:34:44 - spektroskopi - WARNING - Zaman sıralama düzeltildi: 2025-11-16 14:34:44.726652
2025-11-16 14:34:44 - spektroskopi - WARNING - Zaman sıralama düzeltildi: 2025-11-16 14:34:44.727652
2025-11-16 14:34:44 - spektroskopi - WARNING - Zaman sıralama düzeltildi: 2025-11-16 14:34:44.728652
2025-11-16 14:34:44 - spektroskopi - INFO - Raspberry Pi'dan veri alındı: 6e400003-b5a3-f393-e0a9-e50e24dcca9e (Handle: 8): Nordic UART TX, uzunluk: 2
2025-11-16 14:34:44 - spektroskopi - INFO - Raspberry Pi verisi: Ham=461, Voltaj=461.000V
2025-11-16 14:34:44 - spektroskopi - INFO - Raspberry Pi verisi işlendi: SENSOR_5 = 461.000V
2025-11-16 14:34:44 - spektroskopi - INFO - Raspberry Pi'dan veri alındı: 6e400004-b5a3-f393-e0a9-e50e24dcca9e (Handle: 11): Unknown, uzunluk: 2
2025-11-16 14:34:44 - spektroskopi - INFO - Raspberry Pi verisi: Ham=325, Voltaj=325.000V
2025-11-16 14:34:44 - spektroskopi - INFO - Raspberry Pi verisi işlendi: SENSOR_7 = 325.000V
2025-11-16 14:34:45 - spektroskopi - INFO - Raspberry Pi'dan veri alındı: 6e400002-b5a3-f393-e0a9-e50e24dcca9e (Handle: 19): Nordic UART RX, uzunluk: 2
2025-11-16 14:34:45 - spektroskopi - INFO - Raspberry Pi verisi: Ham=3256, Voltaj=3256.000V
2025-11-16 14:34:45 - spektroskopi - INFO - Raspberry Pi verisi işlendi: SENSOR_2 = 3256.000V
2025-11-16 14:34:45 - spektroskopi - INFO - Raspberry Pi'dan veri alındı: 6e400005-b5a3-f393-e0a9-e50e24dcca9e (Handle: 16): Unknown, uzunluk: 2
2025-11-16 14:34:45 - spektroskopi - INFO - Raspberry Pi verisi: Ham=290, Voltaj=290.000V
2025-11-16 14:34:45 - spektroskopi - INFO - Raspberry Pi verisi işlendi: SENSOR_EXTRA = 290.000V
2025-11-16 14:34:45 - spektroskopi - INFO - Raspberry Pi'dan veri alındı: 6e400003-b5a3-f393-e0a9-e50e24dcca9e (Handle: 8): Nordic UART TX, uzunluk: 2
2025-11-16 14:34:45 - spektroskopi - INFO - Raspberry Pi verisi: Ham=462, Voltaj=462.000V
2025-11-16 14:34:45 - spektroskopi - INFO - Raspberry Pi verisi işlendi: SENSOR_5 = 462.000V
2025-11-16 14:34:45 - spektroskopi - INFO - Raspberry Pi'dan veri alındı: 6e400004-b5a3-f393-e0a9-e50e24dcca9e (Handle: 11): Unknown, uzunluk: 2
2025-11-16 14:34:45 - spektroskopi - INFO - Raspberry Pi verisi: Ham=326, Voltaj=326.000V
2025-11-16 14:34:45 - spektroskopi - INFO - Raspberry Pi verisi işlendi: SENSOR_7 = 326.000V
2025-11-16 14:34:45 - spektroskopi - INFO - Raspberry Pi'dan veri alındı: 6e400002-b5a3-f393-e0a9-e50e24dcca9e (Handle: 19): Nordic UART RX, uzunluk: 2
2025-11-16 14:34:45 - spektroskopi - INFO - Raspberry Pi verisi: Ham=3256, Voltaj=3256.000V
2025-11-16 14:34:45 - spektroskopi - INFO - Raspberry Pi verisi işlendi: SENSOR_2 = 3256.000V
2025-11-16 14:34:45 - spektroskopi - WARNING - Zaman sıralama düzeltildi: 2025-11-16 14:34:45.742844
2025-11-16 14:34:45 - spektroskopi - WARNING - Zaman sıralama düzeltildi: 2025-11-16 14:34:45.743844
2025-11-16 14:34:45 - spektroskopi - WARNING - Zaman sıralama düzeltildi: 2025-11-16 14:34:45.744844
2025-11-16 14:34:45 - spektroskopi - WARNING - Zaman sıralama düzeltildi: 2025-11-16 14:34:45.745844
2025-11-16 14:34:45 - spektroskopi - WARNING - Zaman sıralama düzeltildi: 2025-11-16 14:34:45.746844
2025-11-16 14:34:45 - spektroskopi - WARNING - Zaman sıralama düzeltildi: 2025-11-16 14:34:45.747844
2025-11-16 14:34:45 - spektroskopi - WARNING - Zaman sıralama düzeltildi: 2025-11-16 14:34:45.748844
2025-11-16 14:34:45 - spektroskopi - INFO - Raspberry Pi'dan veri alındı: 6e400005-b5a3-f393-e0a9-e50e24dcca9e (Handle: 16): Unknown, uzunluk: 2
2025-11-16 14:34:45 - spektroskopi - INFO - Raspberry Pi verisi: Ham=292, Voltaj=292.000V
2025-11-16 14:34:45 - spektroskopi - INFO - Raspberry Pi verisi işlendi: SENSOR_EXTRA = 292.000V
2025-11-16 14:34:45 - spektroskopi - INFO - Raspberry Pi'dan veri alındı: 6e400003-b5a3-f393-e0a9-e50e24dcca9e (Handle: 8): Nordic UART TX, uzunluk: 2
2025-11-16 14:34:45 - spektroskopi - INFO - Raspberry Pi verisi: Ham=462, Voltaj=462.000V
2025-11-16 14:34:45 - spektroskopi - INFO - Raspberry Pi verisi işlendi: SENSOR_5 = 462.000V
2025-11-16 14:34:46 - spektroskopi - INFO - Raspberry Pi'dan veri alındı: 6e400004-b5a3-f393-e0a9-e50e24dcca9e (Handle: 11): Unknown, uzunluk: 2
2025-11-16 14:34:46 - spektroskopi - INFO - Raspberry Pi verisi: Ham=326, Voltaj=326.000V
2025-11-16 14:34:46 - spektroskopi - INFO - Raspberry Pi verisi işlendi: SENSOR_7 = 326.000V
2025-11-16 14:34:46 - spektroskopi - INFO - Raspberry Pi'dan veri alındı: 6e400002-b5a3-f393-e0a9-e50e24dcca9e (Handle: 19): Nordic UART RX, uzunluk: 2
2025-11-16 14:34:46 - spektroskopi - INFO - Raspberry Pi verisi: Ham=3256, Voltaj=3256.000V
2025-11-16 14:34:46 - spektroskopi - INFO - Raspberry Pi verisi işlendi: SENSOR_2 = 3256.000V
2025-11-16 14:34:46 - spektroskopi - INFO - Raspberry Pi'dan veri alındı: 6e400005-b5a3-f393-e0a9-e50e24dcca9e (Handle: 16): Unknown, uzunluk: 2
2025-11-16 14:34:46 - spektroskopi - INFO - Raspberry Pi verisi: Ham=363, Voltaj=363.000V
2025-11-16 14:34:46 - spektroskopi - INFO - Raspberry Pi verisi işlendi: SENSOR_EXTRA = 363.000V
2025-11-16 14:34:46 - spektroskopi - INFO - Raspberry Pi'dan veri alındı: 6e400003-b5a3-f393-e0a9-e50e24dcca9e (Handle: 8): Nordic UART TX, uzunluk: 2
2025-11-16 14:34:46 - spektroskopi - INFO - Raspberry Pi verisi: Ham=1912, Voltaj=1912.000V
2025-11-16 14:34:46 - spektroskopi - INFO - Raspberry Pi verisi işlendi: SENSOR_5 = 1912.000V
2025-11-16 14:34:46 - spektroskopi - INFO - Raspberry Pi'dan veri alındı: 6e400004-b5a3-f393-e0a9-e50e24dcca9e (Handle: 11): Unknown, uzunluk: 2
2025-11-16 14:34:46 - spektroskopi - INFO - Raspberry Pi verisi: Ham=1715, Voltaj=1715.000V
2025-11-16 14:34:46 - spektroskopi - INFO - Raspberry Pi verisi işlendi: SENSOR_7 = 1715.000V
2025-11-16 14:34:46 - spektroskopi - WARNING - Zaman sıralama düzeltildi: 2025-11-16 14:34:46.672733
2025-11-16 14:34:46 - spektroskopi - WARNING - Zaman sıralama düzeltildi: 2025-11-16 14:34:46.673733
2025-11-16 14:34:46 - spektroskopi - WARNING - Zaman sıralama düzeltildi: 2025-11-16 14:34:46.674733
2025-11-16 14:34:46 - spektroskopi - WARNING - Zaman sıralama düzeltildi: 2025-11-16 14:34:46.675733
2025-11-16 14:34:46 - spektroskopi - WARNING - Zaman sıralama düzeltildi: 2025-11-16 14:34:46.676733
2025-11-16 14:34:46 - spektroskopi - WARNING - Zaman sıralama düzeltildi: 2025-11-16 14:34:46.677733
2025-11-16 14:34:46 - spektroskopi - WARNING - Zaman sıralama düzeltildi: 2025-11-16 14:34:46.678733
2025-11-16 14:34:46 - spektroskopi - INFO - Raspberry Pi'dan veri alındı: 6e400002-b5a3-f393-e0a9-e50e24dcca9e (Handle: 19): Nordic UART RX, uzunluk: 2
2025-11-16 14:34:46 - spektroskopi - INFO - Raspberry Pi verisi: Ham=1992, Voltaj=1992.000V
2025-11-16 14:34:46 - spektroskopi - INFO - Raspberry Pi verisi işlendi: SENSOR_2 = 1992.000V
2025-11-16 14:34:47 - spektroskopi - INFO - Raspberry Pi'dan veri alındı: 6e400005-b5a3-f393-e0a9-e50e24dcca9e (Handle: 16): Unknown, uzunluk: 2
2025-11-16 14:34:47 - spektroskopi - INFO - Raspberry Pi verisi: Ham=1848, Voltaj=1848.000V
2025-11-16 14:34:47 - spektroskopi - INFO - Raspberry Pi verisi işlendi: SENSOR_EXTRA = 1848.000V
2025-11-16 14:34:47 - spektroskopi - INFO - Raspberry Pi'dan veri alındı: 6e400003-b5a3-f393-e0a9-e50e24dcca9e (Handle: 8): Nordic UART TX, uzunluk: 2
2025-11-16 14:34:47 - spektroskopi - INFO - Raspberry Pi verisi: Ham=1849, Voltaj=1849.000V
2025-11-16 14:34:47 - spektroskopi - INFO - Raspberry Pi verisi işlendi: SENSOR_5 = 1849.000V
2025-11-16 14:34:47 - spektroskopi - INFO - Raspberry Pi'dan veri alındı: 6e400004-b5a3-f393-e0a9-e50e24dcca9e (Handle: 11): Unknown, uzunluk: 2
2025-11-16 14:34:47 - spektroskopi - INFO - Raspberry Pi verisi: Ham=1583, Voltaj=1583.000V
2025-11-16 14:34:47 - spektroskopi - INFO - Raspberry Pi verisi işlendi: SENSOR_7 = 1583.000V
2025-11-16 14:34:47 - spektroskopi - INFO - Raspberry Pi'dan veri alındı: 6e400002-b5a3-f393-e0a9-e50e24dcca9e (Handle: 19): Nordic UART RX, uzunluk: 2
2025-11-16 14:34:47 - spektroskopi - INFO - Raspberry Pi verisi: Ham=2808, Voltaj=2808.000V
2025-11-16 14:34:47 - spektroskopi - INFO - Raspberry Pi verisi işlendi: SENSOR_2 = 2808.000V
2025-11-16 14:34:47 - spektroskopi - INFO - Raspberry Pi'dan veri alındı: 6e400005-b5a3-f393-e0a9-e50e24dcca9e (Handle: 16): Unknown, uzunluk: 2
2025-11-16 14:34:47 - spektroskopi - INFO - Raspberry Pi verisi: Ham=2679, Voltaj=2679.000V
2025-11-16 14:34:47 - spektroskopi - INFO - Raspberry Pi verisi işlendi: SENSOR_EXTRA = 2679.000V
2025-11-16 14:34:47 - spektroskopi - INFO - Raspberry Pi'dan veri alındı: 6e400003-b5a3-f393-e0a9-e50e24dcca9e (Handle: 8): Nordic UART TX, uzunluk: 2
2025-11-16 14:34:47 - spektroskopi - INFO - Raspberry Pi verisi: Ham=1464, Voltaj=1464.000V
2025-11-16 14:34:47 - spektroskopi - INFO - Raspberry Pi verisi işlendi: SENSOR_5 = 1464.000V
2025-11-16 14:34:47 - spektroskopi - WARNING - Zaman sıralama düzeltildi: 2025-11-16 14:34:47.691797
2025-11-16 14:34:47 - spektroskopi - WARNING - Zaman sıralama düzeltildi: 2025-11-16 14:34:47.692797
2025-11-16 14:34:47 - spektroskopi - WARNING - Zaman sıralama düzeltildi: 2025-11-16 14:34:47.693797
2025-11-16 14:34:47 - spektroskopi - WARNING - Zaman sıralama düzeltildi: 2025-11-16 14:34:47.694797
2025-11-16 14:34:47 - spektroskopi - WARNING - Zaman sıralama düzeltildi: 2025-11-16 14:34:47.695797
2025-11-16 14:34:47 - spektroskopi - WARNING - Zaman sıralama düzeltildi: 2025-11-16 14:34:47.696797
2025-11-16 14:34:47 - spektroskopi - WARNING - Zaman sıralama düzeltildi: 2025-11-16 14:34:47.697797
2025-11-16 14:34:47 - spektroskopi - INFO - Raspberry Pi'dan veri alındı: 6e400004-b5a3-f393-e0a9-e50e24dcca9e (Handle: 11): Unknown, uzunluk: 2
2025-11-16 14:34:47 - spektroskopi - INFO - Raspberry Pi verisi: Ham=1215, Voltaj=1215.000V
2025-11-16 14:34:47 - spektroskopi - INFO - Raspberry Pi verisi işlendi: SENSOR_7 = 1215.000V
2025-11-16 14:34:48 - spektroskopi - INFO - Raspberry Pi'dan veri alındı: 6e400002-b5a3-f393-e0a9-e50e24dcca9e (Handle: 19): Nordic UART RX, uzunluk: 2
2025-11-16 14:34:48 - spektroskopi - INFO - Raspberry Pi verisi: Ham=2547, Voltaj=2547.000V
2025-11-16 14:34:48 - spektroskopi - INFO - Raspberry Pi verisi işlendi: SENSOR_2 = 2547.000V
2025-11-16 14:34:48 - spektroskopi - INFO - Raspberry Pi'dan veri alındı: 6e400005-b5a3-f393-e0a9-e50e24dcca9e (Handle: 16): Unknown, uzunluk: 2
2025-11-16 14:34:48 - spektroskopi - INFO - Raspberry Pi verisi: Ham=2400, Voltaj=2400.000V
2025-11-16 14:34:48 - spektroskopi - INFO - Raspberry Pi verisi işlendi: SENSOR_EXTRA = 2400.000V
2025-11-16 14:34:48 - spektroskopi - INFO - Raspberry Pi'dan veri alındı: 6e400003-b5a3-f393-e0a9-e50e24dcca9e (Handle: 8): Nordic UART TX, uzunluk: 2
2025-11-16 14:34:48 - spektroskopi - INFO - Raspberry Pi verisi: Ham=1570, Voltaj=1570.000V
2025-11-16 14:34:48 - spektroskopi - INFO - Raspberry Pi verisi işlendi: SENSOR_5 = 1570.000V
2025-11-16 14:34:48 - spektroskopi - INFO - Raspberry Pi'dan veri alındı: 6e400004-b5a3-f393-e0a9-e50e24dcca9e (Handle: 11): Unknown, uzunluk: 2
2025-11-16 14:34:48 - spektroskopi - INFO - Raspberry Pi verisi: Ham=1261, Voltaj=1261.000V
2025-11-16 14:34:48 - spektroskopi - INFO - Raspberry Pi verisi işlendi: SENSOR_7 = 1261.000V
2025-11-16 14:34:48 - spektroskopi - INFO - Raspberry Pi'dan veri alındı: 6e400002-b5a3-f393-e0a9-e50e24dcca9e (Handle: 19): Nordic UART RX, uzunluk: 2
2025-11-16 14:34:48 - spektroskopi - INFO - Raspberry Pi verisi: Ham=2702, Voltaj=2702.000V
2025-11-16 14:34:48 - spektroskopi - INFO - Raspberry Pi verisi işlendi: SENSOR_2 = 2702.000V
2025-11-16 14:34:48 - spektroskopi - INFO - Raspberry Pi'dan veri alındı: 6e400005-b5a3-f393-e0a9-e50e24dcca9e (Handle: 16): Unknown, uzunluk: 2
2025-11-16 14:34:48 - spektroskopi - INFO - Raspberry Pi verisi: Ham=2553, Voltaj=2553.000V
2025-11-16 14:34:48 - spektroskopi - INFO - Raspberry Pi verisi işlendi: SENSOR_EXTRA = 2553.000V
2025-11-16 14:34:48 - spektroskopi - WARNING - Zaman sıralama düzeltildi: 2025-11-16 14:34:48.712624
2025-11-16 14:34:48 - spektroskopi - WARNING - Zaman sıralama düzeltildi: 2025-11-16 14:34:48.713624
2025-11-16 14:34:48 - spektroskopi - WARNING - Zaman sıralama düzeltildi: 2025-11-16 14:34:48.714624
2025-11-16 14:34:48 - spektroskopi - WARNING - Zaman sıralama düzeltildi: 2025-11-16 14:34:48.715624
2025-11-16 14:34:48 - spektroskopi - WARNING - Zaman sıralama düzeltildi: 2025-11-16 14:34:48.716624
2025-11-16 14:34:48 - spektroskopi - WARNING - Zaman sıralama düzeltildi: 2025-11-16 14:34:48.717624
2025-11-16 14:34:48 - spektroskopi - WARNING - Zaman sıralama düzeltildi: 2025-11-16 14:34:48.718624
2025-11-16 14:34:48 - spektroskopi - INFO - Raspberry Pi'dan veri alındı: 6e400003-b5a3-f393-e0a9-e50e24dcca9e (Handle: 8): Nordic UART TX, uzunluk: 2
2025-11-16 14:34:48 - spektroskopi - INFO - Raspberry Pi verisi: Ham=1497, Voltaj=1497.000V
2025-11-16 14:34:48 - spektroskopi - INFO - Raspberry Pi verisi işlendi: SENSOR_5 = 1497.000V
2025-11-16 14:34:48 - spektroskopi - INFO - Raspberry Pi'dan veri alındı: 6e400004-b5a3-f393-e0a9-e50e24dcca9e (Handle: 11): Unknown, uzunluk: 2
2025-11-16 14:34:48 - spektroskopi - INFO - Raspberry Pi verisi: Ham=1165, Voltaj=1165.000V
2025-11-16 14:34:48 - spektroskopi - INFO - Raspberry Pi verisi işlendi: SENSOR_7 = 1165.000V
2025-11-16 14:34:49 - spektroskopi - INFO - Raspberry Pi'dan veri alındı: 6e400002-b5a3-f393-e0a9-e50e24dcca9e (Handle: 19): Nordic UART RX, uzunluk: 2
2025-11-16 14:34:49 - spektroskopi - INFO - Raspberry Pi verisi: Ham=2565, Voltaj=2565.000V
2025-11-16 14:34:49 - spektroskopi - INFO - Raspberry Pi verisi işlendi: SENSOR_2 = 2565.000V
2025-11-16 14:34:49 - spektroskopi - INFO - Raspberry Pi'dan veri alındı: 6e400005-b5a3-f393-e0a9-e50e24dcca9e (Handle: 16): Unknown, uzunluk: 2
2025-11-16 14:34:49 - spektroskopi - INFO - Raspberry Pi verisi: Ham=2434, Voltaj=2434.000V
2025-11-16 14:34:49 - spektroskopi - INFO - Raspberry Pi verisi işlendi: SENSOR_EXTRA = 2434.000V
2025-11-16 14:34:49 - spektroskopi - INFO - Raspberry Pi'dan veri alındı: 6e400003-b5a3-f393-e0a9-e50e24dcca9e (Handle: 8): Nordic UART TX, uzunluk: 2
2025-11-16 14:34:49 - spektroskopi - INFO - Raspberry Pi verisi: Ham=1504, Voltaj=1504.000V
2025-11-16 14:34:49 - spektroskopi - INFO - Raspberry Pi verisi işlendi: SENSOR_5 = 1504.000V
2025-11-16 14:34:49 - spektroskopi - INFO - Raspberry Pi'dan veri alındı: 6e400004-b5a3-f393-e0a9-e50e24dcca9e (Handle: 11): Unknown, uzunluk: 2
2025-11-16 14:34:49 - spektroskopi - INFO - Raspberry Pi verisi: Ham=1195, Voltaj=1195.000V
2025-11-16 14:34:49 - spektroskopi - INFO - Raspberry Pi verisi işlendi: SENSOR_7 = 1195.000V
2025-11-16 14:34:49 - spektroskopi - WARNING - Zaman sıralama düzeltildi: 2025-11-16 14:34:49.550925
2025-11-16 14:34:49 - spektroskopi - WARNING - Zaman sıralama düzeltildi: 2025-11-16 14:34:49.551925
2025-11-16 14:34:49 - spektroskopi - WARNING - Zaman sıralama düzeltildi: 2025-11-16 14:34:49.552925
2025-11-16 14:34:49 - spektroskopi - WARNING - Zaman sıralama düzeltildi: 2025-11-16 14:34:49.553925
2025-11-16 14:34:49 - spektroskopi - WARNING - Zaman sıralama düzeltildi: 2025-11-16 14:34:49.554925
2025-11-16 14:34:49 - spektroskopi - WARNING - Zaman sıralama düzeltildi: 2025-11-16 14:34:49.555925
2025-11-16 14:34:49 - spektroskopi - INFO - Raspberry Pi'dan veri alındı: 6e400002-b5a3-f393-e0a9-e50e24dcca9e (Handle: 19): Nordic UART RX, uzunluk: 2
2025-11-16 14:34:49 - spektroskopi - INFO - Raspberry Pi verisi: Ham=2598, Voltaj=2598.000V
2025-11-16 14:34:49 - spektroskopi - INFO - Raspberry Pi verisi işlendi: SENSOR_2 = 2598.000V
2025-11-16 14:34:49 - spektroskopi - INFO - Raspberry Pi'dan veri alındı: 6e400005-b5a3-f393-e0a9-e50e24dcca9e (Handle: 16): Unknown, uzunluk: 2
2025-11-16 14:34:49 - spektroskopi - INFO - Raspberry Pi verisi: Ham=2481, Voltaj=2481.000V
2025-11-16 14:34:49 - spektroskopi - INFO - Raspberry Pi verisi işlendi: SENSOR_EXTRA = 2481.000V
2025-11-16 14:34:50 - spektroskopi - INFO - Raspberry Pi'dan veri alındı: 6e400003-b5a3-f393-e0a9-e50e24dcca9e (Handle: 8): Nordic UART TX, uzunluk: 2
2025-11-16 14:34:50 - spektroskopi - INFO - Raspberry Pi verisi: Ham=1511, Voltaj=1511.000V
2025-11-16 14:34:50 - spektroskopi - INFO - Raspberry Pi verisi işlendi: SENSOR_5 = 1511.000V
2025-11-16 14:34:50 - spektroskopi - INFO - Raspberry Pi'dan veri alındı: 6e400004-b5a3-f393-e0a9-e50e24dcca9e (Handle: 11): Unknown, uzunluk: 2
2025-11-16 14:34:50 - spektroskopi - INFO - Raspberry Pi verisi: Ham=1206, Voltaj=1206.000V
2025-11-16 14:34:50 - spektroskopi - INFO - Raspberry Pi verisi işlendi: SENSOR_7 = 1206.000V
2025-11-16 14:34:50 - spektroskopi - INFO - Raspberry Pi'dan veri alındı: 6e400002-b5a3-f393-e0a9-e50e24dcca9e (Handle: 19): Nordic UART RX, uzunluk: 2
2025-11-16 14:34:50 - spektroskopi - INFO - Raspberry Pi verisi: Ham=2607, Voltaj=2607.000V
2025-11-16 14:34:50 - spektroskopi - INFO - Raspberry Pi verisi işlendi: SENSOR_2 = 2607.000V
2025-11-16 14:34:50 - spektroskopi - INFO - Raspberry Pi'dan veri alındı: 6e400005-b5a3-f393-e0a9-e50e24dcca9e (Handle: 16): Unknown, uzunluk: 2
2025-11-16 14:34:50 - spektroskopi - INFO - Raspberry Pi verisi: Ham=2475, Voltaj=2475.000V
2025-11-16 14:34:50 - spektroskopi - INFO - Raspberry Pi verisi işlendi: SENSOR_EXTRA = 2475.000V
2025-11-16 14:34:50 - spektroskopi - INFO - Raspberry Pi'dan veri alındı: 6e400003-b5a3-f393-e0a9-e50e24dcca9e (Handle: 8): Nordic UART TX, uzunluk: 2
2025-11-16 14:34:50 - spektroskopi - INFO - Raspberry Pi verisi: Ham=1513, Voltaj=1513.000V
2025-11-16 14:34:50 - spektroskopi - INFO - Raspberry Pi verisi işlendi: SENSOR_5 = 1513.000V
2025-11-16 14:34:50 - spektroskopi - INFO - Raspberry Pi'dan veri alındı: 6e400004-b5a3-f393-e0a9-e50e24dcca9e (Handle: 11): Unknown, uzunluk: 2
2025-11-16 14:34:50 - spektroskopi - INFO - Raspberry Pi verisi: Ham=1192, Voltaj=1192.000V
2025-11-16 14:34:50 - spektroskopi - INFO - Raspberry Pi verisi işlendi: SENSOR_7 = 1192.000V
2025-11-16 14:34:50 - spektroskopi - WARNING - Zaman sıralama düzeltildi: 2025-11-16 14:34:50.691808
2025-11-16 14:34:50 - spektroskopi - WARNING - Zaman sıralama düzeltildi: 2025-11-16 14:34:50.692808
2025-11-16 14:34:50 - spektroskopi - WARNING - Zaman sıralama düzeltildi: 2025-11-16 14:34:50.693808
2025-11-16 14:34:50 - spektroskopi - WARNING - Zaman sıralama düzeltildi: 2025-11-16 14:34:50.694808
2025-11-16 14:34:50 - spektroskopi - WARNING - Zaman sıralama düzeltildi: 2025-11-16 14:34:50.695808
2025-11-16 14:34:50 - spektroskopi - WARNING - Zaman sıralama düzeltildi: 2025-11-16 14:34:50.696808
2025-11-16 14:34:50 - spektroskopi - WARNING - Zaman sıralama düzeltildi: 2025-11-16 14:34:50.697808
2025-11-16 14:34:50 - spektroskopi - WARNING - Zaman sıralama düzeltildi: 2025-11-16 14:34:50.698808
2025-11-16 14:34:50 - spektroskopi - INFO - Raspberry Pi'dan veri alındı: 6e400002-b5a3-f393-e0a9-e50e24dcca9e (Handle: 19): Nordic UART RX, uzunluk: 2
2025-11-16 14:34:50 - spektroskopi - INFO - Raspberry Pi verisi: Ham=2633, Voltaj=2633.000V
2025-11-16 14:34:50 - spektroskopi - INFO - Raspberry Pi verisi işlendi: SENSOR_2 = 2633.000V
2025-11-16 14:34:51 - spektroskopi - INFO - Raspberry Pi'dan veri alındı: 6e400005-b5a3-f393-e0a9-e50e24dcca9e (Handle: 16): Unknown, uzunluk: 2
2025-11-16 14:34:51 - spektroskopi - INFO - Raspberry Pi verisi: Ham=2504, Voltaj=2504.000V
2025-11-16 14:34:51 - spektroskopi - INFO - Raspberry Pi verisi işlendi: SENSOR_EXTRA = 2504.000V
2025-11-16 14:34:51 - spektroskopi - INFO - Raspberry Pi'dan veri alındı: 6e400003-b5a3-f393-e0a9-e50e24dcca9e (Handle: 8): Nordic UART TX, uzunluk: 2
2025-11-16 14:34:51 - spektroskopi - INFO - Raspberry Pi verisi: Ham=1495, Voltaj=1495.000V
2025-11-16 14:34:51 - spektroskopi - INFO - Raspberry Pi verisi işlendi: SENSOR_5 = 1495.000V
2025-11-16 14:34:51 - spektroskopi - INFO - Raspberry Pi'dan veri alındı: 6e400004-b5a3-f393-e0a9-e50e24dcca9e (Handle: 11): Unknown, uzunluk: 2
2025-11-16 14:34:51 - spektroskopi - INFO - Raspberry Pi verisi: Ham=1098, Voltaj=1098.000V
2025-11-16 14:34:51 - spektroskopi - INFO - Raspberry Pi verisi işlendi: SENSOR_7 = 1098.000V
2025-11-16 14:34:51 - spektroskopi - INFO - Raspberry Pi'dan veri alındı: 6e400002-b5a3-f393-e0a9-e50e24dcca9e (Handle: 19): Nordic UART RX, uzunluk: 2
2025-11-16 14:34:51 - spektroskopi - INFO - Raspberry Pi verisi: Ham=2993, Voltaj=2993.000V
2025-11-16 14:34:51 - spektroskopi - INFO - Raspberry Pi verisi işlendi: SENSOR_2 = 2993.000V
2025-11-16 14:34:51 - spektroskopi - INFO - Raspberry Pi'dan veri alındı: 6e400005-b5a3-f393-e0a9-e50e24dcca9e (Handle: 16): Unknown, uzunluk: 2
2025-11-16 14:34:51 - spektroskopi - INFO - Raspberry Pi verisi: Ham=2007, Voltaj=2007.000V
2025-11-16 14:34:51 - spektroskopi - INFO - Raspberry Pi verisi işlendi: SENSOR_EXTRA = 2007.000V
2025-11-16 14:34:51 - spektroskopi - INFO - Raspberry Pi'dan veri alındı: 6e400003-b5a3-f393-e0a9-e50e24dcca9e (Handle: 8): Nordic UART TX, uzunluk: 2
2025-11-16 14:34:51 - spektroskopi - INFO - Raspberry Pi verisi: Ham=1774, Voltaj=1774.000V
2025-11-16 14:34:51 - spektroskopi - INFO - Raspberry Pi verisi işlendi: SENSOR_5 = 1774.000V
2025-11-16 14:34:51 - spektroskopi - WARNING - Zaman sıralama düzeltildi: 2025-11-16 14:34:51.712797
2025-11-16 14:34:51 - spektroskopi - WARNING - Zaman sıralama düzeltildi: 2025-11-16 14:34:51.713797
2025-11-16 14:34:51 - spektroskopi - WARNING - Zaman sıralama düzeltildi: 2025-11-16 14:34:51.714797
2025-11-16 14:34:51 - spektroskopi - WARNING - Zaman sıralama düzeltildi: 2025-11-16 14:34:51.715797
2025-11-16 14:34:51 - spektroskopi - WARNING - Zaman sıralama düzeltildi: 2025-11-16 14:34:51.716797
2025-11-16 14:34:51 - spektroskopi - WARNING - Zaman sıralama düzeltildi: 2025-11-16 14:34:51.717797
2025-11-16 14:34:51 - spektroskopi - WARNING - Zaman sıralama düzeltildi: 2025-11-16 14:34:51.718797
2025-11-16 14:34:51 - spektroskopi - INFO - Raspberry Pi'dan veri alındı: 6e400004-b5a3-f393-e0a9-e50e24dcca9e (Handle: 11): Unknown, uzunluk: 2
2025-11-16 14:34:51 - spektroskopi - INFO - Raspberry Pi verisi: Ham=1528, Voltaj=1528.000V
2025-11-16 14:34:51 - spektroskopi - INFO - Raspberry Pi verisi işlendi: SENSOR_7 = 1528.000V
2025-11-16 14:34:52 - spektroskopi - INFO - Raspberry Pi'dan veri alındı: 6e400002-b5a3-f393-e0a9-e50e24dcca9e (Handle: 19): Nordic UART RX, uzunluk: 2
2025-11-16 14:34:52 - spektroskopi - INFO - Raspberry Pi verisi: Ham=1227, Voltaj=1227.000V
2025-11-16 14:34:52 - spektroskopi - INFO - Raspberry Pi verisi işlendi: SENSOR_2 = 1227.000V
2025-11-16 14:34:52 - spektroskopi - INFO - Raspberry Pi'dan veri alındı: 6e400005-b5a3-f393-e0a9-e50e24dcca9e (Handle: 16): Unknown, uzunluk: 2
2025-11-16 14:34:52 - spektroskopi - INFO - Raspberry Pi verisi: Ham=194, Voltaj=194.000V
2025-11-16 14:34:52 - spektroskopi - INFO - Raspberry Pi verisi işlendi: SENSOR_EXTRA = 194.000V
2025-11-16 14:34:52 - spektroskopi - INFO - Raspberry Pi'dan veri alındı: 6e400003-b5a3-f393-e0a9-e50e24dcca9e (Handle: 8): Nordic UART TX, uzunluk: 2
2025-11-16 14:34:52 - spektroskopi - INFO - Raspberry Pi verisi: Ham=457, Voltaj=457.000V
2025-11-16 14:34:52 - spektroskopi - INFO - Raspberry Pi verisi işlendi: SENSOR_5 = 457.000V
2025-11-16 14:34:52 - spektroskopi - INFO - Raspberry Pi'dan veri alındı: 6e400004-b5a3-f393-e0a9-e50e24dcca9e (Handle: 11): Unknown, uzunluk: 2
2025-11-16 14:34:52 - spektroskopi - INFO - Raspberry Pi verisi: Ham=322, Voltaj=322.000V
2025-11-16 14:34:52 - spektroskopi - INFO - Raspberry Pi verisi işlendi: SENSOR_7 = 322.000V
2025-11-16 14:34:52 - spektroskopi - INFO - Raspberry Pi'dan veri alındı: 6e400002-b5a3-f393-e0a9-e50e24dcca9e (Handle: 19): Nordic UART RX, uzunluk: 2
2025-11-16 14:34:52 - spektroskopi - INFO - Raspberry Pi verisi: Ham=3255, Voltaj=3255.000V
2025-11-16 14:34:52 - spektroskopi - INFO - Raspberry Pi verisi işlendi: SENSOR_2 = 3255.000V
2025-11-16 14:34:52 - spektroskopi - INFO - Raspberry Pi'dan veri alındı: 6e400005-b5a3-f393-e0a9-e50e24dcca9e (Handle: 16): Unknown, uzunluk: 2
2025-11-16 14:34:52 - spektroskopi - INFO - Raspberry Pi verisi: Ham=284, Voltaj=284.000V
2025-11-16 14:34:52 - spektroskopi - INFO - Raspberry Pi verisi işlendi: SENSOR_EXTRA = 284.000V
2025-11-16 14:34:52 - spektroskopi - WARNING - Zaman sıralama düzeltildi: 2025-11-16 14:34:52.732803
2025-11-16 14:34:52 - spektroskopi - WARNING - Zaman sıralama düzeltildi: 2025-11-16 14:34:52.733803
2025-11-16 14:34:52 - spektroskopi - WARNING - Zaman sıralama düzeltildi: 2025-11-16 14:34:52.734803
2025-11-16 14:34:52 - spektroskopi - WARNING - Zaman sıralama düzeltildi: 2025-11-16 14:34:52.735803
2025-11-16 14:34:52 - spektroskopi - WARNING - Zaman sıralama düzeltildi: 2025-11-16 14:34:52.736803
2025-11-16 14:34:52 - spektroskopi - WARNING - Zaman sıralama düzeltildi: 2025-11-16 14:34:52.737803
2025-11-16 14:34:52 - spektroskopi - WARNING - Zaman sıralama düzeltildi: 2025-11-16 14:34:52.738803
2025-11-16 14:34:52 - spektroskopi - INFO - Raspberry Pi'dan veri alındı: 6e400003-b5a3-f393-e0a9-e50e24dcca9e (Handle: 8): Nordic UART TX, uzunluk: 2
2025-11-16 14:34:52 - spektroskopi - INFO - Raspberry Pi verisi: Ham=439, Voltaj=439.000V
2025-11-16 14:34:52 - spektroskopi - INFO - Raspberry Pi verisi işlendi: SENSOR_5 = 439.000V
2025-11-16 14:34:52 - spektroskopi - INFO - Raspberry Pi'dan veri alındı: 6e400004-b5a3-f393-e0a9-e50e24dcca9e (Handle: 11): Unknown, uzunluk: 2
2025-11-16 14:34:52 - spektroskopi - INFO - Raspberry Pi verisi: Ham=321, Voltaj=321.000V
2025-11-16 14:34:52 - spektroskopi - INFO - Raspberry Pi verisi işlendi: SENSOR_7 = 321.000V
2025-11-16 14:34:53 - spektroskopi - INFO - Raspberry Pi'dan veri alındı: 6e400002-b5a3-f393-e0a9-e50e24dcca9e (Handle: 19): Nordic UART RX, uzunluk: 2
2025-11-16 14:34:53 - spektroskopi - INFO - Raspberry Pi verisi: Ham=3255, Voltaj=3255.000V
2025-11-16 14:34:53 - spektroskopi - INFO - Raspberry Pi verisi işlendi: SENSOR_2 = 3255.000V
2025-11-16 14:34:53 - spektroskopi - INFO - Raspberry Pi'dan veri alındı: 6e400005-b5a3-f393-e0a9-e50e24dcca9e (Handle: 16): Unknown, uzunluk: 2
2025-11-16 14:34:53 - spektroskopi - INFO - Raspberry Pi verisi: Ham=283, Voltaj=283.000V
2025-11-16 14:34:53 - spektroskopi - INFO - Raspberry Pi verisi işlendi: SENSOR_EXTRA = 283.000V
2025-11-16 14:34:53 - spektroskopi - INFO - Raspberry Pi'dan veri alındı: 6e400003-b5a3-f393-e0a9-e50e24dcca9e (Handle: 8): Nordic UART TX, uzunluk: 2
2025-11-16 14:34:53 - spektroskopi - INFO - Raspberry Pi verisi: Ham=440, Voltaj=440.000V
2025-11-16 14:34:53 - spektroskopi - INFO - Raspberry Pi verisi işlendi: SENSOR_5 = 440.000V
2025-11-16 14:34:53 - spektroskopi - INFO - Raspberry Pi'dan veri alındı: 6e400004-b5a3-f393-e0a9-e50e24dcca9e (Handle: 11): Unknown, uzunluk: 2
2025-11-16 14:34:53 - spektroskopi - INFO - Raspberry Pi verisi: Ham=322, Voltaj=322.000V
2025-11-16 14:34:53 - spektroskopi - INFO - Raspberry Pi verisi işlendi: SENSOR_7 = 322.000V
2025-11-16 14:34:53 - spektroskopi - INFO - Raspberry Pi'dan veri alındı: 6e400002-b5a3-f393-e0a9-e50e24dcca9e (Handle: 19): Nordic UART RX, uzunluk: 2
2025-11-16 14:34:53 - spektroskopi - INFO - Raspberry Pi verisi: Ham=3256, Voltaj=3256.000V
2025-11-16 14:34:53 - spektroskopi - INFO - Raspberry Pi verisi işlendi: SENSOR_2 = 3256.000V
2025-11-16 14:34:53 - spektroskopi - WARNING - Zaman sıralama düzeltildi: 2025-11-16 14:34:53.752902
2025-11-16 14:34:53 - spektroskopi - WARNING - Zaman sıralama düzeltildi: 2025-11-16 14:34:53.753902
2025-11-16 14:34:53 - spektroskopi - WARNING - Zaman sıralama düzeltildi: 2025-11-16 14:34:53.754902
2025-11-16 14:34:53 - spektroskopi - WARNING - Zaman sıralama düzeltildi: 2025-11-16 14:34:53.755902
2025-11-16 14:34:53 - spektroskopi - WARNING - Zaman sıralama düzeltildi: 2025-11-16 14:34:53.756902
2025-11-16 14:34:53 - spektroskopi - WARNING - Zaman sıralama düzeltildi: 2025-11-16 14:34:53.757902
2025-11-16 14:34:53 - spektroskopi - WARNING - Zaman sıralama düzeltildi: 2025-11-16 14:34:53.758902
2025-11-16 14:34:53 - spektroskopi - INFO - Raspberry Pi'dan veri alındı: 6e400005-b5a3-f393-e0a9-e50e24dcca9e (Handle: 16): Unknown, uzunluk: 2
2025-11-16 14:34:53 - spektroskopi - INFO - Raspberry Pi verisi: Ham=283, Voltaj=283.000V
2025-11-16 14:34:53 - spektroskopi - INFO - Raspberry Pi verisi işlendi: SENSOR_EXTRA = 283.000V
2025-11-16 14:34:53 - spektroskopi - INFO - Raspberry Pi'dan veri alındı: 6e400003-b5a3-f393-e0a9-e50e24dcca9e (Handle: 8): Nordic UART TX, uzunluk: 2
2025-11-16 14:34:53 - spektroskopi - INFO - Raspberry Pi verisi: Ham=439, Voltaj=439.000V
2025-11-16 14:34:53 - spektroskopi - INFO - Raspberry Pi verisi işlendi: SENSOR_5 = 439.000V
2025-11-16 14:34:54 - spektroskopi - INFO - Raspberry Pi'dan veri alındı: 6e400004-b5a3-f393-e0a9-e50e24dcca9e (Handle: 11): Unknown, uzunluk: 2
2025-11-16 14:34:54 - spektroskopi - INFO - Raspberry Pi verisi: Ham=321, Voltaj=321.000V
2025-11-16 14:34:54 - spektroskopi - INFO - Raspberry Pi verisi işlendi: SENSOR_7 = 321.000V
2025-11-16 14:34:54 - spektroskopi - INFO - Raspberry Pi'dan veri alındı: 6e400002-b5a3-f393-e0a9-e50e24dcca9e (Handle: 19): Nordic UART RX, uzunluk: 2
2025-11-16 14:34:54 - spektroskopi - INFO - Raspberry Pi verisi: Ham=3255, Voltaj=3255.000V
2025-11-16 14:34:54 - spektroskopi - INFO - Raspberry Pi verisi işlendi: SENSOR_2 = 3255.000V
2025-11-16 14:34:54 - spektroskopi - INFO - Raspberry Pi'dan veri alındı: 6e400005-b5a3-f393-e0a9-e50e24dcca9e (Handle: 16): Unknown, uzunluk: 2
2025-11-16 14:34:54 - spektroskopi - INFO - Raspberry Pi verisi: Ham=282, Voltaj=282.000V
2025-11-16 14:34:54 - spektroskopi - INFO - Raspberry Pi verisi işlendi: SENSOR_EXTRA = 282.000V
2025-11-16 14:34:54 - spektroskopi - INFO - Raspberry Pi'dan veri alındı: 6e400003-b5a3-f393-e0a9-e50e24dcca9e (Handle: 8): Nordic UART TX, uzunluk: 2
2025-11-16 14:34:54 - spektroskopi - INFO - Raspberry Pi verisi: Ham=440, Voltaj=440.000V
2025-11-16 14:34:54 - spektroskopi - INFO - Raspberry Pi verisi işlendi: SENSOR_5 = 440.000V
2025-11-16 14:34:54 - spektroskopi - INFO - Raspberry Pi'dan veri alındı: 6e400004-b5a3-f393-e0a9-e50e24dcca9e (Handle: 11): Unknown, uzunluk: 2
2025-11-16 14:34:54 - spektroskopi - INFO - Raspberry Pi verisi: Ham=321, Voltaj=321.000V
2025-11-16 14:34:54 - spektroskopi - INFO - Raspberry Pi verisi işlendi: SENSOR_7 = 321.000V
2025-11-16 14:34:54 - spektroskopi - WARNING - Zaman sıralama düzeltildi: 2025-11-16 14:34:54.712866
2025-11-16 14:34:54 - spektroskopi - WARNING - Zaman sıralama düzeltildi: 2025-11-16 14:34:54.713866
2025-11-16 14:34:54 - spektroskopi - WARNING - Zaman sıralama düzeltildi: 2025-11-16 14:34:54.714866
2025-11-16 14:34:54 - spektroskopi - WARNING - Zaman sıralama düzeltildi: 2025-11-16 14:34:54.715866
2025-11-16 14:34:54 - spektroskopi - WARNING - Zaman sıralama düzeltildi: 2025-11-16 14:34:54.716866
2025-11-16 14:34:54 - spektroskopi - WARNING - Zaman sıralama düzeltildi: 2025-11-16 14:34:54.717866
2025-11-16 14:34:54 - spektroskopi - WARNING - Zaman sıralama düzeltildi: 2025-11-16 14:34:54.718866
2025-11-16 14:34:54 - spektroskopi - INFO - Raspberry Pi'dan veri alındı: 6e400002-b5a3-f393-e0a9-e50e24dcca9e (Handle: 19): Nordic UART RX, uzunluk: 2
2025-11-16 14:34:54 - spektroskopi - INFO - Raspberry Pi verisi: Ham=3256, Voltaj=3256.000V
2025-11-16 14:34:54 - spektroskopi - INFO - Raspberry Pi verisi işlendi: SENSOR_2 = 3256.000V
2025-11-16 14:34:55 - spektroskopi - INFO - Raspberry Pi'dan veri alındı: 6e400005-b5a3-f393-e0a9-e50e24dcca9e (Handle: 16): Unknown, uzunluk: 2
2025-11-16 14:34:55 - spektroskopi - INFO - Raspberry Pi verisi: Ham=281, Voltaj=281.000V
2025-11-16 14:34:55 - spektroskopi - INFO - Raspberry Pi verisi işlendi: SENSOR_EXTRA = 281.000V
2025-11-16 14:34:55 - spektroskopi - INFO - Raspberry Pi'dan veri alındı: 6e400003-b5a3-f393-e0a9-e50e24dcca9e (Handle: 8): Nordic UART TX, uzunluk: 2
2025-11-16 14:34:55 - spektroskopi - INFO - Raspberry Pi verisi: Ham=439, Voltaj=439.000V
2025-11-16 14:34:55 - spektroskopi - INFO - Raspberry Pi verisi işlendi: SENSOR_5 = 439.000V
2025-11-16 14:34:55 - spektroskopi - INFO - Raspberry Pi'dan veri alındı: 6e400004-b5a3-f393-e0a9-e50e24dcca9e (Handle: 11): Unknown, uzunluk: 2
2025-11-16 14:34:55 - spektroskopi - INFO - Raspberry Pi verisi: Ham=320, Voltaj=320.000V
2025-11-16 14:34:55 - spektroskopi - INFO - Raspberry Pi verisi işlendi: SENSOR_7 = 320.000V
2025-11-16 14:34:55 - spektroskopi - INFO - Raspberry Pi'dan veri alındı: 6e400002-b5a3-f393-e0a9-e50e24dcca9e (Handle: 19): Nordic UART RX, uzunluk: 2
2025-11-16 14:34:55 - spektroskopi - INFO - Raspberry Pi verisi: Ham=3255, Voltaj=3255.000V
2025-11-16 14:34:55 - spektroskopi - INFO - Raspberry Pi verisi işlendi: SENSOR_2 = 3255.000V
2025-11-16 14:34:55 - spektroskopi - INFO - Raspberry Pi'dan veri alındı: 6e400005-b5a3-f393-e0a9-e50e24dcca9e (Handle: 16): Unknown, uzunluk: 2
2025-11-16 14:34:55 - spektroskopi - INFO - Raspberry Pi verisi: Ham=282, Voltaj=282.000V
2025-11-16 14:34:55 - spektroskopi - INFO - Raspberry Pi verisi işlendi: SENSOR_EXTRA = 282.000V
2025-11-16 14:34:55 - spektroskopi - INFO - Raspberry Pi'dan veri alındı: 6e400003-b5a3-f393-e0a9-e50e24dcca9e (Handle: 8): Nordic UART TX, uzunluk: 2
2025-11-16 14:34:55 - spektroskopi - INFO - Raspberry Pi verisi: Ham=438, Voltaj=438.000V
2025-11-16 14:34:55 - spektroskopi - INFO - Raspberry Pi verisi işlendi: SENSOR_5 = 438.000V
2025-11-16 14:34:55 - spektroskopi - WARNING - Zaman sıralama düzeltildi: 2025-11-16 14:34:55.730946
2025-11-16 14:34:55 - spektroskopi - WARNING - Zaman sıralama düzeltildi: 2025-11-16 14:34:55.731946
2025-11-16 14:34:55 - spektroskopi - WARNING - Zaman sıralama düzeltildi: 2025-11-16 14:34:55.732946
2025-11-16 14:34:55 - spektroskopi - WARNING - Zaman sıralama düzeltildi: 2025-11-16 14:34:55.733946
2025-11-16 14:34:55 - spektroskopi - WARNING - Zaman sıralama düzeltildi: 2025-11-16 14:34:55.734946
2025-11-16 14:34:55 - spektroskopi - WARNING - Zaman sıralama düzeltildi: 2025-11-16 14:34:55.735946
2025-11-16 14:34:55 - spektroskopi - WARNING - Zaman sıralama düzeltildi: 2025-11-16 14:34:55.736946
2025-11-16 14:34:55 - spektroskopi - INFO - Raspberry Pi'dan veri alındı: 6e400004-b5a3-f393-e0a9-e50e24dcca9e (Handle: 11): Unknown, uzunluk: 2
2025-11-16 14:34:55 - spektroskopi - INFO - Raspberry Pi verisi: Ham=321, Voltaj=321.000V
2025-11-16 14:34:55 - spektroskopi - INFO - Raspberry Pi verisi işlendi: SENSOR_7 = 321.000V
2025-11-16 14:34:56 - spektroskopi - INFO - Raspberry Pi'dan veri alındı: 6e400002-b5a3-f393-e0a9-e50e24dcca9e (Handle: 19): Nordic UART RX, uzunluk: 2
2025-11-16 14:34:56 - spektroskopi - INFO - Raspberry Pi verisi: Ham=3255, Voltaj=3255.000V
2025-11-16 14:34:56 - spektroskopi - INFO - Raspberry Pi verisi işlendi: SENSOR_2 = 3255.000V
2025-11-16 14:34:56 - spektroskopi - INFO - Raspberry Pi'dan veri alındı: 6e400005-b5a3-f393-e0a9-e50e24dcca9e (Handle: 16): Unknown, uzunluk: 2
2025-11-16 14:34:56 - spektroskopi - INFO - Raspberry Pi verisi: Ham=283, Voltaj=283.000V
2025-11-16 14:34:56 - spektroskopi - INFO - Raspberry Pi verisi işlendi: SENSOR_EXTRA = 283.000V
2025-11-16 14:34:56 - spektroskopi - INFO - Raspberry Pi'dan veri alındı: 6e400003-b5a3-f393-e0a9-e50e24dcca9e (Handle: 8): Nordic UART TX, uzunluk: 2
2025-11-16 14:34:56 - spektroskopi - INFO - Raspberry Pi verisi: Ham=440, Voltaj=440.000V
2025-11-16 14:34:56 - spektroskopi - INFO - Raspberry Pi verisi işlendi: SENSOR_5 = 440.000V
2025-11-16 14:34:56 - spektroskopi - INFO - Raspberry Pi'dan veri alındı: 6e400004-b5a3-f393-e0a9-e50e24dcca9e (Handle: 11): Unknown, uzunluk: 2
2025-11-16 14:34:56 - spektroskopi - INFO - Raspberry Pi verisi: Ham=321, Voltaj=321.000V
2025-11-16 14:34:56 - spektroskopi - INFO - Raspberry Pi verisi işlendi: SENSOR_7 = 321.000V
2025-11-16 14:34:56 - spektroskopi - INFO - Raspberry Pi'dan veri alındı: 6e400002-b5a3-f393-e0a9-e50e24dcca9e (Handle: 19): Nordic UART RX, uzunluk: 2
2025-11-16 14:34:56 - spektroskopi - INFO - Raspberry Pi verisi: Ham=3255, Voltaj=3255.000V
2025-11-16 14:34:56 - spektroskopi - INFO - Raspberry Pi verisi işlendi: SENSOR_2 = 3255.000V
2025-11-16 14:34:56 - spektroskopi - INFO - Raspberry Pi'dan veri alındı: 6e400005-b5a3-f393-e0a9-e50e24dcca9e (Handle: 16): Unknown, uzunluk: 2
2025-11-16 14:34:56 - spektroskopi - INFO - Raspberry Pi verisi: Ham=283, Voltaj=283.000V
2025-11-16 14:34:56 - spektroskopi - INFO - Raspberry Pi verisi işlendi: SENSOR_EXTRA = 283.000V
2025-11-16 14:34:56 - spektroskopi - WARNING - Zaman sıralama düzeltildi: 2025-11-16 14:34:56.750998
2025-11-16 14:34:56 - spektroskopi - WARNING - Zaman sıralama düzeltildi: 2025-11-16 14:34:56.751998
2025-11-16 14:34:56 - spektroskopi - WARNING - Zaman sıralama düzeltildi: 2025-11-16 14:34:56.752998
2025-11-16 14:34:56 - spektroskopi - WARNING - Zaman sıralama düzeltildi: 2025-11-16 14:34:56.753998
2025-11-16 14:34:56 - spektroskopi - WARNING - Zaman sıralama düzeltildi: 2025-11-16 14:34:56.754998
2025-11-16 14:34:56 - spektroskopi - WARNING - Zaman sıralama düzeltildi: 2025-11-16 14:34:56.755998
2025-11-16 14:34:56 - spektroskopi - WARNING - Zaman sıralama düzeltildi: 2025-11-16 14:34:56.756998
2025-11-16 14:34:56 - spektroskopi - INFO - Raspberry Pi'dan veri alındı: 6e400003-b5a3-f393-e0a9-e50e24dcca9e (Handle: 8): Nordic UART TX, uzunluk: 2
2025-11-16 14:34:56 - spektroskopi - INFO - Raspberry Pi verisi: Ham=440, Voltaj=440.000V
2025-11-16 14:34:56 - spektroskopi - INFO - Raspberry Pi verisi işlendi: SENSOR_5 = 440.000V
2025-11-16 14:34:56 - spektroskopi - INFO - Raspberry Pi'dan veri alındı: 6e400004-b5a3-f393-e0a9-e50e24dcca9e (Handle: 11): Unknown, uzunluk: 2
2025-11-16 14:34:56 - spektroskopi - INFO - Raspberry Pi verisi: Ham=321, Voltaj=321.000V
2025-11-16 14:34:56 - spektroskopi - INFO - Raspberry Pi verisi işlendi: SENSOR_7 = 321.000V
2025-11-16 14:34:57 - spektroskopi - INFO - Raspberry Pi'dan veri alındı: 6e400002-b5a3-f393-e0a9-e50e24dcca9e (Handle: 19): Nordic UART RX, uzunluk: 2
2025-11-16 14:34:57 - spektroskopi - INFO - Raspberry Pi verisi: Ham=3255, Voltaj=3255.000V
2025-11-16 14:34:57 - spektroskopi - INFO - Raspberry Pi verisi işlendi: SENSOR_2 = 3255.000V
2025-11-16 14:34:57 - spektroskopi - INFO - Raspberry Pi'dan veri alındı: 6e400005-b5a3-f393-e0a9-e50e24dcca9e (Handle: 16): Unknown, uzunluk: 2
2025-11-16 14:34:57 - spektroskopi - INFO - Raspberry Pi verisi: Ham=285, Voltaj=285.000V
2025-11-16 14:34:57 - spektroskopi - INFO - Raspberry Pi verisi işlendi: SENSOR_EXTRA = 285.000V
2025-11-16 14:34:57 - spektroskopi - INFO - Raspberry Pi'dan veri alındı: 6e400003-b5a3-f393-e0a9-e50e24dcca9e (Handle: 8): Nordic UART TX, uzunluk: 2
2025-11-16 14:34:57 - spektroskopi - INFO - Raspberry Pi verisi: Ham=440, Voltaj=440.000V
2025-11-16 14:34:57 - spektroskopi - INFO - Raspberry Pi verisi işlendi: SENSOR_5 = 440.000V
2025-11-16 14:34:57 - spektroskopi - INFO - Raspberry Pi'dan veri alındı: 6e400004-b5a3-f393-e0a9-e50e24dcca9e (Handle: 11): Unknown, uzunluk: 2
2025-11-16 14:34:57 - spektroskopi - INFO - Raspberry Pi verisi: Ham=320, Voltaj=320.000V
2025-11-16 14:34:57 - spektroskopi - INFO - Raspberry Pi verisi işlendi: SENSOR_7 = 320.000V
2025-11-16 14:34:57 - spektroskopi - WARNING - Zaman sıralama düzeltildi: 2025-11-16 14:34:57.563046
2025-11-16 14:34:57 - spektroskopi - WARNING - Zaman sıralama düzeltildi: 2025-11-16 14:34:57.564046
2025-11-16 14:34:57 - spektroskopi - WARNING - Zaman sıralama düzeltildi: 2025-11-16 14:34:57.565046
2025-11-16 14:34:57 - spektroskopi - WARNING - Zaman sıralama düzeltildi: 2025-11-16 14:34:57.566046
2025-11-16 14:34:57 - spektroskopi - WARNING - Zaman sıralama düzeltildi: 2025-11-16 14:34:57.567046
2025-11-16 14:34:57 - spektroskopi - WARNING - Zaman sıralama düzeltildi: 2025-11-16 14:34:57.568046
2025-11-16 14:34:57 - spektroskopi - INFO - Raspberry Pi'dan veri alındı: 6e400002-b5a3-f393-e0a9-e50e24dcca9e (Handle: 19): Nordic UART RX, uzunluk: 2
2025-11-16 14:34:57 - spektroskopi - INFO - Raspberry Pi verisi: Ham=3255, Voltaj=3255.000V
2025-11-16 14:34:57 - spektroskopi - INFO - Raspberry Pi verisi işlendi: SENSOR_2 = 3255.000V
2025-11-16 14:34:57 - spektroskopi - INFO - Raspberry Pi'dan veri alındı: 6e400005-b5a3-f393-e0a9-e50e24dcca9e (Handle: 16): Unknown, uzunluk: 2
2025-11-16 14:34:57 - spektroskopi - INFO - Raspberry Pi verisi: Ham=285, Voltaj=285.000V
2025-11-16 14:34:57 - spektroskopi - INFO - Raspberry Pi verisi işlendi: SENSOR_EXTRA = 285.000V
2025-11-16 14:34:58 - spektroskopi - INFO - Raspberry Pi'dan veri alındı: 6e400003-b5a3-f393-e0a9-e50e24dcca9e (Handle: 8): Nordic UART TX, uzunluk: 2
2025-11-16 14:34:58 - spektroskopi - INFO - Raspberry Pi verisi: Ham=440, Voltaj=440.000V
2025-11-16 14:34:58 - spektroskopi - INFO - Raspberry Pi verisi işlendi: SENSOR_5 = 440.000V
2025-11-16 14:34:58 - spektroskopi - INFO - Raspberry Pi'dan veri alındı: 6e400004-b5a3-f393-e0a9-e50e24dcca9e (Handle: 11): Unknown, uzunluk: 2
2025-11-16 14:34:58 - spektroskopi - INFO - Raspberry Pi verisi: Ham=321, Voltaj=321.000V
2025-11-16 14:34:58 - spektroskopi - INFO - Raspberry Pi verisi işlendi: SENSOR_7 = 321.000V
2025-11-16 14:34:58 - spektroskopi - INFO - Raspberry Pi'dan veri alındı: 6e400002-b5a3-f393-e0a9-e50e24dcca9e (Handle: 19): Nordic UART RX, uzunluk: 2
2025-11-16 14:34:58 - spektroskopi - INFO - Raspberry Pi verisi: Ham=3255, Voltaj=3255.000V
2025-11-16 14:34:58 - spektroskopi - INFO - Raspberry Pi verisi işlendi: SENSOR_2 = 3255.000V
2025-11-16 14:34:58 - spektroskopi - INFO - Raspberry Pi'dan veri alındı: 6e400005-b5a3-f393-e0a9-e50e24dcca9e (Handle: 16): Unknown, uzunluk: 2
2025-11-16 14:34:58 - spektroskopi - INFO - Raspberry Pi verisi: Ham=287, Voltaj=287.000V
2025-11-16 14:34:58 - spektroskopi - INFO - Raspberry Pi verisi işlendi: SENSOR_EXTRA = 287.000V
2025-11-16 14:34:58 - spektroskopi - INFO - Raspberry Pi'dan veri alındı: 6e400003-b5a3-f393-e0a9-e50e24dcca9e (Handle: 8): Nordic UART TX, uzunluk: 2
2025-11-16 14:34:58 - spektroskopi - INFO - Raspberry Pi verisi: Ham=442, Voltaj=442.000V
2025-11-16 14:34:58 - spektroskopi - INFO - Raspberry Pi verisi işlendi: SENSOR_5 = 442.000V
2025-11-16 14:34:58 - spektroskopi - INFO - LED KAPATMA komutu queue'ya eklendi
2025-11-16 14:34:58 - spektroskopi - INFO - LED'ler kullanıcı tarafından kapatıldı
2025-11-16 14:34:58 - spektroskopi - INFO - Raspberry Pi'dan veri alındı: 6e400004-b5a3-f393-e0a9-e50e24dcca9e (Handle: 11): Unknown, uzunluk: 2
2025-11-16 14:34:58 - spektroskopi - INFO - Raspberry Pi verisi: Ham=321, Voltaj=321.000V
2025-11-16 14:34:58 - spektroskopi - INFO - Raspberry Pi verisi işlendi: SENSOR_7 = 321.000V
2025-11-16 14:34:58 - spektroskopi - WARNING - Zaman sıralama düzeltildi: 2025-11-16 14:34:58.732636
2025-11-16 14:34:58 - spektroskopi - WARNING - Zaman sıralama düzeltildi: 2025-11-16 14:34:58.733636
2025-11-16 14:34:58 - spektroskopi - WARNING - Zaman sıralama düzeltildi: 2025-11-16 14:34:58.734636
2025-11-16 14:34:58 - spektroskopi - WARNING - Zaman sıralama düzeltildi: 2025-11-16 14:34:58.735636
2025-11-16 14:34:58 - spektroskopi - WARNING - Zaman sıralama düzeltildi: 2025-11-16 14:34:58.736636
2025-11-16 14:34:58 - spektroskopi - WARNING - Zaman sıralama düzeltildi: 2025-11-16 14:34:58.737636
2025-11-16 14:34:58 - spektroskopi - WARNING - Zaman sıralama düzeltildi: 2025-11-16 14:34:58.738636
2025-11-16 14:34:58 - spektroskopi - WARNING - Zaman sıralama düzeltildi: 2025-11-16 14:34:58.739636
2025-11-16 14:34:58 - spektroskopi - INFO - LED kontrol komutu gönderildi: KAPATILDI
2025-11-16 14:34:58 - spektroskopi - INFO - Raspberry Pi'dan veri alındı: 6e400002-b5a3-f393-e0a9-e50e24dcca9e (Handle: 19): Nordic UART RX, uzunluk: 2
2025-11-16 14:34:58 - spektroskopi - INFO - Raspberry Pi verisi: Ham=3255, Voltaj=3255.000V
2025-11-16 14:34:58 - spektroskopi - INFO - Raspberry Pi verisi işlendi: SENSOR_2 = 3255.000V
2025-11-16 14:34:59 - spektroskopi - INFO - Raspberry Pi'dan veri alındı: 6e400005-b5a3-f393-e0a9-e50e24dcca9e (Handle: 16): Unknown, uzunluk: 2
2025-11-16 14:34:59 - spektroskopi - INFO - Raspberry Pi verisi: Ham=287, Voltaj=287.000V
2025-11-16 14:34:59 - spektroskopi - INFO - Raspberry Pi verisi işlendi: SENSOR_EXTRA = 287.000V
2025-11-16 14:34:59 - spektroskopi - INFO - Raspberry Pi'dan veri alındı: 6e400003-b5a3-f393-e0a9-e50e24dcca9e (Handle: 8): Nordic UART TX, uzunluk: 2
2025-11-16 14:34:59 - spektroskopi - INFO - Raspberry Pi verisi: Ham=442, Voltaj=442.000V
2025-11-16 14:34:59 - spektroskopi - INFO - Raspberry Pi verisi işlendi: SENSOR_5 = 442.000V
2025-11-16 14:34:59 - spektroskopi - INFO - Raspberry Pi'dan veri alındı: 6e400004-b5a3-f393-e0a9-e50e24dcca9e (Handle: 11): Unknown, uzunluk: 2
2025-11-16 14:34:59 - spektroskopi - INFO - Raspberry Pi verisi: Ham=321, Voltaj=321.000V
2025-11-16 14:34:59 - spektroskopi - INFO - Raspberry Pi verisi işlendi: SENSOR_7 = 321.000V
2025-11-16 14:34:59 - spektroskopi - INFO - Raspberry Pi'dan veri alındı: 6e400002-b5a3-f393-e0a9-e50e24dcca9e (Handle: 19): Nordic UART RX, uzunluk: 2
2025-11-16 14:34:59 - spektroskopi - INFO - Raspberry Pi verisi: Ham=17, Voltaj=17.000V
2025-11-16 14:34:59 - spektroskopi - INFO - Raspberry Pi verisi işlendi: SENSOR_2 = 17.000V
2025-11-16 14:34:59 - spektroskopi - INFO - Raspberry Pi'dan veri alındı: 6e400005-b5a3-f393-e0a9-e50e24dcca9e (Handle: 16): Unknown, uzunluk: 2
2025-11-16 14:34:59 - spektroskopi - INFO - Raspberry Pi verisi: Ham=17, Voltaj=17.000V
2025-11-16 14:34:59 - spektroskopi - INFO - Raspberry Pi verisi işlendi: SENSOR_EXTRA = 17.000V
2025-11-16 14:34:59 - spektroskopi - INFO - Raspberry Pi'dan veri alındı: 6e400003-b5a3-f393-e0a9-e50e24dcca9e (Handle: 8): Nordic UART TX, uzunluk: 2
2025-11-16 14:34:59 - spektroskopi - INFO - Raspberry Pi verisi: Ham=3284, Voltaj=3284.000V
2025-11-16 14:34:59 - spektroskopi - INFO - Raspberry Pi verisi işlendi: SENSOR_5 = 3284.000V
2025-11-16 14:34:59 - spektroskopi - INFO - Raspberry Pi'dan veri alındı: 6e400004-b5a3-f393-e0a9-e50e24dcca9e (Handle: 11): Unknown, uzunluk: 2
2025-11-16 14:34:59 - spektroskopi - INFO - Raspberry Pi verisi: Ham=3283, Voltaj=3283.000V
2025-11-16 14:34:59 - spektroskopi - INFO - Raspberry Pi verisi işlendi: SENSOR_7 = 3283.000V
2025-11-16 14:34:59 - spektroskopi - WARNING - Zaman sıralama düzeltildi: 2025-11-16 14:34:59.630688
2025-11-16 14:34:59 - spektroskopi - WARNING - Zaman sıralama düzeltildi: 2025-11-16 14:34:59.631688
2025-11-16 14:34:59 - spektroskopi - WARNING - Zaman sıralama düzeltildi: 2025-11-16 14:34:59.632688
2025-11-16 14:34:59 - spektroskopi - WARNING - Zaman sıralama düzeltildi: 2025-11-16 14:34:59.633688
2025-11-16 14:34:59 - spektroskopi - WARNING - Zaman sıralama düzeltildi: 2025-11-16 14:34:59.634688
2025-11-16 14:34:59 - spektroskopi - WARNING - Zaman sıralama düzeltildi: 2025-11-16 14:34:59.635688
2025-11-16 14:34:59 - spektroskopi - WARNING - Zaman sıralama düzeltildi: 2025-11-16 14:34:59.636688
2025-11-16 14:34:59 - spektroskopi - WARNING - Zaman sıralama düzeltildi: 2025-11-16 14:34:59.637688
2025-11-16 14:34:59 - spektroskopi - INFO - Raspberry Pi'dan veri alındı: 6e400002-b5a3-f393-e0a9-e50e24dcca9e (Handle: 19): Nordic UART RX, uzunluk: 2
2025-11-16 14:34:59 - spektroskopi - INFO - Raspberry Pi verisi: Ham=17, Voltaj=17.000V
2025-11-16 14:34:59 - spektroskopi - INFO - Raspberry Pi verisi işlendi: SENSOR_2 = 17.000V
2025-11-16 14:34:59 - spektroskopi - INFO - Raspberry Pi'dan veri alındı: 6e400005-b5a3-f393-e0a9-e50e24dcca9e (Handle: 16): Unknown, uzunluk: 2
2025-11-16 14:34:59 - spektroskopi - INFO - Raspberry Pi verisi: Ham=17, Voltaj=17.000V
2025-11-16 14:34:59 - spektroskopi - INFO - Raspberry Pi verisi işlendi: SENSOR_EXTRA = 17.000V
2025-11-16 14:34:59 - spektroskopi - INFO - Raspberry Pi'dan veri alındı: 6e400003-b5a3-f393-e0a9-e50e24dcca9e (Handle: 8): Nordic UART TX, uzunluk: 2
2025-11-16 14:34:59 - spektroskopi - INFO - Raspberry Pi verisi: Ham=3283, Voltaj=3283.000V
2025-11-16 14:34:59 - spektroskopi - INFO - Raspberry Pi verisi işlendi: SENSOR_5 = 3283.000V
2025-11-16 14:34:59 - spektroskopi - INFO - Raspberry Pi'dan veri alındı: 6e400004-b5a3-f393-e0a9-e50e24dcca9e (Handle: 11): Unknown, uzunluk: 2
2025-11-16 14:34:59 - spektroskopi - INFO - Raspberry Pi verisi: Ham=3283, Voltaj=3283.000V
2025-11-16 14:34:59 - spektroskopi - INFO - Raspberry Pi verisi işlendi: SENSOR_7 = 3283.000V
2025-11-16 14:35:00 - spektroskopi - INFO - Raspberry Pi'dan veri alındı: 6e400002-b5a3-f393-e0a9-e50e24dcca9e (Handle: 19): Nordic UART RX, uzunluk: 2
2025-11-16 14:35:00 - spektroskopi - INFO - Raspberry Pi verisi: Ham=17, Voltaj=17.000V
2025-11-16 14:35:00 - spektroskopi - INFO - Raspberry Pi verisi işlendi: SENSOR_2 = 17.000V
2025-11-16 14:35:00 - spektroskopi - INFO - Raspberry Pi'dan veri alındı: 6e400005-b5a3-f393-e0a9-e50e24dcca9e (Handle: 16): Unknown, uzunluk: 2
2025-11-16 14:35:00 - spektroskopi - INFO - Raspberry Pi verisi: Ham=17, Voltaj=17.000V
2025-11-16 14:35:00 - spektroskopi - INFO - Raspberry Pi verisi işlendi: SENSOR_EXTRA = 17.000V
2025-11-16 14:35:00 - spektroskopi - INFO - Raspberry Pi'dan veri alındı: 6e400003-b5a3-f393-e0a9-e50e24dcca9e (Handle: 8): Nordic UART TX, uzunluk: 2
2025-11-16 14:35:00 - spektroskopi - INFO - Raspberry Pi verisi: Ham=3283, Voltaj=3283.000V
2025-11-16 14:35:00 - spektroskopi - INFO - Raspberry Pi verisi işlendi: SENSOR_5 = 3283.000V
2025-11-16 14:35:00 - spektroskopi - INFO - Raspberry Pi'dan veri alındı: 6e400004-b5a3-f393-e0a9-e50e24dcca9e (Handle: 11): Unknown, uzunluk: 2
2025-11-16 14:35:00 - spektroskopi - INFO - Raspberry Pi verisi: Ham=3284, Voltaj=3284.000V
2025-11-16 14:35:00 - spektroskopi - INFO - Raspberry Pi verisi işlendi: SENSOR_7 = 3284.000V
2025-11-16 14:35:00 - spektroskopi - INFO - Raspberry Pi'dan veri alındı: 6e400002-b5a3-f393-e0a9-e50e24dcca9e (Handle: 19): Nordic UART RX, uzunluk: 2
2025-11-16 14:35:00 - spektroskopi - INFO - Raspberry Pi verisi: Ham=17, Voltaj=17.000V
2025-11-16 14:35:00 - spektroskopi - INFO - Raspberry Pi verisi işlendi: SENSOR_2 = 17.000V
2025-11-16 14:35:00 - spektroskopi - INFO - Raspberry Pi'dan veri alındı: 6e400005-b5a3-f393-e0a9-e50e24dcca9e (Handle: 16): Unknown, uzunluk: 2
2025-11-16 14:35:00 - spektroskopi - INFO - Raspberry Pi verisi: Ham=17, Voltaj=17.000V
2025-11-16 14:35:00 - spektroskopi - INFO - Raspberry Pi verisi işlendi: SENSOR_EXTRA = 17.000V
2025-11-16 14:35:00 - spektroskopi - INFO - Raspberry Pi'dan veri alındı: 6e400003-b5a3-f393-e0a9-e50e24dcca9e (Handle: 8): Nordic UART TX, uzunluk: 2
2025-11-16 14:35:00 - spektroskopi - INFO - Raspberry Pi verisi: Ham=3283, Voltaj=3283.000V
2025-11-16 14:35:00 - spektroskopi - INFO - Raspberry Pi verisi işlendi: SENSOR_5 = 3283.000V
2025-11-16 14:35:00 - spektroskopi - INFO - Raspberry Pi'dan veri alındı: 6e400004-b5a3-f393-e0a9-e50e24dcca9e (Handle: 11): Unknown, uzunluk: 2
2025-11-16 14:35:00 - spektroskopi - INFO - Raspberry Pi verisi: Ham=3284, Voltaj=3284.000V
2025-11-16 14:35:00 - spektroskopi - INFO - Raspberry Pi verisi işlendi: SENSOR_7 = 3284.000V
2025-11-16 14:35:00 - spektroskopi - INFO - Raspberry Pi'dan veri alındı: 6e400002-b5a3-f393-e0a9-e50e24dcca9e (Handle: 19): Nordic UART RX, uzunluk: 2
2025-11-16 14:35:00 - spektroskopi - INFO - Raspberry Pi verisi: Ham=17, Voltaj=17.000V
2025-11-16 14:35:00 - spektroskopi - INFO - Raspberry Pi verisi işlendi: SENSOR_2 = 17.000V
2025-11-16 14:35:00 - spektroskopi - WARNING - Zaman sıralama düzeltildi: 2025-11-16 14:35:00.772826
2025-11-16 14:35:00 - spektroskopi - WARNING - Zaman sıralama düzeltildi: 2025-11-16 14:35:00.773826
2025-11-16 14:35:00 - spektroskopi - WARNING - Zaman sıralama düzeltildi: 2025-11-16 14:35:00.774826
2025-11-16 14:35:00 - spektroskopi - WARNING - Zaman sıralama düzeltildi: 2025-11-16 14:35:00.775826
2025-11-16 14:35:00 - spektroskopi - WARNING - Zaman sıralama düzeltildi: 2025-11-16 14:35:00.776826
2025-11-16 14:35:00 - spektroskopi - WARNING - Zaman sıralama düzeltildi: 2025-11-16 14:35:00.777826
2025-11-16 14:35:00 - spektroskopi - WARNING - Zaman sıralama düzeltildi: 2025-11-16 14:35:00.778826
2025-11-16 14:35:00 - spektroskopi - WARNING - Zaman sıralama düzeltildi: 2025-11-16 14:35:00.779826
2025-11-16 14:35:00 - spektroskopi - WARNING - Zaman sıralama düzeltildi: 2025-11-16 14:35:00.780826
2025-11-16 14:35:00 - spektroskopi - WARNING - Zaman sıralama düzeltildi: 2025-11-16 14:35:00.781826
2025-11-16 14:35:00 - spektroskopi - WARNING - Zaman sıralama düzeltildi: 2025-11-16 14:35:00.782826
2025-11-16 14:35:00 - spektroskopi - WARNING - Zaman sıralama düzeltildi: 2025-11-16 14:35:00.783826
2025-11-16 14:35:00 - spektroskopi - WARNING - Zaman sıralama düzeltildi: 2025-11-16 14:35:00.784826
2025-11-16 14:35:00 - spektroskopi - INFO - Raspberry Pi'dan veri alındı: 6e400005-b5a3-f393-e0a9-e50e24dcca9e (Handle: 16): Unknown, uzunluk: 2
2025-11-16 14:35:00 - spektroskopi - INFO - Raspberry Pi verisi: Ham=17, Voltaj=17.000V
2025-11-16 14:35:00 - spektroskopi - INFO - Raspberry Pi verisi işlendi: SENSOR_EXTRA = 17.000V
2025-11-16 14:35:00 - spektroskopi - INFO - Raspberry Pi'dan veri alındı: 6e400003-b5a3-f393-e0a9-e50e24dcca9e (Handle: 8): Nordic UART TX, uzunluk: 2
2025-11-16 14:35:00 - spektroskopi - INFO - Raspberry Pi verisi: Ham=3284, Voltaj=3284.000V
2025-11-16 14:35:00 - spektroskopi - INFO - Raspberry Pi verisi işlendi: SENSOR_5 = 3284.000V
2025-11-16 14:35:00 - spektroskopi - INFO - Raspberry Pi'dan veri alındı: 6e400004-b5a3-f393-e0a9-e50e24dcca9e (Handle: 11): Unknown, uzunluk: 2
2025-11-16 14:35:00 - spektroskopi - INFO - Raspberry Pi verisi: Ham=3283, Voltaj=3283.000V
2025-11-16 14:35:00 - spektroskopi - INFO - Raspberry Pi verisi işlendi: SENSOR_7 = 3283.000V
2025-11-16 14:35:01 - spektroskopi - INFO - Raspberry Pi'dan veri alındı: 6e400002-b5a3-f393-e0a9-e50e24dcca9e (Handle: 19): Nordic UART RX, uzunluk: 2
2025-11-16 14:35:01 - spektroskopi - INFO - Raspberry Pi verisi: Ham=17, Voltaj=17.000V
2025-11-16 14:35:01 - spektroskopi - INFO - Raspberry Pi verisi işlendi: SENSOR_2 = 17.000V
2025-11-16 14:35:01 - spektroskopi - INFO - Raspberry Pi'dan veri alındı: 6e400005-b5a3-f393-e0a9-e50e24dcca9e (Handle: 16): Unknown, uzunluk: 2
2025-11-16 14:35:01 - spektroskopi - INFO - Raspberry Pi verisi: Ham=16, Voltaj=16.000V
2025-11-16 14:35:01 - spektroskopi - INFO - Raspberry Pi verisi işlendi: SENSOR_EXTRA = 16.000V
2025-11-16 14:35:01 - spektroskopi - INFO - Raspberry Pi'dan veri alındı: 6e400003-b5a3-f393-e0a9-e50e24dcca9e (Handle: 8): Nordic UART TX, uzunluk: 2
2025-11-16 14:35:01 - spektroskopi - INFO - Raspberry Pi verisi: Ham=3284, Voltaj=3284.000V
2025-11-16 14:35:01 - spektroskopi - INFO - Raspberry Pi verisi işlendi: SENSOR_5 = 3284.000V
2025-11-16 14:35:01 - spektroskopi - INFO - Raspberry Pi'dan veri alındı: 6e400004-b5a3-f393-e0a9-e50e24dcca9e (Handle: 11): Unknown, uzunluk: 2
2025-11-16 14:35:01 - spektroskopi - INFO - Raspberry Pi verisi: Ham=3283, Voltaj=3283.000V
2025-11-16 14:35:01 - spektroskopi - INFO - Raspberry Pi verisi işlendi: SENSOR_7 = 3283.000V
2025-11-16 14:35:01 - spektroskopi - INFO - Raspberry Pi'dan veri alındı: 6e400002-b5a3-f393-e0a9-e50e24dcca9e (Handle: 19): Nordic UART RX, uzunluk: 2
2025-11-16 14:35:01 - spektroskopi - INFO - Raspberry Pi verisi: Ham=16, Voltaj=16.000V
2025-11-16 14:35:01 - spektroskopi - INFO - Raspberry Pi verisi işlendi: SENSOR_2 = 16.000V
2025-11-16 14:35:01 - spektroskopi - INFO - Raspberry Pi'dan veri alındı: 6e400005-b5a3-f393-e0a9-e50e24dcca9e (Handle: 16): Unknown, uzunluk: 2
2025-11-16 14:35:01 - spektroskopi - INFO - Raspberry Pi verisi: Ham=16, Voltaj=16.000V
2025-11-16 14:35:01 - spektroskopi - INFO - Raspberry Pi verisi işlendi: SENSOR_EXTRA = 16.000V
2025-11-16 14:35:01 - spektroskopi - INFO - Raspberry Pi'dan veri alındı: 6e400003-b5a3-f393-e0a9-e50e24dcca9e (Handle: 8): Nordic UART TX, uzunluk: 2
2025-11-16 14:35:01 - spektroskopi - INFO - Raspberry Pi verisi: Ham=3284, Voltaj=3284.000V
2025-11-16 14:35:01 - spektroskopi - INFO - Raspberry Pi verisi işlendi: SENSOR_5 = 3284.000V
2025-11-16 14:35:01 - spektroskopi - INFO - Raspberry Pi'dan veri alındı: 6e400004-b5a3-f393-e0a9-e50e24dcca9e (Handle: 11): Unknown, uzunluk: 2
2025-11-16 14:35:01 - spektroskopi - INFO - Raspberry Pi verisi: Ham=3284, Voltaj=3284.000V
2025-11-16 14:35:01 - spektroskopi - INFO - Raspberry Pi verisi işlendi: SENSOR_7 = 3284.000V
2025-11-16 14:35:01 - spektroskopi - INFO - Raspberry Pi'dan veri alındı: 6e400002-b5a3-f393-e0a9-e50e24dcca9e (Handle: 19): Nordic UART RX, uzunluk: 2
2025-11-16 14:35:01 - spektroskopi - INFO - Raspberry Pi verisi: Ham=17, Voltaj=17.000V
2025-11-16 14:35:01 - spektroskopi - INFO - Raspberry Pi verisi işlendi: SENSOR_2 = 17.000V
2025-11-16 14:35:01 - spektroskopi - WARNING - Zaman sıralama düzeltildi: 2025-11-16 14:35:01.761001
2025-11-16 14:35:01 - spektroskopi - WARNING - Zaman sıralama düzeltildi: 2025-11-16 14:35:01.762001
2025-11-16 14:35:01 - spektroskopi - WARNING - Zaman sıralama düzeltildi: 2025-11-16 14:35:01.763001
2025-11-16 14:35:01 - spektroskopi - WARNING - Zaman sıralama düzeltildi: 2025-11-16 14:35:01.764001
2025-11-16 14:35:01 - spektroskopi - WARNING - Zaman sıralama düzeltildi: 2025-11-16 14:35:01.765001
2025-11-16 14:35:01 - spektroskopi - WARNING - Zaman sıralama düzeltildi: 2025-11-16 14:35:01.766001
2025-11-16 14:35:01 - spektroskopi - WARNING - Zaman sıralama düzeltildi: 2025-11-16 14:35:01.767001
2025-11-16 14:35:01 - spektroskopi - WARNING - Zaman sıralama düzeltildi: 2025-11-16 14:35:01.768001
2025-11-16 14:35:01 - spektroskopi - WARNING - Zaman sıralama düzeltildi: 2025-11-16 14:35:01.769001
2025-11-16 14:35:01 - spektroskopi - WARNING - Zaman sıralama düzeltildi: 2025-11-16 14:35:01.770001
2025-11-16 14:35:01 - spektroskopi - WARNING - Zaman sıralama düzeltildi: 2025-11-16 14:35:01.771001
2025-11-16 14:35:01 - spektroskopi - WARNING - Zaman sıralama düzeltildi: 2025-11-16 14:35:01.772001
2025-11-16 14:35:01 - spektroskopi - INFO - Raspberry Pi'dan veri alındı: 6e400005-b5a3-f393-e0a9-e50e24dcca9e (Handle: 16): Unknown, uzunluk: 2
2025-11-16 14:35:01 - spektroskopi - INFO - Raspberry Pi verisi: Ham=17, Voltaj=17.000V
2025-11-16 14:35:01 - spektroskopi - INFO - Raspberry Pi verisi işlendi: SENSOR_EXTRA = 17.000V
2025-11-16 14:35:01 - spektroskopi - INFO - Raspberry Pi'dan veri alındı: 6e400003-b5a3-f393-e0a9-e50e24dcca9e (Handle: 8): Nordic UART TX, uzunluk: 2
2025-11-16 14:35:01 - spektroskopi - INFO - Raspberry Pi verisi: Ham=3284, Voltaj=3284.000V
2025-11-16 14:35:01 - spektroskopi - INFO - Raspberry Pi verisi işlendi: SENSOR_5 = 3284.000V
2025-11-16 14:35:01 - spektroskopi - INFO - Raspberry Pi'dan veri alındı: 6e400004-b5a3-f393-e0a9-e50e24dcca9e (Handle: 11): Unknown, uzunluk: 2
2025-11-16 14:35:01 - spektroskopi - INFO - Raspberry Pi verisi: Ham=3284, Voltaj=3284.000V
2025-11-16 14:35:01 - spektroskopi - INFO - Raspberry Pi verisi işlendi: SENSOR_7 = 3284.000V
2025-11-16 14:35:02 - spektroskopi - INFO - Raspberry Pi'dan veri alındı: 6e400002-b5a3-f393-e0a9-e50e24dcca9e (Handle: 19): Nordic UART RX, uzunluk: 2
2025-11-16 14:35:02 - spektroskopi - INFO - Raspberry Pi verisi: Ham=16, Voltaj=16.000V
2025-11-16 14:35:02 - spektroskopi - INFO - Raspberry Pi verisi işlendi: SENSOR_2 = 16.000V
2025-11-16 14:35:02 - spektroskopi - INFO - Raspberry Pi'dan veri alındı: 6e400005-b5a3-f393-e0a9-e50e24dcca9e (Handle: 16): Unknown, uzunluk: 2
2025-11-16 14:35:02 - spektroskopi - INFO - Raspberry Pi verisi: Ham=17, Voltaj=17.000V
2025-11-16 14:35:02 - spektroskopi - INFO - Raspberry Pi verisi işlendi: SENSOR_EXTRA = 17.000V
2025-11-16 14:35:02 - spektroskopi - INFO - Raspberry Pi'dan veri alındı: 6e400003-b5a3-f393-e0a9-e50e24dcca9e (Handle: 8): Nordic UART TX, uzunluk: 2
2025-11-16 14:35:02 - spektroskopi - INFO - Raspberry Pi verisi: Ham=3284, Voltaj=3284.000V
2025-11-16 14:35:02 - spektroskopi - INFO - Raspberry Pi verisi işlendi: SENSOR_5 = 3284.000V
2025-11-16 14:35:02 - spektroskopi - INFO - Raspberry Pi'dan veri alındı: 6e400004-b5a3-f393-e0a9-e50e24dcca9e (Handle: 11): Unknown, uzunluk: 2
2025-11-16 14:35:02 - spektroskopi - INFO - Raspberry Pi verisi: Ham=3284, Voltaj=3284.000V
2025-11-16 14:35:02 - spektroskopi - INFO - Raspberry Pi verisi işlendi: SENSOR_7 = 3284.000V
2025-11-16 14:35:02 - spektroskopi - INFO - Raspberry Pi'dan veri alındı: 6e400002-b5a3-f393-e0a9-e50e24dcca9e (Handle: 19): Nordic UART RX, uzunluk: 2
2025-11-16 14:35:02 - spektroskopi - INFO - Raspberry Pi verisi: Ham=17, Voltaj=17.000V
2025-11-16 14:35:02 - spektroskopi - INFO - Raspberry Pi verisi işlendi: SENSOR_2 = 17.000V
2025-11-16 14:35:02 - spektroskopi - INFO - Raspberry Pi'dan veri alındı: 6e400005-b5a3-f393-e0a9-e50e24dcca9e (Handle: 16): Unknown, uzunluk: 2
2025-11-16 14:35:02 - spektroskopi - INFO - Raspberry Pi verisi: Ham=16, Voltaj=16.000V
2025-11-16 14:35:02 - spektroskopi - INFO - Raspberry Pi verisi işlendi: SENSOR_EXTRA = 16.000V
2025-11-16 14:35:02 - spektroskopi - INFO - Raspberry Pi'dan veri alındı: 6e400003-b5a3-f393-e0a9-e50e24dcca9e (Handle: 8): Nordic UART TX, uzunluk: 2
2025-11-16 14:35:02 - spektroskopi - INFO - Raspberry Pi verisi: Ham=3284, Voltaj=3284.000V
2025-11-16 14:35:02 - spektroskopi - INFO - Raspberry Pi verisi işlendi: SENSOR_5 = 3284.000V
2025-11-16 14:35:02 - spektroskopi - INFO - Raspberry Pi'dan veri alındı: 6e400004-b5a3-f393-e0a9-e50e24dcca9e (Handle: 11): Unknown, uzunluk: 2
2025-11-16 14:35:02 - spektroskopi - INFO - Raspberry Pi verisi: Ham=3284, Voltaj=3284.000V
2025-11-16 14:35:02 - spektroskopi - INFO - Raspberry Pi verisi işlendi: SENSOR_7 = 3284.000V
2025-11-16 14:35:02 - spektroskopi - INFO - Raspberry Pi'dan veri alındı: 6e400002-b5a3-f393-e0a9-e50e24dcca9e (Handle: 19): Nordic UART RX, uzunluk: 2
2025-11-16 14:35:02 - spektroskopi - INFO - Raspberry Pi verisi: Ham=16, Voltaj=16.000V
2025-11-16 14:35:02 - spektroskopi - INFO - Raspberry Pi verisi işlendi: SENSOR_2 = 16.000V
2025-11-16 14:35:02 - spektroskopi - WARNING - Zaman sıralama düzeltildi: 2025-11-16 14:35:02.751776
2025-11-16 14:35:02 - spektroskopi - WARNING - Zaman sıralama düzeltildi: 2025-11-16 14:35:02.752776
2025-11-16 14:35:02 - spektroskopi - WARNING - Zaman sıralama düzeltildi: 2025-11-16 14:35:02.753776
2025-11-16 14:35:02 - spektroskopi - WARNING - Zaman sıralama düzeltildi: 2025-11-16 14:35:02.754776
2025-11-16 14:35:02 - spektroskopi - WARNING - Zaman sıralama düzeltildi: 2025-11-16 14:35:02.755776
2025-11-16 14:35:02 - spektroskopi - WARNING - Zaman sıralama düzeltildi: 2025-11-16 14:35:02.756776
2025-11-16 14:35:02 - spektroskopi - WARNING - Zaman sıralama düzeltildi: 2025-11-16 14:35:02.757776
2025-11-16 14:35:02 - spektroskopi - WARNING - Zaman sıralama düzeltildi: 2025-11-16 14:35:02.758776
2025-11-16 14:35:02 - spektroskopi - WARNING - Zaman sıralama düzeltildi: 2025-11-16 14:35:02.759776
2025-11-16 14:35:02 - spektroskopi - WARNING - Zaman sıralama düzeltildi: 2025-11-16 14:35:02.760776
2025-11-16 14:35:02 - spektroskopi - WARNING - Zaman sıralama düzeltildi: 2025-11-16 14:35:02.761776
2025-11-16 14:35:02 - spektroskopi - WARNING - Zaman sıralama düzeltildi: 2025-11-16 14:35:02.762776
2025-11-16 14:35:02 - spektroskopi - INFO - Raspberry Pi'dan veri alındı: 6e400005-b5a3-f393-e0a9-e50e24dcca9e (Handle: 16): Unknown, uzunluk: 2
2025-11-16 14:35:02 - spektroskopi - INFO - Raspberry Pi verisi: Ham=17, Voltaj=17.000V
2025-11-16 14:35:02 - spektroskopi - INFO - Raspberry Pi verisi işlendi: SENSOR_EXTRA = 17.000V
2025-11-16 14:35:02 - spektroskopi - INFO - Raspberry Pi'dan veri alındı: 6e400003-b5a3-f393-e0a9-e50e24dcca9e (Handle: 8): Nordic UART TX, uzunluk: 2
2025-11-16 14:35:02 - spektroskopi - INFO - Raspberry Pi verisi: Ham=3284, Voltaj=3284.000V
2025-11-16 14:35:02 - spektroskopi - INFO - Raspberry Pi verisi işlendi: SENSOR_5 = 3284.000V
2025-11-16 14:35:02 - spektroskopi - INFO - Raspberry Pi'dan veri alındı: 6e400004-b5a3-f393-e0a9-e50e24dcca9e (Handle: 11): Unknown, uzunluk: 2
2025-11-16 14:35:02 - spektroskopi - INFO - Raspberry Pi verisi: Ham=3284, Voltaj=3284.000V
2025-11-16 14:35:02 - spektroskopi - INFO - Raspberry Pi verisi işlendi: SENSOR_7 = 3284.000V
2025-11-16 14:35:03 - spektroskopi - INFO - Raspberry Pi'dan veri alındı: 6e400002-b5a3-f393-e0a9-e50e24dcca9e (Handle: 19): Nordic UART RX, uzunluk: 2
2025-11-16 14:35:03 - spektroskopi - INFO - Raspberry Pi verisi: Ham=23, Voltaj=23.000V
2025-11-16 14:35:03 - spektroskopi - INFO - Raspberry Pi verisi işlendi: SENSOR_2 = 23.000V
2025-11-16 14:35:03 - spektroskopi - INFO - Raspberry Pi'dan veri alındı: 6e400005-b5a3-f393-e0a9-e50e24dcca9e (Handle: 16): Unknown, uzunluk: 2
2025-11-16 14:35:03 - spektroskopi - INFO - Raspberry Pi verisi: Ham=121, Voltaj=121.000V
2025-11-16 14:35:03 - spektroskopi - INFO - Raspberry Pi verisi işlendi: SENSOR_EXTRA = 121.000V
2025-11-16 14:35:03 - spektroskopi - INFO - Raspberry Pi'dan veri alındı: 6e400003-b5a3-f393-e0a9-e50e24dcca9e (Handle: 8): Nordic UART TX, uzunluk: 2
2025-11-16 14:35:03 - spektroskopi - INFO - Raspberry Pi verisi: Ham=3062, Voltaj=3062.000V
2025-11-16 14:35:03 - spektroskopi - INFO - Raspberry Pi verisi işlendi: SENSOR_5 = 3062.000V
2025-11-16 14:35:03 - spektroskopi - INFO - Raspberry Pi'dan veri alındı: 6e400004-b5a3-f393-e0a9-e50e24dcca9e (Handle: 11): Unknown, uzunluk: 2
2025-11-16 14:35:03 - spektroskopi - INFO - Raspberry Pi verisi: Ham=2634, Voltaj=2634.000V
2025-11-16 14:35:03 - spektroskopi - INFO - Raspberry Pi verisi işlendi: SENSOR_7 = 2634.000V
2025-11-16 14:35:03 - spektroskopi - INFO - Raspberry Pi'dan veri alındı: 6e400002-b5a3-f393-e0a9-e50e24dcca9e (Handle: 19): Nordic UART RX, uzunluk: 2
2025-11-16 14:35:03 - spektroskopi - INFO - Raspberry Pi verisi: Ham=1985, Voltaj=1985.000V
2025-11-16 14:35:03 - spektroskopi - INFO - Raspberry Pi verisi işlendi: SENSOR_2 = 1985.000V
2025-11-16 14:35:03 - spektroskopi - INFO - Raspberry Pi'dan veri alındı: 6e400005-b5a3-f393-e0a9-e50e24dcca9e (Handle: 16): Unknown, uzunluk: 2
2025-11-16 14:35:03 - spektroskopi - INFO - Raspberry Pi verisi: Ham=1997, Voltaj=1997.000V
2025-11-16 14:35:03 - spektroskopi - INFO - Raspberry Pi verisi işlendi: SENSOR_EXTRA = 1997.000V
2025-11-16 14:35:03 - spektroskopi - INFO - Raspberry Pi'dan veri alındı: 6e400003-b5a3-f393-e0a9-e50e24dcca9e (Handle: 8): Nordic UART TX, uzunluk: 2
2025-11-16 14:35:03 - spektroskopi - INFO - Raspberry Pi verisi: Ham=2340, Voltaj=2340.000V
2025-11-16 14:35:03 - spektroskopi - INFO - Raspberry Pi verisi işlendi: SENSOR_5 = 2340.000V
2025-11-16 14:35:03 - spektroskopi - INFO - Raspberry Pi'dan veri alındı: 6e400004-b5a3-f393-e0a9-e50e24dcca9e (Handle: 11): Unknown, uzunluk: 2
2025-11-16 14:35:03 - spektroskopi - INFO - Raspberry Pi verisi: Ham=2148, Voltaj=2148.000V
2025-11-16 14:35:03 - spektroskopi - INFO - Raspberry Pi verisi işlendi: SENSOR_7 = 2148.000V
2025-11-16 14:35:03 - spektroskopi - INFO - Raspberry Pi'dan veri alındı: 6e400002-b5a3-f393-e0a9-e50e24dcca9e (Handle: 19): Nordic UART RX, uzunluk: 2
2025-11-16 14:35:03 - spektroskopi - INFO - Raspberry Pi verisi: Ham=1994, Voltaj=1994.000V
2025-11-16 14:35:03 - spektroskopi - INFO - Raspberry Pi verisi işlendi: SENSOR_2 = 1994.000V
2025-11-16 14:35:03 - spektroskopi - WARNING - Zaman sıralama düzeltildi: 2025-11-16 14:35:03.772872
2025-11-16 14:35:03 - spektroskopi - WARNING - Zaman sıralama düzeltildi: 2025-11-16 14:35:03.773872
2025-11-16 14:35:03 - spektroskopi - WARNING - Zaman sıralama düzeltildi: 2025-11-16 14:35:03.774872
2025-11-16 14:35:03 - spektroskopi - WARNING - Zaman sıralama düzeltildi: 2025-11-16 14:35:03.775872
2025-11-16 14:35:03 - spektroskopi - WARNING - Zaman sıralama düzeltildi: 2025-11-16 14:35:03.776872
2025-11-16 14:35:03 - spektroskopi - WARNING - Zaman sıralama düzeltildi: 2025-11-16 14:35:03.777872
2025-11-16 14:35:03 - spektroskopi - WARNING - Zaman sıralama düzeltildi: 2025-11-16 14:35:03.778872
2025-11-16 14:35:03 - spektroskopi - WARNING - Zaman sıralama düzeltildi: 2025-11-16 14:35:03.779872
2025-11-16 14:35:03 - spektroskopi - WARNING - Zaman sıralama düzeltildi: 2025-11-16 14:35:03.780872
2025-11-16 14:35:03 - spektroskopi - WARNING - Zaman sıralama düzeltildi: 2025-11-16 14:35:03.781872
2025-11-16 14:35:03 - spektroskopi - WARNING - Zaman sıralama düzeltildi: 2025-11-16 14:35:03.782872
2025-11-16 14:35:03 - spektroskopi - WARNING - Zaman sıralama düzeltildi: 2025-11-16 14:35:03.783872
2025-11-16 14:35:03 - spektroskopi - INFO - Raspberry Pi'dan veri alındı: 6e400005-b5a3-f393-e0a9-e50e24dcca9e (Handle: 16): Unknown, uzunluk: 2
2025-11-16 14:35:03 - spektroskopi - INFO - Raspberry Pi verisi: Ham=1993, Voltaj=1993.000V
2025-11-16 14:35:03 - spektroskopi - INFO - Raspberry Pi verisi işlendi: SENSOR_EXTRA = 1993.000V
2025-11-16 14:35:03 - spektroskopi - INFO - Raspberry Pi'dan veri alındı: 6e400003-b5a3-f393-e0a9-e50e24dcca9e (Handle: 8): Nordic UART TX, uzunluk: 2
2025-11-16 14:35:03 - spektroskopi - INFO - Raspberry Pi verisi: Ham=2345, Voltaj=2345.000V
2025-11-16 14:35:03 - spektroskopi - INFO - Raspberry Pi verisi işlendi: SENSOR_5 = 2345.000V
2025-11-16 14:35:03 - spektroskopi - INFO - Raspberry Pi'dan veri alındı: 6e400004-b5a3-f393-e0a9-e50e24dcca9e (Handle: 11): Unknown, uzunluk: 2
2025-11-16 14:35:03 - spektroskopi - INFO - Raspberry Pi verisi: Ham=2148, Voltaj=2148.000V
2025-11-16 14:35:03 - spektroskopi - INFO - Raspberry Pi verisi işlendi: SENSOR_7 = 2148.000V
2025-11-16 14:35:04 - spektroskopi - INFO - Raspberry Pi'dan veri alındı: 6e400002-b5a3-f393-e0a9-e50e24dcca9e (Handle: 19): Nordic UART RX, uzunluk: 2
2025-11-16 14:35:04 - spektroskopi - INFO - Raspberry Pi verisi: Ham=1990, Voltaj=1990.000V
2025-11-16 14:35:04 - spektroskopi - INFO - Raspberry Pi verisi işlendi: SENSOR_2 = 1990.000V
2025-11-16 14:35:04 - spektroskopi - INFO - Raspberry Pi'dan veri alındı: 6e400005-b5a3-f393-e0a9-e50e24dcca9e (Handle: 16): Unknown, uzunluk: 2
2025-11-16 14:35:04 - spektroskopi - INFO - Raspberry Pi verisi: Ham=1990, Voltaj=1990.000V
2025-11-16 14:35:04 - spektroskopi - INFO - Raspberry Pi verisi işlendi: SENSOR_EXTRA = 1990.000V
2025-11-16 14:35:04 - spektroskopi - INFO - Raspberry Pi'dan veri alındı: 6e400003-b5a3-f393-e0a9-e50e24dcca9e (Handle: 8): Nordic UART TX, uzunluk: 2
2025-11-16 14:35:04 - spektroskopi - INFO - Raspberry Pi verisi: Ham=2342, Voltaj=2342.000V
2025-11-16 14:35:04 - spektroskopi - INFO - Raspberry Pi verisi işlendi: SENSOR_5 = 2342.000V
2025-11-16 14:35:04 - spektroskopi - INFO - Raspberry Pi'dan veri alındı: 6e400004-b5a3-f393-e0a9-e50e24dcca9e (Handle: 11): Unknown, uzunluk: 2
2025-11-16 14:35:04 - spektroskopi - INFO - Raspberry Pi verisi: Ham=2152, Voltaj=2152.000V
2025-11-16 14:35:04 - spektroskopi - INFO - Raspberry Pi verisi işlendi: SENSOR_7 = 2152.000V
2025-11-16 14:35:04 - spektroskopi - INFO - Raspberry Pi'dan veri alındı: 6e400002-b5a3-f393-e0a9-e50e24dcca9e (Handle: 19): Nordic UART RX, uzunluk: 2
2025-11-16 14:35:04 - spektroskopi - INFO - Raspberry Pi verisi: Ham=1991, Voltaj=1991.000V
2025-11-16 14:35:04 - spektroskopi - INFO - Raspberry Pi verisi işlendi: SENSOR_2 = 1991.000V
2025-11-16 14:35:04 - spektroskopi - INFO - Raspberry Pi'dan veri alındı: 6e400005-b5a3-f393-e0a9-e50e24dcca9e (Handle: 16): Unknown, uzunluk: 2
2025-11-16 14:35:04 - spektroskopi - INFO - Raspberry Pi verisi: Ham=1987, Voltaj=1987.000V
2025-11-16 14:35:04 - spektroskopi - INFO - Raspberry Pi verisi işlendi: SENSOR_EXTRA = 1987.000V
2025-11-16 14:35:04 - spektroskopi - INFO - Raspberry Pi'dan veri alındı: 6e400003-b5a3-f393-e0a9-e50e24dcca9e (Handle: 8): Nordic UART TX, uzunluk: 2
2025-11-16 14:35:04 - spektroskopi - INFO - Raspberry Pi verisi: Ham=2348, Voltaj=2348.000V
2025-11-16 14:35:04 - spektroskopi - INFO - Raspberry Pi verisi işlendi: SENSOR_5 = 2348.000V
2025-11-16 14:35:04 - spektroskopi - INFO - Raspberry Pi'dan veri alındı: 6e400004-b5a3-f393-e0a9-e50e24dcca9e (Handle: 11): Unknown, uzunluk: 2
2025-11-16 14:35:04 - spektroskopi - INFO - Raspberry Pi verisi: Ham=2149, Voltaj=2149.000V
2025-11-16 14:35:04 - spektroskopi - INFO - Raspberry Pi verisi işlendi: SENSOR_7 = 2149.000V
2025-11-16 14:35:04 - spektroskopi - INFO - Raspberry Pi'dan veri alındı: 6e400002-b5a3-f393-e0a9-e50e24dcca9e (Handle: 19): Nordic UART RX, uzunluk: 2
2025-11-16 14:35:04 - spektroskopi - INFO - Raspberry Pi verisi: Ham=1990, Voltaj=1990.000V
2025-11-16 14:35:04 - spektroskopi - INFO - Raspberry Pi verisi işlendi: SENSOR_2 = 1990.000V
2025-11-16 14:35:04 - spektroskopi - WARNING - Zaman sıralama düzeltildi: 2025-11-16 14:35:04.762780
2025-11-16 14:35:04 - spektroskopi - WARNING - Zaman sıralama düzeltildi: 2025-11-16 14:35:04.763780
2025-11-16 14:35:04 - spektroskopi - WARNING - Zaman sıralama düzeltildi: 2025-11-16 14:35:04.764780
2025-11-16 14:35:04 - spektroskopi - WARNING - Zaman sıralama düzeltildi: 2025-11-16 14:35:04.765780
2025-11-16 14:35:04 - spektroskopi - WARNING - Zaman sıralama düzeltildi: 2025-11-16 14:35:04.766780
2025-11-16 14:35:04 - spektroskopi - WARNING - Zaman sıralama düzeltildi: 2025-11-16 14:35:04.767780
2025-11-16 14:35:04 - spektroskopi - WARNING - Zaman sıralama düzeltildi: 2025-11-16 14:35:04.768780
2025-11-16 14:35:04 - spektroskopi - WARNING - Zaman sıralama düzeltildi: 2025-11-16 14:35:04.769780
2025-11-16 14:35:04 - spektroskopi - WARNING - Zaman sıralama düzeltildi: 2025-11-16 14:35:04.770780
2025-11-16 14:35:04 - spektroskopi - WARNING - Zaman sıralama düzeltildi: 2025-11-16 14:35:04.771780
2025-11-16 14:35:04 - spektroskopi - WARNING - Zaman sıralama düzeltildi: 2025-11-16 14:35:04.772780
2025-11-16 14:35:04 - spektroskopi - WARNING - Zaman sıralama düzeltildi: 2025-11-16 14:35:04.773780
2025-11-16 14:35:04 - spektroskopi - INFO - Raspberry Pi'dan veri alındı: 6e400005-b5a3-f393-e0a9-e50e24dcca9e (Handle: 16): Unknown, uzunluk: 2
2025-11-16 14:35:04 - spektroskopi - INFO - Raspberry Pi verisi: Ham=1988, Voltaj=1988.000V
2025-11-16 14:35:04 - spektroskopi - INFO - Raspberry Pi verisi işlendi: SENSOR_EXTRA = 1988.000V
2025-11-16 14:35:04 - spektroskopi - INFO - Raspberry Pi'dan veri alındı: 6e400003-b5a3-f393-e0a9-e50e24dcca9e (Handle: 8): Nordic UART TX, uzunluk: 2
2025-11-16 14:35:04 - spektroskopi - INFO - Raspberry Pi verisi: Ham=2350, Voltaj=2350.000V
2025-11-16 14:35:04 - spektroskopi - INFO - Raspberry Pi verisi işlendi: SENSOR_5 = 2350.000V
2025-11-16 14:35:04 - spektroskopi - INFO - Raspberry Pi'dan veri alındı: 6e400004-b5a3-f393-e0a9-e50e24dcca9e (Handle: 11): Unknown, uzunluk: 2
2025-11-16 14:35:04 - spektroskopi - INFO - Raspberry Pi verisi: Ham=2258, Voltaj=2258.000V
2025-11-16 14:35:04 - spektroskopi - INFO - Raspberry Pi verisi işlendi: SENSOR_7 = 2258.000V
2025-11-16 14:35:05 - spektroskopi - INFO - Raspberry Pi'dan veri alındı: 6e400002-b5a3-f393-e0a9-e50e24dcca9e (Handle: 19): Nordic UART RX, uzunluk: 2
2025-11-16 14:35:05 - spektroskopi - INFO - Raspberry Pi verisi: Ham=546, Voltaj=546.000V
2025-11-16 14:35:05 - spektroskopi - INFO - Raspberry Pi verisi işlendi: SENSOR_2 = 546.000V
2025-11-16 14:35:05 - spektroskopi - INFO - Raspberry Pi'dan veri alındı: 6e400005-b5a3-f393-e0a9-e50e24dcca9e (Handle: 16): Unknown, uzunluk: 2
2025-11-16 14:35:05 - spektroskopi - INFO - Raspberry Pi verisi: Ham=239, Voltaj=239.000V
2025-11-16 14:35:05 - spektroskopi - INFO - Raspberry Pi verisi işlendi: SENSOR_EXTRA = 239.000V
2025-11-16 14:35:05 - spektroskopi - INFO - Raspberry Pi'dan veri alındı: 6e400003-b5a3-f393-e0a9-e50e24dcca9e (Handle: 8): Nordic UART TX, uzunluk: 2
2025-11-16 14:35:05 - spektroskopi - INFO - Raspberry Pi verisi: Ham=3249, Voltaj=3249.000V
2025-11-16 14:35:05 - spektroskopi - INFO - Raspberry Pi verisi işlendi: SENSOR_5 = 3249.000V
2025-11-16 14:35:05 - spektroskopi - INFO - Raspberry Pi'dan veri alındı: 6e400004-b5a3-f393-e0a9-e50e24dcca9e (Handle: 11): Unknown, uzunluk: 2
2025-11-16 14:35:05 - spektroskopi - INFO - Raspberry Pi verisi: Ham=3279, Voltaj=3279.000V
2025-11-16 14:35:05 - spektroskopi - INFO - Raspberry Pi verisi işlendi: SENSOR_7 = 3279.000V
2025-11-16 14:35:05 - spektroskopi - INFO - Raspberry Pi'dan veri alındı: 6e400002-b5a3-f393-e0a9-e50e24dcca9e (Handle: 19): Nordic UART RX, uzunluk: 2
2025-11-16 14:35:05 - spektroskopi - INFO - Raspberry Pi verisi: Ham=17, Voltaj=17.000V
2025-11-16 14:35:05 - spektroskopi - INFO - Raspberry Pi verisi işlendi: SENSOR_2 = 17.000V
2025-11-16 14:35:05 - spektroskopi - INFO - Raspberry Pi'dan veri alındı: 6e400005-b5a3-f393-e0a9-e50e24dcca9e (Handle: 16): Unknown, uzunluk: 2
2025-11-16 14:35:05 - spektroskopi - INFO - Raspberry Pi verisi: Ham=17, Voltaj=17.000V
2025-11-16 14:35:05 - spektroskopi - INFO - Raspberry Pi verisi işlendi: SENSOR_EXTRA = 17.000V
2025-11-16 14:35:05 - spektroskopi - INFO - Raspberry Pi'dan veri alındı: 6e400003-b5a3-f393-e0a9-e50e24dcca9e (Handle: 8): Nordic UART TX, uzunluk: 2
2025-11-16 14:35:05 - spektroskopi - INFO - Raspberry Pi verisi: Ham=3283, Voltaj=3283.000V
2025-11-16 14:35:05 - spektroskopi - INFO - Raspberry Pi verisi işlendi: SENSOR_5 = 3283.000V
2025-11-16 14:35:05 - spektroskopi - INFO - Raspberry Pi'dan veri alındı: 6e400004-b5a3-f393-e0a9-e50e24dcca9e (Handle: 11): Unknown, uzunluk: 2
2025-11-16 14:35:05 - spektroskopi - INFO - Raspberry Pi verisi: Ham=3283, Voltaj=3283.000V
2025-11-16 14:35:05 - spektroskopi - INFO - Raspberry Pi verisi işlendi: SENSOR_7 = 3283.000V
2025-11-16 14:35:05 - spektroskopi - INFO - Raspberry Pi'dan veri alındı: 6e400002-b5a3-f393-e0a9-e50e24dcca9e (Handle: 19): Nordic UART RX, uzunluk: 2
2025-11-16 14:35:05 - spektroskopi - INFO - Raspberry Pi verisi: Ham=17, Voltaj=17.000V
2025-11-16 14:35:05 - spektroskopi - INFO - Raspberry Pi verisi işlendi: SENSOR_2 = 17.000V
2025-11-16 14:35:05 - spektroskopi - WARNING - Zaman sıralama düzeltildi: 2025-11-16 14:35:05.750978
2025-11-16 14:35:05 - spektroskopi - WARNING - Zaman sıralama düzeltildi: 2025-11-16 14:35:05.751978
2025-11-16 14:35:05 - spektroskopi - WARNING - Zaman sıralama düzeltildi: 2025-11-16 14:35:05.752978
2025-11-16 14:35:05 - spektroskopi - WARNING - Zaman sıralama düzeltildi: 2025-11-16 14:35:05.753978
2025-11-16 14:35:05 - spektroskopi - WARNING - Zaman sıralama düzeltildi: 2025-11-16 14:35:05.754978
2025-11-16 14:35:05 - spektroskopi - WARNING - Zaman sıralama düzeltildi: 2025-11-16 14:35:05.755978
2025-11-16 14:35:05 - spektroskopi - WARNING - Zaman sıralama düzeltildi: 2025-11-16 14:35:05.756978
2025-11-16 14:35:05 - spektroskopi - WARNING - Zaman sıralama düzeltildi: 2025-11-16 14:35:05.757978
2025-11-16 14:35:05 - spektroskopi - WARNING - Zaman sıralama düzeltildi: 2025-11-16 14:35:05.758978
2025-11-16 14:35:05 - spektroskopi - WARNING - Zaman sıralama düzeltildi: 2025-11-16 14:35:05.759978
2025-11-16 14:35:05 - spektroskopi - WARNING - Zaman sıralama düzeltildi: 2025-11-16 14:35:05.760978
2025-11-16 14:35:05 - spektroskopi - WARNING - Zaman sıralama düzeltildi: 2025-11-16 14:35:05.761978
2025-11-16 14:35:05 - spektroskopi - INFO - Raspberry Pi'dan veri alındı: 6e400005-b5a3-f393-e0a9-e50e24dcca9e (Handle: 16): Unknown, uzunluk: 2
2025-11-16 14:35:05 - spektroskopi - INFO - Raspberry Pi verisi: Ham=17, Voltaj=17.000V
2025-11-16 14:35:05 - spektroskopi - INFO - Raspberry Pi verisi işlendi: SENSOR_EXTRA = 17.000V
2025-11-16 14:35:05 - spektroskopi - INFO - Raspberry Pi'dan veri alındı: 6e400003-b5a3-f393-e0a9-e50e24dcca9e (Handle: 8): Nordic UART TX, uzunluk: 2
2025-11-16 14:35:05 - spektroskopi - INFO - Raspberry Pi verisi: Ham=3284, Voltaj=3284.000V
2025-11-16 14:35:05 - spektroskopi - INFO - Raspberry Pi verisi işlendi: SENSOR_5 = 3284.000V
2025-11-16 14:35:05 - spektroskopi - INFO - Raspberry Pi'dan veri alındı: 6e400004-b5a3-f393-e0a9-e50e24dcca9e (Handle: 11): Unknown, uzunluk: 2
2025-11-16 14:35:05 - spektroskopi - INFO - Raspberry Pi verisi: Ham=3284, Voltaj=3284.000V
2025-11-16 14:35:05 - spektroskopi - INFO - Raspberry Pi verisi işlendi: SENSOR_7 = 3284.000V
2025-11-16 14:35:06 - spektroskopi - INFO - Raspberry Pi'dan veri alındı: 6e400002-b5a3-f393-e0a9-e50e24dcca9e (Handle: 19): Nordic UART RX, uzunluk: 2
2025-11-16 14:35:06 - spektroskopi - INFO - Raspberry Pi verisi: Ham=17, Voltaj=17.000V
2025-11-16 14:35:06 - spektroskopi - INFO - Raspberry Pi verisi işlendi: SENSOR_2 = 17.000V
2025-11-16 14:35:06 - spektroskopi - INFO - Raspberry Pi'dan veri alındı: 6e400005-b5a3-f393-e0a9-e50e24dcca9e (Handle: 16): Unknown, uzunluk: 2
2025-11-16 14:35:06 - spektroskopi - INFO - Raspberry Pi verisi: Ham=17, Voltaj=17.000V
2025-11-16 14:35:06 - spektroskopi - INFO - Raspberry Pi verisi işlendi: SENSOR_EXTRA = 17.000V
2025-11-16 14:35:06 - spektroskopi - INFO - Raspberry Pi'dan veri alındı: 6e400003-b5a3-f393-e0a9-e50e24dcca9e (Handle: 8): Nordic UART TX, uzunluk: 2
2025-11-16 14:35:06 - spektroskopi - INFO - Raspberry Pi verisi: Ham=3284, Voltaj=3284.000V
2025-11-16 14:35:06 - spektroskopi - INFO - Raspberry Pi verisi işlendi: SENSOR_5 = 3284.000V
2025-11-16 14:35:06 - spektroskopi - INFO - Raspberry Pi'dan veri alındı: 6e400004-b5a3-f393-e0a9-e50e24dcca9e (Handle: 11): Unknown, uzunluk: 2
2025-11-16 14:35:06 - spektroskopi - INFO - Raspberry Pi verisi: Ham=3284, Voltaj=3284.000V
2025-11-16 14:35:06 - spektroskopi - INFO - Raspberry Pi verisi işlendi: SENSOR_7 = 3284.000V
2025-11-16 14:35:06 - spektroskopi - INFO - Raspberry Pi'dan veri alındı: 6e400002-b5a3-f393-e0a9-e50e24dcca9e (Handle: 19): Nordic UART RX, uzunluk: 2
2025-11-16 14:35:06 - spektroskopi - INFO - Raspberry Pi verisi: Ham=16, Voltaj=16.000V
2025-11-16 14:35:06 - spektroskopi - INFO - Raspberry Pi verisi işlendi: SENSOR_2 = 16.000V
2025-11-16 14:35:06 - spektroskopi - INFO - Raspberry Pi'dan veri alındı: 6e400005-b5a3-f393-e0a9-e50e24dcca9e (Handle: 16): Unknown, uzunluk: 2
2025-11-16 14:35:06 - spektroskopi - INFO - Raspberry Pi verisi: Ham=17, Voltaj=17.000V
2025-11-16 14:35:06 - spektroskopi - INFO - Raspberry Pi verisi işlendi: SENSOR_EXTRA = 17.000V
2025-11-16 14:35:06 - spektroskopi - INFO - Raspberry Pi'dan veri alındı: 6e400003-b5a3-f393-e0a9-e50e24dcca9e (Handle: 8): Nordic UART TX, uzunluk: 2
2025-11-16 14:35:06 - spektroskopi - INFO - Raspberry Pi verisi: Ham=3284, Voltaj=3284.000V
2025-11-16 14:35:06 - spektroskopi - INFO - Raspberry Pi verisi işlendi: SENSOR_5 = 3284.000V
2025-11-16 14:35:06 - spektroskopi - INFO - Raspberry Pi'dan veri alındı: 6e400004-b5a3-f393-e0a9-e50e24dcca9e (Handle: 11): Unknown, uzunluk: 2
2025-11-16 14:35:06 - spektroskopi - INFO - Raspberry Pi verisi: Ham=3283, Voltaj=3283.000V
2025-11-16 14:35:06 - spektroskopi - INFO - Raspberry Pi verisi işlendi: SENSOR_7 = 3283.000V
2025-11-16 14:35:06 - spektroskopi - INFO - Raspberry Pi'dan veri alındı: 6e400002-b5a3-f393-e0a9-e50e24dcca9e (Handle: 19): Nordic UART RX, uzunluk: 2
2025-11-16 14:35:06 - spektroskopi - INFO - Raspberry Pi verisi: Ham=16, Voltaj=16.000V
2025-11-16 14:35:06 - spektroskopi - INFO - Raspberry Pi verisi işlendi: SENSOR_2 = 16.000V
2025-11-16 14:35:06 - spektroskopi - WARNING - Zaman sıralama düzeltildi: 2025-11-16 14:35:06.772975
2025-11-16 14:35:06 - spektroskopi - WARNING - Zaman sıralama düzeltildi: 2025-11-16 14:35:06.773975
2025-11-16 14:35:06 - spektroskopi - WARNING - Zaman sıralama düzeltildi: 2025-11-16 14:35:06.774975
2025-11-16 14:35:06 - spektroskopi - WARNING - Zaman sıralama düzeltildi: 2025-11-16 14:35:06.775975
2025-11-16 14:35:06 - spektroskopi - WARNING - Zaman sıralama düzeltildi: 2025-11-16 14:35:06.776975
2025-11-16 14:35:06 - spektroskopi - WARNING - Zaman sıralama düzeltildi: 2025-11-16 14:35:06.777975
2025-11-16 14:35:06 - spektroskopi - WARNING - Zaman sıralama düzeltildi: 2025-11-16 14:35:06.778975
2025-11-16 14:35:06 - spektroskopi - WARNING - Zaman sıralama düzeltildi: 2025-11-16 14:35:06.779975
2025-11-16 14:35:06 - spektroskopi - WARNING - Zaman sıralama düzeltildi: 2025-11-16 14:35:06.780975
2025-11-16 14:35:06 - spektroskopi - WARNING - Zaman sıralama düzeltildi: 2025-11-16 14:35:06.781975
2025-11-16 14:35:06 - spektroskopi - WARNING - Zaman sıralama düzeltildi: 2025-11-16 14:35:06.782975
2025-11-16 14:35:06 - spektroskopi - WARNING - Zaman sıralama düzeltildi: 2025-11-16 14:35:06.783975
2025-11-16 14:35:06 - spektroskopi - INFO - Raspberry Pi'dan veri alındı: 6e400005-b5a3-f393-e0a9-e50e24dcca9e (Handle: 16): Unknown, uzunluk: 2
2025-11-16 14:35:06 - spektroskopi - INFO - Raspberry Pi verisi: Ham=17, Voltaj=17.000V
2025-11-16 14:35:06 - spektroskopi - INFO - Raspberry Pi verisi işlendi: SENSOR_EXTRA = 17.000V
2025-11-16 14:35:06 - spektroskopi - INFO - Raspberry Pi'dan veri alındı: 6e400003-b5a3-f393-e0a9-e50e24dcca9e (Handle: 8): Nordic UART TX, uzunluk: 2
2025-11-16 14:35:06 - spektroskopi - INFO - Raspberry Pi verisi: Ham=3284, Voltaj=3284.000V
2025-11-16 14:35:06 - spektroskopi - INFO - Raspberry Pi verisi işlendi: SENSOR_5 = 3284.000V
2025-11-16 14:35:06 - spektroskopi - INFO - Raspberry Pi'dan veri alındı: 6e400004-b5a3-f393-e0a9-e50e24dcca9e (Handle: 11): Unknown, uzunluk: 2
2025-11-16 14:35:06 - spektroskopi - INFO - Raspberry Pi verisi: Ham=3284, Voltaj=3284.000V
2025-11-16 14:35:06 - spektroskopi - INFO - Raspberry Pi verisi işlendi: SENSOR_7 = 3284.000V
2025-11-16 14:35:07 - spektroskopi - INFO - Raspberry Pi'dan veri alındı: 6e400002-b5a3-f393-e0a9-e50e24dcca9e (Handle: 19): Nordic UART RX, uzunluk: 2
2025-11-16 14:35:07 - spektroskopi - INFO - Raspberry Pi verisi: Ham=16, Voltaj=16.000V
2025-11-16 14:35:07 - spektroskopi - INFO - Raspberry Pi verisi işlendi: SENSOR_2 = 16.000V
2025-11-16 14:35:07 - spektroskopi - INFO - Raspberry Pi'dan veri alındı: 6e400005-b5a3-f393-e0a9-e50e24dcca9e (Handle: 16): Unknown, uzunluk: 2
2025-11-16 14:35:07 - spektroskopi - INFO - Raspberry Pi verisi: Ham=17, Voltaj=17.000V
2025-11-16 14:35:07 - spektroskopi - INFO - Raspberry Pi verisi işlendi: SENSOR_EXTRA = 17.000V
2025-11-16 14:35:07 - spektroskopi - INFO - Raspberry Pi'dan veri alındı: 6e400003-b5a3-f393-e0a9-e50e24dcca9e (Handle: 8): Nordic UART TX, uzunluk: 2
2025-11-16 14:35:07 - spektroskopi - INFO - Raspberry Pi verisi: Ham=3284, Voltaj=3284.000V
2025-11-16 14:35:07 - spektroskopi - INFO - Raspberry Pi verisi işlendi: SENSOR_5 = 3284.000V
2025-11-16 14:35:07 - spektroskopi - INFO - Raspberry Pi'dan veri alındı: 6e400004-b5a3-f393-e0a9-e50e24dcca9e (Handle: 11): Unknown, uzunluk: 2
2025-11-16 14:35:07 - spektroskopi - INFO - Raspberry Pi verisi: Ham=3284, Voltaj=3284.000V
2025-11-16 14:35:07 - spektroskopi - INFO - Raspberry Pi verisi işlendi: SENSOR_7 = 3284.000V
2025-11-16 14:35:07 - spektroskopi - INFO - Raspberry Pi'dan veri alındı: 6e400002-b5a3-f393-e0a9-e50e24dcca9e (Handle: 19): Nordic UART RX, uzunluk: 2
2025-11-16 14:35:07 - spektroskopi - INFO - Raspberry Pi verisi: Ham=16, Voltaj=16.000V
2025-11-16 14:35:07 - spektroskopi - INFO - Raspberry Pi verisi işlendi: SENSOR_2 = 16.000V
2025-11-16 14:35:07 - spektroskopi - INFO - Raspberry Pi'dan veri alındı: 6e400005-b5a3-f393-e0a9-e50e24dcca9e (Handle: 16): Unknown, uzunluk: 2
2025-11-16 14:35:07 - spektroskopi - INFO - Raspberry Pi verisi: Ham=16, Voltaj=16.000V
2025-11-16 14:35:07 - spektroskopi - INFO - Raspberry Pi verisi işlendi: SENSOR_EXTRA = 16.000V
2025-11-16 14:35:07 - spektroskopi - INFO - Raspberry Pi'dan veri alındı: 6e400003-b5a3-f393-e0a9-e50e24dcca9e (Handle: 8): Nordic UART TX, uzunluk: 2
2025-11-16 14:35:07 - spektroskopi - INFO - Raspberry Pi verisi: Ham=3284, Voltaj=3284.000V
2025-11-16 14:35:07 - spektroskopi - INFO - Raspberry Pi verisi işlendi: SENSOR_5 = 3284.000V
2025-11-16 14:35:07 - spektroskopi - INFO - Raspberry Pi'dan veri alındı: 6e400004-b5a3-f393-e0a9-e50e24dcca9e (Handle: 11): Unknown, uzunluk: 2
2025-11-16 14:35:07 - spektroskopi - INFO - Raspberry Pi verisi: Ham=3284, Voltaj=3284.000V
2025-11-16 14:35:07 - spektroskopi - INFO - Raspberry Pi verisi işlendi: SENSOR_7 = 3284.000V
2025-11-16 14:35:07 - spektroskopi - INFO - Raspberry Pi'dan veri alındı: 6e400002-b5a3-f393-e0a9-e50e24dcca9e (Handle: 19): Nordic UART RX, uzunluk: 2
2025-11-16 14:35:07 - spektroskopi - INFO - Raspberry Pi verisi: Ham=16, Voltaj=16.000V
2025-11-16 14:35:07 - spektroskopi - INFO - Raspberry Pi verisi işlendi: SENSOR_2 = 16.000V
2025-11-16 14:35:07 - spektroskopi - WARNING - Zaman sıralama düzeltildi: 2025-11-16 14:35:07.762792
2025-11-16 14:35:07 - spektroskopi - WARNING - Zaman sıralama düzeltildi: 2025-11-16 14:35:07.763792
2025-11-16 14:35:07 - spektroskopi - WARNING - Zaman sıralama düzeltildi: 2025-11-16 14:35:07.764792
2025-11-16 14:35:07 - spektroskopi - WARNING - Zaman sıralama düzeltildi: 2025-11-16 14:35:07.765792
2025-11-16 14:35:07 - spektroskopi - WARNING - Zaman sıralama düzeltildi: 2025-11-16 14:35:07.766792
2025-11-16 14:35:07 - spektroskopi - WARNING - Zaman sıralama düzeltildi: 2025-11-16 14:35:07.767792
2025-11-16 14:35:07 - spektroskopi - WARNING - Zaman sıralama düzeltildi: 2025-11-16 14:35:07.768792
2025-11-16 14:35:07 - spektroskopi - WARNING - Zaman sıralama düzeltildi: 2025-11-16 14:35:07.769792
2025-11-16 14:35:07 - spektroskopi - WARNING - Zaman sıralama düzeltildi: 2025-11-16 14:35:07.770792
2025-11-16 14:35:07 - spektroskopi - WARNING - Zaman sıralama düzeltildi: 2025-11-16 14:35:07.771792
2025-11-16 14:35:07 - spektroskopi - WARNING - Zaman sıralama düzeltildi: 2025-11-16 14:35:07.772792
2025-11-16 14:35:07 - spektroskopi - WARNING - Zaman sıralama düzeltildi: 2025-11-16 14:35:07.773792
2025-11-16 14:35:07 - spektroskopi - INFO - Raspberry Pi'dan veri alındı: 6e400005-b5a3-f393-e0a9-e50e24dcca9e (Handle: 16): Unknown, uzunluk: 2
2025-11-16 14:35:07 - spektroskopi - INFO - Raspberry Pi verisi: Ham=16, Voltaj=16.000V
2025-11-16 14:35:07 - spektroskopi - INFO - Raspberry Pi verisi işlendi: SENSOR_EXTRA = 16.000V
2025-11-16 14:35:07 - spektroskopi - INFO - Raspberry Pi'dan veri alındı: 6e400003-b5a3-f393-e0a9-e50e24dcca9e (Handle: 8): Nordic UART TX, uzunluk: 2
2025-11-16 14:35:07 - spektroskopi - INFO - Raspberry Pi verisi: Ham=3284, Voltaj=3284.000V
2025-11-16 14:35:07 - spektroskopi - INFO - Raspberry Pi verisi işlendi: SENSOR_5 = 3284.000V
2025-11-16 14:35:07 - spektroskopi - INFO - Raspberry Pi'dan veri alındı: 6e400004-b5a3-f393-e0a9-e50e24dcca9e (Handle: 11): Unknown, uzunluk: 2
2025-11-16 14:35:07 - spektroskopi - INFO - Raspberry Pi verisi: Ham=3284, Voltaj=3284.000V
2025-11-16 14:35:07 - spektroskopi - INFO - Raspberry Pi verisi işlendi: SENSOR_7 = 3284.000V
2025-11-16 14:35:08 - spektroskopi - INFO - Raspberry Pi'dan veri alındı: 6e400002-b5a3-f393-e0a9-e50e24dcca9e (Handle: 19): Nordic UART RX, uzunluk: 2
2025-11-16 14:35:08 - spektroskopi - INFO - Raspberry Pi verisi: Ham=16, Voltaj=16.000V
2025-11-16 14:35:08 - spektroskopi - INFO - Raspberry Pi verisi işlendi: SENSOR_2 = 16.000V
2025-11-16 14:35:08 - spektroskopi - INFO - Raspberry Pi'dan veri alındı: 6e400005-b5a3-f393-e0a9-e50e24dcca9e (Handle: 16): Unknown, uzunluk: 2
2025-11-16 14:35:08 - spektroskopi - INFO - Raspberry Pi verisi: Ham=16, Voltaj=16.000V
2025-11-16 14:35:08 - spektroskopi - INFO - Raspberry Pi verisi işlendi: SENSOR_EXTRA = 16.000V
2025-11-16 14:35:08 - spektroskopi - INFO - Raspberry Pi'dan veri alındı: 6e400003-b5a3-f393-e0a9-e50e24dcca9e (Handle: 8): Nordic UART TX, uzunluk: 2
2025-11-16 14:35:08 - spektroskopi - INFO - Raspberry Pi verisi: Ham=3284, Voltaj=3284.000V
2025-11-16 14:35:08 - spektroskopi - INFO - Raspberry Pi verisi işlendi: SENSOR_5 = 3284.000V
2025-11-16 14:35:08 - spektroskopi - INFO - Raspberry Pi'dan veri alındı: 6e400004-b5a3-f393-e0a9-e50e24dcca9e (Handle: 11): Unknown, uzunluk: 2
2025-11-16 14:35:08 - spektroskopi - INFO - Raspberry Pi verisi: Ham=3284, Voltaj=3284.000V
2025-11-16 14:35:08 - spektroskopi - INFO - Raspberry Pi verisi işlendi: SENSOR_7 = 3284.000V
2025-11-16 14:35:08 - spektroskopi - INFO - Raspberry Pi'dan veri alındı: 6e400002-b5a3-f393-e0a9-e50e24dcca9e (Handle: 19): Nordic UART RX, uzunluk: 2
2025-11-16 14:35:08 - spektroskopi - INFO - Raspberry Pi verisi: Ham=16, Voltaj=16.000V
2025-11-16 14:35:08 - spektroskopi - INFO - Raspberry Pi verisi işlendi: SENSOR_2 = 16.000V
2025-11-16 14:35:08 - spektroskopi - INFO - Raspberry Pi'dan veri alındı: 6e400005-b5a3-f393-e0a9-e50e24dcca9e (Handle: 16): Unknown, uzunluk: 2
2025-11-16 14:35:08 - spektroskopi - INFO - Raspberry Pi verisi: Ham=16, Voltaj=16.000V
2025-11-16 14:35:08 - spektroskopi - INFO - Raspberry Pi verisi işlendi: SENSOR_EXTRA = 16.000V
2025-11-16 14:35:08 - spektroskopi - INFO - Raspberry Pi'dan veri alındı: 6e400003-b5a3-f393-e0a9-e50e24dcca9e (Handle: 8): Nordic UART TX, uzunluk: 2
2025-11-16 14:35:08 - spektroskopi - INFO - Raspberry Pi verisi: Ham=3284, Voltaj=3284.000V
2025-11-16 14:35:08 - spektroskopi - INFO - Raspberry Pi verisi işlendi: SENSOR_5 = 3284.000V
2025-11-16 14:35:08 - spektroskopi - INFO - Raspberry Pi'dan veri alındı: 6e400004-b5a3-f393-e0a9-e50e24dcca9e (Handle: 11): Unknown, uzunluk: 2
2025-11-16 14:35:08 - spektroskopi - INFO - Raspberry Pi verisi: Ham=3284, Voltaj=3284.000V
2025-11-16 14:35:08 - spektroskopi - INFO - Raspberry Pi verisi işlendi: SENSOR_7 = 3284.000V
2025-11-16 14:35:08 - spektroskopi - INFO - Raspberry Pi'dan veri alındı: 6e400002-b5a3-f393-e0a9-e50e24dcca9e (Handle: 19): Nordic UART RX, uzunluk: 2
2025-11-16 14:35:08 - spektroskopi - INFO - Raspberry Pi verisi: Ham=43, Voltaj=43.000V
2025-11-16 14:35:08 - spektroskopi - INFO - Raspberry Pi verisi işlendi: SENSOR_2 = 43.000V
2025-11-16 14:35:08 - spektroskopi - WARNING - Zaman sıralama düzeltildi: 2025-11-16 14:35:08.751745
2025-11-16 14:35:08 - spektroskopi - WARNING - Zaman sıralama düzeltildi: 2025-11-16 14:35:08.752745
2025-11-16 14:35:08 - spektroskopi - WARNING - Zaman sıralama düzeltildi: 2025-11-16 14:35:08.753745
2025-11-16 14:35:08 - spektroskopi - WARNING - Zaman sıralama düzeltildi: 2025-11-16 14:35:08.754745
2025-11-16 14:35:08 - spektroskopi - WARNING - Zaman sıralama düzeltildi: 2025-11-16 14:35:08.755745
2025-11-16 14:35:08 - spektroskopi - WARNING - Zaman sıralama düzeltildi: 2025-11-16 14:35:08.756745
2025-11-16 14:35:08 - spektroskopi - WARNING - Zaman sıralama düzeltildi: 2025-11-16 14:35:08.757745
2025-11-16 14:35:08 - spektroskopi - WARNING - Zaman sıralama düzeltildi: 2025-11-16 14:35:08.758745
2025-11-16 14:35:08 - spektroskopi - WARNING - Zaman sıralama düzeltildi: 2025-11-16 14:35:08.759745
2025-11-16 14:35:08 - spektroskopi - WARNING - Zaman sıralama düzeltildi: 2025-11-16 14:35:08.760745
2025-11-16 14:35:08 - spektroskopi - WARNING - Zaman sıralama düzeltildi: 2025-11-16 14:35:08.761745
2025-11-16 14:35:08 - spektroskopi - WARNING - Zaman sıralama düzeltildi: 2025-11-16 14:35:08.762745
2025-11-16 14:35:08 - spektroskopi - INFO - Raspberry Pi'dan veri alındı: 6e400005-b5a3-f393-e0a9-e50e24dcca9e (Handle: 16): Unknown, uzunluk: 2
2025-11-16 14:35:08 - spektroskopi - INFO - Raspberry Pi verisi: Ham=285, Voltaj=285.000V
2025-11-16 14:35:08 - spektroskopi - INFO - Raspberry Pi verisi işlendi: SENSOR_EXTRA = 285.000V
2025-11-16 14:35:08 - spektroskopi - INFO - Raspberry Pi'dan veri alındı: 6e400003-b5a3-f393-e0a9-e50e24dcca9e (Handle: 8): Nordic UART TX, uzunluk: 2
2025-11-16 14:35:08 - spektroskopi - INFO - Raspberry Pi verisi: Ham=2848, Voltaj=2848.000V
2025-11-16 14:35:08 - spektroskopi - INFO - Raspberry Pi verisi işlendi: SENSOR_5 = 2848.000V
2025-11-16 14:35:08 - spektroskopi - INFO - Raspberry Pi'dan veri alındı: 6e400004-b5a3-f393-e0a9-e50e24dcca9e (Handle: 11): Unknown, uzunluk: 2
2025-11-16 14:35:08 - spektroskopi - INFO - Raspberry Pi verisi: Ham=2563, Voltaj=2563.000V
2025-11-16 14:35:08 - spektroskopi - INFO - Raspberry Pi verisi işlendi: SENSOR_7 = 2563.000V
2025-11-16 14:35:09 - spektroskopi - INFO - Raspberry Pi'dan veri alındı: 6e400002-b5a3-f393-e0a9-e50e24dcca9e (Handle: 19): Nordic UART RX, uzunluk: 2
2025-11-16 14:35:09 - spektroskopi - INFO - Raspberry Pi verisi: Ham=1563, Voltaj=1563.000V
2025-11-16 14:35:09 - spektroskopi - INFO - Raspberry Pi verisi işlendi: SENSOR_2 = 1563.000V
2025-11-16 14:35:09 - spektroskopi - INFO - Raspberry Pi'dan veri alındı: 6e400005-b5a3-f393-e0a9-e50e24dcca9e (Handle: 16): Unknown, uzunluk: 2
2025-11-16 14:35:09 - spektroskopi - INFO - Raspberry Pi verisi: Ham=1622, Voltaj=1622.000V
2025-11-16 14:35:09 - spektroskopi - INFO - Raspberry Pi verisi işlendi: SENSOR_EXTRA = 1622.000V
2025-11-16 14:35:09 - spektroskopi - INFO - Raspberry Pi'dan veri alındı: 6e400003-b5a3-f393-e0a9-e50e24dcca9e (Handle: 8): Nordic UART TX, uzunluk: 2
2025-11-16 14:35:09 - spektroskopi - INFO - Raspberry Pi verisi: Ham=2516, Voltaj=2516.000V
2025-11-16 14:35:09 - spektroskopi - INFO - Raspberry Pi verisi işlendi: SENSOR_5 = 2516.000V
2025-11-16 14:35:09 - spektroskopi - INFO - Raspberry Pi'dan veri alındı: 6e400004-b5a3-f393-e0a9-e50e24dcca9e (Handle: 11): Unknown, uzunluk: 2
2025-11-16 14:35:09 - spektroskopi - INFO - Raspberry Pi verisi: Ham=2340, Voltaj=2340.000V
2025-11-16 14:35:09 - spektroskopi - INFO - Raspberry Pi verisi işlendi: SENSOR_7 = 2340.000V
2025-11-16 14:35:09 - spektroskopi - INFO - Raspberry Pi'dan veri alındı: 6e400002-b5a3-f393-e0a9-e50e24dcca9e (Handle: 19): Nordic UART RX, uzunluk: 2
2025-11-16 14:35:09 - spektroskopi - INFO - Raspberry Pi verisi: Ham=1689, Voltaj=1689.000V
2025-11-16 14:35:09 - spektroskopi - INFO - Raspberry Pi verisi işlendi: SENSOR_2 = 1689.000V
2025-11-16 14:35:09 - spektroskopi - INFO - Raspberry Pi'dan veri alındı: 6e400005-b5a3-f393-e0a9-e50e24dcca9e (Handle: 16): Unknown, uzunluk: 2
2025-11-16 14:35:09 - spektroskopi - INFO - Raspberry Pi verisi: Ham=1679, Voltaj=1679.000V
2025-11-16 14:35:09 - spektroskopi - INFO - Raspberry Pi verisi işlendi: SENSOR_EXTRA = 1679.000V
2025-11-16 14:35:09 - spektroskopi - INFO - Raspberry Pi'dan veri alındı: 6e400003-b5a3-f393-e0a9-e50e24dcca9e (Handle: 8): Nordic UART TX, uzunluk: 2
2025-11-16 14:35:09 - spektroskopi - INFO - Raspberry Pi verisi: Ham=2521, Voltaj=2521.000V
2025-11-16 14:35:09 - spektroskopi - INFO - Raspberry Pi verisi işlendi: SENSOR_5 = 2521.000V
2025-11-16 14:35:09 - spektroskopi - INFO - Raspberry Pi'dan veri alındı: 6e400004-b5a3-f393-e0a9-e50e24dcca9e (Handle: 11): Unknown, uzunluk: 2
2025-11-16 14:35:09 - spektroskopi - INFO - Raspberry Pi verisi: Ham=2362, Voltaj=2362.000V
2025-11-16 14:35:09 - spektroskopi - INFO - Raspberry Pi verisi işlendi: SENSOR_7 = 2362.000V
2025-11-16 14:35:09 - spektroskopi - INFO - Raspberry Pi'dan veri alındı: 6e400002-b5a3-f393-e0a9-e50e24dcca9e (Handle: 19): Nordic UART RX, uzunluk: 2
2025-11-16 14:35:09 - spektroskopi - INFO - Raspberry Pi verisi: Ham=1649, Voltaj=1649.000V
2025-11-16 14:35:09 - spektroskopi - INFO - Raspberry Pi verisi işlendi: SENSOR_2 = 1649.000V
2025-11-16 14:35:09 - spektroskopi - WARNING - Zaman sıralama düzeltildi: 2025-11-16 14:35:09.742781
2025-11-16 14:35:09 - spektroskopi - WARNING - Zaman sıralama düzeltildi: 2025-11-16 14:35:09.743781
2025-11-16 14:35:09 - spektroskopi - WARNING - Zaman sıralama düzeltildi: 2025-11-16 14:35:09.744781
2025-11-16 14:35:09 - spektroskopi - WARNING - Zaman sıralama düzeltildi: 2025-11-16 14:35:09.745781
2025-11-16 14:35:09 - spektroskopi - WARNING - Zaman sıralama düzeltildi: 2025-11-16 14:35:09.746781
2025-11-16 14:35:09 - spektroskopi - WARNING - Zaman sıralama düzeltildi: 2025-11-16 14:35:09.747781
2025-11-16 14:35:09 - spektroskopi - WARNING - Zaman sıralama düzeltildi: 2025-11-16 14:35:09.748781
2025-11-16 14:35:09 - spektroskopi - WARNING - Zaman sıralama düzeltildi: 2025-11-16 14:35:09.749781
2025-11-16 14:35:09 - spektroskopi - WARNING - Zaman sıralama düzeltildi: 2025-11-16 14:35:09.750781
2025-11-16 14:35:09 - spektroskopi - WARNING - Zaman sıralama düzeltildi: 2025-11-16 14:35:09.751781
2025-11-16 14:35:09 - spektroskopi - WARNING - Zaman sıralama düzeltildi: 2025-11-16 14:35:09.752781
2025-11-16 14:35:09 - spektroskopi - WARNING - Zaman sıralama düzeltildi: 2025-11-16 14:35:09.753781
2025-11-16 14:35:09 - spektroskopi - INFO - Raspberry Pi'dan veri alındı: 6e400005-b5a3-f393-e0a9-e50e24dcca9e (Handle: 16): Unknown, uzunluk: 2
2025-11-16 14:35:09 - spektroskopi - INFO - Raspberry Pi verisi: Ham=1633, Voltaj=1633.000V
2025-11-16 14:35:09 - spektroskopi - INFO - Raspberry Pi verisi işlendi: SENSOR_EXTRA = 1633.000V
2025-11-16 14:35:09 - spektroskopi - INFO - Raspberry Pi'dan veri alındı: 6e400003-b5a3-f393-e0a9-e50e24dcca9e (Handle: 8): Nordic UART TX, uzunluk: 2
2025-11-16 14:35:09 - spektroskopi - INFO - Raspberry Pi verisi: Ham=2549, Voltaj=2549.000V
2025-11-16 14:35:09 - spektroskopi - INFO - Raspberry Pi verisi işlendi: SENSOR_5 = 2549.000V
2025-11-16 14:35:09 - spektroskopi - INFO - Raspberry Pi'dan veri alındı: 6e400004-b5a3-f393-e0a9-e50e24dcca9e (Handle: 11): Unknown, uzunluk: 2
2025-11-16 14:35:09 - spektroskopi - INFO - Raspberry Pi verisi: Ham=2427, Voltaj=2427.000V
2025-11-16 14:35:09 - spektroskopi - INFO - Raspberry Pi verisi işlendi: SENSOR_7 = 2427.000V
2025-11-16 14:35:10 - spektroskopi - INFO - Raspberry Pi'dan veri alındı: 6e400002-b5a3-f393-e0a9-e50e24dcca9e (Handle: 19): Nordic UART RX, uzunluk: 2
2025-11-16 14:35:10 - spektroskopi - INFO - Raspberry Pi verisi: Ham=1218, Voltaj=1218.000V
2025-11-16 14:35:10 - spektroskopi - INFO - Raspberry Pi verisi işlendi: SENSOR_2 = 1218.000V
2025-11-16 14:35:10 - spektroskopi - INFO - Raspberry Pi'dan veri alındı: 6e400005-b5a3-f393-e0a9-e50e24dcca9e (Handle: 16): Unknown, uzunluk: 2
2025-11-16 14:35:10 - spektroskopi - INFO - Raspberry Pi verisi: Ham=1049, Voltaj=1049.000V
2025-11-16 14:35:10 - spektroskopi - INFO - Raspberry Pi verisi işlendi: SENSOR_EXTRA = 1049.000V
2025-11-16 14:35:10 - spektroskopi - INFO - Raspberry Pi'dan veri alındı: 6e400003-b5a3-f393-e0a9-e50e24dcca9e (Handle: 8): Nordic UART TX, uzunluk: 2
2025-11-16 14:35:10 - spektroskopi - INFO - Raspberry Pi verisi: Ham=2904, Voltaj=2904.000V
2025-11-16 14:35:10 - spektroskopi - INFO - Raspberry Pi verisi işlendi: SENSOR_5 = 2904.000V
2025-11-16 14:35:10 - spektroskopi - INFO - Raspberry Pi'dan veri alındı: 6e400004-b5a3-f393-e0a9-e50e24dcca9e (Handle: 11): Unknown, uzunluk: 2
2025-11-16 14:35:10 - spektroskopi - INFO - Raspberry Pi verisi: Ham=2877, Voltaj=2877.000V
2025-11-16 14:35:10 - spektroskopi - INFO - Raspberry Pi verisi işlendi: SENSOR_7 = 2877.000V
2025-11-16 14:35:10 - spektroskopi - INFO - Raspberry Pi'dan veri alındı: 6e400002-b5a3-f393-e0a9-e50e24dcca9e (Handle: 19): Nordic UART RX, uzunluk: 2
2025-11-16 14:35:10 - spektroskopi - INFO - Raspberry Pi verisi: Ham=659, Voltaj=659.000V
2025-11-16 14:35:10 - spektroskopi - INFO - Raspberry Pi verisi işlendi: SENSOR_2 = 659.000V
2025-11-16 14:35:10 - spektroskopi - INFO - Raspberry Pi'dan veri alındı: 6e400005-b5a3-f393-e0a9-e50e24dcca9e (Handle: 16): Unknown, uzunluk: 2
2025-11-16 14:35:10 - spektroskopi - INFO - Raspberry Pi verisi: Ham=668, Voltaj=668.000V
2025-11-16 14:35:10 - spektroskopi - INFO - Raspberry Pi verisi işlendi: SENSOR_EXTRA = 668.000V
2025-11-16 14:35:10 - spektroskopi - INFO - Raspberry Pi'dan veri alındı: 6e400003-b5a3-f393-e0a9-e50e24dcca9e (Handle: 8): Nordic UART TX, uzunluk: 2
2025-11-16 14:35:10 - spektroskopi - INFO - Raspberry Pi verisi: Ham=2984, Voltaj=2984.000V
2025-11-16 14:35:10 - spektroskopi - INFO - Raspberry Pi verisi işlendi: SENSOR_5 = 2984.000V
2025-11-16 14:35:10 - spektroskopi - INFO - Raspberry Pi'dan veri alındı: 6e400004-b5a3-f393-e0a9-e50e24dcca9e (Handle: 11): Unknown, uzunluk: 2
2025-11-16 14:35:10 - spektroskopi - INFO - Raspberry Pi verisi: Ham=2951, Voltaj=2951.000V
2025-11-16 14:35:10 - spektroskopi - INFO - Raspberry Pi verisi işlendi: SENSOR_7 = 2951.000V
2025-11-16 14:35:10 - spektroskopi - INFO - Raspberry Pi'dan veri alındı: 6e400002-b5a3-f393-e0a9-e50e24dcca9e (Handle: 19): Nordic UART RX, uzunluk: 2
2025-11-16 14:35:10 - spektroskopi - INFO - Raspberry Pi verisi: Ham=526, Voltaj=526.000V
2025-11-16 14:35:10 - spektroskopi - INFO - Raspberry Pi verisi işlendi: SENSOR_2 = 526.000V
2025-11-16 14:35:10 - spektroskopi - WARNING - Zaman sıralama düzeltildi: 2025-11-16 14:35:10.763115
2025-11-16 14:35:10 - spektroskopi - WARNING - Zaman sıralama düzeltildi: 2025-11-16 14:35:10.764115
2025-11-16 14:35:10 - spektroskopi - WARNING - Zaman sıralama düzeltildi: 2025-11-16 14:35:10.765115
2025-11-16 14:35:10 - spektroskopi - WARNING - Zaman sıralama düzeltildi: 2025-11-16 14:35:10.766115
2025-11-16 14:35:10 - spektroskopi - WARNING - Zaman sıralama düzeltildi: 2025-11-16 14:35:10.767115
2025-11-16 14:35:10 - spektroskopi - WARNING - Zaman sıralama düzeltildi: 2025-11-16 14:35:10.768115
2025-11-16 14:35:10 - spektroskopi - WARNING - Zaman sıralama düzeltildi: 2025-11-16 14:35:10.769115
2025-11-16 14:35:10 - spektroskopi - WARNING - Zaman sıralama düzeltildi: 2025-11-16 14:35:10.770115
2025-11-16 14:35:10 - spektroskopi - WARNING - Zaman sıralama düzeltildi: 2025-11-16 14:35:10.771115
2025-11-16 14:35:10 - spektroskopi - WARNING - Zaman sıralama düzeltildi: 2025-11-16 14:35:10.772115
2025-11-16 14:35:10 - spektroskopi - WARNING - Zaman sıralama düzeltildi: 2025-11-16 14:35:10.773115
2025-11-16 14:35:10 - spektroskopi - WARNING - Zaman sıralama düzeltildi: 2025-11-16 14:35:10.774115
2025-11-16 14:35:10 - spektroskopi - INFO - Raspberry Pi'dan veri alındı: 6e400005-b5a3-f393-e0a9-e50e24dcca9e (Handle: 16): Unknown, uzunluk: 2
2025-11-16 14:35:10 - spektroskopi - INFO - Raspberry Pi verisi: Ham=548, Voltaj=548.000V
2025-11-16 14:35:10 - spektroskopi - INFO - Raspberry Pi verisi işlendi: SENSOR_EXTRA = 548.000V
2025-11-16 14:35:10 - spektroskopi - INFO - Raspberry Pi'dan veri alındı: 6e400003-b5a3-f393-e0a9-e50e24dcca9e (Handle: 8): Nordic UART TX, uzunluk: 2
2025-11-16 14:35:10 - spektroskopi - INFO - Raspberry Pi verisi: Ham=3040, Voltaj=3040.000V
2025-11-16 14:35:10 - spektroskopi - INFO - Raspberry Pi verisi işlendi: SENSOR_5 = 3040.000V
2025-11-16 14:35:10 - spektroskopi - INFO - Raspberry Pi'dan veri alındı: 6e400004-b5a3-f393-e0a9-e50e24dcca9e (Handle: 11): Unknown, uzunluk: 2
2025-11-16 14:35:10 - spektroskopi - INFO - Raspberry Pi verisi: Ham=2953, Voltaj=2953.000V
2025-11-16 14:35:10 - spektroskopi - INFO - Raspberry Pi verisi işlendi: SENSOR_7 = 2953.000V
2025-11-16 14:35:11 - spektroskopi - INFO - Raspberry Pi'dan veri alındı: 6e400002-b5a3-f393-e0a9-e50e24dcca9e (Handle: 19): Nordic UART RX, uzunluk: 2
2025-11-16 14:35:11 - spektroskopi - INFO - Raspberry Pi verisi: Ham=2036, Voltaj=2036.000V
2025-11-16 14:35:11 - spektroskopi - INFO - Raspberry Pi verisi işlendi: SENSOR_2 = 2036.000V
2025-11-16 14:35:11 - spektroskopi - INFO - Raspberry Pi'dan veri alındı: 6e400005-b5a3-f393-e0a9-e50e24dcca9e (Handle: 16): Unknown, uzunluk: 2
2025-11-16 14:35:11 - spektroskopi - INFO - Raspberry Pi verisi: Ham=2985, Voltaj=2985.000V
2025-11-16 14:35:11 - spektroskopi - INFO - Raspberry Pi verisi işlendi: SENSOR_EXTRA = 2985.000V
2025-11-16 14:35:11 - spektroskopi - INFO - Raspberry Pi'dan veri alındı: 6e400003-b5a3-f393-e0a9-e50e24dcca9e (Handle: 8): Nordic UART TX, uzunluk: 2
2025-11-16 14:35:11 - spektroskopi - INFO - Raspberry Pi verisi: Ham=1735, Voltaj=1735.000V
2025-11-16 14:35:11 - spektroskopi - INFO - Raspberry Pi verisi işlendi: SENSOR_5 = 1735.000V
2025-11-16 14:35:11 - spektroskopi - INFO - Raspberry Pi'dan veri alındı: 6e400004-b5a3-f393-e0a9-e50e24dcca9e (Handle: 11): Unknown, uzunluk: 2
2025-11-16 14:35:11 - spektroskopi - INFO - Raspberry Pi verisi: Ham=1394, Voltaj=1394.000V
2025-11-16 14:35:11 - spektroskopi - INFO - Raspberry Pi verisi işlendi: SENSOR_7 = 1394.000V
2025-11-16 14:35:11 - spektroskopi - INFO - Raspberry Pi'dan veri alındı: 6e400002-b5a3-f393-e0a9-e50e24dcca9e (Handle: 19): Nordic UART RX, uzunluk: 2
2025-11-16 14:35:11 - spektroskopi - INFO - Raspberry Pi verisi: Ham=3256, Voltaj=3256.000V
2025-11-16 14:35:11 - spektroskopi - INFO - Raspberry Pi verisi işlendi: SENSOR_2 = 3256.000V
2025-11-16 14:35:11 - spektroskopi - INFO - Raspberry Pi'dan veri alındı: 6e400005-b5a3-f393-e0a9-e50e24dcca9e (Handle: 16): Unknown, uzunluk: 2
2025-11-16 14:35:11 - spektroskopi - INFO - Raspberry Pi verisi: Ham=3256, Voltaj=3256.000V
2025-11-16 14:35:11 - spektroskopi - INFO - Raspberry Pi verisi işlendi: SENSOR_EXTRA = 3256.000V
2025-11-16 14:35:11 - spektroskopi - INFO - Raspberry Pi'dan veri alındı: 6e400003-b5a3-f393-e0a9-e50e24dcca9e (Handle: 8): Nordic UART TX, uzunluk: 2
2025-11-16 14:35:11 - spektroskopi - INFO - Raspberry Pi verisi: Ham=2141, Voltaj=2141.000V
2025-11-16 14:35:11 - spektroskopi - INFO - Raspberry Pi verisi işlendi: SENSOR_5 = 2141.000V
2025-11-16 14:35:11 - spektroskopi - INFO - Raspberry Pi'dan veri alındı: 6e400004-b5a3-f393-e0a9-e50e24dcca9e (Handle: 11): Unknown, uzunluk: 2
2025-11-16 14:35:11 - spektroskopi - INFO - Raspberry Pi verisi: Ham=3148, Voltaj=3148.000V
2025-11-16 14:35:11 - spektroskopi - INFO - Raspberry Pi verisi işlendi: SENSOR_7 = 3148.000V
2025-11-16 14:35:11 - spektroskopi - INFO - Raspberry Pi'dan veri alındı: 6e400002-b5a3-f393-e0a9-e50e24dcca9e (Handle: 19): Nordic UART RX, uzunluk: 2
2025-11-16 14:35:11 - spektroskopi - INFO - Raspberry Pi verisi: Ham=18, Voltaj=18.000V
2025-11-16 14:35:11 - spektroskopi - INFO - Raspberry Pi verisi işlendi: SENSOR_2 = 18.000V
2025-11-16 14:35:11 - spektroskopi - WARNING - Zaman sıralama düzeltildi: 2025-11-16 14:35:11.751044
2025-11-16 14:35:11 - spektroskopi - WARNING - Zaman sıralama düzeltildi: 2025-11-16 14:35:11.752044
2025-11-16 14:35:11 - spektroskopi - WARNING - Zaman sıralama düzeltildi: 2025-11-16 14:35:11.753044
2025-11-16 14:35:11 - spektroskopi - WARNING - Zaman sıralama düzeltildi: 2025-11-16 14:35:11.754044
2025-11-16 14:35:11 - spektroskopi - WARNING - Zaman sıralama düzeltildi: 2025-11-16 14:35:11.755044
2025-11-16 14:35:11 - spektroskopi - WARNING - Zaman sıralama düzeltildi: 2025-11-16 14:35:11.756044
2025-11-16 14:35:11 - spektroskopi - WARNING - Zaman sıralama düzeltildi: 2025-11-16 14:35:11.757044
2025-11-16 14:35:11 - spektroskopi - WARNING - Zaman sıralama düzeltildi: 2025-11-16 14:35:11.758044
2025-11-16 14:35:11 - spektroskopi - WARNING - Zaman sıralama düzeltildi: 2025-11-16 14:35:11.759044
2025-11-16 14:35:11 - spektroskopi - WARNING - Zaman sıralama düzeltildi: 2025-11-16 14:35:11.760044
2025-11-16 14:35:11 - spektroskopi - WARNING - Zaman sıralama düzeltildi: 2025-11-16 14:35:11.761044
2025-11-16 14:35:11 - spektroskopi - WARNING - Zaman sıralama düzeltildi: 2025-11-16 14:35:11.762044
2025-11-16 14:35:11 - spektroskopi - INFO - Raspberry Pi'dan veri alındı: 6e400005-b5a3-f393-e0a9-e50e24dcca9e (Handle: 16): Unknown, uzunluk: 2
2025-11-16 14:35:11 - spektroskopi - INFO - Raspberry Pi verisi: Ham=19, Voltaj=19.000V
2025-11-16 14:35:11 - spektroskopi - INFO - Raspberry Pi verisi işlendi: SENSOR_EXTRA = 19.000V
2025-11-16 14:35:11 - spektroskopi - INFO - Raspberry Pi'dan veri alındı: 6e400003-b5a3-f393-e0a9-e50e24dcca9e (Handle: 8): Nordic UART TX, uzunluk: 2
2025-11-16 14:35:11 - spektroskopi - INFO - Raspberry Pi verisi: Ham=3283, Voltaj=3283.000V
2025-11-16 14:35:11 - spektroskopi - INFO - Raspberry Pi verisi işlendi: SENSOR_5 = 3283.000V
2025-11-16 14:35:11 - spektroskopi - INFO - Raspberry Pi'dan veri alındı: 6e400004-b5a3-f393-e0a9-e50e24dcca9e (Handle: 11): Unknown, uzunluk: 2
2025-11-16 14:35:11 - spektroskopi - INFO - Raspberry Pi verisi: Ham=3283, Voltaj=3283.000V
2025-11-16 14:35:11 - spektroskopi - INFO - Raspberry Pi verisi işlendi: SENSOR_7 = 3283.000V
2025-11-16 14:35:12 - spektroskopi - INFO - Raspberry Pi'dan veri alındı: 6e400002-b5a3-f393-e0a9-e50e24dcca9e (Handle: 19): Nordic UART RX, uzunluk: 2
2025-11-16 14:35:12 - spektroskopi - INFO - Raspberry Pi verisi: Ham=17, Voltaj=17.000V
2025-11-16 14:35:12 - spektroskopi - INFO - Raspberry Pi verisi işlendi: SENSOR_2 = 17.000V
2025-11-16 14:35:12 - spektroskopi - INFO - Raspberry Pi'dan veri alındı: 6e400005-b5a3-f393-e0a9-e50e24dcca9e (Handle: 16): Unknown, uzunluk: 2
2025-11-16 14:35:12 - spektroskopi - INFO - Raspberry Pi verisi: Ham=18, Voltaj=18.000V
2025-11-16 14:35:12 - spektroskopi - INFO - Raspberry Pi verisi işlendi: SENSOR_EXTRA = 18.000V
2025-11-16 14:35:12 - spektroskopi - INFO - Raspberry Pi'dan veri alındı: 6e400003-b5a3-f393-e0a9-e50e24dcca9e (Handle: 8): Nordic UART TX, uzunluk: 2
2025-11-16 14:35:12 - spektroskopi - INFO - Raspberry Pi verisi: Ham=3282, Voltaj=3282.000V
2025-11-16 14:35:12 - spektroskopi - INFO - Raspberry Pi verisi işlendi: SENSOR_5 = 3282.000V
2025-11-16 14:35:12 - spektroskopi - INFO - Raspberry Pi'dan veri alındı: 6e400004-b5a3-f393-e0a9-e50e24dcca9e (Handle: 11): Unknown, uzunluk: 2
2025-11-16 14:35:12 - spektroskopi - INFO - Raspberry Pi verisi: Ham=3282, Voltaj=3282.000V
2025-11-16 14:35:12 - spektroskopi - INFO - Raspberry Pi verisi işlendi: SENSOR_7 = 3282.000V
2025-11-16 14:35:12 - spektroskopi - INFO - Raspberry Pi'dan veri alındı: 6e400002-b5a3-f393-e0a9-e50e24dcca9e (Handle: 19): Nordic UART RX, uzunluk: 2
2025-11-16 14:35:12 - spektroskopi - INFO - Raspberry Pi verisi: Ham=19, Voltaj=19.000V
2025-11-16 14:35:12 - spektroskopi - INFO - Raspberry Pi verisi işlendi: SENSOR_2 = 19.000V
2025-11-16 14:35:12 - spektroskopi - INFO - Raspberry Pi'dan veri alındı: 6e400005-b5a3-f393-e0a9-e50e24dcca9e (Handle: 16): Unknown, uzunluk: 2
2025-11-16 14:35:12 - spektroskopi - INFO - Raspberry Pi verisi: Ham=19, Voltaj=19.000V
2025-11-16 14:35:12 - spektroskopi - INFO - Raspberry Pi verisi işlendi: SENSOR_EXTRA = 19.000V
2025-11-16 14:35:12 - spektroskopi - INFO - Raspberry Pi'dan veri alındı: 6e400003-b5a3-f393-e0a9-e50e24dcca9e (Handle: 8): Nordic UART TX, uzunluk: 2
2025-11-16 14:35:12 - spektroskopi - INFO - Raspberry Pi verisi: Ham=3283, Voltaj=3283.000V
2025-11-16 14:35:12 - spektroskopi - INFO - Raspberry Pi verisi işlendi: SENSOR_5 = 3283.000V
2025-11-16 14:35:12 - spektroskopi - INFO - Raspberry Pi'dan veri alındı: 6e400004-b5a3-f393-e0a9-e50e24dcca9e (Handle: 11): Unknown, uzunluk: 2
2025-11-16 14:35:12 - spektroskopi - INFO - Raspberry Pi verisi: Ham=3283, Voltaj=3283.000V
2025-11-16 14:35:12 - spektroskopi - INFO - Raspberry Pi verisi işlendi: SENSOR_7 = 3283.000V
2025-11-16 14:35:12 - spektroskopi - INFO - Raspberry Pi'dan veri alındı: 6e400002-b5a3-f393-e0a9-e50e24dcca9e (Handle: 19): Nordic UART RX, uzunluk: 2
2025-11-16 14:35:12 - spektroskopi - INFO - Raspberry Pi verisi: Ham=19, Voltaj=19.000V
2025-11-16 14:35:12 - spektroskopi - INFO - Raspberry Pi verisi işlendi: SENSOR_2 = 19.000V
2025-11-16 14:35:12 - spektroskopi - INFO - Raspberry Pi'dan veri alındı: 6e400005-b5a3-f393-e0a9-e50e24dcca9e (Handle: 16): Unknown, uzunluk: 2
2025-11-16 14:35:12 - spektroskopi - INFO - Raspberry Pi verisi: Ham=20, Voltaj=20.000V
2025-11-16 14:35:12 - spektroskopi - INFO - Raspberry Pi verisi işlendi: SENSOR_EXTRA = 20.000V
2025-11-16 14:35:12 - spektroskopi - WARNING - Zaman sıralama düzeltildi: 2025-11-16 14:35:12.800972
2025-11-16 14:35:12 - spektroskopi - WARNING - Zaman sıralama düzeltildi: 2025-11-16 14:35:12.801972
2025-11-16 14:35:12 - spektroskopi - WARNING - Zaman sıralama düzeltildi: 2025-11-16 14:35:12.802972
2025-11-16 14:35:12 - spektroskopi - WARNING - Zaman sıralama düzeltildi: 2025-11-16 14:35:12.803972
2025-11-16 14:35:12 - spektroskopi - WARNING - Zaman sıralama düzeltildi: 2025-11-16 14:35:12.804972
2025-11-16 14:35:12 - spektroskopi - WARNING - Zaman sıralama düzeltildi: 2025-11-16 14:35:12.805972
2025-11-16 14:35:12 - spektroskopi - WARNING - Zaman sıralama düzeltildi: 2025-11-16 14:35:12.806972
2025-11-16 14:35:12 - spektroskopi - WARNING - Zaman sıralama düzeltildi: 2025-11-16 14:35:12.807972
2025-11-16 14:35:12 - spektroskopi - WARNING - Zaman sıralama düzeltildi: 2025-11-16 14:35:12.808972
2025-11-16 14:35:12 - spektroskopi - WARNING - Zaman sıralama düzeltildi: 2025-11-16 14:35:12.809972
2025-11-16 14:35:12 - spektroskopi - WARNING - Zaman sıralama düzeltildi: 2025-11-16 14:35:12.810972
2025-11-16 14:35:12 - spektroskopi - WARNING - Zaman sıralama düzeltildi: 2025-11-16 14:35:12.811972
2025-11-16 14:35:12 - spektroskopi - WARNING - Zaman sıralama düzeltildi: 2025-11-16 14:35:12.812972
2025-11-16 14:35:12 - spektroskopi - INFO - Raspberry Pi'dan veri alındı: 6e400003-b5a3-f393-e0a9-e50e24dcca9e (Handle: 8): Nordic UART TX, uzunluk: 2
2025-11-16 14:35:12 - spektroskopi - INFO - Raspberry Pi verisi: Ham=3282, Voltaj=3282.000V
2025-11-16 14:35:12 - spektroskopi - INFO - Raspberry Pi verisi işlendi: SENSOR_5 = 3282.000V
2025-11-16 14:35:12 - spektroskopi - INFO - Raspberry Pi'dan veri alındı: 6e400004-b5a3-f393-e0a9-e50e24dcca9e (Handle: 11): Unknown, uzunluk: 2
2025-11-16 14:35:12 - spektroskopi - INFO - Raspberry Pi verisi: Ham=3282, Voltaj=3282.000V
2025-11-16 14:35:12 - spektroskopi - INFO - Raspberry Pi verisi işlendi: SENSOR_7 = 3282.000V
2025-11-16 14:35:13 - spektroskopi - INFO - Raspberry Pi'dan veri alındı: 6e400002-b5a3-f393-e0a9-e50e24dcca9e (Handle: 19): Nordic UART RX, uzunluk: 2
2025-11-16 14:35:13 - spektroskopi - INFO - Raspberry Pi verisi: Ham=18, Voltaj=18.000V
2025-11-16 14:35:13 - spektroskopi - INFO - Raspberry Pi verisi işlendi: SENSOR_2 = 18.000V
2025-11-16 14:35:13 - spektroskopi - INFO - Raspberry Pi'dan veri alındı: 6e400005-b5a3-f393-e0a9-e50e24dcca9e (Handle: 16): Unknown, uzunluk: 2
2025-11-16 14:35:13 - spektroskopi - INFO - Raspberry Pi verisi: Ham=18, Voltaj=18.000V
2025-11-16 14:35:13 - spektroskopi - INFO - Raspberry Pi verisi işlendi: SENSOR_EXTRA = 18.000V
2025-11-16 14:35:13 - spektroskopi - INFO - Raspberry Pi'dan veri alındı: 6e400003-b5a3-f393-e0a9-e50e24dcca9e (Handle: 8): Nordic UART TX, uzunluk: 2
2025-11-16 14:35:13 - spektroskopi - INFO - Raspberry Pi verisi: Ham=3283, Voltaj=3283.000V
2025-11-16 14:35:13 - spektroskopi - INFO - Raspberry Pi verisi işlendi: SENSOR_5 = 3283.000V
2025-11-16 14:35:13 - spektroskopi - INFO - Raspberry Pi'dan veri alındı: 6e400004-b5a3-f393-e0a9-e50e24dcca9e (Handle: 11): Unknown, uzunluk: 2
2025-11-16 14:35:13 - spektroskopi - INFO - Raspberry Pi verisi: Ham=3283, Voltaj=3283.000V
2025-11-16 14:35:13 - spektroskopi - INFO - Raspberry Pi verisi işlendi: SENSOR_7 = 3283.000V
2025-11-16 14:35:13 - spektroskopi - INFO - Raspberry Pi'dan veri alındı: 6e400002-b5a3-f393-e0a9-e50e24dcca9e (Handle: 19): Nordic UART RX, uzunluk: 2
2025-11-16 14:35:13 - spektroskopi - INFO - Raspberry Pi verisi: Ham=17, Voltaj=17.000V
2025-11-16 14:35:13 - spektroskopi - INFO - Raspberry Pi verisi işlendi: SENSOR_2 = 17.000V
2025-11-16 14:35:13 - spektroskopi - INFO - Raspberry Pi'dan veri alındı: 6e400005-b5a3-f393-e0a9-e50e24dcca9e (Handle: 16): Unknown, uzunluk: 2
2025-11-16 14:35:13 - spektroskopi - INFO - Raspberry Pi verisi: Ham=17, Voltaj=17.000V
2025-11-16 14:35:13 - spektroskopi - INFO - Raspberry Pi verisi işlendi: SENSOR_EXTRA = 17.000V
2025-11-16 14:35:13 - spektroskopi - INFO - Raspberry Pi'dan veri alındı: 6e400003-b5a3-f393-e0a9-e50e24dcca9e (Handle: 8): Nordic UART TX, uzunluk: 2
2025-11-16 14:35:13 - spektroskopi - INFO - Raspberry Pi verisi: Ham=3283, Voltaj=3283.000V
2025-11-16 14:35:13 - spektroskopi - INFO - Raspberry Pi verisi işlendi: SENSOR_5 = 3283.000V
2025-11-16 14:35:13 - spektroskopi - INFO - Raspberry Pi'dan veri alındı: 6e400004-b5a3-f393-e0a9-e50e24dcca9e (Handle: 11): Unknown, uzunluk: 2
2025-11-16 14:35:13 - spektroskopi - INFO - Raspberry Pi verisi: Ham=3283, Voltaj=3283.000V
2025-11-16 14:35:13 - spektroskopi - INFO - Raspberry Pi verisi işlendi: SENSOR_7 = 3283.000V
2025-11-16 14:35:13 - spektroskopi - INFO - Raspberry Pi'dan veri alındı: 6e400002-b5a3-f393-e0a9-e50e24dcca9e (Handle: 19): Nordic UART RX, uzunluk: 2
2025-11-16 14:35:13 - spektroskopi - INFO - Raspberry Pi verisi: Ham=17, Voltaj=17.000V
2025-11-16 14:35:13 - spektroskopi - INFO - Raspberry Pi verisi işlendi: SENSOR_2 = 17.000V
2025-11-16 14:35:13 - spektroskopi - WARNING - Zaman sıralama düzeltildi: 2025-11-16 14:35:13.762766
2025-11-16 14:35:13 - spektroskopi - WARNING - Zaman sıralama düzeltildi: 2025-11-16 14:35:13.763766
2025-11-16 14:35:13 - spektroskopi - WARNING - Zaman sıralama düzeltildi: 2025-11-16 14:35:13.764766
2025-11-16 14:35:13 - spektroskopi - WARNING - Zaman sıralama düzeltildi: 2025-11-16 14:35:13.765766
2025-11-16 14:35:13 - spektroskopi - WARNING - Zaman sıralama düzeltildi: 2025-11-16 14:35:13.766766
2025-11-16 14:35:13 - spektroskopi - WARNING - Zaman sıralama düzeltildi: 2025-11-16 14:35:13.767766
2025-11-16 14:35:13 - spektroskopi - WARNING - Zaman sıralama düzeltildi: 2025-11-16 14:35:13.768766
2025-11-16 14:35:13 - spektroskopi - WARNING - Zaman sıralama düzeltildi: 2025-11-16 14:35:13.769766
2025-11-16 14:35:13 - spektroskopi - WARNING - Zaman sıralama düzeltildi: 2025-11-16 14:35:13.770766
2025-11-16 14:35:13 - spektroskopi - WARNING - Zaman sıralama düzeltildi: 2025-11-16 14:35:13.771766
2025-11-16 14:35:13 - spektroskopi - WARNING - Zaman sıralama düzeltildi: 2025-11-16 14:35:13.772766
2025-11-16 14:35:13 - spektroskopi - INFO - Raspberry Pi'dan veri alındı: 6e400005-b5a3-f393-e0a9-e50e24dcca9e (Handle: 16): Unknown, uzunluk: 2
2025-11-16 14:35:13 - spektroskopi - INFO - Raspberry Pi verisi: Ham=17, Voltaj=17.000V
2025-11-16 14:35:13 - spektroskopi - INFO - Raspberry Pi verisi işlendi: SENSOR_EXTRA = 17.000V
2025-11-16 14:35:13 - spektroskopi - INFO - Raspberry Pi'dan veri alındı: 6e400003-b5a3-f393-e0a9-e50e24dcca9e (Handle: 8): Nordic UART TX, uzunluk: 2
2025-11-16 14:35:13 - spektroskopi - INFO - Raspberry Pi verisi: Ham=3283, Voltaj=3283.000V
2025-11-16 14:35:13 - spektroskopi - INFO - Raspberry Pi verisi işlendi: SENSOR_5 = 3283.000V
2025-11-16 14:35:13 - spektroskopi - INFO - Raspberry Pi'dan veri alındı: 6e400004-b5a3-f393-e0a9-e50e24dcca9e (Handle: 11): Unknown, uzunluk: 2
2025-11-16 14:35:13 - spektroskopi - INFO - Raspberry Pi verisi: Ham=3283, Voltaj=3283.000V
2025-11-16 14:35:13 - spektroskopi - INFO - Raspberry Pi verisi işlendi: SENSOR_7 = 3283.000V
2025-11-16 14:35:14 - spektroskopi - INFO - Raspberry Pi'dan veri alındı: 6e400002-b5a3-f393-e0a9-e50e24dcca9e (Handle: 19): Nordic UART RX, uzunluk: 2
2025-11-16 14:35:14 - spektroskopi - INFO - Raspberry Pi verisi: Ham=17, Voltaj=17.000V
2025-11-16 14:35:14 - spektroskopi - INFO - Raspberry Pi verisi işlendi: SENSOR_2 = 17.000V
2025-11-16 14:35:14 - spektroskopi - INFO - Raspberry Pi'dan veri alındı: 6e400005-b5a3-f393-e0a9-e50e24dcca9e (Handle: 16): Unknown, uzunluk: 2
2025-11-16 14:35:14 - spektroskopi - INFO - Raspberry Pi verisi: Ham=17, Voltaj=17.000V
2025-11-16 14:35:14 - spektroskopi - INFO - Raspberry Pi verisi işlendi: SENSOR_EXTRA = 17.000V
2025-11-16 14:35:14 - spektroskopi - INFO - Raspberry Pi'dan veri alındı: 6e400003-b5a3-f393-e0a9-e50e24dcca9e (Handle: 8): Nordic UART TX, uzunluk: 2
2025-11-16 14:35:14 - spektroskopi - INFO - Raspberry Pi verisi: Ham=3283, Voltaj=3283.000V
2025-11-16 14:35:14 - spektroskopi - INFO - Raspberry Pi verisi işlendi: SENSOR_5 = 3283.000V
2025-11-16 14:35:14 - spektroskopi - INFO - Raspberry Pi'dan veri alındı: 6e400004-b5a3-f393-e0a9-e50e24dcca9e (Handle: 11): Unknown, uzunluk: 2
2025-11-16 14:35:14 - spektroskopi - INFO - Raspberry Pi verisi: Ham=3283, Voltaj=3283.000V
2025-11-16 14:35:14 - spektroskopi - INFO - Raspberry Pi verisi işlendi: SENSOR_7 = 3283.000V
2025-11-16 14:35:14 - spektroskopi - INFO - Raspberry Pi'dan veri alındı: 6e400002-b5a3-f393-e0a9-e50e24dcca9e (Handle: 19): Nordic UART RX, uzunluk: 2
2025-11-16 14:35:14 - spektroskopi - INFO - Raspberry Pi verisi: Ham=17, Voltaj=17.000V
2025-11-16 14:35:14 - spektroskopi - INFO - Raspberry Pi verisi işlendi: SENSOR_2 = 17.000V
2025-11-16 14:35:14 - spektroskopi - INFO - Raspberry Pi'dan veri alındı: 6e400005-b5a3-f393-e0a9-e50e24dcca9e (Handle: 16): Unknown, uzunluk: 2
2025-11-16 14:35:14 - spektroskopi - INFO - Raspberry Pi verisi: Ham=17, Voltaj=17.000V
2025-11-16 14:35:14 - spektroskopi - INFO - Raspberry Pi verisi işlendi: SENSOR_EXTRA = 17.000V
2025-11-16 14:35:14 - spektroskopi - INFO - Raspberry Pi'dan veri alındı: 6e400003-b5a3-f393-e0a9-e50e24dcca9e (Handle: 8): Nordic UART TX, uzunluk: 2
2025-11-16 14:35:14 - spektroskopi - INFO - Raspberry Pi verisi: Ham=3283, Voltaj=3283.000V
2025-11-16 14:35:14 - spektroskopi - INFO - Raspberry Pi verisi işlendi: SENSOR_5 = 3283.000V
2025-11-16 14:35:14 - spektroskopi - INFO - Raspberry Pi'dan veri alındı: 6e400004-b5a3-f393-e0a9-e50e24dcca9e (Handle: 11): Unknown, uzunluk: 2
2025-11-16 14:35:14 - spektroskopi - INFO - Raspberry Pi verisi: Ham=3283, Voltaj=3283.000V
2025-11-16 14:35:14 - spektroskopi - INFO - Raspberry Pi verisi işlendi: SENSOR_7 = 3283.000V
2025-11-16 14:35:14 - spektroskopi - INFO - Raspberry Pi'dan veri alındı: 6e400002-b5a3-f393-e0a9-e50e24dcca9e (Handle: 19): Nordic UART RX, uzunluk: 2
2025-11-16 14:35:14 - spektroskopi - INFO - Raspberry Pi verisi: Ham=17, Voltaj=17.000V
2025-11-16 14:35:14 - spektroskopi - INFO - Raspberry Pi verisi işlendi: SENSOR_2 = 17.000V
2025-11-16 14:35:14 - spektroskopi - WARNING - Zaman sıralama düzeltildi: 2025-11-16 14:35:14.751742
2025-11-16 14:35:14 - spektroskopi - WARNING - Zaman sıralama düzeltildi: 2025-11-16 14:35:14.752742
2025-11-16 14:35:14 - spektroskopi - WARNING - Zaman sıralama düzeltildi: 2025-11-16 14:35:14.753742
2025-11-16 14:35:14 - spektroskopi - WARNING - Zaman sıralama düzeltildi: 2025-11-16 14:35:14.754742
2025-11-16 14:35:14 - spektroskopi - WARNING - Zaman sıralama düzeltildi: 2025-11-16 14:35:14.755742
2025-11-16 14:35:14 - spektroskopi - WARNING - Zaman sıralama düzeltildi: 2025-11-16 14:35:14.756742
2025-11-16 14:35:14 - spektroskopi - WARNING - Zaman sıralama düzeltildi: 2025-11-16 14:35:14.757742
2025-11-16 14:35:14 - spektroskopi - WARNING - Zaman sıralama düzeltildi: 2025-11-16 14:35:14.758742
2025-11-16 14:35:14 - spektroskopi - WARNING - Zaman sıralama düzeltildi: 2025-11-16 14:35:14.759742
2025-11-16 14:35:14 - spektroskopi - WARNING - Zaman sıralama düzeltildi: 2025-11-16 14:35:14.760742
2025-11-16 14:35:14 - spektroskopi - WARNING - Zaman sıralama düzeltildi: 2025-11-16 14:35:14.761742
2025-11-16 14:35:14 - spektroskopi - WARNING - Zaman sıralama düzeltildi: 2025-11-16 14:35:14.762742
2025-11-16 14:35:14 - spektroskopi - INFO - Raspberry Pi'dan veri alındı: 6e400005-b5a3-f393-e0a9-e50e24dcca9e (Handle: 16): Unknown, uzunluk: 2
2025-11-16 14:35:14 - spektroskopi - INFO - Raspberry Pi verisi: Ham=17, Voltaj=17.000V
2025-11-16 14:35:14 - spektroskopi - INFO - Raspberry Pi verisi işlendi: SENSOR_EXTRA = 17.000V
2025-11-16 14:35:14 - spektroskopi - INFO - Raspberry Pi'dan veri alındı: 6e400003-b5a3-f393-e0a9-e50e24dcca9e (Handle: 8): Nordic UART TX, uzunluk: 2
2025-11-16 14:35:14 - spektroskopi - INFO - Raspberry Pi verisi: Ham=3283, Voltaj=3283.000V
2025-11-16 14:35:14 - spektroskopi - INFO - Raspberry Pi verisi işlendi: SENSOR_5 = 3283.000V
2025-11-16 14:35:14 - spektroskopi - INFO - Raspberry Pi'dan veri alındı: 6e400004-b5a3-f393-e0a9-e50e24dcca9e (Handle: 11): Unknown, uzunluk: 2
2025-11-16 14:35:14 - spektroskopi - INFO - Raspberry Pi verisi: Ham=3283, Voltaj=3283.000V
2025-11-16 14:35:14 - spektroskopi - INFO - Raspberry Pi verisi işlendi: SENSOR_7 = 3283.000V
2025-11-16 14:35:15 - spektroskopi - INFO - Raspberry Pi'dan veri alındı: 6e400002-b5a3-f393-e0a9-e50e24dcca9e (Handle: 19): Nordic UART RX, uzunluk: 2
2025-11-16 14:35:15 - spektroskopi - INFO - Raspberry Pi verisi: Ham=17, Voltaj=17.000V
2025-11-16 14:35:15 - spektroskopi - INFO - Raspberry Pi verisi işlendi: SENSOR_2 = 17.000V
2025-11-16 14:35:15 - spektroskopi - INFO - Raspberry Pi'dan veri alındı: 6e400005-b5a3-f393-e0a9-e50e24dcca9e (Handle: 16): Unknown, uzunluk: 2
2025-11-16 14:35:15 - spektroskopi - INFO - Raspberry Pi verisi: Ham=17, Voltaj=17.000V
2025-11-16 14:35:15 - spektroskopi - INFO - Raspberry Pi verisi işlendi: SENSOR_EXTRA = 17.000V
2025-11-16 14:35:15 - spektroskopi - INFO - Raspberry Pi'dan veri alındı: 6e400003-b5a3-f393-e0a9-e50e24dcca9e (Handle: 8): Nordic UART TX, uzunluk: 2
2025-11-16 14:35:15 - spektroskopi - INFO - Raspberry Pi verisi: Ham=3283, Voltaj=3283.000V
2025-11-16 14:35:15 - spektroskopi - INFO - Raspberry Pi verisi işlendi: SENSOR_5 = 3283.000V
2025-11-16 14:35:15 - spektroskopi - INFO - Raspberry Pi'dan veri alındı: 6e400004-b5a3-f393-e0a9-e50e24dcca9e (Handle: 11): Unknown, uzunluk: 2
2025-11-16 14:35:15 - spektroskopi - INFO - Raspberry Pi verisi: Ham=3284, Voltaj=3284.000V
2025-11-16 14:35:15 - spektroskopi - INFO - Raspberry Pi verisi işlendi: SENSOR_7 = 3284.000V
2025-11-16 14:35:15 - spektroskopi - INFO - Raspberry Pi'dan veri alındı: 6e400002-b5a3-f393-e0a9-e50e24dcca9e (Handle: 19): Nordic UART RX, uzunluk: 2
2025-11-16 14:35:15 - spektroskopi - INFO - Raspberry Pi verisi: Ham=17, Voltaj=17.000V
2025-11-16 14:35:15 - spektroskopi - INFO - Raspberry Pi verisi işlendi: SENSOR_2 = 17.000V
2025-11-16 14:35:15 - spektroskopi - INFO - Raspberry Pi'dan veri alındı: 6e400005-b5a3-f393-e0a9-e50e24dcca9e (Handle: 16): Unknown, uzunluk: 2
2025-11-16 14:35:15 - spektroskopi - INFO - Raspberry Pi verisi: Ham=17, Voltaj=17.000V
2025-11-16 14:35:15 - spektroskopi - INFO - Raspberry Pi verisi işlendi: SENSOR_EXTRA = 17.000V
2025-11-16 14:35:15 - spektroskopi - INFO - Raspberry Pi'dan veri alındı: 6e400003-b5a3-f393-e0a9-e50e24dcca9e (Handle: 8): Nordic UART TX, uzunluk: 2
2025-11-16 14:35:15 - spektroskopi - INFO - Raspberry Pi verisi: Ham=3284, Voltaj=3284.000V
2025-11-16 14:35:15 - spektroskopi - INFO - Raspberry Pi verisi işlendi: SENSOR_5 = 3284.000V
2025-11-16 14:35:15 - spektroskopi - INFO - Raspberry Pi'dan veri alındı: 6e400004-b5a3-f393-e0a9-e50e24dcca9e (Handle: 11): Unknown, uzunluk: 2
2025-11-16 14:35:15 - spektroskopi - INFO - Raspberry Pi verisi: Ham=3283, Voltaj=3283.000V
2025-11-16 14:35:15 - spektroskopi - INFO - Raspberry Pi verisi işlendi: SENSOR_7 = 3283.000V
2025-11-16 14:35:15 - spektroskopi - INFO - Raspberry Pi'dan veri alındı: 6e400002-b5a3-f393-e0a9-e50e24dcca9e (Handle: 19): Nordic UART RX, uzunluk: 2
2025-11-16 14:35:15 - spektroskopi - INFO - Raspberry Pi verisi: Ham=17, Voltaj=17.000V
2025-11-16 14:35:15 - spektroskopi - INFO - Raspberry Pi verisi işlendi: SENSOR_2 = 17.000V
2025-11-16 14:35:15 - spektroskopi - INFO - Raspberry Pi'dan veri alındı: 6e400005-b5a3-f393-e0a9-e50e24dcca9e (Handle: 16): Unknown, uzunluk: 2
2025-11-16 14:35:15 - spektroskopi - INFO - Raspberry Pi verisi: Ham=17, Voltaj=17.000V
2025-11-16 14:35:15 - spektroskopi - INFO - Raspberry Pi verisi işlendi: SENSOR_EXTRA = 17.000V
2025-11-16 14:35:15 - spektroskopi - WARNING - Zaman sıralama düzeltildi: 2025-11-16 14:35:15.800969
2025-11-16 14:35:15 - spektroskopi - WARNING - Zaman sıralama düzeltildi: 2025-11-16 14:35:15.801969
2025-11-16 14:35:15 - spektroskopi - WARNING - Zaman sıralama düzeltildi: 2025-11-16 14:35:15.802969
2025-11-16 14:35:15 - spektroskopi - WARNING - Zaman sıralama düzeltildi: 2025-11-16 14:35:15.803969
2025-11-16 14:35:15 - spektroskopi - WARNING - Zaman sıralama düzeltildi: 2025-11-16 14:35:15.804969
2025-11-16 14:35:15 - spektroskopi - WARNING - Zaman sıralama düzeltildi: 2025-11-16 14:35:15.805969
2025-11-16 14:35:15 - spektroskopi - WARNING - Zaman sıralama düzeltildi: 2025-11-16 14:35:15.806969
2025-11-16 14:35:15 - spektroskopi - WARNING - Zaman sıralama düzeltildi: 2025-11-16 14:35:15.807969
2025-11-16 14:35:15 - spektroskopi - WARNING - Zaman sıralama düzeltildi: 2025-11-16 14:35:15.808969
2025-11-16 14:35:15 - spektroskopi - WARNING - Zaman sıralama düzeltildi: 2025-11-16 14:35:15.809969
2025-11-16 14:35:15 - spektroskopi - WARNING - Zaman sıralama düzeltildi: 2025-11-16 14:35:15.810969
2025-11-16 14:35:15 - spektroskopi - WARNING - Zaman sıralama düzeltildi: 2025-11-16 14:35:15.811969
2025-11-16 14:35:15 - spektroskopi - WARNING - Zaman sıralama düzeltildi: 2025-11-16 14:35:15.812969
2025-11-16 14:35:15 - spektroskopi - INFO - Raspberry Pi'dan veri alındı: 6e400003-b5a3-f393-e0a9-e50e24dcca9e (Handle: 8): Nordic UART TX, uzunluk: 2
2025-11-16 14:35:15 - spektroskopi - INFO - Raspberry Pi verisi: Ham=3283, Voltaj=3283.000V
2025-11-16 14:35:15 - spektroskopi - INFO - Raspberry Pi verisi işlendi: SENSOR_5 = 3283.000V
2025-11-16 14:35:15 - spektroskopi - INFO - Raspberry Pi'dan veri alındı: 6e400004-b5a3-f393-e0a9-e50e24dcca9e (Handle: 11): Unknown, uzunluk: 2
2025-11-16 14:35:15 - spektroskopi - INFO - Raspberry Pi verisi: Ham=3283, Voltaj=3283.000V
2025-11-16 14:35:15 - spektroskopi - INFO - Raspberry Pi verisi işlendi: SENSOR_7 = 3283.000V
2025-11-16 14:35:16 - spektroskopi - INFO - Raspberry Pi'dan veri alındı: 6e400002-b5a3-f393-e0a9-e50e24dcca9e (Handle: 19): Nordic UART RX, uzunluk: 2
2025-11-16 14:35:16 - spektroskopi - INFO - Raspberry Pi verisi: Ham=17, Voltaj=17.000V
2025-11-16 14:35:16 - spektroskopi - INFO - Raspberry Pi verisi işlendi: SENSOR_2 = 17.000V
2025-11-16 14:35:16 - spektroskopi - INFO - Raspberry Pi'dan veri alındı: 6e400005-b5a3-f393-e0a9-e50e24dcca9e (Handle: 16): Unknown, uzunluk: 2
2025-11-16 14:35:16 - spektroskopi - INFO - Raspberry Pi verisi: Ham=17, Voltaj=17.000V
2025-11-16 14:35:16 - spektroskopi - INFO - Raspberry Pi verisi işlendi: SENSOR_EXTRA = 17.000V
2025-11-16 14:35:16 - spektroskopi - INFO - Raspberry Pi'dan veri alındı: 6e400003-b5a3-f393-e0a9-e50e24dcca9e (Handle: 8): Nordic UART TX, uzunluk: 2
2025-11-16 14:35:16 - spektroskopi - INFO - Raspberry Pi verisi: Ham=3283, Voltaj=3283.000V
2025-11-16 14:35:16 - spektroskopi - INFO - Raspberry Pi verisi işlendi: SENSOR_5 = 3283.000V
2025-11-16 14:35:16 - spektroskopi - INFO - Raspberry Pi'dan veri alındı: 6e400004-b5a3-f393-e0a9-e50e24dcca9e (Handle: 11): Unknown, uzunluk: 2
2025-11-16 14:35:16 - spektroskopi - INFO - Raspberry Pi verisi: Ham=3283, Voltaj=3283.000V
2025-11-16 14:35:16 - spektroskopi - INFO - Raspberry Pi verisi işlendi: SENSOR_7 = 3283.000V
2025-11-16 14:35:16 - spektroskopi - INFO - Raspberry Pi'dan veri alındı: 6e400002-b5a3-f393-e0a9-e50e24dcca9e (Handle: 19): Nordic UART RX, uzunluk: 2
2025-11-16 14:35:16 - spektroskopi - INFO - Raspberry Pi verisi: Ham=17, Voltaj=17.000V
2025-11-16 14:35:16 - spektroskopi - INFO - Raspberry Pi verisi işlendi: SENSOR_2 = 17.000V
2025-11-16 14:35:16 - spektroskopi - INFO - Raspberry Pi'dan veri alındı: 6e400005-b5a3-f393-e0a9-e50e24dcca9e (Handle: 16): Unknown, uzunluk: 2
2025-11-16 14:35:16 - spektroskopi - INFO - Raspberry Pi verisi: Ham=17, Voltaj=17.000V
2025-11-16 14:35:16 - spektroskopi - INFO - Raspberry Pi verisi işlendi: SENSOR_EXTRA = 17.000V
2025-11-16 14:35:16 - spektroskopi - INFO - Raspberry Pi'dan veri alındı: 6e400003-b5a3-f393-e0a9-e50e24dcca9e (Handle: 8): Nordic UART TX, uzunluk: 2
2025-11-16 14:35:16 - spektroskopi - INFO - Raspberry Pi verisi: Ham=3283, Voltaj=3283.000V
2025-11-16 14:35:16 - spektroskopi - INFO - Raspberry Pi verisi işlendi: SENSOR_5 = 3283.000V
2025-11-16 14:35:16 - spektroskopi - INFO - Raspberry Pi'dan veri alındı: 6e400004-b5a3-f393-e0a9-e50e24dcca9e (Handle: 11): Unknown, uzunluk: 2
2025-11-16 14:35:16 - spektroskopi - INFO - Raspberry Pi verisi: Ham=3283, Voltaj=3283.000V
2025-11-16 14:35:16 - spektroskopi - INFO - Raspberry Pi verisi işlendi: SENSOR_7 = 3283.000V
2025-11-16 14:35:16 - spektroskopi - INFO - Raspberry Pi'dan veri alındı: 6e400002-b5a3-f393-e0a9-e50e24dcca9e (Handle: 19): Nordic UART RX, uzunluk: 2
2025-11-16 14:35:16 - spektroskopi - INFO - Raspberry Pi verisi: Ham=17, Voltaj=17.000V
2025-11-16 14:35:16 - spektroskopi - INFO - Raspberry Pi verisi işlendi: SENSOR_2 = 17.000V
2025-11-16 14:35:16 - spektroskopi - WARNING - Zaman sıralama düzeltildi: 2025-11-16 14:35:16.761723
2025-11-16 14:35:16 - spektroskopi - WARNING - Zaman sıralama düzeltildi: 2025-11-16 14:35:16.762723
2025-11-16 14:35:16 - spektroskopi - WARNING - Zaman sıralama düzeltildi: 2025-11-16 14:35:16.763723
2025-11-16 14:35:16 - spektroskopi - WARNING - Zaman sıralama düzeltildi: 2025-11-16 14:35:16.764723
2025-11-16 14:35:16 - spektroskopi - WARNING - Zaman sıralama düzeltildi: 2025-11-16 14:35:16.765723
2025-11-16 14:35:16 - spektroskopi - WARNING - Zaman sıralama düzeltildi: 2025-11-16 14:35:16.766723
2025-11-16 14:35:16 - spektroskopi - WARNING - Zaman sıralama düzeltildi: 2025-11-16 14:35:16.767723
2025-11-16 14:35:16 - spektroskopi - WARNING - Zaman sıralama düzeltildi: 2025-11-16 14:35:16.768723
2025-11-16 14:35:16 - spektroskopi - WARNING - Zaman sıralama düzeltildi: 2025-11-16 14:35:16.769723
2025-11-16 14:35:16 - spektroskopi - WARNING - Zaman sıralama düzeltildi: 2025-11-16 14:35:16.770723
2025-11-16 14:35:16 - spektroskopi - WARNING - Zaman sıralama düzeltildi: 2025-11-16 14:35:16.771723
2025-11-16 14:35:16 - spektroskopi - INFO - Raspberry Pi'dan veri alındı: 6e400005-b5a3-f393-e0a9-e50e24dcca9e (Handle: 16): Unknown, uzunluk: 2
2025-11-16 14:35:16 - spektroskopi - INFO - Raspberry Pi verisi: Ham=17, Voltaj=17.000V
2025-11-16 14:35:16 - spektroskopi - INFO - Raspberry Pi verisi işlendi: SENSOR_EXTRA = 17.000V
2025-11-16 14:35:16 - spektroskopi - INFO - Raspberry Pi'dan veri alındı: 6e400003-b5a3-f393-e0a9-e50e24dcca9e (Handle: 8): Nordic UART TX, uzunluk: 2
2025-11-16 14:35:16 - spektroskopi - INFO - Raspberry Pi verisi: Ham=3283, Voltaj=3283.000V
2025-11-16 14:35:16 - spektroskopi - INFO - Raspberry Pi verisi işlendi: SENSOR_5 = 3283.000V
2025-11-16 14:35:16 - spektroskopi - INFO - Raspberry Pi'dan veri alındı: 6e400004-b5a3-f393-e0a9-e50e24dcca9e (Handle: 11): Unknown, uzunluk: 2
2025-11-16 14:35:16 - spektroskopi - INFO - Raspberry Pi verisi: Ham=3283, Voltaj=3283.000V
2025-11-16 14:35:16 - spektroskopi - INFO - Raspberry Pi verisi işlendi: SENSOR_7 = 3283.000V
2025-11-16 14:35:17 - spektroskopi - INFO - Raspberry Pi'dan veri alındı: 6e400002-b5a3-f393-e0a9-e50e24dcca9e (Handle: 19): Nordic UART RX, uzunluk: 2
2025-11-16 14:35:17 - spektroskopi - INFO - Raspberry Pi verisi: Ham=17, Voltaj=17.000V
2025-11-16 14:35:17 - spektroskopi - INFO - Raspberry Pi verisi işlendi: SENSOR_2 = 17.000V
2025-11-16 14:35:17 - spektroskopi - INFO - Raspberry Pi'dan veri alındı: 6e400005-b5a3-f393-e0a9-e50e24dcca9e (Handle: 16): Unknown, uzunluk: 2
2025-11-16 14:35:17 - spektroskopi - INFO - Raspberry Pi verisi: Ham=17, Voltaj=17.000V
2025-11-16 14:35:17 - spektroskopi - INFO - Raspberry Pi verisi işlendi: SENSOR_EXTRA = 17.000V
2025-11-16 14:35:17 - spektroskopi - INFO - Raspberry Pi'dan veri alındı: 6e400003-b5a3-f393-e0a9-e50e24dcca9e (Handle: 8): Nordic UART TX, uzunluk: 2
2025-11-16 14:35:17 - spektroskopi - INFO - Raspberry Pi verisi: Ham=3283, Voltaj=3283.000V
2025-11-16 14:35:17 - spektroskopi - INFO - Raspberry Pi verisi işlendi: SENSOR_5 = 3283.000V
2025-11-16 14:35:17 - spektroskopi - INFO - Raspberry Pi'dan veri alındı: 6e400004-b5a3-f393-e0a9-e50e24dcca9e (Handle: 11): Unknown, uzunluk: 2
2025-11-16 14:35:17 - spektroskopi - INFO - Raspberry Pi verisi: Ham=3283, Voltaj=3283.000V
2025-11-16 14:35:17 - spektroskopi - INFO - Raspberry Pi verisi işlendi: SENSOR_7 = 3283.000V
2025-11-16 14:35:17 - spektroskopi - INFO - Raspberry Pi'dan veri alındı: 6e400002-b5a3-f393-e0a9-e50e24dcca9e (Handle: 19): Nordic UART RX, uzunluk: 2
2025-11-16 14:35:17 - spektroskopi - INFO - Raspberry Pi verisi: Ham=17, Voltaj=17.000V
2025-11-16 14:35:17 - spektroskopi - INFO - Raspberry Pi verisi işlendi: SENSOR_2 = 17.000V
2025-11-16 14:35:17 - spektroskopi - INFO - Raspberry Pi'dan veri alındı: 6e400005-b5a3-f393-e0a9-e50e24dcca9e (Handle: 16): Unknown, uzunluk: 2
2025-11-16 14:35:17 - spektroskopi - INFO - Raspberry Pi verisi: Ham=17, Voltaj=17.000V
2025-11-16 14:35:17 - spektroskopi - INFO - Raspberry Pi verisi işlendi: SENSOR_EXTRA = 17.000V
2025-11-16 14:35:17 - spektroskopi - INFO - Raspberry Pi'dan veri alındı: 6e400003-b5a3-f393-e0a9-e50e24dcca9e (Handle: 8): Nordic UART TX, uzunluk: 2
2025-11-16 14:35:17 - spektroskopi - INFO - Raspberry Pi verisi: Ham=3283, Voltaj=3283.000V
2025-11-16 14:35:17 - spektroskopi - INFO - Raspberry Pi verisi işlendi: SENSOR_5 = 3283.000V
2025-11-16 14:35:17 - spektroskopi - INFO - Raspberry Pi'dan veri alındı: 6e400004-b5a3-f393-e0a9-e50e24dcca9e (Handle: 11): Unknown, uzunluk: 2
2025-11-16 14:35:17 - spektroskopi - INFO - Raspberry Pi verisi: Ham=3283, Voltaj=3283.000V
2025-11-16 14:35:17 - spektroskopi - INFO - Raspberry Pi verisi işlendi: SENSOR_7 = 3283.000V
2025-11-16 14:35:17 - spektroskopi - INFO - Raspberry Pi'dan veri alındı: 6e400002-b5a3-f393-e0a9-e50e24dcca9e (Handle: 19): Nordic UART RX, uzunluk: 2
2025-11-16 14:35:17 - spektroskopi - INFO - Raspberry Pi verisi: Ham=17, Voltaj=17.000V
2025-11-16 14:35:17 - spektroskopi - INFO - Raspberry Pi verisi işlendi: SENSOR_2 = 17.000V
2025-11-16 14:35:17 - spektroskopi - INFO - Raspberry Pi'dan veri alındı: 6e400005-b5a3-f393-e0a9-e50e24dcca9e (Handle: 16): Unknown, uzunluk: 2
2025-11-16 14:35:17 - spektroskopi - INFO - Raspberry Pi verisi: Ham=17, Voltaj=17.000V
2025-11-16 14:35:17 - spektroskopi - INFO - Raspberry Pi verisi işlendi: SENSOR_EXTRA = 17.000V
2025-11-16 14:35:17 - spektroskopi - WARNING - Zaman sıralama düzeltildi: 2025-11-16 14:35:17.810974
2025-11-16 14:35:17 - spektroskopi - WARNING - Zaman sıralama düzeltildi: 2025-11-16 14:35:17.811974
2025-11-16 14:35:17 - spektroskopi - WARNING - Zaman sıralama düzeltildi: 2025-11-16 14:35:17.812974
2025-11-16 14:35:17 - spektroskopi - WARNING - Zaman sıralama düzeltildi: 2025-11-16 14:35:17.813974
2025-11-16 14:35:17 - spektroskopi - WARNING - Zaman sıralama düzeltildi: 2025-11-16 14:35:17.814974
2025-11-16 14:35:17 - spektroskopi - WARNING - Zaman sıralama düzeltildi: 2025-11-16 14:35:17.815974
2025-11-16 14:35:17 - spektroskopi - WARNING - Zaman sıralama düzeltildi: 2025-11-16 14:35:17.816974
2025-11-16 14:35:17 - spektroskopi - WARNING - Zaman sıralama düzeltildi: 2025-11-16 14:35:17.817974
2025-11-16 14:35:17 - spektroskopi - WARNING - Zaman sıralama düzeltildi: 2025-11-16 14:35:17.818974
2025-11-16 14:35:17 - spektroskopi - WARNING - Zaman sıralama düzeltildi: 2025-11-16 14:35:17.819974
2025-11-16 14:35:17 - spektroskopi - WARNING - Zaman sıralama düzeltildi: 2025-11-16 14:35:17.820974
2025-11-16 14:35:17 - spektroskopi - WARNING - Zaman sıralama düzeltildi: 2025-11-16 14:35:17.821974
2025-11-16 14:35:17 - spektroskopi - WARNING - Zaman sıralama düzeltildi: 2025-11-16 14:35:17.822974
2025-11-16 14:35:17 - spektroskopi - INFO - Raspberry Pi'dan veri alındı: 6e400003-b5a3-f393-e0a9-e50e24dcca9e (Handle: 8): Nordic UART TX, uzunluk: 2
2025-11-16 14:35:17 - spektroskopi - INFO - Raspberry Pi verisi: Ham=3283, Voltaj=3283.000V
2025-11-16 14:35:17 - spektroskopi - INFO - Raspberry Pi verisi işlendi: SENSOR_5 = 3283.000V
2025-11-16 14:35:17 - spektroskopi - INFO - Raspberry Pi'dan veri alındı: 6e400004-b5a3-f393-e0a9-e50e24dcca9e (Handle: 11): Unknown, uzunluk: 2
2025-11-16 14:35:17 - spektroskopi - INFO - Raspberry Pi verisi: Ham=3284, Voltaj=3284.000V
2025-11-16 14:35:17 - spektroskopi - INFO - Raspberry Pi verisi işlendi: SENSOR_7 = 3284.000V
2025-11-16 14:35:18 - spektroskopi - INFO - Raspberry Pi'dan veri alındı: 6e400002-b5a3-f393-e0a9-e50e24dcca9e (Handle: 19): Nordic UART RX, uzunluk: 2
2025-11-16 14:35:18 - spektroskopi - INFO - Raspberry Pi verisi: Ham=17, Voltaj=17.000V
2025-11-16 14:35:18 - spektroskopi - INFO - Raspberry Pi verisi işlendi: SENSOR_2 = 17.000V
2025-11-16 14:35:18 - spektroskopi - INFO - Raspberry Pi'dan veri alındı: 6e400005-b5a3-f393-e0a9-e50e24dcca9e (Handle: 16): Unknown, uzunluk: 2
2025-11-16 14:35:18 - spektroskopi - INFO - Raspberry Pi verisi: Ham=17, Voltaj=17.000V
2025-11-16 14:35:18 - spektroskopi - INFO - Raspberry Pi verisi işlendi: SENSOR_EXTRA = 17.000V
2025-11-16 14:35:18 - spektroskopi - INFO - Raspberry Pi'dan veri alındı: 6e400003-b5a3-f393-e0a9-e50e24dcca9e (Handle: 8): Nordic UART TX, uzunluk: 2
2025-11-16 14:35:18 - spektroskopi - INFO - Raspberry Pi verisi: Ham=3283, Voltaj=3283.000V
2025-11-16 14:35:18 - spektroskopi - INFO - Raspberry Pi verisi işlendi: SENSOR_5 = 3283.000V
2025-11-16 14:35:18 - spektroskopi - INFO - Raspberry Pi'dan veri alındı: 6e400004-b5a3-f393-e0a9-e50e24dcca9e (Handle: 11): Unknown, uzunluk: 2
2025-11-16 14:35:18 - spektroskopi - INFO - Raspberry Pi verisi: Ham=3283, Voltaj=3283.000V
2025-11-16 14:35:18 - spektroskopi - INFO - Raspberry Pi verisi işlendi: SENSOR_7 = 3283.000V
2025-11-16 14:35:18 - spektroskopi - INFO - Raspberry Pi'dan veri alındı: 6e400002-b5a3-f393-e0a9-e50e24dcca9e (Handle: 19): Nordic UART RX, uzunluk: 2
2025-11-16 14:35:18 - spektroskopi - INFO - Raspberry Pi verisi: Ham=17, Voltaj=17.000V
2025-11-16 14:35:18 - spektroskopi - INFO - Raspberry Pi verisi işlendi: SENSOR_2 = 17.000V
2025-11-16 14:35:18 - spektroskopi - INFO - Raspberry Pi'dan veri alındı: 6e400005-b5a3-f393-e0a9-e50e24dcca9e (Handle: 16): Unknown, uzunluk: 2
2025-11-16 14:35:18 - spektroskopi - INFO - Raspberry Pi verisi: Ham=17, Voltaj=17.000V
2025-11-16 14:35:18 - spektroskopi - INFO - Raspberry Pi verisi işlendi: SENSOR_EXTRA = 17.000V
2025-11-16 14:35:18 - spektroskopi - INFO - Raspberry Pi'dan veri alındı: 6e400003-b5a3-f393-e0a9-e50e24dcca9e (Handle: 8): Nordic UART TX, uzunluk: 2
2025-11-16 14:35:18 - spektroskopi - INFO - Raspberry Pi verisi: Ham=3283, Voltaj=3283.000V
2025-11-16 14:35:18 - spektroskopi - INFO - Raspberry Pi verisi işlendi: SENSOR_5 = 3283.000V
2025-11-16 14:35:18 - spektroskopi - INFO - Raspberry Pi'dan veri alındı: 6e400004-b5a3-f393-e0a9-e50e24dcca9e (Handle: 11): Unknown, uzunluk: 2
2025-11-16 14:35:18 - spektroskopi - INFO - Raspberry Pi verisi: Ham=3284, Voltaj=3284.000V
2025-11-16 14:35:18 - spektroskopi - INFO - Raspberry Pi verisi işlendi: SENSOR_7 = 3284.000V
2025-11-16 14:35:18 - spektroskopi - INFO - Raspberry Pi'dan veri alındı: 6e400002-b5a3-f393-e0a9-e50e24dcca9e (Handle: 19): Nordic UART RX, uzunluk: 2
2025-11-16 14:35:18 - spektroskopi - INFO - Raspberry Pi verisi: Ham=17, Voltaj=17.000V
2025-11-16 14:35:18 - spektroskopi - INFO - Raspberry Pi verisi işlendi: SENSOR_2 = 17.000V
2025-11-16 14:35:18 - spektroskopi - INFO - Raspberry Pi'dan veri alındı: 6e400005-b5a3-f393-e0a9-e50e24dcca9e (Handle: 16): Unknown, uzunluk: 2
2025-11-16 14:35:18 - spektroskopi - INFO - Raspberry Pi verisi: Ham=17, Voltaj=17.000V
2025-11-16 14:35:18 - spektroskopi - INFO - Raspberry Pi verisi işlendi: SENSOR_EXTRA = 17.000V
2025-11-16 14:35:18 - spektroskopi - WARNING - Zaman sıralama düzeltildi: 2025-11-16 14:35:18.802817
2025-11-16 14:35:18 - spektroskopi - WARNING - Zaman sıralama düzeltildi: 2025-11-16 14:35:18.803817
2025-11-16 14:35:18 - spektroskopi - WARNING - Zaman sıralama düzeltildi: 2025-11-16 14:35:18.804817
2025-11-16 14:35:18 - spektroskopi - WARNING - Zaman sıralama düzeltildi: 2025-11-16 14:35:18.805817
2025-11-16 14:35:18 - spektroskopi - WARNING - Zaman sıralama düzeltildi: 2025-11-16 14:35:18.806817
2025-11-16 14:35:18 - spektroskopi - WARNING - Zaman sıralama düzeltildi: 2025-11-16 14:35:18.807817
2025-11-16 14:35:18 - spektroskopi - WARNING - Zaman sıralama düzeltildi: 2025-11-16 14:35:18.808817
2025-11-16 14:35:18 - spektroskopi - WARNING - Zaman sıralama düzeltildi: 2025-11-16 14:35:18.809817
2025-11-16 14:35:18 - spektroskopi - WARNING - Zaman sıralama düzeltildi: 2025-11-16 14:35:18.810817
2025-11-16 14:35:18 - spektroskopi - WARNING - Zaman sıralama düzeltildi: 2025-11-16 14:35:18.811817
2025-11-16 14:35:18 - spektroskopi - WARNING - Zaman sıralama düzeltildi: 2025-11-16 14:35:18.812817
2025-11-16 14:35:18 - spektroskopi - WARNING - Zaman sıralama düzeltildi: 2025-11-16 14:35:18.813817
2025-11-16 14:35:18 - spektroskopi - INFO - Raspberry Pi'dan veri alındı: 6e400003-b5a3-f393-e0a9-e50e24dcca9e (Handle: 8): Nordic UART TX, uzunluk: 2
2025-11-16 14:35:18 - spektroskopi - INFO - Raspberry Pi verisi: Ham=3283, Voltaj=3283.000V
2025-11-16 14:35:18 - spektroskopi - INFO - Raspberry Pi verisi işlendi: SENSOR_5 = 3283.000V
2025-11-16 14:35:18 - spektroskopi - INFO - Raspberry Pi'dan veri alındı: 6e400004-b5a3-f393-e0a9-e50e24dcca9e (Handle: 11): Unknown, uzunluk: 2
2025-11-16 14:35:18 - spektroskopi - INFO - Raspberry Pi verisi: Ham=3283, Voltaj=3283.000V
2025-11-16 14:35:18 - spektroskopi - INFO - Raspberry Pi verisi işlendi: SENSOR_7 = 3283.000V
2025-11-16 14:35:19 - spektroskopi - INFO - Raspberry Pi'dan veri alındı: 6e400002-b5a3-f393-e0a9-e50e24dcca9e (Handle: 19): Nordic UART RX, uzunluk: 2
2025-11-16 14:35:19 - spektroskopi - INFO - Raspberry Pi verisi: Ham=17, Voltaj=17.000V
2025-11-16 14:35:19 - spektroskopi - INFO - Raspberry Pi verisi işlendi: SENSOR_2 = 17.000V
2025-11-16 14:35:19 - spektroskopi - INFO - Raspberry Pi'dan veri alındı: 6e400005-b5a3-f393-e0a9-e50e24dcca9e (Handle: 16): Unknown, uzunluk: 2
2025-11-16 14:35:19 - spektroskopi - INFO - Raspberry Pi verisi: Ham=17, Voltaj=17.000V
2025-11-16 14:35:19 - spektroskopi - INFO - Raspberry Pi verisi işlendi: SENSOR_EXTRA = 17.000V
2025-11-16 14:35:19 - spektroskopi - INFO - Raspberry Pi'dan veri alındı: 6e400003-b5a3-f393-e0a9-e50e24dcca9e (Handle: 8): Nordic UART TX, uzunluk: 2
2025-11-16 14:35:19 - spektroskopi - INFO - Raspberry Pi verisi: Ham=3283, Voltaj=3283.000V
2025-11-16 14:35:19 - spektroskopi - INFO - Raspberry Pi verisi işlendi: SENSOR_5 = 3283.000V
2025-11-16 14:35:19 - spektroskopi - INFO - Raspberry Pi'dan veri alındı: 6e400004-b5a3-f393-e0a9-e50e24dcca9e (Handle: 11): Unknown, uzunluk: 2
2025-11-16 14:35:19 - spektroskopi - INFO - Raspberry Pi verisi: Ham=3283, Voltaj=3283.000V
2025-11-16 14:35:19 - spektroskopi - INFO - Raspberry Pi verisi işlendi: SENSOR_7 = 3283.000V
2025-11-16 14:35:19 - spektroskopi - INFO - Raspberry Pi'dan veri alındı: 6e400002-b5a3-f393-e0a9-e50e24dcca9e (Handle: 19): Nordic UART RX, uzunluk: 2
2025-11-16 14:35:19 - spektroskopi - INFO - Raspberry Pi verisi: Ham=17, Voltaj=17.000V
2025-11-16 14:35:19 - spektroskopi - INFO - Raspberry Pi verisi işlendi: SENSOR_2 = 17.000V
2025-11-16 14:35:19 - spektroskopi - INFO - Raspberry Pi'dan veri alındı: 6e400005-b5a3-f393-e0a9-e50e24dcca9e (Handle: 16): Unknown, uzunluk: 2
2025-11-16 14:35:19 - spektroskopi - INFO - Raspberry Pi verisi: Ham=17, Voltaj=17.000V
2025-11-16 14:35:19 - spektroskopi - INFO - Raspberry Pi verisi işlendi: SENSOR_EXTRA = 17.000V
2025-11-16 14:35:19 - spektroskopi - INFO - Raspberry Pi'dan veri alındı: 6e400003-b5a3-f393-e0a9-e50e24dcca9e (Handle: 8): Nordic UART TX, uzunluk: 2
2025-11-16 14:35:19 - spektroskopi - INFO - Raspberry Pi verisi: Ham=3284, Voltaj=3284.000V
2025-11-16 14:35:19 - spektroskopi - INFO - Raspberry Pi verisi işlendi: SENSOR_5 = 3284.000V
2025-11-16 14:35:19 - spektroskopi - INFO - Raspberry Pi'dan veri alındı: 6e400004-b5a3-f393-e0a9-e50e24dcca9e (Handle: 11): Unknown, uzunluk: 2
2025-11-16 14:35:19 - spektroskopi - INFO - Raspberry Pi verisi: Ham=3283, Voltaj=3283.000V
2025-11-16 14:35:19 - spektroskopi - INFO - Raspberry Pi verisi işlendi: SENSOR_7 = 3283.000V
2025-11-16 14:35:19 - spektroskopi - INFO - Raspberry Pi'dan veri alındı: 6e400002-b5a3-f393-e0a9-e50e24dcca9e (Handle: 19): Nordic UART RX, uzunluk: 2
2025-11-16 14:35:19 - spektroskopi - INFO - Raspberry Pi verisi: Ham=17, Voltaj=17.000V
2025-11-16 14:35:19 - spektroskopi - INFO - Raspberry Pi verisi işlendi: SENSOR_2 = 17.000V
2025-11-16 14:35:19 - spektroskopi - INFO - Raspberry Pi'dan veri alındı: 6e400005-b5a3-f393-e0a9-e50e24dcca9e (Handle: 16): Unknown, uzunluk: 2
2025-11-16 14:35:19 - spektroskopi - INFO - Raspberry Pi verisi: Ham=17, Voltaj=17.000V
2025-11-16 14:35:19 - spektroskopi - INFO - Raspberry Pi verisi işlendi: SENSOR_EXTRA = 17.000V
2025-11-16 14:35:19 - spektroskopi - WARNING - Zaman sıralama düzeltildi: 2025-11-16 14:35:19.791179
2025-11-16 14:35:19 - spektroskopi - WARNING - Zaman sıralama düzeltildi: 2025-11-16 14:35:19.792179
2025-11-16 14:35:19 - spektroskopi - WARNING - Zaman sıralama düzeltildi: 2025-11-16 14:35:19.793179
2025-11-16 14:35:19 - spektroskopi - WARNING - Zaman sıralama düzeltildi: 2025-11-16 14:35:19.794179
2025-11-16 14:35:19 - spektroskopi - WARNING - Zaman sıralama düzeltildi: 2025-11-16 14:35:19.795179
2025-11-16 14:35:19 - spektroskopi - WARNING - Zaman sıralama düzeltildi: 2025-11-16 14:35:19.796179
2025-11-16 14:35:19 - spektroskopi - WARNING - Zaman sıralama düzeltildi: 2025-11-16 14:35:19.797179
2025-11-16 14:35:19 - spektroskopi - WARNING - Zaman sıralama düzeltildi: 2025-11-16 14:35:19.798179
2025-11-16 14:35:19 - spektroskopi - WARNING - Zaman sıralama düzeltildi: 2025-11-16 14:35:19.799179
2025-11-16 14:35:19 - spektroskopi - WARNING - Zaman sıralama düzeltildi: 2025-11-16 14:35:19.800179
2025-11-16 14:35:19 - spektroskopi - WARNING - Zaman sıralama düzeltildi: 2025-11-16 14:35:19.801179
2025-11-16 14:35:19 - spektroskopi - WARNING - Zaman sıralama düzeltildi: 2025-11-16 14:35:19.802179
2025-11-16 14:35:19 - spektroskopi - INFO - Raspberry Pi'dan veri alındı: 6e400003-b5a3-f393-e0a9-e50e24dcca9e (Handle: 8): Nordic UART TX, uzunluk: 2
2025-11-16 14:35:19 - spektroskopi - INFO - Raspberry Pi verisi: Ham=3283, Voltaj=3283.000V
2025-11-16 14:35:19 - spektroskopi - INFO - Raspberry Pi verisi işlendi: SENSOR_5 = 3283.000V
2025-11-16 14:35:19 - spektroskopi - INFO - Raspberry Pi'dan veri alındı: 6e400004-b5a3-f393-e0a9-e50e24dcca9e (Handle: 11): Unknown, uzunluk: 2
2025-11-16 14:35:19 - spektroskopi - INFO - Raspberry Pi verisi: Ham=3283, Voltaj=3283.000V
2025-11-16 14:35:19 - spektroskopi - INFO - Raspberry Pi verisi işlendi: SENSOR_7 = 3283.000V
2025-11-16 14:35:20 - spektroskopi - INFO - Raspberry Pi'dan veri alındı: 6e400002-b5a3-f393-e0a9-e50e24dcca9e (Handle: 19): Nordic UART RX, uzunluk: 2
2025-11-16 14:35:20 - spektroskopi - INFO - Raspberry Pi verisi: Ham=17, Voltaj=17.000V
2025-11-16 14:35:20 - spektroskopi - INFO - Raspberry Pi verisi işlendi: SENSOR_2 = 17.000V
2025-11-16 14:35:20 - spektroskopi - INFO - Raspberry Pi'dan veri alındı: 6e400005-b5a3-f393-e0a9-e50e24dcca9e (Handle: 16): Unknown, uzunluk: 2
2025-11-16 14:35:20 - spektroskopi - INFO - Raspberry Pi verisi: Ham=17, Voltaj=17.000V
2025-11-16 14:35:20 - spektroskopi - INFO - Raspberry Pi verisi işlendi: SENSOR_EXTRA = 17.000V
2025-11-16 14:35:20 - spektroskopi - INFO - Raspberry Pi'dan veri alındı: 6e400003-b5a3-f393-e0a9-e50e24dcca9e (Handle: 8): Nordic UART TX, uzunluk: 2
2025-11-16 14:35:20 - spektroskopi - INFO - Raspberry Pi verisi: Ham=3283, Voltaj=3283.000V
2025-11-16 14:35:20 - spektroskopi - INFO - Raspberry Pi verisi işlendi: SENSOR_5 = 3283.000V
2025-11-16 14:35:20 - spektroskopi - INFO - Raspberry Pi'dan veri alındı: 6e400004-b5a3-f393-e0a9-e50e24dcca9e (Handle: 11): Unknown, uzunluk: 2
2025-11-16 14:35:20 - spektroskopi - INFO - Raspberry Pi verisi: Ham=3283, Voltaj=3283.000V
2025-11-16 14:35:20 - spektroskopi - INFO - Raspberry Pi verisi işlendi: SENSOR_7 = 3283.000V
2025-11-16 14:35:20 - spektroskopi - INFO - Raspberry Pi'dan veri alındı: 6e400002-b5a3-f393-e0a9-e50e24dcca9e (Handle: 19): Nordic UART RX, uzunluk: 2
2025-11-16 14:35:20 - spektroskopi - INFO - Raspberry Pi verisi: Ham=17, Voltaj=17.000V
2025-11-16 14:35:20 - spektroskopi - INFO - Raspberry Pi verisi işlendi: SENSOR_2 = 17.000V
2025-11-16 14:35:20 - spektroskopi - INFO - Raspberry Pi'dan veri alındı: 6e400005-b5a3-f393-e0a9-e50e24dcca9e (Handle: 16): Unknown, uzunluk: 2
2025-11-16 14:35:20 - spektroskopi - INFO - Raspberry Pi verisi: Ham=17, Voltaj=17.000V
2025-11-16 14:35:20 - spektroskopi - INFO - Raspberry Pi verisi işlendi: SENSOR_EXTRA = 17.000V
2025-11-16 14:35:20 - spektroskopi - INFO - Raspberry Pi'dan veri alındı: 6e400003-b5a3-f393-e0a9-e50e24dcca9e (Handle: 8): Nordic UART TX, uzunluk: 2
2025-11-16 14:35:20 - spektroskopi - INFO - Raspberry Pi verisi: Ham=3283, Voltaj=3283.000V
2025-11-16 14:35:20 - spektroskopi - INFO - Raspberry Pi verisi işlendi: SENSOR_5 = 3283.000V
2025-11-16 14:35:20 - spektroskopi - INFO - Raspberry Pi'dan veri alındı: 6e400004-b5a3-f393-e0a9-e50e24dcca9e (Handle: 11): Unknown, uzunluk: 2
2025-11-16 14:35:20 - spektroskopi - INFO - Raspberry Pi verisi: Ham=3284, Voltaj=3284.000V
2025-11-16 14:35:20 - spektroskopi - INFO - Raspberry Pi verisi işlendi: SENSOR_7 = 3284.000V
2025-11-16 14:35:20 - spektroskopi - INFO - Raspberry Pi'dan veri alındı: 6e400002-b5a3-f393-e0a9-e50e24dcca9e (Handle: 19): Nordic UART RX, uzunluk: 2
2025-11-16 14:35:20 - spektroskopi - INFO - Raspberry Pi verisi: Ham=17, Voltaj=17.000V
2025-11-16 14:35:20 - spektroskopi - INFO - Raspberry Pi verisi işlendi: SENSOR_2 = 17.000V
2025-11-16 14:35:20 - spektroskopi - INFO - Raspberry Pi'dan veri alındı: 6e400005-b5a3-f393-e0a9-e50e24dcca9e (Handle: 16): Unknown, uzunluk: 2
2025-11-16 14:35:20 - spektroskopi - INFO - Raspberry Pi verisi: Ham=17, Voltaj=17.000V
2025-11-16 14:35:20 - spektroskopi - INFO - Raspberry Pi verisi işlendi: SENSOR_EXTRA = 17.000V
2025-11-16 14:35:20 - spektroskopi - WARNING - Zaman sıralama düzeltildi: 2025-11-16 14:35:20.812271
2025-11-16 14:35:20 - spektroskopi - WARNING - Zaman sıralama düzeltildi: 2025-11-16 14:35:20.813271
2025-11-16 14:35:20 - spektroskopi - WARNING - Zaman sıralama düzeltildi: 2025-11-16 14:35:20.814271
2025-11-16 14:35:20 - spektroskopi - WARNING - Zaman sıralama düzeltildi: 2025-11-16 14:35:20.815271
2025-11-16 14:35:20 - spektroskopi - WARNING - Zaman sıralama düzeltildi: 2025-11-16 14:35:20.816271
2025-11-16 14:35:20 - spektroskopi - WARNING - Zaman sıralama düzeltildi: 2025-11-16 14:35:20.817271
2025-11-16 14:35:20 - spektroskopi - WARNING - Zaman sıralama düzeltildi: 2025-11-16 14:35:20.818271
2025-11-16 14:35:20 - spektroskopi - WARNING - Zaman sıralama düzeltildi: 2025-11-16 14:35:20.819271
2025-11-16 14:35:20 - spektroskopi - WARNING - Zaman sıralama düzeltildi: 2025-11-16 14:35:20.820271
2025-11-16 14:35:20 - spektroskopi - WARNING - Zaman sıralama düzeltildi: 2025-11-16 14:35:20.821271
2025-11-16 14:35:20 - spektroskopi - WARNING - Zaman sıralama düzeltildi: 2025-11-16 14:35:20.822271
2025-11-16 14:35:20 - spektroskopi - WARNING - Zaman sıralama düzeltildi: 2025-11-16 14:35:20.823271
2025-11-16 14:35:20 - spektroskopi - INFO - Raspberry Pi'dan veri alındı: 6e400003-b5a3-f393-e0a9-e50e24dcca9e (Handle: 8): Nordic UART TX, uzunluk: 2
2025-11-16 14:35:20 - spektroskopi - INFO - Raspberry Pi verisi: Ham=3283, Voltaj=3283.000V
2025-11-16 14:35:20 - spektroskopi - INFO - Raspberry Pi verisi işlendi: SENSOR_5 = 3283.000V
2025-11-16 14:35:20 - spektroskopi - INFO - Raspberry Pi'dan veri alındı: 6e400004-b5a3-f393-e0a9-e50e24dcca9e (Handle: 11): Unknown, uzunluk: 2
2025-11-16 14:35:20 - spektroskopi - INFO - Raspberry Pi verisi: Ham=3283, Voltaj=3283.000V
2025-11-16 14:35:20 - spektroskopi - INFO - Raspberry Pi verisi işlendi: SENSOR_7 = 3283.000V
2025-11-16 14:35:21 - spektroskopi - INFO - Raspberry Pi'dan veri alındı: 6e400002-b5a3-f393-e0a9-e50e24dcca9e (Handle: 19): Nordic UART RX, uzunluk: 2
2025-11-16 14:35:21 - spektroskopi - INFO - Raspberry Pi verisi: Ham=17, Voltaj=17.000V
2025-11-16 14:35:21 - spektroskopi - INFO - Raspberry Pi verisi işlendi: SENSOR_2 = 17.000V
2025-11-16 14:35:21 - spektroskopi - INFO - Raspberry Pi'dan veri alındı: 6e400005-b5a3-f393-e0a9-e50e24dcca9e (Handle: 16): Unknown, uzunluk: 2
2025-11-16 14:35:21 - spektroskopi - INFO - Raspberry Pi verisi: Ham=17, Voltaj=17.000V
2025-11-16 14:35:21 - spektroskopi - INFO - Raspberry Pi verisi işlendi: SENSOR_EXTRA = 17.000V
2025-11-16 14:35:21 - spektroskopi - INFO - Raspberry Pi'dan veri alındı: 6e400003-b5a3-f393-e0a9-e50e24dcca9e (Handle: 8): Nordic UART TX, uzunluk: 2
2025-11-16 14:35:21 - spektroskopi - INFO - Raspberry Pi verisi: Ham=3283, Voltaj=3283.000V
2025-11-16 14:35:21 - spektroskopi - INFO - Raspberry Pi verisi işlendi: SENSOR_5 = 3283.000V
2025-11-16 14:35:21 - spektroskopi - INFO - Raspberry Pi'dan veri alındı: 6e400004-b5a3-f393-e0a9-e50e24dcca9e (Handle: 11): Unknown, uzunluk: 2
2025-11-16 14:35:21 - spektroskopi - INFO - Raspberry Pi verisi: Ham=3283, Voltaj=3283.000V
2025-11-16 14:35:21 - spektroskopi - INFO - Raspberry Pi verisi işlendi: SENSOR_7 = 3283.000V
2025-11-16 14:35:21 - spektroskopi - INFO - Raspberry Pi'dan veri alındı: 6e400002-b5a3-f393-e0a9-e50e24dcca9e (Handle: 19): Nordic UART RX, uzunluk: 2
2025-11-16 14:35:21 - spektroskopi - INFO - Raspberry Pi verisi: Ham=17, Voltaj=17.000V
2025-11-16 14:35:21 - spektroskopi - INFO - Raspberry Pi verisi işlendi: SENSOR_2 = 17.000V
2025-11-16 14:35:21 - spektroskopi - INFO - Raspberry Pi'dan veri alındı: 6e400005-b5a3-f393-e0a9-e50e24dcca9e (Handle: 16): Unknown, uzunluk: 2
2025-11-16 14:35:21 - spektroskopi - INFO - Raspberry Pi verisi: Ham=17, Voltaj=17.000V
2025-11-16 14:35:21 - spektroskopi - INFO - Raspberry Pi verisi işlendi: SENSOR_EXTRA = 17.000V
2025-11-16 14:35:21 - spektroskopi - INFO - Raspberry Pi'dan veri alındı: 6e400003-b5a3-f393-e0a9-e50e24dcca9e (Handle: 8): Nordic UART TX, uzunluk: 2
2025-11-16 14:35:21 - spektroskopi - INFO - Raspberry Pi verisi: Ham=3283, Voltaj=3283.000V
2025-11-16 14:35:21 - spektroskopi - INFO - Raspberry Pi verisi işlendi: SENSOR_5 = 3283.000V
2025-11-16 14:35:21 - spektroskopi - INFO - Raspberry Pi'dan veri alındı: 6e400004-b5a3-f393-e0a9-e50e24dcca9e (Handle: 11): Unknown, uzunluk: 2
2025-11-16 14:35:21 - spektroskopi - INFO - Raspberry Pi verisi: Ham=3283, Voltaj=3283.000V
2025-11-16 14:35:21 - spektroskopi - INFO - Raspberry Pi verisi işlendi: SENSOR_7 = 3283.000V
2025-11-16 14:35:21 - spektroskopi - INFO - Raspberry Pi'dan veri alındı: 6e400002-b5a3-f393-e0a9-e50e24dcca9e (Handle: 19): Nordic UART RX, uzunluk: 2
2025-11-16 14:35:21 - spektroskopi - INFO - Raspberry Pi verisi: Ham=17, Voltaj=17.000V
2025-11-16 14:35:21 - spektroskopi - INFO - Raspberry Pi verisi işlendi: SENSOR_2 = 17.000V
2025-11-16 14:35:21 - spektroskopi - INFO - Raspberry Pi'dan veri alındı: 6e400005-b5a3-f393-e0a9-e50e24dcca9e (Handle: 16): Unknown, uzunluk: 2
2025-11-16 14:35:21 - spektroskopi - INFO - Raspberry Pi verisi: Ham=17, Voltaj=17.000V
2025-11-16 14:35:21 - spektroskopi - INFO - Raspberry Pi verisi işlendi: SENSOR_EXTRA = 17.000V
2025-11-16 14:35:21 - spektroskopi - WARNING - Zaman sıralama düzeltildi: 2025-11-16 14:35:21.802732
2025-11-16 14:35:21 - spektroskopi - WARNING - Zaman sıralama düzeltildi: 2025-11-16 14:35:21.803732
2025-11-16 14:35:21 - spektroskopi - WARNING - Zaman sıralama düzeltildi: 2025-11-16 14:35:21.804732
2025-11-16 14:35:21 - spektroskopi - WARNING - Zaman sıralama düzeltildi: 2025-11-16 14:35:21.805732
2025-11-16 14:35:21 - spektroskopi - WARNING - Zaman sıralama düzeltildi: 2025-11-16 14:35:21.806732
2025-11-16 14:35:21 - spektroskopi - WARNING - Zaman sıralama düzeltildi: 2025-11-16 14:35:21.807732
2025-11-16 14:35:21 - spektroskopi - WARNING - Zaman sıralama düzeltildi: 2025-11-16 14:35:21.808732
2025-11-16 14:35:21 - spektroskopi - WARNING - Zaman sıralama düzeltildi: 2025-11-16 14:35:21.809732
2025-11-16 14:35:21 - spektroskopi - WARNING - Zaman sıralama düzeltildi: 2025-11-16 14:35:21.810732
2025-11-16 14:35:21 - spektroskopi - WARNING - Zaman sıralama düzeltildi: 2025-11-16 14:35:21.811732
2025-11-16 14:35:21 - spektroskopi - WARNING - Zaman sıralama düzeltildi: 2025-11-16 14:35:21.812732
2025-11-16 14:35:21 - spektroskopi - WARNING - Zaman sıralama düzeltildi: 2025-11-16 14:35:21.813732
2025-11-16 14:35:21 - spektroskopi - INFO - Raspberry Pi'dan veri alındı: 6e400003-b5a3-f393-e0a9-e50e24dcca9e (Handle: 8): Nordic UART TX, uzunluk: 2
2025-11-16 14:35:21 - spektroskopi - INFO - Raspberry Pi verisi: Ham=3283, Voltaj=3283.000V
2025-11-16 14:35:21 - spektroskopi - INFO - Raspberry Pi verisi işlendi: SENSOR_5 = 3283.000V
2025-11-16 14:35:21 - spektroskopi - INFO - Raspberry Pi'dan veri alındı: 6e400004-b5a3-f393-e0a9-e50e24dcca9e (Handle: 11): Unknown, uzunluk: 2
2025-11-16 14:35:21 - spektroskopi - INFO - Raspberry Pi verisi: Ham=3283, Voltaj=3283.000V
2025-11-16 14:35:21 - spektroskopi - INFO - Raspberry Pi verisi işlendi: SENSOR_7 = 3283.000V
2025-11-16 14:35:22 - spektroskopi - INFO - Raspberry Pi'dan veri alındı: 6e400002-b5a3-f393-e0a9-e50e24dcca9e (Handle: 19): Nordic UART RX, uzunluk: 2
2025-11-16 14:35:22 - spektroskopi - INFO - Raspberry Pi verisi: Ham=17, Voltaj=17.000V
2025-11-16 14:35:22 - spektroskopi - INFO - Raspberry Pi verisi işlendi: SENSOR_2 = 17.000V
2025-11-16 14:35:22 - spektroskopi - INFO - Raspberry Pi'dan veri alındı: 6e400005-b5a3-f393-e0a9-e50e24dcca9e (Handle: 16): Unknown, uzunluk: 2
2025-11-16 14:35:22 - spektroskopi - INFO - Raspberry Pi verisi: Ham=17, Voltaj=17.000V
2025-11-16 14:35:22 - spektroskopi - INFO - Raspberry Pi verisi işlendi: SENSOR_EXTRA = 17.000V
2025-11-16 14:35:22 - spektroskopi - INFO - Raspberry Pi'dan veri alındı: 6e400003-b5a3-f393-e0a9-e50e24dcca9e (Handle: 8): Nordic UART TX, uzunluk: 2
2025-11-16 14:35:22 - spektroskopi - INFO - Raspberry Pi verisi: Ham=3283, Voltaj=3283.000V
2025-11-16 14:35:22 - spektroskopi - INFO - Raspberry Pi verisi işlendi: SENSOR_5 = 3283.000V
2025-11-16 14:35:22 - spektroskopi - INFO - Raspberry Pi'dan veri alındı: 6e400004-b5a3-f393-e0a9-e50e24dcca9e (Handle: 11): Unknown, uzunluk: 2
2025-11-16 14:35:22 - spektroskopi - INFO - Raspberry Pi verisi: Ham=3283, Voltaj=3283.000V
2025-11-16 14:35:22 - spektroskopi - INFO - Raspberry Pi verisi işlendi: SENSOR_7 = 3283.000V
2025-11-16 14:35:22 - spektroskopi - INFO - Raspberry Pi'dan veri alındı: 6e400002-b5a3-f393-e0a9-e50e24dcca9e (Handle: 19): Nordic UART RX, uzunluk: 2
2025-11-16 14:35:22 - spektroskopi - INFO - Raspberry Pi verisi: Ham=17, Voltaj=17.000V
2025-11-16 14:35:22 - spektroskopi - INFO - Raspberry Pi verisi işlendi: SENSOR_2 = 17.000V
2025-11-16 14:35:22 - spektroskopi - INFO - Raspberry Pi'dan veri alındı: 6e400005-b5a3-f393-e0a9-e50e24dcca9e (Handle: 16): Unknown, uzunluk: 2
2025-11-16 14:35:22 - spektroskopi - INFO - Raspberry Pi verisi: Ham=17, Voltaj=17.000V
2025-11-16 14:35:22 - spektroskopi - INFO - Raspberry Pi verisi işlendi: SENSOR_EXTRA = 17.000V
2025-11-16 14:35:22 - spektroskopi - INFO - Raspberry Pi'dan veri alındı: 6e400003-b5a3-f393-e0a9-e50e24dcca9e (Handle: 8): Nordic UART TX, uzunluk: 2
2025-11-16 14:35:22 - spektroskopi - INFO - Raspberry Pi verisi: Ham=3283, Voltaj=3283.000V
2025-11-16 14:35:22 - spektroskopi - INFO - Raspberry Pi verisi işlendi: SENSOR_5 = 3283.000V
2025-11-16 14:35:22 - spektroskopi - INFO - Raspberry Pi'dan veri alındı: 6e400004-b5a3-f393-e0a9-e50e24dcca9e (Handle: 11): Unknown, uzunluk: 2
2025-11-16 14:35:22 - spektroskopi - INFO - Raspberry Pi verisi: Ham=3284, Voltaj=3284.000V
2025-11-16 14:35:22 - spektroskopi - INFO - Raspberry Pi verisi işlendi: SENSOR_7 = 3284.000V
2025-11-16 14:35:22 - spektroskopi - INFO - Raspberry Pi'dan veri alındı: 6e400002-b5a3-f393-e0a9-e50e24dcca9e (Handle: 19): Nordic UART RX, uzunluk: 2
2025-11-16 14:35:22 - spektroskopi - INFO - Raspberry Pi verisi: Ham=17, Voltaj=17.000V
2025-11-16 14:35:22 - spektroskopi - INFO - Raspberry Pi verisi işlendi: SENSOR_2 = 17.000V
2025-11-16 14:35:22 - spektroskopi - INFO - Raspberry Pi'dan veri alındı: 6e400005-b5a3-f393-e0a9-e50e24dcca9e (Handle: 16): Unknown, uzunluk: 2
2025-11-16 14:35:22 - spektroskopi - INFO - Raspberry Pi verisi: Ham=17, Voltaj=17.000V
2025-11-16 14:35:22 - spektroskopi - INFO - Raspberry Pi verisi işlendi: SENSOR_EXTRA = 17.000V
2025-11-16 14:35:22 - spektroskopi - WARNING - Zaman sıralama düzeltildi: 2025-11-16 14:35:22.790907
2025-11-16 14:35:22 - spektroskopi - WARNING - Zaman sıralama düzeltildi: 2025-11-16 14:35:22.791907
2025-11-16 14:35:22 - spektroskopi - WARNING - Zaman sıralama düzeltildi: 2025-11-16 14:35:22.792907
2025-11-16 14:35:22 - spektroskopi - WARNING - Zaman sıralama düzeltildi: 2025-11-16 14:35:22.793907
2025-11-16 14:35:22 - spektroskopi - WARNING - Zaman sıralama düzeltildi: 2025-11-16 14:35:22.794907
2025-11-16 14:35:22 - spektroskopi - WARNING - Zaman sıralama düzeltildi: 2025-11-16 14:35:22.795907
2025-11-16 14:35:22 - spektroskopi - WARNING - Zaman sıralama düzeltildi: 2025-11-16 14:35:22.796907
2025-11-16 14:35:22 - spektroskopi - WARNING - Zaman sıralama düzeltildi: 2025-11-16 14:35:22.797907
2025-11-16 14:35:22 - spektroskopi - WARNING - Zaman sıralama düzeltildi: 2025-11-16 14:35:22.798907
2025-11-16 14:35:22 - spektroskopi - WARNING - Zaman sıralama düzeltildi: 2025-11-16 14:35:22.799907
2025-11-16 14:35:22 - spektroskopi - WARNING - Zaman sıralama düzeltildi: 2025-11-16 14:35:22.800907
2025-11-16 14:35:22 - spektroskopi - WARNING - Zaman sıralama düzeltildi: 2025-11-16 14:35:22.801907
2025-11-16 14:35:22 - spektroskopi - INFO - Raspberry Pi'dan veri alındı: 6e400003-b5a3-f393-e0a9-e50e24dcca9e (Handle: 8): Nordic UART TX, uzunluk: 2
2025-11-16 14:35:22 - spektroskopi - INFO - Raspberry Pi verisi: Ham=3283, Voltaj=3283.000V
2025-11-16 14:35:22 - spektroskopi - INFO - Raspberry Pi verisi işlendi: SENSOR_5 = 3283.000V
2025-11-16 14:35:22 - spektroskopi - INFO - Raspberry Pi'dan veri alındı: 6e400004-b5a3-f393-e0a9-e50e24dcca9e (Handle: 11): Unknown, uzunluk: 2
2025-11-16 14:35:22 - spektroskopi - INFO - Raspberry Pi verisi: Ham=3284, Voltaj=3284.000V
2025-11-16 14:35:22 - spektroskopi - INFO - Raspberry Pi verisi işlendi: SENSOR_7 = 3284.000V
2025-11-16 14:35:23 - spektroskopi - INFO - Raspberry Pi'dan veri alındı: 6e400002-b5a3-f393-e0a9-e50e24dcca9e (Handle: 19): Nordic UART RX, uzunluk: 2
2025-11-16 14:35:23 - spektroskopi - INFO - Raspberry Pi verisi: Ham=17, Voltaj=17.000V
2025-11-16 14:35:23 - spektroskopi - INFO - Raspberry Pi verisi işlendi: SENSOR_2 = 17.000V
2025-11-16 14:35:23 - spektroskopi - INFO - Raspberry Pi'dan veri alındı: 6e400005-b5a3-f393-e0a9-e50e24dcca9e (Handle: 16): Unknown, uzunluk: 2
2025-11-16 14:35:23 - spektroskopi - INFO - Raspberry Pi verisi: Ham=17, Voltaj=17.000V
2025-11-16 14:35:23 - spektroskopi - INFO - Raspberry Pi verisi işlendi: SENSOR_EXTRA = 17.000V
2025-11-16 14:35:23 - spektroskopi - INFO - Raspberry Pi'dan veri alındı: 6e400003-b5a3-f393-e0a9-e50e24dcca9e (Handle: 8): Nordic UART TX, uzunluk: 2
2025-11-16 14:35:23 - spektroskopi - INFO - Raspberry Pi verisi: Ham=3284, Voltaj=3284.000V
2025-11-16 14:35:23 - spektroskopi - INFO - Raspberry Pi verisi işlendi: SENSOR_5 = 3284.000V
2025-11-16 14:35:23 - spektroskopi - INFO - Raspberry Pi'dan veri alındı: 6e400004-b5a3-f393-e0a9-e50e24dcca9e (Handle: 11): Unknown, uzunluk: 2
2025-11-16 14:35:23 - spektroskopi - INFO - Raspberry Pi verisi: Ham=3283, Voltaj=3283.000V
2025-11-16 14:35:23 - spektroskopi - INFO - Raspberry Pi verisi işlendi: SENSOR_7 = 3283.000V
2025-11-16 14:35:23 - spektroskopi - INFO - Raspberry Pi'dan veri alındı: 6e400002-b5a3-f393-e0a9-e50e24dcca9e (Handle: 19): Nordic UART RX, uzunluk: 2
2025-11-16 14:35:23 - spektroskopi - INFO - Raspberry Pi verisi: Ham=17, Voltaj=17.000V
2025-11-16 14:35:23 - spektroskopi - INFO - Raspberry Pi verisi işlendi: SENSOR_2 = 17.000V
2025-11-16 14:35:23 - spektroskopi - INFO - Raspberry Pi'dan veri alındı: 6e400005-b5a3-f393-e0a9-e50e24dcca9e (Handle: 16): Unknown, uzunluk: 2
2025-11-16 14:35:23 - spektroskopi - INFO - Raspberry Pi verisi: Ham=17, Voltaj=17.000V
2025-11-16 14:35:23 - spektroskopi - INFO - Raspberry Pi verisi işlendi: SENSOR_EXTRA = 17.000V
2025-11-16 14:35:23 - spektroskopi - INFO - Raspberry Pi'dan veri alındı: 6e400003-b5a3-f393-e0a9-e50e24dcca9e (Handle: 8): Nordic UART TX, uzunluk: 2
2025-11-16 14:35:23 - spektroskopi - INFO - Raspberry Pi verisi: Ham=3283, Voltaj=3283.000V
2025-11-16 14:35:23 - spektroskopi - INFO - Raspberry Pi verisi işlendi: SENSOR_5 = 3283.000V
2025-11-16 14:35:23 - spektroskopi - INFO - Raspberry Pi'dan veri alındı: 6e400004-b5a3-f393-e0a9-e50e24dcca9e (Handle: 11): Unknown, uzunluk: 2
2025-11-16 14:35:23 - spektroskopi - INFO - Raspberry Pi verisi: Ham=3284, Voltaj=3284.000V
2025-11-16 14:35:23 - spektroskopi - INFO - Raspberry Pi verisi işlendi: SENSOR_7 = 3284.000V
2025-11-16 14:35:23 - spektroskopi - INFO - Raspberry Pi'dan veri alındı: 6e400002-b5a3-f393-e0a9-e50e24dcca9e (Handle: 19): Nordic UART RX, uzunluk: 2
2025-11-16 14:35:23 - spektroskopi - INFO - Raspberry Pi verisi: Ham=17, Voltaj=17.000V
2025-11-16 14:35:23 - spektroskopi - INFO - Raspberry Pi verisi işlendi: SENSOR_2 = 17.000V
2025-11-16 14:35:23 - spektroskopi - INFO - Raspberry Pi'dan veri alındı: 6e400005-b5a3-f393-e0a9-e50e24dcca9e (Handle: 16): Unknown, uzunluk: 2
2025-11-16 14:35:23 - spektroskopi - INFO - Raspberry Pi verisi: Ham=17, Voltaj=17.000V
2025-11-16 14:35:23 - spektroskopi - INFO - Raspberry Pi verisi işlendi: SENSOR_EXTRA = 17.000V
2025-11-16 14:35:23 - spektroskopi - WARNING - Zaman sıralama düzeltildi: 2025-11-16 14:35:23.809472
2025-11-16 14:35:23 - spektroskopi - WARNING - Zaman sıralama düzeltildi: 2025-11-16 14:35:23.810472
2025-11-16 14:35:23 - spektroskopi - WARNING - Zaman sıralama düzeltildi: 2025-11-16 14:35:23.811472
2025-11-16 14:35:23 - spektroskopi - WARNING - Zaman sıralama düzeltildi: 2025-11-16 14:35:23.812472
2025-11-16 14:35:23 - spektroskopi - WARNING - Zaman sıralama düzeltildi: 2025-11-16 14:35:23.813472
2025-11-16 14:35:23 - spektroskopi - WARNING - Zaman sıralama düzeltildi: 2025-11-16 14:35:23.814472
2025-11-16 14:35:23 - spektroskopi - WARNING - Zaman sıralama düzeltildi: 2025-11-16 14:35:23.815472
2025-11-16 14:35:23 - spektroskopi - WARNING - Zaman sıralama düzeltildi: 2025-11-16 14:35:23.816472
2025-11-16 14:35:23 - spektroskopi - WARNING - Zaman sıralama düzeltildi: 2025-11-16 14:35:23.817472
2025-11-16 14:35:23 - spektroskopi - WARNING - Zaman sıralama düzeltildi: 2025-11-16 14:35:23.818472
2025-11-16 14:35:23 - spektroskopi - WARNING - Zaman sıralama düzeltildi: 2025-11-16 14:35:23.819472
2025-11-16 14:35:23 - spektroskopi - WARNING - Zaman sıralama düzeltildi: 2025-11-16 14:35:23.820472
2025-11-16 14:35:23 - spektroskopi - INFO - Raspberry Pi'dan veri alındı: 6e400003-b5a3-f393-e0a9-e50e24dcca9e (Handle: 8): Nordic UART TX, uzunluk: 2
2025-11-16 14:35:23 - spektroskopi - INFO - Raspberry Pi verisi: Ham=3283, Voltaj=3283.000V
2025-11-16 14:35:23 - spektroskopi - INFO - Raspberry Pi verisi işlendi: SENSOR_5 = 3283.000V
2025-11-16 14:35:23 - spektroskopi - INFO - Raspberry Pi'dan veri alındı: 6e400004-b5a3-f393-e0a9-e50e24dcca9e (Handle: 11): Unknown, uzunluk: 2
2025-11-16 14:35:23 - spektroskopi - INFO - Raspberry Pi verisi: Ham=3283, Voltaj=3283.000V
2025-11-16 14:35:23 - spektroskopi - INFO - Raspberry Pi verisi işlendi: SENSOR_7 = 3283.000V
2025-11-16 14:35:24 - spektroskopi - INFO - Raspberry Pi'dan veri alındı: 6e400002-b5a3-f393-e0a9-e50e24dcca9e (Handle: 19): Nordic UART RX, uzunluk: 2
2025-11-16 14:35:24 - spektroskopi - INFO - Raspberry Pi verisi: Ham=17, Voltaj=17.000V
2025-11-16 14:35:24 - spektroskopi - INFO - Raspberry Pi verisi işlendi: SENSOR_2 = 17.000V
2025-11-16 14:35:24 - spektroskopi - INFO - Raspberry Pi'dan veri alındı: 6e400005-b5a3-f393-e0a9-e50e24dcca9e (Handle: 16): Unknown, uzunluk: 2
2025-11-16 14:35:24 - spektroskopi - INFO - Raspberry Pi verisi: Ham=17, Voltaj=17.000V
2025-11-16 14:35:24 - spektroskopi - INFO - Raspberry Pi verisi işlendi: SENSOR_EXTRA = 17.000V
2025-11-16 14:35:24 - spektroskopi - INFO - Raspberry Pi'dan veri alındı: 6e400003-b5a3-f393-e0a9-e50e24dcca9e (Handle: 8): Nordic UART TX, uzunluk: 2
2025-11-16 14:35:24 - spektroskopi - INFO - Raspberry Pi verisi: Ham=3284, Voltaj=3284.000V
2025-11-16 14:35:24 - spektroskopi - INFO - Raspberry Pi verisi işlendi: SENSOR_5 = 3284.000V
2025-11-16 14:35:24 - spektroskopi - INFO - Raspberry Pi'dan veri alındı: 6e400004-b5a3-f393-e0a9-e50e24dcca9e (Handle: 11): Unknown, uzunluk: 2
2025-11-16 14:35:24 - spektroskopi - INFO - Raspberry Pi verisi: Ham=3283, Voltaj=3283.000V
2025-11-16 14:35:24 - spektroskopi - INFO - Raspberry Pi verisi işlendi: SENSOR_7 = 3283.000V
2025-11-16 14:35:24 - spektroskopi - INFO - Raspberry Pi'dan veri alındı: 6e400002-b5a3-f393-e0a9-e50e24dcca9e (Handle: 19): Nordic UART RX, uzunluk: 2
2025-11-16 14:35:24 - spektroskopi - INFO - Raspberry Pi verisi: Ham=17, Voltaj=17.000V
2025-11-16 14:35:24 - spektroskopi - INFO - Raspberry Pi verisi işlendi: SENSOR_2 = 17.000V
2025-11-16 14:35:24 - spektroskopi - INFO - Raspberry Pi'dan veri alındı: 6e400005-b5a3-f393-e0a9-e50e24dcca9e (Handle: 16): Unknown, uzunluk: 2
2025-11-16 14:35:24 - spektroskopi - INFO - Raspberry Pi verisi: Ham=17, Voltaj=17.000V
2025-11-16 14:35:24 - spektroskopi - INFO - Raspberry Pi verisi işlendi: SENSOR_EXTRA = 17.000V
2025-11-16 14:35:24 - spektroskopi - INFO - Raspberry Pi'dan veri alındı: 6e400003-b5a3-f393-e0a9-e50e24dcca9e (Handle: 8): Nordic UART TX, uzunluk: 2
2025-11-16 14:35:24 - spektroskopi - INFO - Raspberry Pi verisi: Ham=3283, Voltaj=3283.000V
2025-11-16 14:35:24 - spektroskopi - INFO - Raspberry Pi verisi işlendi: SENSOR_5 = 3283.000V
2025-11-16 14:35:24 - spektroskopi - INFO - Raspberry Pi'dan veri alındı: 6e400004-b5a3-f393-e0a9-e50e24dcca9e (Handle: 11): Unknown, uzunluk: 2
2025-11-16 14:35:24 - spektroskopi - INFO - Raspberry Pi verisi: Ham=3283, Voltaj=3283.000V
2025-11-16 14:35:24 - spektroskopi - INFO - Raspberry Pi verisi işlendi: SENSOR_7 = 3283.000V
2025-11-16 14:35:24 - spektroskopi - INFO - Raspberry Pi'dan veri alındı: 6e400002-b5a3-f393-e0a9-e50e24dcca9e (Handle: 19): Nordic UART RX, uzunluk: 2
2025-11-16 14:35:24 - spektroskopi - INFO - Raspberry Pi verisi: Ham=17, Voltaj=17.000V
2025-11-16 14:35:24 - spektroskopi - INFO - Raspberry Pi verisi işlendi: SENSOR_2 = 17.000V
2025-11-16 14:35:24 - spektroskopi - INFO - Raspberry Pi'dan veri alındı: 6e400005-b5a3-f393-e0a9-e50e24dcca9e (Handle: 16): Unknown, uzunluk: 2
2025-11-16 14:35:24 - spektroskopi - INFO - Raspberry Pi verisi: Ham=17, Voltaj=17.000V
2025-11-16 14:35:24 - spektroskopi - INFO - Raspberry Pi verisi işlendi: SENSOR_EXTRA = 17.000V
2025-11-16 14:35:24 - spektroskopi - WARNING - Zaman sıralama düzeltildi: 2025-11-16 14:35:24.802695
2025-11-16 14:35:24 - spektroskopi - WARNING - Zaman sıralama düzeltildi: 2025-11-16 14:35:24.803695
2025-11-16 14:35:24 - spektroskopi - WARNING - Zaman sıralama düzeltildi: 2025-11-16 14:35:24.804695
2025-11-16 14:35:24 - spektroskopi - WARNING - Zaman sıralama düzeltildi: 2025-11-16 14:35:24.805695
2025-11-16 14:35:24 - spektroskopi - WARNING - Zaman sıralama düzeltildi: 2025-11-16 14:35:24.806695
2025-11-16 14:35:24 - spektroskopi - WARNING - Zaman sıralama düzeltildi: 2025-11-16 14:35:24.807695
2025-11-16 14:35:24 - spektroskopi - WARNING - Zaman sıralama düzeltildi: 2025-11-16 14:35:24.808695
2025-11-16 14:35:24 - spektroskopi - WARNING - Zaman sıralama düzeltildi: 2025-11-16 14:35:24.809695
2025-11-16 14:35:24 - spektroskopi - WARNING - Zaman sıralama düzeltildi: 2025-11-16 14:35:24.810695
2025-11-16 14:35:24 - spektroskopi - WARNING - Zaman sıralama düzeltildi: 2025-11-16 14:35:24.811695
2025-11-16 14:35:24 - spektroskopi - WARNING - Zaman sıralama düzeltildi: 2025-11-16 14:35:24.812695
2025-11-16 14:35:24 - spektroskopi - WARNING - Zaman sıralama düzeltildi: 2025-11-16 14:35:24.813695
2025-11-16 14:35:24 - spektroskopi - INFO - Raspberry Pi'dan veri alındı: 6e400003-b5a3-f393-e0a9-e50e24dcca9e (Handle: 8): Nordic UART TX, uzunluk: 2
2025-11-16 14:35:24 - spektroskopi - INFO - Raspberry Pi verisi: Ham=3284, Voltaj=3284.000V
2025-11-16 14:35:24 - spektroskopi - INFO - Raspberry Pi verisi işlendi: SENSOR_5 = 3284.000V
2025-11-16 14:35:24 - spektroskopi - INFO - Raspberry Pi'dan veri alındı: 6e400004-b5a3-f393-e0a9-e50e24dcca9e (Handle: 11): Unknown, uzunluk: 2
2025-11-16 14:35:24 - spektroskopi - INFO - Raspberry Pi verisi: Ham=3283, Voltaj=3283.000V
2025-11-16 14:35:24 - spektroskopi - INFO - Raspberry Pi verisi işlendi: SENSOR_7 = 3283.000V
2025-11-16 14:35:25 - spektroskopi - INFO - Raspberry Pi'dan veri alındı: 6e400002-b5a3-f393-e0a9-e50e24dcca9e (Handle: 19): Nordic UART RX, uzunluk: 2
2025-11-16 14:35:25 - spektroskopi - INFO - Raspberry Pi verisi: Ham=17, Voltaj=17.000V
2025-11-16 14:35:25 - spektroskopi - INFO - Raspberry Pi verisi işlendi: SENSOR_2 = 17.000V
2025-11-16 14:35:25 - spektroskopi - INFO - Raspberry Pi'dan veri alındı: 6e400005-b5a3-f393-e0a9-e50e24dcca9e (Handle: 16): Unknown, uzunluk: 2
2025-11-16 14:35:25 - spektroskopi - INFO - Raspberry Pi verisi: Ham=17, Voltaj=17.000V
2025-11-16 14:35:25 - spektroskopi - INFO - Raspberry Pi verisi işlendi: SENSOR_EXTRA = 17.000V
2025-11-16 14:35:25 - spektroskopi - INFO - Raspberry Pi'dan veri alındı: 6e400003-b5a3-f393-e0a9-e50e24dcca9e (Handle: 8): Nordic UART TX, uzunluk: 2
2025-11-16 14:35:25 - spektroskopi - INFO - Raspberry Pi verisi: Ham=3283, Voltaj=3283.000V
2025-11-16 14:35:25 - spektroskopi - INFO - Raspberry Pi verisi işlendi: SENSOR_5 = 3283.000V
2025-11-16 14:35:25 - spektroskopi - INFO - Raspberry Pi'dan veri alındı: 6e400004-b5a3-f393-e0a9-e50e24dcca9e (Handle: 11): Unknown, uzunluk: 2
2025-11-16 14:35:25 - spektroskopi - INFO - Raspberry Pi verisi: Ham=3283, Voltaj=3283.000V
2025-11-16 14:35:25 - spektroskopi - INFO - Raspberry Pi verisi işlendi: SENSOR_7 = 3283.000V
2025-11-16 14:35:25 - spektroskopi - INFO - Raspberry Pi'dan veri alındı: 6e400002-b5a3-f393-e0a9-e50e24dcca9e (Handle: 19): Nordic UART RX, uzunluk: 2
2025-11-16 14:35:25 - spektroskopi - INFO - Raspberry Pi verisi: Ham=17, Voltaj=17.000V
2025-11-16 14:35:25 - spektroskopi - INFO - Raspberry Pi verisi işlendi: SENSOR_2 = 17.000V
2025-11-16 14:35:25 - spektroskopi - INFO - Raspberry Pi'dan veri alındı: 6e400005-b5a3-f393-e0a9-e50e24dcca9e (Handle: 16): Unknown, uzunluk: 2
2025-11-16 14:35:25 - spektroskopi - INFO - Raspberry Pi verisi: Ham=17, Voltaj=17.000V
2025-11-16 14:35:25 - spektroskopi - INFO - Raspberry Pi verisi işlendi: SENSOR_EXTRA = 17.000V
2025-11-16 14:35:25 - spektroskopi - INFO - Raspberry Pi'dan veri alındı: 6e400003-b5a3-f393-e0a9-e50e24dcca9e (Handle: 8): Nordic UART TX, uzunluk: 2
2025-11-16 14:35:25 - spektroskopi - INFO - Raspberry Pi verisi: Ham=3283, Voltaj=3283.000V
2025-11-16 14:35:25 - spektroskopi - INFO - Raspberry Pi verisi işlendi: SENSOR_5 = 3283.000V
2025-11-16 14:35:25 - spektroskopi - INFO - Raspberry Pi'dan veri alındı: 6e400004-b5a3-f393-e0a9-e50e24dcca9e (Handle: 11): Unknown, uzunluk: 2
2025-11-16 14:35:25 - spektroskopi - INFO - Raspberry Pi verisi: Ham=3283, Voltaj=3283.000V
2025-11-16 14:35:25 - spektroskopi - INFO - Raspberry Pi verisi işlendi: SENSOR_7 = 3283.000V
2025-11-16 14:35:25 - spektroskopi - INFO - Raspberry Pi'dan veri alındı: 6e400002-b5a3-f393-e0a9-e50e24dcca9e (Handle: 19): Nordic UART RX, uzunluk: 2
2025-11-16 14:35:25 - spektroskopi - INFO - Raspberry Pi verisi: Ham=17, Voltaj=17.000V
2025-11-16 14:35:25 - spektroskopi - INFO - Raspberry Pi verisi işlendi: SENSOR_2 = 17.000V
2025-11-16 14:35:25 - spektroskopi - INFO - Raspberry Pi'dan veri alındı: 6e400005-b5a3-f393-e0a9-e50e24dcca9e (Handle: 16): Unknown, uzunluk: 2
2025-11-16 14:35:25 - spektroskopi - INFO - Raspberry Pi verisi: Ham=17, Voltaj=17.000V
2025-11-16 14:35:25 - spektroskopi - INFO - Raspberry Pi verisi işlendi: SENSOR_EXTRA = 17.000V
2025-11-16 14:35:25 - spektroskopi - WARNING - Zaman sıralama düzeltildi: 2025-11-16 14:35:25.790660
2025-11-16 14:35:25 - spektroskopi - WARNING - Zaman sıralama düzeltildi: 2025-11-16 14:35:25.791660
2025-11-16 14:35:25 - spektroskopi - WARNING - Zaman sıralama düzeltildi: 2025-11-16 14:35:25.792660
2025-11-16 14:35:25 - spektroskopi - WARNING - Zaman sıralama düzeltildi: 2025-11-16 14:35:25.793660
2025-11-16 14:35:25 - spektroskopi - WARNING - Zaman sıralama düzeltildi: 2025-11-16 14:35:25.794660
2025-11-16 14:35:25 - spektroskopi - WARNING - Zaman sıralama düzeltildi: 2025-11-16 14:35:25.795660
2025-11-16 14:35:25 - spektroskopi - WARNING - Zaman sıralama düzeltildi: 2025-11-16 14:35:25.796660
2025-11-16 14:35:25 - spektroskopi - WARNING - Zaman sıralama düzeltildi: 2025-11-16 14:35:25.797660
2025-11-16 14:35:25 - spektroskopi - WARNING - Zaman sıralama düzeltildi: 2025-11-16 14:35:25.798660
2025-11-16 14:35:25 - spektroskopi - WARNING - Zaman sıralama düzeltildi: 2025-11-16 14:35:25.799660
2025-11-16 14:35:25 - spektroskopi - WARNING - Zaman sıralama düzeltildi: 2025-11-16 14:35:25.800660
2025-11-16 14:35:25 - spektroskopi - WARNING - Zaman sıralama düzeltildi: 2025-11-16 14:35:25.801660
2025-11-16 14:35:25 - spektroskopi - INFO - Raspberry Pi'dan veri alındı: 6e400003-b5a3-f393-e0a9-e50e24dcca9e (Handle: 8): Nordic UART TX, uzunluk: 2
2025-11-16 14:35:25 - spektroskopi - INFO - Raspberry Pi verisi: Ham=3283, Voltaj=3283.000V
2025-11-16 14:35:25 - spektroskopi - INFO - Raspberry Pi verisi işlendi: SENSOR_5 = 3283.000V
2025-11-16 14:35:25 - spektroskopi - INFO - Raspberry Pi'dan veri alındı: 6e400004-b5a3-f393-e0a9-e50e24dcca9e (Handle: 11): Unknown, uzunluk: 2
2025-11-16 14:35:25 - spektroskopi - INFO - Raspberry Pi verisi: Ham=3284, Voltaj=3284.000V
2025-11-16 14:35:25 - spektroskopi - INFO - Raspberry Pi verisi işlendi: SENSOR_7 = 3284.000V
2025-11-16 14:35:26 - spektroskopi - INFO - Raspberry Pi'dan veri alındı: 6e400002-b5a3-f393-e0a9-e50e24dcca9e (Handle: 19): Nordic UART RX, uzunluk: 2
2025-11-16 14:35:26 - spektroskopi - INFO - Raspberry Pi verisi: Ham=17, Voltaj=17.000V
2025-11-16 14:35:26 - spektroskopi - INFO - Raspberry Pi verisi işlendi: SENSOR_2 = 17.000V
2025-11-16 14:35:26 - spektroskopi - INFO - Raspberry Pi'dan veri alındı: 6e400005-b5a3-f393-e0a9-e50e24dcca9e (Handle: 16): Unknown, uzunluk: 2
2025-11-16 14:35:26 - spektroskopi - INFO - Raspberry Pi verisi: Ham=17, Voltaj=17.000V
2025-11-16 14:35:26 - spektroskopi - INFO - Raspberry Pi verisi işlendi: SENSOR_EXTRA = 17.000V
2025-11-16 14:35:26 - spektroskopi - INFO - Raspberry Pi'dan veri alındı: 6e400003-b5a3-f393-e0a9-e50e24dcca9e (Handle: 8): Nordic UART TX, uzunluk: 2
2025-11-16 14:35:26 - spektroskopi - INFO - Raspberry Pi verisi: Ham=3284, Voltaj=3284.000V
2025-11-16 14:35:26 - spektroskopi - INFO - Raspberry Pi verisi işlendi: SENSOR_5 = 3284.000V
2025-11-16 14:35:26 - spektroskopi - INFO - Raspberry Pi'dan veri alındı: 6e400004-b5a3-f393-e0a9-e50e24dcca9e (Handle: 11): Unknown, uzunluk: 2
2025-11-16 14:35:26 - spektroskopi - INFO - Raspberry Pi verisi: Ham=3283, Voltaj=3283.000V
2025-11-16 14:35:26 - spektroskopi - INFO - Raspberry Pi verisi işlendi: SENSOR_7 = 3283.000V
2025-11-16 14:35:26 - spektroskopi - INFO - Tüm Raw Data sensörleri seçildi, grafik oluşturuluyor...
2025-11-16 14:35:26 - spektroskopi - INFO - Grafik için mevcut veri gönderiliyor: 1 nokta
2025-11-16 14:35:26 - spektroskopi - INFO - PyQt subprocess başlatıldı (PIPE-safe): raw_data
2025-11-16 14:35:26 - spektroskopi - INFO - Raw Data PyQt grafiği oluşturuldu: ['UV_360nm', 'Blue_450nm', 'IR_850nm', 'IR_940nm']
2025-11-16 14:35:26 - spektroskopi - INFO - Raspberry Pi'dan veri alındı: 6e400002-b5a3-f393-e0a9-e50e24dcca9e (Handle: 19): Nordic UART RX, uzunluk: 2
2025-11-16 14:35:26 - spektroskopi - INFO - Raspberry Pi verisi: Ham=17, Voltaj=17.000V
2025-11-16 14:35:26 - spektroskopi - INFO - Raspberry Pi verisi işlendi: SENSOR_2 = 17.000V
2025-11-16 14:35:26 - spektroskopi - INFO - Raspberry Pi'dan veri alındı: 6e400005-b5a3-f393-e0a9-e50e24dcca9e (Handle: 16): Unknown, uzunluk: 2
2025-11-16 14:35:26 - spektroskopi - INFO - Raspberry Pi verisi: Ham=17, Voltaj=17.000V
2025-11-16 14:35:26 - spektroskopi - INFO - Raspberry Pi verisi işlendi: SENSOR_EXTRA = 17.000V
2025-11-16 14:35:26 - spektroskopi - INFO - Raspberry Pi'dan veri alındı: 6e400003-b5a3-f393-e0a9-e50e24dcca9e (Handle: 8): Nordic UART TX, uzunluk: 2
2025-11-16 14:35:26 - spektroskopi - INFO - Raspberry Pi verisi: Ham=3284, Voltaj=3284.000V
2025-11-16 14:35:26 - spektroskopi - INFO - Raspberry Pi verisi işlendi: SENSOR_5 = 3284.000V
2025-11-16 14:35:26 - spektroskopi - INFO - Raspberry Pi'dan veri alındı: 6e400004-b5a3-f393-e0a9-e50e24dcca9e (Handle: 11): Unknown, uzunluk: 2
2025-11-16 14:35:26 - spektroskopi - INFO - Raspberry Pi verisi: Ham=3283, Voltaj=3283.000V
2025-11-16 14:35:26 - spektroskopi - INFO - Raspberry Pi verisi işlendi: SENSOR_7 = 3283.000V
2025-11-16 14:35:26 - spektroskopi - INFO - Raspberry Pi'dan veri alındı: 6e400002-b5a3-f393-e0a9-e50e24dcca9e (Handle: 19): Nordic UART RX, uzunluk: 2
2025-11-16 14:35:26 - spektroskopi - INFO - Raspberry Pi verisi: Ham=17, Voltaj=17.000V
2025-11-16 14:35:26 - spektroskopi - INFO - Raspberry Pi verisi işlendi: SENSOR_2 = 17.000V
2025-11-16 14:35:26 - spektroskopi - INFO - Raspberry Pi'dan veri alındı: 6e400005-b5a3-f393-e0a9-e50e24dcca9e (Handle: 16): Unknown, uzunluk: 2
2025-11-16 14:35:26 - spektroskopi - INFO - Raspberry Pi verisi: Ham=17, Voltaj=17.000V
2025-11-16 14:35:26 - spektroskopi - INFO - Raspberry Pi verisi işlendi: SENSOR_EXTRA = 17.000V
2025-11-16 14:35:26 - spektroskopi - WARNING - Zaman sıralama düzeltildi: 2025-11-16 14:35:26.782241
2025-11-16 14:35:26 - spektroskopi - WARNING - Zaman sıralama düzeltildi: 2025-11-16 14:35:26.783241
2025-11-16 14:35:26 - spektroskopi - WARNING - Zaman sıralama düzeltildi: 2025-11-16 14:35:26.784241
2025-11-16 14:35:26 - spektroskopi - WARNING - Zaman sıralama düzeltildi: 2025-11-16 14:35:26.785241
2025-11-16 14:35:26 - spektroskopi - WARNING - Zaman sıralama düzeltildi: 2025-11-16 14:35:26.786241
2025-11-16 14:35:26 - spektroskopi - WARNING - Zaman sıralama düzeltildi: 2025-11-16 14:35:26.787241
2025-11-16 14:35:26 - spektroskopi - WARNING - Zaman sıralama düzeltildi: 2025-11-16 14:35:26.788241
2025-11-16 14:35:26 - spektroskopi - WARNING - Zaman sıralama düzeltildi: 2025-11-16 14:35:26.789241
2025-11-16 14:35:26 - spektroskopi - WARNING - Zaman sıralama düzeltildi: 2025-11-16 14:35:26.790241
2025-11-16 14:35:26 - spektroskopi - WARNING - Zaman sıralama düzeltildi: 2025-11-16 14:35:26.791241
2025-11-16 14:35:26 - spektroskopi - WARNING - Zaman sıralama düzeltildi: 2025-11-16 14:35:26.792241
2025-11-16 14:35:26 - spektroskopi - WARNING - Zaman sıralama düzeltildi: 2025-11-16 14:35:26.793241
2025-11-16 14:35:26 - spektroskopi - INFO - Raspberry Pi'dan veri alındı: 6e400003-b5a3-f393-e0a9-e50e24dcca9e (Handle: 8): Nordic UART TX, uzunluk: 2
2025-11-16 14:35:26 - spektroskopi - INFO - Raspberry Pi verisi: Ham=3283, Voltaj=3283.000V
2025-11-16 14:35:26 - spektroskopi - INFO - Raspberry Pi verisi işlendi: SENSOR_5 = 3283.000V
2025-11-16 14:35:26 - spektroskopi - INFO - Raspberry Pi'dan veri alındı: 6e400004-b5a3-f393-e0a9-e50e24dcca9e (Handle: 11): Unknown, uzunluk: 2
2025-11-16 14:35:26 - spektroskopi - INFO - Raspberry Pi verisi: Ham=3283, Voltaj=3283.000V
2025-11-16 14:35:26 - spektroskopi - INFO - Raspberry Pi verisi işlendi: SENSOR_7 = 3283.000V
2025-11-16 14:35:27 - spektroskopi - INFO - Raspberry Pi'dan veri alındı: 6e400002-b5a3-f393-e0a9-e50e24dcca9e (Handle: 19): Nordic UART RX, uzunluk: 2
2025-11-16 14:35:27 - spektroskopi - INFO - Raspberry Pi verisi: Ham=17, Voltaj=17.000V
2025-11-16 14:35:27 - spektroskopi - INFO - Raspberry Pi verisi işlendi: SENSOR_2 = 17.000V
2025-11-16 14:35:27 - spektroskopi - INFO - Raspberry Pi'dan veri alındı: 6e400005-b5a3-f393-e0a9-e50e24dcca9e (Handle: 16): Unknown, uzunluk: 2
2025-11-16 14:35:27 - spektroskopi - INFO - Raspberry Pi verisi: Ham=17, Voltaj=17.000V
2025-11-16 14:35:27 - spektroskopi - INFO - Raspberry Pi verisi işlendi: SENSOR_EXTRA = 17.000V
2025-11-16 14:35:27 - spektroskopi - INFO - Raspberry Pi'dan veri alındı: 6e400003-b5a3-f393-e0a9-e50e24dcca9e (Handle: 8): Nordic UART TX, uzunluk: 2
2025-11-16 14:35:27 - spektroskopi - INFO - Raspberry Pi verisi: Ham=3284, Voltaj=3284.000V
2025-11-16 14:35:27 - spektroskopi - INFO - Raspberry Pi verisi işlendi: SENSOR_5 = 3284.000V
2025-11-16 14:35:27 - spektroskopi - INFO - Raspberry Pi'dan veri alındı: 6e400004-b5a3-f393-e0a9-e50e24dcca9e (Handle: 11): Unknown, uzunluk: 2
2025-11-16 14:35:27 - spektroskopi - INFO - Raspberry Pi verisi: Ham=3284, Voltaj=3284.000V
2025-11-16 14:35:27 - spektroskopi - INFO - Raspberry Pi verisi işlendi: SENSOR_7 = 3284.000V
2025-11-16 14:35:27 - spektroskopi - INFO - Raspberry Pi'dan veri alındı: 6e400002-b5a3-f393-e0a9-e50e24dcca9e (Handle: 19): Nordic UART RX, uzunluk: 2
2025-11-16 14:35:27 - spektroskopi - INFO - Raspberry Pi verisi: Ham=17, Voltaj=17.000V
2025-11-16 14:35:27 - spektroskopi - INFO - Raspberry Pi verisi işlendi: SENSOR_2 = 17.000V
2025-11-16 14:35:27 - spektroskopi - INFO - Raspberry Pi'dan veri alındı: 6e400005-b5a3-f393-e0a9-e50e24dcca9e (Handle: 16): Unknown, uzunluk: 2
2025-11-16 14:35:27 - spektroskopi - INFO - Raspberry Pi verisi: Ham=17, Voltaj=17.000V
2025-11-16 14:35:27 - spektroskopi - INFO - Raspberry Pi verisi işlendi: SENSOR_EXTRA = 17.000V
2025-11-16 14:35:27 - spektroskopi - INFO - Raspberry Pi'dan veri alındı: 6e400003-b5a3-f393-e0a9-e50e24dcca9e (Handle: 8): Nordic UART TX, uzunluk: 2
2025-11-16 14:35:27 - spektroskopi - INFO - Raspberry Pi verisi: Ham=3284, Voltaj=3284.000V
2025-11-16 14:35:27 - spektroskopi - INFO - Raspberry Pi verisi işlendi: SENSOR_5 = 3284.000V
2025-11-16 14:35:27 - spektroskopi - INFO - Raspberry Pi'dan veri alındı: 6e400004-b5a3-f393-e0a9-e50e24dcca9e (Handle: 11): Unknown, uzunluk: 2
2025-11-16 14:35:27 - spektroskopi - INFO - Raspberry Pi verisi: Ham=3284, Voltaj=3284.000V
2025-11-16 14:35:27 - spektroskopi - INFO - Raspberry Pi verisi işlendi: SENSOR_7 = 3284.000V
2025-11-16 14:35:27 - spektroskopi - INFO - Raspberry Pi'dan veri alındı: 6e400002-b5a3-f393-e0a9-e50e24dcca9e (Handle: 19): Nordic UART RX, uzunluk: 2
2025-11-16 14:35:27 - spektroskopi - INFO - Raspberry Pi verisi: Ham=17, Voltaj=17.000V
2025-11-16 14:35:27 - spektroskopi - INFO - Raspberry Pi verisi işlendi: SENSOR_2 = 17.000V
2025-11-16 14:35:27 - spektroskopi - INFO - Raspberry Pi'dan veri alındı: 6e400005-b5a3-f393-e0a9-e50e24dcca9e (Handle: 16): Unknown, uzunluk: 2
2025-11-16 14:35:27 - spektroskopi - INFO - Raspberry Pi verisi: Ham=16, Voltaj=16.000V
2025-11-16 14:35:27 - spektroskopi - INFO - Raspberry Pi verisi işlendi: SENSOR_EXTRA = 16.000V
2025-11-16 14:35:27 - spektroskopi - WARNING - Zaman sıralama düzeltildi: 2025-11-16 14:35:27.801702
2025-11-16 14:35:27 - spektroskopi - WARNING - Zaman sıralama düzeltildi: 2025-11-16 14:35:27.802702
2025-11-16 14:35:27 - spektroskopi - WARNING - Zaman sıralama düzeltildi: 2025-11-16 14:35:27.803702
2025-11-16 14:35:27 - spektroskopi - WARNING - Zaman sıralama düzeltildi: 2025-11-16 14:35:27.804702
2025-11-16 14:35:27 - spektroskopi - WARNING - Zaman sıralama düzeltildi: 2025-11-16 14:35:27.805702
2025-11-16 14:35:27 - spektroskopi - WARNING - Zaman sıralama düzeltildi: 2025-11-16 14:35:27.806702
2025-11-16 14:35:27 - spektroskopi - WARNING - Zaman sıralama düzeltildi: 2025-11-16 14:35:27.807702
2025-11-16 14:35:27 - spektroskopi - WARNING - Zaman sıralama düzeltildi: 2025-11-16 14:35:27.808702
2025-11-16 14:35:27 - spektroskopi - WARNING - Zaman sıralama düzeltildi: 2025-11-16 14:35:27.809702
2025-11-16 14:35:27 - spektroskopi - WARNING - Zaman sıralama düzeltildi: 2025-11-16 14:35:27.810702
2025-11-16 14:35:27 - spektroskopi - WARNING - Zaman sıralama düzeltildi: 2025-11-16 14:35:27.811702
2025-11-16 14:35:27 - spektroskopi - WARNING - Zaman sıralama düzeltildi: 2025-11-16 14:35:27.812702
2025-11-16 14:35:27 - spektroskopi - INFO - Raspberry Pi'dan veri alındı: 6e400003-b5a3-f393-e0a9-e50e24dcca9e (Handle: 8): Nordic UART TX, uzunluk: 2
2025-11-16 14:35:27 - spektroskopi - INFO - Raspberry Pi verisi: Ham=3283, Voltaj=3283.000V
2025-11-16 14:35:27 - spektroskopi - INFO - Raspberry Pi verisi işlendi: SENSOR_5 = 3283.000V
2025-11-16 14:35:27 - spektroskopi - INFO - Raspberry Pi'dan veri alındı: 6e400004-b5a3-f393-e0a9-e50e24dcca9e (Handle: 11): Unknown, uzunluk: 2
2025-11-16 14:35:27 - spektroskopi - INFO - Raspberry Pi verisi: Ham=3283, Voltaj=3283.000V
2025-11-16 14:35:27 - spektroskopi - INFO - Raspberry Pi verisi işlendi: SENSOR_7 = 3283.000V
2025-11-16 14:35:28 - spektroskopi - INFO - Raspberry Pi'dan veri alındı: 6e400002-b5a3-f393-e0a9-e50e24dcca9e (Handle: 19): Nordic UART RX, uzunluk: 2
2025-11-16 14:35:28 - spektroskopi - INFO - Raspberry Pi verisi: Ham=17, Voltaj=17.000V
2025-11-16 14:35:28 - spektroskopi - INFO - Raspberry Pi verisi işlendi: SENSOR_2 = 17.000V
2025-11-16 14:35:28 - spektroskopi - INFO - Raspberry Pi'dan veri alındı: 6e400005-b5a3-f393-e0a9-e50e24dcca9e (Handle: 16): Unknown, uzunluk: 2
2025-11-16 14:35:28 - spektroskopi - INFO - Raspberry Pi verisi: Ham=17, Voltaj=17.000V
2025-11-16 14:35:28 - spektroskopi - INFO - Raspberry Pi verisi işlendi: SENSOR_EXTRA = 17.000V
2025-11-16 14:35:28 - spektroskopi - INFO - Raspberry Pi'dan veri alındı: 6e400003-b5a3-f393-e0a9-e50e24dcca9e (Handle: 8): Nordic UART TX, uzunluk: 2
2025-11-16 14:35:28 - spektroskopi - INFO - Raspberry Pi verisi: Ham=3283, Voltaj=3283.000V
2025-11-16 14:35:28 - spektroskopi - INFO - Raspberry Pi verisi işlendi: SENSOR_5 = 3283.000V
2025-11-16 14:35:28 - spektroskopi - INFO - Raspberry Pi'dan veri alındı: 6e400004-b5a3-f393-e0a9-e50e24dcca9e (Handle: 11): Unknown, uzunluk: 2
2025-11-16 14:35:28 - spektroskopi - INFO - Raspberry Pi verisi: Ham=3283, Voltaj=3283.000V
2025-11-16 14:35:28 - spektroskopi - INFO - Raspberry Pi verisi işlendi: SENSOR_7 = 3283.000V
2025-11-16 14:35:28 - spektroskopi - INFO - Raspberry Pi'dan veri alındı: 6e400002-b5a3-f393-e0a9-e50e24dcca9e (Handle: 19): Nordic UART RX, uzunluk: 2
2025-11-16 14:35:28 - spektroskopi - INFO - Raspberry Pi verisi: Ham=17, Voltaj=17.000V
2025-11-16 14:35:28 - spektroskopi - INFO - Raspberry Pi verisi işlendi: SENSOR_2 = 17.000V
2025-11-16 14:35:28 - spektroskopi - INFO - Raspberry Pi'dan veri alındı: 6e400005-b5a3-f393-e0a9-e50e24dcca9e (Handle: 16): Unknown, uzunluk: 2
2025-11-16 14:35:28 - spektroskopi - INFO - Raspberry Pi verisi: Ham=17, Voltaj=17.000V
2025-11-16 14:35:28 - spektroskopi - INFO - Raspberry Pi verisi işlendi: SENSOR_EXTRA = 17.000V
2025-11-16 14:35:28 - spektroskopi - INFO - Raspberry Pi'dan veri alındı: 6e400003-b5a3-f393-e0a9-e50e24dcca9e (Handle: 8): Nordic UART TX, uzunluk: 2
2025-11-16 14:35:28 - spektroskopi - INFO - Raspberry Pi verisi: Ham=3283, Voltaj=3283.000V
2025-11-16 14:35:28 - spektroskopi - INFO - Raspberry Pi verisi işlendi: SENSOR_5 = 3283.000V
2025-11-16 14:35:28 - spektroskopi - INFO - Raspberry Pi'dan veri alındı: 6e400004-b5a3-f393-e0a9-e50e24dcca9e (Handle: 11): Unknown, uzunluk: 2
2025-11-16 14:35:28 - spektroskopi - INFO - Raspberry Pi verisi: Ham=3283, Voltaj=3283.000V
2025-11-16 14:35:28 - spektroskopi - INFO - Raspberry Pi verisi işlendi: SENSOR_7 = 3283.000V
2025-11-16 14:35:28 - spektroskopi - INFO - Raspberry Pi'dan veri alındı: 6e400002-b5a3-f393-e0a9-e50e24dcca9e (Handle: 19): Nordic UART RX, uzunluk: 2
2025-11-16 14:35:28 - spektroskopi - INFO - Raspberry Pi verisi: Ham=17, Voltaj=17.000V
2025-11-16 14:35:28 - spektroskopi - INFO - Raspberry Pi verisi işlendi: SENSOR_2 = 17.000V
2025-11-16 14:35:28 - spektroskopi - INFO - Raspberry Pi'dan veri alındı: 6e400005-b5a3-f393-e0a9-e50e24dcca9e (Handle: 16): Unknown, uzunluk: 2
2025-11-16 14:35:28 - spektroskopi - INFO - Raspberry Pi verisi: Ham=17, Voltaj=17.000V
2025-11-16 14:35:28 - spektroskopi - INFO - Raspberry Pi verisi işlendi: SENSOR_EXTRA = 17.000V
2025-11-16 14:35:28 - spektroskopi - WARNING - Zaman sıralama düzeltildi: 2025-11-16 14:35:28.790863
2025-11-16 14:35:28 - spektroskopi - WARNING - Zaman sıralama düzeltildi: 2025-11-16 14:35:28.791863
2025-11-16 14:35:28 - spektroskopi - WARNING - Zaman sıralama düzeltildi: 2025-11-16 14:35:28.792863
2025-11-16 14:35:28 - spektroskopi - WARNING - Zaman sıralama düzeltildi: 2025-11-16 14:35:28.793863
2025-11-16 14:35:28 - spektroskopi - WARNING - Zaman sıralama düzeltildi: 2025-11-16 14:35:28.794863
2025-11-16 14:35:28 - spektroskopi - WARNING - Zaman sıralama düzeltildi: 2025-11-16 14:35:28.795863
2025-11-16 14:35:28 - spektroskopi - WARNING - Zaman sıralama düzeltildi: 2025-11-16 14:35:28.796863
2025-11-16 14:35:28 - spektroskopi - WARNING - Zaman sıralama düzeltildi: 2025-11-16 14:35:28.797863
2025-11-16 14:35:28 - spektroskopi - WARNING - Zaman sıralama düzeltildi: 2025-11-16 14:35:28.798863
2025-11-16 14:35:28 - spektroskopi - WARNING - Zaman sıralama düzeltildi: 2025-11-16 14:35:28.799863
2025-11-16 14:35:28 - spektroskopi - WARNING - Zaman sıralama düzeltildi: 2025-11-16 14:35:28.800863
2025-11-16 14:35:28 - spektroskopi - WARNING - Zaman sıralama düzeltildi: 2025-11-16 14:35:28.801863
2025-11-16 14:35:28 - spektroskopi - INFO - Raspberry Pi'dan veri alındı: 6e400003-b5a3-f393-e0a9-e50e24dcca9e (Handle: 8): Nordic UART TX, uzunluk: 2
2025-11-16 14:35:28 - spektroskopi - INFO - Raspberry Pi verisi: Ham=3284, Voltaj=3284.000V
2025-11-16 14:35:28 - spektroskopi - INFO - Raspberry Pi verisi işlendi: SENSOR_5 = 3284.000V
2025-11-16 14:35:28 - spektroskopi - INFO - Raspberry Pi'dan veri alındı: 6e400004-b5a3-f393-e0a9-e50e24dcca9e (Handle: 11): Unknown, uzunluk: 2
2025-11-16 14:35:28 - spektroskopi - INFO - Raspberry Pi verisi: Ham=3284, Voltaj=3284.000V
2025-11-16 14:35:28 - spektroskopi - INFO - Raspberry Pi verisi işlendi: SENSOR_7 = 3284.000V
2025-11-16 14:35:29 - spektroskopi - INFO - Raspberry Pi'dan veri alındı: 6e400002-b5a3-f393-e0a9-e50e24dcca9e (Handle: 19): Nordic UART RX, uzunluk: 2
2025-11-16 14:35:29 - spektroskopi - INFO - Raspberry Pi verisi: Ham=17, Voltaj=17.000V
2025-11-16 14:35:29 - spektroskopi - INFO - Raspberry Pi verisi işlendi: SENSOR_2 = 17.000V
2025-11-16 14:35:29 - spektroskopi - INFO - Raspberry Pi'dan veri alındı: 6e400005-b5a3-f393-e0a9-e50e24dcca9e (Handle: 16): Unknown, uzunluk: 2
2025-11-16 14:35:29 - spektroskopi - INFO - Raspberry Pi verisi: Ham=17, Voltaj=17.000V
2025-11-16 14:35:29 - spektroskopi - INFO - Raspberry Pi verisi işlendi: SENSOR_EXTRA = 17.000V
2025-11-16 14:35:29 - spektroskopi - INFO - Raspberry Pi'dan veri alındı: 6e400003-b5a3-f393-e0a9-e50e24dcca9e (Handle: 8): Nordic UART TX, uzunluk: 2
2025-11-16 14:35:29 - spektroskopi - INFO - Raspberry Pi verisi: Ham=3284, Voltaj=3284.000V
2025-11-16 14:35:29 - spektroskopi - INFO - Raspberry Pi verisi işlendi: SENSOR_5 = 3284.000V
2025-11-16 14:35:29 - spektroskopi - INFO - Raspberry Pi'dan veri alındı: 6e400004-b5a3-f393-e0a9-e50e24dcca9e (Handle: 11): Unknown, uzunluk: 2
2025-11-16 14:35:29 - spektroskopi - INFO - Raspberry Pi verisi: Ham=3284, Voltaj=3284.000V
2025-11-16 14:35:29 - spektroskopi - INFO - Raspberry Pi verisi işlendi: SENSOR_7 = 3284.000V
2025-11-16 14:35:29 - spektroskopi - INFO - Raspberry Pi'dan veri alındı: 6e400002-b5a3-f393-e0a9-e50e24dcca9e (Handle: 19): Nordic UART RX, uzunluk: 2
2025-11-16 14:35:29 - spektroskopi - INFO - Raspberry Pi verisi: Ham=17, Voltaj=17.000V
2025-11-16 14:35:29 - spektroskopi - INFO - Raspberry Pi verisi işlendi: SENSOR_2 = 17.000V
2025-11-16 14:35:29 - spektroskopi - INFO - Raspberry Pi'dan veri alındı: 6e400005-b5a3-f393-e0a9-e50e24dcca9e (Handle: 16): Unknown, uzunluk: 2
2025-11-16 14:35:29 - spektroskopi - INFO - Raspberry Pi verisi: Ham=17, Voltaj=17.000V
2025-11-16 14:35:29 - spektroskopi - INFO - Raspberry Pi verisi işlendi: SENSOR_EXTRA = 17.000V
2025-11-16 14:35:29 - spektroskopi - INFO - Raspberry Pi'dan veri alındı: 6e400003-b5a3-f393-e0a9-e50e24dcca9e (Handle: 8): Nordic UART TX, uzunluk: 2
2025-11-16 14:35:29 - spektroskopi - INFO - Raspberry Pi verisi: Ham=3284, Voltaj=3284.000V
2025-11-16 14:35:29 - spektroskopi - INFO - Raspberry Pi verisi işlendi: SENSOR_5 = 3284.000V
2025-11-16 14:35:29 - spektroskopi - INFO - Raspberry Pi'dan veri alındı: 6e400004-b5a3-f393-e0a9-e50e24dcca9e (Handle: 11): Unknown, uzunluk: 2
2025-11-16 14:35:29 - spektroskopi - INFO - Raspberry Pi verisi: Ham=3284, Voltaj=3284.000V
2025-11-16 14:35:29 - spektroskopi - INFO - Raspberry Pi verisi işlendi: SENSOR_7 = 3284.000V
2025-11-16 14:35:29 - spektroskopi - INFO - Raspberry Pi'dan veri alındı: 6e400002-b5a3-f393-e0a9-e50e24dcca9e (Handle: 19): Nordic UART RX, uzunluk: 2
2025-11-16 14:35:29 - spektroskopi - INFO - Raspberry Pi verisi: Ham=17, Voltaj=17.000V
2025-11-16 14:35:29 - spektroskopi - INFO - Raspberry Pi verisi işlendi: SENSOR_2 = 17.000V
2025-11-16 14:35:29 - spektroskopi - INFO - Raspberry Pi'dan veri alındı: 6e400005-b5a3-f393-e0a9-e50e24dcca9e (Handle: 16): Unknown, uzunluk: 2
2025-11-16 14:35:29 - spektroskopi - INFO - Raspberry Pi verisi: Ham=17, Voltaj=17.000V
2025-11-16 14:35:29 - spektroskopi - INFO - Raspberry Pi verisi işlendi: SENSOR_EXTRA = 17.000V
2025-11-16 14:35:29 - spektroskopi - WARNING - Zaman sıralama düzeltildi: 2025-11-16 14:35:29.813116
2025-11-16 14:35:29 - spektroskopi - WARNING - Zaman sıralama düzeltildi: 2025-11-16 14:35:29.814116
2025-11-16 14:35:29 - spektroskopi - WARNING - Zaman sıralama düzeltildi: 2025-11-16 14:35:29.815116
2025-11-16 14:35:29 - spektroskopi - WARNING - Zaman sıralama düzeltildi: 2025-11-16 14:35:29.816116
2025-11-16 14:35:29 - spektroskopi - WARNING - Zaman sıralama düzeltildi: 2025-11-16 14:35:29.817116
2025-11-16 14:35:29 - spektroskopi - WARNING - Zaman sıralama düzeltildi: 2025-11-16 14:35:29.818116
2025-11-16 14:35:29 - spektroskopi - WARNING - Zaman sıralama düzeltildi: 2025-11-16 14:35:29.819116
2025-11-16 14:35:29 - spektroskopi - WARNING - Zaman sıralama düzeltildi: 2025-11-16 14:35:29.820116
2025-11-16 14:35:29 - spektroskopi - WARNING - Zaman sıralama düzeltildi: 2025-11-16 14:35:29.821116
2025-11-16 14:35:29 - spektroskopi - WARNING - Zaman sıralama düzeltildi: 2025-11-16 14:35:29.822116
2025-11-16 14:35:29 - spektroskopi - WARNING - Zaman sıralama düzeltildi: 2025-11-16 14:35:29.823116
2025-11-16 14:35:29 - spektroskopi - WARNING - Zaman sıralama düzeltildi: 2025-11-16 14:35:29.824116
2025-11-16 14:35:29 - spektroskopi - INFO - Raspberry Pi'dan veri alındı: 6e400003-b5a3-f393-e0a9-e50e24dcca9e (Handle: 8): Nordic UART TX, uzunluk: 2
2025-11-16 14:35:29 - spektroskopi - INFO - Raspberry Pi verisi: Ham=3284, Voltaj=3284.000V
2025-11-16 14:35:29 - spektroskopi - INFO - Raspberry Pi verisi işlendi: SENSOR_5 = 3284.000V
2025-11-16 14:35:29 - spektroskopi - INFO - Raspberry Pi'dan veri alındı: 6e400004-b5a3-f393-e0a9-e50e24dcca9e (Handle: 11): Unknown, uzunluk: 2
2025-11-16 14:35:29 - spektroskopi - INFO - Raspberry Pi verisi: Ham=3284, Voltaj=3284.000V
2025-11-16 14:35:29 - spektroskopi - INFO - Raspberry Pi verisi işlendi: SENSOR_7 = 3284.000V
2025-11-16 14:35:30 - spektroskopi - INFO - Raspberry Pi'dan veri alındı: 6e400002-b5a3-f393-e0a9-e50e24dcca9e (Handle: 19): Nordic UART RX, uzunluk: 2
2025-11-16 14:35:30 - spektroskopi - INFO - Raspberry Pi verisi: Ham=17, Voltaj=17.000V
2025-11-16 14:35:30 - spektroskopi - INFO - Raspberry Pi verisi işlendi: SENSOR_2 = 17.000V
2025-11-16 14:35:30 - spektroskopi - INFO - Raspberry Pi'dan veri alındı: 6e400005-b5a3-f393-e0a9-e50e24dcca9e (Handle: 16): Unknown, uzunluk: 2
2025-11-16 14:35:30 - spektroskopi - INFO - Raspberry Pi verisi: Ham=16, Voltaj=16.000V
2025-11-16 14:35:30 - spektroskopi - INFO - Raspberry Pi verisi işlendi: SENSOR_EXTRA = 16.000V
2025-11-16 14:35:30 - spektroskopi - INFO - Raspberry Pi'dan veri alındı: 6e400003-b5a3-f393-e0a9-e50e24dcca9e (Handle: 8): Nordic UART TX, uzunluk: 2
2025-11-16 14:35:30 - spektroskopi - INFO - Raspberry Pi verisi: Ham=3283, Voltaj=3283.000V
2025-11-16 14:35:30 - spektroskopi - INFO - Raspberry Pi verisi işlendi: SENSOR_5 = 3283.000V
2025-11-16 14:35:30 - spektroskopi - INFO - Raspberry Pi'dan veri alındı: 6e400004-b5a3-f393-e0a9-e50e24dcca9e (Handle: 11): Unknown, uzunluk: 2
2025-11-16 14:35:30 - spektroskopi - INFO - Raspberry Pi verisi: Ham=3283, Voltaj=3283.000V
2025-11-16 14:35:30 - spektroskopi - INFO - Raspberry Pi verisi işlendi: SENSOR_7 = 3283.000V
2025-11-16 14:35:30 - spektroskopi - INFO - Raspberry Pi'dan veri alındı: 6e400002-b5a3-f393-e0a9-e50e24dcca9e (Handle: 19): Nordic UART RX, uzunluk: 2
2025-11-16 14:35:30 - spektroskopi - INFO - Raspberry Pi verisi: Ham=17, Voltaj=17.000V
2025-11-16 14:35:30 - spektroskopi - INFO - Raspberry Pi verisi işlendi: SENSOR_2 = 17.000V
2025-11-16 14:35:30 - spektroskopi - INFO - Raspberry Pi'dan veri alındı: 6e400005-b5a3-f393-e0a9-e50e24dcca9e (Handle: 16): Unknown, uzunluk: 2
2025-11-16 14:35:30 - spektroskopi - INFO - Raspberry Pi verisi: Ham=16, Voltaj=16.000V
2025-11-16 14:35:30 - spektroskopi - INFO - Raspberry Pi verisi işlendi: SENSOR_EXTRA = 16.000V
2025-11-16 14:35:30 - spektroskopi - INFO - Raspberry Pi'dan veri alındı: 6e400003-b5a3-f393-e0a9-e50e24dcca9e (Handle: 8): Nordic UART TX, uzunluk: 2
2025-11-16 14:35:30 - spektroskopi - INFO - Raspberry Pi verisi: Ham=3283, Voltaj=3283.000V
2025-11-16 14:35:30 - spektroskopi - INFO - Raspberry Pi verisi işlendi: SENSOR_5 = 3283.000V
2025-11-16 14:35:30 - spektroskopi - INFO - Raspberry Pi'dan veri alındı: 6e400004-b5a3-f393-e0a9-e50e24dcca9e (Handle: 11): Unknown, uzunluk: 2
2025-11-16 14:35:30 - spektroskopi - INFO - Raspberry Pi verisi: Ham=3284, Voltaj=3284.000V
2025-11-16 14:35:30 - spektroskopi - INFO - Raspberry Pi verisi işlendi: SENSOR_7 = 3284.000V
2025-11-16 14:35:30 - spektroskopi - INFO - Raspberry Pi'dan veri alındı: 6e400002-b5a3-f393-e0a9-e50e24dcca9e (Handle: 19): Nordic UART RX, uzunluk: 2
2025-11-16 14:35:30 - spektroskopi - INFO - Raspberry Pi verisi: Ham=17, Voltaj=17.000V
2025-11-16 14:35:30 - spektroskopi - INFO - Raspberry Pi verisi işlendi: SENSOR_2 = 17.000V
2025-11-16 14:35:30 - spektroskopi - INFO - Raspberry Pi'dan veri alındı: 6e400005-b5a3-f393-e0a9-e50e24dcca9e (Handle: 16): Unknown, uzunluk: 2
2025-11-16 14:35:30 - spektroskopi - INFO - Raspberry Pi verisi: Ham=17, Voltaj=17.000V
2025-11-16 14:35:30 - spektroskopi - INFO - Raspberry Pi verisi işlendi: SENSOR_EXTRA = 17.000V
2025-11-16 14:35:30 - spektroskopi - WARNING - Zaman sıralama düzeltildi: 2025-11-16 14:35:30.801361
2025-11-16 14:35:30 - spektroskopi - WARNING - Zaman sıralama düzeltildi: 2025-11-16 14:35:30.802361
2025-11-16 14:35:30 - spektroskopi - WARNING - Zaman sıralama düzeltildi: 2025-11-16 14:35:30.803361
2025-11-16 14:35:30 - spektroskopi - WARNING - Zaman sıralama düzeltildi: 2025-11-16 14:35:30.804361
2025-11-16 14:35:30 - spektroskopi - WARNING - Zaman sıralama düzeltildi: 2025-11-16 14:35:30.805361
2025-11-16 14:35:30 - spektroskopi - WARNING - Zaman sıralama düzeltildi: 2025-11-16 14:35:30.806361
2025-11-16 14:35:30 - spektroskopi - WARNING - Zaman sıralama düzeltildi: 2025-11-16 14:35:30.807361
2025-11-16 14:35:30 - spektroskopi - WARNING - Zaman sıralama düzeltildi: 2025-11-16 14:35:30.808361
2025-11-16 14:35:30 - spektroskopi - WARNING - Zaman sıralama düzeltildi: 2025-11-16 14:35:30.809361
2025-11-16 14:35:30 - spektroskopi - WARNING - Zaman sıralama düzeltildi: 2025-11-16 14:35:30.810361
2025-11-16 14:35:30 - spektroskopi - WARNING - Zaman sıralama düzeltildi: 2025-11-16 14:35:30.811361
2025-11-16 14:35:30 - spektroskopi - WARNING - Zaman sıralama düzeltildi: 2025-11-16 14:35:30.812361
2025-11-16 14:35:30 - spektroskopi - INFO - Raspberry Pi'dan veri alındı: 6e400003-b5a3-f393-e0a9-e50e24dcca9e (Handle: 8): Nordic UART TX, uzunluk: 2
2025-11-16 14:35:30 - spektroskopi - INFO - Raspberry Pi verisi: Ham=3283, Voltaj=3283.000V
2025-11-16 14:35:30 - spektroskopi - INFO - Raspberry Pi verisi işlendi: SENSOR_5 = 3283.000V
2025-11-16 14:35:30 - spektroskopi - INFO - Raspberry Pi'dan veri alındı: 6e400004-b5a3-f393-e0a9-e50e24dcca9e (Handle: 11): Unknown, uzunluk: 2
2025-11-16 14:35:30 - spektroskopi - INFO - Raspberry Pi verisi: Ham=3284, Voltaj=3284.000V
2025-11-16 14:35:30 - spektroskopi - INFO - Raspberry Pi verisi işlendi: SENSOR_7 = 3284.000V
2025-11-16 14:35:31 - spektroskopi - INFO - Raspberry Pi'dan veri alındı: 6e400002-b5a3-f393-e0a9-e50e24dcca9e (Handle: 19): Nordic UART RX, uzunluk: 2
2025-11-16 14:35:31 - spektroskopi - INFO - Raspberry Pi verisi: Ham=17, Voltaj=17.000V
2025-11-16 14:35:31 - spektroskopi - INFO - Raspberry Pi verisi işlendi: SENSOR_2 = 17.000V
2025-11-16 14:35:31 - spektroskopi - INFO - Raspberry Pi'dan veri alındı: 6e400005-b5a3-f393-e0a9-e50e24dcca9e (Handle: 16): Unknown, uzunluk: 2
2025-11-16 14:35:31 - spektroskopi - INFO - Raspberry Pi verisi: Ham=17, Voltaj=17.000V
2025-11-16 14:35:31 - spektroskopi - INFO - Raspberry Pi verisi işlendi: SENSOR_EXTRA = 17.000V
2025-11-16 14:35:31 - spektroskopi - INFO - Raspberry Pi'dan veri alındı: 6e400003-b5a3-f393-e0a9-e50e24dcca9e (Handle: 8): Nordic UART TX, uzunluk: 2
2025-11-16 14:35:31 - spektroskopi - INFO - Raspberry Pi verisi: Ham=3284, Voltaj=3284.000V
2025-11-16 14:35:31 - spektroskopi - INFO - Raspberry Pi verisi işlendi: SENSOR_5 = 3284.000V
2025-11-16 14:35:31 - spektroskopi - INFO - Raspberry Pi'dan veri alındı: 6e400004-b5a3-f393-e0a9-e50e24dcca9e (Handle: 11): Unknown, uzunluk: 2
2025-11-16 14:35:31 - spektroskopi - INFO - Raspberry Pi verisi: Ham=3283, Voltaj=3283.000V
2025-11-16 14:35:31 - spektroskopi - INFO - Raspberry Pi verisi işlendi: SENSOR_7 = 3283.000V
2025-11-16 14:35:31 - spektroskopi - INFO - Raspberry Pi'dan veri alındı: 6e400002-b5a3-f393-e0a9-e50e24dcca9e (Handle: 19): Nordic UART RX, uzunluk: 2
2025-11-16 14:35:31 - spektroskopi - INFO - Raspberry Pi verisi: Ham=17, Voltaj=17.000V
2025-11-16 14:35:31 - spektroskopi - INFO - Raspberry Pi verisi işlendi: SENSOR_2 = 17.000V
2025-11-16 14:35:31 - spektroskopi - INFO - Raspberry Pi'dan veri alındı: 6e400005-b5a3-f393-e0a9-e50e24dcca9e (Handle: 16): Unknown, uzunluk: 2
2025-11-16 14:35:31 - spektroskopi - INFO - Raspberry Pi verisi: Ham=17, Voltaj=17.000V
2025-11-16 14:35:31 - spektroskopi - INFO - Raspberry Pi verisi işlendi: SENSOR_EXTRA = 17.000V
2025-11-16 14:35:31 - spektroskopi - INFO - Raspberry Pi'dan veri alındı: 6e400003-b5a3-f393-e0a9-e50e24dcca9e (Handle: 8): Nordic UART TX, uzunluk: 2
2025-11-16 14:35:31 - spektroskopi - INFO - Raspberry Pi verisi: Ham=3284, Voltaj=3284.000V
2025-11-16 14:35:31 - spektroskopi - INFO - Raspberry Pi verisi işlendi: SENSOR_5 = 3284.000V
2025-11-16 14:35:31 - spektroskopi - INFO - Raspberry Pi'dan veri alındı: 6e400004-b5a3-f393-e0a9-e50e24dcca9e (Handle: 11): Unknown, uzunluk: 2
2025-11-16 14:35:31 - spektroskopi - INFO - Raspberry Pi verisi: Ham=3284, Voltaj=3284.000V
2025-11-16 14:35:31 - spektroskopi - INFO - Raspberry Pi verisi işlendi: SENSOR_7 = 3284.000V
2025-11-16 14:35:31 - spektroskopi - INFO - Raspberry Pi'dan veri alındı: 6e400002-b5a3-f393-e0a9-e50e24dcca9e (Handle: 19): Nordic UART RX, uzunluk: 2
2025-11-16 14:35:31 - spektroskopi - INFO - Raspberry Pi verisi: Ham=16, Voltaj=16.000V
2025-11-16 14:35:31 - spektroskopi - INFO - Raspberry Pi verisi işlendi: SENSOR_2 = 16.000V
2025-11-16 14:35:31 - spektroskopi - INFO - Raspberry Pi'dan veri alındı: 6e400005-b5a3-f393-e0a9-e50e24dcca9e (Handle: 16): Unknown, uzunluk: 2
2025-11-16 14:35:31 - spektroskopi - INFO - Raspberry Pi verisi: Ham=17, Voltaj=17.000V
2025-11-16 14:35:31 - spektroskopi - INFO - Raspberry Pi verisi işlendi: SENSOR_EXTRA = 17.000V
2025-11-16 14:35:31 - spektroskopi - WARNING - Zaman sıralama düzeltildi: 2025-11-16 14:35:31.790375
2025-11-16 14:35:31 - spektroskopi - WARNING - Zaman sıralama düzeltildi: 2025-11-16 14:35:31.791375
2025-11-16 14:35:31 - spektroskopi - WARNING - Zaman sıralama düzeltildi: 2025-11-16 14:35:31.792375
2025-11-16 14:35:31 - spektroskopi - WARNING - Zaman sıralama düzeltildi: 2025-11-16 14:35:31.793375
2025-11-16 14:35:31 - spektroskopi - WARNING - Zaman sıralama düzeltildi: 2025-11-16 14:35:31.794375
2025-11-16 14:35:31 - spektroskopi - WARNING - Zaman sıralama düzeltildi: 2025-11-16 14:35:31.795375
2025-11-16 14:35:31 - spektroskopi - WARNING - Zaman sıralama düzeltildi: 2025-11-16 14:35:31.796375
2025-11-16 14:35:31 - spektroskopi - WARNING - Zaman sıralama düzeltildi: 2025-11-16 14:35:31.797375
2025-11-16 14:35:31 - spektroskopi - WARNING - Zaman sıralama düzeltildi: 2025-11-16 14:35:31.798375
2025-11-16 14:35:31 - spektroskopi - WARNING - Zaman sıralama düzeltildi: 2025-11-16 14:35:31.799375
2025-11-16 14:35:31 - spektroskopi - WARNING - Zaman sıralama düzeltildi: 2025-11-16 14:35:31.800375
2025-11-16 14:35:31 - spektroskopi - WARNING - Zaman sıralama düzeltildi: 2025-11-16 14:35:31.801375
2025-11-16 14:35:31 - spektroskopi - INFO - Raspberry Pi'dan veri alındı: 6e400003-b5a3-f393-e0a9-e50e24dcca9e (Handle: 8): Nordic UART TX, uzunluk: 2
2025-11-16 14:35:31 - spektroskopi - INFO - Raspberry Pi verisi: Ham=3284, Voltaj=3284.000V
2025-11-16 14:35:31 - spektroskopi - INFO - Raspberry Pi verisi işlendi: SENSOR_5 = 3284.000V
2025-11-16 14:35:31 - spektroskopi - INFO - Raspberry Pi'dan veri alındı: 6e400004-b5a3-f393-e0a9-e50e24dcca9e (Handle: 11): Unknown, uzunluk: 2
2025-11-16 14:35:31 - spektroskopi - INFO - Raspberry Pi verisi: Ham=3283, Voltaj=3283.000V
2025-11-16 14:35:31 - spektroskopi - INFO - Raspberry Pi verisi işlendi: SENSOR_7 = 3283.000V
2025-11-16 14:35:32 - spektroskopi - INFO - Raspberry Pi'dan veri alındı: 6e400002-b5a3-f393-e0a9-e50e24dcca9e (Handle: 19): Nordic UART RX, uzunluk: 2
2025-11-16 14:35:32 - spektroskopi - INFO - Raspberry Pi verisi: Ham=16, Voltaj=16.000V
2025-11-16 14:35:32 - spektroskopi - INFO - Raspberry Pi verisi işlendi: SENSOR_2 = 16.000V
2025-11-16 14:35:32 - spektroskopi - INFO - Raspberry Pi'dan veri alındı: 6e400005-b5a3-f393-e0a9-e50e24dcca9e (Handle: 16): Unknown, uzunluk: 2
2025-11-16 14:35:32 - spektroskopi - INFO - Raspberry Pi verisi: Ham=17, Voltaj=17.000V
2025-11-16 14:35:32 - spektroskopi - INFO - Raspberry Pi verisi işlendi: SENSOR_EXTRA = 17.000V
2025-11-16 14:35:32 - spektroskopi - INFO - Raspberry Pi'dan veri alındı: 6e400003-b5a3-f393-e0a9-e50e24dcca9e (Handle: 8): Nordic UART TX, uzunluk: 2
2025-11-16 14:35:32 - spektroskopi - INFO - Raspberry Pi verisi: Ham=3284, Voltaj=3284.000V
2025-11-16 14:35:32 - spektroskopi - INFO - Raspberry Pi verisi işlendi: SENSOR_5 = 3284.000V
2025-11-16 14:35:32 - spektroskopi - INFO - Raspberry Pi'dan veri alındı: 6e400004-b5a3-f393-e0a9-e50e24dcca9e (Handle: 11): Unknown, uzunluk: 2
2025-11-16 14:35:32 - spektroskopi - INFO - Raspberry Pi verisi: Ham=3284, Voltaj=3284.000V
2025-11-16 14:35:32 - spektroskopi - INFO - Raspberry Pi verisi işlendi: SENSOR_7 = 3284.000V
2025-11-16 14:35:32 - spektroskopi - INFO - Raspberry Pi'dan veri alındı: 6e400002-b5a3-f393-e0a9-e50e24dcca9e (Handle: 19): Nordic UART RX, uzunluk: 2
2025-11-16 14:35:32 - spektroskopi - INFO - Raspberry Pi verisi: Ham=17, Voltaj=17.000V
2025-11-16 14:35:32 - spektroskopi - INFO - Raspberry Pi verisi işlendi: SENSOR_2 = 17.000V
2025-11-16 14:35:32 - spektroskopi - INFO - Raspberry Pi'dan veri alındı: 6e400005-b5a3-f393-e0a9-e50e24dcca9e (Handle: 16): Unknown, uzunluk: 2
2025-11-16 14:35:32 - spektroskopi - INFO - Raspberry Pi verisi: Ham=17, Voltaj=17.000V
2025-11-16 14:35:32 - spektroskopi - INFO - Raspberry Pi verisi işlendi: SENSOR_EXTRA = 17.000V
2025-11-16 14:35:32 - spektroskopi - INFO - Raspberry Pi'dan veri alındı: 6e400003-b5a3-f393-e0a9-e50e24dcca9e (Handle: 8): Nordic UART TX, uzunluk: 2
2025-11-16 14:35:32 - spektroskopi - INFO - Raspberry Pi verisi: Ham=3284, Voltaj=3284.000V
2025-11-16 14:35:32 - spektroskopi - INFO - Raspberry Pi verisi işlendi: SENSOR_5 = 3284.000V
2025-11-16 14:35:32 - spektroskopi - INFO - Raspberry Pi'dan veri alındı: 6e400004-b5a3-f393-e0a9-e50e24dcca9e (Handle: 11): Unknown, uzunluk: 2
2025-11-16 14:35:32 - spektroskopi - INFO - Raspberry Pi verisi: Ham=3284, Voltaj=3284.000V
2025-11-16 14:35:32 - spektroskopi - INFO - Raspberry Pi verisi işlendi: SENSOR_7 = 3284.000V
2025-11-16 15:25:29 - spektroskopi - INFO - Spektroskopi uygulaması başlatılıyor...
2025-11-16 15:25:29 - spektroskopi - INFO - Export için 1 formül yüklendi
2025-11-16 15:25:29 - spektroskopi - INFO - Uygulama ayarları yüklendi
2025-11-16 15:25:29 - spektroskopi - INFO - 1 formül içe aktarıldı
2025-11-16 15:25:29 - spektroskopi - INFO - Uygulama başlangıcında formüller yüklendi: 1
2025-11-16 15:25:29 - spektroskopi - WARNING - Error loading record Record_20251022_185402.json: Expecting value: line 515 column 9 (char 10867)
2025-11-16 15:25:29 - spektroskopi - INFO - Tema uygulandı: light (sistem: dark)
2025-11-16 15:25:29 - spektroskopi - INFO - Sensör bilgileri güncellendi
2025-11-16 15:25:29 - spektroskopi - INFO - Otomatik bağlantı başlatılıyor...
2025-11-16 15:25:29 - spektroskopi - INFO - Ana GUI başlatıldı
2025-11-16 15:25:30 - spektroskopi - INFO - BLE tarama başlatılıyor (timeout: 10.0s)
2025-11-16 15:25:41 - spektroskopi - INFO - Hedef cihaz bulundu: sensor-1 (10EF861C-9314-4868-A135-CAF29E2FB2C9)
2025-11-16 15:25:41 - spektroskopi - INFO - Tarama tamamlandı: 1 cihaz bulundu
2025-11-16 15:25:41 - spektroskopi - INFO - sensor-1 cihazına bağlanılıyor...
2025-11-16 15:25:41 - spektroskopi - INFO - BLE bağlantısı kuruluyor: sensor-1 (10EF861C-9314-4868-A135-CAF29E2FB2C9)
2025-11-16 15:25:41 - spektroskopi - INFO - Bağlantı kuruldu: sensor-1
2025-11-16 15:25:41 - spektroskopi - INFO - LED toggle aktifleştirildi
2025-11-16 15:25:41 - spektroskopi - INFO - Tarama tamamlandı: 1 cihaz bulundu
2025-11-16 15:25:42 - spektroskopi - INFO - CONNECTION SUCCESS: sensor-1 - CONNECTED
2025-11-16 15:25:42 - spektroskopi - INFO - Raspberry Pi'dan veri alındı: 6e400002-b5a3-f393-e0a9-e50e24dcca9e (Handle: 19): Nordic UART RX, uzunluk: 2
2025-11-16 15:25:42 - spektroskopi - INFO - Raspberry Pi verisi: Ham=3259, Voltaj=3259.000V
2025-11-16 15:25:42 - spektroskopi - INFO - Raspberry Pi verisi işlendi: SENSOR_2 = 3259.000V
2025-11-16 15:25:42 - spektroskopi - INFO - Raspberry Pi'dan veri alındı: 6e400005-b5a3-f393-e0a9-e50e24dcca9e (Handle: 16): Unknown, uzunluk: 2
2025-11-16 15:25:42 - spektroskopi - INFO - Raspberry Pi verisi: Ham=3259, Voltaj=3259.000V
2025-11-16 15:25:42 - spektroskopi - INFO - Raspberry Pi verisi işlendi: SENSOR_EXTRA = 3259.000V
2025-11-16 15:25:43 - spektroskopi - INFO - BLE bağlantısı sonsuz mod aktif - timeout yok
2025-11-16 15:25:43 - spektroskopi - INFO - Raspberry Pi'dan veri alındı: 6e400003-b5a3-f393-e0a9-e50e24dcca9e (Handle: 8): Nordic UART TX, uzunluk: 2
2025-11-16 15:25:43 - spektroskopi - INFO - Raspberry Pi verisi: Ham=1406, Voltaj=1406.000V
2025-11-16 15:25:43 - spektroskopi - INFO - Raspberry Pi verisi işlendi: SENSOR_5 = 1406.000V
2025-11-16 15:25:43 - spektroskopi - INFO - Raspberry Pi'dan veri alındı: 6e400004-b5a3-f393-e0a9-e50e24dcca9e (Handle: 11): Unknown, uzunluk: 2
2025-11-16 15:25:43 - spektroskopi - INFO - Raspberry Pi verisi: Ham=1091, Voltaj=1091.000V
2025-11-16 15:25:43 - spektroskopi - INFO - Raspberry Pi verisi işlendi: SENSOR_7 = 1091.000V
2025-11-16 15:25:43 - spektroskopi - INFO - Raspberry Pi'dan veri alındı: 6e400002-b5a3-f393-e0a9-e50e24dcca9e (Handle: 19): Nordic UART RX, uzunluk: 2
2025-11-16 15:25:43 - spektroskopi - INFO - Raspberry Pi verisi: Ham=3259, Voltaj=3259.000V
2025-11-16 15:25:43 - spektroskopi - INFO - Raspberry Pi verisi işlendi: SENSOR_2 = 3259.000V
2025-11-16 15:25:43 - spektroskopi - INFO - Raspberry Pi'dan veri alındı: 6e400005-b5a3-f393-e0a9-e50e24dcca9e (Handle: 16): Unknown, uzunluk: 2
2025-11-16 15:25:43 - spektroskopi - INFO - Raspberry Pi verisi: Ham=3259, Voltaj=3259.000V
2025-11-16 15:25:43 - spektroskopi - INFO - Raspberry Pi verisi işlendi: SENSOR_EXTRA = 3259.000V
2025-11-16 15:25:43 - spektroskopi - INFO - Raspberry Pi'dan veri alındı: 6e400003-b5a3-f393-e0a9-e50e24dcca9e (Handle: 8): Nordic UART TX, uzunluk: 2
2025-11-16 15:25:43 - spektroskopi - INFO - Raspberry Pi verisi: Ham=1371, Voltaj=1371.000V
2025-11-16 15:25:43 - spektroskopi - INFO - Raspberry Pi verisi işlendi: SENSOR_5 = 1371.000V
2025-11-16 15:25:43 - spektroskopi - INFO - Raspberry Pi'dan veri alındı: 6e400004-b5a3-f393-e0a9-e50e24dcca9e (Handle: 11): Unknown, uzunluk: 2
2025-11-16 15:25:43 - spektroskopi - INFO - Raspberry Pi verisi: Ham=1068, Voltaj=1068.000V
2025-11-16 15:25:43 - spektroskopi - INFO - Raspberry Pi verisi işlendi: SENSOR_7 = 1068.000V
2025-11-16 15:25:43 - spektroskopi - INFO - Raspberry Pi'dan veri alındı: 6e400002-b5a3-f393-e0a9-e50e24dcca9e (Handle: 19): Nordic UART RX, uzunluk: 2
2025-11-16 15:25:43 - spektroskopi - INFO - Raspberry Pi verisi: Ham=3259, Voltaj=3259.000V
2025-11-16 15:25:43 - spektroskopi - INFO - Raspberry Pi verisi işlendi: SENSOR_2 = 3259.000V
2025-11-16 15:25:43 - spektroskopi - INFO - Raspberry Pi'dan veri alındı: 6e400005-b5a3-f393-e0a9-e50e24dcca9e (Handle: 16): Unknown, uzunluk: 2
2025-11-16 15:25:43 - spektroskopi - INFO - Raspberry Pi verisi: Ham=3259, Voltaj=3259.000V
2025-11-16 15:25:43 - spektroskopi - INFO - Raspberry Pi verisi işlendi: SENSOR_EXTRA = 3259.000V
2025-11-16 15:25:43 - spektroskopi - INFO - Raspberry Pi'dan veri alındı: 6e400003-b5a3-f393-e0a9-e50e24dcca9e (Handle: 8): Nordic UART TX, uzunluk: 2
2025-11-16 15:25:43 - spektroskopi - INFO - Raspberry Pi verisi: Ham=1300, Voltaj=1300.000V
2025-11-16 15:25:43 - spektroskopi - INFO - Raspberry Pi verisi işlendi: SENSOR_5 = 1300.000V
2025-11-16 15:25:43 - spektroskopi - INFO - Raspberry Pi'dan veri alındı: 6e400004-b5a3-f393-e0a9-e50e24dcca9e (Handle: 11): Unknown, uzunluk: 2
2025-11-16 15:25:43 - spektroskopi - INFO - Raspberry Pi verisi: Ham=983, Voltaj=983.000V
2025-11-16 15:25:43 - spektroskopi - INFO - Raspberry Pi verisi işlendi: SENSOR_7 = 983.000V
2025-11-16 15:25:43 - spektroskopi - WARNING - Zaman sıralama düzeltildi: 2025-11-16 15:25:43.783232
2025-11-16 15:25:43 - spektroskopi - WARNING - Zaman sıralama düzeltildi: 2025-11-16 15:25:43.784232
2025-11-16 15:25:43 - spektroskopi - WARNING - Zaman sıralama düzeltildi: 2025-11-16 15:25:43.785232
2025-11-16 15:25:43 - spektroskopi - WARNING - Zaman sıralama düzeltildi: 2025-11-16 15:25:43.786232
2025-11-16 15:25:43 - spektroskopi - WARNING - Zaman sıralama düzeltildi: 2025-11-16 15:25:43.787232
2025-11-16 15:25:43 - spektroskopi - WARNING - Zaman sıralama düzeltildi: 2025-11-16 15:25:43.788232
2025-11-16 15:25:43 - spektroskopi - WARNING - Zaman sıralama düzeltildi: 2025-11-16 15:25:43.789232
2025-11-16 15:25:43 - spektroskopi - WARNING - Zaman sıralama düzeltildi: 2025-11-16 15:25:43.790232
2025-11-16 15:25:43 - spektroskopi - WARNING - Zaman sıralama düzeltildi: 2025-11-16 15:25:43.791232
2025-11-16 15:25:43 - spektroskopi - WARNING - Zaman sıralama düzeltildi: 2025-11-16 15:25:43.792232
2025-11-16 15:25:43 - spektroskopi - WARNING - Zaman sıralama düzeltildi: 2025-11-16 15:25:43.793232
2025-11-16 15:25:43 - spektroskopi - WARNING - Zaman sıralama düzeltildi: 2025-11-16 15:25:43.794232
2025-11-16 15:25:43 - spektroskopi - INFO - Raspberry Pi'dan veri alındı: 6e400002-b5a3-f393-e0a9-e50e24dcca9e (Handle: 19): Nordic UART RX, uzunluk: 2
2025-11-16 15:25:43 - spektroskopi - INFO - Raspberry Pi verisi: Ham=3258, Voltaj=3258.000V
2025-11-16 15:25:43 - spektroskopi - INFO - Raspberry Pi verisi işlendi: SENSOR_2 = 3258.000V
2025-11-16 15:25:43 - spektroskopi - INFO - Raspberry Pi'dan veri alındı: 6e400005-b5a3-f393-e0a9-e50e24dcca9e (Handle: 16): Unknown, uzunluk: 2
2025-11-16 15:25:43 - spektroskopi - INFO - Raspberry Pi verisi: Ham=3259, Voltaj=3259.000V
2025-11-16 15:25:43 - spektroskopi - INFO - Raspberry Pi verisi işlendi: SENSOR_EXTRA = 3259.000V
2025-11-16 15:25:44 - spektroskopi - INFO - Raspberry Pi'dan veri alındı: 6e400003-b5a3-f393-e0a9-e50e24dcca9e (Handle: 8): Nordic UART TX, uzunluk: 2
2025-11-16 15:25:44 - spektroskopi - INFO - Raspberry Pi verisi: Ham=1306, Voltaj=1306.000V
2025-11-16 15:25:44 - spektroskopi - INFO - Raspberry Pi verisi işlendi: SENSOR_5 = 1306.000V
2025-11-16 15:25:44 - spektroskopi - INFO - Raspberry Pi'dan veri alındı: 6e400004-b5a3-f393-e0a9-e50e24dcca9e (Handle: 11): Unknown, uzunluk: 2
2025-11-16 15:25:44 - spektroskopi - INFO - Raspberry Pi verisi: Ham=1022, Voltaj=1022.000V
2025-11-16 15:25:44 - spektroskopi - INFO - Raspberry Pi verisi işlendi: SENSOR_7 = 1022.000V
2025-11-16 15:25:44 - spektroskopi - INFO - Raspberry Pi'dan veri alındı: 6e400002-b5a3-f393-e0a9-e50e24dcca9e (Handle: 19): Nordic UART RX, uzunluk: 2
2025-11-16 15:25:44 - spektroskopi - INFO - Raspberry Pi verisi: Ham=3259, Voltaj=3259.000V
2025-11-16 15:25:44 - spektroskopi - INFO - Raspberry Pi verisi işlendi: SENSOR_2 = 3259.000V
2025-11-16 15:25:44 - spektroskopi - INFO - Raspberry Pi'dan veri alındı: 6e400005-b5a3-f393-e0a9-e50e24dcca9e (Handle: 16): Unknown, uzunluk: 2
2025-11-16 15:25:44 - spektroskopi - INFO - Raspberry Pi verisi: Ham=3258, Voltaj=3258.000V
2025-11-16 15:25:44 - spektroskopi - INFO - Raspberry Pi verisi işlendi: SENSOR_EXTRA = 3258.000V
2025-11-16 15:25:44 - spektroskopi - INFO - Raspberry Pi'dan veri alındı: 6e400003-b5a3-f393-e0a9-e50e24dcca9e (Handle: 8): Nordic UART TX, uzunluk: 2
2025-11-16 15:25:44 - spektroskopi - INFO - Raspberry Pi verisi: Ham=1342, Voltaj=1342.000V
2025-11-16 15:25:44 - spektroskopi - INFO - Raspberry Pi verisi işlendi: SENSOR_5 = 1342.000V
2025-11-16 15:25:44 - spektroskopi - INFO - Raspberry Pi'dan veri alındı: 6e400004-b5a3-f393-e0a9-e50e24dcca9e (Handle: 11): Unknown, uzunluk: 2
2025-11-16 15:25:44 - spektroskopi - INFO - Raspberry Pi verisi: Ham=1049, Voltaj=1049.000V
2025-11-16 15:25:44 - spektroskopi - INFO - Raspberry Pi verisi işlendi: SENSOR_7 = 1049.000V
2025-11-16 15:25:44 - spektroskopi - INFO - Raspberry Pi'dan veri alındı: 6e400002-b5a3-f393-e0a9-e50e24dcca9e (Handle: 19): Nordic UART RX, uzunluk: 2
2025-11-16 15:25:44 - spektroskopi - INFO - Raspberry Pi verisi: Ham=3259, Voltaj=3259.000V
2025-11-16 15:25:44 - spektroskopi - INFO - Raspberry Pi verisi işlendi: SENSOR_2 = 3259.000V
2025-11-16 15:25:44 - spektroskopi - INFO - Raspberry Pi'dan veri alındı: 6e400005-b5a3-f393-e0a9-e50e24dcca9e (Handle: 16): Unknown, uzunluk: 2
2025-11-16 15:25:44 - spektroskopi - INFO - Raspberry Pi verisi: Ham=3259, Voltaj=3259.000V
2025-11-16 15:25:44 - spektroskopi - INFO - Raspberry Pi verisi işlendi: SENSOR_EXTRA = 3259.000V
2025-11-16 15:25:44 - spektroskopi - INFO - Raspberry Pi'dan veri alındı: 6e400003-b5a3-f393-e0a9-e50e24dcca9e (Handle: 8): Nordic UART TX, uzunluk: 2
2025-11-16 15:25:44 - spektroskopi - INFO - Raspberry Pi verisi: Ham=1339, Voltaj=1339.000V
2025-11-16 15:25:44 - spektroskopi - INFO - Raspberry Pi verisi işlendi: SENSOR_5 = 1339.000V
2025-11-16 15:25:44 - spektroskopi - INFO - Raspberry Pi'dan veri alındı: 6e400004-b5a3-f393-e0a9-e50e24dcca9e (Handle: 11): Unknown, uzunluk: 2
2025-11-16 15:25:44 - spektroskopi - INFO - Raspberry Pi verisi: Ham=1033, Voltaj=1033.000V
2025-11-16 15:25:44 - spektroskopi - INFO - Raspberry Pi verisi işlendi: SENSOR_7 = 1033.000V
2025-11-16 15:25:44 - spektroskopi - WARNING - Zaman sıralama düzeltildi: 2025-11-16 15:25:44.773239
2025-11-16 15:25:44 - spektroskopi - WARNING - Zaman sıralama düzeltildi: 2025-11-16 15:25:44.774239
2025-11-16 15:25:44 - spektroskopi - WARNING - Zaman sıralama düzeltildi: 2025-11-16 15:25:44.775239
2025-11-16 15:25:44 - spektroskopi - WARNING - Zaman sıralama düzeltildi: 2025-11-16 15:25:44.776239
2025-11-16 15:25:44 - spektroskopi - WARNING - Zaman sıralama düzeltildi: 2025-11-16 15:25:44.777239
2025-11-16 15:25:44 - spektroskopi - WARNING - Zaman sıralama düzeltildi: 2025-11-16 15:25:44.778239
2025-11-16 15:25:44 - spektroskopi - WARNING - Zaman sıralama düzeltildi: 2025-11-16 15:25:44.779239
2025-11-16 15:25:44 - spektroskopi - WARNING - Zaman sıralama düzeltildi: 2025-11-16 15:25:44.780239
2025-11-16 15:25:44 - spektroskopi - WARNING - Zaman sıralama düzeltildi: 2025-11-16 15:25:44.781239
2025-11-16 15:25:44 - spektroskopi - WARNING - Zaman sıralama düzeltildi: 2025-11-16 15:25:44.782239
2025-11-16 15:25:44 - spektroskopi - WARNING - Zaman sıralama düzeltildi: 2025-11-16 15:25:44.783239
2025-11-16 15:25:44 - spektroskopi - WARNING - Zaman sıralama düzeltildi: 2025-11-16 15:25:44.784239
2025-11-16 15:25:44 - spektroskopi - INFO - Raspberry Pi'dan veri alındı: 6e400002-b5a3-f393-e0a9-e50e24dcca9e (Handle: 19): Nordic UART RX, uzunluk: 2
2025-11-16 15:25:44 - spektroskopi - INFO - Raspberry Pi verisi: Ham=3259, Voltaj=3259.000V
2025-11-16 15:25:44 - spektroskopi - INFO - Raspberry Pi verisi işlendi: SENSOR_2 = 3259.000V
2025-11-16 15:25:44 - spektroskopi - INFO - Raspberry Pi'dan veri alındı: 6e400005-b5a3-f393-e0a9-e50e24dcca9e (Handle: 16): Unknown, uzunluk: 2
2025-11-16 15:25:44 - spektroskopi - INFO - Raspberry Pi verisi: Ham=3258, Voltaj=3258.000V
2025-11-16 15:25:44 - spektroskopi - INFO - Raspberry Pi verisi işlendi: SENSOR_EXTRA = 3258.000V
2025-11-16 15:25:45 - spektroskopi - INFO - Raspberry Pi'dan veri alındı: 6e400003-b5a3-f393-e0a9-e50e24dcca9e (Handle: 8): Nordic UART TX, uzunluk: 2
2025-11-16 15:25:45 - spektroskopi - INFO - Raspberry Pi verisi: Ham=1510, Voltaj=1510.000V
2025-11-16 15:25:45 - spektroskopi - INFO - Raspberry Pi verisi işlendi: SENSOR_5 = 1510.000V
2025-11-16 15:25:45 - spektroskopi - INFO - Raspberry Pi'dan veri alındı: 6e400004-b5a3-f393-e0a9-e50e24dcca9e (Handle: 11): Unknown, uzunluk: 2
2025-11-16 15:25:45 - spektroskopi - INFO - Raspberry Pi verisi: Ham=1257, Voltaj=1257.000V
2025-11-16 15:25:45 - spektroskopi - INFO - Raspberry Pi verisi işlendi: SENSOR_7 = 1257.000V
2025-11-16 15:25:45 - spektroskopi - INFO - Raspberry Pi'dan veri alındı: 6e400002-b5a3-f393-e0a9-e50e24dcca9e (Handle: 19): Nordic UART RX, uzunluk: 2
2025-11-16 15:25:45 - spektroskopi - INFO - Raspberry Pi verisi: Ham=3259, Voltaj=3259.000V
2025-11-16 15:25:45 - spektroskopi - INFO - Raspberry Pi verisi işlendi: SENSOR_2 = 3259.000V
2025-11-16 15:25:45 - spektroskopi - INFO - Raspberry Pi'dan veri alındı: 6e400005-b5a3-f393-e0a9-e50e24dcca9e (Handle: 16): Unknown, uzunluk: 2
2025-11-16 15:25:45 - spektroskopi - INFO - Raspberry Pi verisi: Ham=3258, Voltaj=3258.000V
2025-11-16 15:25:45 - spektroskopi - INFO - Raspberry Pi verisi işlendi: SENSOR_EXTRA = 3258.000V
2025-11-16 15:25:45 - spektroskopi - INFO - Raspberry Pi'dan veri alındı: 6e400003-b5a3-f393-e0a9-e50e24dcca9e (Handle: 8): Nordic UART TX, uzunluk: 2
2025-11-16 15:25:45 - spektroskopi - INFO - Raspberry Pi verisi: Ham=1674, Voltaj=1674.000V
2025-11-16 15:25:45 - spektroskopi - INFO - Raspberry Pi verisi işlendi: SENSOR_5 = 1674.000V
2025-11-16 15:25:45 - spektroskopi - INFO - Raspberry Pi'dan veri alındı: 6e400004-b5a3-f393-e0a9-e50e24dcca9e (Handle: 11): Unknown, uzunluk: 2
2025-11-16 15:25:45 - spektroskopi - INFO - Raspberry Pi verisi: Ham=1317, Voltaj=1317.000V
2025-11-16 15:25:45 - spektroskopi - INFO - Raspberry Pi verisi işlendi: SENSOR_7 = 1317.000V
2025-11-16 15:25:45 - spektroskopi - INFO - Raspberry Pi'dan veri alındı: 6e400002-b5a3-f393-e0a9-e50e24dcca9e (Handle: 19): Nordic UART RX, uzunluk: 2
2025-11-16 15:25:45 - spektroskopi - INFO - Raspberry Pi verisi: Ham=3258, Voltaj=3258.000V
2025-11-16 15:25:45 - spektroskopi - INFO - Raspberry Pi verisi işlendi: SENSOR_2 = 3258.000V
2025-11-16 15:25:45 - spektroskopi - INFO - Raspberry Pi'dan veri alındı: 6e400005-b5a3-f393-e0a9-e50e24dcca9e (Handle: 16): Unknown, uzunluk: 2
2025-11-16 15:25:45 - spektroskopi - INFO - Raspberry Pi verisi: Ham=3258, Voltaj=3258.000V
2025-11-16 15:25:45 - spektroskopi - INFO - Raspberry Pi verisi işlendi: SENSOR_EXTRA = 3258.000V
2025-11-16 15:25:45 - spektroskopi - INFO - Raspberry Pi'dan veri alındı: 6e400003-b5a3-f393-e0a9-e50e24dcca9e (Handle: 8): Nordic UART TX, uzunluk: 2
2025-11-16 15:25:45 - spektroskopi - INFO - Raspberry Pi verisi: Ham=1575, Voltaj=1575.000V
2025-11-16 15:25:45 - spektroskopi - INFO - Raspberry Pi verisi işlendi: SENSOR_5 = 1575.000V
2025-11-16 15:25:45 - spektroskopi - INFO - Raspberry Pi'dan veri alındı: 6e400004-b5a3-f393-e0a9-e50e24dcca9e (Handle: 11): Unknown, uzunluk: 2
2025-11-16 15:25:45 - spektroskopi - INFO - Raspberry Pi verisi: Ham=1211, Voltaj=1211.000V
2025-11-16 15:25:45 - spektroskopi - INFO - Raspberry Pi verisi işlendi: SENSOR_7 = 1211.000V
2025-11-16 15:25:45 - spektroskopi - WARNING - Zaman sıralama düzeltildi: 2025-11-16 15:25:45.764729
2025-11-16 15:25:45 - spektroskopi - WARNING - Zaman sıralama düzeltildi: 2025-11-16 15:25:45.765729
2025-11-16 15:25:45 - spektroskopi - WARNING - Zaman sıralama düzeltildi: 2025-11-16 15:25:45.766729
2025-11-16 15:25:45 - spektroskopi - WARNING - Zaman sıralama düzeltildi: 2025-11-16 15:25:45.767729
2025-11-16 15:25:45 - spektroskopi - WARNING - Zaman sıralama düzeltildi: 2025-11-16 15:25:45.768729
2025-11-16 15:25:45 - spektroskopi - WARNING - Zaman sıralama düzeltildi: 2025-11-16 15:25:45.769729
2025-11-16 15:25:45 - spektroskopi - WARNING - Zaman sıralama düzeltildi: 2025-11-16 15:25:45.770729
2025-11-16 15:25:45 - spektroskopi - WARNING - Zaman sıralama düzeltildi: 2025-11-16 15:25:45.771729
2025-11-16 15:25:45 - spektroskopi - WARNING - Zaman sıralama düzeltildi: 2025-11-16 15:25:45.772729
2025-11-16 15:25:45 - spektroskopi - WARNING - Zaman sıralama düzeltildi: 2025-11-16 15:25:45.773729
2025-11-16 15:25:45 - spektroskopi - WARNING - Zaman sıralama düzeltildi: 2025-11-16 15:25:45.774729
2025-11-16 15:25:45 - spektroskopi - WARNING - Zaman sıralama düzeltildi: 2025-11-16 15:25:45.775729
2025-11-16 15:25:45 - spektroskopi - INFO - Raspberry Pi'dan veri alındı: 6e400002-b5a3-f393-e0a9-e50e24dcca9e (Handle: 19): Nordic UART RX, uzunluk: 2
2025-11-16 15:25:45 - spektroskopi - INFO - Raspberry Pi verisi: Ham=3258, Voltaj=3258.000V
2025-11-16 15:25:45 - spektroskopi - INFO - Raspberry Pi verisi işlendi: SENSOR_2 = 3258.000V
2025-11-16 15:25:45 - spektroskopi - INFO - Raspberry Pi'dan veri alındı: 6e400005-b5a3-f393-e0a9-e50e24dcca9e (Handle: 16): Unknown, uzunluk: 2
2025-11-16 15:25:45 - spektroskopi - INFO - Raspberry Pi verisi: Ham=3258, Voltaj=3258.000V
2025-11-16 15:25:45 - spektroskopi - INFO - Raspberry Pi verisi işlendi: SENSOR_EXTRA = 3258.000V
2025-11-16 15:25:46 - spektroskopi - INFO - Raspberry Pi'dan veri alındı: 6e400003-b5a3-f393-e0a9-e50e24dcca9e (Handle: 8): Nordic UART TX, uzunluk: 2
2025-11-16 15:25:46 - spektroskopi - INFO - Raspberry Pi verisi: Ham=1256, Voltaj=1256.000V
2025-11-16 15:25:46 - spektroskopi - INFO - Raspberry Pi verisi işlendi: SENSOR_5 = 1256.000V
2025-11-16 15:25:46 - spektroskopi - INFO - Raspberry Pi'dan veri alındı: 6e400004-b5a3-f393-e0a9-e50e24dcca9e (Handle: 11): Unknown, uzunluk: 2
2025-11-16 15:25:46 - spektroskopi - INFO - Raspberry Pi verisi: Ham=933, Voltaj=933.000V
2025-11-16 15:25:46 - spektroskopi - INFO - Raspberry Pi verisi işlendi: SENSOR_7 = 933.000V
2025-11-16 15:25:46 - spektroskopi - INFO - Raspberry Pi'dan veri alındı: 6e400002-b5a3-f393-e0a9-e50e24dcca9e (Handle: 19): Nordic UART RX, uzunluk: 2
2025-11-16 15:25:46 - spektroskopi - INFO - Raspberry Pi verisi: Ham=3258, Voltaj=3258.000V
2025-11-16 15:25:46 - spektroskopi - INFO - Raspberry Pi verisi işlendi: SENSOR_2 = 3258.000V
2025-11-16 15:25:46 - spektroskopi - INFO - Raspberry Pi'dan veri alındı: 6e400005-b5a3-f393-e0a9-e50e24dcca9e (Handle: 16): Unknown, uzunluk: 2
2025-11-16 15:25:46 - spektroskopi - INFO - Raspberry Pi verisi: Ham=3259, Voltaj=3259.000V
2025-11-16 15:25:46 - spektroskopi - INFO - Raspberry Pi verisi işlendi: SENSOR_EXTRA = 3259.000V
2025-11-16 15:25:46 - spektroskopi - INFO - Raspberry Pi'dan veri alındı: 6e400003-b5a3-f393-e0a9-e50e24dcca9e (Handle: 8): Nordic UART TX, uzunluk: 2
2025-11-16 15:25:46 - spektroskopi - INFO - Raspberry Pi verisi: Ham=1194, Voltaj=1194.000V
2025-11-16 15:25:46 - spektroskopi - INFO - Raspberry Pi verisi işlendi: SENSOR_5 = 1194.000V
2025-11-16 15:25:46 - spektroskopi - INFO - Raspberry Pi'dan veri alındı: 6e400004-b5a3-f393-e0a9-e50e24dcca9e (Handle: 11): Unknown, uzunluk: 2
2025-11-16 15:25:46 - spektroskopi - INFO - Raspberry Pi verisi: Ham=888, Voltaj=888.000V
2025-11-16 15:25:46 - spektroskopi - INFO - Raspberry Pi verisi işlendi: SENSOR_7 = 888.000V
2025-11-16 15:25:46 - spektroskopi - INFO - Raspberry Pi'dan veri alındı: 6e400002-b5a3-f393-e0a9-e50e24dcca9e (Handle: 19): Nordic UART RX, uzunluk: 2
2025-11-16 15:25:46 - spektroskopi - INFO - Raspberry Pi verisi: Ham=3258, Voltaj=3258.000V
2025-11-16 15:25:46 - spektroskopi - INFO - Raspberry Pi verisi işlendi: SENSOR_2 = 3258.000V
2025-11-16 15:25:46 - spektroskopi - INFO - Raspberry Pi'dan veri alındı: 6e400005-b5a3-f393-e0a9-e50e24dcca9e (Handle: 16): Unknown, uzunluk: 2
2025-11-16 15:25:46 - spektroskopi - INFO - Raspberry Pi verisi: Ham=3258, Voltaj=3258.000V
2025-11-16 15:25:46 - spektroskopi - INFO - Raspberry Pi verisi işlendi: SENSOR_EXTRA = 3258.000V
2025-11-16 15:25:46 - spektroskopi - INFO - Raspberry Pi'dan veri alındı: 6e400003-b5a3-f393-e0a9-e50e24dcca9e (Handle: 8): Nordic UART TX, uzunluk: 2
2025-11-16 15:25:46 - spektroskopi - INFO - Raspberry Pi verisi: Ham=1191, Voltaj=1191.000V
2025-11-16 15:25:46 - spektroskopi - INFO - Raspberry Pi verisi işlendi: SENSOR_5 = 1191.000V
2025-11-16 15:25:46 - spektroskopi - INFO - Raspberry Pi'dan veri alındı: 6e400004-b5a3-f393-e0a9-e50e24dcca9e (Handle: 11): Unknown, uzunluk: 2
2025-11-16 15:25:46 - spektroskopi - INFO - Raspberry Pi verisi: Ham=884, Voltaj=884.000V
2025-11-16 15:25:46 - spektroskopi - INFO - Raspberry Pi verisi işlendi: SENSOR_7 = 884.000V
2025-11-16 15:25:46 - spektroskopi - WARNING - Zaman sıralama düzeltildi: 2025-11-16 15:25:46.754506
2025-11-16 15:25:46 - spektroskopi - WARNING - Zaman sıralama düzeltildi: 2025-11-16 15:25:46.755506
2025-11-16 15:25:46 - spektroskopi - WARNING - Zaman sıralama düzeltildi: 2025-11-16 15:25:46.756506
2025-11-16 15:25:46 - spektroskopi - WARNING - Zaman sıralama düzeltildi: 2025-11-16 15:25:46.757506
2025-11-16 15:25:46 - spektroskopi - WARNING - Zaman sıralama düzeltildi: 2025-11-16 15:25:46.758506
2025-11-16 15:25:46 - spektroskopi - WARNING - Zaman sıralama düzeltildi: 2025-11-16 15:25:46.759506
2025-11-16 15:25:46 - spektroskopi - WARNING - Zaman sıralama düzeltildi: 2025-11-16 15:25:46.760506
2025-11-16 15:25:46 - spektroskopi - WARNING - Zaman sıralama düzeltildi: 2025-11-16 15:25:46.761506
2025-11-16 15:25:46 - spektroskopi - WARNING - Zaman sıralama düzeltildi: 2025-11-16 15:25:46.762506
2025-11-16 15:25:46 - spektroskopi - WARNING - Zaman sıralama düzeltildi: 2025-11-16 15:25:46.763506
2025-11-16 15:25:46 - spektroskopi - WARNING - Zaman sıralama düzeltildi: 2025-11-16 15:25:46.764506
2025-11-16 15:25:46 - spektroskopi - WARNING - Zaman sıralama düzeltildi: 2025-11-16 15:25:46.765506
2025-11-16 15:25:46 - spektroskopi - INFO - Raspberry Pi'dan veri alındı: 6e400002-b5a3-f393-e0a9-e50e24dcca9e (Handle: 19): Nordic UART RX, uzunluk: 2
2025-11-16 15:25:46 - spektroskopi - INFO - Raspberry Pi verisi: Ham=3258, Voltaj=3258.000V
2025-11-16 15:25:46 - spektroskopi - INFO - Raspberry Pi verisi işlendi: SENSOR_2 = 3258.000V
2025-11-16 15:25:46 - spektroskopi - INFO - Raspberry Pi'dan veri alındı: 6e400005-b5a3-f393-e0a9-e50e24dcca9e (Handle: 16): Unknown, uzunluk: 2
2025-11-16 15:25:46 - spektroskopi - INFO - Raspberry Pi verisi: Ham=3258, Voltaj=3258.000V
2025-11-16 15:25:46 - spektroskopi - INFO - Raspberry Pi verisi işlendi: SENSOR_EXTRA = 3258.000V
2025-11-16 15:25:47 - spektroskopi - INFO - Raspberry Pi'dan veri alındı: 6e400003-b5a3-f393-e0a9-e50e24dcca9e (Handle: 8): Nordic UART TX, uzunluk: 2
2025-11-16 15:25:47 - spektroskopi - INFO - Raspberry Pi verisi: Ham=1169, Voltaj=1169.000V
2025-11-16 15:25:47 - spektroskopi - INFO - Raspberry Pi verisi işlendi: SENSOR_5 = 1169.000V
2025-11-16 15:25:47 - spektroskopi - INFO - Raspberry Pi'dan veri alındı: 6e400004-b5a3-f393-e0a9-e50e24dcca9e (Handle: 11): Unknown, uzunluk: 2
2025-11-16 15:25:47 - spektroskopi - INFO - Raspberry Pi verisi: Ham=865, Voltaj=865.000V
2025-11-16 15:25:47 - spektroskopi - INFO - Raspberry Pi verisi işlendi: SENSOR_7 = 865.000V
2025-11-16 15:25:47 - spektroskopi - INFO - Raspberry Pi'dan veri alındı: 6e400002-b5a3-f393-e0a9-e50e24dcca9e (Handle: 19): Nordic UART RX, uzunluk: 2
2025-11-16 15:25:47 - spektroskopi - INFO - Raspberry Pi verisi: Ham=3258, Voltaj=3258.000V
2025-11-16 15:25:47 - spektroskopi - INFO - Raspberry Pi verisi işlendi: SENSOR_2 = 3258.000V
2025-11-16 15:25:47 - spektroskopi - INFO - Raspberry Pi'dan veri alındı: 6e400005-b5a3-f393-e0a9-e50e24dcca9e (Handle: 16): Unknown, uzunluk: 2
2025-11-16 15:25:47 - spektroskopi - INFO - Raspberry Pi verisi: Ham=3258, Voltaj=3258.000V
2025-11-16 15:25:47 - spektroskopi - INFO - Raspberry Pi verisi işlendi: SENSOR_EXTRA = 3258.000V
2025-11-16 15:25:47 - spektroskopi - INFO - Raspberry Pi'dan veri alındı: 6e400003-b5a3-f393-e0a9-e50e24dcca9e (Handle: 8): Nordic UART TX, uzunluk: 2
2025-11-16 15:25:47 - spektroskopi - INFO - Raspberry Pi verisi: Ham=1168, Voltaj=1168.000V
2025-11-16 15:25:47 - spektroskopi - INFO - Raspberry Pi verisi işlendi: SENSOR_5 = 1168.000V
2025-11-16 15:25:47 - spektroskopi - INFO - Raspberry Pi'dan veri alındı: 6e400004-b5a3-f393-e0a9-e50e24dcca9e (Handle: 11): Unknown, uzunluk: 2
2025-11-16 15:25:47 - spektroskopi - INFO - Raspberry Pi verisi: Ham=867, Voltaj=867.000V
2025-11-16 15:25:47 - spektroskopi - INFO - Raspberry Pi verisi işlendi: SENSOR_7 = 867.000V
2025-11-16 15:25:47 - spektroskopi - INFO - Raspberry Pi'dan veri alındı: 6e400002-b5a3-f393-e0a9-e50e24dcca9e (Handle: 19): Nordic UART RX, uzunluk: 2
2025-11-16 15:25:47 - spektroskopi - INFO - Raspberry Pi verisi: Ham=3258, Voltaj=3258.000V
2025-11-16 15:25:47 - spektroskopi - INFO - Raspberry Pi verisi işlendi: SENSOR_2 = 3258.000V
2025-11-16 15:25:47 - spektroskopi - INFO - Raspberry Pi'dan veri alındı: 6e400005-b5a3-f393-e0a9-e50e24dcca9e (Handle: 16): Unknown, uzunluk: 2
2025-11-16 15:25:47 - spektroskopi - INFO - Raspberry Pi verisi: Ham=3258, Voltaj=3258.000V
2025-11-16 15:25:47 - spektroskopi - INFO - Raspberry Pi verisi işlendi: SENSOR_EXTRA = 3258.000V
2025-11-16 15:25:47 - spektroskopi - INFO - Raspberry Pi'dan veri alındı: 6e400003-b5a3-f393-e0a9-e50e24dcca9e (Handle: 8): Nordic UART TX, uzunluk: 2
2025-11-16 15:25:47 - spektroskopi - INFO - Raspberry Pi verisi: Ham=1182, Voltaj=1182.000V
2025-11-16 15:25:47 - spektroskopi - INFO - Raspberry Pi verisi işlendi: SENSOR_5 = 1182.000V
2025-11-16 15:25:47 - spektroskopi - INFO - Raspberry Pi'dan veri alındı: 6e400004-b5a3-f393-e0a9-e50e24dcca9e (Handle: 11): Unknown, uzunluk: 2
2025-11-16 15:25:47 - spektroskopi - INFO - Raspberry Pi verisi: Ham=876, Voltaj=876.000V
2025-11-16 15:25:47 - spektroskopi - INFO - Raspberry Pi verisi işlendi: SENSOR_7 = 876.000V
2025-11-16 15:25:47 - spektroskopi - INFO - Raspberry Pi'dan veri alındı: 6e400002-b5a3-f393-e0a9-e50e24dcca9e (Handle: 19): Nordic UART RX, uzunluk: 2
2025-11-16 15:25:47 - spektroskopi - INFO - Raspberry Pi verisi: Ham=3258, Voltaj=3258.000V
2025-11-16 15:25:47 - spektroskopi - INFO - Raspberry Pi verisi işlendi: SENSOR_2 = 3258.000V
2025-11-16 15:25:47 - spektroskopi - WARNING - Zaman sıralama düzeltildi: 2025-11-16 15:25:47.892972
2025-11-16 15:25:47 - spektroskopi - WARNING - Zaman sıralama düzeltildi: 2025-11-16 15:25:47.893972
2025-11-16 15:25:47 - spektroskopi - WARNING - Zaman sıralama düzeltildi: 2025-11-16 15:25:47.894972
2025-11-16 15:25:47 - spektroskopi - WARNING - Zaman sıralama düzeltildi: 2025-11-16 15:25:47.895972
2025-11-16 15:25:47 - spektroskopi - WARNING - Zaman sıralama düzeltildi: 2025-11-16 15:25:47.896972
2025-11-16 15:25:47 - spektroskopi - WARNING - Zaman sıralama düzeltildi: 2025-11-16 15:25:47.897972
2025-11-16 15:25:47 - spektroskopi - WARNING - Zaman sıralama düzeltildi: 2025-11-16 15:25:47.898972
2025-11-16 15:25:47 - spektroskopi - WARNING - Zaman sıralama düzeltildi: 2025-11-16 15:25:47.899972
2025-11-16 15:25:47 - spektroskopi - WARNING - Zaman sıralama düzeltildi: 2025-11-16 15:25:47.900972
2025-11-16 15:25:47 - spektroskopi - WARNING - Zaman sıralama düzeltildi: 2025-11-16 15:25:47.901972
2025-11-16 15:25:47 - spektroskopi - WARNING - Zaman sıralama düzeltildi: 2025-11-16 15:25:47.902972
2025-11-16 15:25:47 - spektroskopi - WARNING - Zaman sıralama düzeltildi: 2025-11-16 15:25:47.903972
2025-11-16 15:25:47 - spektroskopi - WARNING - Zaman sıralama düzeltildi: 2025-11-16 15:25:47.904972
2025-11-16 15:25:47 - spektroskopi - INFO - Raspberry Pi'dan veri alındı: 6e400005-b5a3-f393-e0a9-e50e24dcca9e (Handle: 16): Unknown, uzunluk: 2
2025-11-16 15:25:47 - spektroskopi - INFO - Raspberry Pi verisi: Ham=3258, Voltaj=3258.000V
2025-11-16 15:25:47 - spektroskopi - INFO - Raspberry Pi verisi işlendi: SENSOR_EXTRA = 3258.000V
2025-11-16 15:25:48 - spektroskopi - INFO - Raspberry Pi'dan veri alındı: 6e400003-b5a3-f393-e0a9-e50e24dcca9e (Handle: 8): Nordic UART TX, uzunluk: 2
2025-11-16 15:25:48 - spektroskopi - INFO - Raspberry Pi verisi: Ham=1186, Voltaj=1186.000V
2025-11-16 15:25:48 - spektroskopi - INFO - Raspberry Pi verisi işlendi: SENSOR_5 = 1186.000V
2025-11-16 15:25:48 - spektroskopi - INFO - Raspberry Pi'dan veri alındı: 6e400004-b5a3-f393-e0a9-e50e24dcca9e (Handle: 11): Unknown, uzunluk: 2
2025-11-16 15:25:48 - spektroskopi - INFO - Raspberry Pi verisi: Ham=899, Voltaj=899.000V
2025-11-16 15:25:48 - spektroskopi - INFO - Raspberry Pi verisi işlendi: SENSOR_7 = 899.000V
2025-11-16 15:25:48 - spektroskopi - INFO - Raspberry Pi'dan veri alındı: 6e400002-b5a3-f393-e0a9-e50e24dcca9e (Handle: 19): Nordic UART RX, uzunluk: 2
2025-11-16 15:25:48 - spektroskopi - INFO - Raspberry Pi verisi: Ham=3258, Voltaj=3258.000V
2025-11-16 15:25:48 - spektroskopi - INFO - Raspberry Pi verisi işlendi: SENSOR_2 = 3258.000V
2025-11-16 15:25:48 - spektroskopi - INFO - Raspberry Pi'dan veri alındı: 6e400005-b5a3-f393-e0a9-e50e24dcca9e (Handle: 16): Unknown, uzunluk: 2
2025-11-16 15:25:48 - spektroskopi - INFO - Raspberry Pi verisi: Ham=3258, Voltaj=3258.000V
2025-11-16 15:25:48 - spektroskopi - INFO - Raspberry Pi verisi işlendi: SENSOR_EXTRA = 3258.000V
2025-11-16 15:25:48 - spektroskopi - INFO - Raspberry Pi'dan veri alındı: 6e400003-b5a3-f393-e0a9-e50e24dcca9e (Handle: 8): Nordic UART TX, uzunluk: 2
2025-11-16 15:25:48 - spektroskopi - INFO - Raspberry Pi verisi: Ham=1303, Voltaj=1303.000V
2025-11-16 15:25:48 - spektroskopi - INFO - Raspberry Pi verisi işlendi: SENSOR_5 = 1303.000V
2025-11-16 15:25:48 - spektroskopi - INFO - Raspberry Pi'dan veri alındı: 6e400004-b5a3-f393-e0a9-e50e24dcca9e (Handle: 11): Unknown, uzunluk: 2
2025-11-16 15:25:48 - spektroskopi - INFO - Raspberry Pi verisi: Ham=987, Voltaj=987.000V
2025-11-16 15:25:48 - spektroskopi - INFO - Raspberry Pi verisi işlendi: SENSOR_7 = 987.000V
2025-11-16 15:25:48 - spektroskopi - INFO - Raspberry Pi'dan veri alındı: 6e400002-b5a3-f393-e0a9-e50e24dcca9e (Handle: 19): Nordic UART RX, uzunluk: 2
2025-11-16 15:25:48 - spektroskopi - INFO - Raspberry Pi verisi: Ham=3258, Voltaj=3258.000V
2025-11-16 15:25:48 - spektroskopi - INFO - Raspberry Pi verisi işlendi: SENSOR_2 = 3258.000V
2025-11-16 15:25:48 - spektroskopi - INFO - Raspberry Pi'dan veri alındı: 6e400005-b5a3-f393-e0a9-e50e24dcca9e (Handle: 16): Unknown, uzunluk: 2
2025-11-16 15:25:48 - spektroskopi - INFO - Raspberry Pi verisi: Ham=3258, Voltaj=3258.000V
2025-11-16 15:25:48 - spektroskopi - INFO - Raspberry Pi verisi işlendi: SENSOR_EXTRA = 3258.000V
2025-11-16 15:25:48 - spektroskopi - INFO - Raspberry Pi'dan veri alındı: 6e400003-b5a3-f393-e0a9-e50e24dcca9e (Handle: 8): Nordic UART TX, uzunluk: 2
2025-11-16 15:25:48 - spektroskopi - INFO - Raspberry Pi verisi: Ham=1397, Voltaj=1397.000V
2025-11-16 15:25:48 - spektroskopi - INFO - Raspberry Pi verisi işlendi: SENSOR_5 = 1397.000V
2025-11-16 15:25:48 - spektroskopi - INFO - Raspberry Pi'dan veri alındı: 6e400004-b5a3-f393-e0a9-e50e24dcca9e (Handle: 11): Unknown, uzunluk: 2
2025-11-16 15:25:48 - spektroskopi - INFO - Raspberry Pi verisi: Ham=1127, Voltaj=1127.000V
2025-11-16 15:25:48 - spektroskopi - INFO - Raspberry Pi verisi işlendi: SENSOR_7 = 1127.000V
2025-11-16 15:25:48 - spektroskopi - WARNING - Zaman sıralama düzeltildi: 2025-11-16 15:25:48.763419
2025-11-16 15:25:48 - spektroskopi - WARNING - Zaman sıralama düzeltildi: 2025-11-16 15:25:48.764419
2025-11-16 15:25:48 - spektroskopi - WARNING - Zaman sıralama düzeltildi: 2025-11-16 15:25:48.765419
2025-11-16 15:25:48 - spektroskopi - WARNING - Zaman sıralama düzeltildi: 2025-11-16 15:25:48.766419
2025-11-16 15:25:48 - spektroskopi - WARNING - Zaman sıralama düzeltildi: 2025-11-16 15:25:48.767419
2025-11-16 15:25:48 - spektroskopi - WARNING - Zaman sıralama düzeltildi: 2025-11-16 15:25:48.768419
2025-11-16 15:25:48 - spektroskopi - WARNING - Zaman sıralama düzeltildi: 2025-11-16 15:25:48.769419
2025-11-16 15:25:48 - spektroskopi - WARNING - Zaman sıralama düzeltildi: 2025-11-16 15:25:48.770419
2025-11-16 15:25:48 - spektroskopi - WARNING - Zaman sıralama düzeltildi: 2025-11-16 15:25:48.771419
2025-11-16 15:25:48 - spektroskopi - WARNING - Zaman sıralama düzeltildi: 2025-11-16 15:25:48.772419
2025-11-16 15:25:48 - spektroskopi - WARNING - Zaman sıralama düzeltildi: 2025-11-16 15:25:48.773419
2025-11-16 15:25:48 - spektroskopi - INFO - Raspberry Pi'dan veri alındı: 6e400002-b5a3-f393-e0a9-e50e24dcca9e (Handle: 19): Nordic UART RX, uzunluk: 2
2025-11-16 15:25:48 - spektroskopi - INFO - Raspberry Pi verisi: Ham=3258, Voltaj=3258.000V
2025-11-16 15:25:48 - spektroskopi - INFO - Raspberry Pi verisi işlendi: SENSOR_2 = 3258.000V
2025-11-16 15:25:48 - spektroskopi - INFO - Raspberry Pi'dan veri alındı: 6e400005-b5a3-f393-e0a9-e50e24dcca9e (Handle: 16): Unknown, uzunluk: 2
2025-11-16 15:25:48 - spektroskopi - INFO - Raspberry Pi verisi: Ham=3258, Voltaj=3258.000V
2025-11-16 15:25:48 - spektroskopi - INFO - Raspberry Pi verisi işlendi: SENSOR_EXTRA = 3258.000V
2025-11-16 15:25:49 - spektroskopi - INFO - Raspberry Pi'dan veri alındı: 6e400003-b5a3-f393-e0a9-e50e24dcca9e (Handle: 8): Nordic UART TX, uzunluk: 2
2025-11-16 15:25:49 - spektroskopi - INFO - Raspberry Pi verisi: Ham=1705, Voltaj=1705.000V
2025-11-16 15:25:49 - spektroskopi - INFO - Raspberry Pi verisi işlendi: SENSOR_5 = 1705.000V
2025-11-16 15:25:49 - spektroskopi - INFO - Raspberry Pi'dan veri alındı: 6e400004-b5a3-f393-e0a9-e50e24dcca9e (Handle: 11): Unknown, uzunluk: 2
2025-11-16 15:25:49 - spektroskopi - INFO - Raspberry Pi verisi: Ham=1385, Voltaj=1385.000V
2025-11-16 15:25:49 - spektroskopi - INFO - Raspberry Pi verisi işlendi: SENSOR_7 = 1385.000V
2025-11-16 15:25:49 - spektroskopi - INFO - Raspberry Pi'dan veri alındı: 6e400002-b5a3-f393-e0a9-e50e24dcca9e (Handle: 19): Nordic UART RX, uzunluk: 2
2025-11-16 15:25:49 - spektroskopi - INFO - Raspberry Pi verisi: Ham=3257, Voltaj=3257.000V
2025-11-16 15:25:49 - spektroskopi - INFO - Raspberry Pi verisi işlendi: SENSOR_2 = 3257.000V
2025-11-16 15:25:49 - spektroskopi - INFO - Raspberry Pi'dan veri alındı: 6e400005-b5a3-f393-e0a9-e50e24dcca9e (Handle: 16): Unknown, uzunluk: 2
2025-11-16 15:25:49 - spektroskopi - INFO - Raspberry Pi verisi: Ham=3258, Voltaj=3258.000V
2025-11-16 15:25:49 - spektroskopi - INFO - Raspberry Pi verisi işlendi: SENSOR_EXTRA = 3258.000V
2025-11-16 15:25:49 - spektroskopi - INFO - Raspberry Pi'dan veri alındı: 6e400003-b5a3-f393-e0a9-e50e24dcca9e (Handle: 8): Nordic UART TX, uzunluk: 2
2025-11-16 15:25:49 - spektroskopi - INFO - Raspberry Pi verisi: Ham=1664, Voltaj=1664.000V
2025-11-16 15:25:49 - spektroskopi - INFO - Raspberry Pi verisi işlendi: SENSOR_5 = 1664.000V
2025-11-16 15:25:49 - spektroskopi - INFO - Raspberry Pi'dan veri alındı: 6e400004-b5a3-f393-e0a9-e50e24dcca9e (Handle: 11): Unknown, uzunluk: 2
2025-11-16 15:25:49 - spektroskopi - INFO - Raspberry Pi verisi: Ham=1306, Voltaj=1306.000V
2025-11-16 15:25:49 - spektroskopi - INFO - Raspberry Pi verisi işlendi: SENSOR_7 = 1306.000V
2025-11-16 15:25:49 - spektroskopi - INFO - Raspberry Pi'dan veri alındı: 6e400002-b5a3-f393-e0a9-e50e24dcca9e (Handle: 19): Nordic UART RX, uzunluk: 2
2025-11-16 15:25:49 - spektroskopi - INFO - Raspberry Pi verisi: Ham=213, Voltaj=213.000V
2025-11-16 15:25:49 - spektroskopi - INFO - Raspberry Pi verisi işlendi: SENSOR_2 = 213.000V
2025-11-16 15:25:49 - spektroskopi - INFO - Raspberry Pi'dan veri alındı: 6e400005-b5a3-f393-e0a9-e50e24dcca9e (Handle: 16): Unknown, uzunluk: 2
2025-11-16 15:25:49 - spektroskopi - INFO - Raspberry Pi verisi: Ham=17, Voltaj=17.000V
2025-11-16 15:25:49 - spektroskopi - INFO - Raspberry Pi verisi işlendi: SENSOR_EXTRA = 17.000V
2025-11-16 15:25:49 - spektroskopi - INFO - Raspberry Pi'dan veri alındı: 6e400003-b5a3-f393-e0a9-e50e24dcca9e (Handle: 8): Nordic UART TX, uzunluk: 2
2025-11-16 15:25:49 - spektroskopi - INFO - Raspberry Pi verisi: Ham=3283, Voltaj=3283.000V
2025-11-16 15:25:49 - spektroskopi - INFO - Raspberry Pi verisi işlendi: SENSOR_5 = 3283.000V
2025-11-16 15:25:49 - spektroskopi - INFO - Raspberry Pi'dan veri alındı: 6e400004-b5a3-f393-e0a9-e50e24dcca9e (Handle: 11): Unknown, uzunluk: 2
2025-11-16 15:25:49 - spektroskopi - INFO - Raspberry Pi verisi: Ham=3283, Voltaj=3283.000V
2025-11-16 15:25:49 - spektroskopi - INFO - Raspberry Pi verisi işlendi: SENSOR_7 = 3283.000V
2025-11-16 15:25:49 - spektroskopi - INFO - Raspberry Pi'dan veri alındı: 6e400002-b5a3-f393-e0a9-e50e24dcca9e (Handle: 19): Nordic UART RX, uzunluk: 2
2025-11-16 15:25:49 - spektroskopi - INFO - Raspberry Pi verisi: Ham=17, Voltaj=17.000V
2025-11-16 15:25:49 - spektroskopi - INFO - Raspberry Pi verisi işlendi: SENSOR_2 = 17.000V
2025-11-16 15:25:49 - spektroskopi - WARNING - Zaman sıralama düzeltildi: 2025-11-16 15:25:49.903363
2025-11-16 15:25:49 - spektroskopi - WARNING - Zaman sıralama düzeltildi: 2025-11-16 15:25:49.904363
2025-11-16 15:25:49 - spektroskopi - WARNING - Zaman sıralama düzeltildi: 2025-11-16 15:25:49.905363
2025-11-16 15:25:49 - spektroskopi - WARNING - Zaman sıralama düzeltildi: 2025-11-16 15:25:49.906363
2025-11-16 15:25:49 - spektroskopi - WARNING - Zaman sıralama düzeltildi: 2025-11-16 15:25:49.907363
2025-11-16 15:25:49 - spektroskopi - WARNING - Zaman sıralama düzeltildi: 2025-11-16 15:25:49.908363
2025-11-16 15:25:49 - spektroskopi - WARNING - Zaman sıralama düzeltildi: 2025-11-16 15:25:49.909363
2025-11-16 15:25:49 - spektroskopi - WARNING - Zaman sıralama düzeltildi: 2025-11-16 15:25:49.910363
2025-11-16 15:25:49 - spektroskopi - WARNING - Zaman sıralama düzeltildi: 2025-11-16 15:25:49.911363
2025-11-16 15:25:49 - spektroskopi - WARNING - Zaman sıralama düzeltildi: 2025-11-16 15:25:49.912363
2025-11-16 15:25:49 - spektroskopi - WARNING - Zaman sıralama düzeltildi: 2025-11-16 15:25:49.913363
2025-11-16 15:25:49 - spektroskopi - WARNING - Zaman sıralama düzeltildi: 2025-11-16 15:25:49.914363
2025-11-16 15:25:49 - spektroskopi - WARNING - Zaman sıralama düzeltildi: 2025-11-16 15:25:49.915363
2025-11-16 15:25:49 - spektroskopi - INFO - Raspberry Pi'dan veri alındı: 6e400005-b5a3-f393-e0a9-e50e24dcca9e (Handle: 16): Unknown, uzunluk: 2
2025-11-16 15:25:49 - spektroskopi - INFO - Raspberry Pi verisi: Ham=17, Voltaj=17.000V
2025-11-16 15:25:49 - spektroskopi - INFO - Raspberry Pi verisi işlendi: SENSOR_EXTRA = 17.000V
2025-11-16 15:25:50 - spektroskopi - INFO - Raspberry Pi'dan veri alındı: 6e400003-b5a3-f393-e0a9-e50e24dcca9e (Handle: 8): Nordic UART TX, uzunluk: 2
2025-11-16 15:25:50 - spektroskopi - INFO - Raspberry Pi verisi: Ham=3283, Voltaj=3283.000V
2025-11-16 15:25:50 - spektroskopi - INFO - Raspberry Pi verisi işlendi: SENSOR_5 = 3283.000V
2025-11-16 15:25:50 - spektroskopi - INFO - Raspberry Pi'dan veri alındı: 6e400004-b5a3-f393-e0a9-e50e24dcca9e (Handle: 11): Unknown, uzunluk: 2
2025-11-16 15:25:50 - spektroskopi - INFO - Raspberry Pi verisi: Ham=3283, Voltaj=3283.000V
2025-11-16 15:25:50 - spektroskopi - INFO - Raspberry Pi verisi işlendi: SENSOR_7 = 3283.000V
2025-11-16 15:25:50 - spektroskopi - INFO - Raspberry Pi'dan veri alındı: 6e400002-b5a3-f393-e0a9-e50e24dcca9e (Handle: 19): Nordic UART RX, uzunluk: 2
2025-11-16 15:25:50 - spektroskopi - INFO - Raspberry Pi verisi: Ham=17, Voltaj=17.000V
2025-11-16 15:25:50 - spektroskopi - INFO - Raspberry Pi verisi işlendi: SENSOR_2 = 17.000V
2025-11-16 15:25:50 - spektroskopi - INFO - Raspberry Pi'dan veri alındı: 6e400005-b5a3-f393-e0a9-e50e24dcca9e (Handle: 16): Unknown, uzunluk: 2
2025-11-16 15:25:50 - spektroskopi - INFO - Raspberry Pi verisi: Ham=17, Voltaj=17.000V
2025-11-16 15:25:50 - spektroskopi - INFO - Raspberry Pi verisi işlendi: SENSOR_EXTRA = 17.000V
2025-11-16 15:25:50 - spektroskopi - INFO - Raspberry Pi'dan veri alındı: 6e400003-b5a3-f393-e0a9-e50e24dcca9e (Handle: 8): Nordic UART TX, uzunluk: 2
2025-11-16 15:25:50 - spektroskopi - INFO - Raspberry Pi verisi: Ham=3283, Voltaj=3283.000V
2025-11-16 15:25:50 - spektroskopi - INFO - Raspberry Pi verisi işlendi: SENSOR_5 = 3283.000V
2025-11-16 15:25:50 - spektroskopi - INFO - Raspberry Pi'dan veri alındı: 6e400004-b5a3-f393-e0a9-e50e24dcca9e (Handle: 11): Unknown, uzunluk: 2
2025-11-16 15:25:50 - spektroskopi - INFO - Raspberry Pi verisi: Ham=3283, Voltaj=3283.000V
2025-11-16 15:25:50 - spektroskopi - INFO - Raspberry Pi verisi işlendi: SENSOR_7 = 3283.000V
2025-11-16 15:25:50 - spektroskopi - INFO - Raspberry Pi'dan veri alındı: 6e400002-b5a3-f393-e0a9-e50e24dcca9e (Handle: 19): Nordic UART RX, uzunluk: 2
2025-11-16 15:25:50 - spektroskopi - INFO - Raspberry Pi verisi: Ham=17, Voltaj=17.000V
2025-11-16 15:25:50 - spektroskopi - INFO - Raspberry Pi verisi işlendi: SENSOR_2 = 17.000V
2025-11-16 15:25:50 - spektroskopi - INFO - Raspberry Pi'dan veri alındı: 6e400005-b5a3-f393-e0a9-e50e24dcca9e (Handle: 16): Unknown, uzunluk: 2
2025-11-16 15:25:50 - spektroskopi - INFO - Raspberry Pi verisi: Ham=17, Voltaj=17.000V
2025-11-16 15:25:50 - spektroskopi - INFO - Raspberry Pi verisi işlendi: SENSOR_EXTRA = 17.000V
2025-11-16 15:25:50 - spektroskopi - INFO - Raspberry Pi'dan veri alındı: 6e400003-b5a3-f393-e0a9-e50e24dcca9e (Handle: 8): Nordic UART TX, uzunluk: 2
2025-11-16 15:25:50 - spektroskopi - INFO - Raspberry Pi verisi: Ham=3283, Voltaj=3283.000V
2025-11-16 15:25:50 - spektroskopi - INFO - Raspberry Pi verisi işlendi: SENSOR_5 = 3283.000V
2025-11-16 15:25:50 - spektroskopi - INFO - Raspberry Pi'dan veri alındı: 6e400004-b5a3-f393-e0a9-e50e24dcca9e (Handle: 11): Unknown, uzunluk: 2
2025-11-16 15:25:50 - spektroskopi - INFO - Raspberry Pi verisi: Ham=3283, Voltaj=3283.000V
2025-11-16 15:25:50 - spektroskopi - INFO - Raspberry Pi verisi işlendi: SENSOR_7 = 3283.000V
2025-11-16 15:25:50 - spektroskopi - WARNING - Zaman sıralama düzeltildi: 2025-11-16 15:25:50.773362
2025-11-16 15:25:50 - spektroskopi - WARNING - Zaman sıralama düzeltildi: 2025-11-16 15:25:50.774362
2025-11-16 15:25:50 - spektroskopi - WARNING - Zaman sıralama düzeltildi: 2025-11-16 15:25:50.775362
2025-11-16 15:25:50 - spektroskopi - WARNING - Zaman sıralama düzeltildi: 2025-11-16 15:25:50.776362
2025-11-16 15:25:50 - spektroskopi - WARNING - Zaman sıralama düzeltildi: 2025-11-16 15:25:50.777362
2025-11-16 15:25:50 - spektroskopi - WARNING - Zaman sıralama düzeltildi: 2025-11-16 15:25:50.778362
2025-11-16 15:25:50 - spektroskopi - WARNING - Zaman sıralama düzeltildi: 2025-11-16 15:25:50.779362
2025-11-16 15:25:50 - spektroskopi - WARNING - Zaman sıralama düzeltildi: 2025-11-16 15:25:50.780362
2025-11-16 15:25:50 - spektroskopi - WARNING - Zaman sıralama düzeltildi: 2025-11-16 15:25:50.781362
2025-11-16 15:25:50 - spektroskopi - WARNING - Zaman sıralama düzeltildi: 2025-11-16 15:25:50.782362
2025-11-16 15:25:50 - spektroskopi - WARNING - Zaman sıralama düzeltildi: 2025-11-16 15:25:50.783362
2025-11-16 15:25:50 - spektroskopi - INFO - Raspberry Pi'dan veri alındı: 6e400002-b5a3-f393-e0a9-e50e24dcca9e (Handle: 19): Nordic UART RX, uzunluk: 2
2025-11-16 15:25:50 - spektroskopi - INFO - Raspberry Pi verisi: Ham=17, Voltaj=17.000V
2025-11-16 15:25:50 - spektroskopi - INFO - Raspberry Pi verisi işlendi: SENSOR_2 = 17.000V
2025-11-16 15:25:50 - spektroskopi - INFO - Raspberry Pi'dan veri alındı: 6e400005-b5a3-f393-e0a9-e50e24dcca9e (Handle: 16): Unknown, uzunluk: 2
2025-11-16 15:25:50 - spektroskopi - INFO - Raspberry Pi verisi: Ham=17, Voltaj=17.000V
2025-11-16 15:25:50 - spektroskopi - INFO - Raspberry Pi verisi işlendi: SENSOR_EXTRA = 17.000V
2025-11-16 15:25:51 - spektroskopi - INFO - Raspberry Pi'dan veri alındı: 6e400003-b5a3-f393-e0a9-e50e24dcca9e (Handle: 8): Nordic UART TX, uzunluk: 2
2025-11-16 15:25:51 - spektroskopi - INFO - Raspberry Pi verisi: Ham=3283, Voltaj=3283.000V
2025-11-16 15:25:51 - spektroskopi - INFO - Raspberry Pi verisi işlendi: SENSOR_5 = 3283.000V
2025-11-16 15:25:51 - spektroskopi - INFO - Raspberry Pi'dan veri alındı: 6e400004-b5a3-f393-e0a9-e50e24dcca9e (Handle: 11): Unknown, uzunluk: 2
2025-11-16 15:25:51 - spektroskopi - INFO - Raspberry Pi verisi: Ham=3283, Voltaj=3283.000V
2025-11-16 15:25:51 - spektroskopi - INFO - Raspberry Pi verisi işlendi: SENSOR_7 = 3283.000V
2025-11-16 15:25:51 - spektroskopi - INFO - Raspberry Pi'dan veri alındı: 6e400002-b5a3-f393-e0a9-e50e24dcca9e (Handle: 19): Nordic UART RX, uzunluk: 2
2025-11-16 15:25:51 - spektroskopi - INFO - Raspberry Pi verisi: Ham=17, Voltaj=17.000V
2025-11-16 15:25:51 - spektroskopi - INFO - Raspberry Pi verisi işlendi: SENSOR_2 = 17.000V
2025-11-16 15:25:51 - spektroskopi - INFO - Raspberry Pi'dan veri alındı: 6e400005-b5a3-f393-e0a9-e50e24dcca9e (Handle: 16): Unknown, uzunluk: 2
2025-11-16 15:25:51 - spektroskopi - INFO - Raspberry Pi verisi: Ham=17, Voltaj=17.000V
2025-11-16 15:25:51 - spektroskopi - INFO - Raspberry Pi verisi işlendi: SENSOR_EXTRA = 17.000V
2025-11-16 15:25:51 - spektroskopi - INFO - Raspberry Pi'dan veri alındı: 6e400003-b5a3-f393-e0a9-e50e24dcca9e (Handle: 8): Nordic UART TX, uzunluk: 2
2025-11-16 15:25:51 - spektroskopi - INFO - Raspberry Pi verisi: Ham=3283, Voltaj=3283.000V
2025-11-16 15:25:51 - spektroskopi - INFO - Raspberry Pi verisi işlendi: SENSOR_5 = 3283.000V
2025-11-16 15:25:51 - spektroskopi - INFO - Raspberry Pi'dan veri alındı: 6e400004-b5a3-f393-e0a9-e50e24dcca9e (Handle: 11): Unknown, uzunluk: 2
2025-11-16 15:25:51 - spektroskopi - INFO - Raspberry Pi verisi: Ham=3283, Voltaj=3283.000V
2025-11-16 15:25:51 - spektroskopi - INFO - Raspberry Pi verisi işlendi: SENSOR_7 = 3283.000V
2025-11-16 15:25:51 - spektroskopi - INFO - Raspberry Pi'dan veri alındı: 6e400002-b5a3-f393-e0a9-e50e24dcca9e (Handle: 19): Nordic UART RX, uzunluk: 2
2025-11-16 15:25:51 - spektroskopi - INFO - Raspberry Pi verisi: Ham=17, Voltaj=17.000V
2025-11-16 15:25:51 - spektroskopi - INFO - Raspberry Pi verisi işlendi: SENSOR_2 = 17.000V
2025-11-16 15:25:51 - spektroskopi - INFO - Raspberry Pi'dan veri alındı: 6e400005-b5a3-f393-e0a9-e50e24dcca9e (Handle: 16): Unknown, uzunluk: 2
2025-11-16 15:25:51 - spektroskopi - INFO - Raspberry Pi verisi: Ham=17, Voltaj=17.000V
2025-11-16 15:25:51 - spektroskopi - INFO - Raspberry Pi verisi işlendi: SENSOR_EXTRA = 17.000V
2025-11-16 15:25:51 - spektroskopi - INFO - Raspberry Pi'dan veri alındı: 6e400003-b5a3-f393-e0a9-e50e24dcca9e (Handle: 8): Nordic UART TX, uzunluk: 2
2025-11-16 15:25:51 - spektroskopi - INFO - Raspberry Pi verisi: Ham=3283, Voltaj=3283.000V
2025-11-16 15:25:51 - spektroskopi - INFO - Raspberry Pi verisi işlendi: SENSOR_5 = 3283.000V
2025-11-16 15:25:51 - spektroskopi - INFO - Raspberry Pi'dan veri alındı: 6e400004-b5a3-f393-e0a9-e50e24dcca9e (Handle: 11): Unknown, uzunluk: 2
2025-11-16 15:25:51 - spektroskopi - INFO - Raspberry Pi verisi: Ham=3283, Voltaj=3283.000V
2025-11-16 15:25:51 - spektroskopi - INFO - Raspberry Pi verisi işlendi: SENSOR_7 = 3283.000V
2025-11-16 15:25:51 - spektroskopi - WARNING - Zaman sıralama düzeltildi: 2025-11-16 15:25:51.763450
2025-11-16 15:25:51 - spektroskopi - WARNING - Zaman sıralama düzeltildi: 2025-11-16 15:25:51.764450
2025-11-16 15:25:51 - spektroskopi - WARNING - Zaman sıralama düzeltildi: 2025-11-16 15:25:51.765450
2025-11-16 15:25:51 - spektroskopi - WARNING - Zaman sıralama düzeltildi: 2025-11-16 15:25:51.766450
2025-11-16 15:25:51 - spektroskopi - WARNING - Zaman sıralama düzeltildi: 2025-11-16 15:25:51.767450
2025-11-16 15:25:51 - spektroskopi - WARNING - Zaman sıralama düzeltildi: 2025-11-16 15:25:51.768450
2025-11-16 15:25:51 - spektroskopi - WARNING - Zaman sıralama düzeltildi: 2025-11-16 15:25:51.769450
2025-11-16 15:25:51 - spektroskopi - WARNING - Zaman sıralama düzeltildi: 2025-11-16 15:25:51.770450
2025-11-16 15:25:51 - spektroskopi - WARNING - Zaman sıralama düzeltildi: 2025-11-16 15:25:51.771450
2025-11-16 15:25:51 - spektroskopi - WARNING - Zaman sıralama düzeltildi: 2025-11-16 15:25:51.772450
2025-11-16 15:25:51 - spektroskopi - WARNING - Zaman sıralama düzeltildi: 2025-11-16 15:25:51.773450
2025-11-16 15:25:51 - spektroskopi - WARNING - Zaman sıralama düzeltildi: 2025-11-16 15:25:51.774450
2025-11-16 15:25:51 - spektroskopi - INFO - Raspberry Pi'dan veri alındı: 6e400002-b5a3-f393-e0a9-e50e24dcca9e (Handle: 19): Nordic UART RX, uzunluk: 2
2025-11-16 15:25:51 - spektroskopi - INFO - Raspberry Pi verisi: Ham=17, Voltaj=17.000V
2025-11-16 15:25:51 - spektroskopi - INFO - Raspberry Pi verisi işlendi: SENSOR_2 = 17.000V
2025-11-16 15:25:51 - spektroskopi - INFO - Raspberry Pi'dan veri alındı: 6e400005-b5a3-f393-e0a9-e50e24dcca9e (Handle: 16): Unknown, uzunluk: 2
2025-11-16 15:25:51 - spektroskopi - INFO - Raspberry Pi verisi: Ham=17, Voltaj=17.000V
2025-11-16 15:25:51 - spektroskopi - INFO - Raspberry Pi verisi işlendi: SENSOR_EXTRA = 17.000V
2025-11-16 15:25:52 - spektroskopi - INFO - Raspberry Pi'dan veri alındı: 6e400003-b5a3-f393-e0a9-e50e24dcca9e (Handle: 8): Nordic UART TX, uzunluk: 2
2025-11-16 15:25:52 - spektroskopi - INFO - Raspberry Pi verisi: Ham=3283, Voltaj=3283.000V
2025-11-16 15:25:52 - spektroskopi - INFO - Raspberry Pi verisi işlendi: SENSOR_5 = 3283.000V
2025-11-16 15:25:52 - spektroskopi - INFO - Raspberry Pi'dan veri alındı: 6e400004-b5a3-f393-e0a9-e50e24dcca9e (Handle: 11): Unknown, uzunluk: 2
2025-11-16 15:25:52 - spektroskopi - INFO - Raspberry Pi verisi: Ham=3283, Voltaj=3283.000V
2025-11-16 15:25:52 - spektroskopi - INFO - Raspberry Pi verisi işlendi: SENSOR_7 = 3283.000V
2025-11-16 15:25:52 - spektroskopi - INFO - Raspberry Pi'dan veri alındı: 6e400002-b5a3-f393-e0a9-e50e24dcca9e (Handle: 19): Nordic UART RX, uzunluk: 2
2025-11-16 15:25:52 - spektroskopi - INFO - Raspberry Pi verisi: Ham=17, Voltaj=17.000V
2025-11-16 15:25:52 - spektroskopi - INFO - Raspberry Pi verisi işlendi: SENSOR_2 = 17.000V
2025-11-16 15:25:52 - spektroskopi - INFO - Raspberry Pi'dan veri alındı: 6e400005-b5a3-f393-e0a9-e50e24dcca9e (Handle: 16): Unknown, uzunluk: 2
2025-11-16 15:25:52 - spektroskopi - INFO - Raspberry Pi verisi: Ham=17, Voltaj=17.000V
2025-11-16 15:25:52 - spektroskopi - INFO - Raspberry Pi verisi işlendi: SENSOR_EXTRA = 17.000V
2025-11-16 15:25:52 - spektroskopi - INFO - Raspberry Pi'dan veri alındı: 6e400003-b5a3-f393-e0a9-e50e24dcca9e (Handle: 8): Nordic UART TX, uzunluk: 2
2025-11-16 15:25:52 - spektroskopi - INFO - Raspberry Pi verisi: Ham=3283, Voltaj=3283.000V
2025-11-16 15:25:52 - spektroskopi - INFO - Raspberry Pi verisi işlendi: SENSOR_5 = 3283.000V
2025-11-16 15:25:52 - spektroskopi - INFO - Raspberry Pi'dan veri alındı: 6e400004-b5a3-f393-e0a9-e50e24dcca9e (Handle: 11): Unknown, uzunluk: 2
2025-11-16 15:25:52 - spektroskopi - INFO - Raspberry Pi verisi: Ham=3283, Voltaj=3283.000V
2025-11-16 15:25:52 - spektroskopi - INFO - Raspberry Pi verisi işlendi: SENSOR_7 = 3283.000V
2025-11-16 15:25:52 - spektroskopi - INFO - Raspberry Pi'dan veri alındı: 6e400002-b5a3-f393-e0a9-e50e24dcca9e (Handle: 19): Nordic UART RX, uzunluk: 2
2025-11-16 15:25:52 - spektroskopi - INFO - Raspberry Pi verisi: Ham=17, Voltaj=17.000V
2025-11-16 15:25:52 - spektroskopi - INFO - Raspberry Pi verisi işlendi: SENSOR_2 = 17.000V
2025-11-16 15:25:52 - spektroskopi - INFO - Raspberry Pi'dan veri alındı: 6e400005-b5a3-f393-e0a9-e50e24dcca9e (Handle: 16): Unknown, uzunluk: 2
2025-11-16 15:25:52 - spektroskopi - INFO - Raspberry Pi verisi: Ham=17, Voltaj=17.000V
2025-11-16 15:25:52 - spektroskopi - INFO - Raspberry Pi verisi işlendi: SENSOR_EXTRA = 17.000V
2025-11-16 15:25:52 - spektroskopi - INFO - Raspberry Pi'dan veri alındı: 6e400003-b5a3-f393-e0a9-e50e24dcca9e (Handle: 8): Nordic UART TX, uzunluk: 2
2025-11-16 15:25:52 - spektroskopi - INFO - Raspberry Pi verisi: Ham=3283, Voltaj=3283.000V
2025-11-16 15:25:52 - spektroskopi - INFO - Raspberry Pi verisi işlendi: SENSOR_5 = 3283.000V
2025-11-16 15:25:52 - spektroskopi - INFO - Raspberry Pi'dan veri alındı: 6e400004-b5a3-f393-e0a9-e50e24dcca9e (Handle: 11): Unknown, uzunluk: 2
2025-11-16 15:25:52 - spektroskopi - INFO - Raspberry Pi verisi: Ham=3283, Voltaj=3283.000V
2025-11-16 15:25:52 - spektroskopi - INFO - Raspberry Pi verisi işlendi: SENSOR_7 = 3283.000V
2025-11-16 15:25:52 - spektroskopi - INFO - Raspberry Pi'dan veri alındı: 6e400002-b5a3-f393-e0a9-e50e24dcca9e (Handle: 19): Nordic UART RX, uzunluk: 2
2025-11-16 15:25:52 - spektroskopi - INFO - Raspberry Pi verisi: Ham=3257, Voltaj=3257.000V
2025-11-16 15:25:52 - spektroskopi - INFO - Raspberry Pi verisi işlendi: SENSOR_2 = 3257.000V
2025-11-16 15:25:52 - spektroskopi - WARNING - Zaman sıralama düzeltildi: 2025-11-16 15:25:52.903404
2025-11-16 15:25:52 - spektroskopi - WARNING - Zaman sıralama düzeltildi: 2025-11-16 15:25:52.904404
2025-11-16 15:25:52 - spektroskopi - WARNING - Zaman sıralama düzeltildi: 2025-11-16 15:25:52.905404
2025-11-16 15:25:52 - spektroskopi - WARNING - Zaman sıralama düzeltildi: 2025-11-16 15:25:52.906404
2025-11-16 15:25:52 - spektroskopi - WARNING - Zaman sıralama düzeltildi: 2025-11-16 15:25:52.907404
2025-11-16 15:25:52 - spektroskopi - WARNING - Zaman sıralama düzeltildi: 2025-11-16 15:25:52.908404
2025-11-16 15:25:52 - spektroskopi - WARNING - Zaman sıralama düzeltildi: 2025-11-16 15:25:52.909404
2025-11-16 15:25:52 - spektroskopi - WARNING - Zaman sıralama düzeltildi: 2025-11-16 15:25:52.910404
2025-11-16 15:25:52 - spektroskopi - WARNING - Zaman sıralama düzeltildi: 2025-11-16 15:25:52.911404
2025-11-16 15:25:52 - spektroskopi - WARNING - Zaman sıralama düzeltildi: 2025-11-16 15:25:52.912404
2025-11-16 15:25:52 - spektroskopi - WARNING - Zaman sıralama düzeltildi: 2025-11-16 15:25:52.913404
2025-11-16 15:25:52 - spektroskopi - WARNING - Zaman sıralama düzeltildi: 2025-11-16 15:25:52.914404
2025-11-16 15:25:52 - spektroskopi - WARNING - Zaman sıralama düzeltildi: 2025-11-16 15:25:52.915404
2025-11-16 15:25:52 - spektroskopi - INFO - Raspberry Pi'dan veri alındı: 6e400005-b5a3-f393-e0a9-e50e24dcca9e (Handle: 16): Unknown, uzunluk: 2
2025-11-16 15:25:52 - spektroskopi - INFO - Raspberry Pi verisi: Ham=3258, Voltaj=3258.000V
2025-11-16 15:25:52 - spektroskopi - INFO - Raspberry Pi verisi işlendi: SENSOR_EXTRA = 3258.000V
2025-11-16 15:25:53 - spektroskopi - INFO - Raspberry Pi'dan veri alındı: 6e400003-b5a3-f393-e0a9-e50e24dcca9e (Handle: 8): Nordic UART TX, uzunluk: 2
2025-11-16 15:25:53 - spektroskopi - INFO - Raspberry Pi verisi: Ham=1587, Voltaj=1587.000V
2025-11-16 15:25:53 - spektroskopi - INFO - Raspberry Pi verisi işlendi: SENSOR_5 = 1587.000V
2025-11-16 15:25:53 - spektroskopi - INFO - Raspberry Pi'dan veri alındı: 6e400004-b5a3-f393-e0a9-e50e24dcca9e (Handle: 11): Unknown, uzunluk: 2
2025-11-16 15:25:53 - spektroskopi - INFO - Raspberry Pi verisi: Ham=1403, Voltaj=1403.000V
2025-11-16 15:25:53 - spektroskopi - INFO - Raspberry Pi verisi işlendi: SENSOR_7 = 1403.000V
2025-11-16 15:25:53 - spektroskopi - INFO - Raspberry Pi'dan veri alındı: 6e400002-b5a3-f393-e0a9-e50e24dcca9e (Handle: 19): Nordic UART RX, uzunluk: 2
2025-11-16 15:25:53 - spektroskopi - INFO - Raspberry Pi verisi: Ham=3258, Voltaj=3258.000V
2025-11-16 15:25:53 - spektroskopi - INFO - Raspberry Pi verisi işlendi: SENSOR_2 = 3258.000V
2025-11-16 15:25:53 - spektroskopi - INFO - Raspberry Pi'dan veri alındı: 6e400005-b5a3-f393-e0a9-e50e24dcca9e (Handle: 16): Unknown, uzunluk: 2
2025-11-16 15:25:53 - spektroskopi - INFO - Raspberry Pi verisi: Ham=3258, Voltaj=3258.000V
2025-11-16 15:25:53 - spektroskopi - INFO - Raspberry Pi verisi işlendi: SENSOR_EXTRA = 3258.000V
2025-11-16 15:25:53 - spektroskopi - INFO - Raspberry Pi'dan veri alındı: 6e400003-b5a3-f393-e0a9-e50e24dcca9e (Handle: 8): Nordic UART TX, uzunluk: 2
2025-11-16 15:25:53 - spektroskopi - INFO - Raspberry Pi verisi: Ham=1601, Voltaj=1601.000V
2025-11-16 15:25:53 - spektroskopi - INFO - Raspberry Pi verisi işlendi: SENSOR_5 = 1601.000V
2025-11-16 15:25:53 - spektroskopi - INFO - Raspberry Pi'dan veri alındı: 6e400004-b5a3-f393-e0a9-e50e24dcca9e (Handle: 11): Unknown, uzunluk: 2
2025-11-16 15:25:53 - spektroskopi - INFO - Raspberry Pi verisi: Ham=1289, Voltaj=1289.000V
2025-11-16 15:25:53 - spektroskopi - INFO - Raspberry Pi verisi işlendi: SENSOR_7 = 1289.000V
2025-11-16 15:25:53 - spektroskopi - INFO - Raspberry Pi'dan veri alındı: 6e400002-b5a3-f393-e0a9-e50e24dcca9e (Handle: 19): Nordic UART RX, uzunluk: 2
2025-11-16 15:25:53 - spektroskopi - INFO - Raspberry Pi verisi: Ham=3258, Voltaj=3258.000V
2025-11-16 15:25:53 - spektroskopi - INFO - Raspberry Pi verisi işlendi: SENSOR_2 = 3258.000V
2025-11-16 15:25:53 - spektroskopi - INFO - Raspberry Pi'dan veri alındı: 6e400005-b5a3-f393-e0a9-e50e24dcca9e (Handle: 16): Unknown, uzunluk: 2
2025-11-16 15:25:53 - spektroskopi - INFO - Raspberry Pi verisi: Ham=3257, Voltaj=3257.000V
2025-11-16 15:25:53 - spektroskopi - INFO - Raspberry Pi verisi işlendi: SENSOR_EXTRA = 3257.000V
2025-11-16 15:25:53 - spektroskopi - INFO - Raspberry Pi'dan veri alındı: 6e400003-b5a3-f393-e0a9-e50e24dcca9e (Handle: 8): Nordic UART TX, uzunluk: 2
2025-11-16 15:25:53 - spektroskopi - INFO - Raspberry Pi verisi: Ham=1574, Voltaj=1574.000V
2025-11-16 15:25:53 - spektroskopi - INFO - Raspberry Pi verisi işlendi: SENSOR_5 = 1574.000V
2025-11-16 15:25:53 - spektroskopi - INFO - Raspberry Pi'dan veri alındı: 6e400004-b5a3-f393-e0a9-e50e24dcca9e (Handle: 11): Unknown, uzunluk: 2
2025-11-16 15:25:53 - spektroskopi - INFO - Raspberry Pi verisi: Ham=1307, Voltaj=1307.000V
2025-11-16 15:25:53 - spektroskopi - INFO - Raspberry Pi verisi işlendi: SENSOR_7 = 1307.000V
2025-11-16 15:25:53 - spektroskopi - INFO - Raspberry Pi'dan veri alındı: 6e400002-b5a3-f393-e0a9-e50e24dcca9e (Handle: 19): Nordic UART RX, uzunluk: 2
2025-11-16 15:25:53 - spektroskopi - INFO - Raspberry Pi verisi: Ham=3258, Voltaj=3258.000V
2025-11-16 15:25:53 - spektroskopi - INFO - Raspberry Pi verisi işlendi: SENSOR_2 = 3258.000V
2025-11-16 15:25:53 - spektroskopi - WARNING - Zaman sıralama düzeltildi: 2025-11-16 15:25:53.893258
2025-11-16 15:25:53 - spektroskopi - WARNING - Zaman sıralama düzeltildi: 2025-11-16 15:25:53.894258
2025-11-16 15:25:53 - spektroskopi - WARNING - Zaman sıralama düzeltildi: 2025-11-16 15:25:53.895258
2025-11-16 15:25:53 - spektroskopi - WARNING - Zaman sıralama düzeltildi: 2025-11-16 15:25:53.896258
2025-11-16 15:25:53 - spektroskopi - WARNING - Zaman sıralama düzeltildi: 2025-11-16 15:25:53.897258
2025-11-16 15:25:53 - spektroskopi - WARNING - Zaman sıralama düzeltildi: 2025-11-16 15:25:53.898258
2025-11-16 15:25:53 - spektroskopi - WARNING - Zaman sıralama düzeltildi: 2025-11-16 15:25:53.899258
2025-11-16 15:25:53 - spektroskopi - WARNING - Zaman sıralama düzeltildi: 2025-11-16 15:25:53.900258
2025-11-16 15:25:53 - spektroskopi - WARNING - Zaman sıralama düzeltildi: 2025-11-16 15:25:53.901258
2025-11-16 15:25:53 - spektroskopi - WARNING - Zaman sıralama düzeltildi: 2025-11-16 15:25:53.902258
2025-11-16 15:25:53 - spektroskopi - WARNING - Zaman sıralama düzeltildi: 2025-11-16 15:25:53.903258
2025-11-16 15:25:53 - spektroskopi - WARNING - Zaman sıralama düzeltildi: 2025-11-16 15:25:53.904258
2025-11-16 15:25:53 - spektroskopi - INFO - Raspberry Pi'dan veri alındı: 6e400005-b5a3-f393-e0a9-e50e24dcca9e (Handle: 16): Unknown, uzunluk: 2
2025-11-16 15:25:53 - spektroskopi - INFO - Raspberry Pi verisi: Ham=3257, Voltaj=3257.000V
2025-11-16 15:25:53 - spektroskopi - INFO - Raspberry Pi verisi işlendi: SENSOR_EXTRA = 3257.000V
2025-11-16 15:25:54 - spektroskopi - INFO - Raspberry Pi'dan veri alındı: 6e400003-b5a3-f393-e0a9-e50e24dcca9e (Handle: 8): Nordic UART TX, uzunluk: 2
2025-11-16 15:25:54 - spektroskopi - INFO - Raspberry Pi verisi: Ham=1653, Voltaj=1653.000V
2025-11-16 15:25:54 - spektroskopi - INFO - Raspberry Pi verisi işlendi: SENSOR_5 = 1653.000V
2025-11-16 15:25:54 - spektroskopi - INFO - Raspberry Pi'dan veri alındı: 6e400004-b5a3-f393-e0a9-e50e24dcca9e (Handle: 11): Unknown, uzunluk: 2
2025-11-16 15:25:54 - spektroskopi - INFO - Raspberry Pi verisi: Ham=1335, Voltaj=1335.000V
2025-11-16 15:25:54 - spektroskopi - INFO - Raspberry Pi verisi işlendi: SENSOR_7 = 1335.000V
2025-11-16 15:25:54 - spektroskopi - INFO - Raspberry Pi'dan veri alındı: 6e400002-b5a3-f393-e0a9-e50e24dcca9e (Handle: 19): Nordic UART RX, uzunluk: 2
2025-11-16 15:25:54 - spektroskopi - INFO - Raspberry Pi verisi: Ham=3257, Voltaj=3257.000V
2025-11-16 15:25:54 - spektroskopi - INFO - Raspberry Pi verisi işlendi: SENSOR_2 = 3257.000V
2025-11-16 15:25:54 - spektroskopi - INFO - Raspberry Pi'dan veri alındı: 6e400005-b5a3-f393-e0a9-e50e24dcca9e (Handle: 16): Unknown, uzunluk: 2
2025-11-16 15:25:54 - spektroskopi - INFO - Raspberry Pi verisi: Ham=3257, Voltaj=3257.000V
2025-11-16 15:25:54 - spektroskopi - INFO - Raspberry Pi verisi işlendi: SENSOR_EXTRA = 3257.000V
2025-11-16 15:25:54 - spektroskopi - INFO - Raspberry Pi'dan veri alındı: 6e400003-b5a3-f393-e0a9-e50e24dcca9e (Handle: 8): Nordic UART TX, uzunluk: 2
2025-11-16 15:25:54 - spektroskopi - INFO - Raspberry Pi verisi: Ham=1650, Voltaj=1650.000V
2025-11-16 15:25:54 - spektroskopi - INFO - Raspberry Pi verisi işlendi: SENSOR_5 = 1650.000V
2025-11-16 15:25:54 - spektroskopi - INFO - Raspberry Pi'dan veri alındı: 6e400004-b5a3-f393-e0a9-e50e24dcca9e (Handle: 11): Unknown, uzunluk: 2
2025-11-16 15:25:54 - spektroskopi - INFO - Raspberry Pi verisi: Ham=1337, Voltaj=1337.000V
2025-11-16 15:25:54 - spektroskopi - INFO - Raspberry Pi verisi işlendi: SENSOR_7 = 1337.000V
2025-11-16 15:25:54 - spektroskopi - INFO - Raspberry Pi'dan veri alındı: 6e400002-b5a3-f393-e0a9-e50e24dcca9e (Handle: 19): Nordic UART RX, uzunluk: 2
2025-11-16 15:25:54 - spektroskopi - INFO - Raspberry Pi verisi: Ham=3257, Voltaj=3257.000V
2025-11-16 15:25:54 - spektroskopi - INFO - Raspberry Pi verisi işlendi: SENSOR_2 = 3257.000V
2025-11-16 15:25:54 - spektroskopi - INFO - Raspberry Pi'dan veri alındı: 6e400005-b5a3-f393-e0a9-e50e24dcca9e (Handle: 16): Unknown, uzunluk: 2
2025-11-16 15:25:54 - spektroskopi - INFO - Raspberry Pi verisi: Ham=3258, Voltaj=3258.000V
2025-11-16 15:25:54 - spektroskopi - INFO - Raspberry Pi verisi işlendi: SENSOR_EXTRA = 3258.000V
2025-11-16 15:25:54 - spektroskopi - INFO - Raspberry Pi'dan veri alındı: 6e400003-b5a3-f393-e0a9-e50e24dcca9e (Handle: 8): Nordic UART TX, uzunluk: 2
2025-11-16 15:25:54 - spektroskopi - INFO - Raspberry Pi verisi: Ham=1655, Voltaj=1655.000V
2025-11-16 15:25:54 - spektroskopi - INFO - Raspberry Pi verisi işlendi: SENSOR_5 = 1655.000V
2025-11-16 15:25:54 - spektroskopi - INFO - Raspberry Pi'dan veri alındı: 6e400004-b5a3-f393-e0a9-e50e24dcca9e (Handle: 11): Unknown, uzunluk: 2
2025-11-16 15:25:54 - spektroskopi - INFO - Raspberry Pi verisi: Ham=1340, Voltaj=1340.000V
2025-11-16 15:25:54 - spektroskopi - INFO - Raspberry Pi verisi işlendi: SENSOR_7 = 1340.000V
2025-11-16 15:25:54 - spektroskopi - INFO - Raspberry Pi'dan veri alındı: 6e400002-b5a3-f393-e0a9-e50e24dcca9e (Handle: 19): Nordic UART RX, uzunluk: 2
2025-11-16 15:25:54 - spektroskopi - INFO - Raspberry Pi verisi: Ham=3258, Voltaj=3258.000V
2025-11-16 15:25:54 - spektroskopi - INFO - Raspberry Pi verisi işlendi: SENSOR_2 = 3258.000V
2025-11-16 15:25:54 - spektroskopi - WARNING - Zaman sıralama düzeltildi: 2025-11-16 15:25:54.913293
2025-11-16 15:25:54 - spektroskopi - WARNING - Zaman sıralama düzeltildi: 2025-11-16 15:25:54.914293
2025-11-16 15:25:54 - spektroskopi - WARNING - Zaman sıralama düzeltildi: 2025-11-16 15:25:54.915293
2025-11-16 15:25:54 - spektroskopi - WARNING - Zaman sıralama düzeltildi: 2025-11-16 15:25:54.916293
2025-11-16 15:25:54 - spektroskopi - WARNING - Zaman sıralama düzeltildi: 2025-11-16 15:25:54.917293
2025-11-16 15:25:54 - spektroskopi - WARNING - Zaman sıralama düzeltildi: 2025-11-16 15:25:54.918293
2025-11-16 15:25:54 - spektroskopi - WARNING - Zaman sıralama düzeltildi: 2025-11-16 15:25:54.919293
2025-11-16 15:25:54 - spektroskopi - WARNING - Zaman sıralama düzeltildi: 2025-11-16 15:25:54.920293
2025-11-16 15:25:54 - spektroskopi - WARNING - Zaman sıralama düzeltildi: 2025-11-16 15:25:54.921293
2025-11-16 15:25:54 - spektroskopi - WARNING - Zaman sıralama düzeltildi: 2025-11-16 15:25:54.922293
2025-11-16 15:25:54 - spektroskopi - WARNING - Zaman sıralama düzeltildi: 2025-11-16 15:25:54.923293
2025-11-16 15:25:54 - spektroskopi - WARNING - Zaman sıralama düzeltildi: 2025-11-16 15:25:54.924293
2025-11-16 15:25:54 - spektroskopi - INFO - Raspberry Pi'dan veri alındı: 6e400005-b5a3-f393-e0a9-e50e24dcca9e (Handle: 16): Unknown, uzunluk: 2
2025-11-16 15:25:54 - spektroskopi - INFO - Raspberry Pi verisi: Ham=3258, Voltaj=3258.000V
2025-11-16 15:25:54 - spektroskopi - INFO - Raspberry Pi verisi işlendi: SENSOR_EXTRA = 3258.000V
2025-11-16 15:25:55 - spektroskopi - INFO - Raspberry Pi'dan veri alındı: 6e400003-b5a3-f393-e0a9-e50e24dcca9e (Handle: 8): Nordic UART TX, uzunluk: 2
2025-11-16 15:25:55 - spektroskopi - INFO - Raspberry Pi verisi: Ham=1657, Voltaj=1657.000V
2025-11-16 15:25:55 - spektroskopi - INFO - Raspberry Pi verisi işlendi: SENSOR_5 = 1657.000V
2025-11-16 15:25:55 - spektroskopi - INFO - Raspberry Pi'dan veri alındı: 6e400004-b5a3-f393-e0a9-e50e24dcca9e (Handle: 11): Unknown, uzunluk: 2
2025-11-16 15:25:55 - spektroskopi - INFO - Raspberry Pi verisi: Ham=1343, Voltaj=1343.000V
2025-11-16 15:25:55 - spektroskopi - INFO - Raspberry Pi verisi işlendi: SENSOR_7 = 1343.000V
2025-11-16 15:25:55 - spektroskopi - INFO - Raspberry Pi'dan veri alındı: 6e400002-b5a3-f393-e0a9-e50e24dcca9e (Handle: 19): Nordic UART RX, uzunluk: 2
2025-11-16 15:25:55 - spektroskopi - INFO - Raspberry Pi verisi: Ham=3257, Voltaj=3257.000V
2025-11-16 15:25:55 - spektroskopi - INFO - Raspberry Pi verisi işlendi: SENSOR_2 = 3257.000V
2025-11-16 15:25:55 - spektroskopi - INFO - LED AÇMA komutu queue'ya eklendi
2025-11-16 15:25:55 - spektroskopi - INFO - LED'ler kullanıcı tarafından açıldı
2025-11-16 15:25:55 - spektroskopi - INFO - Raspberry Pi'dan veri alındı: 6e400005-b5a3-f393-e0a9-e50e24dcca9e (Handle: 16): Unknown, uzunluk: 2
2025-11-16 15:25:55 - spektroskopi - INFO - Raspberry Pi verisi: Ham=3257, Voltaj=3257.000V
2025-11-16 15:25:55 - spektroskopi - INFO - Raspberry Pi verisi işlendi: SENSOR_EXTRA = 3257.000V
2025-11-16 15:25:55 - spektroskopi - INFO - Raspberry Pi'dan veri alındı: 6e400003-b5a3-f393-e0a9-e50e24dcca9e (Handle: 8): Nordic UART TX, uzunluk: 2
2025-11-16 15:25:55 - spektroskopi - INFO - Raspberry Pi verisi: Ham=1660, Voltaj=1660.000V
2025-11-16 15:25:55 - spektroskopi - INFO - Raspberry Pi verisi işlendi: SENSOR_5 = 1660.000V
2025-11-16 15:25:55 - spektroskopi - INFO - Raspberry Pi'dan veri alındı: 6e400004-b5a3-f393-e0a9-e50e24dcca9e (Handle: 11): Unknown, uzunluk: 2
2025-11-16 15:25:55 - spektroskopi - INFO - Raspberry Pi verisi: Ham=1344, Voltaj=1344.000V
2025-11-16 15:25:55 - spektroskopi - INFO - Raspberry Pi verisi işlendi: SENSOR_7 = 1344.000V
2025-11-16 15:25:55 - spektroskopi - INFO - LED kontrol komutu gönderildi: AÇILDI
2025-11-16 15:25:55 - spektroskopi - INFO - Raspberry Pi'dan veri alındı: 6e400002-b5a3-f393-e0a9-e50e24dcca9e (Handle: 19): Nordic UART RX, uzunluk: 2
2025-11-16 15:25:55 - spektroskopi - INFO - Raspberry Pi verisi: Ham=3257, Voltaj=3257.000V
2025-11-16 15:25:55 - spektroskopi - INFO - Raspberry Pi verisi işlendi: SENSOR_2 = 3257.000V
2025-11-16 15:25:55 - spektroskopi - INFO - Raspberry Pi'dan veri alındı: 6e400005-b5a3-f393-e0a9-e50e24dcca9e (Handle: 16): Unknown, uzunluk: 2
2025-11-16 15:25:55 - spektroskopi - INFO - Raspberry Pi verisi: Ham=3258, Voltaj=3258.000V
2025-11-16 15:25:55 - spektroskopi - INFO - Raspberry Pi verisi işlendi: SENSOR_EXTRA = 3258.000V
2025-11-16 15:25:55 - spektroskopi - INFO - Raspberry Pi'dan veri alındı: 6e400003-b5a3-f393-e0a9-e50e24dcca9e (Handle: 8): Nordic UART TX, uzunluk: 2
2025-11-16 15:25:55 - spektroskopi - INFO - Raspberry Pi verisi: Ham=1651, Voltaj=1651.000V
2025-11-16 15:25:55 - spektroskopi - INFO - Raspberry Pi verisi işlendi: SENSOR_5 = 1651.000V
2025-11-16 15:25:55 - spektroskopi - INFO - Raspberry Pi'dan veri alındı: 6e400004-b5a3-f393-e0a9-e50e24dcca9e (Handle: 11): Unknown, uzunluk: 2
2025-11-16 15:25:55 - spektroskopi - INFO - Raspberry Pi verisi: Ham=1301, Voltaj=1301.000V
2025-11-16 15:25:55 - spektroskopi - INFO - Raspberry Pi verisi işlendi: SENSOR_7 = 1301.000V
2025-11-16 15:25:55 - spektroskopi - WARNING - Zaman sıralama düzeltildi: 2025-11-16 15:25:55.753457
2025-11-16 15:25:55 - spektroskopi - WARNING - Zaman sıralama düzeltildi: 2025-11-16 15:25:55.754457
2025-11-16 15:25:55 - spektroskopi - WARNING - Zaman sıralama düzeltildi: 2025-11-16 15:25:55.755457
2025-11-16 15:25:55 - spektroskopi - WARNING - Zaman sıralama düzeltildi: 2025-11-16 15:25:55.756457
2025-11-16 15:25:55 - spektroskopi - WARNING - Zaman sıralama düzeltildi: 2025-11-16 15:25:55.757457
2025-11-16 15:25:55 - spektroskopi - WARNING - Zaman sıralama düzeltildi: 2025-11-16 15:25:55.758457
2025-11-16 15:25:55 - spektroskopi - WARNING - Zaman sıralama düzeltildi: 2025-11-16 15:25:55.759457
2025-11-16 15:25:55 - spektroskopi - WARNING - Zaman sıralama düzeltildi: 2025-11-16 15:25:55.760457
2025-11-16 15:25:55 - spektroskopi - WARNING - Zaman sıralama düzeltildi: 2025-11-16 15:25:55.761457
2025-11-16 15:25:55 - spektroskopi - WARNING - Zaman sıralama düzeltildi: 2025-11-16 15:25:55.762457
2025-11-16 15:25:55 - spektroskopi - WARNING - Zaman sıralama düzeltildi: 2025-11-16 15:25:55.763457
2025-11-16 15:25:55 - spektroskopi - INFO - Raspberry Pi'dan veri alındı: 6e400002-b5a3-f393-e0a9-e50e24dcca9e (Handle: 19): Nordic UART RX, uzunluk: 2
2025-11-16 15:25:55 - spektroskopi - INFO - Raspberry Pi verisi: Ham=3255, Voltaj=3255.000V
2025-11-16 15:25:55 - spektroskopi - INFO - Raspberry Pi verisi işlendi: SENSOR_2 = 3255.000V
2025-11-16 15:25:56 - spektroskopi - INFO - Raspberry Pi'dan veri alındı: 6e400005-b5a3-f393-e0a9-e50e24dcca9e (Handle: 16): Unknown, uzunluk: 2
2025-11-16 15:25:56 - spektroskopi - INFO - Raspberry Pi verisi: Ham=3256, Voltaj=3256.000V
2025-11-16 15:25:56 - spektroskopi - INFO - Raspberry Pi verisi işlendi: SENSOR_EXTRA = 3256.000V
2025-11-16 15:25:56 - spektroskopi - INFO - Raspberry Pi'dan veri alındı: 6e400003-b5a3-f393-e0a9-e50e24dcca9e (Handle: 8): Nordic UART TX, uzunluk: 2
2025-11-16 15:25:56 - spektroskopi - INFO - Raspberry Pi verisi: Ham=678, Voltaj=678.000V
2025-11-16 15:25:56 - spektroskopi - INFO - Raspberry Pi verisi işlendi: SENSOR_5 = 678.000V
2025-11-16 15:25:56 - spektroskopi - INFO - Raspberry Pi'dan veri alındı: 6e400004-b5a3-f393-e0a9-e50e24dcca9e (Handle: 11): Unknown, uzunluk: 2
2025-11-16 15:25:56 - spektroskopi - INFO - Raspberry Pi verisi: Ham=521, Voltaj=521.000V
2025-11-16 15:25:56 - spektroskopi - INFO - Raspberry Pi verisi işlendi: SENSOR_7 = 521.000V
2025-11-16 15:25:56 - spektroskopi - INFO - Raspberry Pi'dan veri alındı: 6e400002-b5a3-f393-e0a9-e50e24dcca9e (Handle: 19): Nordic UART RX, uzunluk: 2
2025-11-16 15:25:56 - spektroskopi - INFO - Raspberry Pi verisi: Ham=3255, Voltaj=3255.000V
2025-11-16 15:25:56 - spektroskopi - INFO - Raspberry Pi verisi işlendi: SENSOR_2 = 3255.000V
2025-11-16 15:25:56 - spektroskopi - INFO - Raspberry Pi'dan veri alındı: 6e400005-b5a3-f393-e0a9-e50e24dcca9e (Handle: 16): Unknown, uzunluk: 2
2025-11-16 15:25:56 - spektroskopi - INFO - Raspberry Pi verisi: Ham=3256, Voltaj=3256.000V
2025-11-16 15:25:56 - spektroskopi - INFO - Raspberry Pi verisi işlendi: SENSOR_EXTRA = 3256.000V
2025-11-16 15:25:56 - spektroskopi - INFO - Raspberry Pi'dan veri alındı: 6e400003-b5a3-f393-e0a9-e50e24dcca9e (Handle: 8): Nordic UART TX, uzunluk: 2
2025-11-16 15:25:56 - spektroskopi - INFO - Raspberry Pi verisi: Ham=666, Voltaj=666.000V
2025-11-16 15:25:56 - spektroskopi - INFO - Raspberry Pi verisi işlendi: SENSOR_5 = 666.000V
2025-11-16 15:25:56 - spektroskopi - WARNING - Zaman sıralama düzeltildi: 2025-11-16 15:25:56.773557
2025-11-16 15:25:56 - spektroskopi - WARNING - Zaman sıralama düzeltildi: 2025-11-16 15:25:56.774557
2025-11-16 15:25:56 - spektroskopi - WARNING - Zaman sıralama düzeltildi: 2025-11-16 15:25:56.775557
2025-11-16 15:25:56 - spektroskopi - WARNING - Zaman sıralama düzeltildi: 2025-11-16 15:25:56.776557
2025-11-16 15:25:56 - spektroskopi - WARNING - Zaman sıralama düzeltildi: 2025-11-16 15:25:56.777557
2025-11-16 15:25:56 - spektroskopi - WARNING - Zaman sıralama düzeltildi: 2025-11-16 15:25:56.778557
2025-11-16 15:25:56 - spektroskopi - WARNING - Zaman sıralama düzeltildi: 2025-11-16 15:25:56.779557
2025-11-16 15:25:56 - spektroskopi - INFO - Raspberry Pi'dan veri alındı: 6e400004-b5a3-f393-e0a9-e50e24dcca9e (Handle: 11): Unknown, uzunluk: 2
2025-11-16 15:25:56 - spektroskopi - INFO - Raspberry Pi verisi: Ham=512, Voltaj=512.000V
2025-11-16 15:25:56 - spektroskopi - INFO - Raspberry Pi verisi işlendi: SENSOR_7 = 512.000V
2025-11-16 15:25:57 - spektroskopi - INFO - Raspberry Pi'dan veri alındı: 6e400002-b5a3-f393-e0a9-e50e24dcca9e (Handle: 19): Nordic UART RX, uzunluk: 2
2025-11-16 15:25:57 - spektroskopi - INFO - Raspberry Pi verisi: Ham=3255, Voltaj=3255.000V
2025-11-16 15:25:57 - spektroskopi - INFO - Raspberry Pi verisi işlendi: SENSOR_2 = 3255.000V
2025-11-16 15:25:57 - spektroskopi - INFO - Raspberry Pi'dan veri alındı: 6e400005-b5a3-f393-e0a9-e50e24dcca9e (Handle: 16): Unknown, uzunluk: 2
2025-11-16 15:25:57 - spektroskopi - INFO - Raspberry Pi verisi: Ham=3255, Voltaj=3255.000V
2025-11-16 15:25:57 - spektroskopi - INFO - Raspberry Pi verisi işlendi: SENSOR_EXTRA = 3255.000V
2025-11-16 15:25:57 - spektroskopi - INFO - Raspberry Pi'dan veri alındı: 6e400003-b5a3-f393-e0a9-e50e24dcca9e (Handle: 8): Nordic UART TX, uzunluk: 2
2025-11-16 15:25:57 - spektroskopi - INFO - Raspberry Pi verisi: Ham=666, Voltaj=666.000V
2025-11-16 15:25:57 - spektroskopi - INFO - Raspberry Pi verisi işlendi: SENSOR_5 = 666.000V
2025-11-16 15:25:57 - spektroskopi - INFO - Raspberry Pi'dan veri alındı: 6e400004-b5a3-f393-e0a9-e50e24dcca9e (Handle: 11): Unknown, uzunluk: 2
2025-11-16 15:25:57 - spektroskopi - INFO - Raspberry Pi verisi: Ham=488, Voltaj=488.000V
2025-11-16 15:25:57 - spektroskopi - INFO - Raspberry Pi verisi işlendi: SENSOR_7 = 488.000V
2025-11-16 15:25:57 - spektroskopi - INFO - Raspberry Pi'dan veri alındı: 6e400002-b5a3-f393-e0a9-e50e24dcca9e (Handle: 19): Nordic UART RX, uzunluk: 2
2025-11-16 15:25:57 - spektroskopi - INFO - Raspberry Pi verisi: Ham=3255, Voltaj=3255.000V
2025-11-16 15:25:57 - spektroskopi - INFO - Raspberry Pi verisi işlendi: SENSOR_2 = 3255.000V
2025-11-16 15:25:57 - spektroskopi - INFO - Raspberry Pi'dan veri alındı: 6e400005-b5a3-f393-e0a9-e50e24dcca9e (Handle: 16): Unknown, uzunluk: 2
2025-11-16 15:25:57 - spektroskopi - INFO - Raspberry Pi verisi: Ham=3256, Voltaj=3256.000V
2025-11-16 15:25:57 - spektroskopi - INFO - Raspberry Pi verisi işlendi: SENSOR_EXTRA = 3256.000V
2025-11-16 15:25:57 - spektroskopi - WARNING - Zaman sıralama düzeltildi: 2025-11-16 15:25:57.794325
2025-11-16 15:25:57 - spektroskopi - WARNING - Zaman sıralama düzeltildi: 2025-11-16 15:25:57.795325
2025-11-16 15:25:57 - spektroskopi - WARNING - Zaman sıralama düzeltildi: 2025-11-16 15:25:57.796325
2025-11-16 15:25:57 - spektroskopi - WARNING - Zaman sıralama düzeltildi: 2025-11-16 15:25:57.797325
2025-11-16 15:25:57 - spektroskopi - WARNING - Zaman sıralama düzeltildi: 2025-11-16 15:25:57.798325
2025-11-16 15:25:57 - spektroskopi - WARNING - Zaman sıralama düzeltildi: 2025-11-16 15:25:57.799325
2025-11-16 15:25:57 - spektroskopi - WARNING - Zaman sıralama düzeltildi: 2025-11-16 15:25:57.800325
2025-11-16 15:25:57 - spektroskopi - INFO - Raspberry Pi'dan veri alındı: 6e400003-b5a3-f393-e0a9-e50e24dcca9e (Handle: 8): Nordic UART TX, uzunluk: 2
2025-11-16 15:25:57 - spektroskopi - INFO - Raspberry Pi verisi: Ham=274, Voltaj=274.000V
2025-11-16 15:25:57 - spektroskopi - INFO - Raspberry Pi verisi işlendi: SENSOR_5 = 274.000V
2025-11-16 15:25:58 - spektroskopi - INFO - Raspberry Pi'dan veri alındı: 6e400004-b5a3-f393-e0a9-e50e24dcca9e (Handle: 11): Unknown, uzunluk: 2
2025-11-16 15:25:58 - spektroskopi - INFO - Raspberry Pi verisi: Ham=46, Voltaj=46.000V
2025-11-16 15:25:58 - spektroskopi - INFO - Raspberry Pi verisi işlendi: SENSOR_7 = 46.000V
2025-11-16 15:25:58 - spektroskopi - INFO - Raspberry Pi'dan veri alındı: 6e400002-b5a3-f393-e0a9-e50e24dcca9e (Handle: 19): Nordic UART RX, uzunluk: 2
2025-11-16 15:25:58 - spektroskopi - INFO - Raspberry Pi verisi: Ham=271, Voltaj=271.000V
2025-11-16 15:25:58 - spektroskopi - INFO - Raspberry Pi verisi işlendi: SENSOR_2 = 271.000V
2025-11-16 15:25:58 - spektroskopi - INFO - Raspberry Pi'dan veri alındı: 6e400005-b5a3-f393-e0a9-e50e24dcca9e (Handle: 16): Unknown, uzunluk: 2
2025-11-16 15:25:58 - spektroskopi - INFO - Raspberry Pi verisi: Ham=196, Voltaj=196.000V
2025-11-16 15:25:58 - spektroskopi - INFO - Raspberry Pi verisi işlendi: SENSOR_EXTRA = 196.000V
2025-11-16 15:25:58 - spektroskopi - INFO - Raspberry Pi'dan veri alındı: 6e400003-b5a3-f393-e0a9-e50e24dcca9e (Handle: 8): Nordic UART TX, uzunluk: 2
2025-11-16 15:25:58 - spektroskopi - INFO - Raspberry Pi verisi: Ham=220, Voltaj=220.000V
2025-11-16 15:25:58 - spektroskopi - INFO - Raspberry Pi verisi işlendi: SENSOR_5 = 220.000V
2025-11-16 15:25:58 - spektroskopi - INFO - Raspberry Pi'dan veri alındı: 6e400004-b5a3-f393-e0a9-e50e24dcca9e (Handle: 11): Unknown, uzunluk: 2
2025-11-16 15:25:58 - spektroskopi - INFO - Raspberry Pi verisi: Ham=47, Voltaj=47.000V
2025-11-16 15:25:58 - spektroskopi - INFO - Raspberry Pi verisi işlendi: SENSOR_7 = 47.000V
2025-11-16 15:25:58 - spektroskopi - INFO - Raspberry Pi'dan veri alındı: 6e400002-b5a3-f393-e0a9-e50e24dcca9e (Handle: 19): Nordic UART RX, uzunluk: 2
2025-11-16 15:25:58 - spektroskopi - INFO - Raspberry Pi verisi: Ham=154, Voltaj=154.000V
2025-11-16 15:25:58 - spektroskopi - INFO - Raspberry Pi verisi işlendi: SENSOR_2 = 154.000V
2025-11-16 15:25:58 - spektroskopi - WARNING - Zaman sıralama düzeltildi: 2025-11-16 15:25:58.843532
2025-11-16 15:25:58 - spektroskopi - WARNING - Zaman sıralama düzeltildi: 2025-11-16 15:25:58.844532
2025-11-16 15:25:58 - spektroskopi - WARNING - Zaman sıralama düzeltildi: 2025-11-16 15:25:58.845532
2025-11-16 15:25:58 - spektroskopi - WARNING - Zaman sıralama düzeltildi: 2025-11-16 15:25:58.846532
2025-11-16 15:25:58 - spektroskopi - WARNING - Zaman sıralama düzeltildi: 2025-11-16 15:25:58.847532
2025-11-16 15:25:58 - spektroskopi - WARNING - Zaman sıralama düzeltildi: 2025-11-16 15:25:58.848532
2025-11-16 15:25:58 - spektroskopi - WARNING - Zaman sıralama düzeltildi: 2025-11-16 15:25:58.849532
2025-11-16 15:25:58 - spektroskopi - INFO - Raspberry Pi'dan veri alındı: 6e400005-b5a3-f393-e0a9-e50e24dcca9e (Handle: 16): Unknown, uzunluk: 2
2025-11-16 15:25:58 - spektroskopi - INFO - Raspberry Pi verisi: Ham=134, Voltaj=134.000V
2025-11-16 15:25:58 - spektroskopi - INFO - Raspberry Pi verisi işlendi: SENSOR_EXTRA = 134.000V
2025-11-16 15:25:59 - spektroskopi - INFO - Raspberry Pi'dan veri alındı: 6e400003-b5a3-f393-e0a9-e50e24dcca9e (Handle: 8): Nordic UART TX, uzunluk: 2
2025-11-16 15:25:59 - spektroskopi - INFO - Raspberry Pi verisi: Ham=256, Voltaj=256.000V
2025-11-16 15:25:59 - spektroskopi - INFO - Raspberry Pi verisi işlendi: SENSOR_5 = 256.000V
2025-11-16 15:25:59 - spektroskopi - INFO - Raspberry Pi'dan veri alındı: 6e400004-b5a3-f393-e0a9-e50e24dcca9e (Handle: 11): Unknown, uzunluk: 2
2025-11-16 15:25:59 - spektroskopi - INFO - Raspberry Pi verisi: Ham=47, Voltaj=47.000V
2025-11-16 15:25:59 - spektroskopi - INFO - Raspberry Pi verisi işlendi: SENSOR_7 = 47.000V
2025-11-16 15:25:59 - spektroskopi - INFO - Raspberry Pi'dan veri alındı: 6e400002-b5a3-f393-e0a9-e50e24dcca9e (Handle: 19): Nordic UART RX, uzunluk: 2
2025-11-16 15:25:59 - spektroskopi - INFO - Raspberry Pi verisi: Ham=153, Voltaj=153.000V
2025-11-16 15:25:59 - spektroskopi - INFO - Raspberry Pi verisi işlendi: SENSOR_2 = 153.000V
2025-11-16 15:25:59 - spektroskopi - INFO - Raspberry Pi'dan veri alındı: 6e400005-b5a3-f393-e0a9-e50e24dcca9e (Handle: 16): Unknown, uzunluk: 2
2025-11-16 15:25:59 - spektroskopi - INFO - Raspberry Pi verisi: Ham=116, Voltaj=116.000V
2025-11-16 15:25:59 - spektroskopi - INFO - Raspberry Pi verisi işlendi: SENSOR_EXTRA = 116.000V
2025-11-16 15:25:59 - spektroskopi - INFO - Raspberry Pi'dan veri alındı: 6e400003-b5a3-f393-e0a9-e50e24dcca9e (Handle: 8): Nordic UART TX, uzunluk: 2
2025-11-16 15:25:59 - spektroskopi - INFO - Raspberry Pi verisi: Ham=275, Voltaj=275.000V
2025-11-16 15:25:59 - spektroskopi - INFO - Raspberry Pi verisi işlendi: SENSOR_5 = 275.000V
2025-11-16 15:25:59 - spektroskopi - INFO - Raspberry Pi'dan veri alındı: 6e400004-b5a3-f393-e0a9-e50e24dcca9e (Handle: 11): Unknown, uzunluk: 2
2025-11-16 15:25:59 - spektroskopi - INFO - Raspberry Pi verisi: Ham=49, Voltaj=49.000V
2025-11-16 15:25:59 - spektroskopi - INFO - Raspberry Pi verisi işlendi: SENSOR_7 = 49.000V
2025-11-16 15:25:59 - spektroskopi - WARNING - Zaman sıralama düzeltildi: 2025-11-16 15:25:59.773523
2025-11-16 15:25:59 - spektroskopi - WARNING - Zaman sıralama düzeltildi: 2025-11-16 15:25:59.774523
2025-11-16 15:25:59 - spektroskopi - WARNING - Zaman sıralama düzeltildi: 2025-11-16 15:25:59.775523
2025-11-16 15:25:59 - spektroskopi - WARNING - Zaman sıralama düzeltildi: 2025-11-16 15:25:59.776523
2025-11-16 15:25:59 - spektroskopi - WARNING - Zaman sıralama düzeltildi: 2025-11-16 15:25:59.777523
2025-11-16 15:25:59 - spektroskopi - WARNING - Zaman sıralama düzeltildi: 2025-11-16 15:25:59.778523
2025-11-16 15:25:59 - spektroskopi - WARNING - Zaman sıralama düzeltildi: 2025-11-16 15:25:59.779523
2025-11-16 15:25:59 - spektroskopi - INFO - Raspberry Pi'dan veri alındı: 6e400002-b5a3-f393-e0a9-e50e24dcca9e (Handle: 19): Nordic UART RX, uzunluk: 2
2025-11-16 15:25:59 - spektroskopi - INFO - Raspberry Pi verisi: Ham=154, Voltaj=154.000V
2025-11-16 15:25:59 - spektroskopi - INFO - Raspberry Pi verisi işlendi: SENSOR_2 = 154.000V
2025-11-16 15:26:00 - spektroskopi - INFO - Raspberry Pi'dan veri alındı: 6e400005-b5a3-f393-e0a9-e50e24dcca9e (Handle: 16): Unknown, uzunluk: 2
2025-11-16 15:26:00 - spektroskopi - INFO - Raspberry Pi verisi: Ham=111, Voltaj=111.000V
2025-11-16 15:26:00 - spektroskopi - INFO - Raspberry Pi verisi işlendi: SENSOR_EXTRA = 111.000V
2025-11-16 15:26:00 - spektroskopi - INFO - Raspberry Pi'dan veri alındı: 6e400003-b5a3-f393-e0a9-e50e24dcca9e (Handle: 8): Nordic UART TX, uzunluk: 2
2025-11-16 15:26:00 - spektroskopi - INFO - Raspberry Pi verisi: Ham=279, Voltaj=279.000V
2025-11-16 15:26:00 - spektroskopi - INFO - Raspberry Pi verisi işlendi: SENSOR_5 = 279.000V
2025-11-16 15:26:00 - spektroskopi - INFO - Raspberry Pi'dan veri alındı: 6e400004-b5a3-f393-e0a9-e50e24dcca9e (Handle: 11): Unknown, uzunluk: 2
2025-11-16 15:26:00 - spektroskopi - INFO - Raspberry Pi verisi: Ham=50, Voltaj=50.000V
2025-11-16 15:26:00 - spektroskopi - INFO - Raspberry Pi verisi işlendi: SENSOR_7 = 50.000V
2025-11-16 15:26:00 - spektroskopi - INFO - Raspberry Pi'dan veri alındı: 6e400002-b5a3-f393-e0a9-e50e24dcca9e (Handle: 19): Nordic UART RX, uzunluk: 2
2025-11-16 15:26:00 - spektroskopi - INFO - Raspberry Pi verisi: Ham=156, Voltaj=156.000V
2025-11-16 15:26:00 - spektroskopi - INFO - Raspberry Pi verisi işlendi: SENSOR_2 = 156.000V
2025-11-16 15:26:00 - spektroskopi - INFO - Raspberry Pi'dan veri alındı: 6e400005-b5a3-f393-e0a9-e50e24dcca9e (Handle: 16): Unknown, uzunluk: 2
2025-11-16 15:26:00 - spektroskopi - INFO - Raspberry Pi verisi: Ham=107, Voltaj=107.000V
2025-11-16 15:26:00 - spektroskopi - INFO - Raspberry Pi verisi işlendi: SENSOR_EXTRA = 107.000V
2025-11-16 15:26:00 - spektroskopi - INFO - Raspberry Pi'dan veri alındı: 6e400003-b5a3-f393-e0a9-e50e24dcca9e (Handle: 8): Nordic UART TX, uzunluk: 2
2025-11-16 15:26:00 - spektroskopi - INFO - Raspberry Pi verisi: Ham=284, Voltaj=284.000V
2025-11-16 15:26:00 - spektroskopi - INFO - Raspberry Pi verisi işlendi: SENSOR_5 = 284.000V
2025-11-16 15:26:00 - spektroskopi - INFO - Raspberry Pi'dan veri alındı: 6e400004-b5a3-f393-e0a9-e50e24dcca9e (Handle: 11): Unknown, uzunluk: 2
2025-11-16 15:26:00 - spektroskopi - INFO - Raspberry Pi verisi: Ham=51, Voltaj=51.000V
2025-11-16 15:26:00 - spektroskopi - INFO - Raspberry Pi verisi işlendi: SENSOR_7 = 51.000V
2025-11-16 15:26:00 - spektroskopi - WARNING - Zaman sıralama düzeltildi: 2025-11-16 15:26:00.913570
2025-11-16 15:26:00 - spektroskopi - WARNING - Zaman sıralama düzeltildi: 2025-11-16 15:26:00.914570
2025-11-16 15:26:00 - spektroskopi - WARNING - Zaman sıralama düzeltildi: 2025-11-16 15:26:00.915570
2025-11-16 15:26:00 - spektroskopi - WARNING - Zaman sıralama düzeltildi: 2025-11-16 15:26:00.916570
2025-11-16 15:26:00 - spektroskopi - WARNING - Zaman sıralama düzeltildi: 2025-11-16 15:26:00.917570
2025-11-16 15:26:00 - spektroskopi - WARNING - Zaman sıralama düzeltildi: 2025-11-16 15:26:00.918570
2025-11-16 15:26:00 - spektroskopi - WARNING - Zaman sıralama düzeltildi: 2025-11-16 15:26:00.919570
2025-11-16 15:26:00 - spektroskopi - WARNING - Zaman sıralama düzeltildi: 2025-11-16 15:26:00.920570
2025-11-16 15:26:01 - spektroskopi - INFO - Raspberry Pi'dan veri alındı: 6e400002-b5a3-f393-e0a9-e50e24dcca9e (Handle: 19): Nordic UART RX, uzunluk: 2
2025-11-16 15:26:01 - spektroskopi - INFO - Raspberry Pi verisi: Ham=155, Voltaj=155.000V
2025-11-16 15:26:01 - spektroskopi - INFO - Raspberry Pi verisi işlendi: SENSOR_2 = 155.000V
2025-11-16 15:26:01 - spektroskopi - INFO - Raspberry Pi'dan veri alındı: 6e400005-b5a3-f393-e0a9-e50e24dcca9e (Handle: 16): Unknown, uzunluk: 2
2025-11-16 15:26:01 - spektroskopi - INFO - Raspberry Pi verisi: Ham=103, Voltaj=103.000V
2025-11-16 15:26:01 - spektroskopi - INFO - Raspberry Pi verisi işlendi: SENSOR_EXTRA = 103.000V
2025-11-16 15:26:01 - spektroskopi - INFO - Raspberry Pi'dan veri alındı: 6e400003-b5a3-f393-e0a9-e50e24dcca9e (Handle: 8): Nordic UART TX, uzunluk: 2
2025-11-16 15:26:01 - spektroskopi - INFO - Raspberry Pi verisi: Ham=288, Voltaj=288.000V
2025-11-16 15:26:01 - spektroskopi - INFO - Raspberry Pi verisi işlendi: SENSOR_5 = 288.000V
2025-11-16 15:26:01 - spektroskopi - INFO - Raspberry Pi'dan veri alındı: 6e400004-b5a3-f393-e0a9-e50e24dcca9e (Handle: 11): Unknown, uzunluk: 2
2025-11-16 15:26:01 - spektroskopi - INFO - Raspberry Pi verisi: Ham=52, Voltaj=52.000V
2025-11-16 15:26:01 - spektroskopi - INFO - Raspberry Pi verisi işlendi: SENSOR_7 = 52.000V
2025-11-16 15:26:01 - spektroskopi - INFO - Raspberry Pi'dan veri alındı: 6e400002-b5a3-f393-e0a9-e50e24dcca9e (Handle: 19): Nordic UART RX, uzunluk: 2
2025-11-16 15:26:01 - spektroskopi - INFO - Raspberry Pi verisi: Ham=157, Voltaj=157.000V
2025-11-16 15:26:01 - spektroskopi - INFO - Raspberry Pi verisi işlendi: SENSOR_2 = 157.000V
2025-11-16 15:26:01 - spektroskopi - INFO - Raspberry Pi'dan veri alındı: 6e400005-b5a3-f393-e0a9-e50e24dcca9e (Handle: 16): Unknown, uzunluk: 2
2025-11-16 15:26:01 - spektroskopi - INFO - Raspberry Pi verisi: Ham=103, Voltaj=103.000V
2025-11-16 15:26:01 - spektroskopi - INFO - Raspberry Pi verisi işlendi: SENSOR_EXTRA = 103.000V
2025-11-16 15:26:01 - spektroskopi - WARNING - Zaman sıralama düzeltildi: 2025-11-16 15:26:01.813580
2025-11-16 15:26:01 - spektroskopi - WARNING - Zaman sıralama düzeltildi: 2025-11-16 15:26:01.814580
2025-11-16 15:26:01 - spektroskopi - WARNING - Zaman sıralama düzeltildi: 2025-11-16 15:26:01.815580
2025-11-16 15:26:01 - spektroskopi - WARNING - Zaman sıralama düzeltildi: 2025-11-16 15:26:01.816580
2025-11-16 15:26:01 - spektroskopi - WARNING - Zaman sıralama düzeltildi: 2025-11-16 15:26:01.817580
2025-11-16 15:26:01 - spektroskopi - WARNING - Zaman sıralama düzeltildi: 2025-11-16 15:26:01.818580
2025-11-16 15:26:01 - spektroskopi - INFO - Raspberry Pi'dan veri alındı: 6e400003-b5a3-f393-e0a9-e50e24dcca9e (Handle: 8): Nordic UART TX, uzunluk: 2
2025-11-16 15:26:01 - spektroskopi - INFO - Raspberry Pi verisi: Ham=291, Voltaj=291.000V
2025-11-16 15:26:01 - spektroskopi - INFO - Raspberry Pi verisi işlendi: SENSOR_5 = 291.000V
2025-11-16 15:26:02 - spektroskopi - INFO - Raspberry Pi'dan veri alındı: 6e400004-b5a3-f393-e0a9-e50e24dcca9e (Handle: 11): Unknown, uzunluk: 2
2025-11-16 15:26:02 - spektroskopi - INFO - Raspberry Pi verisi: Ham=52, Voltaj=52.000V
2025-11-16 15:26:02 - spektroskopi - INFO - Raspberry Pi verisi işlendi: SENSOR_7 = 52.000V
2025-11-16 15:26:02 - spektroskopi - INFO - Raspberry Pi'dan veri alındı: 6e400002-b5a3-f393-e0a9-e50e24dcca9e (Handle: 19): Nordic UART RX, uzunluk: 2
2025-11-16 15:26:02 - spektroskopi - INFO - Raspberry Pi verisi: Ham=159, Voltaj=159.000V
2025-11-16 15:26:02 - spektroskopi - INFO - Raspberry Pi verisi işlendi: SENSOR_2 = 159.000V
2025-11-16 15:26:02 - spektroskopi - INFO - Raspberry Pi'dan veri alındı: 6e400005-b5a3-f393-e0a9-e50e24dcca9e (Handle: 16): Unknown, uzunluk: 2
2025-11-16 15:26:02 - spektroskopi - INFO - Raspberry Pi verisi: Ham=113, Voltaj=113.000V
2025-11-16 15:26:02 - spektroskopi - INFO - Raspberry Pi verisi işlendi: SENSOR_EXTRA = 113.000V
2025-11-16 15:26:02 - spektroskopi - INFO - Raspberry Pi'dan veri alındı: 6e400003-b5a3-f393-e0a9-e50e24dcca9e (Handle: 8): Nordic UART TX, uzunluk: 2
2025-11-16 15:26:02 - spektroskopi - INFO - Raspberry Pi verisi: Ham=168, Voltaj=168.000V
2025-11-16 15:26:02 - spektroskopi - INFO - Raspberry Pi verisi işlendi: SENSOR_5 = 168.000V
2025-11-16 15:26:02 - spektroskopi - INFO - Raspberry Pi'dan veri alındı: 6e400004-b5a3-f393-e0a9-e50e24dcca9e (Handle: 11): Unknown, uzunluk: 2
2025-11-16 15:26:02 - spektroskopi - INFO - Raspberry Pi verisi: Ham=347, Voltaj=347.000V
2025-11-16 15:26:02 - spektroskopi - INFO - Raspberry Pi verisi işlendi: SENSOR_7 = 347.000V
2025-11-16 15:26:02 - spektroskopi - INFO - Raspberry Pi'dan veri alındı: 6e400002-b5a3-f393-e0a9-e50e24dcca9e (Handle: 19): Nordic UART RX, uzunluk: 2
2025-11-16 15:26:02 - spektroskopi - INFO - Raspberry Pi verisi: Ham=3254, Voltaj=3254.000V
2025-11-16 15:26:02 - spektroskopi - INFO - Raspberry Pi verisi işlendi: SENSOR_2 = 3254.000V
2025-11-16 15:26:02 - spektroskopi - WARNING - Zaman sıralama düzeltildi: 2025-11-16 15:26:02.863653
2025-11-16 15:26:02 - spektroskopi - WARNING - Zaman sıralama düzeltildi: 2025-11-16 15:26:02.864653
2025-11-16 15:26:02 - spektroskopi - WARNING - Zaman sıralama düzeltildi: 2025-11-16 15:26:02.865653
2025-11-16 15:26:02 - spektroskopi - WARNING - Zaman sıralama düzeltildi: 2025-11-16 15:26:02.866653
2025-11-16 15:26:02 - spektroskopi - WARNING - Zaman sıralama düzeltildi: 2025-11-16 15:26:02.867653
2025-11-16 15:26:02 - spektroskopi - WARNING - Zaman sıralama düzeltildi: 2025-11-16 15:26:02.868653
2025-11-16 15:26:02 - spektroskopi - WARNING - Zaman sıralama düzeltildi: 2025-11-16 15:26:02.869653
2025-11-16 15:26:02 - spektroskopi - INFO - Raspberry Pi'dan veri alındı: 6e400005-b5a3-f393-e0a9-e50e24dcca9e (Handle: 16): Unknown, uzunluk: 2
2025-11-16 15:26:02 - spektroskopi - INFO - Raspberry Pi verisi: Ham=3255, Voltaj=3255.000V
2025-11-16 15:26:02 - spektroskopi - INFO - Raspberry Pi verisi işlendi: SENSOR_EXTRA = 3255.000V
2025-11-16 15:26:03 - spektroskopi - INFO - Raspberry Pi'dan veri alındı: 6e400003-b5a3-f393-e0a9-e50e24dcca9e (Handle: 8): Nordic UART TX, uzunluk: 2
2025-11-16 15:26:03 - spektroskopi - INFO - Raspberry Pi verisi: Ham=720, Voltaj=720.000V
2025-11-16 15:26:03 - spektroskopi - INFO - Raspberry Pi verisi işlendi: SENSOR_5 = 720.000V
2025-11-16 15:26:03 - spektroskopi - INFO - Raspberry Pi'dan veri alındı: 6e400004-b5a3-f393-e0a9-e50e24dcca9e (Handle: 11): Unknown, uzunluk: 2
2025-11-16 15:26:03 - spektroskopi - INFO - Raspberry Pi verisi: Ham=696, Voltaj=696.000V
2025-11-16 15:26:03 - spektroskopi - INFO - Raspberry Pi verisi işlendi: SENSOR_7 = 696.000V
2025-11-16 15:26:03 - spektroskopi - INFO - Raspberry Pi'dan veri alındı: 6e400002-b5a3-f393-e0a9-e50e24dcca9e (Handle: 19): Nordic UART RX, uzunluk: 2
2025-11-16 15:26:03 - spektroskopi - INFO - Raspberry Pi verisi: Ham=3254, Voltaj=3254.000V
2025-11-16 15:26:03 - spektroskopi - INFO - Raspberry Pi verisi işlendi: SENSOR_2 = 3254.000V
2025-11-16 15:26:03 - spektroskopi - INFO - Raspberry Pi'dan veri alındı: 6e400005-b5a3-f393-e0a9-e50e24dcca9e (Handle: 16): Unknown, uzunluk: 2
2025-11-16 15:26:03 - spektroskopi - INFO - Raspberry Pi verisi: Ham=3255, Voltaj=3255.000V
2025-11-16 15:26:03 - spektroskopi - INFO - Raspberry Pi verisi işlendi: SENSOR_EXTRA = 3255.000V
2025-11-16 15:26:03 - spektroskopi - INFO - Raspberry Pi'dan veri alındı: 6e400003-b5a3-f393-e0a9-e50e24dcca9e (Handle: 8): Nordic UART TX, uzunluk: 2
2025-11-16 15:26:03 - spektroskopi - INFO - Raspberry Pi verisi: Ham=721, Voltaj=721.000V
2025-11-16 15:26:03 - spektroskopi - INFO - Raspberry Pi verisi işlendi: SENSOR_5 = 721.000V
2025-11-16 15:26:03 - spektroskopi - INFO - Raspberry Pi'dan veri alındı: 6e400004-b5a3-f393-e0a9-e50e24dcca9e (Handle: 11): Unknown, uzunluk: 2
2025-11-16 15:26:03 - spektroskopi - INFO - Raspberry Pi verisi: Ham=727, Voltaj=727.000V
2025-11-16 15:26:03 - spektroskopi - INFO - Raspberry Pi verisi işlendi: SENSOR_7 = 727.000V
2025-11-16 15:26:03 - spektroskopi - WARNING - Zaman sıralama düzeltildi: 2025-11-16 15:26:03.793705
2025-11-16 15:26:03 - spektroskopi - WARNING - Zaman sıralama düzeltildi: 2025-11-16 15:26:03.794705
2025-11-16 15:26:03 - spektroskopi - WARNING - Zaman sıralama düzeltildi: 2025-11-16 15:26:03.795705
2025-11-16 15:26:03 - spektroskopi - WARNING - Zaman sıralama düzeltildi: 2025-11-16 15:26:03.796705
2025-11-16 15:26:03 - spektroskopi - WARNING - Zaman sıralama düzeltildi: 2025-11-16 15:26:03.797705
2025-11-16 15:26:03 - spektroskopi - WARNING - Zaman sıralama düzeltildi: 2025-11-16 15:26:03.798705
2025-11-16 15:26:03 - spektroskopi - WARNING - Zaman sıralama düzeltildi: 2025-11-16 15:26:03.799705
2025-11-16 15:26:04 - spektroskopi - INFO - Raspberry Pi'dan veri alındı: 6e400002-b5a3-f393-e0a9-e50e24dcca9e (Handle: 19): Nordic UART RX, uzunluk: 2
2025-11-16 15:26:04 - spektroskopi - INFO - Raspberry Pi verisi: Ham=3254, Voltaj=3254.000V
2025-11-16 15:26:04 - spektroskopi - INFO - Raspberry Pi verisi işlendi: SENSOR_2 = 3254.000V
2025-11-16 15:26:04 - spektroskopi - INFO - Raspberry Pi'dan veri alındı: 6e400005-b5a3-f393-e0a9-e50e24dcca9e (Handle: 16): Unknown, uzunluk: 2
2025-11-16 15:26:04 - spektroskopi - INFO - Raspberry Pi verisi: Ham=3255, Voltaj=3255.000V
2025-11-16 15:26:04 - spektroskopi - INFO - Raspberry Pi verisi işlendi: SENSOR_EXTRA = 3255.000V
2025-11-16 15:26:04 - spektroskopi - INFO - Raspberry Pi'dan veri alındı: 6e400003-b5a3-f393-e0a9-e50e24dcca9e (Handle: 8): Nordic UART TX, uzunluk: 2
2025-11-16 15:26:04 - spektroskopi - INFO - Raspberry Pi verisi: Ham=726, Voltaj=726.000V
2025-11-16 15:26:04 - spektroskopi - INFO - Raspberry Pi verisi işlendi: SENSOR_5 = 726.000V
2025-11-16 15:26:04 - spektroskopi - INFO - Raspberry Pi'dan veri alındı: 6e400004-b5a3-f393-e0a9-e50e24dcca9e (Handle: 11): Unknown, uzunluk: 2
2025-11-16 15:26:04 - spektroskopi - INFO - Raspberry Pi verisi: Ham=741, Voltaj=741.000V
2025-11-16 15:26:04 - spektroskopi - INFO - Raspberry Pi verisi işlendi: SENSOR_7 = 741.000V
2025-11-16 15:26:04 - spektroskopi - INFO - Raspberry Pi'dan veri alındı: 6e400002-b5a3-f393-e0a9-e50e24dcca9e (Handle: 19): Nordic UART RX, uzunluk: 2
2025-11-16 15:26:04 - spektroskopi - INFO - Raspberry Pi verisi: Ham=3254, Voltaj=3254.000V
2025-11-16 15:26:04 - spektroskopi - INFO - Raspberry Pi verisi işlendi: SENSOR_2 = 3254.000V
2025-11-16 15:26:04 - spektroskopi - INFO - Raspberry Pi'dan veri alındı: 6e400005-b5a3-f393-e0a9-e50e24dcca9e (Handle: 16): Unknown, uzunluk: 2
2025-11-16 15:26:04 - spektroskopi - INFO - Raspberry Pi verisi: Ham=3255, Voltaj=3255.000V
2025-11-16 15:26:04 - spektroskopi - INFO - Raspberry Pi verisi işlendi: SENSOR_EXTRA = 3255.000V
2025-11-16 15:26:04 - spektroskopi - INFO - Raspberry Pi'dan veri alındı: 6e400003-b5a3-f393-e0a9-e50e24dcca9e (Handle: 8): Nordic UART TX, uzunluk: 2
2025-11-16 15:26:04 - spektroskopi - INFO - Raspberry Pi verisi: Ham=725, Voltaj=725.000V
2025-11-16 15:26:04 - spektroskopi - INFO - Raspberry Pi verisi işlendi: SENSOR_5 = 725.000V
2025-11-16 15:26:04 - spektroskopi - INFO - Raspberry Pi'dan veri alındı: 6e400004-b5a3-f393-e0a9-e50e24dcca9e (Handle: 11): Unknown, uzunluk: 2
2025-11-16 15:26:04 - spektroskopi - INFO - Raspberry Pi verisi: Ham=756, Voltaj=756.000V
2025-11-16 15:26:04 - spektroskopi - INFO - Raspberry Pi verisi işlendi: SENSOR_7 = 756.000V
2025-11-16 15:26:04 - spektroskopi - WARNING - Zaman sıralama düzeltildi: 2025-11-16 15:26:04.933471
2025-11-16 15:26:04 - spektroskopi - WARNING - Zaman sıralama düzeltildi: 2025-11-16 15:26:04.934471
2025-11-16 15:26:04 - spektroskopi - WARNING - Zaman sıralama düzeltildi: 2025-11-16 15:26:04.935471
2025-11-16 15:26:04 - spektroskopi - WARNING - Zaman sıralama düzeltildi: 2025-11-16 15:26:04.936471
2025-11-16 15:26:04 - spektroskopi - WARNING - Zaman sıralama düzeltildi: 2025-11-16 15:26:04.937471
2025-11-16 15:26:04 - spektroskopi - WARNING - Zaman sıralama düzeltildi: 2025-11-16 15:26:04.938471
2025-11-16 15:26:04 - spektroskopi - WARNING - Zaman sıralama düzeltildi: 2025-11-16 15:26:04.939471
2025-11-16 15:26:04 - spektroskopi - WARNING - Zaman sıralama düzeltildi: 2025-11-16 15:26:04.940471
2025-11-16 15:26:05 - spektroskopi - INFO - Raspberry Pi'dan veri alındı: 6e400002-b5a3-f393-e0a9-e50e24dcca9e (Handle: 19): Nordic UART RX, uzunluk: 2
2025-11-16 15:26:05 - spektroskopi - INFO - Raspberry Pi verisi: Ham=3254, Voltaj=3254.000V
2025-11-16 15:26:05 - spektroskopi - INFO - Raspberry Pi verisi işlendi: SENSOR_2 = 3254.000V
2025-11-16 15:26:05 - spektroskopi - INFO - Raspberry Pi'dan veri alındı: 6e400005-b5a3-f393-e0a9-e50e24dcca9e (Handle: 16): Unknown, uzunluk: 2
2025-11-16 15:26:05 - spektroskopi - INFO - Raspberry Pi verisi: Ham=3255, Voltaj=3255.000V
2025-11-16 15:26:05 - spektroskopi - INFO - Raspberry Pi verisi işlendi: SENSOR_EXTRA = 3255.000V
2025-11-16 15:26:05 - spektroskopi - INFO - Raspberry Pi'dan veri alındı: 6e400003-b5a3-f393-e0a9-e50e24dcca9e (Handle: 8): Nordic UART TX, uzunluk: 2
2025-11-16 15:26:05 - spektroskopi - INFO - Raspberry Pi verisi: Ham=728, Voltaj=728.000V
2025-11-16 15:26:05 - spektroskopi - INFO - Raspberry Pi verisi işlendi: SENSOR_5 = 728.000V
2025-11-16 15:26:05 - spektroskopi - INFO - Raspberry Pi'dan veri alındı: 6e400004-b5a3-f393-e0a9-e50e24dcca9e (Handle: 11): Unknown, uzunluk: 2
2025-11-16 15:26:05 - spektroskopi - INFO - Raspberry Pi verisi: Ham=719, Voltaj=719.000V
2025-11-16 15:26:05 - spektroskopi - INFO - Raspberry Pi verisi işlendi: SENSOR_7 = 719.000V
2025-11-16 15:26:05 - spektroskopi - INFO - Raspberry Pi'dan veri alındı: 6e400002-b5a3-f393-e0a9-e50e24dcca9e (Handle: 19): Nordic UART RX, uzunluk: 2
2025-11-16 15:26:05 - spektroskopi - INFO - Raspberry Pi verisi: Ham=3254, Voltaj=3254.000V
2025-11-16 15:26:05 - spektroskopi - INFO - Raspberry Pi verisi işlendi: SENSOR_2 = 3254.000V
2025-11-16 15:26:05 - spektroskopi - INFO - Raspberry Pi'dan veri alındı: 6e400005-b5a3-f393-e0a9-e50e24dcca9e (Handle: 16): Unknown, uzunluk: 2
2025-11-16 15:26:05 - spektroskopi - INFO - Raspberry Pi verisi: Ham=3255, Voltaj=3255.000V
2025-11-16 15:26:05 - spektroskopi - INFO - Raspberry Pi verisi işlendi: SENSOR_EXTRA = 3255.000V
2025-11-16 15:26:05 - spektroskopi - WARNING - Zaman sıralama düzeltildi: 2025-11-16 15:26:05.833530
2025-11-16 15:26:05 - spektroskopi - WARNING - Zaman sıralama düzeltildi: 2025-11-16 15:26:05.834530
2025-11-16 15:26:05 - spektroskopi - WARNING - Zaman sıralama düzeltildi: 2025-11-16 15:26:05.835530
2025-11-16 15:26:05 - spektroskopi - WARNING - Zaman sıralama düzeltildi: 2025-11-16 15:26:05.836530
2025-11-16 15:26:05 - spektroskopi - WARNING - Zaman sıralama düzeltildi: 2025-11-16 15:26:05.837530
2025-11-16 15:26:05 - spektroskopi - WARNING - Zaman sıralama düzeltildi: 2025-11-16 15:26:05.838530
2025-11-16 15:26:05 - spektroskopi - INFO - Raspberry Pi'dan veri alındı: 6e400003-b5a3-f393-e0a9-e50e24dcca9e (Handle: 8): Nordic UART TX, uzunluk: 2
2025-11-16 15:26:05 - spektroskopi - INFO - Raspberry Pi verisi: Ham=725, Voltaj=725.000V
2025-11-16 15:26:05 - spektroskopi - INFO - Raspberry Pi verisi işlendi: SENSOR_5 = 725.000V
2025-11-16 15:26:06 - spektroskopi - INFO - Raspberry Pi'dan veri alındı: 6e400004-b5a3-f393-e0a9-e50e24dcca9e (Handle: 11): Unknown, uzunluk: 2
2025-11-16 15:26:06 - spektroskopi - INFO - Raspberry Pi verisi: Ham=722, Voltaj=722.000V
2025-11-16 15:26:06 - spektroskopi - INFO - Raspberry Pi verisi işlendi: SENSOR_7 = 722.000V
2025-11-16 15:26:06 - spektroskopi - INFO - Raspberry Pi'dan veri alındı: 6e400002-b5a3-f393-e0a9-e50e24dcca9e (Handle: 19): Nordic UART RX, uzunluk: 2
2025-11-16 15:26:06 - spektroskopi - INFO - Raspberry Pi verisi: Ham=3254, Voltaj=3254.000V
2025-11-16 15:26:06 - spektroskopi - INFO - Raspberry Pi verisi işlendi: SENSOR_2 = 3254.000V
2025-11-16 15:26:06 - spektroskopi - INFO - Raspberry Pi'dan veri alındı: 6e400005-b5a3-f393-e0a9-e50e24dcca9e (Handle: 16): Unknown, uzunluk: 2
2025-11-16 15:26:06 - spektroskopi - INFO - Raspberry Pi verisi: Ham=3255, Voltaj=3255.000V
2025-11-16 15:26:06 - spektroskopi - INFO - Raspberry Pi verisi işlendi: SENSOR_EXTRA = 3255.000V
2025-11-16 15:26:06 - spektroskopi - INFO - Raspberry Pi'dan veri alındı: 6e400003-b5a3-f393-e0a9-e50e24dcca9e (Handle: 8): Nordic UART TX, uzunluk: 2
2025-11-16 15:26:06 - spektroskopi - INFO - Raspberry Pi verisi: Ham=727, Voltaj=727.000V
2025-11-16 15:26:06 - spektroskopi - INFO - Raspberry Pi verisi işlendi: SENSOR_5 = 727.000V
2025-11-16 15:26:06 - spektroskopi - INFO - Raspberry Pi'dan veri alındı: 6e400004-b5a3-f393-e0a9-e50e24dcca9e (Handle: 11): Unknown, uzunluk: 2
2025-11-16 15:26:06 - spektroskopi - INFO - Raspberry Pi verisi: Ham=732, Voltaj=732.000V
2025-11-16 15:26:06 - spektroskopi - INFO - Raspberry Pi verisi işlendi: SENSOR_7 = 732.000V
2025-11-16 15:26:06 - spektroskopi - INFO - Raspberry Pi'dan veri alındı: 6e400002-b5a3-f393-e0a9-e50e24dcca9e (Handle: 19): Nordic UART RX, uzunluk: 2
2025-11-16 15:26:06 - spektroskopi - INFO - Raspberry Pi verisi: Ham=3253, Voltaj=3253.000V
2025-11-16 15:26:06 - spektroskopi - INFO - Raspberry Pi verisi işlendi: SENSOR_2 = 3253.000V
2025-11-16 15:26:06 - spektroskopi - WARNING - Zaman sıralama düzeltildi: 2025-11-16 15:26:06.853375
2025-11-16 15:26:06 - spektroskopi - WARNING - Zaman sıralama düzeltildi: 2025-11-16 15:26:06.854375
2025-11-16 15:26:06 - spektroskopi - WARNING - Zaman sıralama düzeltildi: 2025-11-16 15:26:06.855375
2025-11-16 15:26:06 - spektroskopi - WARNING - Zaman sıralama düzeltildi: 2025-11-16 15:26:06.856375
2025-11-16 15:26:06 - spektroskopi - WARNING - Zaman sıralama düzeltildi: 2025-11-16 15:26:06.857375
2025-11-16 15:26:06 - spektroskopi - WARNING - Zaman sıralama düzeltildi: 2025-11-16 15:26:06.858375
2025-11-16 15:26:06 - spektroskopi - WARNING - Zaman sıralama düzeltildi: 2025-11-16 15:26:06.859375
2025-11-16 15:26:06 - spektroskopi - INFO - Raspberry Pi'dan veri alındı: 6e400005-b5a3-f393-e0a9-e50e24dcca9e (Handle: 16): Unknown, uzunluk: 2
2025-11-16 15:26:06 - spektroskopi - INFO - Raspberry Pi verisi: Ham=3255, Voltaj=3255.000V
2025-11-16 15:26:06 - spektroskopi - INFO - Raspberry Pi verisi işlendi: SENSOR_EXTRA = 3255.000V
2025-11-16 15:26:07 - spektroskopi - INFO - Raspberry Pi'dan veri alındı: 6e400003-b5a3-f393-e0a9-e50e24dcca9e (Handle: 8): Nordic UART TX, uzunluk: 2
2025-11-16 15:26:07 - spektroskopi - INFO - Raspberry Pi verisi: Ham=726, Voltaj=726.000V
2025-11-16 15:26:07 - spektroskopi - INFO - Raspberry Pi verisi işlendi: SENSOR_5 = 726.000V
2025-11-16 15:26:07 - spektroskopi - INFO - Raspberry Pi'dan veri alındı: 6e400004-b5a3-f393-e0a9-e50e24dcca9e (Handle: 11): Unknown, uzunluk: 2
2025-11-16 15:26:07 - spektroskopi - INFO - Raspberry Pi verisi: Ham=726, Voltaj=726.000V
2025-11-16 15:26:07 - spektroskopi - INFO - Raspberry Pi verisi işlendi: SENSOR_7 = 726.000V
2025-11-16 15:26:07 - spektroskopi - INFO - Raspberry Pi'dan veri alındı: 6e400002-b5a3-f393-e0a9-e50e24dcca9e (Handle: 19): Nordic UART RX, uzunluk: 2
2025-11-16 15:26:07 - spektroskopi - INFO - Raspberry Pi verisi: Ham=3254, Voltaj=3254.000V
2025-11-16 15:26:07 - spektroskopi - INFO - Raspberry Pi verisi işlendi: SENSOR_2 = 3254.000V
2025-11-16 15:26:07 - spektroskopi - INFO - Raspberry Pi'dan veri alındı: 6e400005-b5a3-f393-e0a9-e50e24dcca9e (Handle: 16): Unknown, uzunluk: 2
2025-11-16 15:26:07 - spektroskopi - INFO - Raspberry Pi verisi: Ham=3255, Voltaj=3255.000V
2025-11-16 15:26:07 - spektroskopi - INFO - Raspberry Pi verisi işlendi: SENSOR_EXTRA = 3255.000V
2025-11-16 15:26:07 - spektroskopi - INFO - Raspberry Pi'dan veri alındı: 6e400003-b5a3-f393-e0a9-e50e24dcca9e (Handle: 8): Nordic UART TX, uzunluk: 2
2025-11-16 15:26:07 - spektroskopi - INFO - Raspberry Pi verisi: Ham=726, Voltaj=726.000V
2025-11-16 15:26:07 - spektroskopi - INFO - Raspberry Pi verisi işlendi: SENSOR_5 = 726.000V
2025-11-16 15:26:07 - spektroskopi - INFO - Raspberry Pi'dan veri alındı: 6e400004-b5a3-f393-e0a9-e50e24dcca9e (Handle: 11): Unknown, uzunluk: 2
2025-11-16 15:26:07 - spektroskopi - INFO - Raspberry Pi verisi: Ham=708, Voltaj=708.000V
2025-11-16 15:26:07 - spektroskopi - INFO - Raspberry Pi verisi işlendi: SENSOR_7 = 708.000V
2025-11-16 15:26:07 - spektroskopi - WARNING - Zaman sıralama düzeltildi: 2025-11-16 15:26:07.813570
2025-11-16 15:26:07 - spektroskopi - WARNING - Zaman sıralama düzeltildi: 2025-11-16 15:26:07.814570
2025-11-16 15:26:07 - spektroskopi - WARNING - Zaman sıralama düzeltildi: 2025-11-16 15:26:07.815570
2025-11-16 15:26:07 - spektroskopi - WARNING - Zaman sıralama düzeltildi: 2025-11-16 15:26:07.816570
2025-11-16 15:26:07 - spektroskopi - WARNING - Zaman sıralama düzeltildi: 2025-11-16 15:26:07.817570
2025-11-16 15:26:07 - spektroskopi - WARNING - Zaman sıralama düzeltildi: 2025-11-16 15:26:07.818570
2025-11-16 15:26:07 - spektroskopi - WARNING - Zaman sıralama düzeltildi: 2025-11-16 15:26:07.819570
2025-11-16 15:26:07 - spektroskopi - INFO - Raspberry Pi'dan veri alındı: 6e400002-b5a3-f393-e0a9-e50e24dcca9e (Handle: 19): Nordic UART RX, uzunluk: 2
2025-11-16 15:26:07 - spektroskopi - INFO - Raspberry Pi verisi: Ham=3253, Voltaj=3253.000V
2025-11-16 15:26:07 - spektroskopi - INFO - Raspberry Pi verisi işlendi: SENSOR_2 = 3253.000V
2025-11-16 15:26:08 - spektroskopi - INFO - Raspberry Pi'dan veri alındı: 6e400005-b5a3-f393-e0a9-e50e24dcca9e (Handle: 16): Unknown, uzunluk: 2
2025-11-16 15:26:08 - spektroskopi - INFO - Raspberry Pi verisi: Ham=3255, Voltaj=3255.000V
2025-11-16 15:26:08 - spektroskopi - INFO - Raspberry Pi verisi işlendi: SENSOR_EXTRA = 3255.000V
2025-11-16 15:26:08 - spektroskopi - INFO - Raspberry Pi'dan veri alındı: 6e400003-b5a3-f393-e0a9-e50e24dcca9e (Handle: 8): Nordic UART TX, uzunluk: 2
2025-11-16 15:26:08 - spektroskopi - INFO - Raspberry Pi verisi: Ham=725, Voltaj=725.000V
2025-11-16 15:26:08 - spektroskopi - INFO - Raspberry Pi verisi işlendi: SENSOR_5 = 725.000V
2025-11-16 15:26:08 - spektroskopi - INFO - Raspberry Pi'dan veri alındı: 6e400004-b5a3-f393-e0a9-e50e24dcca9e (Handle: 11): Unknown, uzunluk: 2
2025-11-16 15:26:08 - spektroskopi - INFO - Raspberry Pi verisi: Ham=714, Voltaj=714.000V
2025-11-16 15:26:08 - spektroskopi - INFO - Raspberry Pi verisi işlendi: SENSOR_7 = 714.000V
2025-11-16 15:26:08 - spektroskopi - INFO - Raspberry Pi'dan veri alındı: 6e400002-b5a3-f393-e0a9-e50e24dcca9e (Handle: 19): Nordic UART RX, uzunluk: 2
2025-11-16 15:26:08 - spektroskopi - INFO - Raspberry Pi verisi: Ham=3253, Voltaj=3253.000V
2025-11-16 15:26:08 - spektroskopi - INFO - Raspberry Pi verisi işlendi: SENSOR_2 = 3253.000V
2025-11-16 15:26:08 - spektroskopi - INFO - Raspberry Pi'dan veri alındı: 6e400005-b5a3-f393-e0a9-e50e24dcca9e (Handle: 16): Unknown, uzunluk: 2
2025-11-16 15:26:08 - spektroskopi - INFO - Raspberry Pi verisi: Ham=3255, Voltaj=3255.000V
2025-11-16 15:26:08 - spektroskopi - INFO - Raspberry Pi verisi işlendi: SENSOR_EXTRA = 3255.000V
2025-11-16 15:26:08 - spektroskopi - INFO - Raspberry Pi'dan veri alındı: 6e400003-b5a3-f393-e0a9-e50e24dcca9e (Handle: 8): Nordic UART TX, uzunluk: 2
2025-11-16 15:26:08 - spektroskopi - INFO - Raspberry Pi verisi: Ham=724, Voltaj=724.000V
2025-11-16 15:26:08 - spektroskopi - INFO - Raspberry Pi verisi işlendi: SENSOR_5 = 724.000V
2025-11-16 15:26:08 - spektroskopi - WARNING - Zaman sıralama düzeltildi: 2025-11-16 15:26:08.833668
2025-11-16 15:26:08 - spektroskopi - WARNING - Zaman sıralama düzeltildi: 2025-11-16 15:26:08.834668
2025-11-16 15:26:08 - spektroskopi - WARNING - Zaman sıralama düzeltildi: 2025-11-16 15:26:08.835668
2025-11-16 15:26:08 - spektroskopi - WARNING - Zaman sıralama düzeltildi: 2025-11-16 15:26:08.836668
2025-11-16 15:26:08 - spektroskopi - WARNING - Zaman sıralama düzeltildi: 2025-11-16 15:26:08.837668
2025-11-16 15:26:08 - spektroskopi - WARNING - Zaman sıralama düzeltildi: 2025-11-16 15:26:08.838668
2025-11-16 15:26:08 - spektroskopi - WARNING - Zaman sıralama düzeltildi: 2025-11-16 15:26:08.839668
2025-11-16 15:26:08 - spektroskopi - INFO - Raspberry Pi'dan veri alındı: 6e400004-b5a3-f393-e0a9-e50e24dcca9e (Handle: 11): Unknown, uzunluk: 2
2025-11-16 15:26:08 - spektroskopi - INFO - Raspberry Pi verisi: Ham=630, Voltaj=630.000V
2025-11-16 15:26:08 - spektroskopi - INFO - Raspberry Pi verisi işlendi: SENSOR_7 = 630.000V
2025-11-16 15:26:09 - spektroskopi - INFO - Raspberry Pi'dan veri alındı: 6e400002-b5a3-f393-e0a9-e50e24dcca9e (Handle: 19): Nordic UART RX, uzunluk: 2
2025-11-16 15:26:09 - spektroskopi - INFO - Raspberry Pi verisi: Ham=3253, Voltaj=3253.000V
2025-11-16 15:26:09 - spektroskopi - INFO - Raspberry Pi verisi işlendi: SENSOR_2 = 3253.000V
2025-11-16 15:26:09 - spektroskopi - INFO - Raspberry Pi'dan veri alındı: 6e400005-b5a3-f393-e0a9-e50e24dcca9e (Handle: 16): Unknown, uzunluk: 2
2025-11-16 15:26:09 - spektroskopi - INFO - Raspberry Pi verisi: Ham=3254, Voltaj=3254.000V
2025-11-16 15:26:09 - spektroskopi - INFO - Raspberry Pi verisi işlendi: SENSOR_EXTRA = 3254.000V
2025-11-16 15:26:09 - spektroskopi - INFO - Raspberry Pi'dan veri alındı: 6e400003-b5a3-f393-e0a9-e50e24dcca9e (Handle: 8): Nordic UART TX, uzunluk: 2
2025-11-16 15:26:09 - spektroskopi - INFO - Raspberry Pi verisi: Ham=630, Voltaj=630.000V
2025-11-16 15:26:09 - spektroskopi - INFO - Raspberry Pi verisi işlendi: SENSOR_5 = 630.000V
2025-11-16 15:26:09 - spektroskopi - INFO - Raspberry Pi'dan veri alındı: 6e400004-b5a3-f393-e0a9-e50e24dcca9e (Handle: 11): Unknown, uzunluk: 2
2025-11-16 15:26:09 - spektroskopi - INFO - Raspberry Pi verisi: Ham=309, Voltaj=309.000V
2025-11-16 15:26:09 - spektroskopi - INFO - Raspberry Pi verisi işlendi: SENSOR_7 = 309.000V
2025-11-16 15:26:09 - spektroskopi - INFO - Raspberry Pi'dan veri alındı: 6e400002-b5a3-f393-e0a9-e50e24dcca9e (Handle: 19): Nordic UART RX, uzunluk: 2
2025-11-16 15:26:09 - spektroskopi - INFO - Raspberry Pi verisi: Ham=586, Voltaj=586.000V
2025-11-16 15:26:09 - spektroskopi - INFO - Raspberry Pi verisi işlendi: SENSOR_2 = 586.000V
2025-11-16 15:26:09 - spektroskopi - INFO - Raspberry Pi'dan veri alındı: 6e400005-b5a3-f393-e0a9-e50e24dcca9e (Handle: 16): Unknown, uzunluk: 2
2025-11-16 15:26:09 - spektroskopi - INFO - Raspberry Pi verisi: Ham=167, Voltaj=167.000V
2025-11-16 15:26:09 - spektroskopi - INFO - Raspberry Pi verisi işlendi: SENSOR_EXTRA = 167.000V
2025-11-16 15:26:09 - spektroskopi - WARNING - Zaman sıralama düzeltildi: 2025-11-16 15:26:09.853260
2025-11-16 15:26:09 - spektroskopi - WARNING - Zaman sıralama düzeltildi: 2025-11-16 15:26:09.854260
2025-11-16 15:26:09 - spektroskopi - WARNING - Zaman sıralama düzeltildi: 2025-11-16 15:26:09.855260
2025-11-16 15:26:09 - spektroskopi - WARNING - Zaman sıralama düzeltildi: 2025-11-16 15:26:09.856260
2025-11-16 15:26:09 - spektroskopi - WARNING - Zaman sıralama düzeltildi: 2025-11-16 15:26:09.857260
2025-11-16 15:26:09 - spektroskopi - WARNING - Zaman sıralama düzeltildi: 2025-11-16 15:26:09.858260
2025-11-16 15:26:09 - spektroskopi - WARNING - Zaman sıralama düzeltildi: 2025-11-16 15:26:09.859260
2025-11-16 15:26:09 - spektroskopi - INFO - Raspberry Pi'dan veri alındı: 6e400003-b5a3-f393-e0a9-e50e24dcca9e (Handle: 8): Nordic UART TX, uzunluk: 2
2025-11-16 15:26:09 - spektroskopi - INFO - Raspberry Pi verisi: Ham=324, Voltaj=324.000V
2025-11-16 15:26:09 - spektroskopi - INFO - Raspberry Pi verisi işlendi: SENSOR_5 = 324.000V
2025-11-16 15:26:10 - spektroskopi - INFO - Raspberry Pi'dan veri alındı: 6e400004-b5a3-f393-e0a9-e50e24dcca9e (Handle: 11): Unknown, uzunluk: 2
2025-11-16 15:26:10 - spektroskopi - INFO - Raspberry Pi verisi: Ham=137, Voltaj=137.000V
2025-11-16 15:26:10 - spektroskopi - INFO - Raspberry Pi verisi işlendi: SENSOR_7 = 137.000V
2025-11-16 15:26:10 - spektroskopi - INFO - Raspberry Pi'dan veri alındı: 6e400002-b5a3-f393-e0a9-e50e24dcca9e (Handle: 19): Nordic UART RX, uzunluk: 2
2025-11-16 15:26:10 - spektroskopi - INFO - Raspberry Pi verisi: Ham=108, Voltaj=108.000V
2025-11-16 15:26:10 - spektroskopi - INFO - Raspberry Pi verisi işlendi: SENSOR_2 = 108.000V
2025-11-16 15:26:10 - spektroskopi - INFO - Raspberry Pi'dan veri alındı: 6e400005-b5a3-f393-e0a9-e50e24dcca9e (Handle: 16): Unknown, uzunluk: 2
2025-11-16 15:26:10 - spektroskopi - INFO - Raspberry Pi verisi: Ham=110, Voltaj=110.000V
2025-11-16 15:26:10 - spektroskopi - INFO - Raspberry Pi verisi işlendi: SENSOR_EXTRA = 110.000V
2025-11-16 15:26:10 - spektroskopi - INFO - Raspberry Pi'dan veri alındı: 6e400003-b5a3-f393-e0a9-e50e24dcca9e (Handle: 8): Nordic UART TX, uzunluk: 2
2025-11-16 15:26:10 - spektroskopi - INFO - Raspberry Pi verisi: Ham=378, Voltaj=378.000V
2025-11-16 15:26:10 - spektroskopi - INFO - Raspberry Pi verisi işlendi: SENSOR_5 = 378.000V
2025-11-16 15:26:10 - spektroskopi - INFO - Raspberry Pi'dan veri alındı: 6e400004-b5a3-f393-e0a9-e50e24dcca9e (Handle: 11): Unknown, uzunluk: 2
2025-11-16 15:26:10 - spektroskopi - INFO - Raspberry Pi verisi: Ham=134, Voltaj=134.000V
2025-11-16 15:26:10 - spektroskopi - INFO - Raspberry Pi verisi işlendi: SENSOR_7 = 134.000V
2025-11-16 15:26:10 - spektroskopi - INFO - Raspberry Pi'dan veri alındı: 6e400002-b5a3-f393-e0a9-e50e24dcca9e (Handle: 19): Nordic UART RX, uzunluk: 2
2025-11-16 15:26:10 - spektroskopi - INFO - Raspberry Pi verisi: Ham=108, Voltaj=108.000V
2025-11-16 15:26:10 - spektroskopi - INFO - Raspberry Pi verisi işlendi: SENSOR_2 = 108.000V
2025-11-16 15:26:10 - spektroskopi - WARNING - Zaman sıralama düzeltildi: 2025-11-16 15:26:10.873895
2025-11-16 15:26:10 - spektroskopi - WARNING - Zaman sıralama düzeltildi: 2025-11-16 15:26:10.874895
2025-11-16 15:26:10 - spektroskopi - WARNING - Zaman sıralama düzeltildi: 2025-11-16 15:26:10.875895
2025-11-16 15:26:10 - spektroskopi - WARNING - Zaman sıralama düzeltildi: 2025-11-16 15:26:10.876895
2025-11-16 15:26:10 - spektroskopi - WARNING - Zaman sıralama düzeltildi: 2025-11-16 15:26:10.877895
2025-11-16 15:26:10 - spektroskopi - WARNING - Zaman sıralama düzeltildi: 2025-11-16 15:26:10.878895
2025-11-16 15:26:10 - spektroskopi - WARNING - Zaman sıralama düzeltildi: 2025-11-16 15:26:10.879895
2025-11-16 15:26:10 - spektroskopi - INFO - Raspberry Pi'dan veri alındı: 6e400005-b5a3-f393-e0a9-e50e24dcca9e (Handle: 16): Unknown, uzunluk: 2
2025-11-16 15:26:10 - spektroskopi - INFO - Raspberry Pi verisi: Ham=98, Voltaj=98.000V
2025-11-16 15:26:10 - spektroskopi - INFO - Raspberry Pi verisi işlendi: SENSOR_EXTRA = 98.000V
2025-11-16 15:26:11 - spektroskopi - INFO - Raspberry Pi'dan veri alındı: 6e400003-b5a3-f393-e0a9-e50e24dcca9e (Handle: 8): Nordic UART TX, uzunluk: 2
2025-11-16 15:26:11 - spektroskopi - INFO - Raspberry Pi verisi: Ham=371, Voltaj=371.000V
2025-11-16 15:26:11 - spektroskopi - INFO - Raspberry Pi verisi işlendi: SENSOR_5 = 371.000V
2025-11-16 15:26:11 - spektroskopi - INFO - Raspberry Pi'dan veri alındı: 6e400004-b5a3-f393-e0a9-e50e24dcca9e (Handle: 11): Unknown, uzunluk: 2
2025-11-16 15:26:11 - spektroskopi - INFO - Raspberry Pi verisi: Ham=134, Voltaj=134.000V
2025-11-16 15:26:11 - spektroskopi - INFO - Raspberry Pi verisi işlendi: SENSOR_7 = 134.000V
2025-11-16 15:26:11 - spektroskopi - INFO - Raspberry Pi'dan veri alındı: 6e400002-b5a3-f393-e0a9-e50e24dcca9e (Handle: 19): Nordic UART RX, uzunluk: 2
2025-11-16 15:26:11 - spektroskopi - INFO - Raspberry Pi verisi: Ham=106, Voltaj=106.000V
2025-11-16 15:26:11 - spektroskopi - INFO - Raspberry Pi verisi işlendi: SENSOR_2 = 106.000V
2025-11-16 15:26:11 - spektroskopi - INFO - Raspberry Pi'dan veri alındı: 6e400005-b5a3-f393-e0a9-e50e24dcca9e (Handle: 16): Unknown, uzunluk: 2
2025-11-16 15:26:11 - spektroskopi - INFO - Raspberry Pi verisi: Ham=96, Voltaj=96.000V
2025-11-16 15:26:11 - spektroskopi - INFO - Raspberry Pi verisi işlendi: SENSOR_EXTRA = 96.000V
2025-11-16 15:26:11 - spektroskopi - INFO - Raspberry Pi'dan veri alındı: 6e400003-b5a3-f393-e0a9-e50e24dcca9e (Handle: 8): Nordic UART TX, uzunluk: 2
2025-11-16 15:26:11 - spektroskopi - INFO - Raspberry Pi verisi: Ham=371, Voltaj=371.000V
2025-11-16 15:26:11 - spektroskopi - INFO - Raspberry Pi verisi işlendi: SENSOR_5 = 371.000V
2025-11-16 15:26:11 - spektroskopi - INFO - Raspberry Pi'dan veri alındı: 6e400004-b5a3-f393-e0a9-e50e24dcca9e (Handle: 11): Unknown, uzunluk: 2
2025-11-16 15:26:11 - spektroskopi - INFO - Raspberry Pi verisi: Ham=132, Voltaj=132.000V
2025-11-16 15:26:11 - spektroskopi - INFO - Raspberry Pi verisi işlendi: SENSOR_7 = 132.000V
2025-11-16 15:26:11 - spektroskopi - WARNING - Zaman sıralama düzeltildi: 2025-11-16 15:26:11.803916
2025-11-16 15:26:11 - spektroskopi - WARNING - Zaman sıralama düzeltildi: 2025-11-16 15:26:11.804916
2025-11-16 15:26:11 - spektroskopi - WARNING - Zaman sıralama düzeltildi: 2025-11-16 15:26:11.805916
2025-11-16 15:26:11 - spektroskopi - WARNING - Zaman sıralama düzeltildi: 2025-11-16 15:26:11.806916
2025-11-16 15:26:11 - spektroskopi - WARNING - Zaman sıralama düzeltildi: 2025-11-16 15:26:11.807916
2025-11-16 15:26:11 - spektroskopi - WARNING - Zaman sıralama düzeltildi: 2025-11-16 15:26:11.808916
2025-11-16 15:26:11 - spektroskopi - WARNING - Zaman sıralama düzeltildi: 2025-11-16 15:26:11.809916
2025-11-16 15:26:12 - spektroskopi - INFO - Raspberry Pi'dan veri alındı: 6e400002-b5a3-f393-e0a9-e50e24dcca9e (Handle: 19): Nordic UART RX, uzunluk: 2
2025-11-16 15:26:12 - spektroskopi - INFO - Raspberry Pi verisi: Ham=108, Voltaj=108.000V
2025-11-16 15:26:12 - spektroskopi - INFO - Raspberry Pi verisi işlendi: SENSOR_2 = 108.000V
2025-11-16 15:26:12 - spektroskopi - INFO - Raspberry Pi'dan veri alındı: 6e400005-b5a3-f393-e0a9-e50e24dcca9e (Handle: 16): Unknown, uzunluk: 2
2025-11-16 15:26:12 - spektroskopi - INFO - Raspberry Pi verisi: Ham=96, Voltaj=96.000V
2025-11-16 15:26:12 - spektroskopi - INFO - Raspberry Pi verisi işlendi: SENSOR_EXTRA = 96.000V
2025-11-16 15:26:12 - spektroskopi - INFO - Raspberry Pi'dan veri alındı: 6e400003-b5a3-f393-e0a9-e50e24dcca9e (Handle: 8): Nordic UART TX, uzunluk: 2
2025-11-16 15:26:12 - spektroskopi - INFO - Raspberry Pi verisi: Ham=372, Voltaj=372.000V
2025-11-16 15:26:12 - spektroskopi - INFO - Raspberry Pi verisi işlendi: SENSOR_5 = 372.000V
2025-11-16 15:26:12 - spektroskopi - INFO - Raspberry Pi'dan veri alındı: 6e400004-b5a3-f393-e0a9-e50e24dcca9e (Handle: 11): Unknown, uzunluk: 2
2025-11-16 15:26:12 - spektroskopi - INFO - Raspberry Pi verisi: Ham=134, Voltaj=134.000V
2025-11-16 15:26:12 - spektroskopi - INFO - Raspberry Pi verisi işlendi: SENSOR_7 = 134.000V
2025-11-16 15:26:12 - spektroskopi - INFO - Raspberry Pi'dan veri alındı: 6e400002-b5a3-f393-e0a9-e50e24dcca9e (Handle: 19): Nordic UART RX, uzunluk: 2
2025-11-16 15:26:12 - spektroskopi - INFO - Raspberry Pi verisi: Ham=109, Voltaj=109.000V
2025-11-16 15:26:12 - spektroskopi - INFO - Raspberry Pi verisi işlendi: SENSOR_2 = 109.000V
2025-11-16 15:26:12 - spektroskopi - INFO - Raspberry Pi'dan veri alındı: 6e400005-b5a3-f393-e0a9-e50e24dcca9e (Handle: 16): Unknown, uzunluk: 2
2025-11-16 15:26:12 - spektroskopi - INFO - Raspberry Pi verisi: Ham=576, Voltaj=576.000V
2025-11-16 15:26:12 - spektroskopi - INFO - Raspberry Pi verisi işlendi: SENSOR_EXTRA = 576.000V
2025-11-16 15:26:12 - spektroskopi - INFO - Raspberry Pi'dan veri alındı: 6e400003-b5a3-f393-e0a9-e50e24dcca9e (Handle: 8): Nordic UART TX, uzunluk: 2
2025-11-16 15:26:12 - spektroskopi - INFO - Raspberry Pi verisi: Ham=678, Voltaj=678.000V
2025-11-16 15:26:12 - spektroskopi - INFO - Raspberry Pi verisi işlendi: SENSOR_5 = 678.000V
2025-11-16 15:26:12 - spektroskopi - WARNING - Zaman sıralama düzeltildi: 2025-11-16 15:26:12.853761
2025-11-16 15:26:12 - spektroskopi - WARNING - Zaman sıralama düzeltildi: 2025-11-16 15:26:12.854761
2025-11-16 15:26:12 - spektroskopi - WARNING - Zaman sıralama düzeltildi: 2025-11-16 15:26:12.855761
2025-11-16 15:26:12 - spektroskopi - WARNING - Zaman sıralama düzeltildi: 2025-11-16 15:26:12.856761
2025-11-16 15:26:12 - spektroskopi - WARNING - Zaman sıralama düzeltildi: 2025-11-16 15:26:12.857761
2025-11-16 15:26:12 - spektroskopi - WARNING - Zaman sıralama düzeltildi: 2025-11-16 15:26:12.858761
2025-11-16 15:26:12 - spektroskopi - WARNING - Zaman sıralama düzeltildi: 2025-11-16 15:26:12.859761
2025-11-16 15:26:12 - spektroskopi - INFO - Raspberry Pi'dan veri alındı: 6e400004-b5a3-f393-e0a9-e50e24dcca9e (Handle: 11): Unknown, uzunluk: 2
2025-11-16 15:26:12 - spektroskopi - INFO - Raspberry Pi verisi: Ham=522, Voltaj=522.000V
2025-11-16 15:26:12 - spektroskopi - INFO - Raspberry Pi verisi işlendi: SENSOR_7 = 522.000V
2025-11-16 15:26:13 - spektroskopi - INFO - Raspberry Pi'dan veri alındı: 6e400002-b5a3-f393-e0a9-e50e24dcca9e (Handle: 19): Nordic UART RX, uzunluk: 2
2025-11-16 15:26:13 - spektroskopi - INFO - Raspberry Pi verisi: Ham=3254, Voltaj=3254.000V
2025-11-16 15:26:13 - spektroskopi - INFO - Raspberry Pi verisi işlendi: SENSOR_2 = 3254.000V
2025-11-16 15:26:13 - spektroskopi - INFO - Raspberry Pi'dan veri alındı: 6e400005-b5a3-f393-e0a9-e50e24dcca9e (Handle: 16): Unknown, uzunluk: 2
2025-11-16 15:26:13 - spektroskopi - INFO - Raspberry Pi verisi: Ham=3254, Voltaj=3254.000V
2025-11-16 15:26:13 - spektroskopi - INFO - Raspberry Pi verisi işlendi: SENSOR_EXTRA = 3254.000V
2025-11-16 15:26:13 - spektroskopi - INFO - Raspberry Pi'dan veri alındı: 6e400003-b5a3-f393-e0a9-e50e24dcca9e (Handle: 8): Nordic UART TX, uzunluk: 2
2025-11-16 15:26:13 - spektroskopi - INFO - Raspberry Pi verisi: Ham=707, Voltaj=707.000V
2025-11-16 15:26:13 - spektroskopi - INFO - Raspberry Pi verisi işlendi: SENSOR_5 = 707.000V
2025-11-16 15:26:13 - spektroskopi - INFO - Raspberry Pi'dan veri alındı: 6e400004-b5a3-f393-e0a9-e50e24dcca9e (Handle: 11): Unknown, uzunluk: 2
2025-11-16 15:26:13 - spektroskopi - INFO - Raspberry Pi verisi: Ham=521, Voltaj=521.000V
2025-11-16 15:26:13 - spektroskopi - INFO - Raspberry Pi verisi işlendi: SENSOR_7 = 521.000V
2025-11-16 15:26:13 - spektroskopi - INFO - Raspberry Pi'dan veri alındı: 6e400002-b5a3-f393-e0a9-e50e24dcca9e (Handle: 19): Nordic UART RX, uzunluk: 2
2025-11-16 15:26:13 - spektroskopi - INFO - Raspberry Pi verisi: Ham=3253, Voltaj=3253.000V
2025-11-16 15:26:13 - spektroskopi - INFO - Raspberry Pi verisi işlendi: SENSOR_2 = 3253.000V
2025-11-16 15:26:13 - spektroskopi - INFO - Raspberry Pi'dan veri alındı: 6e400005-b5a3-f393-e0a9-e50e24dcca9e (Handle: 16): Unknown, uzunluk: 2
2025-11-16 15:26:13 - spektroskopi - INFO - Raspberry Pi verisi: Ham=3254, Voltaj=3254.000V
2025-11-16 15:26:13 - spektroskopi - INFO - Raspberry Pi verisi işlendi: SENSOR_EXTRA = 3254.000V
2025-11-16 15:26:13 - spektroskopi - WARNING - Zaman sıralama düzeltildi: 2025-11-16 15:26:13.873730
2025-11-16 15:26:13 - spektroskopi - WARNING - Zaman sıralama düzeltildi: 2025-11-16 15:26:13.874730
2025-11-16 15:26:13 - spektroskopi - WARNING - Zaman sıralama düzeltildi: 2025-11-16 15:26:13.875730
2025-11-16 15:26:13 - spektroskopi - WARNING - Zaman sıralama düzeltildi: 2025-11-16 15:26:13.876730
2025-11-16 15:26:13 - spektroskopi - WARNING - Zaman sıralama düzeltildi: 2025-11-16 15:26:13.877730
2025-11-16 15:26:13 - spektroskopi - WARNING - Zaman sıralama düzeltildi: 2025-11-16 15:26:13.878730
2025-11-16 15:26:13 - spektroskopi - WARNING - Zaman sıralama düzeltildi: 2025-11-16 15:26:13.879730
2025-11-16 15:26:13 - spektroskopi - INFO - Raspberry Pi'dan veri alındı: 6e400003-b5a3-f393-e0a9-e50e24dcca9e (Handle: 8): Nordic UART TX, uzunluk: 2
2025-11-16 15:26:13 - spektroskopi - INFO - Raspberry Pi verisi: Ham=697, Voltaj=697.000V
2025-11-16 15:26:13 - spektroskopi - INFO - Raspberry Pi verisi işlendi: SENSOR_5 = 697.000V
2025-11-16 15:26:14 - spektroskopi - INFO - Raspberry Pi'dan veri alındı: 6e400004-b5a3-f393-e0a9-e50e24dcca9e (Handle: 11): Unknown, uzunluk: 2
2025-11-16 15:26:14 - spektroskopi - INFO - Raspberry Pi verisi: Ham=518, Voltaj=518.000V
2025-11-16 15:26:14 - spektroskopi - INFO - Raspberry Pi verisi işlendi: SENSOR_7 = 518.000V
2025-11-16 15:26:14 - spektroskopi - INFO - Raspberry Pi'dan veri alındı: 6e400002-b5a3-f393-e0a9-e50e24dcca9e (Handle: 19): Nordic UART RX, uzunluk: 2
2025-11-16 15:26:14 - spektroskopi - INFO - Raspberry Pi verisi: Ham=3253, Voltaj=3253.000V
2025-11-16 15:26:14 - spektroskopi - INFO - Raspberry Pi verisi işlendi: SENSOR_2 = 3253.000V
2025-11-16 15:26:14 - spektroskopi - INFO - Raspberry Pi'dan veri alındı: 6e400005-b5a3-f393-e0a9-e50e24dcca9e (Handle: 16): Unknown, uzunluk: 2
2025-11-16 15:26:14 - spektroskopi - INFO - Raspberry Pi verisi: Ham=3254, Voltaj=3254.000V
2025-11-16 15:26:14 - spektroskopi - INFO - Raspberry Pi verisi işlendi: SENSOR_EXTRA = 3254.000V
2025-11-16 15:26:14 - spektroskopi - INFO - Raspberry Pi'dan veri alındı: 6e400003-b5a3-f393-e0a9-e50e24dcca9e (Handle: 8): Nordic UART TX, uzunluk: 2
2025-11-16 15:26:14 - spektroskopi - INFO - Raspberry Pi verisi: Ham=730, Voltaj=730.000V
2025-11-16 15:26:14 - spektroskopi - INFO - Raspberry Pi verisi işlendi: SENSOR_5 = 730.000V
2025-11-16 15:26:14 - spektroskopi - INFO - Raspberry Pi'dan veri alındı: 6e400004-b5a3-f393-e0a9-e50e24dcca9e (Handle: 11): Unknown, uzunluk: 2
2025-11-16 15:26:14 - spektroskopi - INFO - Raspberry Pi verisi: Ham=666, Voltaj=666.000V
2025-11-16 15:26:14 - spektroskopi - INFO - Raspberry Pi verisi işlendi: SENSOR_7 = 666.000V
2025-11-16 15:26:14 - spektroskopi - INFO - Raspberry Pi'dan veri alındı: 6e400002-b5a3-f393-e0a9-e50e24dcca9e (Handle: 19): Nordic UART RX, uzunluk: 2
2025-11-16 15:26:14 - spektroskopi - INFO - Raspberry Pi verisi: Ham=2375, Voltaj=2375.000V
2025-11-16 15:26:14 - spektroskopi - INFO - Raspberry Pi verisi işlendi: SENSOR_2 = 2375.000V
2025-11-16 15:26:14 - spektroskopi - WARNING - Zaman sıralama düzeltildi: 2025-11-16 15:26:14.893948
2025-11-16 15:26:14 - spektroskopi - WARNING - Zaman sıralama düzeltildi: 2025-11-16 15:26:14.894948
2025-11-16 15:26:14 - spektroskopi - WARNING - Zaman sıralama düzeltildi: 2025-11-16 15:26:14.895948
2025-11-16 15:26:14 - spektroskopi - WARNING - Zaman sıralama düzeltildi: 2025-11-16 15:26:14.896948
2025-11-16 15:26:14 - spektroskopi - WARNING - Zaman sıralama düzeltildi: 2025-11-16 15:26:14.897948
2025-11-16 15:26:14 - spektroskopi - WARNING - Zaman sıralama düzeltildi: 2025-11-16 15:26:14.898948
2025-11-16 15:26:14 - spektroskopi - WARNING - Zaman sıralama düzeltildi: 2025-11-16 15:26:14.899948
2025-11-16 15:26:15 - spektroskopi - INFO - Raspberry Pi'dan veri alındı: 6e400005-b5a3-f393-e0a9-e50e24dcca9e (Handle: 16): Unknown, uzunluk: 2
2025-11-16 15:26:15 - spektroskopi - INFO - Raspberry Pi verisi: Ham=1677, Voltaj=1677.000V
2025-11-16 15:26:15 - spektroskopi - INFO - Raspberry Pi verisi işlendi: SENSOR_EXTRA = 1677.000V
2025-11-16 15:26:15 - spektroskopi - INFO - Raspberry Pi'dan veri alındı: 6e400003-b5a3-f393-e0a9-e50e24dcca9e (Handle: 8): Nordic UART TX, uzunluk: 2
2025-11-16 15:26:15 - spektroskopi - INFO - Raspberry Pi verisi: Ham=705, Voltaj=705.000V
2025-11-16 15:26:15 - spektroskopi - INFO - Raspberry Pi verisi işlendi: SENSOR_5 = 705.000V
2025-11-16 15:26:15 - spektroskopi - INFO - Raspberry Pi'dan veri alındı: 6e400004-b5a3-f393-e0a9-e50e24dcca9e (Handle: 11): Unknown, uzunluk: 2
2025-11-16 15:26:15 - spektroskopi - INFO - Raspberry Pi verisi: Ham=523, Voltaj=523.000V
2025-11-16 15:26:15 - spektroskopi - INFO - Raspberry Pi verisi işlendi: SENSOR_7 = 523.000V
2025-11-16 15:26:15 - spektroskopi - INFO - Raspberry Pi'dan veri alındı: 6e400002-b5a3-f393-e0a9-e50e24dcca9e (Handle: 19): Nordic UART RX, uzunluk: 2
2025-11-16 15:26:15 - spektroskopi - INFO - Raspberry Pi verisi: Ham=3253, Voltaj=3253.000V
2025-11-16 15:26:15 - spektroskopi - INFO - Raspberry Pi verisi işlendi: SENSOR_2 = 3253.000V
2025-11-16 15:26:15 - spektroskopi - INFO - Raspberry Pi'dan veri alındı: 6e400005-b5a3-f393-e0a9-e50e24dcca9e (Handle: 16): Unknown, uzunluk: 2
2025-11-16 15:26:15 - spektroskopi - INFO - Raspberry Pi verisi: Ham=3254, Voltaj=3254.000V
2025-11-16 15:26:15 - spektroskopi - INFO - Raspberry Pi verisi işlendi: SENSOR_EXTRA = 3254.000V
2025-11-16 15:26:15 - spektroskopi - INFO - Raspberry Pi'dan veri alındı: 6e400003-b5a3-f393-e0a9-e50e24dcca9e (Handle: 8): Nordic UART TX, uzunluk: 2
2025-11-16 15:26:15 - spektroskopi - INFO - Raspberry Pi verisi: Ham=715, Voltaj=715.000V
2025-11-16 15:26:15 - spektroskopi - INFO - Raspberry Pi verisi işlendi: SENSOR_5 = 715.000V
2025-11-16 15:26:15 - spektroskopi - INFO - Raspberry Pi'dan veri alındı: 6e400004-b5a3-f393-e0a9-e50e24dcca9e (Handle: 11): Unknown, uzunluk: 2
2025-11-16 15:26:15 - spektroskopi - INFO - Raspberry Pi verisi: Ham=526, Voltaj=526.000V
2025-11-16 15:26:15 - spektroskopi - INFO - Raspberry Pi verisi işlendi: SENSOR_7 = 526.000V
2025-11-16 15:26:15 - spektroskopi - WARNING - Zaman sıralama düzeltildi: 2025-11-16 15:26:15.824077
2025-11-16 15:26:15 - spektroskopi - WARNING - Zaman sıralama düzeltildi: 2025-11-16 15:26:15.825077
2025-11-16 15:26:15 - spektroskopi - WARNING - Zaman sıralama düzeltildi: 2025-11-16 15:26:15.826077
2025-11-16 15:26:15 - spektroskopi - WARNING - Zaman sıralama düzeltildi: 2025-11-16 15:26:15.827077
2025-11-16 15:26:15 - spektroskopi - WARNING - Zaman sıralama düzeltildi: 2025-11-16 15:26:15.828077
2025-11-16 15:26:15 - spektroskopi - WARNING - Zaman sıralama düzeltildi: 2025-11-16 15:26:15.829077
2025-11-16 15:26:15 - spektroskopi - WARNING - Zaman sıralama düzeltildi: 2025-11-16 15:26:15.830077
2025-11-16 15:26:16 - spektroskopi - INFO - Raspberry Pi'dan veri alındı: 6e400002-b5a3-f393-e0a9-e50e24dcca9e (Handle: 19): Nordic UART RX, uzunluk: 2
2025-11-16 15:26:16 - spektroskopi - INFO - Raspberry Pi verisi: Ham=3253, Voltaj=3253.000V
2025-11-16 15:26:16 - spektroskopi - INFO - Raspberry Pi verisi işlendi: SENSOR_2 = 3253.000V
2025-11-16 15:26:16 - spektroskopi - INFO - Raspberry Pi'dan veri alındı: 6e400005-b5a3-f393-e0a9-e50e24dcca9e (Handle: 16): Unknown, uzunluk: 2
2025-11-16 15:26:16 - spektroskopi - INFO - Raspberry Pi verisi: Ham=3254, Voltaj=3254.000V
2025-11-16 15:26:16 - spektroskopi - INFO - Raspberry Pi verisi işlendi: SENSOR_EXTRA = 3254.000V
2025-11-16 15:26:16 - spektroskopi - INFO - Raspberry Pi'dan veri alındı: 6e400003-b5a3-f393-e0a9-e50e24dcca9e (Handle: 8): Nordic UART TX, uzunluk: 2
2025-11-16 15:26:16 - spektroskopi - INFO - Raspberry Pi verisi: Ham=728, Voltaj=728.000V
2025-11-16 15:26:16 - spektroskopi - INFO - Raspberry Pi verisi işlendi: SENSOR_5 = 728.000V
2025-11-16 15:26:16 - spektroskopi - INFO - Raspberry Pi'dan veri alındı: 6e400004-b5a3-f393-e0a9-e50e24dcca9e (Handle: 11): Unknown, uzunluk: 2
2025-11-16 15:26:16 - spektroskopi - INFO - Raspberry Pi verisi: Ham=577, Voltaj=577.000V
2025-11-16 15:26:16 - spektroskopi - INFO - Raspberry Pi verisi işlendi: SENSOR_7 = 577.000V
2025-11-16 15:26:16 - spektroskopi - INFO - Raspberry Pi'dan veri alındı: 6e400002-b5a3-f393-e0a9-e50e24dcca9e (Handle: 19): Nordic UART RX, uzunluk: 2
2025-11-16 15:26:16 - spektroskopi - INFO - Raspberry Pi verisi: Ham=3107, Voltaj=3107.000V
2025-11-16 15:26:16 - spektroskopi - INFO - Raspberry Pi verisi işlendi: SENSOR_2 = 3107.000V
2025-11-16 15:26:16 - spektroskopi - INFO - Raspberry Pi'dan veri alındı: 6e400005-b5a3-f393-e0a9-e50e24dcca9e (Handle: 16): Unknown, uzunluk: 2
2025-11-16 15:26:16 - spektroskopi - INFO - Raspberry Pi verisi: Ham=1442, Voltaj=1442.000V
2025-11-16 15:26:16 - spektroskopi - INFO - Raspberry Pi verisi işlendi: SENSOR_EXTRA = 1442.000V
2025-11-16 15:26:16 - spektroskopi - INFO - Raspberry Pi'dan veri alındı: 6e400003-b5a3-f393-e0a9-e50e24dcca9e (Handle: 8): Nordic UART TX, uzunluk: 2
2025-11-16 15:26:16 - spektroskopi - INFO - Raspberry Pi verisi: Ham=506, Voltaj=506.000V
2025-11-16 15:26:16 - spektroskopi - INFO - Raspberry Pi verisi işlendi: SENSOR_5 = 506.000V
2025-11-16 15:26:16 - spektroskopi - WARNING - Zaman sıralama düzeltildi: 2025-11-16 15:26:16.843812
2025-11-16 15:26:16 - spektroskopi - WARNING - Zaman sıralama düzeltildi: 2025-11-16 15:26:16.844812
2025-11-16 15:26:16 - spektroskopi - WARNING - Zaman sıralama düzeltildi: 2025-11-16 15:26:16.845812
2025-11-16 15:26:16 - spektroskopi - WARNING - Zaman sıralama düzeltildi: 2025-11-16 15:26:16.846812
2025-11-16 15:26:16 - spektroskopi - WARNING - Zaman sıralama düzeltildi: 2025-11-16 15:26:16.847812
2025-11-16 15:26:16 - spektroskopi - WARNING - Zaman sıralama düzeltildi: 2025-11-16 15:26:16.848812
2025-11-16 15:26:16 - spektroskopi - WARNING - Zaman sıralama düzeltildi: 2025-11-16 15:26:16.849812
2025-11-16 15:26:16 - spektroskopi - INFO - Raspberry Pi'dan veri alındı: 6e400004-b5a3-f393-e0a9-e50e24dcca9e (Handle: 11): Unknown, uzunluk: 2
2025-11-16 15:26:16 - spektroskopi - INFO - Raspberry Pi verisi: Ham=452, Voltaj=452.000V
2025-11-16 15:26:16 - spektroskopi - INFO - Raspberry Pi verisi işlendi: SENSOR_7 = 452.000V
2025-11-16 15:26:17 - spektroskopi - INFO - Raspberry Pi'dan veri alındı: 6e400002-b5a3-f393-e0a9-e50e24dcca9e (Handle: 19): Nordic UART RX, uzunluk: 2
2025-11-16 15:26:17 - spektroskopi - INFO - Raspberry Pi verisi: Ham=3253, Voltaj=3253.000V
2025-11-16 15:26:17 - spektroskopi - INFO - Raspberry Pi verisi işlendi: SENSOR_2 = 3253.000V
2025-11-16 15:26:17 - spektroskopi - INFO - Raspberry Pi'dan veri alındı: 6e400005-b5a3-f393-e0a9-e50e24dcca9e (Handle: 16): Unknown, uzunluk: 2
2025-11-16 15:26:17 - spektroskopi - INFO - Raspberry Pi verisi: Ham=1385, Voltaj=1385.000V
2025-11-16 15:26:17 - spektroskopi - INFO - Raspberry Pi verisi işlendi: SENSOR_EXTRA = 1385.000V
2025-11-16 15:26:17 - spektroskopi - INFO - Raspberry Pi'dan veri alındı: 6e400003-b5a3-f393-e0a9-e50e24dcca9e (Handle: 8): Nordic UART TX, uzunluk: 2
2025-11-16 15:26:17 - spektroskopi - INFO - Raspberry Pi verisi: Ham=50, Voltaj=50.000V
2025-11-16 15:26:17 - spektroskopi - INFO - Raspberry Pi verisi işlendi: SENSOR_5 = 50.000V
2025-11-16 15:26:17 - spektroskopi - INFO - Raspberry Pi'dan veri alındı: 6e400004-b5a3-f393-e0a9-e50e24dcca9e (Handle: 11): Unknown, uzunluk: 2
2025-11-16 15:26:17 - spektroskopi - INFO - Raspberry Pi verisi: Ham=49, Voltaj=49.000V
2025-11-16 15:26:17 - spektroskopi - INFO - Raspberry Pi verisi işlendi: SENSOR_7 = 49.000V
2025-11-16 15:26:17 - spektroskopi - INFO - Raspberry Pi'dan veri alındı: 6e400002-b5a3-f393-e0a9-e50e24dcca9e (Handle: 19): Nordic UART RX, uzunluk: 2
2025-11-16 15:26:17 - spektroskopi - INFO - Raspberry Pi verisi: Ham=281, Voltaj=281.000V
2025-11-16 15:26:17 - spektroskopi - INFO - Raspberry Pi verisi işlendi: SENSOR_2 = 281.000V
2025-11-16 15:26:17 - spektroskopi - INFO - Raspberry Pi'dan veri alındı: 6e400005-b5a3-f393-e0a9-e50e24dcca9e (Handle: 16): Unknown, uzunluk: 2
2025-11-16 15:26:17 - spektroskopi - INFO - Raspberry Pi verisi: Ham=251, Voltaj=251.000V
2025-11-16 15:26:17 - spektroskopi - INFO - Raspberry Pi verisi işlendi: SENSOR_EXTRA = 251.000V
2025-11-16 15:26:17 - spektroskopi - WARNING - Zaman sıralama düzeltildi: 2025-11-16 15:26:17.863835
2025-11-16 15:26:17 - spektroskopi - WARNING - Zaman sıralama düzeltildi: 2025-11-16 15:26:17.864835
2025-11-16 15:26:17 - spektroskopi - WARNING - Zaman sıralama düzeltildi: 2025-11-16 15:26:17.865835
2025-11-16 15:26:17 - spektroskopi - WARNING - Zaman sıralama düzeltildi: 2025-11-16 15:26:17.866835
2025-11-16 15:26:17 - spektroskopi - WARNING - Zaman sıralama düzeltildi: 2025-11-16 15:26:17.867835
2025-11-16 15:26:17 - spektroskopi - WARNING - Zaman sıralama düzeltildi: 2025-11-16 15:26:17.868835
2025-11-16 15:26:17 - spektroskopi - WARNING - Zaman sıralama düzeltildi: 2025-11-16 15:26:17.869835
2025-11-16 15:26:17 - spektroskopi - INFO - Raspberry Pi'dan veri alındı: 6e400003-b5a3-f393-e0a9-e50e24dcca9e (Handle: 8): Nordic UART TX, uzunluk: 2
2025-11-16 15:26:17 - spektroskopi - INFO - Raspberry Pi verisi: Ham=216, Voltaj=216.000V
2025-11-16 15:26:17 - spektroskopi - INFO - Raspberry Pi verisi işlendi: SENSOR_5 = 216.000V
2025-11-16 15:26:18 - spektroskopi - INFO - Raspberry Pi'dan veri alındı: 6e400004-b5a3-f393-e0a9-e50e24dcca9e (Handle: 11): Unknown, uzunluk: 2
2025-11-16 15:26:18 - spektroskopi - INFO - Raspberry Pi verisi: Ham=89, Voltaj=89.000V
2025-11-16 15:26:18 - spektroskopi - INFO - Raspberry Pi verisi işlendi: SENSOR_7 = 89.000V
2025-11-16 15:26:18 - spektroskopi - INFO - Raspberry Pi'dan veri alındı: 6e400002-b5a3-f393-e0a9-e50e24dcca9e (Handle: 19): Nordic UART RX, uzunluk: 2
2025-11-16 15:26:18 - spektroskopi - INFO - Raspberry Pi verisi: Ham=176, Voltaj=176.000V
2025-11-16 15:26:18 - spektroskopi - INFO - Raspberry Pi verisi işlendi: SENSOR_2 = 176.000V
2025-11-16 15:26:18 - spektroskopi - INFO - Raspberry Pi'dan veri alındı: 6e400005-b5a3-f393-e0a9-e50e24dcca9e (Handle: 16): Unknown, uzunluk: 2
2025-11-16 15:26:18 - spektroskopi - INFO - Raspberry Pi verisi: Ham=206, Voltaj=206.000V
2025-11-16 15:26:18 - spektroskopi - INFO - Raspberry Pi verisi işlendi: SENSOR_EXTRA = 206.000V
2025-11-16 15:26:18 - spektroskopi - INFO - Raspberry Pi'dan veri alındı: 6e400003-b5a3-f393-e0a9-e50e24dcca9e (Handle: 8): Nordic UART TX, uzunluk: 2
2025-11-16 15:26:18 - spektroskopi - INFO - Raspberry Pi verisi: Ham=245, Voltaj=245.000V
2025-11-16 15:26:18 - spektroskopi - INFO - Raspberry Pi verisi işlendi: SENSOR_5 = 245.000V
2025-11-16 15:26:18 - spektroskopi - INFO - Raspberry Pi'dan veri alındı: 6e400004-b5a3-f393-e0a9-e50e24dcca9e (Handle: 11): Unknown, uzunluk: 2
2025-11-16 15:26:18 - spektroskopi - INFO - Raspberry Pi verisi: Ham=96, Voltaj=96.000V
2025-11-16 15:26:18 - spektroskopi - INFO - Raspberry Pi verisi işlendi: SENSOR_7 = 96.000V
2025-11-16 15:26:18 - spektroskopi - INFO - Raspberry Pi'dan veri alındı: 6e400002-b5a3-f393-e0a9-e50e24dcca9e (Handle: 19): Nordic UART RX, uzunluk: 2
2025-11-16 15:26:18 - spektroskopi - INFO - Raspberry Pi verisi: Ham=160, Voltaj=160.000V
2025-11-16 15:26:18 - spektroskopi - INFO - Raspberry Pi verisi işlendi: SENSOR_2 = 160.000V
2025-11-16 15:26:18 - spektroskopi - WARNING - Zaman sıralama düzeltildi: 2025-11-16 15:26:18.884174
2025-11-16 15:26:18 - spektroskopi - WARNING - Zaman sıralama düzeltildi: 2025-11-16 15:26:18.885174
2025-11-16 15:26:18 - spektroskopi - WARNING - Zaman sıralama düzeltildi: 2025-11-16 15:26:18.886174
2025-11-16 15:26:18 - spektroskopi - WARNING - Zaman sıralama düzeltildi: 2025-11-16 15:26:18.887174
2025-11-16 15:26:18 - spektroskopi - WARNING - Zaman sıralama düzeltildi: 2025-11-16 15:26:18.888174
2025-11-16 15:26:18 - spektroskopi - WARNING - Zaman sıralama düzeltildi: 2025-11-16 15:26:18.889174
2025-11-16 15:26:18 - spektroskopi - WARNING - Zaman sıralama düzeltildi: 2025-11-16 15:26:18.890174
2025-11-16 15:26:19 - spektroskopi - INFO - Raspberry Pi'dan veri alındı: 6e400005-b5a3-f393-e0a9-e50e24dcca9e (Handle: 16): Unknown, uzunluk: 2
2025-11-16 15:26:19 - spektroskopi - INFO - Raspberry Pi verisi: Ham=203, Voltaj=203.000V
2025-11-16 15:26:19 - spektroskopi - INFO - Raspberry Pi verisi işlendi: SENSOR_EXTRA = 203.000V
2025-11-16 15:26:19 - spektroskopi - INFO - Raspberry Pi'dan veri alındı: 6e400003-b5a3-f393-e0a9-e50e24dcca9e (Handle: 8): Nordic UART TX, uzunluk: 2
2025-11-16 15:26:19 - spektroskopi - INFO - Raspberry Pi verisi: Ham=254, Voltaj=254.000V
2025-11-16 15:26:19 - spektroskopi - INFO - Raspberry Pi verisi işlendi: SENSOR_5 = 254.000V
2025-11-16 15:26:19 - spektroskopi - INFO - Raspberry Pi'dan veri alındı: 6e400004-b5a3-f393-e0a9-e50e24dcca9e (Handle: 11): Unknown, uzunluk: 2
2025-11-16 15:26:19 - spektroskopi - INFO - Raspberry Pi verisi: Ham=97, Voltaj=97.000V
2025-11-16 15:26:19 - spektroskopi - INFO - Raspberry Pi verisi işlendi: SENSOR_7 = 97.000V
2025-11-16 15:26:19 - spektroskopi - INFO - Raspberry Pi'dan veri alındı: 6e400002-b5a3-f393-e0a9-e50e24dcca9e (Handle: 19): Nordic UART RX, uzunluk: 2
2025-11-16 15:26:19 - spektroskopi - INFO - Raspberry Pi verisi: Ham=150, Voltaj=150.000V
2025-11-16 15:26:19 - spektroskopi - INFO - Raspberry Pi verisi işlendi: SENSOR_2 = 150.000V
2025-11-16 15:26:19 - spektroskopi - INFO - Raspberry Pi'dan veri alındı: 6e400005-b5a3-f393-e0a9-e50e24dcca9e (Handle: 16): Unknown, uzunluk: 2
2025-11-16 15:26:19 - spektroskopi - INFO - Raspberry Pi verisi: Ham=188, Voltaj=188.000V
2025-11-16 15:26:19 - spektroskopi - INFO - Raspberry Pi verisi işlendi: SENSOR_EXTRA = 188.000V
2025-11-16 15:26:19 - spektroskopi - INFO - Raspberry Pi'dan veri alındı: 6e400003-b5a3-f393-e0a9-e50e24dcca9e (Handle: 8): Nordic UART TX, uzunluk: 2
2025-11-16 15:26:19 - spektroskopi - INFO - Raspberry Pi verisi: Ham=262, Voltaj=262.000V
2025-11-16 15:26:19 - spektroskopi - INFO - Raspberry Pi verisi işlendi: SENSOR_5 = 262.000V
2025-11-16 15:26:19 - spektroskopi - INFO - Raspberry Pi'dan veri alındı: 6e400004-b5a3-f393-e0a9-e50e24dcca9e (Handle: 11): Unknown, uzunluk: 2
2025-11-16 15:26:19 - spektroskopi - INFO - Raspberry Pi verisi: Ham=106, Voltaj=106.000V
2025-11-16 15:26:19 - spektroskopi - INFO - Raspberry Pi verisi işlendi: SENSOR_7 = 106.000V
2025-11-16 15:26:19 - spektroskopi - WARNING - Zaman sıralama düzeltildi: 2025-11-16 15:26:19.844123
2025-11-16 15:26:19 - spektroskopi - WARNING - Zaman sıralama düzeltildi: 2025-11-16 15:26:19.845123
2025-11-16 15:26:19 - spektroskopi - WARNING - Zaman sıralama düzeltildi: 2025-11-16 15:26:19.846123
2025-11-16 15:26:19 - spektroskopi - WARNING - Zaman sıralama düzeltildi: 2025-11-16 15:26:19.847123
2025-11-16 15:26:19 - spektroskopi - WARNING - Zaman sıralama düzeltildi: 2025-11-16 15:26:19.848123
2025-11-16 15:26:19 - spektroskopi - WARNING - Zaman sıralama düzeltildi: 2025-11-16 15:26:19.849123
2025-11-16 15:26:19 - spektroskopi - WARNING - Zaman sıralama düzeltildi: 2025-11-16 15:26:19.850123
2025-11-16 15:26:20 - spektroskopi - INFO - Raspberry Pi'dan veri alındı: 6e400002-b5a3-f393-e0a9-e50e24dcca9e (Handle: 19): Nordic UART RX, uzunluk: 2
2025-11-16 15:26:20 - spektroskopi - INFO - Raspberry Pi verisi: Ham=153, Voltaj=153.000V
2025-11-16 15:26:20 - spektroskopi - INFO - Raspberry Pi verisi işlendi: SENSOR_2 = 153.000V
2025-11-16 15:26:20 - spektroskopi - INFO - Raspberry Pi'dan veri alındı: 6e400005-b5a3-f393-e0a9-e50e24dcca9e (Handle: 16): Unknown, uzunluk: 2
2025-11-16 15:26:20 - spektroskopi - INFO - Raspberry Pi verisi: Ham=195, Voltaj=195.000V
2025-11-16 15:26:20 - spektroskopi - INFO - Raspberry Pi verisi işlendi: SENSOR_EXTRA = 195.000V
2025-11-16 15:26:20 - spektroskopi - INFO - Raspberry Pi'dan veri alındı: 6e400003-b5a3-f393-e0a9-e50e24dcca9e (Handle: 8): Nordic UART TX, uzunluk: 2
2025-11-16 15:26:20 - spektroskopi - INFO - Raspberry Pi verisi: Ham=260, Voltaj=260.000V
2025-11-16 15:26:20 - spektroskopi - INFO - Raspberry Pi verisi işlendi: SENSOR_5 = 260.000V
2025-11-16 15:26:20 - spektroskopi - INFO - Raspberry Pi'dan veri alındı: 6e400004-b5a3-f393-e0a9-e50e24dcca9e (Handle: 11): Unknown, uzunluk: 2
2025-11-16 15:26:20 - spektroskopi - INFO - Raspberry Pi verisi: Ham=98, Voltaj=98.000V
2025-11-16 15:26:20 - spektroskopi - INFO - Raspberry Pi verisi işlendi: SENSOR_7 = 98.000V
2025-11-16 15:26:20 - spektroskopi - INFO - Raspberry Pi'dan veri alındı: 6e400002-b5a3-f393-e0a9-e50e24dcca9e (Handle: 19): Nordic UART RX, uzunluk: 2
2025-11-16 15:26:20 - spektroskopi - INFO - Raspberry Pi verisi: Ham=154, Voltaj=154.000V
2025-11-16 15:26:20 - spektroskopi - INFO - Raspberry Pi verisi işlendi: SENSOR_2 = 154.000V
2025-11-16 15:26:20 - spektroskopi - INFO - Raspberry Pi'dan veri alındı: 6e400005-b5a3-f393-e0a9-e50e24dcca9e (Handle: 16): Unknown, uzunluk: 2
2025-11-16 15:26:20 - spektroskopi - INFO - Raspberry Pi verisi: Ham=177, Voltaj=177.000V
2025-11-16 15:26:20 - spektroskopi - INFO - Raspberry Pi verisi işlendi: SENSOR_EXTRA = 177.000V
2025-11-16 15:26:20 - spektroskopi - INFO - Raspberry Pi'dan veri alındı: 6e400003-b5a3-f393-e0a9-e50e24dcca9e (Handle: 8): Nordic UART TX, uzunluk: 2
2025-11-16 15:26:20 - spektroskopi - INFO - Raspberry Pi verisi: Ham=258, Voltaj=258.000V
2025-11-16 15:26:20 - spektroskopi - INFO - Raspberry Pi verisi işlendi: SENSOR_5 = 258.000V
2025-11-16 15:26:20 - spektroskopi - WARNING - Zaman sıralama düzeltildi: 2025-11-16 15:26:20.864209
2025-11-16 15:26:20 - spektroskopi - WARNING - Zaman sıralama düzeltildi: 2025-11-16 15:26:20.865209
2025-11-16 15:26:20 - spektroskopi - WARNING - Zaman sıralama düzeltildi: 2025-11-16 15:26:20.866209
2025-11-16 15:26:20 - spektroskopi - WARNING - Zaman sıralama düzeltildi: 2025-11-16 15:26:20.867209
2025-11-16 15:26:20 - spektroskopi - WARNING - Zaman sıralama düzeltildi: 2025-11-16 15:26:20.868209
2025-11-16 15:26:20 - spektroskopi - WARNING - Zaman sıralama düzeltildi: 2025-11-16 15:26:20.869209
2025-11-16 15:26:20 - spektroskopi - WARNING - Zaman sıralama düzeltildi: 2025-11-16 15:26:20.870209
2025-11-16 15:26:20 - spektroskopi - INFO - Raspberry Pi'dan veri alındı: 6e400004-b5a3-f393-e0a9-e50e24dcca9e (Handle: 11): Unknown, uzunluk: 2
2025-11-16 15:26:20 - spektroskopi - INFO - Raspberry Pi verisi: Ham=101, Voltaj=101.000V
2025-11-16 15:26:20 - spektroskopi - INFO - Raspberry Pi verisi işlendi: SENSOR_7 = 101.000V
2025-11-16 15:26:21 - spektroskopi - INFO - Raspberry Pi'dan veri alındı: 6e400002-b5a3-f393-e0a9-e50e24dcca9e (Handle: 19): Nordic UART RX, uzunluk: 2
2025-11-16 15:26:21 - spektroskopi - INFO - Raspberry Pi verisi: Ham=150, Voltaj=150.000V
2025-11-16 15:26:21 - spektroskopi - INFO - Raspberry Pi verisi işlendi: SENSOR_2 = 150.000V
2025-11-16 15:26:21 - spektroskopi - INFO - Raspberry Pi'dan veri alındı: 6e400005-b5a3-f393-e0a9-e50e24dcca9e (Handle: 16): Unknown, uzunluk: 2
2025-11-16 15:26:21 - spektroskopi - INFO - Raspberry Pi verisi: Ham=232, Voltaj=232.000V
2025-11-16 15:26:21 - spektroskopi - INFO - Raspberry Pi verisi işlendi: SENSOR_EXTRA = 232.000V
2025-11-16 15:26:21 - spektroskopi - INFO - Raspberry Pi'dan veri alındı: 6e400003-b5a3-f393-e0a9-e50e24dcca9e (Handle: 8): Nordic UART TX, uzunluk: 2
2025-11-16 15:26:21 - spektroskopi - INFO - Raspberry Pi verisi: Ham=244, Voltaj=244.000V
2025-11-16 15:26:21 - spektroskopi - INFO - Raspberry Pi verisi işlendi: SENSOR_5 = 244.000V
2025-11-16 15:26:21 - spektroskopi - INFO - Raspberry Pi'dan veri alındı: 6e400004-b5a3-f393-e0a9-e50e24dcca9e (Handle: 11): Unknown, uzunluk: 2
2025-11-16 15:26:21 - spektroskopi - INFO - Raspberry Pi verisi: Ham=67, Voltaj=67.000V
2025-11-16 15:26:21 - spektroskopi - INFO - Raspberry Pi verisi işlendi: SENSOR_7 = 67.000V
2025-11-16 15:26:21 - spektroskopi - INFO - Raspberry Pi'dan veri alındı: 6e400002-b5a3-f393-e0a9-e50e24dcca9e (Handle: 19): Nordic UART RX, uzunluk: 2
2025-11-16 15:26:21 - spektroskopi - INFO - Raspberry Pi verisi: Ham=151, Voltaj=151.000V
2025-11-16 15:26:21 - spektroskopi - INFO - Raspberry Pi verisi işlendi: SENSOR_2 = 151.000V
2025-11-16 15:26:21 - spektroskopi - INFO - Raspberry Pi'dan veri alındı: 6e400005-b5a3-f393-e0a9-e50e24dcca9e (Handle: 16): Unknown, uzunluk: 2
2025-11-16 15:26:21 - spektroskopi - INFO - Raspberry Pi verisi: Ham=188, Voltaj=188.000V
2025-11-16 15:26:21 - spektroskopi - INFO - Raspberry Pi verisi işlendi: SENSOR_EXTRA = 188.000V
2025-11-16 15:26:21 - spektroskopi - WARNING - Zaman sıralama düzeltildi: 2025-11-16 15:26:21.884113
2025-11-16 15:26:21 - spektroskopi - WARNING - Zaman sıralama düzeltildi: 2025-11-16 15:26:21.885113
2025-11-16 15:26:21 - spektroskopi - WARNING - Zaman sıralama düzeltildi: 2025-11-16 15:26:21.886113
2025-11-16 15:26:21 - spektroskopi - WARNING - Zaman sıralama düzeltildi: 2025-11-16 15:26:21.887113
2025-11-16 15:26:21 - spektroskopi - WARNING - Zaman sıralama düzeltildi: 2025-11-16 15:26:21.888113
2025-11-16 15:26:21 - spektroskopi - WARNING - Zaman sıralama düzeltildi: 2025-11-16 15:26:21.889113
2025-11-16 15:26:21 - spektroskopi - WARNING - Zaman sıralama düzeltildi: 2025-11-16 15:26:21.890113
2025-11-16 15:26:22 - spektroskopi - INFO - Raspberry Pi'dan veri alındı: 6e400003-b5a3-f393-e0a9-e50e24dcca9e (Handle: 8): Nordic UART TX, uzunluk: 2
2025-11-16 15:26:22 - spektroskopi - INFO - Raspberry Pi verisi: Ham=255, Voltaj=255.000V
2025-11-16 15:26:22 - spektroskopi - INFO - Raspberry Pi verisi işlendi: SENSOR_5 = 255.000V
2025-11-16 15:26:22 - spektroskopi - INFO - Raspberry Pi'dan veri alındı: 6e400004-b5a3-f393-e0a9-e50e24dcca9e (Handle: 11): Unknown, uzunluk: 2
2025-11-16 15:26:22 - spektroskopi - INFO - Raspberry Pi verisi: Ham=102, Voltaj=102.000V
2025-11-16 15:26:22 - spektroskopi - INFO - Raspberry Pi verisi işlendi: SENSOR_7 = 102.000V
2025-11-16 15:26:22 - spektroskopi - INFO - Raspberry Pi'dan veri alındı: 6e400002-b5a3-f393-e0a9-e50e24dcca9e (Handle: 19): Nordic UART RX, uzunluk: 2
2025-11-16 15:26:22 - spektroskopi - INFO - Raspberry Pi verisi: Ham=153, Voltaj=153.000V
2025-11-16 15:26:22 - spektroskopi - INFO - Raspberry Pi verisi işlendi: SENSOR_2 = 153.000V
2025-11-16 15:26:22 - spektroskopi - INFO - Raspberry Pi'dan veri alındı: 6e400005-b5a3-f393-e0a9-e50e24dcca9e (Handle: 16): Unknown, uzunluk: 2
2025-11-16 15:26:22 - spektroskopi - INFO - Raspberry Pi verisi: Ham=189, Voltaj=189.000V
2025-11-16 15:26:22 - spektroskopi - INFO - Raspberry Pi verisi işlendi: SENSOR_EXTRA = 189.000V
2025-11-16 15:26:22 - spektroskopi - INFO - Raspberry Pi'dan veri alındı: 6e400003-b5a3-f393-e0a9-e50e24dcca9e (Handle: 8): Nordic UART TX, uzunluk: 2
2025-11-16 15:26:22 - spektroskopi - INFO - Raspberry Pi verisi: Ham=265, Voltaj=265.000V
2025-11-16 15:26:22 - spektroskopi - INFO - Raspberry Pi verisi işlendi: SENSOR_5 = 265.000V
2025-11-16 15:26:22 - spektroskopi - INFO - Raspberry Pi'dan veri alındı: 6e400004-b5a3-f393-e0a9-e50e24dcca9e (Handle: 11): Unknown, uzunluk: 2
2025-11-16 15:26:22 - spektroskopi - INFO - Raspberry Pi verisi: Ham=96, Voltaj=96.000V
2025-11-16 15:26:22 - spektroskopi - INFO - Raspberry Pi verisi işlendi: SENSOR_7 = 96.000V
2025-11-16 15:26:22 - spektroskopi - INFO - Raspberry Pi'dan veri alındı: 6e400002-b5a3-f393-e0a9-e50e24dcca9e (Handle: 19): Nordic UART RX, uzunluk: 2
2025-11-16 15:26:22 - spektroskopi - INFO - Raspberry Pi verisi: Ham=1023, Voltaj=1023.000V
2025-11-16 15:26:22 - spektroskopi - INFO - Raspberry Pi verisi işlendi: SENSOR_2 = 1023.000V
2025-11-16 15:26:22 - spektroskopi - WARNING - Zaman sıralama düzeltildi: 2025-11-16 15:26:22.904223
2025-11-16 15:26:22 - spektroskopi - WARNING - Zaman sıralama düzeltildi: 2025-11-16 15:26:22.905223
2025-11-16 15:26:22 - spektroskopi - WARNING - Zaman sıralama düzeltildi: 2025-11-16 15:26:22.906223
2025-11-16 15:26:22 - spektroskopi - WARNING - Zaman sıralama düzeltildi: 2025-11-16 15:26:22.907223
2025-11-16 15:26:22 - spektroskopi - WARNING - Zaman sıralama düzeltildi: 2025-11-16 15:26:22.908223
2025-11-16 15:26:22 - spektroskopi - WARNING - Zaman sıralama düzeltildi: 2025-11-16 15:26:22.909223
2025-11-16 15:26:22 - spektroskopi - WARNING - Zaman sıralama düzeltildi: 2025-11-16 15:26:22.910223
2025-11-16 15:26:23 - spektroskopi - INFO - Raspberry Pi'dan veri alındı: 6e400005-b5a3-f393-e0a9-e50e24dcca9e (Handle: 16): Unknown, uzunluk: 2
2025-11-16 15:26:23 - spektroskopi - INFO - Raspberry Pi verisi: Ham=2151, Voltaj=2151.000V
2025-11-16 15:26:23 - spektroskopi - INFO - Raspberry Pi verisi işlendi: SENSOR_EXTRA = 2151.000V
2025-11-16 15:26:23 - spektroskopi - INFO - Raspberry Pi'dan veri alındı: 6e400003-b5a3-f393-e0a9-e50e24dcca9e (Handle: 8): Nordic UART TX, uzunluk: 2
2025-11-16 15:26:23 - spektroskopi - INFO - Raspberry Pi verisi: Ham=729, Voltaj=729.000V
2025-11-16 15:26:23 - spektroskopi - INFO - Raspberry Pi verisi işlendi: SENSOR_5 = 729.000V
2025-11-16 15:26:23 - spektroskopi - INFO - Raspberry Pi'dan veri alındı: 6e400004-b5a3-f393-e0a9-e50e24dcca9e (Handle: 11): Unknown, uzunluk: 2
2025-11-16 15:26:23 - spektroskopi - INFO - Raspberry Pi verisi: Ham=761, Voltaj=761.000V
2025-11-16 15:26:23 - spektroskopi - INFO - Raspberry Pi verisi işlendi: SENSOR_7 = 761.000V
2025-11-16 15:26:23 - spektroskopi - INFO - Raspberry Pi'dan veri alındı: 6e400002-b5a3-f393-e0a9-e50e24dcca9e (Handle: 19): Nordic UART RX, uzunluk: 2
2025-11-16 15:26:23 - spektroskopi - INFO - Raspberry Pi verisi: Ham=3252, Voltaj=3252.000V
2025-11-16 15:26:23 - spektroskopi - INFO - Raspberry Pi verisi işlendi: SENSOR_2 = 3252.000V
2025-11-16 15:26:23 - spektroskopi - INFO - Raspberry Pi'dan veri alındı: 6e400005-b5a3-f393-e0a9-e50e24dcca9e (Handle: 16): Unknown, uzunluk: 2
2025-11-16 15:26:23 - spektroskopi - INFO - Raspberry Pi verisi: Ham=3253, Voltaj=3253.000V
2025-11-16 15:26:23 - spektroskopi - INFO - Raspberry Pi verisi işlendi: SENSOR_EXTRA = 3253.000V
2025-11-16 15:26:23 - spektroskopi - INFO - Raspberry Pi'dan veri alındı: 6e400003-b5a3-f393-e0a9-e50e24dcca9e (Handle: 8): Nordic UART TX, uzunluk: 2
2025-11-16 15:26:23 - spektroskopi - INFO - Raspberry Pi verisi: Ham=727, Voltaj=727.000V
2025-11-16 15:26:23 - spektroskopi - INFO - Raspberry Pi verisi işlendi: SENSOR_5 = 727.000V
2025-11-16 15:26:23 - spektroskopi - INFO - Raspberry Pi'dan veri alındı: 6e400004-b5a3-f393-e0a9-e50e24dcca9e (Handle: 11): Unknown, uzunluk: 2
2025-11-16 15:26:23 - spektroskopi - INFO - Raspberry Pi verisi: Ham=663, Voltaj=663.000V
2025-11-16 15:26:23 - spektroskopi - INFO - Raspberry Pi verisi işlendi: SENSOR_7 = 663.000V
2025-11-16 15:26:23 - spektroskopi - WARNING - Zaman sıralama düzeltildi: 2025-11-16 15:26:23.863752
2025-11-16 15:26:23 - spektroskopi - WARNING - Zaman sıralama düzeltildi: 2025-11-16 15:26:23.864752
2025-11-16 15:26:23 - spektroskopi - WARNING - Zaman sıralama düzeltildi: 2025-11-16 15:26:23.865752
2025-11-16 15:26:23 - spektroskopi - WARNING - Zaman sıralama düzeltildi: 2025-11-16 15:26:23.866752
2025-11-16 15:26:23 - spektroskopi - WARNING - Zaman sıralama düzeltildi: 2025-11-16 15:26:23.867752
2025-11-16 15:26:23 - spektroskopi - WARNING - Zaman sıralama düzeltildi: 2025-11-16 15:26:23.868752
2025-11-16 15:26:23 - spektroskopi - WARNING - Zaman sıralama düzeltildi: 2025-11-16 15:26:23.869752
2025-11-16 15:26:24 - spektroskopi - INFO - Raspberry Pi'dan veri alındı: 6e400002-b5a3-f393-e0a9-e50e24dcca9e (Handle: 19): Nordic UART RX, uzunluk: 2
2025-11-16 15:26:24 - spektroskopi - INFO - Raspberry Pi verisi: Ham=3252, Voltaj=3252.000V
2025-11-16 15:26:24 - spektroskopi - INFO - Raspberry Pi verisi işlendi: SENSOR_2 = 3252.000V
2025-11-16 15:26:24 - spektroskopi - INFO - Raspberry Pi'dan veri alındı: 6e400005-b5a3-f393-e0a9-e50e24dcca9e (Handle: 16): Unknown, uzunluk: 2
2025-11-16 15:26:24 - spektroskopi - INFO - Raspberry Pi verisi: Ham=3254, Voltaj=3254.000V
2025-11-16 15:26:24 - spektroskopi - INFO - Raspberry Pi verisi işlendi: SENSOR_EXTRA = 3254.000V
2025-11-16 15:26:24 - spektroskopi - INFO - Raspberry Pi'dan veri alındı: 6e400003-b5a3-f393-e0a9-e50e24dcca9e (Handle: 8): Nordic UART TX, uzunluk: 2
2025-11-16 15:26:24 - spektroskopi - INFO - Raspberry Pi verisi: Ham=725, Voltaj=725.000V
2025-11-16 15:26:24 - spektroskopi - INFO - Raspberry Pi verisi işlendi: SENSOR_5 = 725.000V
2025-11-16 15:26:24 - spektroskopi - INFO - Raspberry Pi'dan veri alındı: 6e400004-b5a3-f393-e0a9-e50e24dcca9e (Handle: 11): Unknown, uzunluk: 2
2025-11-16 15:26:24 - spektroskopi - INFO - Raspberry Pi verisi: Ham=613, Voltaj=613.000V
2025-11-16 15:26:24 - spektroskopi - INFO - Raspberry Pi verisi işlendi: SENSOR_7 = 613.000V
2025-11-16 15:26:24 - spektroskopi - INFO - Raspberry Pi'dan veri alındı: 6e400002-b5a3-f393-e0a9-e50e24dcca9e (Handle: 19): Nordic UART RX, uzunluk: 2
2025-11-16 15:26:24 - spektroskopi - INFO - Raspberry Pi verisi: Ham=3252, Voltaj=3252.000V
2025-11-16 15:26:24 - spektroskopi - INFO - Raspberry Pi verisi işlendi: SENSOR_2 = 3252.000V
2025-11-16 15:26:24 - spektroskopi - INFO - Raspberry Pi'dan veri alındı: 6e400005-b5a3-f393-e0a9-e50e24dcca9e (Handle: 16): Unknown, uzunluk: 2
2025-11-16 15:26:24 - spektroskopi - INFO - Raspberry Pi verisi: Ham=3253, Voltaj=3253.000V
2025-11-16 15:26:24 - spektroskopi - INFO - Raspberry Pi verisi işlendi: SENSOR_EXTRA = 3253.000V
2025-11-16 15:26:24 - spektroskopi - INFO - Raspberry Pi'dan veri alındı: 6e400003-b5a3-f393-e0a9-e50e24dcca9e (Handle: 8): Nordic UART TX, uzunluk: 2
2025-11-16 15:26:24 - spektroskopi - INFO - Raspberry Pi verisi: Ham=701, Voltaj=701.000V
2025-11-16 15:26:24 - spektroskopi - INFO - Raspberry Pi verisi işlendi: SENSOR_5 = 701.000V
2025-11-16 15:26:24 - spektroskopi - WARNING - Zaman sıralama düzeltildi: 2025-11-16 15:26:24.884275
2025-11-16 15:26:24 - spektroskopi - WARNING - Zaman sıralama düzeltildi: 2025-11-16 15:26:24.885275
2025-11-16 15:26:24 - spektroskopi - WARNING - Zaman sıralama düzeltildi: 2025-11-16 15:26:24.886275
2025-11-16 15:26:24 - spektroskopi - WARNING - Zaman sıralama düzeltildi: 2025-11-16 15:26:24.887275
2025-11-16 15:26:24 - spektroskopi - WARNING - Zaman sıralama düzeltildi: 2025-11-16 15:26:24.888275
2025-11-16 15:26:24 - spektroskopi - WARNING - Zaman sıralama düzeltildi: 2025-11-16 15:26:24.889275
2025-11-16 15:26:24 - spektroskopi - WARNING - Zaman sıralama düzeltildi: 2025-11-16 15:26:24.890275
2025-11-16 15:26:25 - spektroskopi - INFO - Raspberry Pi'dan veri alındı: 6e400004-b5a3-f393-e0a9-e50e24dcca9e (Handle: 11): Unknown, uzunluk: 2
2025-11-16 15:26:25 - spektroskopi - INFO - Raspberry Pi verisi: Ham=520, Voltaj=520.000V
2025-11-16 15:26:25 - spektroskopi - INFO - Raspberry Pi verisi işlendi: SENSOR_7 = 520.000V
2025-11-16 15:26:25 - spektroskopi - INFO - Raspberry Pi'dan veri alındı: 6e400002-b5a3-f393-e0a9-e50e24dcca9e (Handle: 19): Nordic UART RX, uzunluk: 2
2025-11-16 15:26:25 - spektroskopi - INFO - Raspberry Pi verisi: Ham=3252, Voltaj=3252.000V
2025-11-16 15:26:25 - spektroskopi - INFO - Raspberry Pi verisi işlendi: SENSOR_2 = 3252.000V
2025-11-16 15:26:25 - spektroskopi - INFO - Raspberry Pi'dan veri alındı: 6e400005-b5a3-f393-e0a9-e50e24dcca9e (Handle: 16): Unknown, uzunluk: 2
2025-11-16 15:26:25 - spektroskopi - INFO - Raspberry Pi verisi: Ham=3253, Voltaj=3253.000V
2025-11-16 15:26:25 - spektroskopi - INFO - Raspberry Pi verisi işlendi: SENSOR_EXTRA = 3253.000V
2025-11-16 15:26:25 - spektroskopi - INFO - Raspberry Pi'dan veri alındı: 6e400003-b5a3-f393-e0a9-e50e24dcca9e (Handle: 8): Nordic UART TX, uzunluk: 2
2025-11-16 15:26:25 - spektroskopi - INFO - Raspberry Pi verisi: Ham=722, Voltaj=722.000V
2025-11-16 15:26:25 - spektroskopi - INFO - Raspberry Pi verisi işlendi: SENSOR_5 = 722.000V
2025-11-16 15:26:25 - spektroskopi - INFO - Raspberry Pi'dan veri alındı: 6e400004-b5a3-f393-e0a9-e50e24dcca9e (Handle: 11): Unknown, uzunluk: 2
2025-11-16 15:26:25 - spektroskopi - INFO - Raspberry Pi verisi: Ham=602, Voltaj=602.000V
2025-11-16 15:26:25 - spektroskopi - INFO - Raspberry Pi verisi işlendi: SENSOR_7 = 602.000V
2025-11-16 15:26:25 - spektroskopi - INFO - Raspberry Pi'dan veri alındı: 6e400002-b5a3-f393-e0a9-e50e24dcca9e (Handle: 19): Nordic UART RX, uzunluk: 2
2025-11-16 15:26:25 - spektroskopi - INFO - Raspberry Pi verisi: Ham=3252, Voltaj=3252.000V
2025-11-16 15:26:25 - spektroskopi - INFO - Raspberry Pi verisi işlendi: SENSOR_2 = 3252.000V
2025-11-16 15:26:25 - spektroskopi - INFO - Raspberry Pi'dan veri alındı: 6e400005-b5a3-f393-e0a9-e50e24dcca9e (Handle: 16): Unknown, uzunluk: 2
2025-11-16 15:26:25 - spektroskopi - INFO - Raspberry Pi verisi: Ham=3253, Voltaj=3253.000V
2025-11-16 15:26:25 - spektroskopi - INFO - Raspberry Pi verisi işlendi: SENSOR_EXTRA = 3253.000V
2025-11-16 15:26:25 - spektroskopi - WARNING - Zaman sıralama düzeltildi: 2025-11-16 15:26:25.903987
2025-11-16 15:26:25 - spektroskopi - WARNING - Zaman sıralama düzeltildi: 2025-11-16 15:26:25.904987
2025-11-16 15:26:25 - spektroskopi - WARNING - Zaman sıralama düzeltildi: 2025-11-16 15:26:25.905987
2025-11-16 15:26:25 - spektroskopi - WARNING - Zaman sıralama düzeltildi: 2025-11-16 15:26:25.906987
2025-11-16 15:26:25 - spektroskopi - WARNING - Zaman sıralama düzeltildi: 2025-11-16 15:26:25.907987
2025-11-16 15:26:25 - spektroskopi - WARNING - Zaman sıralama düzeltildi: 2025-11-16 15:26:25.908987
2025-11-16 15:26:25 - spektroskopi - WARNING - Zaman sıralama düzeltildi: 2025-11-16 15:26:25.909987
2025-11-16 15:26:26 - spektroskopi - INFO - Raspberry Pi'dan veri alındı: 6e400003-b5a3-f393-e0a9-e50e24dcca9e (Handle: 8): Nordic UART TX, uzunluk: 2
2025-11-16 15:26:26 - spektroskopi - INFO - Raspberry Pi verisi: Ham=720, Voltaj=720.000V
2025-11-16 15:26:26 - spektroskopi - INFO - Raspberry Pi verisi işlendi: SENSOR_5 = 720.000V
2025-11-16 15:26:26 - spektroskopi - INFO - Raspberry Pi'dan veri alındı: 6e400004-b5a3-f393-e0a9-e50e24dcca9e (Handle: 11): Unknown, uzunluk: 2
2025-11-16 15:26:26 - spektroskopi - INFO - Raspberry Pi verisi: Ham=596, Voltaj=596.000V
2025-11-16 15:26:26 - spektroskopi - INFO - Raspberry Pi verisi işlendi: SENSOR_7 = 596.000V
2025-11-16 15:26:26 - spektroskopi - INFO - Raspberry Pi'dan veri alındı: 6e400002-b5a3-f393-e0a9-e50e24dcca9e (Handle: 19): Nordic UART RX, uzunluk: 2
2025-11-16 15:26:26 - spektroskopi - INFO - Raspberry Pi verisi: Ham=3252, Voltaj=3252.000V
2025-11-16 15:26:26 - spektroskopi - INFO - Raspberry Pi verisi işlendi: SENSOR_2 = 3252.000V
2025-11-16 15:26:26 - spektroskopi - INFO - Raspberry Pi'dan veri alındı: 6e400005-b5a3-f393-e0a9-e50e24dcca9e (Handle: 16): Unknown, uzunluk: 2
2025-11-16 15:26:26 - spektroskopi - INFO - Raspberry Pi verisi: Ham=3253, Voltaj=3253.000V
2025-11-16 15:26:26 - spektroskopi - INFO - Raspberry Pi verisi işlendi: SENSOR_EXTRA = 3253.000V
2025-11-16 15:26:26 - spektroskopi - INFO - Raspberry Pi'dan veri alındı: 6e400003-b5a3-f393-e0a9-e50e24dcca9e (Handle: 8): Nordic UART TX, uzunluk: 2
2025-11-16 15:26:26 - spektroskopi - INFO - Raspberry Pi verisi: Ham=719, Voltaj=719.000V
2025-11-16 15:26:26 - spektroskopi - INFO - Raspberry Pi verisi işlendi: SENSOR_5 = 719.000V
2025-11-16 15:26:26 - spektroskopi - INFO - Raspberry Pi'dan veri alındı: 6e400004-b5a3-f393-e0a9-e50e24dcca9e (Handle: 11): Unknown, uzunluk: 2
2025-11-16 15:26:26 - spektroskopi - INFO - Raspberry Pi verisi: Ham=811, Voltaj=811.000V
2025-11-16 15:26:26 - spektroskopi - INFO - Raspberry Pi verisi işlendi: SENSOR_7 = 811.000V
2025-11-16 15:26:26 - spektroskopi - INFO - Raspberry Pi'dan veri alındı: 6e400002-b5a3-f393-e0a9-e50e24dcca9e (Handle: 19): Nordic UART RX, uzunluk: 2
2025-11-16 15:26:26 - spektroskopi - INFO - Raspberry Pi verisi: Ham=3170, Voltaj=3170.000V
2025-11-16 15:26:26 - spektroskopi - INFO - Raspberry Pi verisi işlendi: SENSOR_2 = 3170.000V
2025-11-16 15:26:26 - spektroskopi - WARNING - Zaman sıralama düzeltildi: 2025-11-16 15:26:26.924137
2025-11-16 15:26:26 - spektroskopi - WARNING - Zaman sıralama düzeltildi: 2025-11-16 15:26:26.925137
2025-11-16 15:26:26 - spektroskopi - WARNING - Zaman sıralama düzeltildi: 2025-11-16 15:26:26.926137
2025-11-16 15:26:26 - spektroskopi - WARNING - Zaman sıralama düzeltildi: 2025-11-16 15:26:26.927137
2025-11-16 15:26:26 - spektroskopi - WARNING - Zaman sıralama düzeltildi: 2025-11-16 15:26:26.928137
2025-11-16 15:26:26 - spektroskopi - WARNING - Zaman sıralama düzeltildi: 2025-11-16 15:26:26.929137
2025-11-16 15:26:26 - spektroskopi - WARNING - Zaman sıralama düzeltildi: 2025-11-16 15:26:26.930137
2025-11-16 15:26:27 - spektroskopi - INFO - Raspberry Pi'dan veri alındı: 6e400005-b5a3-f393-e0a9-e50e24dcca9e (Handle: 16): Unknown, uzunluk: 2
2025-11-16 15:26:27 - spektroskopi - INFO - Raspberry Pi verisi: Ham=2734, Voltaj=2734.000V
2025-11-16 15:26:27 - spektroskopi - INFO - Raspberry Pi verisi işlendi: SENSOR_EXTRA = 2734.000V
2025-11-16 15:26:27 - spektroskopi - INFO - Raspberry Pi'dan veri alındı: 6e400003-b5a3-f393-e0a9-e50e24dcca9e (Handle: 8): Nordic UART TX, uzunluk: 2
2025-11-16 15:26:27 - spektroskopi - INFO - Raspberry Pi verisi: Ham=993, Voltaj=993.000V
2025-11-16 15:26:27 - spektroskopi - INFO - Raspberry Pi verisi işlendi: SENSOR_5 = 993.000V
2025-11-16 15:26:27 - spektroskopi - INFO - Raspberry Pi'dan veri alındı: 6e400004-b5a3-f393-e0a9-e50e24dcca9e (Handle: 11): Unknown, uzunluk: 2
2025-11-16 15:26:27 - spektroskopi - INFO - Raspberry Pi verisi: Ham=1598, Voltaj=1598.000V
2025-11-16 15:26:27 - spektroskopi - INFO - Raspberry Pi verisi işlendi: SENSOR_7 = 1598.000V
2025-11-16 15:26:27 - spektroskopi - INFO - Raspberry Pi'dan veri alındı: 6e400002-b5a3-f393-e0a9-e50e24dcca9e (Handle: 19): Nordic UART RX, uzunluk: 2
2025-11-16 15:26:27 - spektroskopi - INFO - Raspberry Pi verisi: Ham=1377, Voltaj=1377.000V
2025-11-16 15:26:27 - spektroskopi - INFO - Raspberry Pi verisi işlendi: SENSOR_2 = 1377.000V
2025-11-16 15:26:27 - spektroskopi - INFO - Raspberry Pi'dan veri alındı: 6e400005-b5a3-f393-e0a9-e50e24dcca9e (Handle: 16): Unknown, uzunluk: 2
2025-11-16 15:26:27 - spektroskopi - INFO - Raspberry Pi verisi: Ham=1159, Voltaj=1159.000V
2025-11-16 15:26:27 - spektroskopi - INFO - Raspberry Pi verisi işlendi: SENSOR_EXTRA = 1159.000V
2025-11-16 15:26:27 - spektroskopi - INFO - Raspberry Pi'dan veri alındı: 6e400003-b5a3-f393-e0a9-e50e24dcca9e (Handle: 8): Nordic UART TX, uzunluk: 2
2025-11-16 15:26:27 - spektroskopi - INFO - Raspberry Pi verisi: Ham=1273, Voltaj=1273.000V
2025-11-16 15:26:27 - spektroskopi - INFO - Raspberry Pi verisi işlendi: SENSOR_5 = 1273.000V
2025-11-16 15:26:27 - spektroskopi - INFO - Raspberry Pi'dan veri alındı: 6e400004-b5a3-f393-e0a9-e50e24dcca9e (Handle: 11): Unknown, uzunluk: 2
2025-11-16 15:26:27 - spektroskopi - INFO - Raspberry Pi verisi: Ham=1395, Voltaj=1395.000V
2025-11-16 15:26:27 - spektroskopi - INFO - Raspberry Pi verisi işlendi: SENSOR_7 = 1395.000V
2025-11-16 15:26:27 - spektroskopi - WARNING - Zaman sıralama düzeltildi: 2025-11-16 15:26:27.883950
2025-11-16 15:26:27 - spektroskopi - WARNING - Zaman sıralama düzeltildi: 2025-11-16 15:26:27.884950
2025-11-16 15:26:27 - spektroskopi - WARNING - Zaman sıralama düzeltildi: 2025-11-16 15:26:27.885950
2025-11-16 15:26:27 - spektroskopi - WARNING - Zaman sıralama düzeltildi: 2025-11-16 15:26:27.886950
2025-11-16 15:26:27 - spektroskopi - WARNING - Zaman sıralama düzeltildi: 2025-11-16 15:26:27.887950
2025-11-16 15:26:27 - spektroskopi - WARNING - Zaman sıralama düzeltildi: 2025-11-16 15:26:27.888950
2025-11-16 15:26:27 - spektroskopi - WARNING - Zaman sıralama düzeltildi: 2025-11-16 15:26:27.889950
2025-11-16 15:26:28 - spektroskopi - INFO - Raspberry Pi'dan veri alındı: 6e400002-b5a3-f393-e0a9-e50e24dcca9e (Handle: 19): Nordic UART RX, uzunluk: 2
2025-11-16 15:26:28 - spektroskopi - INFO - Raspberry Pi verisi: Ham=1663, Voltaj=1663.000V
2025-11-16 15:26:28 - spektroskopi - INFO - Raspberry Pi verisi işlendi: SENSOR_2 = 1663.000V
2025-11-16 15:26:28 - spektroskopi - INFO - Raspberry Pi'dan veri alındı: 6e400005-b5a3-f393-e0a9-e50e24dcca9e (Handle: 16): Unknown, uzunluk: 2
2025-11-16 15:26:28 - spektroskopi - INFO - Raspberry Pi verisi: Ham=2763, Voltaj=2763.000V
2025-11-16 15:26:28 - spektroskopi - INFO - Raspberry Pi verisi işlendi: SENSOR_EXTRA = 2763.000V
2025-11-16 15:26:28 - spektroskopi - INFO - Raspberry Pi'dan veri alındı: 6e400003-b5a3-f393-e0a9-e50e24dcca9e (Handle: 8): Nordic UART TX, uzunluk: 2
2025-11-16 15:26:28 - spektroskopi - INFO - Raspberry Pi verisi: Ham=734, Voltaj=734.000V
2025-11-16 15:26:28 - spektroskopi - INFO - Raspberry Pi verisi işlendi: SENSOR_5 = 734.000V
2025-11-16 15:26:28 - spektroskopi - INFO - Raspberry Pi'dan veri alındı: 6e400004-b5a3-f393-e0a9-e50e24dcca9e (Handle: 11): Unknown, uzunluk: 2
2025-11-16 15:26:28 - spektroskopi - INFO - Raspberry Pi verisi: Ham=705, Voltaj=705.000V
2025-11-16 15:26:28 - spektroskopi - INFO - Raspberry Pi verisi işlendi: SENSOR_7 = 705.000V
2025-11-16 15:26:28 - spektroskopi - INFO - Raspberry Pi'dan veri alındı: 6e400002-b5a3-f393-e0a9-e50e24dcca9e (Handle: 19): Nordic UART RX, uzunluk: 2
2025-11-16 15:26:28 - spektroskopi - INFO - Raspberry Pi verisi: Ham=3252, Voltaj=3252.000V
2025-11-16 15:26:28 - spektroskopi - INFO - Raspberry Pi verisi işlendi: SENSOR_2 = 3252.000V
2025-11-16 15:26:28 - spektroskopi - INFO - Raspberry Pi'dan veri alındı: 6e400005-b5a3-f393-e0a9-e50e24dcca9e (Handle: 16): Unknown, uzunluk: 2
2025-11-16 15:26:28 - spektroskopi - INFO - Raspberry Pi verisi: Ham=3253, Voltaj=3253.000V
2025-11-16 15:26:28 - spektroskopi - INFO - Raspberry Pi verisi işlendi: SENSOR_EXTRA = 3253.000V
2025-11-16 15:26:28 - spektroskopi - INFO - Raspberry Pi'dan veri alındı: 6e400003-b5a3-f393-e0a9-e50e24dcca9e (Handle: 8): Nordic UART TX, uzunluk: 2
2025-11-16 15:26:28 - spektroskopi - INFO - Raspberry Pi verisi: Ham=722, Voltaj=722.000V
2025-11-16 15:26:28 - spektroskopi - INFO - Raspberry Pi verisi işlendi: SENSOR_5 = 722.000V
2025-11-16 15:26:28 - spektroskopi - WARNING - Zaman sıralama düzeltildi: 2025-11-16 15:26:28.904393
2025-11-16 15:26:28 - spektroskopi - WARNING - Zaman sıralama düzeltildi: 2025-11-16 15:26:28.905393
2025-11-16 15:26:28 - spektroskopi - WARNING - Zaman sıralama düzeltildi: 2025-11-16 15:26:28.906393
2025-11-16 15:26:28 - spektroskopi - WARNING - Zaman sıralama düzeltildi: 2025-11-16 15:26:28.907393
2025-11-16 15:26:28 - spektroskopi - WARNING - Zaman sıralama düzeltildi: 2025-11-16 15:26:28.908393
2025-11-16 15:26:28 - spektroskopi - WARNING - Zaman sıralama düzeltildi: 2025-11-16 15:26:28.909393
2025-11-16 15:26:28 - spektroskopi - WARNING - Zaman sıralama düzeltildi: 2025-11-16 15:26:28.910393
2025-11-16 15:26:29 - spektroskopi - INFO - Raspberry Pi'dan veri alındı: 6e400004-b5a3-f393-e0a9-e50e24dcca9e (Handle: 11): Unknown, uzunluk: 2
2025-11-16 15:26:29 - spektroskopi - INFO - Raspberry Pi verisi: Ham=631, Voltaj=631.000V
2025-11-16 15:26:29 - spektroskopi - INFO - Raspberry Pi verisi işlendi: SENSOR_7 = 631.000V
2025-11-16 15:26:29 - spektroskopi - INFO - Raspberry Pi'dan veri alındı: 6e400002-b5a3-f393-e0a9-e50e24dcca9e (Handle: 19): Nordic UART RX, uzunluk: 2
2025-11-16 15:26:29 - spektroskopi - INFO - Raspberry Pi verisi: Ham=3252, Voltaj=3252.000V
2025-11-16 15:26:29 - spektroskopi - INFO - Raspberry Pi verisi işlendi: SENSOR_2 = 3252.000V
2025-11-16 15:26:29 - spektroskopi - INFO - Raspberry Pi'dan veri alındı: 6e400005-b5a3-f393-e0a9-e50e24dcca9e (Handle: 16): Unknown, uzunluk: 2
2025-11-16 15:26:29 - spektroskopi - INFO - Raspberry Pi verisi: Ham=3253, Voltaj=3253.000V
2025-11-16 15:26:29 - spektroskopi - INFO - Raspberry Pi verisi işlendi: SENSOR_EXTRA = 3253.000V
2025-11-16 15:26:29 - spektroskopi - INFO - Raspberry Pi'dan veri alındı: 6e400003-b5a3-f393-e0a9-e50e24dcca9e (Handle: 8): Nordic UART TX, uzunluk: 2
2025-11-16 15:26:29 - spektroskopi - INFO - Raspberry Pi verisi: Ham=721, Voltaj=721.000V
2025-11-16 15:26:29 - spektroskopi - INFO - Raspberry Pi verisi işlendi: SENSOR_5 = 721.000V
2025-11-16 15:26:29 - spektroskopi - INFO - Raspberry Pi'dan veri alındı: 6e400004-b5a3-f393-e0a9-e50e24dcca9e (Handle: 11): Unknown, uzunluk: 2
2025-11-16 15:26:29 - spektroskopi - INFO - Raspberry Pi verisi: Ham=538, Voltaj=538.000V
2025-11-16 15:26:29 - spektroskopi - INFO - Raspberry Pi verisi işlendi: SENSOR_7 = 538.000V
2025-11-16 15:26:29 - spektroskopi - INFO - Raspberry Pi'dan veri alındı: 6e400002-b5a3-f393-e0a9-e50e24dcca9e (Handle: 19): Nordic UART RX, uzunluk: 2
2025-11-16 15:26:29 - spektroskopi - INFO - Raspberry Pi verisi: Ham=3252, Voltaj=3252.000V
2025-11-16 15:26:29 - spektroskopi - INFO - Raspberry Pi verisi işlendi: SENSOR_2 = 3252.000V
2025-11-16 15:26:29 - spektroskopi - INFO - Raspberry Pi'dan veri alındı: 6e400005-b5a3-f393-e0a9-e50e24dcca9e (Handle: 16): Unknown, uzunluk: 2
2025-11-16 15:26:29 - spektroskopi - INFO - Raspberry Pi verisi: Ham=2480, Voltaj=2480.000V
2025-11-16 15:26:29 - spektroskopi - INFO - Raspberry Pi verisi işlendi: SENSOR_EXTRA = 2480.000V
2025-11-16 15:26:29 - spektroskopi - WARNING - Zaman sıralama düzeltildi: 2025-11-16 15:26:29.924211
2025-11-16 15:26:29 - spektroskopi - WARNING - Zaman sıralama düzeltildi: 2025-11-16 15:26:29.925211
2025-11-16 15:26:29 - spektroskopi - WARNING - Zaman sıralama düzeltildi: 2025-11-16 15:26:29.926211
2025-11-16 15:26:29 - spektroskopi - WARNING - Zaman sıralama düzeltildi: 2025-11-16 15:26:29.927211
2025-11-16 15:26:29 - spektroskopi - WARNING - Zaman sıralama düzeltildi: 2025-11-16 15:26:29.928211
2025-11-16 15:26:29 - spektroskopi - WARNING - Zaman sıralama düzeltildi: 2025-11-16 15:26:29.929211
2025-11-16 15:26:29 - spektroskopi - WARNING - Zaman sıralama düzeltildi: 2025-11-16 15:26:29.930211
2025-11-16 15:26:30 - spektroskopi - INFO - Raspberry Pi'dan veri alındı: 6e400003-b5a3-f393-e0a9-e50e24dcca9e (Handle: 8): Nordic UART TX, uzunluk: 2
2025-11-16 15:26:30 - spektroskopi - INFO - Raspberry Pi verisi: Ham=716, Voltaj=716.000V
2025-11-16 15:26:30 - spektroskopi - INFO - Raspberry Pi verisi işlendi: SENSOR_5 = 716.000V
2025-11-16 15:26:30 - spektroskopi - INFO - Raspberry Pi'dan veri alındı: 6e400004-b5a3-f393-e0a9-e50e24dcca9e (Handle: 11): Unknown, uzunluk: 2
2025-11-16 15:26:30 - spektroskopi - INFO - Raspberry Pi verisi: Ham=533, Voltaj=533.000V
2025-11-16 15:26:30 - spektroskopi - INFO - Raspberry Pi verisi işlendi: SENSOR_7 = 533.000V
2025-11-16 15:26:30 - spektroskopi - INFO - Raspberry Pi'dan veri alındı: 6e400002-b5a3-f393-e0a9-e50e24dcca9e (Handle: 19): Nordic UART RX, uzunluk: 2
2025-11-16 15:26:30 - spektroskopi - INFO - Raspberry Pi verisi: Ham=1846, Voltaj=1846.000V
2025-11-16 15:26:30 - spektroskopi - INFO - Raspberry Pi verisi işlendi: SENSOR_2 = 1846.000V
2025-11-16 15:26:30 - spektroskopi - INFO - Raspberry Pi'dan veri alındı: 6e400005-b5a3-f393-e0a9-e50e24dcca9e (Handle: 16): Unknown, uzunluk: 2
2025-11-16 15:26:30 - spektroskopi - INFO - Raspberry Pi verisi: Ham=845, Voltaj=845.000V
2025-11-16 15:26:30 - spektroskopi - INFO - Raspberry Pi verisi işlendi: SENSOR_EXTRA = 845.000V
2025-11-16 15:26:30 - spektroskopi - INFO - Raspberry Pi'dan veri alındı: 6e400003-b5a3-f393-e0a9-e50e24dcca9e (Handle: 8): Nordic UART TX, uzunluk: 2
2025-11-16 15:26:30 - spektroskopi - INFO - Raspberry Pi verisi: Ham=713, Voltaj=713.000V
2025-11-16 15:26:30 - spektroskopi - INFO - Raspberry Pi verisi işlendi: SENSOR_5 = 713.000V
2025-11-16 15:26:30 - spektroskopi - INFO - Raspberry Pi'dan veri alındı: 6e400004-b5a3-f393-e0a9-e50e24dcca9e (Handle: 11): Unknown, uzunluk: 2
2025-11-16 15:26:30 - spektroskopi - INFO - Raspberry Pi verisi: Ham=523, Voltaj=523.000V
2025-11-16 15:26:30 - spektroskopi - INFO - Raspberry Pi verisi işlendi: SENSOR_7 = 523.000V
2025-11-16 15:26:30 - spektroskopi - INFO - Raspberry Pi'dan veri alındı: 6e400002-b5a3-f393-e0a9-e50e24dcca9e (Handle: 19): Nordic UART RX, uzunluk: 2
2025-11-16 15:26:30 - spektroskopi - INFO - Raspberry Pi verisi: Ham=3195, Voltaj=3195.000V
2025-11-16 15:26:30 - spektroskopi - INFO - Raspberry Pi verisi işlendi: SENSOR_2 = 3195.000V
2025-11-16 15:26:30 - spektroskopi - WARNING - Zaman sıralama düzeltildi: 2025-11-16 15:26:30.944191
2025-11-16 15:26:30 - spektroskopi - WARNING - Zaman sıralama düzeltildi: 2025-11-16 15:26:30.945191
2025-11-16 15:26:30 - spektroskopi - WARNING - Zaman sıralama düzeltildi: 2025-11-16 15:26:30.946191
2025-11-16 15:26:30 - spektroskopi - WARNING - Zaman sıralama düzeltildi: 2025-11-16 15:26:30.947191
2025-11-16 15:26:30 - spektroskopi - WARNING - Zaman sıralama düzeltildi: 2025-11-16 15:26:30.948191
2025-11-16 15:26:30 - spektroskopi - WARNING - Zaman sıralama düzeltildi: 2025-11-16 15:26:30.949191
2025-11-16 15:26:30 - spektroskopi - WARNING - Zaman sıralama düzeltildi: 2025-11-16 15:26:30.950191
2025-11-16 15:26:31 - spektroskopi - INFO - Raspberry Pi'dan veri alındı: 6e400005-b5a3-f393-e0a9-e50e24dcca9e (Handle: 16): Unknown, uzunluk: 2
2025-11-16 15:26:31 - spektroskopi - INFO - Raspberry Pi verisi: Ham=3253, Voltaj=3253.000V
2025-11-16 15:26:31 - spektroskopi - INFO - Raspberry Pi verisi işlendi: SENSOR_EXTRA = 3253.000V
2025-11-16 15:26:31 - spektroskopi - INFO - Raspberry Pi'dan veri alındı: 6e400003-b5a3-f393-e0a9-e50e24dcca9e (Handle: 8): Nordic UART TX, uzunluk: 2
2025-11-16 15:26:31 - spektroskopi - INFO - Raspberry Pi verisi: Ham=653, Voltaj=653.000V
2025-11-16 15:26:31 - spektroskopi - INFO - Raspberry Pi verisi işlendi: SENSOR_5 = 653.000V
2025-11-16 15:26:31 - spektroskopi - INFO - Raspberry Pi'dan veri alındı: 6e400004-b5a3-f393-e0a9-e50e24dcca9e (Handle: 11): Unknown, uzunluk: 2
2025-11-16 15:26:31 - spektroskopi - INFO - Raspberry Pi verisi: Ham=488, Voltaj=488.000V
2025-11-16 15:26:31 - spektroskopi - INFO - Raspberry Pi verisi işlendi: SENSOR_7 = 488.000V
2025-11-16 15:26:31 - spektroskopi - INFO - Raspberry Pi'dan veri alındı: 6e400002-b5a3-f393-e0a9-e50e24dcca9e (Handle: 19): Nordic UART RX, uzunluk: 2
2025-11-16 15:26:31 - spektroskopi - INFO - Raspberry Pi verisi: Ham=3252, Voltaj=3252.000V
2025-11-16 15:26:31 - spektroskopi - INFO - Raspberry Pi verisi işlendi: SENSOR_2 = 3252.000V
2025-11-16 15:26:31 - spektroskopi - INFO - Raspberry Pi'dan veri alındı: 6e400005-b5a3-f393-e0a9-e50e24dcca9e (Handle: 16): Unknown, uzunluk: 2
2025-11-16 15:26:31 - spektroskopi - INFO - Raspberry Pi verisi: Ham=2963, Voltaj=2963.000V
2025-11-16 15:26:31 - spektroskopi - INFO - Raspberry Pi verisi işlendi: SENSOR_EXTRA = 2963.000V
2025-11-16 15:26:31 - spektroskopi - INFO - Raspberry Pi'dan veri alındı: 6e400003-b5a3-f393-e0a9-e50e24dcca9e (Handle: 8): Nordic UART TX, uzunluk: 2
2025-11-16 15:26:31 - spektroskopi - INFO - Raspberry Pi verisi: Ham=671, Voltaj=671.000V
2025-11-16 15:26:31 - spektroskopi - INFO - Raspberry Pi verisi işlendi: SENSOR_5 = 671.000V
2025-11-16 15:26:31 - spektroskopi - INFO - Raspberry Pi'dan veri alındı: 6e400004-b5a3-f393-e0a9-e50e24dcca9e (Handle: 11): Unknown, uzunluk: 2
2025-11-16 15:26:31 - spektroskopi - INFO - Raspberry Pi verisi: Ham=507, Voltaj=507.000V
2025-11-16 15:26:31 - spektroskopi - INFO - Raspberry Pi verisi işlendi: SENSOR_7 = 507.000V
2025-11-16 15:26:31 - spektroskopi - WARNING - Zaman sıralama düzeltildi: 2025-11-16 15:26:31.874189
2025-11-16 15:26:31 - spektroskopi - WARNING - Zaman sıralama düzeltildi: 2025-11-16 15:26:31.875189
2025-11-16 15:26:31 - spektroskopi - WARNING - Zaman sıralama düzeltildi: 2025-11-16 15:26:31.876189
2025-11-16 15:26:31 - spektroskopi - WARNING - Zaman sıralama düzeltildi: 2025-11-16 15:26:31.877189
2025-11-16 15:26:31 - spektroskopi - WARNING - Zaman sıralama düzeltildi: 2025-11-16 15:26:31.878189
2025-11-16 15:26:31 - spektroskopi - WARNING - Zaman sıralama düzeltildi: 2025-11-16 15:26:31.879189
2025-11-16 15:26:31 - spektroskopi - WARNING - Zaman sıralama düzeltildi: 2025-11-16 15:26:31.880189
2025-11-16 15:26:33 - spektroskopi - WARNING - BLE cihazı bağlantısı kesildi
2025-11-16 15:26:33 - spektroskopi - INFO - CONNECTION SUCCESS: sensor-1 - DISCONNECTED
2025-11-16 15:26:33 - spektroskopi - INFO - BLE bağlantısı kesildi
2025-11-16 15:26:33 - spektroskopi - INFO - Bağlantı koptu - LED toggle devre dışı bırakıldı
2025-11-16 15:26:33 - spektroskopi - INFO - BLE bağlantı kopma callback çağrıldı: sensor-1
2025-11-16 15:29:19 - spektroskopi - INFO - Spektroskopi uygulaması başlatılıyor...
2025-11-16 15:29:19 - spektroskopi - INFO - Export için 1 formül yüklendi
2025-11-16 15:29:19 - spektroskopi - INFO - Uygulama ayarları yüklendi
2025-11-16 15:29:19 - spektroskopi - INFO - 1 formül içe aktarıldı
2025-11-16 15:29:19 - spektroskopi - INFO - Uygulama başlangıcında formüller yüklendi: 1
2025-11-16 15:29:19 - spektroskopi - WARNING - Error loading record Record_20251022_185402.json: Expecting value: line 515 column 9 (char 10867)
2025-11-16 15:29:19 - spektroskopi - INFO - Tema uygulandı: light (sistem: dark)
2025-11-16 15:29:19 - spektroskopi - INFO - Sensör bilgileri güncellendi
2025-11-16 15:29:19 - spektroskopi - INFO - Otomatik bağlantı başlatılıyor...
2025-11-16 15:29:19 - spektroskopi - INFO - Ana GUI başlatıldı
2025-11-16 15:29:20 - spektroskopi - INFO - BLE tarama başlatılıyor (timeout: 10.0s)
2025-11-16 15:29:30 - spektroskopi - INFO - Hedef cihaz bulundu: sensor-1 (10EF861C-9314-4868-A135-CAF29E2FB2C9)
2025-11-16 15:29:30 - spektroskopi - INFO - Tarama tamamlandı: 1 cihaz bulundu
2025-11-16 15:29:30 - spektroskopi - INFO - sensor-1 cihazına bağlanılıyor...
2025-11-16 15:29:30 - spektroskopi - INFO - BLE bağlantısı kuruluyor: sensor-1 (10EF861C-9314-4868-A135-CAF29E2FB2C9)
2025-11-16 15:29:30 - spektroskopi - INFO - Bağlantı kuruldu: sensor-1
2025-11-16 15:29:30 - spektroskopi - INFO - LED toggle aktifleştirildi
2025-11-16 15:29:30 - spektroskopi - INFO - Tarama tamamlandı: 1 cihaz bulundu
2025-11-16 15:29:31 - spektroskopi - INFO - CONNECTION SUCCESS: sensor-1 - CONNECTED
2025-11-16 15:29:31 - spektroskopi - INFO - Raspberry Pi'dan veri alındı: 6e400002-b5a3-f393-e0a9-e50e24dcca9e (Handle: 19): Nordic UART RX, uzunluk: 2
2025-11-16 15:29:31 - spektroskopi - INFO - Raspberry Pi verisi: Ham=3257, Voltaj=3257.000V
2025-11-16 15:29:31 - spektroskopi - INFO - Raspberry Pi verisi işlendi: SENSOR_2 = 3257.000V
2025-11-16 15:29:31 - spektroskopi - INFO - Raspberry Pi'dan veri alındı: 6e400005-b5a3-f393-e0a9-e50e24dcca9e (Handle: 16): Unknown, uzunluk: 2
2025-11-16 15:29:31 - spektroskopi - INFO - Raspberry Pi verisi: Ham=3258, Voltaj=3258.000V
2025-11-16 15:29:31 - spektroskopi - INFO - Raspberry Pi verisi işlendi: SENSOR_EXTRA = 3258.000V
2025-11-16 15:29:31 - spektroskopi - INFO - BLE bağlantısı sonsuz mod aktif - timeout yok
2025-11-16 15:29:31 - spektroskopi - INFO - Raspberry Pi'dan veri alındı: 6e400003-b5a3-f393-e0a9-e50e24dcca9e (Handle: 8): Nordic UART TX, uzunluk: 2
2025-11-16 15:29:31 - spektroskopi - INFO - Raspberry Pi verisi: Ham=1632, Voltaj=1632.000V
2025-11-16 15:29:31 - spektroskopi - INFO - Raspberry Pi verisi işlendi: SENSOR_5 = 1632.000V
2025-11-16 15:29:31 - spektroskopi - INFO - Raspberry Pi'dan veri alındı: 6e400004-b5a3-f393-e0a9-e50e24dcca9e (Handle: 11): Unknown, uzunluk: 2
2025-11-16 15:29:31 - spektroskopi - INFO - Raspberry Pi verisi: Ham=1314, Voltaj=1314.000V
2025-11-16 15:29:31 - spektroskopi - INFO - Raspberry Pi verisi işlendi: SENSOR_7 = 1314.000V
2025-11-16 15:29:32 - spektroskopi - INFO - Raspberry Pi'dan veri alındı: 6e400002-b5a3-f393-e0a9-e50e24dcca9e (Handle: 19): Nordic UART RX, uzunluk: 2
2025-11-16 15:29:32 - spektroskopi - INFO - Raspberry Pi verisi: Ham=3257, Voltaj=3257.000V
2025-11-16 15:29:32 - spektroskopi - INFO - Raspberry Pi verisi işlendi: SENSOR_2 = 3257.000V
2025-11-16 15:29:32 - spektroskopi - INFO - Raspberry Pi'dan veri alındı: 6e400005-b5a3-f393-e0a9-e50e24dcca9e (Handle: 16): Unknown, uzunluk: 2
2025-11-16 15:29:32 - spektroskopi - INFO - Raspberry Pi verisi: Ham=3258, Voltaj=3258.000V
2025-11-16 15:29:32 - spektroskopi - INFO - Raspberry Pi verisi işlendi: SENSOR_EXTRA = 3258.000V
2025-11-16 15:29:32 - spektroskopi - WARNING - Zaman sıralama düzeltildi: 2025-11-16 15:29:32.180295
2025-11-16 15:29:32 - spektroskopi - WARNING - Zaman sıralama düzeltildi: 2025-11-16 15:29:32.181295
2025-11-16 15:29:32 - spektroskopi - WARNING - Zaman sıralama düzeltildi: 2025-11-16 15:29:32.182295
2025-11-16 15:29:32 - spektroskopi - WARNING - Zaman sıralama düzeltildi: 2025-11-16 15:29:32.183295
2025-11-16 15:29:32 - spektroskopi - WARNING - Zaman sıralama düzeltildi: 2025-11-16 15:29:32.184295
2025-11-16 15:29:32 - spektroskopi - WARNING - Zaman sıralama düzeltildi: 2025-11-16 15:29:32.185295
2025-11-16 15:29:32 - spektroskopi - INFO - Raspberry Pi'dan veri alındı: 6e400003-b5a3-f393-e0a9-e50e24dcca9e (Handle: 8): Nordic UART TX, uzunluk: 2
2025-11-16 15:29:32 - spektroskopi - INFO - Raspberry Pi verisi: Ham=1632, Voltaj=1632.000V
2025-11-16 15:29:32 - spektroskopi - INFO - Raspberry Pi verisi işlendi: SENSOR_5 = 1632.000V
2025-11-16 15:29:32 - spektroskopi - INFO - Raspberry Pi'dan veri alındı: 6e400004-b5a3-f393-e0a9-e50e24dcca9e (Handle: 11): Unknown, uzunluk: 2
2025-11-16 15:29:32 - spektroskopi - INFO - Raspberry Pi verisi: Ham=1314, Voltaj=1314.000V
2025-11-16 15:29:32 - spektroskopi - INFO - Raspberry Pi verisi işlendi: SENSOR_7 = 1314.000V
2025-11-16 15:29:32 - spektroskopi - INFO - Raspberry Pi'dan veri alındı: 6e400002-b5a3-f393-e0a9-e50e24dcca9e (Handle: 19): Nordic UART RX, uzunluk: 2
2025-11-16 15:29:32 - spektroskopi - INFO - Raspberry Pi verisi: Ham=3258, Voltaj=3258.000V
2025-11-16 15:29:32 - spektroskopi - INFO - Raspberry Pi verisi işlendi: SENSOR_2 = 3258.000V
2025-11-16 15:29:32 - spektroskopi - INFO - Raspberry Pi'dan veri alındı: 6e400005-b5a3-f393-e0a9-e50e24dcca9e (Handle: 16): Unknown, uzunluk: 2
2025-11-16 15:29:32 - spektroskopi - INFO - Raspberry Pi verisi: Ham=3258, Voltaj=3258.000V
2025-11-16 15:29:32 - spektroskopi - INFO - Raspberry Pi verisi işlendi: SENSOR_EXTRA = 3258.000V
2025-11-16 15:29:32 - spektroskopi - INFO - Raspberry Pi'dan veri alındı: 6e400003-b5a3-f393-e0a9-e50e24dcca9e (Handle: 8): Nordic UART TX, uzunluk: 2
2025-11-16 15:29:32 - spektroskopi - INFO - Raspberry Pi verisi: Ham=1632, Voltaj=1632.000V
2025-11-16 15:29:32 - spektroskopi - INFO - Raspberry Pi verisi işlendi: SENSOR_5 = 1632.000V
2025-11-16 15:29:32 - spektroskopi - INFO - Raspberry Pi'dan veri alındı: 6e400004-b5a3-f393-e0a9-e50e24dcca9e (Handle: 11): Unknown, uzunluk: 2
2025-11-16 15:29:32 - spektroskopi - INFO - Raspberry Pi verisi: Ham=1315, Voltaj=1315.000V
2025-11-16 15:29:32 - spektroskopi - INFO - Raspberry Pi verisi işlendi: SENSOR_7 = 1315.000V
2025-11-16 15:29:32 - spektroskopi - INFO - Raspberry Pi'dan veri alındı: 6e400002-b5a3-f393-e0a9-e50e24dcca9e (Handle: 19): Nordic UART RX, uzunluk: 2
2025-11-16 15:29:32 - spektroskopi - INFO - Raspberry Pi verisi: Ham=3257, Voltaj=3257.000V
2025-11-16 15:29:32 - spektroskopi - INFO - Raspberry Pi verisi işlendi: SENSOR_2 = 3257.000V
2025-11-16 15:29:32 - spektroskopi - INFO - Raspberry Pi'dan veri alındı: 6e400005-b5a3-f393-e0a9-e50e24dcca9e (Handle: 16): Unknown, uzunluk: 2
2025-11-16 15:29:32 - spektroskopi - INFO - Raspberry Pi verisi: Ham=3257, Voltaj=3257.000V
2025-11-16 15:29:32 - spektroskopi - INFO - Raspberry Pi verisi işlendi: SENSOR_EXTRA = 3257.000V
2025-11-16 15:29:32 - spektroskopi - INFO - Raspberry Pi'dan veri alındı: 6e400003-b5a3-f393-e0a9-e50e24dcca9e (Handle: 8): Nordic UART TX, uzunluk: 2
2025-11-16 15:29:32 - spektroskopi - INFO - Raspberry Pi verisi: Ham=1633, Voltaj=1633.000V
2025-11-16 15:29:32 - spektroskopi - INFO - Raspberry Pi verisi işlendi: SENSOR_5 = 1633.000V
2025-11-16 15:29:32 - spektroskopi - INFO - Raspberry Pi'dan veri alındı: 6e400004-b5a3-f393-e0a9-e50e24dcca9e (Handle: 11): Unknown, uzunluk: 2
2025-11-16 15:29:32 - spektroskopi - INFO - Raspberry Pi verisi: Ham=1315, Voltaj=1315.000V
2025-11-16 15:29:32 - spektroskopi - INFO - Raspberry Pi verisi işlendi: SENSOR_7 = 1315.000V
2025-11-16 15:29:33 - spektroskopi - INFO - Raspberry Pi'dan veri alındı: 6e400002-b5a3-f393-e0a9-e50e24dcca9e (Handle: 19): Nordic UART RX, uzunluk: 2
2025-11-16 15:29:33 - spektroskopi - INFO - Raspberry Pi verisi: Ham=3258, Voltaj=3258.000V
2025-11-16 15:29:33 - spektroskopi - INFO - Raspberry Pi verisi işlendi: SENSOR_2 = 3258.000V
2025-11-16 15:29:33 - spektroskopi - INFO - Raspberry Pi'dan veri alındı: 6e400005-b5a3-f393-e0a9-e50e24dcca9e (Handle: 16): Unknown, uzunluk: 2
2025-11-16 15:29:33 - spektroskopi - INFO - Raspberry Pi verisi: Ham=3257, Voltaj=3257.000V
2025-11-16 15:29:33 - spektroskopi - INFO - Raspberry Pi verisi işlendi: SENSOR_EXTRA = 3257.000V
2025-11-16 15:29:33 - spektroskopi - INFO - Raspberry Pi'dan veri alındı: 6e400003-b5a3-f393-e0a9-e50e24dcca9e (Handle: 8): Nordic UART TX, uzunluk: 2
2025-11-16 15:29:33 - spektroskopi - INFO - Raspberry Pi verisi: Ham=1633, Voltaj=1633.000V
2025-11-16 15:29:33 - spektroskopi - INFO - Raspberry Pi verisi işlendi: SENSOR_5 = 1633.000V
2025-11-16 15:29:33 - spektroskopi - WARNING - Zaman sıralama düzeltildi: 2025-11-16 15:29:33.258708
2025-11-16 15:29:33 - spektroskopi - WARNING - Zaman sıralama düzeltildi: 2025-11-16 15:29:33.259708
2025-11-16 15:29:33 - spektroskopi - WARNING - Zaman sıralama düzeltildi: 2025-11-16 15:29:33.260708
2025-11-16 15:29:33 - spektroskopi - WARNING - Zaman sıralama düzeltildi: 2025-11-16 15:29:33.261708
2025-11-16 15:29:33 - spektroskopi - WARNING - Zaman sıralama düzeltildi: 2025-11-16 15:29:33.262708
2025-11-16 15:29:33 - spektroskopi - WARNING - Zaman sıralama düzeltildi: 2025-11-16 15:29:33.263708
2025-11-16 15:29:33 - spektroskopi - WARNING - Zaman sıralama düzeltildi: 2025-11-16 15:29:33.264708
2025-11-16 15:29:33 - spektroskopi - WARNING - Zaman sıralama düzeltildi: 2025-11-16 15:29:33.265708
2025-11-16 15:29:33 - spektroskopi - WARNING - Zaman sıralama düzeltildi: 2025-11-16 15:29:33.266708
2025-11-16 15:29:33 - spektroskopi - WARNING - Zaman sıralama düzeltildi: 2025-11-16 15:29:33.267708
2025-11-16 15:29:33 - spektroskopi - WARNING - Zaman sıralama düzeltildi: 2025-11-16 15:29:33.268708
2025-11-16 15:29:33 - spektroskopi - WARNING - Zaman sıralama düzeltildi: 2025-11-16 15:29:33.269708
2025-11-16 15:29:33 - spektroskopi - WARNING - Zaman sıralama düzeltildi: 2025-11-16 15:29:33.270708
2025-11-16 15:29:33 - spektroskopi - INFO - Raspberry Pi'dan veri alındı: 6e400004-b5a3-f393-e0a9-e50e24dcca9e (Handle: 11): Unknown, uzunluk: 2
2025-11-16 15:29:33 - spektroskopi - INFO - Raspberry Pi verisi: Ham=1314, Voltaj=1314.000V
2025-11-16 15:29:33 - spektroskopi - INFO - Raspberry Pi verisi işlendi: SENSOR_7 = 1314.000V
2025-11-16 15:29:33 - spektroskopi - INFO - Raspberry Pi'dan veri alındı: 6e400002-b5a3-f393-e0a9-e50e24dcca9e (Handle: 19): Nordic UART RX, uzunluk: 2
2025-11-16 15:29:33 - spektroskopi - INFO - Raspberry Pi verisi: Ham=3257, Voltaj=3257.000V
2025-11-16 15:29:33 - spektroskopi - INFO - Raspberry Pi verisi işlendi: SENSOR_2 = 3257.000V
2025-11-16 15:29:33 - spektroskopi - INFO - Raspberry Pi'dan veri alındı: 6e400005-b5a3-f393-e0a9-e50e24dcca9e (Handle: 16): Unknown, uzunluk: 2
2025-11-16 15:29:33 - spektroskopi - INFO - Raspberry Pi verisi: Ham=3257, Voltaj=3257.000V
2025-11-16 15:29:33 - spektroskopi - INFO - Raspberry Pi verisi işlendi: SENSOR_EXTRA = 3257.000V
2025-11-16 15:29:33 - spektroskopi - INFO - Raspberry Pi'dan veri alındı: 6e400003-b5a3-f393-e0a9-e50e24dcca9e (Handle: 8): Nordic UART TX, uzunluk: 2
2025-11-16 15:29:33 - spektroskopi - INFO - Raspberry Pi verisi: Ham=1631, Voltaj=1631.000V
2025-11-16 15:29:33 - spektroskopi - INFO - Raspberry Pi verisi işlendi: SENSOR_5 = 1631.000V
2025-11-16 15:29:33 - spektroskopi - INFO - Raspberry Pi'dan veri alındı: 6e400004-b5a3-f393-e0a9-e50e24dcca9e (Handle: 11): Unknown, uzunluk: 2
2025-11-16 15:29:33 - spektroskopi - INFO - Raspberry Pi verisi: Ham=1314, Voltaj=1314.000V
2025-11-16 15:29:33 - spektroskopi - INFO - Raspberry Pi verisi işlendi: SENSOR_7 = 1314.000V
2025-11-16 15:29:33 - spektroskopi - INFO - Raspberry Pi'dan veri alındı: 6e400002-b5a3-f393-e0a9-e50e24dcca9e (Handle: 19): Nordic UART RX, uzunluk: 2
2025-11-16 15:29:33 - spektroskopi - INFO - Raspberry Pi verisi: Ham=3257, Voltaj=3257.000V
2025-11-16 15:29:33 - spektroskopi - INFO - Raspberry Pi verisi işlendi: SENSOR_2 = 3257.000V
2025-11-16 15:29:33 - spektroskopi - INFO - Raspberry Pi'dan veri alındı: 6e400005-b5a3-f393-e0a9-e50e24dcca9e (Handle: 16): Unknown, uzunluk: 2
2025-11-16 15:29:33 - spektroskopi - INFO - Raspberry Pi verisi: Ham=3258, Voltaj=3258.000V
2025-11-16 15:29:33 - spektroskopi - INFO - Raspberry Pi verisi işlendi: SENSOR_EXTRA = 3258.000V
2025-11-16 15:29:33 - spektroskopi - INFO - Raspberry Pi'dan veri alındı: 6e400003-b5a3-f393-e0a9-e50e24dcca9e (Handle: 8): Nordic UART TX, uzunluk: 2
2025-11-16 15:29:33 - spektroskopi - INFO - Raspberry Pi verisi: Ham=1634, Voltaj=1634.000V
2025-11-16 15:29:33 - spektroskopi - INFO - Raspberry Pi verisi işlendi: SENSOR_5 = 1634.000V
2025-11-16 15:29:33 - spektroskopi - INFO - Raspberry Pi'dan veri alındı: 6e400004-b5a3-f393-e0a9-e50e24dcca9e (Handle: 11): Unknown, uzunluk: 2
2025-11-16 15:29:33 - spektroskopi - INFO - Raspberry Pi verisi: Ham=1315, Voltaj=1315.000V
2025-11-16 15:29:33 - spektroskopi - INFO - Raspberry Pi verisi işlendi: SENSOR_7 = 1315.000V
2025-11-16 15:29:34 - spektroskopi - INFO - Raspberry Pi'dan veri alındı: 6e400002-b5a3-f393-e0a9-e50e24dcca9e (Handle: 19): Nordic UART RX, uzunluk: 2
2025-11-16 15:29:34 - spektroskopi - INFO - Raspberry Pi verisi: Ham=3257, Voltaj=3257.000V
2025-11-16 15:29:34 - spektroskopi - INFO - Raspberry Pi verisi işlendi: SENSOR_2 = 3257.000V
2025-11-16 15:29:34 - spektroskopi - INFO - Raspberry Pi'dan veri alındı: 6e400005-b5a3-f393-e0a9-e50e24dcca9e (Handle: 16): Unknown, uzunluk: 2
2025-11-16 15:29:34 - spektroskopi - INFO - Raspberry Pi verisi: Ham=3257, Voltaj=3257.000V
2025-11-16 15:29:34 - spektroskopi - INFO - Raspberry Pi verisi işlendi: SENSOR_EXTRA = 3257.000V
2025-11-16 15:29:34 - spektroskopi - INFO - Raspberry Pi'dan veri alındı: 6e400003-b5a3-f393-e0a9-e50e24dcca9e (Handle: 8): Nordic UART TX, uzunluk: 2
2025-11-16 15:29:34 - spektroskopi - INFO - Raspberry Pi verisi: Ham=1634, Voltaj=1634.000V
2025-11-16 15:29:34 - spektroskopi - INFO - Raspberry Pi verisi işlendi: SENSOR_5 = 1634.000V
2025-11-16 15:29:34 - spektroskopi - WARNING - Zaman sıralama düzeltildi: 2025-11-16 15:29:34.248782
2025-11-16 15:29:34 - spektroskopi - WARNING - Zaman sıralama düzeltildi: 2025-11-16 15:29:34.249782
2025-11-16 15:29:34 - spektroskopi - WARNING - Zaman sıralama düzeltildi: 2025-11-16 15:29:34.250782
2025-11-16 15:29:34 - spektroskopi - WARNING - Zaman sıralama düzeltildi: 2025-11-16 15:29:34.251782
2025-11-16 15:29:34 - spektroskopi - WARNING - Zaman sıralama düzeltildi: 2025-11-16 15:29:34.252782
2025-11-16 15:29:34 - spektroskopi - WARNING - Zaman sıralama düzeltildi: 2025-11-16 15:29:34.253782
2025-11-16 15:29:34 - spektroskopi - WARNING - Zaman sıralama düzeltildi: 2025-11-16 15:29:34.254782
2025-11-16 15:29:34 - spektroskopi - WARNING - Zaman sıralama düzeltildi: 2025-11-16 15:29:34.255782
2025-11-16 15:29:34 - spektroskopi - WARNING - Zaman sıralama düzeltildi: 2025-11-16 15:29:34.256782
2025-11-16 15:29:34 - spektroskopi - WARNING - Zaman sıralama düzeltildi: 2025-11-16 15:29:34.257782
2025-11-16 15:29:34 - spektroskopi - WARNING - Zaman sıralama düzeltildi: 2025-11-16 15:29:34.258782
2025-11-16 15:29:34 - spektroskopi - WARNING - Zaman sıralama düzeltildi: 2025-11-16 15:29:34.259782
2025-11-16 15:29:34 - spektroskopi - INFO - Raspberry Pi'dan veri alındı: 6e400004-b5a3-f393-e0a9-e50e24dcca9e (Handle: 11): Unknown, uzunluk: 2
2025-11-16 15:29:34 - spektroskopi - INFO - Raspberry Pi verisi: Ham=1316, Voltaj=1316.000V
2025-11-16 15:29:34 - spektroskopi - INFO - Raspberry Pi verisi işlendi: SENSOR_7 = 1316.000V
2025-11-16 15:29:34 - spektroskopi - INFO - Raspberry Pi'dan veri alındı: 6e400002-b5a3-f393-e0a9-e50e24dcca9e (Handle: 19): Nordic UART RX, uzunluk: 2
2025-11-16 15:29:34 - spektroskopi - INFO - Raspberry Pi verisi: Ham=3257, Voltaj=3257.000V
2025-11-16 15:29:34 - spektroskopi - INFO - Raspberry Pi verisi işlendi: SENSOR_2 = 3257.000V
2025-11-16 15:29:34 - spektroskopi - INFO - Raspberry Pi'dan veri alındı: 6e400005-b5a3-f393-e0a9-e50e24dcca9e (Handle: 16): Unknown, uzunluk: 2
2025-11-16 15:29:34 - spektroskopi - INFO - Raspberry Pi verisi: Ham=3257, Voltaj=3257.000V
2025-11-16 15:29:34 - spektroskopi - INFO - Raspberry Pi verisi işlendi: SENSOR_EXTRA = 3257.000V
2025-11-16 15:29:34 - spektroskopi - INFO - Raspberry Pi'dan veri alındı: 6e400003-b5a3-f393-e0a9-e50e24dcca9e (Handle: 8): Nordic UART TX, uzunluk: 2
2025-11-16 15:29:34 - spektroskopi - INFO - Raspberry Pi verisi: Ham=1631, Voltaj=1631.000V
2025-11-16 15:29:34 - spektroskopi - INFO - Raspberry Pi verisi işlendi: SENSOR_5 = 1631.000V
2025-11-16 15:29:34 - spektroskopi - INFO - Raspberry Pi'dan veri alındı: 6e400004-b5a3-f393-e0a9-e50e24dcca9e (Handle: 11): Unknown, uzunluk: 2
2025-11-16 15:29:34 - spektroskopi - INFO - Raspberry Pi verisi: Ham=1313, Voltaj=1313.000V
2025-11-16 15:29:34 - spektroskopi - INFO - Raspberry Pi verisi işlendi: SENSOR_7 = 1313.000V
2025-11-16 15:29:34 - spektroskopi - INFO - Raspberry Pi'dan veri alındı: 6e400002-b5a3-f393-e0a9-e50e24dcca9e (Handle: 19): Nordic UART RX, uzunluk: 2
2025-11-16 15:29:34 - spektroskopi - INFO - Raspberry Pi verisi: Ham=3257, Voltaj=3257.000V
2025-11-16 15:29:34 - spektroskopi - INFO - Raspberry Pi verisi işlendi: SENSOR_2 = 3257.000V
2025-11-16 15:29:34 - spektroskopi - INFO - Raspberry Pi'dan veri alındı: 6e400005-b5a3-f393-e0a9-e50e24dcca9e (Handle: 16): Unknown, uzunluk: 2
2025-11-16 15:29:34 - spektroskopi - INFO - Raspberry Pi verisi: Ham=3257, Voltaj=3257.000V
2025-11-16 15:29:34 - spektroskopi - INFO - Raspberry Pi verisi işlendi: SENSOR_EXTRA = 3257.000V
2025-11-16 15:29:34 - spektroskopi - INFO - Raspberry Pi'dan veri alındı: 6e400003-b5a3-f393-e0a9-e50e24dcca9e (Handle: 8): Nordic UART TX, uzunluk: 2
2025-11-16 15:29:34 - spektroskopi - INFO - Raspberry Pi verisi: Ham=1631, Voltaj=1631.000V
2025-11-16 15:29:34 - spektroskopi - INFO - Raspberry Pi verisi işlendi: SENSOR_5 = 1631.000V
2025-11-16 15:29:34 - spektroskopi - INFO - Raspberry Pi'dan veri alındı: 6e400004-b5a3-f393-e0a9-e50e24dcca9e (Handle: 11): Unknown, uzunluk: 2
2025-11-16 15:29:34 - spektroskopi - INFO - Raspberry Pi verisi: Ham=1313, Voltaj=1313.000V
2025-11-16 15:29:34 - spektroskopi - INFO - Raspberry Pi verisi işlendi: SENSOR_7 = 1313.000V
2025-11-16 15:29:35 - spektroskopi - INFO - Raspberry Pi'dan veri alındı: 6e400002-b5a3-f393-e0a9-e50e24dcca9e (Handle: 19): Nordic UART RX, uzunluk: 2
2025-11-16 15:29:35 - spektroskopi - INFO - Raspberry Pi verisi: Ham=3257, Voltaj=3257.000V
2025-11-16 15:29:35 - spektroskopi - INFO - Raspberry Pi verisi işlendi: SENSOR_2 = 3257.000V
2025-11-16 15:29:35 - spektroskopi - INFO - Raspberry Pi'dan veri alındı: 6e400005-b5a3-f393-e0a9-e50e24dcca9e (Handle: 16): Unknown, uzunluk: 2
2025-11-16 15:29:35 - spektroskopi - INFO - Raspberry Pi verisi: Ham=3257, Voltaj=3257.000V
2025-11-16 15:29:35 - spektroskopi - INFO - Raspberry Pi verisi işlendi: SENSOR_EXTRA = 3257.000V
2025-11-16 15:29:35 - spektroskopi - INFO - Raspberry Pi'dan veri alındı: 6e400003-b5a3-f393-e0a9-e50e24dcca9e (Handle: 8): Nordic UART TX, uzunluk: 2
2025-11-16 15:29:35 - spektroskopi - INFO - Raspberry Pi verisi: Ham=1632, Voltaj=1632.000V
2025-11-16 15:29:35 - spektroskopi - INFO - Raspberry Pi verisi işlendi: SENSOR_5 = 1632.000V
2025-11-16 15:29:35 - spektroskopi - WARNING - Zaman sıralama düzeltildi: 2025-11-16 15:29:35.240794
2025-11-16 15:29:35 - spektroskopi - WARNING - Zaman sıralama düzeltildi: 2025-11-16 15:29:35.241794
2025-11-16 15:29:35 - spektroskopi - WARNING - Zaman sıralama düzeltildi: 2025-11-16 15:29:35.242794
2025-11-16 15:29:35 - spektroskopi - WARNING - Zaman sıralama düzeltildi: 2025-11-16 15:29:35.243794
2025-11-16 15:29:35 - spektroskopi - WARNING - Zaman sıralama düzeltildi: 2025-11-16 15:29:35.244794
2025-11-16 15:29:35 - spektroskopi - WARNING - Zaman sıralama düzeltildi: 2025-11-16 15:29:35.245794
2025-11-16 15:29:35 - spektroskopi - WARNING - Zaman sıralama düzeltildi: 2025-11-16 15:29:35.246794
2025-11-16 15:29:35 - spektroskopi - WARNING - Zaman sıralama düzeltildi: 2025-11-16 15:29:35.247794
2025-11-16 15:29:35 - spektroskopi - WARNING - Zaman sıralama düzeltildi: 2025-11-16 15:29:35.248794
2025-11-16 15:29:35 - spektroskopi - WARNING - Zaman sıralama düzeltildi: 2025-11-16 15:29:35.249794
2025-11-16 15:29:35 - spektroskopi - WARNING - Zaman sıralama düzeltildi: 2025-11-16 15:29:35.250794
2025-11-16 15:29:35 - spektroskopi - WARNING - Zaman sıralama düzeltildi: 2025-11-16 15:29:35.251794
2025-11-16 15:29:35 - spektroskopi - INFO - Raspberry Pi'dan veri alındı: 6e400004-b5a3-f393-e0a9-e50e24dcca9e (Handle: 11): Unknown, uzunluk: 2
2025-11-16 15:29:35 - spektroskopi - INFO - Raspberry Pi verisi: Ham=1314, Voltaj=1314.000V
2025-11-16 15:29:35 - spektroskopi - INFO - Raspberry Pi verisi işlendi: SENSOR_7 = 1314.000V
2025-11-16 15:29:35 - spektroskopi - INFO - Raspberry Pi'dan veri alındı: 6e400002-b5a3-f393-e0a9-e50e24dcca9e (Handle: 19): Nordic UART RX, uzunluk: 2
2025-11-16 15:29:35 - spektroskopi - INFO - Raspberry Pi verisi: Ham=3257, Voltaj=3257.000V
2025-11-16 15:29:35 - spektroskopi - INFO - Raspberry Pi verisi işlendi: SENSOR_2 = 3257.000V
2025-11-16 15:29:35 - spektroskopi - INFO - Raspberry Pi'dan veri alındı: 6e400005-b5a3-f393-e0a9-e50e24dcca9e (Handle: 16): Unknown, uzunluk: 2
2025-11-16 15:29:35 - spektroskopi - INFO - Raspberry Pi verisi: Ham=3257, Voltaj=3257.000V
2025-11-16 15:29:35 - spektroskopi - INFO - Raspberry Pi verisi işlendi: SENSOR_EXTRA = 3257.000V
2025-11-16 15:29:35 - spektroskopi - INFO - Raspberry Pi'dan veri alındı: 6e400003-b5a3-f393-e0a9-e50e24dcca9e (Handle: 8): Nordic UART TX, uzunluk: 2
2025-11-16 15:29:35 - spektroskopi - INFO - Raspberry Pi verisi: Ham=1630, Voltaj=1630.000V
2025-11-16 15:29:35 - spektroskopi - INFO - Raspberry Pi verisi işlendi: SENSOR_5 = 1630.000V
2025-11-16 15:29:35 - spektroskopi - INFO - Raspberry Pi'dan veri alındı: 6e400004-b5a3-f393-e0a9-e50e24dcca9e (Handle: 11): Unknown, uzunluk: 2
2025-11-16 15:29:35 - spektroskopi - INFO - Raspberry Pi verisi: Ham=1312, Voltaj=1312.000V
2025-11-16 15:29:35 - spektroskopi - INFO - Raspberry Pi verisi işlendi: SENSOR_7 = 1312.000V
2025-11-16 15:29:35 - spektroskopi - INFO - Raspberry Pi'dan veri alındı: 6e400002-b5a3-f393-e0a9-e50e24dcca9e (Handle: 19): Nordic UART RX, uzunluk: 2
2025-11-16 15:29:35 - spektroskopi - INFO - Raspberry Pi verisi: Ham=3257, Voltaj=3257.000V
2025-11-16 15:29:35 - spektroskopi - INFO - Raspberry Pi verisi işlendi: SENSOR_2 = 3257.000V
2025-11-16 15:29:35 - spektroskopi - INFO - Raspberry Pi'dan veri alındı: 6e400005-b5a3-f393-e0a9-e50e24dcca9e (Handle: 16): Unknown, uzunluk: 2
2025-11-16 15:29:35 - spektroskopi - INFO - Raspberry Pi verisi: Ham=3257, Voltaj=3257.000V
2025-11-16 15:29:35 - spektroskopi - INFO - Raspberry Pi verisi işlendi: SENSOR_EXTRA = 3257.000V
2025-11-16 15:29:35 - spektroskopi - INFO - Raspberry Pi'dan veri alındı: 6e400003-b5a3-f393-e0a9-e50e24dcca9e (Handle: 8): Nordic UART TX, uzunluk: 2
2025-11-16 15:29:35 - spektroskopi - INFO - Raspberry Pi verisi: Ham=1634, Voltaj=1634.000V
2025-11-16 15:29:35 - spektroskopi - INFO - Raspberry Pi verisi işlendi: SENSOR_5 = 1634.000V
2025-11-16 15:29:35 - spektroskopi - INFO - Raspberry Pi'dan veri alındı: 6e400004-b5a3-f393-e0a9-e50e24dcca9e (Handle: 11): Unknown, uzunluk: 2
2025-11-16 15:29:35 - spektroskopi - INFO - Raspberry Pi verisi: Ham=1317, Voltaj=1317.000V
2025-11-16 15:29:35 - spektroskopi - INFO - Raspberry Pi verisi işlendi: SENSOR_7 = 1317.000V
2025-11-16 15:29:36 - spektroskopi - INFO - Raspberry Pi'dan veri alındı: 6e400002-b5a3-f393-e0a9-e50e24dcca9e (Handle: 19): Nordic UART RX, uzunluk: 2
2025-11-16 15:29:36 - spektroskopi - INFO - Raspberry Pi verisi: Ham=3257, Voltaj=3257.000V
2025-11-16 15:29:36 - spektroskopi - INFO - Raspberry Pi verisi işlendi: SENSOR_2 = 3257.000V
2025-11-16 15:29:36 - spektroskopi - INFO - Raspberry Pi'dan veri alındı: 6e400005-b5a3-f393-e0a9-e50e24dcca9e (Handle: 16): Unknown, uzunluk: 2
2025-11-16 15:29:36 - spektroskopi - INFO - Raspberry Pi verisi: Ham=3257, Voltaj=3257.000V
2025-11-16 15:29:36 - spektroskopi - INFO - Raspberry Pi verisi işlendi: SENSOR_EXTRA = 3257.000V
2025-11-16 15:29:36 - spektroskopi - INFO - Raspberry Pi'dan veri alındı: 6e400003-b5a3-f393-e0a9-e50e24dcca9e (Handle: 8): Nordic UART TX, uzunluk: 2
2025-11-16 15:29:36 - spektroskopi - INFO - Raspberry Pi verisi: Ham=1643, Voltaj=1643.000V
2025-11-16 15:29:36 - spektroskopi - INFO - Raspberry Pi verisi işlendi: SENSOR_5 = 1643.000V
2025-11-16 15:29:36 - spektroskopi - WARNING - Zaman sıralama düzeltildi: 2025-11-16 15:29:36.259093
2025-11-16 15:29:36 - spektroskopi - WARNING - Zaman sıralama düzeltildi: 2025-11-16 15:29:36.260093
2025-11-16 15:29:36 - spektroskopi - WARNING - Zaman sıralama düzeltildi: 2025-11-16 15:29:36.261093
2025-11-16 15:29:36 - spektroskopi - WARNING - Zaman sıralama düzeltildi: 2025-11-16 15:29:36.262093
2025-11-16 15:29:36 - spektroskopi - WARNING - Zaman sıralama düzeltildi: 2025-11-16 15:29:36.263093
2025-11-16 15:29:36 - spektroskopi - WARNING - Zaman sıralama düzeltildi: 2025-11-16 15:29:36.264093
2025-11-16 15:29:36 - spektroskopi - WARNING - Zaman sıralama düzeltildi: 2025-11-16 15:29:36.265093
2025-11-16 15:29:36 - spektroskopi - WARNING - Zaman sıralama düzeltildi: 2025-11-16 15:29:36.266093
2025-11-16 15:29:36 - spektroskopi - WARNING - Zaman sıralama düzeltildi: 2025-11-16 15:29:36.267093
2025-11-16 15:29:36 - spektroskopi - WARNING - Zaman sıralama düzeltildi: 2025-11-16 15:29:36.268093
2025-11-16 15:29:36 - spektroskopi - WARNING - Zaman sıralama düzeltildi: 2025-11-16 15:29:36.269093
2025-11-16 15:29:36 - spektroskopi - WARNING - Zaman sıralama düzeltildi: 2025-11-16 15:29:36.270093
2025-11-16 15:29:36 - spektroskopi - INFO - Raspberry Pi'dan veri alındı: 6e400004-b5a3-f393-e0a9-e50e24dcca9e (Handle: 11): Unknown, uzunluk: 2
2025-11-16 15:29:36 - spektroskopi - INFO - Raspberry Pi verisi: Ham=1324, Voltaj=1324.000V
2025-11-16 15:29:36 - spektroskopi - INFO - Raspberry Pi verisi işlendi: SENSOR_7 = 1324.000V
2025-11-16 15:29:36 - spektroskopi - INFO - Raspberry Pi'dan veri alındı: 6e400002-b5a3-f393-e0a9-e50e24dcca9e (Handle: 19): Nordic UART RX, uzunluk: 2
2025-11-16 15:29:36 - spektroskopi - INFO - Raspberry Pi verisi: Ham=3257, Voltaj=3257.000V
2025-11-16 15:29:36 - spektroskopi - INFO - Raspberry Pi verisi işlendi: SENSOR_2 = 3257.000V
2025-11-16 15:29:36 - spektroskopi - INFO - Raspberry Pi'dan veri alındı: 6e400005-b5a3-f393-e0a9-e50e24dcca9e (Handle: 16): Unknown, uzunluk: 2
2025-11-16 15:29:36 - spektroskopi - INFO - Raspberry Pi verisi: Ham=3257, Voltaj=3257.000V
2025-11-16 15:29:36 - spektroskopi - INFO - Raspberry Pi verisi işlendi: SENSOR_EXTRA = 3257.000V
2025-11-16 15:29:36 - spektroskopi - INFO - Raspberry Pi'dan veri alındı: 6e400003-b5a3-f393-e0a9-e50e24dcca9e (Handle: 8): Nordic UART TX, uzunluk: 2
2025-11-16 15:29:36 - spektroskopi - INFO - Raspberry Pi verisi: Ham=1639, Voltaj=1639.000V
2025-11-16 15:29:36 - spektroskopi - INFO - Raspberry Pi verisi işlendi: SENSOR_5 = 1639.000V
2025-11-16 15:29:36 - spektroskopi - INFO - Raspberry Pi'dan veri alındı: 6e400004-b5a3-f393-e0a9-e50e24dcca9e (Handle: 11): Unknown, uzunluk: 2
2025-11-16 15:29:36 - spektroskopi - INFO - Raspberry Pi verisi: Ham=1322, Voltaj=1322.000V
2025-11-16 15:29:36 - spektroskopi - INFO - Raspberry Pi verisi işlendi: SENSOR_7 = 1322.000V
2025-11-16 15:29:36 - spektroskopi - INFO - Raspberry Pi'dan veri alındı: 6e400002-b5a3-f393-e0a9-e50e24dcca9e (Handle: 19): Nordic UART RX, uzunluk: 2
2025-11-16 15:29:36 - spektroskopi - INFO - Raspberry Pi verisi: Ham=3257, Voltaj=3257.000V
2025-11-16 15:29:36 - spektroskopi - INFO - Raspberry Pi verisi işlendi: SENSOR_2 = 3257.000V
2025-11-16 15:29:36 - spektroskopi - INFO - Raspberry Pi'dan veri alındı: 6e400005-b5a3-f393-e0a9-e50e24dcca9e (Handle: 16): Unknown, uzunluk: 2
2025-11-16 15:29:36 - spektroskopi - INFO - Raspberry Pi verisi: Ham=3257, Voltaj=3257.000V
2025-11-16 15:29:36 - spektroskopi - INFO - Raspberry Pi verisi işlendi: SENSOR_EXTRA = 3257.000V
2025-11-16 15:29:36 - spektroskopi - INFO - Raspberry Pi'dan veri alındı: 6e400003-b5a3-f393-e0a9-e50e24dcca9e (Handle: 8): Nordic UART TX, uzunluk: 2
2025-11-16 15:29:36 - spektroskopi - INFO - Raspberry Pi verisi: Ham=1644, Voltaj=1644.000V
2025-11-16 15:29:36 - spektroskopi - INFO - Raspberry Pi verisi işlendi: SENSOR_5 = 1644.000V
2025-11-16 15:29:36 - spektroskopi - INFO - Raspberry Pi'dan veri alındı: 6e400004-b5a3-f393-e0a9-e50e24dcca9e (Handle: 11): Unknown, uzunluk: 2
2025-11-16 15:29:36 - spektroskopi - INFO - Raspberry Pi verisi: Ham=1328, Voltaj=1328.000V
2025-11-16 15:29:36 - spektroskopi - INFO - Raspberry Pi verisi işlendi: SENSOR_7 = 1328.000V
2025-11-16 15:29:37 - spektroskopi - INFO - Raspberry Pi'dan veri alındı: 6e400002-b5a3-f393-e0a9-e50e24dcca9e (Handle: 19): Nordic UART RX, uzunluk: 2
2025-11-16 15:29:37 - spektroskopi - INFO - Raspberry Pi verisi: Ham=3257, Voltaj=3257.000V
2025-11-16 15:29:37 - spektroskopi - INFO - Raspberry Pi verisi işlendi: SENSOR_2 = 3257.000V
2025-11-16 15:29:37 - spektroskopi - INFO - Raspberry Pi'dan veri alındı: 6e400005-b5a3-f393-e0a9-e50e24dcca9e (Handle: 16): Unknown, uzunluk: 2
2025-11-16 15:29:37 - spektroskopi - INFO - Raspberry Pi verisi: Ham=3257, Voltaj=3257.000V
2025-11-16 15:29:37 - spektroskopi - INFO - Raspberry Pi verisi işlendi: SENSOR_EXTRA = 3257.000V
2025-11-16 15:29:37 - spektroskopi - INFO - Raspberry Pi'dan veri alındı: 6e400003-b5a3-f393-e0a9-e50e24dcca9e (Handle: 8): Nordic UART TX, uzunluk: 2
2025-11-16 15:29:37 - spektroskopi - INFO - Raspberry Pi verisi: Ham=1642, Voltaj=1642.000V
2025-11-16 15:29:37 - spektroskopi - INFO - Raspberry Pi verisi işlendi: SENSOR_5 = 1642.000V
2025-11-16 15:29:37 - spektroskopi - WARNING - Zaman sıralama düzeltildi: 2025-11-16 15:29:37.249071
2025-11-16 15:29:37 - spektroskopi - WARNING - Zaman sıralama düzeltildi: 2025-11-16 15:29:37.250071
2025-11-16 15:29:37 - spektroskopi - WARNING - Zaman sıralama düzeltildi: 2025-11-16 15:29:37.251071
2025-11-16 15:29:37 - spektroskopi - WARNING - Zaman sıralama düzeltildi: 2025-11-16 15:29:37.252071
2025-11-16 15:29:37 - spektroskopi - WARNING - Zaman sıralama düzeltildi: 2025-11-16 15:29:37.253071
2025-11-16 15:29:37 - spektroskopi - WARNING - Zaman sıralama düzeltildi: 2025-11-16 15:29:37.254071
2025-11-16 15:29:37 - spektroskopi - WARNING - Zaman sıralama düzeltildi: 2025-11-16 15:29:37.255071
2025-11-16 15:29:37 - spektroskopi - WARNING - Zaman sıralama düzeltildi: 2025-11-16 15:29:37.256071
2025-11-16 15:29:37 - spektroskopi - WARNING - Zaman sıralama düzeltildi: 2025-11-16 15:29:37.257071
2025-11-16 15:29:37 - spektroskopi - WARNING - Zaman sıralama düzeltildi: 2025-11-16 15:29:37.258071
2025-11-16 15:29:37 - spektroskopi - WARNING - Zaman sıralama düzeltildi: 2025-11-16 15:29:37.259071
2025-11-16 15:29:37 - spektroskopi - WARNING - Zaman sıralama düzeltildi: 2025-11-16 15:29:37.260071
2025-11-16 15:29:37 - spektroskopi - INFO - Raspberry Pi'dan veri alındı: 6e400004-b5a3-f393-e0a9-e50e24dcca9e (Handle: 11): Unknown, uzunluk: 2
2025-11-16 15:29:37 - spektroskopi - INFO - Raspberry Pi verisi: Ham=1322, Voltaj=1322.000V
2025-11-16 15:29:37 - spektroskopi - INFO - Raspberry Pi verisi işlendi: SENSOR_7 = 1322.000V
2025-11-16 15:29:37 - spektroskopi - INFO - Raspberry Pi'dan veri alındı: 6e400002-b5a3-f393-e0a9-e50e24dcca9e (Handle: 19): Nordic UART RX, uzunluk: 2
2025-11-16 15:29:37 - spektroskopi - INFO - Raspberry Pi verisi: Ham=3256, Voltaj=3256.000V
2025-11-16 15:29:37 - spektroskopi - INFO - Raspberry Pi verisi işlendi: SENSOR_2 = 3256.000V
2025-11-16 15:29:37 - spektroskopi - INFO - Raspberry Pi'dan veri alındı: 6e400005-b5a3-f393-e0a9-e50e24dcca9e (Handle: 16): Unknown, uzunluk: 2
2025-11-16 15:29:37 - spektroskopi - INFO - Raspberry Pi verisi: Ham=3257, Voltaj=3257.000V
2025-11-16 15:29:37 - spektroskopi - INFO - Raspberry Pi verisi işlendi: SENSOR_EXTRA = 3257.000V
2025-11-16 15:29:37 - spektroskopi - INFO - Raspberry Pi'dan veri alındı: 6e400003-b5a3-f393-e0a9-e50e24dcca9e (Handle: 8): Nordic UART TX, uzunluk: 2
2025-11-16 15:29:37 - spektroskopi - INFO - Raspberry Pi verisi: Ham=1634, Voltaj=1634.000V
2025-11-16 15:29:37 - spektroskopi - INFO - Raspberry Pi verisi işlendi: SENSOR_5 = 1634.000V
2025-11-16 15:29:37 - spektroskopi - INFO - Raspberry Pi'dan veri alındı: 6e400004-b5a3-f393-e0a9-e50e24dcca9e (Handle: 11): Unknown, uzunluk: 2
2025-11-16 15:29:37 - spektroskopi - INFO - Raspberry Pi verisi: Ham=1316, Voltaj=1316.000V
2025-11-16 15:29:37 - spektroskopi - INFO - Raspberry Pi verisi işlendi: SENSOR_7 = 1316.000V
2025-11-16 15:29:37 - spektroskopi - INFO - Raspberry Pi'dan veri alındı: 6e400002-b5a3-f393-e0a9-e50e24dcca9e (Handle: 19): Nordic UART RX, uzunluk: 2
2025-11-16 15:29:37 - spektroskopi - INFO - Raspberry Pi verisi: Ham=3257, Voltaj=3257.000V
2025-11-16 15:29:37 - spektroskopi - INFO - Raspberry Pi verisi işlendi: SENSOR_2 = 3257.000V
2025-11-16 15:29:37 - spektroskopi - INFO - Raspberry Pi'dan veri alındı: 6e400005-b5a3-f393-e0a9-e50e24dcca9e (Handle: 16): Unknown, uzunluk: 2
2025-11-16 15:29:37 - spektroskopi - INFO - Raspberry Pi verisi: Ham=3256, Voltaj=3256.000V
2025-11-16 15:29:37 - spektroskopi - INFO - Raspberry Pi verisi işlendi: SENSOR_EXTRA = 3256.000V
2025-11-16 15:29:37 - spektroskopi - INFO - Raspberry Pi'dan veri alındı: 6e400003-b5a3-f393-e0a9-e50e24dcca9e (Handle: 8): Nordic UART TX, uzunluk: 2
2025-11-16 15:29:37 - spektroskopi - INFO - Raspberry Pi verisi: Ham=1637, Voltaj=1637.000V
2025-11-16 15:29:37 - spektroskopi - INFO - Raspberry Pi verisi işlendi: SENSOR_5 = 1637.000V
2025-11-16 15:29:37 - spektroskopi - INFO - Raspberry Pi'dan veri alındı: 6e400004-b5a3-f393-e0a9-e50e24dcca9e (Handle: 11): Unknown, uzunluk: 2
2025-11-16 15:29:37 - spektroskopi - INFO - Raspberry Pi verisi: Ham=1319, Voltaj=1319.000V
2025-11-16 15:29:37 - spektroskopi - INFO - Raspberry Pi verisi işlendi: SENSOR_7 = 1319.000V
2025-11-16 15:29:38 - spektroskopi - INFO - Raspberry Pi'dan veri alındı: 6e400002-b5a3-f393-e0a9-e50e24dcca9e (Handle: 19): Nordic UART RX, uzunluk: 2
2025-11-16 15:29:38 - spektroskopi - INFO - Raspberry Pi verisi: Ham=3257, Voltaj=3257.000V
2025-11-16 15:29:38 - spektroskopi - INFO - Raspberry Pi verisi işlendi: SENSOR_2 = 3257.000V
2025-11-16 15:29:38 - spektroskopi - INFO - Raspberry Pi'dan veri alındı: 6e400005-b5a3-f393-e0a9-e50e24dcca9e (Handle: 16): Unknown, uzunluk: 2
2025-11-16 15:29:38 - spektroskopi - INFO - Raspberry Pi verisi: Ham=3257, Voltaj=3257.000V
2025-11-16 15:29:38 - spektroskopi - INFO - Raspberry Pi verisi işlendi: SENSOR_EXTRA = 3257.000V
2025-11-16 15:29:38 - spektroskopi - INFO - Raspberry Pi'dan veri alındı: 6e400003-b5a3-f393-e0a9-e50e24dcca9e (Handle: 8): Nordic UART TX, uzunluk: 2
2025-11-16 15:29:38 - spektroskopi - INFO - Raspberry Pi verisi: Ham=1638, Voltaj=1638.000V
2025-11-16 15:29:38 - spektroskopi - INFO - Raspberry Pi verisi işlendi: SENSOR_5 = 1638.000V
2025-11-16 15:29:38 - spektroskopi - WARNING - Zaman sıralama düzeltildi: 2025-11-16 15:29:38.239090
2025-11-16 15:29:38 - spektroskopi - WARNING - Zaman sıralama düzeltildi: 2025-11-16 15:29:38.240090
2025-11-16 15:29:38 - spektroskopi - WARNING - Zaman sıralama düzeltildi: 2025-11-16 15:29:38.241090
2025-11-16 15:29:38 - spektroskopi - WARNING - Zaman sıralama düzeltildi: 2025-11-16 15:29:38.242090
2025-11-16 15:29:38 - spektroskopi - WARNING - Zaman sıralama düzeltildi: 2025-11-16 15:29:38.243090
2025-11-16 15:29:38 - spektroskopi - WARNING - Zaman sıralama düzeltildi: 2025-11-16 15:29:38.244090
2025-11-16 15:29:38 - spektroskopi - WARNING - Zaman sıralama düzeltildi: 2025-11-16 15:29:38.245090
2025-11-16 15:29:38 - spektroskopi - WARNING - Zaman sıralama düzeltildi: 2025-11-16 15:29:38.246090
2025-11-16 15:29:38 - spektroskopi - WARNING - Zaman sıralama düzeltildi: 2025-11-16 15:29:38.247090
2025-11-16 15:29:38 - spektroskopi - WARNING - Zaman sıralama düzeltildi: 2025-11-16 15:29:38.248090
2025-11-16 15:29:38 - spektroskopi - WARNING - Zaman sıralama düzeltildi: 2025-11-16 15:29:38.249090
2025-11-16 15:29:38 - spektroskopi - WARNING - Zaman sıralama düzeltildi: 2025-11-16 15:29:38.250090
2025-11-16 15:29:38 - spektroskopi - INFO - Raspberry Pi'dan veri alındı: 6e400004-b5a3-f393-e0a9-e50e24dcca9e (Handle: 11): Unknown, uzunluk: 2
2025-11-16 15:29:38 - spektroskopi - INFO - Raspberry Pi verisi: Ham=1320, Voltaj=1320.000V
2025-11-16 15:29:38 - spektroskopi - INFO - Raspberry Pi verisi işlendi: SENSOR_7 = 1320.000V
2025-11-16 15:29:38 - spektroskopi - INFO - Raspberry Pi'dan veri alındı: 6e400002-b5a3-f393-e0a9-e50e24dcca9e (Handle: 19): Nordic UART RX, uzunluk: 2
2025-11-16 15:29:38 - spektroskopi - INFO - Raspberry Pi verisi: Ham=3257, Voltaj=3257.000V
2025-11-16 15:29:38 - spektroskopi - INFO - Raspberry Pi verisi işlendi: SENSOR_2 = 3257.000V
2025-11-16 15:29:38 - spektroskopi - INFO - Raspberry Pi'dan veri alındı: 6e400005-b5a3-f393-e0a9-e50e24dcca9e (Handle: 16): Unknown, uzunluk: 2
2025-11-16 15:29:38 - spektroskopi - INFO - Raspberry Pi verisi: Ham=3257, Voltaj=3257.000V
2025-11-16 15:29:38 - spektroskopi - INFO - Raspberry Pi verisi işlendi: SENSOR_EXTRA = 3257.000V
2025-11-16 15:29:38 - spektroskopi - INFO - Raspberry Pi'dan veri alındı: 6e400003-b5a3-f393-e0a9-e50e24dcca9e (Handle: 8): Nordic UART TX, uzunluk: 2
2025-11-16 15:29:38 - spektroskopi - INFO - Raspberry Pi verisi: Ham=1636, Voltaj=1636.000V
2025-11-16 15:29:38 - spektroskopi - INFO - Raspberry Pi verisi işlendi: SENSOR_5 = 1636.000V
2025-11-16 15:29:38 - spektroskopi - INFO - Raspberry Pi'dan veri alındı: 6e400004-b5a3-f393-e0a9-e50e24dcca9e (Handle: 11): Unknown, uzunluk: 2
2025-11-16 15:29:38 - spektroskopi - INFO - Raspberry Pi verisi: Ham=1317, Voltaj=1317.000V
2025-11-16 15:29:38 - spektroskopi - INFO - Raspberry Pi verisi işlendi: SENSOR_7 = 1317.000V
2025-11-16 15:29:38 - spektroskopi - INFO - Raspberry Pi'dan veri alındı: 6e400002-b5a3-f393-e0a9-e50e24dcca9e (Handle: 19): Nordic UART RX, uzunluk: 2
2025-11-16 15:29:38 - spektroskopi - INFO - Raspberry Pi verisi: Ham=3257, Voltaj=3257.000V
2025-11-16 15:29:38 - spektroskopi - INFO - Raspberry Pi verisi işlendi: SENSOR_2 = 3257.000V
2025-11-16 15:29:38 - spektroskopi - INFO - Raspberry Pi'dan veri alındı: 6e400005-b5a3-f393-e0a9-e50e24dcca9e (Handle: 16): Unknown, uzunluk: 2
2025-11-16 15:29:38 - spektroskopi - INFO - Raspberry Pi verisi: Ham=3257, Voltaj=3257.000V
2025-11-16 15:29:38 - spektroskopi - INFO - Raspberry Pi verisi işlendi: SENSOR_EXTRA = 3257.000V
2025-11-16 15:29:38 - spektroskopi - INFO - Raspberry Pi'dan veri alındı: 6e400003-b5a3-f393-e0a9-e50e24dcca9e (Handle: 8): Nordic UART TX, uzunluk: 2
2025-11-16 15:29:38 - spektroskopi - INFO - Raspberry Pi verisi: Ham=1634, Voltaj=1634.000V
2025-11-16 15:29:38 - spektroskopi - INFO - Raspberry Pi verisi işlendi: SENSOR_5 = 1634.000V
2025-11-16 15:29:38 - spektroskopi - INFO - Raspberry Pi'dan veri alındı: 6e400004-b5a3-f393-e0a9-e50e24dcca9e (Handle: 11): Unknown, uzunluk: 2
2025-11-16 15:29:38 - spektroskopi - INFO - Raspberry Pi verisi: Ham=1317, Voltaj=1317.000V
2025-11-16 15:29:38 - spektroskopi - INFO - Raspberry Pi verisi işlendi: SENSOR_7 = 1317.000V
2025-11-16 15:29:39 - spektroskopi - INFO - Raspberry Pi'dan veri alındı: 6e400002-b5a3-f393-e0a9-e50e24dcca9e (Handle: 19): Nordic UART RX, uzunluk: 2
2025-11-16 15:29:39 - spektroskopi - INFO - Raspberry Pi verisi: Ham=3256, Voltaj=3256.000V
2025-11-16 15:29:39 - spektroskopi - INFO - Raspberry Pi verisi işlendi: SENSOR_2 = 3256.000V
2025-11-16 15:29:39 - spektroskopi - INFO - Raspberry Pi'dan veri alındı: 6e400005-b5a3-f393-e0a9-e50e24dcca9e (Handle: 16): Unknown, uzunluk: 2
2025-11-16 15:29:39 - spektroskopi - INFO - Raspberry Pi verisi: Ham=3257, Voltaj=3257.000V
2025-11-16 15:29:39 - spektroskopi - INFO - Raspberry Pi verisi işlendi: SENSOR_EXTRA = 3257.000V
2025-11-16 15:29:39 - spektroskopi - INFO - Raspberry Pi'dan veri alındı: 6e400003-b5a3-f393-e0a9-e50e24dcca9e (Handle: 8): Nordic UART TX, uzunluk: 2
2025-11-16 15:29:39 - spektroskopi - INFO - Raspberry Pi verisi: Ham=1635, Voltaj=1635.000V
2025-11-16 15:29:39 - spektroskopi - INFO - Raspberry Pi verisi işlendi: SENSOR_5 = 1635.000V
2025-11-16 15:29:39 - spektroskopi - WARNING - Zaman sıralama düzeltildi: 2025-11-16 15:29:39.260534
2025-11-16 15:29:39 - spektroskopi - WARNING - Zaman sıralama düzeltildi: 2025-11-16 15:29:39.261534
2025-11-16 15:29:39 - spektroskopi - WARNING - Zaman sıralama düzeltildi: 2025-11-16 15:29:39.262534
2025-11-16 15:29:39 - spektroskopi - WARNING - Zaman sıralama düzeltildi: 2025-11-16 15:29:39.263534
2025-11-16 15:29:39 - spektroskopi - WARNING - Zaman sıralama düzeltildi: 2025-11-16 15:29:39.264534
2025-11-16 15:29:39 - spektroskopi - WARNING - Zaman sıralama düzeltildi: 2025-11-16 15:29:39.265534
2025-11-16 15:29:39 - spektroskopi - WARNING - Zaman sıralama düzeltildi: 2025-11-16 15:29:39.266534
2025-11-16 15:29:39 - spektroskopi - WARNING - Zaman sıralama düzeltildi: 2025-11-16 15:29:39.267534
2025-11-16 15:29:39 - spektroskopi - WARNING - Zaman sıralama düzeltildi: 2025-11-16 15:29:39.268534
2025-11-16 15:29:39 - spektroskopi - WARNING - Zaman sıralama düzeltildi: 2025-11-16 15:29:39.269534
2025-11-16 15:29:39 - spektroskopi - WARNING - Zaman sıralama düzeltildi: 2025-11-16 15:29:39.270534
2025-11-16 15:29:39 - spektroskopi - WARNING - Zaman sıralama düzeltildi: 2025-11-16 15:29:39.271534
2025-11-16 15:29:39 - spektroskopi - INFO - Raspberry Pi'dan veri alındı: 6e400004-b5a3-f393-e0a9-e50e24dcca9e (Handle: 11): Unknown, uzunluk: 2
2025-11-16 15:29:39 - spektroskopi - INFO - Raspberry Pi verisi: Ham=1317, Voltaj=1317.000V
2025-11-16 15:29:39 - spektroskopi - INFO - Raspberry Pi verisi işlendi: SENSOR_7 = 1317.000V
2025-11-16 15:29:39 - spektroskopi - INFO - Raspberry Pi'dan veri alındı: 6e400002-b5a3-f393-e0a9-e50e24dcca9e (Handle: 19): Nordic UART RX, uzunluk: 2
2025-11-16 15:29:39 - spektroskopi - INFO - Raspberry Pi verisi: Ham=3257, Voltaj=3257.000V
2025-11-16 15:29:39 - spektroskopi - INFO - Raspberry Pi verisi işlendi: SENSOR_2 = 3257.000V
2025-11-16 15:29:39 - spektroskopi - INFO - Raspberry Pi'dan veri alındı: 6e400005-b5a3-f393-e0a9-e50e24dcca9e (Handle: 16): Unknown, uzunluk: 2
2025-11-16 15:29:39 - spektroskopi - INFO - Raspberry Pi verisi: Ham=3256, Voltaj=3256.000V
2025-11-16 15:29:39 - spektroskopi - INFO - Raspberry Pi verisi işlendi: SENSOR_EXTRA = 3256.000V
2025-11-16 15:29:39 - spektroskopi - INFO - Raspberry Pi'dan veri alındı: 6e400003-b5a3-f393-e0a9-e50e24dcca9e (Handle: 8): Nordic UART TX, uzunluk: 2
2025-11-16 15:29:39 - spektroskopi - INFO - Raspberry Pi verisi: Ham=1634, Voltaj=1634.000V
2025-11-16 15:29:39 - spektroskopi - INFO - Raspberry Pi verisi işlendi: SENSOR_5 = 1634.000V
2025-11-16 15:29:39 - spektroskopi - INFO - Raspberry Pi'dan veri alındı: 6e400004-b5a3-f393-e0a9-e50e24dcca9e (Handle: 11): Unknown, uzunluk: 2
2025-11-16 15:29:39 - spektroskopi - INFO - Raspberry Pi verisi: Ham=1316, Voltaj=1316.000V
2025-11-16 15:29:39 - spektroskopi - INFO - Raspberry Pi verisi işlendi: SENSOR_7 = 1316.000V
2025-11-16 15:29:39 - spektroskopi - INFO - Raspberry Pi'dan veri alındı: 6e400002-b5a3-f393-e0a9-e50e24dcca9e (Handle: 19): Nordic UART RX, uzunluk: 2
2025-11-16 15:29:39 - spektroskopi - INFO - Raspberry Pi verisi: Ham=3256, Voltaj=3256.000V
2025-11-16 15:29:39 - spektroskopi - INFO - Raspberry Pi verisi işlendi: SENSOR_2 = 3256.000V
2025-11-16 15:29:39 - spektroskopi - INFO - Raspberry Pi'dan veri alındı: 6e400005-b5a3-f393-e0a9-e50e24dcca9e (Handle: 16): Unknown, uzunluk: 2
2025-11-16 15:29:39 - spektroskopi - INFO - Raspberry Pi verisi: Ham=3256, Voltaj=3256.000V
2025-11-16 15:29:39 - spektroskopi - INFO - Raspberry Pi verisi işlendi: SENSOR_EXTRA = 3256.000V
2025-11-16 15:29:39 - spektroskopi - INFO - Raspberry Pi'dan veri alındı: 6e400003-b5a3-f393-e0a9-e50e24dcca9e (Handle: 8): Nordic UART TX, uzunluk: 2
2025-11-16 15:29:39 - spektroskopi - INFO - Raspberry Pi verisi: Ham=1634, Voltaj=1634.000V
2025-11-16 15:29:39 - spektroskopi - INFO - Raspberry Pi verisi işlendi: SENSOR_5 = 1634.000V
2025-11-16 15:29:39 - spektroskopi - INFO - Raspberry Pi'dan veri alındı: 6e400004-b5a3-f393-e0a9-e50e24dcca9e (Handle: 11): Unknown, uzunluk: 2
2025-11-16 15:29:39 - spektroskopi - INFO - Raspberry Pi verisi: Ham=1316, Voltaj=1316.000V
2025-11-16 15:29:39 - spektroskopi - INFO - Raspberry Pi verisi işlendi: SENSOR_7 = 1316.000V
2025-11-16 15:29:40 - spektroskopi - INFO - Raspberry Pi'dan veri alındı: 6e400002-b5a3-f393-e0a9-e50e24dcca9e (Handle: 19): Nordic UART RX, uzunluk: 2
2025-11-16 15:29:40 - spektroskopi - INFO - Raspberry Pi verisi: Ham=3257, Voltaj=3257.000V
2025-11-16 15:29:40 - spektroskopi - INFO - Raspberry Pi verisi işlendi: SENSOR_2 = 3257.000V
2025-11-16 15:29:40 - spektroskopi - INFO - Raspberry Pi'dan veri alındı: 6e400005-b5a3-f393-e0a9-e50e24dcca9e (Handle: 16): Unknown, uzunluk: 2
2025-11-16 15:29:40 - spektroskopi - INFO - Raspberry Pi verisi: Ham=3256, Voltaj=3256.000V
2025-11-16 15:29:40 - spektroskopi - INFO - Raspberry Pi verisi işlendi: SENSOR_EXTRA = 3256.000V
2025-11-16 15:29:40 - spektroskopi - INFO - Raspberry Pi'dan veri alındı: 6e400003-b5a3-f393-e0a9-e50e24dcca9e (Handle: 8): Nordic UART TX, uzunluk: 2
2025-11-16 15:29:40 - spektroskopi - INFO - Raspberry Pi verisi: Ham=1635, Voltaj=1635.000V
2025-11-16 15:29:40 - spektroskopi - INFO - Raspberry Pi verisi işlendi: SENSOR_5 = 1635.000V
2025-11-16 15:29:40 - spektroskopi - WARNING - Zaman sıralama düzeltildi: 2025-11-16 15:29:40.249064
2025-11-16 15:29:40 - spektroskopi - WARNING - Zaman sıralama düzeltildi: 2025-11-16 15:29:40.250064
2025-11-16 15:29:40 - spektroskopi - WARNING - Zaman sıralama düzeltildi: 2025-11-16 15:29:40.251064
2025-11-16 15:29:40 - spektroskopi - WARNING - Zaman sıralama düzeltildi: 2025-11-16 15:29:40.252064
2025-11-16 15:29:40 - spektroskopi - WARNING - Zaman sıralama düzeltildi: 2025-11-16 15:29:40.253064
2025-11-16 15:29:40 - spektroskopi - WARNING - Zaman sıralama düzeltildi: 2025-11-16 15:29:40.254064
2025-11-16 15:29:40 - spektroskopi - WARNING - Zaman sıralama düzeltildi: 2025-11-16 15:29:40.255064
2025-11-16 15:29:40 - spektroskopi - WARNING - Zaman sıralama düzeltildi: 2025-11-16 15:29:40.256064
2025-11-16 15:29:40 - spektroskopi - WARNING - Zaman sıralama düzeltildi: 2025-11-16 15:29:40.257064
2025-11-16 15:29:40 - spektroskopi - WARNING - Zaman sıralama düzeltildi: 2025-11-16 15:29:40.258064
2025-11-16 15:29:40 - spektroskopi - WARNING - Zaman sıralama düzeltildi: 2025-11-16 15:29:40.259064
2025-11-16 15:29:40 - spektroskopi - WARNING - Zaman sıralama düzeltildi: 2025-11-16 15:29:40.260064
2025-11-16 15:29:40 - spektroskopi - INFO - Raspberry Pi'dan veri alındı: 6e400004-b5a3-f393-e0a9-e50e24dcca9e (Handle: 11): Unknown, uzunluk: 2
2025-11-16 15:29:40 - spektroskopi - INFO - Raspberry Pi verisi: Ham=1317, Voltaj=1317.000V
2025-11-16 15:29:40 - spektroskopi - INFO - Raspberry Pi verisi işlendi: SENSOR_7 = 1317.000V
2025-11-16 15:29:40 - spektroskopi - INFO - Raspberry Pi'dan veri alındı: 6e400002-b5a3-f393-e0a9-e50e24dcca9e (Handle: 19): Nordic UART RX, uzunluk: 2
2025-11-16 15:29:40 - spektroskopi - INFO - Raspberry Pi verisi: Ham=3256, Voltaj=3256.000V
2025-11-16 15:29:40 - spektroskopi - INFO - Raspberry Pi verisi işlendi: SENSOR_2 = 3256.000V
2025-11-16 15:29:40 - spektroskopi - INFO - Raspberry Pi'dan veri alındı: 6e400005-b5a3-f393-e0a9-e50e24dcca9e (Handle: 16): Unknown, uzunluk: 2
2025-11-16 15:29:40 - spektroskopi - INFO - Raspberry Pi verisi: Ham=3257, Voltaj=3257.000V
2025-11-16 15:29:40 - spektroskopi - INFO - Raspberry Pi verisi işlendi: SENSOR_EXTRA = 3257.000V
2025-11-16 15:29:40 - spektroskopi - INFO - Raspberry Pi'dan veri alındı: 6e400003-b5a3-f393-e0a9-e50e24dcca9e (Handle: 8): Nordic UART TX, uzunluk: 2
2025-11-16 15:29:40 - spektroskopi - INFO - Raspberry Pi verisi: Ham=1636, Voltaj=1636.000V
2025-11-16 15:29:40 - spektroskopi - INFO - Raspberry Pi verisi işlendi: SENSOR_5 = 1636.000V
2025-11-16 15:29:40 - spektroskopi - INFO - Raspberry Pi'dan veri alındı: 6e400004-b5a3-f393-e0a9-e50e24dcca9e (Handle: 11): Unknown, uzunluk: 2
2025-11-16 15:29:40 - spektroskopi - INFO - Raspberry Pi verisi: Ham=1317, Voltaj=1317.000V
2025-11-16 15:29:40 - spektroskopi - INFO - Raspberry Pi verisi işlendi: SENSOR_7 = 1317.000V
2025-11-16 15:29:40 - spektroskopi - INFO - Raspberry Pi'dan veri alındı: 6e400002-b5a3-f393-e0a9-e50e24dcca9e (Handle: 19): Nordic UART RX, uzunluk: 2
2025-11-16 15:29:40 - spektroskopi - INFO - Raspberry Pi verisi: Ham=3256, Voltaj=3256.000V
2025-11-16 15:29:40 - spektroskopi - INFO - Raspberry Pi verisi işlendi: SENSOR_2 = 3256.000V
2025-11-16 15:29:40 - spektroskopi - INFO - Raspberry Pi'dan veri alındı: 6e400005-b5a3-f393-e0a9-e50e24dcca9e (Handle: 16): Unknown, uzunluk: 2
2025-11-16 15:29:40 - spektroskopi - INFO - Raspberry Pi verisi: Ham=3257, Voltaj=3257.000V
2025-11-16 15:29:40 - spektroskopi - INFO - Raspberry Pi verisi işlendi: SENSOR_EXTRA = 3257.000V
2025-11-16 15:29:40 - spektroskopi - INFO - Raspberry Pi'dan veri alındı: 6e400003-b5a3-f393-e0a9-e50e24dcca9e (Handle: 8): Nordic UART TX, uzunluk: 2
2025-11-16 15:29:40 - spektroskopi - INFO - Raspberry Pi verisi: Ham=1631, Voltaj=1631.000V
2025-11-16 15:29:40 - spektroskopi - INFO - Raspberry Pi verisi işlendi: SENSOR_5 = 1631.000V
2025-11-16 15:29:40 - spektroskopi - INFO - Raspberry Pi'dan veri alındı: 6e400004-b5a3-f393-e0a9-e50e24dcca9e (Handle: 11): Unknown, uzunluk: 2
2025-11-16 15:29:40 - spektroskopi - INFO - Raspberry Pi verisi: Ham=1310, Voltaj=1310.000V
2025-11-16 15:29:40 - spektroskopi - INFO - Raspberry Pi verisi işlendi: SENSOR_7 = 1310.000V
2025-11-16 15:29:41 - spektroskopi - INFO - Raspberry Pi'dan veri alındı: 6e400002-b5a3-f393-e0a9-e50e24dcca9e (Handle: 19): Nordic UART RX, uzunluk: 2
2025-11-16 15:29:41 - spektroskopi - INFO - Raspberry Pi verisi: Ham=3257, Voltaj=3257.000V
2025-11-16 15:29:41 - spektroskopi - INFO - Raspberry Pi verisi işlendi: SENSOR_2 = 3257.000V
2025-11-16 15:29:41 - spektroskopi - INFO - Raspberry Pi'dan veri alındı: 6e400005-b5a3-f393-e0a9-e50e24dcca9e (Handle: 16): Unknown, uzunluk: 2
2025-11-16 15:29:41 - spektroskopi - INFO - Raspberry Pi verisi: Ham=3257, Voltaj=3257.000V
2025-11-16 15:29:41 - spektroskopi - INFO - Raspberry Pi verisi işlendi: SENSOR_EXTRA = 3257.000V
2025-11-16 15:29:41 - spektroskopi - INFO - Raspberry Pi'dan veri alındı: 6e400003-b5a3-f393-e0a9-e50e24dcca9e (Handle: 8): Nordic UART TX, uzunluk: 2
2025-11-16 15:29:41 - spektroskopi - INFO - Raspberry Pi verisi: Ham=1613, Voltaj=1613.000V
2025-11-16 15:29:41 - spektroskopi - INFO - Raspberry Pi verisi işlendi: SENSOR_5 = 1613.000V
2025-11-16 15:29:41 - spektroskopi - WARNING - Zaman sıralama düzeltildi: 2025-11-16 15:29:41.240014
2025-11-16 15:29:41 - spektroskopi - WARNING - Zaman sıralama düzeltildi: 2025-11-16 15:29:41.241014
2025-11-16 15:29:41 - spektroskopi - WARNING - Zaman sıralama düzeltildi: 2025-11-16 15:29:41.242014
2025-11-16 15:29:41 - spektroskopi - WARNING - Zaman sıralama düzeltildi: 2025-11-16 15:29:41.243014
2025-11-16 15:29:41 - spektroskopi - WARNING - Zaman sıralama düzeltildi: 2025-11-16 15:29:41.244014
2025-11-16 15:29:41 - spektroskopi - WARNING - Zaman sıralama düzeltildi: 2025-11-16 15:29:41.245014
2025-11-16 15:29:41 - spektroskopi - WARNING - Zaman sıralama düzeltildi: 2025-11-16 15:29:41.246014
2025-11-16 15:29:41 - spektroskopi - WARNING - Zaman sıralama düzeltildi: 2025-11-16 15:29:41.247014
2025-11-16 15:29:41 - spektroskopi - WARNING - Zaman sıralama düzeltildi: 2025-11-16 15:29:41.248014
2025-11-16 15:29:41 - spektroskopi - WARNING - Zaman sıralama düzeltildi: 2025-11-16 15:29:41.249014
2025-11-16 15:29:41 - spektroskopi - WARNING - Zaman sıralama düzeltildi: 2025-11-16 15:29:41.250014
2025-11-16 15:29:41 - spektroskopi - WARNING - Zaman sıralama düzeltildi: 2025-11-16 15:29:41.251014
2025-11-16 15:29:41 - spektroskopi - INFO - Raspberry Pi'dan veri alındı: 6e400004-b5a3-f393-e0a9-e50e24dcca9e (Handle: 11): Unknown, uzunluk: 2
2025-11-16 15:29:41 - spektroskopi - INFO - Raspberry Pi verisi: Ham=1293, Voltaj=1293.000V
2025-11-16 15:29:41 - spektroskopi - INFO - Raspberry Pi verisi işlendi: SENSOR_7 = 1293.000V
2025-11-16 15:29:41 - spektroskopi - INFO - Raspberry Pi'dan veri alındı: 6e400002-b5a3-f393-e0a9-e50e24dcca9e (Handle: 19): Nordic UART RX, uzunluk: 2
2025-11-16 15:29:41 - spektroskopi - INFO - Raspberry Pi verisi: Ham=3257, Voltaj=3257.000V
2025-11-16 15:29:41 - spektroskopi - INFO - Raspberry Pi verisi işlendi: SENSOR_2 = 3257.000V
2025-11-16 15:29:41 - spektroskopi - INFO - Raspberry Pi'dan veri alındı: 6e400005-b5a3-f393-e0a9-e50e24dcca9e (Handle: 16): Unknown, uzunluk: 2
2025-11-16 15:29:41 - spektroskopi - INFO - Raspberry Pi verisi: Ham=3256, Voltaj=3256.000V
2025-11-16 15:29:41 - spektroskopi - INFO - Raspberry Pi verisi işlendi: SENSOR_EXTRA = 3256.000V
2025-11-16 15:29:41 - spektroskopi - INFO - Raspberry Pi'dan veri alındı: 6e400003-b5a3-f393-e0a9-e50e24dcca9e (Handle: 8): Nordic UART TX, uzunluk: 2
2025-11-16 15:29:41 - spektroskopi - INFO - Raspberry Pi verisi: Ham=1601, Voltaj=1601.000V
2025-11-16 15:29:41 - spektroskopi - INFO - Raspberry Pi verisi işlendi: SENSOR_5 = 1601.000V
2025-11-16 15:29:41 - spektroskopi - INFO - Raspberry Pi'dan veri alındı: 6e400004-b5a3-f393-e0a9-e50e24dcca9e (Handle: 11): Unknown, uzunluk: 2
2025-11-16 15:29:41 - spektroskopi - INFO - Raspberry Pi verisi: Ham=1283, Voltaj=1283.000V
2025-11-16 15:29:41 - spektroskopi - INFO - Raspberry Pi verisi işlendi: SENSOR_7 = 1283.000V
2025-11-16 15:29:41 - spektroskopi - INFO - Raspberry Pi'dan veri alındı: 6e400002-b5a3-f393-e0a9-e50e24dcca9e (Handle: 19): Nordic UART RX, uzunluk: 2
2025-11-16 15:29:41 - spektroskopi - INFO - Raspberry Pi verisi: Ham=3257, Voltaj=3257.000V
2025-11-16 15:29:41 - spektroskopi - INFO - Raspberry Pi verisi işlendi: SENSOR_2 = 3257.000V
2025-11-16 15:29:41 - spektroskopi - INFO - Raspberry Pi'dan veri alındı: 6e400005-b5a3-f393-e0a9-e50e24dcca9e (Handle: 16): Unknown, uzunluk: 2
2025-11-16 15:29:41 - spektroskopi - INFO - Raspberry Pi verisi: Ham=3256, Voltaj=3256.000V
2025-11-16 15:29:41 - spektroskopi - INFO - Raspberry Pi verisi işlendi: SENSOR_EXTRA = 3256.000V
2025-11-16 15:29:41 - spektroskopi - INFO - Raspberry Pi'dan veri alındı: 6e400003-b5a3-f393-e0a9-e50e24dcca9e (Handle: 8): Nordic UART TX, uzunluk: 2
2025-11-16 15:29:41 - spektroskopi - INFO - Raspberry Pi verisi: Ham=1594, Voltaj=1594.000V
2025-11-16 15:29:41 - spektroskopi - INFO - Raspberry Pi verisi işlendi: SENSOR_5 = 1594.000V
2025-11-16 15:29:41 - spektroskopi - INFO - Raspberry Pi'dan veri alındı: 6e400004-b5a3-f393-e0a9-e50e24dcca9e (Handle: 11): Unknown, uzunluk: 2
2025-11-16 15:29:41 - spektroskopi - INFO - Raspberry Pi verisi: Ham=1276, Voltaj=1276.000V
2025-11-16 15:29:41 - spektroskopi - INFO - Raspberry Pi verisi işlendi: SENSOR_7 = 1276.000V
2025-11-16 15:29:42 - spektroskopi - INFO - Raspberry Pi'dan veri alındı: 6e400002-b5a3-f393-e0a9-e50e24dcca9e (Handle: 19): Nordic UART RX, uzunluk: 2
2025-11-16 15:29:42 - spektroskopi - INFO - Raspberry Pi verisi: Ham=3256, Voltaj=3256.000V
2025-11-16 15:29:42 - spektroskopi - INFO - Raspberry Pi verisi işlendi: SENSOR_2 = 3256.000V
2025-11-16 15:29:42 - spektroskopi - INFO - Raspberry Pi'dan veri alındı: 6e400005-b5a3-f393-e0a9-e50e24dcca9e (Handle: 16): Unknown, uzunluk: 2
2025-11-16 15:29:42 - spektroskopi - INFO - Raspberry Pi verisi: Ham=3256, Voltaj=3256.000V
2025-11-16 15:29:42 - spektroskopi - INFO - Raspberry Pi verisi işlendi: SENSOR_EXTRA = 3256.000V
2025-11-16 15:29:42 - spektroskopi - INFO - Raspberry Pi'dan veri alındı: 6e400003-b5a3-f393-e0a9-e50e24dcca9e (Handle: 8): Nordic UART TX, uzunluk: 2
2025-11-16 15:29:42 - spektroskopi - INFO - Raspberry Pi verisi: Ham=1591, Voltaj=1591.000V
2025-11-16 15:29:42 - spektroskopi - INFO - Raspberry Pi verisi işlendi: SENSOR_5 = 1591.000V
2025-11-16 15:29:42 - spektroskopi - WARNING - Zaman sıralama düzeltildi: 2025-11-16 15:29:42.229088
2025-11-16 15:29:42 - spektroskopi - WARNING - Zaman sıralama düzeltildi: 2025-11-16 15:29:42.230088
2025-11-16 15:29:42 - spektroskopi - WARNING - Zaman sıralama düzeltildi: 2025-11-16 15:29:42.231088
2025-11-16 15:29:42 - spektroskopi - WARNING - Zaman sıralama düzeltildi: 2025-11-16 15:29:42.232088
2025-11-16 15:29:42 - spektroskopi - WARNING - Zaman sıralama düzeltildi: 2025-11-16 15:29:42.233088
2025-11-16 15:29:42 - spektroskopi - WARNING - Zaman sıralama düzeltildi: 2025-11-16 15:29:42.234088
2025-11-16 15:29:42 - spektroskopi - WARNING - Zaman sıralama düzeltildi: 2025-11-16 15:29:42.235088
2025-11-16 15:29:42 - spektroskopi - WARNING - Zaman sıralama düzeltildi: 2025-11-16 15:29:42.236088
2025-11-16 15:29:42 - spektroskopi - WARNING - Zaman sıralama düzeltildi: 2025-11-16 15:29:42.237088
2025-11-16 15:29:42 - spektroskopi - WARNING - Zaman sıralama düzeltildi: 2025-11-16 15:29:42.238088
2025-11-16 15:29:42 - spektroskopi - WARNING - Zaman sıralama düzeltildi: 2025-11-16 15:29:42.239088
2025-11-16 15:29:42 - spektroskopi - WARNING - Zaman sıralama düzeltildi: 2025-11-16 15:29:42.240088
2025-11-16 15:29:42 - spektroskopi - INFO - Raspberry Pi'dan veri alındı: 6e400004-b5a3-f393-e0a9-e50e24dcca9e (Handle: 11): Unknown, uzunluk: 2
2025-11-16 15:29:42 - spektroskopi - INFO - Raspberry Pi verisi: Ham=1273, Voltaj=1273.000V
2025-11-16 15:29:42 - spektroskopi - INFO - Raspberry Pi verisi işlendi: SENSOR_7 = 1273.000V
2025-11-16 15:29:42 - spektroskopi - INFO - Raspberry Pi'dan veri alındı: 6e400002-b5a3-f393-e0a9-e50e24dcca9e (Handle: 19): Nordic UART RX, uzunluk: 2
2025-11-16 15:29:42 - spektroskopi - INFO - Raspberry Pi verisi: Ham=3257, Voltaj=3257.000V
2025-11-16 15:29:42 - spektroskopi - INFO - Raspberry Pi verisi işlendi: SENSOR_2 = 3257.000V
2025-11-16 15:29:42 - spektroskopi - INFO - Raspberry Pi'dan veri alındı: 6e400005-b5a3-f393-e0a9-e50e24dcca9e (Handle: 16): Unknown, uzunluk: 2
2025-11-16 15:29:42 - spektroskopi - INFO - Raspberry Pi verisi: Ham=3256, Voltaj=3256.000V
2025-11-16 15:29:42 - spektroskopi - INFO - Raspberry Pi verisi işlendi: SENSOR_EXTRA = 3256.000V
2025-11-16 15:29:42 - spektroskopi - INFO - Raspberry Pi'dan veri alındı: 6e400003-b5a3-f393-e0a9-e50e24dcca9e (Handle: 8): Nordic UART TX, uzunluk: 2
2025-11-16 15:29:42 - spektroskopi - INFO - Raspberry Pi verisi: Ham=1590, Voltaj=1590.000V
2025-11-16 15:29:42 - spektroskopi - INFO - Raspberry Pi verisi işlendi: SENSOR_5 = 1590.000V
2025-11-16 15:29:42 - spektroskopi - INFO - Raspberry Pi'dan veri alındı: 6e400004-b5a3-f393-e0a9-e50e24dcca9e (Handle: 11): Unknown, uzunluk: 2
2025-11-16 15:29:42 - spektroskopi - INFO - Raspberry Pi verisi: Ham=1274, Voltaj=1274.000V
2025-11-16 15:29:42 - spektroskopi - INFO - Raspberry Pi verisi işlendi: SENSOR_7 = 1274.000V
2025-11-16 15:29:42 - spektroskopi - INFO - Raspberry Pi'dan veri alındı: 6e400002-b5a3-f393-e0a9-e50e24dcca9e (Handle: 19): Nordic UART RX, uzunluk: 2
2025-11-16 15:29:42 - spektroskopi - INFO - Raspberry Pi verisi: Ham=3257, Voltaj=3257.000V
2025-11-16 15:29:42 - spektroskopi - INFO - Raspberry Pi verisi işlendi: SENSOR_2 = 3257.000V
2025-11-16 15:29:42 - spektroskopi - INFO - Raspberry Pi'dan veri alındı: 6e400005-b5a3-f393-e0a9-e50e24dcca9e (Handle: 16): Unknown, uzunluk: 2
2025-11-16 15:29:42 - spektroskopi - INFO - Raspberry Pi verisi: Ham=3256, Voltaj=3256.000V
2025-11-16 15:29:42 - spektroskopi - INFO - Raspberry Pi verisi işlendi: SENSOR_EXTRA = 3256.000V
2025-11-16 15:29:42 - spektroskopi - INFO - Raspberry Pi'dan veri alındı: 6e400003-b5a3-f393-e0a9-e50e24dcca9e (Handle: 8): Nordic UART TX, uzunluk: 2
2025-11-16 15:29:42 - spektroskopi - INFO - Raspberry Pi verisi: Ham=1590, Voltaj=1590.000V
2025-11-16 15:29:42 - spektroskopi - INFO - Raspberry Pi verisi işlendi: SENSOR_5 = 1590.000V
2025-11-16 15:29:42 - spektroskopi - INFO - Raspberry Pi'dan veri alındı: 6e400004-b5a3-f393-e0a9-e50e24dcca9e (Handle: 11): Unknown, uzunluk: 2
2025-11-16 15:29:42 - spektroskopi - INFO - Raspberry Pi verisi: Ham=1274, Voltaj=1274.000V
2025-11-16 15:29:42 - spektroskopi - INFO - Raspberry Pi verisi işlendi: SENSOR_7 = 1274.000V
2025-11-16 15:29:43 - spektroskopi - INFO - Raspberry Pi'dan veri alındı: 6e400002-b5a3-f393-e0a9-e50e24dcca9e (Handle: 19): Nordic UART RX, uzunluk: 2
2025-11-16 15:29:43 - spektroskopi - INFO - Raspberry Pi verisi: Ham=3256, Voltaj=3256.000V
2025-11-16 15:29:43 - spektroskopi - INFO - Raspberry Pi verisi işlendi: SENSOR_2 = 3256.000V
2025-11-16 15:29:43 - spektroskopi - INFO - Raspberry Pi'dan veri alındı: 6e400005-b5a3-f393-e0a9-e50e24dcca9e (Handle: 16): Unknown, uzunluk: 2
2025-11-16 15:29:43 - spektroskopi - INFO - Raspberry Pi verisi: Ham=3256, Voltaj=3256.000V
2025-11-16 15:29:43 - spektroskopi - INFO - Raspberry Pi verisi işlendi: SENSOR_EXTRA = 3256.000V
2025-11-16 15:29:43 - spektroskopi - INFO - Raspberry Pi'dan veri alındı: 6e400003-b5a3-f393-e0a9-e50e24dcca9e (Handle: 8): Nordic UART TX, uzunluk: 2
2025-11-16 15:29:43 - spektroskopi - INFO - Raspberry Pi verisi: Ham=1591, Voltaj=1591.000V
2025-11-16 15:29:43 - spektroskopi - INFO - Raspberry Pi verisi işlendi: SENSOR_5 = 1591.000V
2025-11-16 15:29:43 - spektroskopi - WARNING - Zaman sıralama düzeltildi: 2025-11-16 15:29:43.249065
2025-11-16 15:29:43 - spektroskopi - WARNING - Zaman sıralama düzeltildi: 2025-11-16 15:29:43.250065
2025-11-16 15:29:43 - spektroskopi - WARNING - Zaman sıralama düzeltildi: 2025-11-16 15:29:43.251065
2025-11-16 15:29:43 - spektroskopi - WARNING - Zaman sıralama düzeltildi: 2025-11-16 15:29:43.252065
2025-11-16 15:29:43 - spektroskopi - WARNING - Zaman sıralama düzeltildi: 2025-11-16 15:29:43.253065
2025-11-16 15:29:43 - spektroskopi - WARNING - Zaman sıralama düzeltildi: 2025-11-16 15:29:43.254065
2025-11-16 15:29:43 - spektroskopi - WARNING - Zaman sıralama düzeltildi: 2025-11-16 15:29:43.255065
2025-11-16 15:29:43 - spektroskopi - WARNING - Zaman sıralama düzeltildi: 2025-11-16 15:29:43.256065
2025-11-16 15:29:43 - spektroskopi - WARNING - Zaman sıralama düzeltildi: 2025-11-16 15:29:43.257065
2025-11-16 15:29:43 - spektroskopi - WARNING - Zaman sıralama düzeltildi: 2025-11-16 15:29:43.258065
2025-11-16 15:29:43 - spektroskopi - WARNING - Zaman sıralama düzeltildi: 2025-11-16 15:29:43.259065
2025-11-16 15:29:43 - spektroskopi - WARNING - Zaman sıralama düzeltildi: 2025-11-16 15:29:43.260065
2025-11-16 15:29:43 - spektroskopi - INFO - Raspberry Pi'dan veri alındı: 6e400004-b5a3-f393-e0a9-e50e24dcca9e (Handle: 11): Unknown, uzunluk: 2
2025-11-16 15:29:43 - spektroskopi - INFO - Raspberry Pi verisi: Ham=1274, Voltaj=1274.000V
2025-11-16 15:29:43 - spektroskopi - INFO - Raspberry Pi verisi işlendi: SENSOR_7 = 1274.000V
2025-11-16 15:29:43 - spektroskopi - INFO - Raspberry Pi'dan veri alındı: 6e400002-b5a3-f393-e0a9-e50e24dcca9e (Handle: 19): Nordic UART RX, uzunluk: 2
2025-11-16 15:29:43 - spektroskopi - INFO - Raspberry Pi verisi: Ham=3256, Voltaj=3256.000V
2025-11-16 15:29:43 - spektroskopi - INFO - Raspberry Pi verisi işlendi: SENSOR_2 = 3256.000V
2025-11-16 15:29:43 - spektroskopi - INFO - Raspberry Pi'dan veri alındı: 6e400005-b5a3-f393-e0a9-e50e24dcca9e (Handle: 16): Unknown, uzunluk: 2
2025-11-16 15:29:43 - spektroskopi - INFO - Raspberry Pi verisi: Ham=3257, Voltaj=3257.000V
2025-11-16 15:29:43 - spektroskopi - INFO - Raspberry Pi verisi işlendi: SENSOR_EXTRA = 3257.000V
2025-11-16 15:29:43 - spektroskopi - INFO - Raspberry Pi'dan veri alındı: 6e400003-b5a3-f393-e0a9-e50e24dcca9e (Handle: 8): Nordic UART TX, uzunluk: 2
2025-11-16 15:29:43 - spektroskopi - INFO - Raspberry Pi verisi: Ham=1589, Voltaj=1589.000V
2025-11-16 15:29:43 - spektroskopi - INFO - Raspberry Pi verisi işlendi: SENSOR_5 = 1589.000V
2025-11-16 15:29:43 - spektroskopi - INFO - Raspberry Pi'dan veri alındı: 6e400004-b5a3-f393-e0a9-e50e24dcca9e (Handle: 11): Unknown, uzunluk: 2
2025-11-16 15:29:43 - spektroskopi - INFO - Raspberry Pi verisi: Ham=1273, Voltaj=1273.000V
2025-11-16 15:29:43 - spektroskopi - INFO - Raspberry Pi verisi işlendi: SENSOR_7 = 1273.000V
2025-11-16 15:29:43 - spektroskopi - INFO - Raspberry Pi'dan veri alındı: 6e400002-b5a3-f393-e0a9-e50e24dcca9e (Handle: 19): Nordic UART RX, uzunluk: 2
2025-11-16 15:29:43 - spektroskopi - INFO - Raspberry Pi verisi: Ham=3257, Voltaj=3257.000V
2025-11-16 15:29:43 - spektroskopi - INFO - Raspberry Pi verisi işlendi: SENSOR_2 = 3257.000V
2025-11-16 15:29:43 - spektroskopi - INFO - Raspberry Pi'dan veri alındı: 6e400005-b5a3-f393-e0a9-e50e24dcca9e (Handle: 16): Unknown, uzunluk: 2
2025-11-16 15:29:43 - spektroskopi - INFO - Raspberry Pi verisi: Ham=3256, Voltaj=3256.000V
2025-11-16 15:29:43 - spektroskopi - INFO - Raspberry Pi verisi işlendi: SENSOR_EXTRA = 3256.000V
2025-11-16 15:29:43 - spektroskopi - INFO - Raspberry Pi'dan veri alındı: 6e400003-b5a3-f393-e0a9-e50e24dcca9e (Handle: 8): Nordic UART TX, uzunluk: 2
2025-11-16 15:29:43 - spektroskopi - INFO - Raspberry Pi verisi: Ham=1594, Voltaj=1594.000V
2025-11-16 15:29:43 - spektroskopi - INFO - Raspberry Pi verisi işlendi: SENSOR_5 = 1594.000V
2025-11-16 15:29:43 - spektroskopi - INFO - Raspberry Pi'dan veri alındı: 6e400004-b5a3-f393-e0a9-e50e24dcca9e (Handle: 11): Unknown, uzunluk: 2
2025-11-16 15:29:43 - spektroskopi - INFO - Raspberry Pi verisi: Ham=1279, Voltaj=1279.000V
2025-11-16 15:29:43 - spektroskopi - INFO - Raspberry Pi verisi işlendi: SENSOR_7 = 1279.000V
2025-11-16 15:29:44 - spektroskopi - INFO - Raspberry Pi'dan veri alındı: 6e400002-b5a3-f393-e0a9-e50e24dcca9e (Handle: 19): Nordic UART RX, uzunluk: 2
2025-11-16 15:29:44 - spektroskopi - INFO - Raspberry Pi verisi: Ham=3256, Voltaj=3256.000V
2025-11-16 15:29:44 - spektroskopi - INFO - Raspberry Pi verisi işlendi: SENSOR_2 = 3256.000V
2025-11-16 15:29:44 - spektroskopi - INFO - Raspberry Pi'dan veri alındı: 6e400005-b5a3-f393-e0a9-e50e24dcca9e (Handle: 16): Unknown, uzunluk: 2
2025-11-16 15:29:44 - spektroskopi - INFO - Raspberry Pi verisi: Ham=3256, Voltaj=3256.000V
2025-11-16 15:29:44 - spektroskopi - INFO - Raspberry Pi verisi işlendi: SENSOR_EXTRA = 3256.000V
2025-11-16 15:29:44 - spektroskopi - INFO - Raspberry Pi'dan veri alındı: 6e400003-b5a3-f393-e0a9-e50e24dcca9e (Handle: 8): Nordic UART TX, uzunluk: 2
2025-11-16 15:29:44 - spektroskopi - INFO - Raspberry Pi verisi: Ham=1601, Voltaj=1601.000V
2025-11-16 15:29:44 - spektroskopi - INFO - Raspberry Pi verisi işlendi: SENSOR_5 = 1601.000V
2025-11-16 15:29:44 - spektroskopi - WARNING - Zaman sıralama düzeltildi: 2025-11-16 15:29:44.239286
2025-11-16 15:29:44 - spektroskopi - WARNING - Zaman sıralama düzeltildi: 2025-11-16 15:29:44.240286
2025-11-16 15:29:44 - spektroskopi - WARNING - Zaman sıralama düzeltildi: 2025-11-16 15:29:44.241286
2025-11-16 15:29:44 - spektroskopi - WARNING - Zaman sıralama düzeltildi: 2025-11-16 15:29:44.242286
2025-11-16 15:29:44 - spektroskopi - WARNING - Zaman sıralama düzeltildi: 2025-11-16 15:29:44.243286
2025-11-16 15:29:44 - spektroskopi - WARNING - Zaman sıralama düzeltildi: 2025-11-16 15:29:44.244286
2025-11-16 15:29:44 - spektroskopi - WARNING - Zaman sıralama düzeltildi: 2025-11-16 15:29:44.245286
2025-11-16 15:29:44 - spektroskopi - WARNING - Zaman sıralama düzeltildi: 2025-11-16 15:29:44.246286
2025-11-16 15:29:44 - spektroskopi - WARNING - Zaman sıralama düzeltildi: 2025-11-16 15:29:44.247286
2025-11-16 15:29:44 - spektroskopi - WARNING - Zaman sıralama düzeltildi: 2025-11-16 15:29:44.248286
2025-11-16 15:29:44 - spektroskopi - WARNING - Zaman sıralama düzeltildi: 2025-11-16 15:29:44.249286
2025-11-16 15:29:44 - spektroskopi - WARNING - Zaman sıralama düzeltildi: 2025-11-16 15:29:44.250286
2025-11-16 15:29:44 - spektroskopi - INFO - Raspberry Pi'dan veri alındı: 6e400004-b5a3-f393-e0a9-e50e24dcca9e (Handle: 11): Unknown, uzunluk: 2
2025-11-16 15:29:44 - spektroskopi - INFO - Raspberry Pi verisi: Ham=1284, Voltaj=1284.000V
2025-11-16 15:29:44 - spektroskopi - INFO - Raspberry Pi verisi işlendi: SENSOR_7 = 1284.000V
2025-11-16 15:29:44 - spektroskopi - INFO - Raspberry Pi'dan veri alındı: 6e400002-b5a3-f393-e0a9-e50e24dcca9e (Handle: 19): Nordic UART RX, uzunluk: 2
2025-11-16 15:29:44 - spektroskopi - INFO - Raspberry Pi verisi: Ham=3256, Voltaj=3256.000V
2025-11-16 15:29:44 - spektroskopi - INFO - Raspberry Pi verisi işlendi: SENSOR_2 = 3256.000V
2025-11-16 15:29:44 - spektroskopi - INFO - Raspberry Pi'dan veri alındı: 6e400005-b5a3-f393-e0a9-e50e24dcca9e (Handle: 16): Unknown, uzunluk: 2
2025-11-16 15:29:44 - spektroskopi - INFO - Raspberry Pi verisi: Ham=3256, Voltaj=3256.000V
2025-11-16 15:29:44 - spektroskopi - INFO - Raspberry Pi verisi işlendi: SENSOR_EXTRA = 3256.000V
2025-11-16 15:29:44 - spektroskopi - INFO - Raspberry Pi'dan veri alındı: 6e400003-b5a3-f393-e0a9-e50e24dcca9e (Handle: 8): Nordic UART TX, uzunluk: 2
2025-11-16 15:29:44 - spektroskopi - INFO - Raspberry Pi verisi: Ham=1598, Voltaj=1598.000V
2025-11-16 15:29:44 - spektroskopi - INFO - Raspberry Pi verisi işlendi: SENSOR_5 = 1598.000V
2025-11-16 15:29:44 - spektroskopi - INFO - Raspberry Pi'dan veri alındı: 6e400004-b5a3-f393-e0a9-e50e24dcca9e (Handle: 11): Unknown, uzunluk: 2
2025-11-16 15:29:44 - spektroskopi - INFO - Raspberry Pi verisi: Ham=1279, Voltaj=1279.000V
2025-11-16 15:29:44 - spektroskopi - INFO - Raspberry Pi verisi işlendi: SENSOR_7 = 1279.000V
2025-11-16 15:29:44 - spektroskopi - INFO - Raspberry Pi'dan veri alındı: 6e400002-b5a3-f393-e0a9-e50e24dcca9e (Handle: 19): Nordic UART RX, uzunluk: 2
2025-11-16 15:29:44 - spektroskopi - INFO - Raspberry Pi verisi: Ham=3256, Voltaj=3256.000V
2025-11-16 15:29:44 - spektroskopi - INFO - Raspberry Pi verisi işlendi: SENSOR_2 = 3256.000V
2025-11-16 15:29:44 - spektroskopi - INFO - Raspberry Pi'dan veri alındı: 6e400005-b5a3-f393-e0a9-e50e24dcca9e (Handle: 16): Unknown, uzunluk: 2
2025-11-16 15:29:44 - spektroskopi - INFO - Raspberry Pi verisi: Ham=3256, Voltaj=3256.000V
2025-11-16 15:29:44 - spektroskopi - INFO - Raspberry Pi verisi işlendi: SENSOR_EXTRA = 3256.000V
2025-11-16 15:29:44 - spektroskopi - INFO - Raspberry Pi'dan veri alındı: 6e400003-b5a3-f393-e0a9-e50e24dcca9e (Handle: 8): Nordic UART TX, uzunluk: 2
2025-11-16 15:29:44 - spektroskopi - INFO - Raspberry Pi verisi: Ham=1590, Voltaj=1590.000V
2025-11-16 15:29:44 - spektroskopi - INFO - Raspberry Pi verisi işlendi: SENSOR_5 = 1590.000V
2025-11-16 15:29:44 - spektroskopi - INFO - Raspberry Pi'dan veri alındı: 6e400004-b5a3-f393-e0a9-e50e24dcca9e (Handle: 11): Unknown, uzunluk: 2
2025-11-16 15:29:44 - spektroskopi - INFO - Raspberry Pi verisi: Ham=1273, Voltaj=1273.000V
2025-11-16 15:29:44 - spektroskopi - INFO - Raspberry Pi verisi işlendi: SENSOR_7 = 1273.000V
2025-11-16 15:29:45 - spektroskopi - INFO - Raspberry Pi'dan veri alındı: 6e400002-b5a3-f393-e0a9-e50e24dcca9e (Handle: 19): Nordic UART RX, uzunluk: 2
2025-11-16 15:29:45 - spektroskopi - INFO - Raspberry Pi verisi: Ham=3256, Voltaj=3256.000V
2025-11-16 15:29:45 - spektroskopi - INFO - Raspberry Pi verisi işlendi: SENSOR_2 = 3256.000V
2025-11-16 15:29:45 - spektroskopi - INFO - Raspberry Pi'dan veri alındı: 6e400005-b5a3-f393-e0a9-e50e24dcca9e (Handle: 16): Unknown, uzunluk: 2
2025-11-16 15:29:45 - spektroskopi - INFO - Raspberry Pi verisi: Ham=3256, Voltaj=3256.000V
2025-11-16 15:29:45 - spektroskopi - INFO - Raspberry Pi verisi işlendi: SENSOR_EXTRA = 3256.000V
2025-11-16 15:29:45 - spektroskopi - INFO - Raspberry Pi'dan veri alındı: 6e400003-b5a3-f393-e0a9-e50e24dcca9e (Handle: 8): Nordic UART TX, uzunluk: 2
2025-11-16 15:29:45 - spektroskopi - INFO - Raspberry Pi verisi: Ham=1587, Voltaj=1587.000V
2025-11-16 15:29:45 - spektroskopi - INFO - Raspberry Pi verisi işlendi: SENSOR_5 = 1587.000V
2025-11-16 15:29:45 - spektroskopi - WARNING - Zaman sıralama düzeltildi: 2025-11-16 15:29:45.233884
2025-11-16 15:29:45 - spektroskopi - WARNING - Zaman sıralama düzeltildi: 2025-11-16 15:29:45.234884
2025-11-16 15:29:45 - spektroskopi - WARNING - Zaman sıralama düzeltildi: 2025-11-16 15:29:45.235884
2025-11-16 15:29:45 - spektroskopi - WARNING - Zaman sıralama düzeltildi: 2025-11-16 15:29:45.236884
2025-11-16 15:29:45 - spektroskopi - WARNING - Zaman sıralama düzeltildi: 2025-11-16 15:29:45.237884
2025-11-16 15:29:45 - spektroskopi - WARNING - Zaman sıralama düzeltildi: 2025-11-16 15:29:45.238884
2025-11-16 15:29:45 - spektroskopi - WARNING - Zaman sıralama düzeltildi: 2025-11-16 15:29:45.239884
2025-11-16 15:29:45 - spektroskopi - WARNING - Zaman sıralama düzeltildi: 2025-11-16 15:29:45.240884
2025-11-16 15:29:45 - spektroskopi - WARNING - Zaman sıralama düzeltildi: 2025-11-16 15:29:45.241884
2025-11-16 15:29:45 - spektroskopi - WARNING - Zaman sıralama düzeltildi: 2025-11-16 15:29:45.242884
2025-11-16 15:29:45 - spektroskopi - WARNING - Zaman sıralama düzeltildi: 2025-11-16 15:29:45.243884
2025-11-16 15:29:45 - spektroskopi - WARNING - Zaman sıralama düzeltildi: 2025-11-16 15:29:45.244884
2025-11-16 15:29:45 - spektroskopi - INFO - Raspberry Pi'dan veri alındı: 6e400004-b5a3-f393-e0a9-e50e24dcca9e (Handle: 11): Unknown, uzunluk: 2
2025-11-16 15:29:45 - spektroskopi - INFO - Raspberry Pi verisi: Ham=1270, Voltaj=1270.000V
2025-11-16 15:29:45 - spektroskopi - INFO - Raspberry Pi verisi işlendi: SENSOR_7 = 1270.000V
2025-11-16 15:29:45 - spektroskopi - INFO - Raspberry Pi'dan veri alındı: 6e400002-b5a3-f393-e0a9-e50e24dcca9e (Handle: 19): Nordic UART RX, uzunluk: 2
2025-11-16 15:29:45 - spektroskopi - INFO - Raspberry Pi verisi: Ham=3256, Voltaj=3256.000V
2025-11-16 15:29:45 - spektroskopi - INFO - Raspberry Pi verisi işlendi: SENSOR_2 = 3256.000V
2025-11-16 15:29:45 - spektroskopi - INFO - Raspberry Pi'dan veri alındı: 6e400005-b5a3-f393-e0a9-e50e24dcca9e (Handle: 16): Unknown, uzunluk: 2
2025-11-16 15:29:45 - spektroskopi - INFO - Raspberry Pi verisi: Ham=3256, Voltaj=3256.000V
2025-11-16 15:29:45 - spektroskopi - INFO - Raspberry Pi verisi işlendi: SENSOR_EXTRA = 3256.000V
2025-11-16 15:29:45 - spektroskopi - INFO - Raspberry Pi'dan veri alındı: 6e400003-b5a3-f393-e0a9-e50e24dcca9e (Handle: 8): Nordic UART TX, uzunluk: 2
2025-11-16 15:29:45 - spektroskopi - INFO - Raspberry Pi verisi: Ham=1586, Voltaj=1586.000V
2025-11-16 15:29:45 - spektroskopi - INFO - Raspberry Pi verisi işlendi: SENSOR_5 = 1586.000V
2025-11-16 15:29:45 - spektroskopi - INFO - Raspberry Pi'dan veri alındı: 6e400004-b5a3-f393-e0a9-e50e24dcca9e (Handle: 11): Unknown, uzunluk: 2
2025-11-16 15:29:45 - spektroskopi - INFO - Raspberry Pi verisi: Ham=1271, Voltaj=1271.000V
2025-11-16 15:29:45 - spektroskopi - INFO - Raspberry Pi verisi işlendi: SENSOR_7 = 1271.000V
2025-11-16 15:29:45 - spektroskopi - INFO - Raspberry Pi'dan veri alındı: 6e400002-b5a3-f393-e0a9-e50e24dcca9e (Handle: 19): Nordic UART RX, uzunluk: 2
2025-11-16 15:29:45 - spektroskopi - INFO - Raspberry Pi verisi: Ham=3256, Voltaj=3256.000V
2025-11-16 15:29:45 - spektroskopi - INFO - Raspberry Pi verisi işlendi: SENSOR_2 = 3256.000V
2025-11-16 15:29:45 - spektroskopi - INFO - Raspberry Pi'dan veri alındı: 6e400005-b5a3-f393-e0a9-e50e24dcca9e (Handle: 16): Unknown, uzunluk: 2
2025-11-16 15:29:45 - spektroskopi - INFO - Raspberry Pi verisi: Ham=3256, Voltaj=3256.000V
2025-11-16 15:29:45 - spektroskopi - INFO - Raspberry Pi verisi işlendi: SENSOR_EXTRA = 3256.000V
2025-11-16 15:29:45 - spektroskopi - INFO - Raspberry Pi'dan veri alındı: 6e400003-b5a3-f393-e0a9-e50e24dcca9e (Handle: 8): Nordic UART TX, uzunluk: 2
2025-11-16 15:29:45 - spektroskopi - INFO - Raspberry Pi verisi: Ham=1585, Voltaj=1585.000V
2025-11-16 15:29:45 - spektroskopi - INFO - Raspberry Pi verisi işlendi: SENSOR_5 = 1585.000V
2025-11-16 15:29:45 - spektroskopi - INFO - Raspberry Pi'dan veri alındı: 6e400004-b5a3-f393-e0a9-e50e24dcca9e (Handle: 11): Unknown, uzunluk: 2
2025-11-16 15:29:45 - spektroskopi - INFO - Raspberry Pi verisi: Ham=1270, Voltaj=1270.000V
2025-11-16 15:29:45 - spektroskopi - INFO - Raspberry Pi verisi işlendi: SENSOR_7 = 1270.000V
2025-11-16 15:29:46 - spektroskopi - INFO - Raspberry Pi'dan veri alındı: 6e400002-b5a3-f393-e0a9-e50e24dcca9e (Handle: 19): Nordic UART RX, uzunluk: 2
2025-11-16 15:29:46 - spektroskopi - INFO - Raspberry Pi verisi: Ham=3257, Voltaj=3257.000V
2025-11-16 15:29:46 - spektroskopi - INFO - Raspberry Pi verisi işlendi: SENSOR_2 = 3257.000V
2025-11-16 15:29:46 - spektroskopi - INFO - Raspberry Pi'dan veri alındı: 6e400005-b5a3-f393-e0a9-e50e24dcca9e (Handle: 16): Unknown, uzunluk: 2
2025-11-16 15:29:46 - spektroskopi - INFO - Raspberry Pi verisi: Ham=3256, Voltaj=3256.000V
2025-11-16 15:29:46 - spektroskopi - INFO - Raspberry Pi verisi işlendi: SENSOR_EXTRA = 3256.000V
2025-11-16 15:29:46 - spektroskopi - INFO - Raspberry Pi'dan veri alındı: 6e400003-b5a3-f393-e0a9-e50e24dcca9e (Handle: 8): Nordic UART TX, uzunluk: 2
2025-11-16 15:29:46 - spektroskopi - INFO - Raspberry Pi verisi: Ham=1595, Voltaj=1595.000V
2025-11-16 15:29:46 - spektroskopi - INFO - Raspberry Pi verisi işlendi: SENSOR_5 = 1595.000V
2025-11-16 15:29:46 - spektroskopi - WARNING - Zaman sıralama düzeltildi: 2025-11-16 15:29:46.248824
2025-11-16 15:29:46 - spektroskopi - WARNING - Zaman sıralama düzeltildi: 2025-11-16 15:29:46.249824
2025-11-16 15:29:46 - spektroskopi - WARNING - Zaman sıralama düzeltildi: 2025-11-16 15:29:46.250824
2025-11-16 15:29:46 - spektroskopi - WARNING - Zaman sıralama düzeltildi: 2025-11-16 15:29:46.251824
2025-11-16 15:29:46 - spektroskopi - WARNING - Zaman sıralama düzeltildi: 2025-11-16 15:29:46.252824
2025-11-16 15:29:46 - spektroskopi - WARNING - Zaman sıralama düzeltildi: 2025-11-16 15:29:46.253824
2025-11-16 15:29:46 - spektroskopi - WARNING - Zaman sıralama düzeltildi: 2025-11-16 15:29:46.254824
2025-11-16 15:29:46 - spektroskopi - WARNING - Zaman sıralama düzeltildi: 2025-11-16 15:29:46.255824
2025-11-16 15:29:46 - spektroskopi - WARNING - Zaman sıralama düzeltildi: 2025-11-16 15:29:46.256824
2025-11-16 15:29:46 - spektroskopi - WARNING - Zaman sıralama düzeltildi: 2025-11-16 15:29:46.257824
2025-11-16 15:29:46 - spektroskopi - WARNING - Zaman sıralama düzeltildi: 2025-11-16 15:29:46.258824
2025-11-16 15:29:46 - spektroskopi - WARNING - Zaman sıralama düzeltildi: 2025-11-16 15:29:46.259824
2025-11-16 15:29:46 - spektroskopi - INFO - Raspberry Pi'dan veri alındı: 6e400004-b5a3-f393-e0a9-e50e24dcca9e (Handle: 11): Unknown, uzunluk: 2
2025-11-16 15:29:46 - spektroskopi - INFO - Raspberry Pi verisi: Ham=1280, Voltaj=1280.000V
2025-11-16 15:29:46 - spektroskopi - INFO - Raspberry Pi verisi işlendi: SENSOR_7 = 1280.000V
2025-11-16 15:29:46 - spektroskopi - INFO - Raspberry Pi'dan veri alındı: 6e400002-b5a3-f393-e0a9-e50e24dcca9e (Handle: 19): Nordic UART RX, uzunluk: 2
2025-11-16 15:29:46 - spektroskopi - INFO - Raspberry Pi verisi: Ham=3256, Voltaj=3256.000V
2025-11-16 15:29:46 - spektroskopi - INFO - Raspberry Pi verisi işlendi: SENSOR_2 = 3256.000V
2025-11-16 15:29:46 - spektroskopi - INFO - Raspberry Pi'dan veri alındı: 6e400005-b5a3-f393-e0a9-e50e24dcca9e (Handle: 16): Unknown, uzunluk: 2
2025-11-16 15:29:46 - spektroskopi - INFO - Raspberry Pi verisi: Ham=3256, Voltaj=3256.000V
2025-11-16 15:29:46 - spektroskopi - INFO - Raspberry Pi verisi işlendi: SENSOR_EXTRA = 3256.000V
2025-11-16 15:29:46 - spektroskopi - INFO - Raspberry Pi'dan veri alındı: 6e400003-b5a3-f393-e0a9-e50e24dcca9e (Handle: 8): Nordic UART TX, uzunluk: 2
2025-11-16 15:29:46 - spektroskopi - INFO - Raspberry Pi verisi: Ham=1602, Voltaj=1602.000V
2025-11-16 15:29:46 - spektroskopi - INFO - Raspberry Pi verisi işlendi: SENSOR_5 = 1602.000V
2025-11-16 15:29:46 - spektroskopi - INFO - Raspberry Pi'dan veri alındı: 6e400004-b5a3-f393-e0a9-e50e24dcca9e (Handle: 11): Unknown, uzunluk: 2
2025-11-16 15:29:46 - spektroskopi - INFO - Raspberry Pi verisi: Ham=1285, Voltaj=1285.000V
2025-11-16 15:29:46 - spektroskopi - INFO - Raspberry Pi verisi işlendi: SENSOR_7 = 1285.000V
2025-11-16 15:29:46 - spektroskopi - INFO - Raspberry Pi'dan veri alındı: 6e400002-b5a3-f393-e0a9-e50e24dcca9e (Handle: 19): Nordic UART RX, uzunluk: 2
2025-11-16 15:29:46 - spektroskopi - INFO - Raspberry Pi verisi: Ham=3256, Voltaj=3256.000V
2025-11-16 15:29:46 - spektroskopi - INFO - Raspberry Pi verisi işlendi: SENSOR_2 = 3256.000V
2025-11-16 15:29:46 - spektroskopi - INFO - Raspberry Pi'dan veri alındı: 6e400005-b5a3-f393-e0a9-e50e24dcca9e (Handle: 16): Unknown, uzunluk: 2
2025-11-16 15:29:46 - spektroskopi - INFO - Raspberry Pi verisi: Ham=3256, Voltaj=3256.000V
2025-11-16 15:29:46 - spektroskopi - INFO - Raspberry Pi verisi işlendi: SENSOR_EXTRA = 3256.000V
2025-11-16 15:29:46 - spektroskopi - INFO - Raspberry Pi'dan veri alındı: 6e400003-b5a3-f393-e0a9-e50e24dcca9e (Handle: 8): Nordic UART TX, uzunluk: 2
2025-11-16 15:29:46 - spektroskopi - INFO - Raspberry Pi verisi: Ham=1598, Voltaj=1598.000V
2025-11-16 15:29:46 - spektroskopi - INFO - Raspberry Pi verisi işlendi: SENSOR_5 = 1598.000V
2025-11-16 15:29:46 - spektroskopi - INFO - Raspberry Pi'dan veri alındı: 6e400004-b5a3-f393-e0a9-e50e24dcca9e (Handle: 11): Unknown, uzunluk: 2
2025-11-16 15:29:46 - spektroskopi - INFO - Raspberry Pi verisi: Ham=1280, Voltaj=1280.000V
2025-11-16 15:29:46 - spektroskopi - INFO - Raspberry Pi verisi işlendi: SENSOR_7 = 1280.000V
2025-11-16 15:29:47 - spektroskopi - INFO - Raspberry Pi'dan veri alındı: 6e400002-b5a3-f393-e0a9-e50e24dcca9e (Handle: 19): Nordic UART RX, uzunluk: 2
2025-11-16 15:29:47 - spektroskopi - INFO - Raspberry Pi verisi: Ham=3256, Voltaj=3256.000V
2025-11-16 15:29:47 - spektroskopi - INFO - Raspberry Pi verisi işlendi: SENSOR_2 = 3256.000V
2025-11-16 15:29:47 - spektroskopi - INFO - Raspberry Pi'dan veri alındı: 6e400005-b5a3-f393-e0a9-e50e24dcca9e (Handle: 16): Unknown, uzunluk: 2
2025-11-16 15:29:47 - spektroskopi - INFO - Raspberry Pi verisi: Ham=3256, Voltaj=3256.000V
2025-11-16 15:29:47 - spektroskopi - INFO - Raspberry Pi verisi işlendi: SENSOR_EXTRA = 3256.000V
2025-11-16 15:29:47 - spektroskopi - INFO - Raspberry Pi'dan veri alındı: 6e400003-b5a3-f393-e0a9-e50e24dcca9e (Handle: 8): Nordic UART TX, uzunluk: 2
2025-11-16 15:29:47 - spektroskopi - INFO - Raspberry Pi verisi: Ham=1596, Voltaj=1596.000V
2025-11-16 15:29:47 - spektroskopi - INFO - Raspberry Pi verisi işlendi: SENSOR_5 = 1596.000V
2025-11-16 15:29:47 - spektroskopi - WARNING - Zaman sıralama düzeltildi: 2025-11-16 15:29:47.239117
2025-11-16 15:29:47 - spektroskopi - WARNING - Zaman sıralama düzeltildi: 2025-11-16 15:29:47.240117
2025-11-16 15:29:47 - spektroskopi - WARNING - Zaman sıralama düzeltildi: 2025-11-16 15:29:47.241117
2025-11-16 15:29:47 - spektroskopi - WARNING - Zaman sıralama düzeltildi: 2025-11-16 15:29:47.242117
2025-11-16 15:29:47 - spektroskopi - WARNING - Zaman sıralama düzeltildi: 2025-11-16 15:29:47.243117
2025-11-16 15:29:47 - spektroskopi - WARNING - Zaman sıralama düzeltildi: 2025-11-16 15:29:47.244117
2025-11-16 15:29:47 - spektroskopi - WARNING - Zaman sıralama düzeltildi: 2025-11-16 15:29:47.245117
2025-11-16 15:29:47 - spektroskopi - WARNING - Zaman sıralama düzeltildi: 2025-11-16 15:29:47.246117
2025-11-16 15:29:47 - spektroskopi - WARNING - Zaman sıralama düzeltildi: 2025-11-16 15:29:47.247117
2025-11-16 15:29:47 - spektroskopi - WARNING - Zaman sıralama düzeltildi: 2025-11-16 15:29:47.248117
2025-11-16 15:29:47 - spektroskopi - WARNING - Zaman sıralama düzeltildi: 2025-11-16 15:29:47.249117
2025-11-16 15:29:47 - spektroskopi - WARNING - Zaman sıralama düzeltildi: 2025-11-16 15:29:47.250117
2025-11-16 15:29:47 - spektroskopi - INFO - Raspberry Pi'dan veri alındı: 6e400004-b5a3-f393-e0a9-e50e24dcca9e (Handle: 11): Unknown, uzunluk: 2
2025-11-16 15:29:47 - spektroskopi - INFO - Raspberry Pi verisi: Ham=1278, Voltaj=1278.000V
2025-11-16 15:29:47 - spektroskopi - INFO - Raspberry Pi verisi işlendi: SENSOR_7 = 1278.000V
2025-11-16 15:29:47 - spektroskopi - INFO - Raspberry Pi'dan veri alındı: 6e400002-b5a3-f393-e0a9-e50e24dcca9e (Handle: 19): Nordic UART RX, uzunluk: 2
2025-11-16 15:29:47 - spektroskopi - INFO - Raspberry Pi verisi: Ham=3256, Voltaj=3256.000V
2025-11-16 15:29:47 - spektroskopi - INFO - Raspberry Pi verisi işlendi: SENSOR_2 = 3256.000V
2025-11-16 15:29:47 - spektroskopi - INFO - Raspberry Pi'dan veri alındı: 6e400005-b5a3-f393-e0a9-e50e24dcca9e (Handle: 16): Unknown, uzunluk: 2
2025-11-16 15:29:47 - spektroskopi - INFO - Raspberry Pi verisi: Ham=3256, Voltaj=3256.000V
2025-11-16 15:29:47 - spektroskopi - INFO - Raspberry Pi verisi işlendi: SENSOR_EXTRA = 3256.000V
2025-11-16 15:29:47 - spektroskopi - INFO - Raspberry Pi'dan veri alındı: 6e400003-b5a3-f393-e0a9-e50e24dcca9e (Handle: 8): Nordic UART TX, uzunluk: 2
2025-11-16 15:29:47 - spektroskopi - INFO - Raspberry Pi verisi: Ham=1598, Voltaj=1598.000V
2025-11-16 15:29:47 - spektroskopi - INFO - Raspberry Pi verisi işlendi: SENSOR_5 = 1598.000V
2025-11-16 15:29:47 - spektroskopi - INFO - Raspberry Pi'dan veri alındı: 6e400004-b5a3-f393-e0a9-e50e24dcca9e (Handle: 11): Unknown, uzunluk: 2
2025-11-16 15:29:47 - spektroskopi - INFO - Raspberry Pi verisi: Ham=1281, Voltaj=1281.000V
2025-11-16 15:29:47 - spektroskopi - INFO - Raspberry Pi verisi işlendi: SENSOR_7 = 1281.000V
2025-11-16 15:29:47 - spektroskopi - INFO - Raspberry Pi'dan veri alındı: 6e400002-b5a3-f393-e0a9-e50e24dcca9e (Handle: 19): Nordic UART RX, uzunluk: 2
2025-11-16 15:29:47 - spektroskopi - INFO - Raspberry Pi verisi: Ham=3256, Voltaj=3256.000V
2025-11-16 15:29:47 - spektroskopi - INFO - Raspberry Pi verisi işlendi: SENSOR_2 = 3256.000V
2025-11-16 15:29:47 - spektroskopi - INFO - Raspberry Pi'dan veri alındı: 6e400005-b5a3-f393-e0a9-e50e24dcca9e (Handle: 16): Unknown, uzunluk: 2
2025-11-16 15:29:47 - spektroskopi - INFO - Raspberry Pi verisi: Ham=3256, Voltaj=3256.000V
2025-11-16 15:29:47 - spektroskopi - INFO - Raspberry Pi verisi işlendi: SENSOR_EXTRA = 3256.000V
2025-11-16 15:29:47 - spektroskopi - INFO - Raspberry Pi'dan veri alındı: 6e400003-b5a3-f393-e0a9-e50e24dcca9e (Handle: 8): Nordic UART TX, uzunluk: 2
2025-11-16 15:29:47 - spektroskopi - INFO - Raspberry Pi verisi: Ham=1601, Voltaj=1601.000V
2025-11-16 15:29:47 - spektroskopi - INFO - Raspberry Pi verisi işlendi: SENSOR_5 = 1601.000V
2025-11-16 15:29:47 - spektroskopi - INFO - Raspberry Pi'dan veri alındı: 6e400004-b5a3-f393-e0a9-e50e24dcca9e (Handle: 11): Unknown, uzunluk: 2
2025-11-16 15:29:47 - spektroskopi - INFO - Raspberry Pi verisi: Ham=1285, Voltaj=1285.000V
2025-11-16 15:29:47 - spektroskopi - INFO - Raspberry Pi verisi işlendi: SENSOR_7 = 1285.000V
2025-11-16 15:29:48 - spektroskopi - INFO - Raspberry Pi'dan veri alındı: 6e400002-b5a3-f393-e0a9-e50e24dcca9e (Handle: 19): Nordic UART RX, uzunluk: 2
2025-11-16 15:29:48 - spektroskopi - INFO - Raspberry Pi verisi: Ham=3256, Voltaj=3256.000V
2025-11-16 15:29:48 - spektroskopi - INFO - Raspberry Pi verisi işlendi: SENSOR_2 = 3256.000V
2025-11-16 15:29:48 - spektroskopi - INFO - Raspberry Pi'dan veri alındı: 6e400005-b5a3-f393-e0a9-e50e24dcca9e (Handle: 16): Unknown, uzunluk: 2
2025-11-16 15:29:48 - spektroskopi - INFO - Raspberry Pi verisi: Ham=3256, Voltaj=3256.000V
2025-11-16 15:29:48 - spektroskopi - INFO - Raspberry Pi verisi işlendi: SENSOR_EXTRA = 3256.000V
2025-11-16 15:29:48 - spektroskopi - INFO - Raspberry Pi'dan veri alındı: 6e400003-b5a3-f393-e0a9-e50e24dcca9e (Handle: 8): Nordic UART TX, uzunluk: 2
2025-11-16 15:29:48 - spektroskopi - INFO - Raspberry Pi verisi: Ham=1600, Voltaj=1600.000V
2025-11-16 15:29:48 - spektroskopi - INFO - Raspberry Pi verisi işlendi: SENSOR_5 = 1600.000V
2025-11-16 15:29:48 - spektroskopi - WARNING - Zaman sıralama düzeltildi: 2025-11-16 15:29:48.228962
2025-11-16 15:29:48 - spektroskopi - WARNING - Zaman sıralama düzeltildi: 2025-11-16 15:29:48.229962
2025-11-16 15:29:48 - spektroskopi - WARNING - Zaman sıralama düzeltildi: 2025-11-16 15:29:48.230962
2025-11-16 15:29:48 - spektroskopi - WARNING - Zaman sıralama düzeltildi: 2025-11-16 15:29:48.231962
2025-11-16 15:29:48 - spektroskopi - WARNING - Zaman sıralama düzeltildi: 2025-11-16 15:29:48.232962
2025-11-16 15:29:48 - spektroskopi - WARNING - Zaman sıralama düzeltildi: 2025-11-16 15:29:48.233962
2025-11-16 15:29:48 - spektroskopi - WARNING - Zaman sıralama düzeltildi: 2025-11-16 15:29:48.234962
2025-11-16 15:29:48 - spektroskopi - WARNING - Zaman sıralama düzeltildi: 2025-11-16 15:29:48.235962
2025-11-16 15:29:48 - spektroskopi - WARNING - Zaman sıralama düzeltildi: 2025-11-16 15:29:48.236962
2025-11-16 15:29:48 - spektroskopi - WARNING - Zaman sıralama düzeltildi: 2025-11-16 15:29:48.237962
2025-11-16 15:29:48 - spektroskopi - WARNING - Zaman sıralama düzeltildi: 2025-11-16 15:29:48.238962
2025-11-16 15:29:48 - spektroskopi - WARNING - Zaman sıralama düzeltildi: 2025-11-16 15:29:48.239962
2025-11-16 15:29:48 - spektroskopi - INFO - Raspberry Pi'dan veri alındı: 6e400004-b5a3-f393-e0a9-e50e24dcca9e (Handle: 11): Unknown, uzunluk: 2
2025-11-16 15:29:48 - spektroskopi - INFO - Raspberry Pi verisi: Ham=1282, Voltaj=1282.000V
2025-11-16 15:29:48 - spektroskopi - INFO - Raspberry Pi verisi işlendi: SENSOR_7 = 1282.000V
2025-11-16 15:29:48 - spektroskopi - INFO - Raspberry Pi'dan veri alındı: 6e400002-b5a3-f393-e0a9-e50e24dcca9e (Handle: 19): Nordic UART RX, uzunluk: 2
2025-11-16 15:29:48 - spektroskopi - INFO - Raspberry Pi verisi: Ham=3256, Voltaj=3256.000V
2025-11-16 15:29:48 - spektroskopi - INFO - Raspberry Pi verisi işlendi: SENSOR_2 = 3256.000V
2025-11-16 15:29:48 - spektroskopi - INFO - Raspberry Pi'dan veri alındı: 6e400005-b5a3-f393-e0a9-e50e24dcca9e (Handle: 16): Unknown, uzunluk: 2
2025-11-16 15:29:48 - spektroskopi - INFO - Raspberry Pi verisi: Ham=3255, Voltaj=3255.000V
2025-11-16 15:29:48 - spektroskopi - INFO - Raspberry Pi verisi işlendi: SENSOR_EXTRA = 3255.000V
2025-11-16 15:29:48 - spektroskopi - INFO - Raspberry Pi'dan veri alındı: 6e400003-b5a3-f393-e0a9-e50e24dcca9e (Handle: 8): Nordic UART TX, uzunluk: 2
2025-11-16 15:29:48 - spektroskopi - INFO - Raspberry Pi verisi: Ham=1595, Voltaj=1595.000V
2025-11-16 15:29:48 - spektroskopi - INFO - Raspberry Pi verisi işlendi: SENSOR_5 = 1595.000V
2025-11-16 15:29:48 - spektroskopi - INFO - Raspberry Pi'dan veri alındı: 6e400004-b5a3-f393-e0a9-e50e24dcca9e (Handle: 11): Unknown, uzunluk: 2
2025-11-16 15:29:48 - spektroskopi - INFO - Raspberry Pi verisi: Ham=1278, Voltaj=1278.000V
2025-11-16 15:29:48 - spektroskopi - INFO - Raspberry Pi verisi işlendi: SENSOR_7 = 1278.000V
2025-11-16 15:29:48 - spektroskopi - INFO - Raspberry Pi'dan veri alındı: 6e400002-b5a3-f393-e0a9-e50e24dcca9e (Handle: 19): Nordic UART RX, uzunluk: 2
2025-11-16 15:29:48 - spektroskopi - INFO - Raspberry Pi verisi: Ham=3256, Voltaj=3256.000V
2025-11-16 15:29:48 - spektroskopi - INFO - Raspberry Pi verisi işlendi: SENSOR_2 = 3256.000V
2025-11-16 15:29:48 - spektroskopi - INFO - Raspberry Pi'dan veri alındı: 6e400005-b5a3-f393-e0a9-e50e24dcca9e (Handle: 16): Unknown, uzunluk: 2
2025-11-16 15:29:48 - spektroskopi - INFO - Raspberry Pi verisi: Ham=3256, Voltaj=3256.000V
2025-11-16 15:29:48 - spektroskopi - INFO - Raspberry Pi verisi işlendi: SENSOR_EXTRA = 3256.000V
2025-11-16 15:29:48 - spektroskopi - INFO - Raspberry Pi'dan veri alındı: 6e400003-b5a3-f393-e0a9-e50e24dcca9e (Handle: 8): Nordic UART TX, uzunluk: 2
2025-11-16 15:29:48 - spektroskopi - INFO - Raspberry Pi verisi: Ham=1595, Voltaj=1595.000V
2025-11-16 15:29:48 - spektroskopi - INFO - Raspberry Pi verisi işlendi: SENSOR_5 = 1595.000V
2025-11-16 15:29:48 - spektroskopi - INFO - Raspberry Pi'dan veri alındı: 6e400004-b5a3-f393-e0a9-e50e24dcca9e (Handle: 11): Unknown, uzunluk: 2
2025-11-16 15:29:48 - spektroskopi - INFO - Raspberry Pi verisi: Ham=1279, Voltaj=1279.000V
2025-11-16 15:29:48 - spektroskopi - INFO - Raspberry Pi verisi işlendi: SENSOR_7 = 1279.000V
2025-11-16 15:29:49 - spektroskopi - INFO - Raspberry Pi'dan veri alındı: 6e400002-b5a3-f393-e0a9-e50e24dcca9e (Handle: 19): Nordic UART RX, uzunluk: 2
2025-11-16 15:29:49 - spektroskopi - INFO - Raspberry Pi verisi: Ham=3256, Voltaj=3256.000V
2025-11-16 15:29:49 - spektroskopi - INFO - Raspberry Pi verisi işlendi: SENSOR_2 = 3256.000V
2025-11-16 15:29:49 - spektroskopi - INFO - Raspberry Pi'dan veri alındı: 6e400005-b5a3-f393-e0a9-e50e24dcca9e (Handle: 16): Unknown, uzunluk: 2
2025-11-16 15:29:49 - spektroskopi - INFO - Raspberry Pi verisi: Ham=3256, Voltaj=3256.000V
2025-11-16 15:29:49 - spektroskopi - INFO - Raspberry Pi verisi işlendi: SENSOR_EXTRA = 3256.000V
2025-11-16 15:29:49 - spektroskopi - INFO - Raspberry Pi'dan veri alındı: 6e400003-b5a3-f393-e0a9-e50e24dcca9e (Handle: 8): Nordic UART TX, uzunluk: 2
2025-11-16 15:29:49 - spektroskopi - INFO - Raspberry Pi verisi: Ham=1596, Voltaj=1596.000V
2025-11-16 15:29:49 - spektroskopi - INFO - Raspberry Pi verisi işlendi: SENSOR_5 = 1596.000V
2025-11-16 15:29:49 - spektroskopi - WARNING - Zaman sıralama düzeltildi: 2025-11-16 15:29:49.219110
2025-11-16 15:29:49 - spektroskopi - WARNING - Zaman sıralama düzeltildi: 2025-11-16 15:29:49.220110
2025-11-16 15:29:49 - spektroskopi - WARNING - Zaman sıralama düzeltildi: 2025-11-16 15:29:49.221110
2025-11-16 15:29:49 - spektroskopi - WARNING - Zaman sıralama düzeltildi: 2025-11-16 15:29:49.222110
2025-11-16 15:29:49 - spektroskopi - WARNING - Zaman sıralama düzeltildi: 2025-11-16 15:29:49.223110
2025-11-16 15:29:49 - spektroskopi - WARNING - Zaman sıralama düzeltildi: 2025-11-16 15:29:49.224110
2025-11-16 15:29:49 - spektroskopi - WARNING - Zaman sıralama düzeltildi: 2025-11-16 15:29:49.225110
2025-11-16 15:29:49 - spektroskopi - WARNING - Zaman sıralama düzeltildi: 2025-11-16 15:29:49.226110
2025-11-16 15:29:49 - spektroskopi - WARNING - Zaman sıralama düzeltildi: 2025-11-16 15:29:49.227110
2025-11-16 15:29:49 - spektroskopi - WARNING - Zaman sıralama düzeltildi: 2025-11-16 15:29:49.228110
2025-11-16 15:29:49 - spektroskopi - WARNING - Zaman sıralama düzeltildi: 2025-11-16 15:29:49.229110
2025-11-16 15:29:49 - spektroskopi - WARNING - Zaman sıralama düzeltildi: 2025-11-16 15:29:49.230110
2025-11-16 15:29:49 - spektroskopi - INFO - Raspberry Pi'dan veri alındı: 6e400004-b5a3-f393-e0a9-e50e24dcca9e (Handle: 11): Unknown, uzunluk: 2
2025-11-16 15:29:49 - spektroskopi - INFO - Raspberry Pi verisi: Ham=1279, Voltaj=1279.000V
2025-11-16 15:29:49 - spektroskopi - INFO - Raspberry Pi verisi işlendi: SENSOR_7 = 1279.000V
2025-11-16 15:29:49 - spektroskopi - INFO - Raspberry Pi'dan veri alındı: 6e400002-b5a3-f393-e0a9-e50e24dcca9e (Handle: 19): Nordic UART RX, uzunluk: 2
2025-11-16 15:29:49 - spektroskopi - INFO - Raspberry Pi verisi: Ham=3256, Voltaj=3256.000V
2025-11-16 15:29:49 - spektroskopi - INFO - Raspberry Pi verisi işlendi: SENSOR_2 = 3256.000V
2025-11-16 15:29:49 - spektroskopi - INFO - Raspberry Pi'dan veri alındı: 6e400005-b5a3-f393-e0a9-e50e24dcca9e (Handle: 16): Unknown, uzunluk: 2
2025-11-16 15:29:49 - spektroskopi - INFO - Raspberry Pi verisi: Ham=3256, Voltaj=3256.000V
2025-11-16 15:29:49 - spektroskopi - INFO - Raspberry Pi verisi işlendi: SENSOR_EXTRA = 3256.000V
2025-11-16 15:29:49 - spektroskopi - INFO - Raspberry Pi'dan veri alındı: 6e400003-b5a3-f393-e0a9-e50e24dcca9e (Handle: 8): Nordic UART TX, uzunluk: 2
2025-11-16 15:29:49 - spektroskopi - INFO - Raspberry Pi verisi: Ham=1595, Voltaj=1595.000V
2025-11-16 15:29:49 - spektroskopi - INFO - Raspberry Pi verisi işlendi: SENSOR_5 = 1595.000V
2025-11-16 15:29:49 - spektroskopi - INFO - Raspberry Pi'dan veri alındı: 6e400004-b5a3-f393-e0a9-e50e24dcca9e (Handle: 11): Unknown, uzunluk: 2
2025-11-16 15:29:49 - spektroskopi - INFO - Raspberry Pi verisi: Ham=1278, Voltaj=1278.000V
2025-11-16 15:29:49 - spektroskopi - INFO - Raspberry Pi verisi işlendi: SENSOR_7 = 1278.000V
2025-11-16 15:29:49 - spektroskopi - INFO - Raspberry Pi'dan veri alındı: 6e400002-b5a3-f393-e0a9-e50e24dcca9e (Handle: 19): Nordic UART RX, uzunluk: 2
2025-11-16 15:29:49 - spektroskopi - INFO - Raspberry Pi verisi: Ham=3256, Voltaj=3256.000V
2025-11-16 15:29:49 - spektroskopi - INFO - Raspberry Pi verisi işlendi: SENSOR_2 = 3256.000V
2025-11-16 15:29:49 - spektroskopi - INFO - Raspberry Pi'dan veri alındı: 6e400005-b5a3-f393-e0a9-e50e24dcca9e (Handle: 16): Unknown, uzunluk: 2
2025-11-16 15:29:49 - spektroskopi - INFO - Raspberry Pi verisi: Ham=3256, Voltaj=3256.000V
2025-11-16 15:29:49 - spektroskopi - INFO - Raspberry Pi verisi işlendi: SENSOR_EXTRA = 3256.000V
2025-11-16 15:29:49 - spektroskopi - INFO - Raspberry Pi'dan veri alındı: 6e400003-b5a3-f393-e0a9-e50e24dcca9e (Handle: 8): Nordic UART TX, uzunluk: 2
2025-11-16 15:29:49 - spektroskopi - INFO - Raspberry Pi verisi: Ham=1594, Voltaj=1594.000V
2025-11-16 15:29:49 - spektroskopi - INFO - Raspberry Pi verisi işlendi: SENSOR_5 = 1594.000V
2025-11-16 15:29:49 - spektroskopi - INFO - Raspberry Pi'dan veri alındı: 6e400004-b5a3-f393-e0a9-e50e24dcca9e (Handle: 11): Unknown, uzunluk: 2
2025-11-16 15:29:49 - spektroskopi - INFO - Raspberry Pi verisi: Ham=1276, Voltaj=1276.000V
2025-11-16 15:29:49 - spektroskopi - INFO - Raspberry Pi verisi işlendi: SENSOR_7 = 1276.000V
2025-11-16 15:29:50 - spektroskopi - INFO - Raspberry Pi'dan veri alındı: 6e400002-b5a3-f393-e0a9-e50e24dcca9e (Handle: 19): Nordic UART RX, uzunluk: 2
2025-11-16 15:29:50 - spektroskopi - INFO - Raspberry Pi verisi: Ham=3256, Voltaj=3256.000V
2025-11-16 15:29:50 - spektroskopi - INFO - Raspberry Pi verisi işlendi: SENSOR_2 = 3256.000V
2025-11-16 15:29:50 - spektroskopi - INFO - Raspberry Pi'dan veri alındı: 6e400005-b5a3-f393-e0a9-e50e24dcca9e (Handle: 16): Unknown, uzunluk: 2
2025-11-16 15:29:50 - spektroskopi - INFO - Raspberry Pi verisi: Ham=3255, Voltaj=3255.000V
2025-11-16 15:29:50 - spektroskopi - INFO - Raspberry Pi verisi işlendi: SENSOR_EXTRA = 3255.000V
2025-11-16 15:29:50 - spektroskopi - INFO - Raspberry Pi'dan veri alındı: 6e400003-b5a3-f393-e0a9-e50e24dcca9e (Handle: 8): Nordic UART TX, uzunluk: 2
2025-11-16 15:29:50 - spektroskopi - INFO - Raspberry Pi verisi: Ham=1592, Voltaj=1592.000V
2025-11-16 15:29:50 - spektroskopi - INFO - Raspberry Pi verisi işlendi: SENSOR_5 = 1592.000V
2025-11-16 15:29:50 - spektroskopi - WARNING - Zaman sıralama düzeltildi: 2025-11-16 15:29:50.238988
2025-11-16 15:29:50 - spektroskopi - WARNING - Zaman sıralama düzeltildi: 2025-11-16 15:29:50.239988
2025-11-16 15:29:50 - spektroskopi - WARNING - Zaman sıralama düzeltildi: 2025-11-16 15:29:50.240988
2025-11-16 15:29:50 - spektroskopi - WARNING - Zaman sıralama düzeltildi: 2025-11-16 15:29:50.241988
2025-11-16 15:29:50 - spektroskopi - WARNING - Zaman sıralama düzeltildi: 2025-11-16 15:29:50.242988
2025-11-16 15:29:50 - spektroskopi - WARNING - Zaman sıralama düzeltildi: 2025-11-16 15:29:50.243988
2025-11-16 15:29:50 - spektroskopi - WARNING - Zaman sıralama düzeltildi: 2025-11-16 15:29:50.244988
2025-11-16 15:29:50 - spektroskopi - WARNING - Zaman sıralama düzeltildi: 2025-11-16 15:29:50.245988
2025-11-16 15:29:50 - spektroskopi - WARNING - Zaman sıralama düzeltildi: 2025-11-16 15:29:50.246988
2025-11-16 15:29:50 - spektroskopi - WARNING - Zaman sıralama düzeltildi: 2025-11-16 15:29:50.247988
2025-11-16 15:29:50 - spektroskopi - WARNING - Zaman sıralama düzeltildi: 2025-11-16 15:29:50.248988
2025-11-16 15:29:50 - spektroskopi - WARNING - Zaman sıralama düzeltildi: 2025-11-16 15:29:50.249988
2025-11-16 15:29:50 - spektroskopi - INFO - Raspberry Pi'dan veri alındı: 6e400004-b5a3-f393-e0a9-e50e24dcca9e (Handle: 11): Unknown, uzunluk: 2
2025-11-16 15:29:50 - spektroskopi - INFO - Raspberry Pi verisi: Ham=1274, Voltaj=1274.000V
2025-11-16 15:29:50 - spektroskopi - INFO - Raspberry Pi verisi işlendi: SENSOR_7 = 1274.000V
2025-11-16 15:29:50 - spektroskopi - INFO - Raspberry Pi'dan veri alındı: 6e400002-b5a3-f393-e0a9-e50e24dcca9e (Handle: 19): Nordic UART RX, uzunluk: 2
2025-11-16 15:29:50 - spektroskopi - INFO - Raspberry Pi verisi: Ham=3255, Voltaj=3255.000V
2025-11-16 15:29:50 - spektroskopi - INFO - Raspberry Pi verisi işlendi: SENSOR_2 = 3255.000V
2025-11-16 15:29:50 - spektroskopi - INFO - Raspberry Pi'dan veri alındı: 6e400005-b5a3-f393-e0a9-e50e24dcca9e (Handle: 16): Unknown, uzunluk: 2
2025-11-16 15:29:50 - spektroskopi - INFO - Raspberry Pi verisi: Ham=3255, Voltaj=3255.000V
2025-11-16 15:29:50 - spektroskopi - INFO - Raspberry Pi verisi işlendi: SENSOR_EXTRA = 3255.000V
2025-11-16 15:29:50 - spektroskopi - INFO - Raspberry Pi'dan veri alındı: 6e400003-b5a3-f393-e0a9-e50e24dcca9e (Handle: 8): Nordic UART TX, uzunluk: 2
2025-11-16 15:29:50 - spektroskopi - INFO - Raspberry Pi verisi: Ham=1589, Voltaj=1589.000V
2025-11-16 15:29:50 - spektroskopi - INFO - Raspberry Pi verisi işlendi: SENSOR_5 = 1589.000V
2025-11-16 15:29:50 - spektroskopi - INFO - Raspberry Pi'dan veri alındı: 6e400004-b5a3-f393-e0a9-e50e24dcca9e (Handle: 11): Unknown, uzunluk: 2
2025-11-16 15:29:50 - spektroskopi - INFO - Raspberry Pi verisi: Ham=1272, Voltaj=1272.000V
2025-11-16 15:29:50 - spektroskopi - INFO - Raspberry Pi verisi işlendi: SENSOR_7 = 1272.000V
2025-11-16 15:29:50 - spektroskopi - INFO - Raspberry Pi'dan veri alındı: 6e400002-b5a3-f393-e0a9-e50e24dcca9e (Handle: 19): Nordic UART RX, uzunluk: 2
2025-11-16 15:29:50 - spektroskopi - INFO - Raspberry Pi verisi: Ham=3255, Voltaj=3255.000V
2025-11-16 15:29:50 - spektroskopi - INFO - Raspberry Pi verisi işlendi: SENSOR_2 = 3255.000V
2025-11-16 15:29:50 - spektroskopi - INFO - Raspberry Pi'dan veri alındı: 6e400005-b5a3-f393-e0a9-e50e24dcca9e (Handle: 16): Unknown, uzunluk: 2
2025-11-16 15:29:50 - spektroskopi - INFO - Raspberry Pi verisi: Ham=3256, Voltaj=3256.000V
2025-11-16 15:29:50 - spektroskopi - INFO - Raspberry Pi verisi işlendi: SENSOR_EXTRA = 3256.000V
2025-11-16 15:29:50 - spektroskopi - INFO - Raspberry Pi'dan veri alındı: 6e400003-b5a3-f393-e0a9-e50e24dcca9e (Handle: 8): Nordic UART TX, uzunluk: 2
2025-11-16 15:29:50 - spektroskopi - INFO - Raspberry Pi verisi: Ham=1588, Voltaj=1588.000V
2025-11-16 15:29:50 - spektroskopi - INFO - Raspberry Pi verisi işlendi: SENSOR_5 = 1588.000V
2025-11-16 15:29:50 - spektroskopi - INFO - Raspberry Pi'dan veri alındı: 6e400004-b5a3-f393-e0a9-e50e24dcca9e (Handle: 11): Unknown, uzunluk: 2
2025-11-16 15:29:50 - spektroskopi - INFO - Raspberry Pi verisi: Ham=1271, Voltaj=1271.000V
2025-11-16 15:29:50 - spektroskopi - INFO - Raspberry Pi verisi işlendi: SENSOR_7 = 1271.000V
2025-11-16 15:29:51 - spektroskopi - INFO - Raspberry Pi'dan veri alındı: 6e400002-b5a3-f393-e0a9-e50e24dcca9e (Handle: 19): Nordic UART RX, uzunluk: 2
2025-11-16 15:29:51 - spektroskopi - INFO - Raspberry Pi verisi: Ham=3256, Voltaj=3256.000V
2025-11-16 15:29:51 - spektroskopi - INFO - Raspberry Pi verisi işlendi: SENSOR_2 = 3256.000V
2025-11-16 15:29:51 - spektroskopi - INFO - Raspberry Pi'dan veri alındı: 6e400005-b5a3-f393-e0a9-e50e24dcca9e (Handle: 16): Unknown, uzunluk: 2
2025-11-16 15:29:51 - spektroskopi - INFO - Raspberry Pi verisi: Ham=3256, Voltaj=3256.000V
2025-11-16 15:29:51 - spektroskopi - INFO - Raspberry Pi verisi işlendi: SENSOR_EXTRA = 3256.000V
2025-11-16 15:29:51 - spektroskopi - INFO - Raspberry Pi'dan veri alındı: 6e400003-b5a3-f393-e0a9-e50e24dcca9e (Handle: 8): Nordic UART TX, uzunluk: 2
2025-11-16 15:29:51 - spektroskopi - INFO - Raspberry Pi verisi: Ham=1587, Voltaj=1587.000V
2025-11-16 15:29:51 - spektroskopi - INFO - Raspberry Pi verisi işlendi: SENSOR_5 = 1587.000V
2025-11-16 15:29:51 - spektroskopi - INFO - Raspberry Pi'dan veri alındı: 6e400004-b5a3-f393-e0a9-e50e24dcca9e (Handle: 11): Unknown, uzunluk: 2
2025-11-16 15:29:51 - spektroskopi - INFO - Raspberry Pi verisi: Ham=1270, Voltaj=1270.000V
2025-11-16 15:29:51 - spektroskopi - INFO - Raspberry Pi verisi işlendi: SENSOR_7 = 1270.000V
2025-11-16 15:29:51 - spektroskopi - WARNING - Zaman sıralama düzeltildi: 2025-11-16 15:29:51.288981
2025-11-16 15:29:51 - spektroskopi - WARNING - Zaman sıralama düzeltildi: 2025-11-16 15:29:51.289981
2025-11-16 15:29:51 - spektroskopi - WARNING - Zaman sıralama düzeltildi: 2025-11-16 15:29:51.290981
2025-11-16 15:29:51 - spektroskopi - WARNING - Zaman sıralama düzeltildi: 2025-11-16 15:29:51.291981
2025-11-16 15:29:51 - spektroskopi - WARNING - Zaman sıralama düzeltildi: 2025-11-16 15:29:51.292981
2025-11-16 15:29:51 - spektroskopi - WARNING - Zaman sıralama düzeltildi: 2025-11-16 15:29:51.293981
2025-11-16 15:29:51 - spektroskopi - WARNING - Zaman sıralama düzeltildi: 2025-11-16 15:29:51.294981
2025-11-16 15:29:51 - spektroskopi - WARNING - Zaman sıralama düzeltildi: 2025-11-16 15:29:51.295981
2025-11-16 15:29:51 - spektroskopi - WARNING - Zaman sıralama düzeltildi: 2025-11-16 15:29:51.296981
2025-11-16 15:29:51 - spektroskopi - WARNING - Zaman sıralama düzeltildi: 2025-11-16 15:29:51.297981
2025-11-16 15:29:51 - spektroskopi - WARNING - Zaman sıralama düzeltildi: 2025-11-16 15:29:51.298981
2025-11-16 15:29:51 - spektroskopi - WARNING - Zaman sıralama düzeltildi: 2025-11-16 15:29:51.299981
2025-11-16 15:29:51 - spektroskopi - WARNING - Zaman sıralama düzeltildi: 2025-11-16 15:29:51.300981
2025-11-16 15:29:51 - spektroskopi - INFO - Raspberry Pi'dan veri alındı: 6e400002-b5a3-f393-e0a9-e50e24dcca9e (Handle: 19): Nordic UART RX, uzunluk: 2
2025-11-16 15:29:51 - spektroskopi - INFO - Raspberry Pi verisi: Ham=3256, Voltaj=3256.000V
2025-11-16 15:29:51 - spektroskopi - INFO - Raspberry Pi verisi işlendi: SENSOR_2 = 3256.000V
2025-11-16 15:29:51 - spektroskopi - INFO - Raspberry Pi'dan veri alındı: 6e400005-b5a3-f393-e0a9-e50e24dcca9e (Handle: 16): Unknown, uzunluk: 2
2025-11-16 15:29:51 - spektroskopi - INFO - Raspberry Pi verisi: Ham=3256, Voltaj=3256.000V
2025-11-16 15:29:51 - spektroskopi - INFO - Raspberry Pi verisi işlendi: SENSOR_EXTRA = 3256.000V
2025-11-16 15:29:51 - spektroskopi - INFO - Raspberry Pi'dan veri alındı: 6e400003-b5a3-f393-e0a9-e50e24dcca9e (Handle: 8): Nordic UART TX, uzunluk: 2
2025-11-16 15:29:51 - spektroskopi - INFO - Raspberry Pi verisi: Ham=1587, Voltaj=1587.000V
2025-11-16 15:29:51 - spektroskopi - INFO - Raspberry Pi verisi işlendi: SENSOR_5 = 1587.000V
2025-11-16 15:29:51 - spektroskopi - INFO - Raspberry Pi'dan veri alındı: 6e400004-b5a3-f393-e0a9-e50e24dcca9e (Handle: 11): Unknown, uzunluk: 2
2025-11-16 15:29:51 - spektroskopi - INFO - Raspberry Pi verisi: Ham=1270, Voltaj=1270.000V
2025-11-16 15:29:51 - spektroskopi - INFO - Raspberry Pi verisi işlendi: SENSOR_7 = 1270.000V
2025-11-16 15:29:51 - spektroskopi - INFO - Raspberry Pi'dan veri alındı: 6e400002-b5a3-f393-e0a9-e50e24dcca9e (Handle: 19): Nordic UART RX, uzunluk: 2
2025-11-16 15:29:51 - spektroskopi - INFO - Raspberry Pi verisi: Ham=3256, Voltaj=3256.000V
2025-11-16 15:29:51 - spektroskopi - INFO - Raspberry Pi verisi işlendi: SENSOR_2 = 3256.000V
2025-11-16 15:29:51 - spektroskopi - INFO - Raspberry Pi'dan veri alındı: 6e400005-b5a3-f393-e0a9-e50e24dcca9e (Handle: 16): Unknown, uzunluk: 2
2025-11-16 15:29:51 - spektroskopi - INFO - Raspberry Pi verisi: Ham=3256, Voltaj=3256.000V
2025-11-16 15:29:51 - spektroskopi - INFO - Raspberry Pi verisi işlendi: SENSOR_EXTRA = 3256.000V
2025-11-16 15:29:51 - spektroskopi - INFO - Raspberry Pi'dan veri alındı: 6e400003-b5a3-f393-e0a9-e50e24dcca9e (Handle: 8): Nordic UART TX, uzunluk: 2
2025-11-16 15:29:51 - spektroskopi - INFO - Raspberry Pi verisi: Ham=1587, Voltaj=1587.000V
2025-11-16 15:29:51 - spektroskopi - INFO - Raspberry Pi verisi işlendi: SENSOR_5 = 1587.000V
2025-11-16 15:29:51 - spektroskopi - INFO - Raspberry Pi'dan veri alındı: 6e400004-b5a3-f393-e0a9-e50e24dcca9e (Handle: 11): Unknown, uzunluk: 2
2025-11-16 15:29:51 - spektroskopi - INFO - Raspberry Pi verisi: Ham=1270, Voltaj=1270.000V
2025-11-16 15:29:51 - spektroskopi - INFO - Raspberry Pi verisi işlendi: SENSOR_7 = 1270.000V
2025-11-16 15:29:52 - spektroskopi - INFO - Raspberry Pi'dan veri alındı: 6e400002-b5a3-f393-e0a9-e50e24dcca9e (Handle: 19): Nordic UART RX, uzunluk: 2
2025-11-16 15:29:52 - spektroskopi - INFO - Raspberry Pi verisi: Ham=3255, Voltaj=3255.000V
2025-11-16 15:29:52 - spektroskopi - INFO - Raspberry Pi verisi işlendi: SENSOR_2 = 3255.000V
2025-11-16 15:29:52 - spektroskopi - INFO - Raspberry Pi'dan veri alındı: 6e400005-b5a3-f393-e0a9-e50e24dcca9e (Handle: 16): Unknown, uzunluk: 2
2025-11-16 15:29:52 - spektroskopi - INFO - Raspberry Pi verisi: Ham=3255, Voltaj=3255.000V
2025-11-16 15:29:52 - spektroskopi - INFO - Raspberry Pi verisi işlendi: SENSOR_EXTRA = 3255.000V
2025-11-16 15:29:52 - spektroskopi - INFO - Raspberry Pi'dan veri alındı: 6e400003-b5a3-f393-e0a9-e50e24dcca9e (Handle: 8): Nordic UART TX, uzunluk: 2
2025-11-16 15:29:52 - spektroskopi - INFO - Raspberry Pi verisi: Ham=1586, Voltaj=1586.000V
2025-11-16 15:29:52 - spektroskopi - INFO - Raspberry Pi verisi işlendi: SENSOR_5 = 1586.000V
2025-11-16 15:29:52 - spektroskopi - WARNING - Zaman sıralama düzeltildi: 2025-11-16 15:29:52.219229
2025-11-16 15:29:52 - spektroskopi - WARNING - Zaman sıralama düzeltildi: 2025-11-16 15:29:52.220229
2025-11-16 15:29:52 - spektroskopi - WARNING - Zaman sıralama düzeltildi: 2025-11-16 15:29:52.221229
2025-11-16 15:29:52 - spektroskopi - WARNING - Zaman sıralama düzeltildi: 2025-11-16 15:29:52.222229
2025-11-16 15:29:52 - spektroskopi - WARNING - Zaman sıralama düzeltildi: 2025-11-16 15:29:52.223229
2025-11-16 15:29:52 - spektroskopi - WARNING - Zaman sıralama düzeltildi: 2025-11-16 15:29:52.224229
2025-11-16 15:29:52 - spektroskopi - WARNING - Zaman sıralama düzeltildi: 2025-11-16 15:29:52.225229
2025-11-16 15:29:52 - spektroskopi - WARNING - Zaman sıralama düzeltildi: 2025-11-16 15:29:52.226229
2025-11-16 15:29:52 - spektroskopi - WARNING - Zaman sıralama düzeltildi: 2025-11-16 15:29:52.227229
2025-11-16 15:29:52 - spektroskopi - WARNING - Zaman sıralama düzeltildi: 2025-11-16 15:29:52.228229
2025-11-16 15:29:52 - spektroskopi - WARNING - Zaman sıralama düzeltildi: 2025-11-16 15:29:52.229229
2025-11-16 15:29:52 - spektroskopi - INFO - Raspberry Pi'dan veri alındı: 6e400004-b5a3-f393-e0a9-e50e24dcca9e (Handle: 11): Unknown, uzunluk: 2
2025-11-16 15:29:52 - spektroskopi - INFO - Raspberry Pi verisi: Ham=1270, Voltaj=1270.000V
2025-11-16 15:29:52 - spektroskopi - INFO - Raspberry Pi verisi işlendi: SENSOR_7 = 1270.000V
2025-11-16 15:29:52 - spektroskopi - INFO - Raspberry Pi'dan veri alındı: 6e400002-b5a3-f393-e0a9-e50e24dcca9e (Handle: 19): Nordic UART RX, uzunluk: 2
2025-11-16 15:29:52 - spektroskopi - INFO - Raspberry Pi verisi: Ham=3255, Voltaj=3255.000V
2025-11-16 15:29:52 - spektroskopi - INFO - Raspberry Pi verisi işlendi: SENSOR_2 = 3255.000V
2025-11-16 15:29:52 - spektroskopi - INFO - Raspberry Pi'dan veri alındı: 6e400005-b5a3-f393-e0a9-e50e24dcca9e (Handle: 16): Unknown, uzunluk: 2
2025-11-16 15:29:52 - spektroskopi - INFO - Raspberry Pi verisi: Ham=3255, Voltaj=3255.000V
2025-11-16 15:29:52 - spektroskopi - INFO - Raspberry Pi verisi işlendi: SENSOR_EXTRA = 3255.000V
2025-11-16 15:29:52 - spektroskopi - INFO - Raspberry Pi'dan veri alındı: 6e400003-b5a3-f393-e0a9-e50e24dcca9e (Handle: 8): Nordic UART TX, uzunluk: 2
2025-11-16 15:29:52 - spektroskopi - INFO - Raspberry Pi verisi: Ham=1586, Voltaj=1586.000V
2025-11-16 15:29:52 - spektroskopi - INFO - Raspberry Pi verisi işlendi: SENSOR_5 = 1586.000V
2025-11-16 15:29:52 - spektroskopi - INFO - Raspberry Pi'dan veri alındı: 6e400004-b5a3-f393-e0a9-e50e24dcca9e (Handle: 11): Unknown, uzunluk: 2
2025-11-16 15:29:52 - spektroskopi - INFO - Raspberry Pi verisi: Ham=1271, Voltaj=1271.000V
2025-11-16 15:29:52 - spektroskopi - INFO - Raspberry Pi verisi işlendi: SENSOR_7 = 1271.000V
2025-11-16 15:29:52 - spektroskopi - INFO - Raspberry Pi'dan veri alındı: 6e400002-b5a3-f393-e0a9-e50e24dcca9e (Handle: 19): Nordic UART RX, uzunluk: 2
2025-11-16 15:29:52 - spektroskopi - INFO - Raspberry Pi verisi: Ham=3256, Voltaj=3256.000V
2025-11-16 15:29:52 - spektroskopi - INFO - Raspberry Pi verisi işlendi: SENSOR_2 = 3256.000V
2025-11-16 15:29:52 - spektroskopi - INFO - Raspberry Pi'dan veri alındı: 6e400005-b5a3-f393-e0a9-e50e24dcca9e (Handle: 16): Unknown, uzunluk: 2
2025-11-16 15:29:52 - spektroskopi - INFO - Raspberry Pi verisi: Ham=3255, Voltaj=3255.000V
2025-11-16 15:29:52 - spektroskopi - INFO - Raspberry Pi verisi işlendi: SENSOR_EXTRA = 3255.000V
2025-11-16 15:29:52 - spektroskopi - INFO - Raspberry Pi'dan veri alındı: 6e400003-b5a3-f393-e0a9-e50e24dcca9e (Handle: 8): Nordic UART TX, uzunluk: 2
2025-11-16 15:29:52 - spektroskopi - INFO - Raspberry Pi verisi: Ham=1584, Voltaj=1584.000V
2025-11-16 15:29:52 - spektroskopi - INFO - Raspberry Pi verisi işlendi: SENSOR_5 = 1584.000V
2025-11-16 15:29:52 - spektroskopi - INFO - Raspberry Pi'dan veri alındı: 6e400004-b5a3-f393-e0a9-e50e24dcca9e (Handle: 11): Unknown, uzunluk: 2
2025-11-16 15:29:52 - spektroskopi - INFO - Raspberry Pi verisi: Ham=1266, Voltaj=1266.000V
2025-11-16 15:29:52 - spektroskopi - INFO - Raspberry Pi verisi işlendi: SENSOR_7 = 1266.000V
2025-11-16 15:29:53 - spektroskopi - INFO - Raspberry Pi'dan veri alındı: 6e400002-b5a3-f393-e0a9-e50e24dcca9e (Handle: 19): Nordic UART RX, uzunluk: 2
2025-11-16 15:29:53 - spektroskopi - INFO - Raspberry Pi verisi: Ham=3255, Voltaj=3255.000V
2025-11-16 15:29:53 - spektroskopi - INFO - Raspberry Pi verisi işlendi: SENSOR_2 = 3255.000V
2025-11-16 15:29:53 - spektroskopi - INFO - Raspberry Pi'dan veri alındı: 6e400005-b5a3-f393-e0a9-e50e24dcca9e (Handle: 16): Unknown, uzunluk: 2
2025-11-16 15:29:53 - spektroskopi - INFO - Raspberry Pi verisi: Ham=3255, Voltaj=3255.000V
2025-11-16 15:29:53 - spektroskopi - INFO - Raspberry Pi verisi işlendi: SENSOR_EXTRA = 3255.000V
2025-11-16 15:29:53 - spektroskopi - INFO - Raspberry Pi'dan veri alındı: 6e400003-b5a3-f393-e0a9-e50e24dcca9e (Handle: 8): Nordic UART TX, uzunluk: 2
2025-11-16 15:29:53 - spektroskopi - INFO - Raspberry Pi verisi: Ham=1587, Voltaj=1587.000V
2025-11-16 15:29:53 - spektroskopi - INFO - Raspberry Pi verisi işlendi: SENSOR_5 = 1587.000V
2025-11-16 15:29:53 - spektroskopi - INFO - Raspberry Pi'dan veri alındı: 6e400004-b5a3-f393-e0a9-e50e24dcca9e (Handle: 11): Unknown, uzunluk: 2
2025-11-16 15:29:53 - spektroskopi - INFO - Raspberry Pi verisi: Ham=1270, Voltaj=1270.000V
2025-11-16 15:29:53 - spektroskopi - INFO - Raspberry Pi verisi işlendi: SENSOR_7 = 1270.000V
2025-11-16 15:29:53 - spektroskopi - WARNING - Zaman sıralama düzeltildi: 2025-11-16 15:29:53.299574
2025-11-16 15:29:53 - spektroskopi - WARNING - Zaman sıralama düzeltildi: 2025-11-16 15:29:53.300574
2025-11-16 15:29:53 - spektroskopi - WARNING - Zaman sıralama düzeltildi: 2025-11-16 15:29:53.301574
2025-11-16 15:29:53 - spektroskopi - WARNING - Zaman sıralama düzeltildi: 2025-11-16 15:29:53.302574
2025-11-16 15:29:53 - spektroskopi - WARNING - Zaman sıralama düzeltildi: 2025-11-16 15:29:53.303574
2025-11-16 15:29:53 - spektroskopi - WARNING - Zaman sıralama düzeltildi: 2025-11-16 15:29:53.304574
2025-11-16 15:29:53 - spektroskopi - WARNING - Zaman sıralama düzeltildi: 2025-11-16 15:29:53.305574
2025-11-16 15:29:53 - spektroskopi - WARNING - Zaman sıralama düzeltildi: 2025-11-16 15:29:53.306574
2025-11-16 15:29:53 - spektroskopi - WARNING - Zaman sıralama düzeltildi: 2025-11-16 15:29:53.307574
2025-11-16 15:29:53 - spektroskopi - WARNING - Zaman sıralama düzeltildi: 2025-11-16 15:29:53.308574
2025-11-16 15:29:53 - spektroskopi - WARNING - Zaman sıralama düzeltildi: 2025-11-16 15:29:53.309574
2025-11-16 15:29:53 - spektroskopi - WARNING - Zaman sıralama düzeltildi: 2025-11-16 15:29:53.310574
2025-11-16 15:29:53 - spektroskopi - WARNING - Zaman sıralama düzeltildi: 2025-11-16 15:29:53.311574
2025-11-16 15:29:53 - spektroskopi - INFO - Raspberry Pi'dan veri alındı: 6e400002-b5a3-f393-e0a9-e50e24dcca9e (Handle: 19): Nordic UART RX, uzunluk: 2
2025-11-16 15:29:53 - spektroskopi - INFO - Raspberry Pi verisi: Ham=3255, Voltaj=3255.000V
2025-11-16 15:29:53 - spektroskopi - INFO - Raspberry Pi verisi işlendi: SENSOR_2 = 3255.000V
2025-11-16 15:29:53 - spektroskopi - INFO - Raspberry Pi'dan veri alındı: 6e400005-b5a3-f393-e0a9-e50e24dcca9e (Handle: 16): Unknown, uzunluk: 2
2025-11-16 15:29:53 - spektroskopi - INFO - Raspberry Pi verisi: Ham=3255, Voltaj=3255.000V
2025-11-16 15:29:53 - spektroskopi - INFO - Raspberry Pi verisi işlendi: SENSOR_EXTRA = 3255.000V
2025-11-16 15:29:53 - spektroskopi - INFO - Raspberry Pi'dan veri alındı: 6e400003-b5a3-f393-e0a9-e50e24dcca9e (Handle: 8): Nordic UART TX, uzunluk: 2
2025-11-16 15:29:53 - spektroskopi - INFO - Raspberry Pi verisi: Ham=1591, Voltaj=1591.000V
2025-11-16 15:29:53 - spektroskopi - INFO - Raspberry Pi verisi işlendi: SENSOR_5 = 1591.000V
2025-11-16 15:29:53 - spektroskopi - INFO - Raspberry Pi'dan veri alındı: 6e400004-b5a3-f393-e0a9-e50e24dcca9e (Handle: 11): Unknown, uzunluk: 2
2025-11-16 15:29:53 - spektroskopi - INFO - Raspberry Pi verisi: Ham=1274, Voltaj=1274.000V
2025-11-16 15:29:53 - spektroskopi - INFO - Raspberry Pi verisi işlendi: SENSOR_7 = 1274.000V
2025-11-16 15:29:53 - spektroskopi - INFO - Raspberry Pi'dan veri alındı: 6e400002-b5a3-f393-e0a9-e50e24dcca9e (Handle: 19): Nordic UART RX, uzunluk: 2
2025-11-16 15:29:53 - spektroskopi - INFO - Raspberry Pi verisi: Ham=3255, Voltaj=3255.000V
2025-11-16 15:29:53 - spektroskopi - INFO - Raspberry Pi verisi işlendi: SENSOR_2 = 3255.000V
2025-11-16 15:29:53 - spektroskopi - INFO - Raspberry Pi'dan veri alındı: 6e400005-b5a3-f393-e0a9-e50e24dcca9e (Handle: 16): Unknown, uzunluk: 2
2025-11-16 15:29:53 - spektroskopi - INFO - Raspberry Pi verisi: Ham=3256, Voltaj=3256.000V
2025-11-16 15:29:53 - spektroskopi - INFO - Raspberry Pi verisi işlendi: SENSOR_EXTRA = 3256.000V
2025-11-16 15:29:53 - spektroskopi - INFO - Raspberry Pi'dan veri alındı: 6e400003-b5a3-f393-e0a9-e50e24dcca9e (Handle: 8): Nordic UART TX, uzunluk: 2
2025-11-16 15:29:53 - spektroskopi - INFO - Raspberry Pi verisi: Ham=1594, Voltaj=1594.000V
2025-11-16 15:29:53 - spektroskopi - INFO - Raspberry Pi verisi işlendi: SENSOR_5 = 1594.000V
2025-11-16 15:29:53 - spektroskopi - INFO - Raspberry Pi'dan veri alındı: 6e400004-b5a3-f393-e0a9-e50e24dcca9e (Handle: 11): Unknown, uzunluk: 2
2025-11-16 15:29:53 - spektroskopi - INFO - Raspberry Pi verisi: Ham=1277, Voltaj=1277.000V
2025-11-16 15:29:53 - spektroskopi - INFO - Raspberry Pi verisi işlendi: SENSOR_7 = 1277.000V
2025-11-16 15:29:54 - spektroskopi - INFO - Raspberry Pi'dan veri alındı: 6e400002-b5a3-f393-e0a9-e50e24dcca9e (Handle: 19): Nordic UART RX, uzunluk: 2
2025-11-16 15:29:54 - spektroskopi - INFO - Raspberry Pi verisi: Ham=3255, Voltaj=3255.000V
2025-11-16 15:29:54 - spektroskopi - INFO - Raspberry Pi verisi işlendi: SENSOR_2 = 3255.000V
2025-11-16 15:29:54 - spektroskopi - INFO - Raspberry Pi'dan veri alındı: 6e400005-b5a3-f393-e0a9-e50e24dcca9e (Handle: 16): Unknown, uzunluk: 2
2025-11-16 15:29:54 - spektroskopi - INFO - Raspberry Pi verisi: Ham=3256, Voltaj=3256.000V
2025-11-16 15:29:54 - spektroskopi - INFO - Raspberry Pi verisi işlendi: SENSOR_EXTRA = 3256.000V
2025-11-16 15:29:54 - spektroskopi - INFO - Raspberry Pi'dan veri alındı: 6e400003-b5a3-f393-e0a9-e50e24dcca9e (Handle: 8): Nordic UART TX, uzunluk: 2
2025-11-16 15:29:54 - spektroskopi - INFO - Raspberry Pi verisi: Ham=1605, Voltaj=1605.000V
2025-11-16 15:29:54 - spektroskopi - INFO - Raspberry Pi verisi işlendi: SENSOR_5 = 1605.000V
2025-11-16 15:29:54 - spektroskopi - INFO - Raspberry Pi'dan veri alındı: 6e400004-b5a3-f393-e0a9-e50e24dcca9e (Handle: 11): Unknown, uzunluk: 2
2025-11-16 15:29:54 - spektroskopi - INFO - Raspberry Pi verisi: Ham=1289, Voltaj=1289.000V
2025-11-16 15:29:54 - spektroskopi - INFO - Raspberry Pi verisi işlendi: SENSOR_7 = 1289.000V
2025-11-16 15:29:54 - spektroskopi - WARNING - Zaman sıralama düzeltildi: 2025-11-16 15:29:54.289424
2025-11-16 15:29:54 - spektroskopi - WARNING - Zaman sıralama düzeltildi: 2025-11-16 15:29:54.290424
2025-11-16 15:29:54 - spektroskopi - WARNING - Zaman sıralama düzeltildi: 2025-11-16 15:29:54.291424
2025-11-16 15:29:54 - spektroskopi - WARNING - Zaman sıralama düzeltildi: 2025-11-16 15:29:54.292424
2025-11-16 15:29:54 - spektroskopi - WARNING - Zaman sıralama düzeltildi: 2025-11-16 15:29:54.293424
2025-11-16 15:29:54 - spektroskopi - WARNING - Zaman sıralama düzeltildi: 2025-11-16 15:29:54.294424
2025-11-16 15:29:54 - spektroskopi - WARNING - Zaman sıralama düzeltildi: 2025-11-16 15:29:54.295424
2025-11-16 15:29:54 - spektroskopi - WARNING - Zaman sıralama düzeltildi: 2025-11-16 15:29:54.296424
2025-11-16 15:29:54 - spektroskopi - WARNING - Zaman sıralama düzeltildi: 2025-11-16 15:29:54.297424
2025-11-16 15:29:54 - spektroskopi - WARNING - Zaman sıralama düzeltildi: 2025-11-16 15:29:54.298424
2025-11-16 15:29:54 - spektroskopi - WARNING - Zaman sıralama düzeltildi: 2025-11-16 15:29:54.299424
2025-11-16 15:29:54 - spektroskopi - WARNING - Zaman sıralama düzeltildi: 2025-11-16 15:29:54.300424
2025-11-16 15:29:54 - spektroskopi - INFO - Raspberry Pi'dan veri alındı: 6e400002-b5a3-f393-e0a9-e50e24dcca9e (Handle: 19): Nordic UART RX, uzunluk: 2
2025-11-16 15:29:54 - spektroskopi - INFO - Raspberry Pi verisi: Ham=3256, Voltaj=3256.000V
2025-11-16 15:29:54 - spektroskopi - INFO - Raspberry Pi verisi işlendi: SENSOR_2 = 3256.000V
2025-11-16 15:29:54 - spektroskopi - INFO - Raspberry Pi'dan veri alındı: 6e400005-b5a3-f393-e0a9-e50e24dcca9e (Handle: 16): Unknown, uzunluk: 2
2025-11-16 15:29:54 - spektroskopi - INFO - Raspberry Pi verisi: Ham=3255, Voltaj=3255.000V
2025-11-16 15:29:54 - spektroskopi - INFO - Raspberry Pi verisi işlendi: SENSOR_EXTRA = 3255.000V
2025-11-16 15:29:54 - spektroskopi - INFO - Raspberry Pi'dan veri alındı: 6e400003-b5a3-f393-e0a9-e50e24dcca9e (Handle: 8): Nordic UART TX, uzunluk: 2
2025-11-16 15:29:54 - spektroskopi - INFO - Raspberry Pi verisi: Ham=1596, Voltaj=1596.000V
2025-11-16 15:29:54 - spektroskopi - INFO - Raspberry Pi verisi işlendi: SENSOR_5 = 1596.000V
2025-11-16 15:29:54 - spektroskopi - INFO - Raspberry Pi'dan veri alındı: 6e400004-b5a3-f393-e0a9-e50e24dcca9e (Handle: 11): Unknown, uzunluk: 2
2025-11-16 15:29:54 - spektroskopi - INFO - Raspberry Pi verisi: Ham=1281, Voltaj=1281.000V
2025-11-16 15:29:54 - spektroskopi - INFO - Raspberry Pi verisi işlendi: SENSOR_7 = 1281.000V
2025-11-16 15:29:54 - spektroskopi - INFO - Raspberry Pi'dan veri alındı: 6e400002-b5a3-f393-e0a9-e50e24dcca9e (Handle: 19): Nordic UART RX, uzunluk: 2
2025-11-16 15:29:54 - spektroskopi - INFO - Raspberry Pi verisi: Ham=3255, Voltaj=3255.000V
2025-11-16 15:29:54 - spektroskopi - INFO - Raspberry Pi verisi işlendi: SENSOR_2 = 3255.000V
2025-11-16 15:29:54 - spektroskopi - INFO - Raspberry Pi'dan veri alındı: 6e400005-b5a3-f393-e0a9-e50e24dcca9e (Handle: 16): Unknown, uzunluk: 2
2025-11-16 15:29:54 - spektroskopi - INFO - Raspberry Pi verisi: Ham=3255, Voltaj=3255.000V
2025-11-16 15:29:54 - spektroskopi - INFO - Raspberry Pi verisi işlendi: SENSOR_EXTRA = 3255.000V
2025-11-16 15:29:54 - spektroskopi - INFO - Raspberry Pi'dan veri alındı: 6e400003-b5a3-f393-e0a9-e50e24dcca9e (Handle: 8): Nordic UART TX, uzunluk: 2
2025-11-16 15:29:54 - spektroskopi - INFO - Raspberry Pi verisi: Ham=1606, Voltaj=1606.000V
2025-11-16 15:29:54 - spektroskopi - INFO - Raspberry Pi verisi işlendi: SENSOR_5 = 1606.000V
2025-11-16 15:29:54 - spektroskopi - INFO - Raspberry Pi'dan veri alındı: 6e400004-b5a3-f393-e0a9-e50e24dcca9e (Handle: 11): Unknown, uzunluk: 2
2025-11-16 15:29:54 - spektroskopi - INFO - Raspberry Pi verisi: Ham=1290, Voltaj=1290.000V
2025-11-16 15:29:54 - spektroskopi - INFO - Raspberry Pi verisi işlendi: SENSOR_7 = 1290.000V
2025-11-16 15:29:55 - spektroskopi - INFO - Raspberry Pi'dan veri alındı: 6e400002-b5a3-f393-e0a9-e50e24dcca9e (Handle: 19): Nordic UART RX, uzunluk: 2
2025-11-16 15:29:55 - spektroskopi - INFO - Raspberry Pi verisi: Ham=3255, Voltaj=3255.000V
2025-11-16 15:29:55 - spektroskopi - INFO - Raspberry Pi verisi işlendi: SENSOR_2 = 3255.000V
2025-11-16 15:29:55 - spektroskopi - INFO - Raspberry Pi'dan veri alındı: 6e400005-b5a3-f393-e0a9-e50e24dcca9e (Handle: 16): Unknown, uzunluk: 2
2025-11-16 15:29:55 - spektroskopi - INFO - Raspberry Pi verisi: Ham=3255, Voltaj=3255.000V
2025-11-16 15:29:55 - spektroskopi - INFO - Raspberry Pi verisi işlendi: SENSOR_EXTRA = 3255.000V
2025-11-16 15:29:55 - spektroskopi - INFO - Raspberry Pi'dan veri alındı: 6e400003-b5a3-f393-e0a9-e50e24dcca9e (Handle: 8): Nordic UART TX, uzunluk: 2
2025-11-16 15:29:55 - spektroskopi - INFO - Raspberry Pi verisi: Ham=1608, Voltaj=1608.000V
2025-11-16 15:29:55 - spektroskopi - INFO - Raspberry Pi verisi işlendi: SENSOR_5 = 1608.000V
2025-11-16 15:29:55 - spektroskopi - WARNING - Zaman sıralama düzeltildi: 2025-11-16 15:29:55.219298
2025-11-16 15:29:55 - spektroskopi - WARNING - Zaman sıralama düzeltildi: 2025-11-16 15:29:55.220298
2025-11-16 15:29:55 - spektroskopi - WARNING - Zaman sıralama düzeltildi: 2025-11-16 15:29:55.221298
2025-11-16 15:29:55 - spektroskopi - WARNING - Zaman sıralama düzeltildi: 2025-11-16 15:29:55.222298
2025-11-16 15:29:55 - spektroskopi - WARNING - Zaman sıralama düzeltildi: 2025-11-16 15:29:55.223298
2025-11-16 15:29:55 - spektroskopi - WARNING - Zaman sıralama düzeltildi: 2025-11-16 15:29:55.224298
2025-11-16 15:29:55 - spektroskopi - WARNING - Zaman sıralama düzeltildi: 2025-11-16 15:29:55.225298
2025-11-16 15:29:55 - spektroskopi - WARNING - Zaman sıralama düzeltildi: 2025-11-16 15:29:55.226298
2025-11-16 15:29:55 - spektroskopi - WARNING - Zaman sıralama düzeltildi: 2025-11-16 15:29:55.227298
2025-11-16 15:29:55 - spektroskopi - WARNING - Zaman sıralama düzeltildi: 2025-11-16 15:29:55.228298
2025-11-16 15:29:55 - spektroskopi - WARNING - Zaman sıralama düzeltildi: 2025-11-16 15:29:55.229298
2025-11-16 15:29:55 - spektroskopi - INFO - Raspberry Pi'dan veri alındı: 6e400004-b5a3-f393-e0a9-e50e24dcca9e (Handle: 11): Unknown, uzunluk: 2
2025-11-16 15:29:55 - spektroskopi - INFO - Raspberry Pi verisi: Ham=1291, Voltaj=1291.000V
2025-11-16 15:29:55 - spektroskopi - INFO - Raspberry Pi verisi işlendi: SENSOR_7 = 1291.000V
2025-11-16 15:29:55 - spektroskopi - INFO - Raspberry Pi'dan veri alındı: 6e400002-b5a3-f393-e0a9-e50e24dcca9e (Handle: 19): Nordic UART RX, uzunluk: 2
2025-11-16 15:29:55 - spektroskopi - INFO - Raspberry Pi verisi: Ham=3255, Voltaj=3255.000V
2025-11-16 15:29:55 - spektroskopi - INFO - Raspberry Pi verisi işlendi: SENSOR_2 = 3255.000V
2025-11-16 15:29:55 - spektroskopi - INFO - Raspberry Pi'dan veri alındı: 6e400005-b5a3-f393-e0a9-e50e24dcca9e (Handle: 16): Unknown, uzunluk: 2
2025-11-16 15:29:55 - spektroskopi - INFO - Raspberry Pi verisi: Ham=3255, Voltaj=3255.000V
2025-11-16 15:29:55 - spektroskopi - INFO - Raspberry Pi verisi işlendi: SENSOR_EXTRA = 3255.000V
2025-11-16 15:29:55 - spektroskopi - INFO - Raspberry Pi'dan veri alındı: 6e400003-b5a3-f393-e0a9-e50e24dcca9e (Handle: 8): Nordic UART TX, uzunluk: 2
2025-11-16 15:29:55 - spektroskopi - INFO - Raspberry Pi verisi: Ham=1606, Voltaj=1606.000V
2025-11-16 15:29:55 - spektroskopi - INFO - Raspberry Pi verisi işlendi: SENSOR_5 = 1606.000V
2025-11-16 15:29:55 - spektroskopi - INFO - Raspberry Pi'dan veri alındı: 6e400004-b5a3-f393-e0a9-e50e24dcca9e (Handle: 11): Unknown, uzunluk: 2
2025-11-16 15:29:55 - spektroskopi - INFO - Raspberry Pi verisi: Ham=1288, Voltaj=1288.000V
2025-11-16 15:29:55 - spektroskopi - INFO - Raspberry Pi verisi işlendi: SENSOR_7 = 1288.000V
2025-11-16 15:29:55 - spektroskopi - INFO - Raspberry Pi'dan veri alındı: 6e400002-b5a3-f393-e0a9-e50e24dcca9e (Handle: 19): Nordic UART RX, uzunluk: 2
2025-11-16 15:29:55 - spektroskopi - INFO - Raspberry Pi verisi: Ham=3255, Voltaj=3255.000V
2025-11-16 15:29:55 - spektroskopi - INFO - Raspberry Pi verisi işlendi: SENSOR_2 = 3255.000V
2025-11-16 15:29:55 - spektroskopi - INFO - Raspberry Pi'dan veri alındı: 6e400005-b5a3-f393-e0a9-e50e24dcca9e (Handle: 16): Unknown, uzunluk: 2
2025-11-16 15:29:55 - spektroskopi - INFO - Raspberry Pi verisi: Ham=3255, Voltaj=3255.000V
2025-11-16 15:29:55 - spektroskopi - INFO - Raspberry Pi verisi işlendi: SENSOR_EXTRA = 3255.000V
2025-11-16 15:29:55 - spektroskopi - INFO - Raspberry Pi'dan veri alındı: 6e400003-b5a3-f393-e0a9-e50e24dcca9e (Handle: 8): Nordic UART TX, uzunluk: 2
2025-11-16 15:29:55 - spektroskopi - INFO - Raspberry Pi verisi: Ham=1600, Voltaj=1600.000V
2025-11-16 15:29:55 - spektroskopi - INFO - Raspberry Pi verisi işlendi: SENSOR_5 = 1600.000V
2025-11-16 15:29:55 - spektroskopi - INFO - Raspberry Pi'dan veri alındı: 6e400004-b5a3-f393-e0a9-e50e24dcca9e (Handle: 11): Unknown, uzunluk: 2
2025-11-16 15:29:55 - spektroskopi - INFO - Raspberry Pi verisi: Ham=1281, Voltaj=1281.000V
2025-11-16 15:29:55 - spektroskopi - INFO - Raspberry Pi verisi işlendi: SENSOR_7 = 1281.000V
2025-11-16 15:29:56 - spektroskopi - INFO - Raspberry Pi'dan veri alındı: 6e400002-b5a3-f393-e0a9-e50e24dcca9e (Handle: 19): Nordic UART RX, uzunluk: 2
2025-11-16 15:29:56 - spektroskopi - INFO - Raspberry Pi verisi: Ham=3255, Voltaj=3255.000V
2025-11-16 15:29:56 - spektroskopi - INFO - Raspberry Pi verisi işlendi: SENSOR_2 = 3255.000V
2025-11-16 15:29:56 - spektroskopi - INFO - Raspberry Pi'dan veri alındı: 6e400005-b5a3-f393-e0a9-e50e24dcca9e (Handle: 16): Unknown, uzunluk: 2
2025-11-16 15:29:56 - spektroskopi - INFO - Raspberry Pi verisi: Ham=3255, Voltaj=3255.000V
2025-11-16 15:29:56 - spektroskopi - INFO - Raspberry Pi verisi işlendi: SENSOR_EXTRA = 3255.000V
2025-11-16 15:29:56 - spektroskopi - INFO - Raspberry Pi'dan veri alındı: 6e400003-b5a3-f393-e0a9-e50e24dcca9e (Handle: 8): Nordic UART TX, uzunluk: 2
2025-11-16 15:29:56 - spektroskopi - INFO - Raspberry Pi verisi: Ham=1594, Voltaj=1594.000V
2025-11-16 15:29:56 - spektroskopi - INFO - Raspberry Pi verisi işlendi: SENSOR_5 = 1594.000V
2025-11-16 15:29:56 - spektroskopi - INFO - Raspberry Pi'dan veri alındı: 6e400004-b5a3-f393-e0a9-e50e24dcca9e (Handle: 11): Unknown, uzunluk: 2
2025-11-16 15:29:56 - spektroskopi - INFO - Raspberry Pi verisi: Ham=1278, Voltaj=1278.000V
2025-11-16 15:29:56 - spektroskopi - INFO - Raspberry Pi verisi işlendi: SENSOR_7 = 1278.000V
2025-11-16 15:29:56 - spektroskopi - WARNING - Zaman sıralama düzeltildi: 2025-11-16 15:29:56.299355
2025-11-16 15:29:56 - spektroskopi - WARNING - Zaman sıralama düzeltildi: 2025-11-16 15:29:56.300355
2025-11-16 15:29:56 - spektroskopi - WARNING - Zaman sıralama düzeltildi: 2025-11-16 15:29:56.301355
2025-11-16 15:29:56 - spektroskopi - WARNING - Zaman sıralama düzeltildi: 2025-11-16 15:29:56.302355
2025-11-16 15:29:56 - spektroskopi - WARNING - Zaman sıralama düzeltildi: 2025-11-16 15:29:56.303355
2025-11-16 15:29:56 - spektroskopi - WARNING - Zaman sıralama düzeltildi: 2025-11-16 15:29:56.304355
2025-11-16 15:29:56 - spektroskopi - WARNING - Zaman sıralama düzeltildi: 2025-11-16 15:29:56.305355
2025-11-16 15:29:56 - spektroskopi - WARNING - Zaman sıralama düzeltildi: 2025-11-16 15:29:56.306355
2025-11-16 15:29:56 - spektroskopi - WARNING - Zaman sıralama düzeltildi: 2025-11-16 15:29:56.307355
2025-11-16 15:29:56 - spektroskopi - WARNING - Zaman sıralama düzeltildi: 2025-11-16 15:29:56.308355
2025-11-16 15:29:56 - spektroskopi - WARNING - Zaman sıralama düzeltildi: 2025-11-16 15:29:56.309355
2025-11-16 15:29:56 - spektroskopi - WARNING - Zaman sıralama düzeltildi: 2025-11-16 15:29:56.310355
2025-11-16 15:29:56 - spektroskopi - WARNING - Zaman sıralama düzeltildi: 2025-11-16 15:29:56.311355
2025-11-16 15:29:56 - spektroskopi - INFO - Raspberry Pi'dan veri alındı: 6e400002-b5a3-f393-e0a9-e50e24dcca9e (Handle: 19): Nordic UART RX, uzunluk: 2
2025-11-16 15:29:56 - spektroskopi - INFO - Raspberry Pi verisi: Ham=3255, Voltaj=3255.000V
2025-11-16 15:29:56 - spektroskopi - INFO - Raspberry Pi verisi işlendi: SENSOR_2 = 3255.000V
2025-11-16 15:29:56 - spektroskopi - INFO - Raspberry Pi'dan veri alındı: 6e400005-b5a3-f393-e0a9-e50e24dcca9e (Handle: 16): Unknown, uzunluk: 2
2025-11-16 15:29:56 - spektroskopi - INFO - Raspberry Pi verisi: Ham=3255, Voltaj=3255.000V
2025-11-16 15:29:56 - spektroskopi - INFO - Raspberry Pi verisi işlendi: SENSOR_EXTRA = 3255.000V
2025-11-16 15:29:56 - spektroskopi - INFO - Raspberry Pi'dan veri alındı: 6e400003-b5a3-f393-e0a9-e50e24dcca9e (Handle: 8): Nordic UART TX, uzunluk: 2
2025-11-16 15:29:56 - spektroskopi - INFO - Raspberry Pi verisi: Ham=1595, Voltaj=1595.000V
2025-11-16 15:29:56 - spektroskopi - INFO - Raspberry Pi verisi işlendi: SENSOR_5 = 1595.000V
2025-11-16 15:29:56 - spektroskopi - INFO - Raspberry Pi'dan veri alındı: 6e400004-b5a3-f393-e0a9-e50e24dcca9e (Handle: 11): Unknown, uzunluk: 2
2025-11-16 15:29:56 - spektroskopi - INFO - Raspberry Pi verisi: Ham=1278, Voltaj=1278.000V
2025-11-16 15:29:56 - spektroskopi - INFO - Raspberry Pi verisi işlendi: SENSOR_7 = 1278.000V
2025-11-16 15:29:56 - spektroskopi - INFO - Raspberry Pi'dan veri alındı: 6e400002-b5a3-f393-e0a9-e50e24dcca9e (Handle: 19): Nordic UART RX, uzunluk: 2
2025-11-16 15:29:56 - spektroskopi - INFO - Raspberry Pi verisi: Ham=3255, Voltaj=3255.000V
2025-11-16 15:29:56 - spektroskopi - INFO - Raspberry Pi verisi işlendi: SENSOR_2 = 3255.000V
2025-11-16 15:29:56 - spektroskopi - INFO - Raspberry Pi'dan veri alındı: 6e400005-b5a3-f393-e0a9-e50e24dcca9e (Handle: 16): Unknown, uzunluk: 2
2025-11-16 15:29:56 - spektroskopi - INFO - Raspberry Pi verisi: Ham=3255, Voltaj=3255.000V
2025-11-16 15:29:56 - spektroskopi - INFO - Raspberry Pi verisi işlendi: SENSOR_EXTRA = 3255.000V
2025-11-16 15:29:56 - spektroskopi - INFO - Raspberry Pi'dan veri alındı: 6e400003-b5a3-f393-e0a9-e50e24dcca9e (Handle: 8): Nordic UART TX, uzunluk: 2
2025-11-16 15:29:56 - spektroskopi - INFO - Raspberry Pi verisi: Ham=1592, Voltaj=1592.000V
2025-11-16 15:29:56 - spektroskopi - INFO - Raspberry Pi verisi işlendi: SENSOR_5 = 1592.000V
2025-11-16 15:29:56 - spektroskopi - INFO - Raspberry Pi'dan veri alındı: 6e400004-b5a3-f393-e0a9-e50e24dcca9e (Handle: 11): Unknown, uzunluk: 2
2025-11-16 15:29:56 - spektroskopi - INFO - Raspberry Pi verisi: Ham=1275, Voltaj=1275.000V
2025-11-16 15:29:56 - spektroskopi - INFO - Raspberry Pi verisi işlendi: SENSOR_7 = 1275.000V
2025-11-16 15:29:57 - spektroskopi - INFO - Raspberry Pi'dan veri alındı: 6e400002-b5a3-f393-e0a9-e50e24dcca9e (Handle: 19): Nordic UART RX, uzunluk: 2
2025-11-16 15:29:57 - spektroskopi - INFO - Raspberry Pi verisi: Ham=3255, Voltaj=3255.000V
2025-11-16 15:29:57 - spektroskopi - INFO - Raspberry Pi verisi işlendi: SENSOR_2 = 3255.000V
2025-11-16 15:29:57 - spektroskopi - INFO - Raspberry Pi'dan veri alındı: 6e400005-b5a3-f393-e0a9-e50e24dcca9e (Handle: 16): Unknown, uzunluk: 2
2025-11-16 15:29:57 - spektroskopi - INFO - Raspberry Pi verisi: Ham=3255, Voltaj=3255.000V
2025-11-16 15:29:57 - spektroskopi - INFO - Raspberry Pi verisi işlendi: SENSOR_EXTRA = 3255.000V
2025-11-16 15:29:57 - spektroskopi - INFO - Raspberry Pi'dan veri alındı: 6e400003-b5a3-f393-e0a9-e50e24dcca9e (Handle: 8): Nordic UART TX, uzunluk: 2
2025-11-16 15:29:57 - spektroskopi - INFO - Raspberry Pi verisi: Ham=1593, Voltaj=1593.000V
2025-11-16 15:29:57 - spektroskopi - INFO - Raspberry Pi verisi işlendi: SENSOR_5 = 1593.000V
2025-11-16 15:29:57 - spektroskopi - INFO - Raspberry Pi'dan veri alındı: 6e400004-b5a3-f393-e0a9-e50e24dcca9e (Handle: 11): Unknown, uzunluk: 2
2025-11-16 15:29:57 - spektroskopi - INFO - Raspberry Pi verisi: Ham=1277, Voltaj=1277.000V
2025-11-16 15:29:57 - spektroskopi - INFO - Raspberry Pi verisi işlendi: SENSOR_7 = 1277.000V
2025-11-16 15:29:57 - spektroskopi - WARNING - Zaman sıralama düzeltildi: 2025-11-16 15:29:57.290240
2025-11-16 15:29:57 - spektroskopi - WARNING - Zaman sıralama düzeltildi: 2025-11-16 15:29:57.291240
2025-11-16 15:29:57 - spektroskopi - WARNING - Zaman sıralama düzeltildi: 2025-11-16 15:29:57.292240
2025-11-16 15:29:57 - spektroskopi - WARNING - Zaman sıralama düzeltildi: 2025-11-16 15:29:57.293240
2025-11-16 15:29:57 - spektroskopi - WARNING - Zaman sıralama düzeltildi: 2025-11-16 15:29:57.294240
2025-11-16 15:29:57 - spektroskopi - WARNING - Zaman sıralama düzeltildi: 2025-11-16 15:29:57.295240
2025-11-16 15:29:57 - spektroskopi - WARNING - Zaman sıralama düzeltildi: 2025-11-16 15:29:57.296240
2025-11-16 15:29:57 - spektroskopi - WARNING - Zaman sıralama düzeltildi: 2025-11-16 15:29:57.297240
2025-11-16 15:29:57 - spektroskopi - WARNING - Zaman sıralama düzeltildi: 2025-11-16 15:29:57.298240
2025-11-16 15:29:57 - spektroskopi - WARNING - Zaman sıralama düzeltildi: 2025-11-16 15:29:57.299240
2025-11-16 15:29:57 - spektroskopi - WARNING - Zaman sıralama düzeltildi: 2025-11-16 15:29:57.300240
2025-11-16 15:29:57 - spektroskopi - WARNING - Zaman sıralama düzeltildi: 2025-11-16 15:29:57.301240
2025-11-16 15:29:57 - spektroskopi - INFO - Raspberry Pi'dan veri alındı: 6e400002-b5a3-f393-e0a9-e50e24dcca9e (Handle: 19): Nordic UART RX, uzunluk: 2
2025-11-16 15:29:57 - spektroskopi - INFO - Raspberry Pi verisi: Ham=3255, Voltaj=3255.000V
2025-11-16 15:29:57 - spektroskopi - INFO - Raspberry Pi verisi işlendi: SENSOR_2 = 3255.000V
2025-11-16 15:29:57 - spektroskopi - INFO - Raspberry Pi'dan veri alındı: 6e400005-b5a3-f393-e0a9-e50e24dcca9e (Handle: 16): Unknown, uzunluk: 2
2025-11-16 15:29:57 - spektroskopi - INFO - Raspberry Pi verisi: Ham=3255, Voltaj=3255.000V
2025-11-16 15:29:57 - spektroskopi - INFO - Raspberry Pi verisi işlendi: SENSOR_EXTRA = 3255.000V
2025-11-16 15:29:57 - spektroskopi - INFO - Raspberry Pi'dan veri alındı: 6e400003-b5a3-f393-e0a9-e50e24dcca9e (Handle: 8): Nordic UART TX, uzunluk: 2
2025-11-16 15:29:57 - spektroskopi - INFO - Raspberry Pi verisi: Ham=1594, Voltaj=1594.000V
2025-11-16 15:29:57 - spektroskopi - INFO - Raspberry Pi verisi işlendi: SENSOR_5 = 1594.000V
2025-11-16 15:29:57 - spektroskopi - INFO - Raspberry Pi'dan veri alındı: 6e400004-b5a3-f393-e0a9-e50e24dcca9e (Handle: 11): Unknown, uzunluk: 2
2025-11-16 15:29:57 - spektroskopi - INFO - Raspberry Pi verisi: Ham=1278, Voltaj=1278.000V
2025-11-16 15:29:57 - spektroskopi - INFO - Raspberry Pi verisi işlendi: SENSOR_7 = 1278.000V
2025-11-16 15:29:57 - spektroskopi - INFO - Raspberry Pi'dan veri alındı: 6e400002-b5a3-f393-e0a9-e50e24dcca9e (Handle: 19): Nordic UART RX, uzunluk: 2
2025-11-16 15:29:57 - spektroskopi - INFO - Raspberry Pi verisi: Ham=3255, Voltaj=3255.000V
2025-11-16 15:29:57 - spektroskopi - INFO - Raspberry Pi verisi işlendi: SENSOR_2 = 3255.000V
2025-11-16 15:29:57 - spektroskopi - INFO - Raspberry Pi'dan veri alındı: 6e400005-b5a3-f393-e0a9-e50e24dcca9e (Handle: 16): Unknown, uzunluk: 2
2025-11-16 15:29:57 - spektroskopi - INFO - Raspberry Pi verisi: Ham=3255, Voltaj=3255.000V
2025-11-16 15:29:57 - spektroskopi - INFO - Raspberry Pi verisi işlendi: SENSOR_EXTRA = 3255.000V
2025-11-16 15:29:57 - spektroskopi - INFO - Raspberry Pi'dan veri alındı: 6e400003-b5a3-f393-e0a9-e50e24dcca9e (Handle: 8): Nordic UART TX, uzunluk: 2
2025-11-16 15:29:57 - spektroskopi - INFO - Raspberry Pi verisi: Ham=1597, Voltaj=1597.000V
2025-11-16 15:29:57 - spektroskopi - INFO - Raspberry Pi verisi işlendi: SENSOR_5 = 1597.000V
2025-11-16 15:29:57 - spektroskopi - INFO - Raspberry Pi'dan veri alındı: 6e400004-b5a3-f393-e0a9-e50e24dcca9e (Handle: 11): Unknown, uzunluk: 2
2025-11-16 15:29:57 - spektroskopi - INFO - Raspberry Pi verisi: Ham=1279, Voltaj=1279.000V
2025-11-16 15:29:57 - spektroskopi - INFO - Raspberry Pi verisi işlendi: SENSOR_7 = 1279.000V
2025-11-16 15:29:58 - spektroskopi - INFO - Raspberry Pi'dan veri alındı: 6e400002-b5a3-f393-e0a9-e50e24dcca9e (Handle: 19): Nordic UART RX, uzunluk: 2
2025-11-16 15:29:58 - spektroskopi - INFO - Raspberry Pi verisi: Ham=3255, Voltaj=3255.000V
2025-11-16 15:29:58 - spektroskopi - INFO - Raspberry Pi verisi işlendi: SENSOR_2 = 3255.000V
2025-11-16 15:29:58 - spektroskopi - INFO - Raspberry Pi'dan veri alındı: 6e400005-b5a3-f393-e0a9-e50e24dcca9e (Handle: 16): Unknown, uzunluk: 2
2025-11-16 15:29:58 - spektroskopi - INFO - Raspberry Pi verisi: Ham=3255, Voltaj=3255.000V
2025-11-16 15:29:58 - spektroskopi - INFO - Raspberry Pi verisi işlendi: SENSOR_EXTRA = 3255.000V
2025-11-16 15:29:58 - spektroskopi - INFO - Raspberry Pi'dan veri alındı: 6e400003-b5a3-f393-e0a9-e50e24dcca9e (Handle: 8): Nordic UART TX, uzunluk: 2
2025-11-16 15:29:58 - spektroskopi - INFO - Raspberry Pi verisi: Ham=1595, Voltaj=1595.000V
2025-11-16 15:29:58 - spektroskopi - INFO - Raspberry Pi verisi işlendi: SENSOR_5 = 1595.000V
2025-11-16 15:29:58 - spektroskopi - INFO - Raspberry Pi'dan veri alındı: 6e400004-b5a3-f393-e0a9-e50e24dcca9e (Handle: 11): Unknown, uzunluk: 2
2025-11-16 15:29:58 - spektroskopi - INFO - Raspberry Pi verisi: Ham=1279, Voltaj=1279.000V
2025-11-16 15:29:58 - spektroskopi - INFO - Raspberry Pi verisi işlendi: SENSOR_7 = 1279.000V
2025-11-16 15:29:58 - spektroskopi - WARNING - Zaman sıralama düzeltildi: 2025-11-16 15:29:58.309286
2025-11-16 15:29:58 - spektroskopi - WARNING - Zaman sıralama düzeltildi: 2025-11-16 15:29:58.310286
2025-11-16 15:29:58 - spektroskopi - WARNING - Zaman sıralama düzeltildi: 2025-11-16 15:29:58.311286
2025-11-16 15:29:58 - spektroskopi - WARNING - Zaman sıralama düzeltildi: 2025-11-16 15:29:58.312286
2025-11-16 15:29:58 - spektroskopi - WARNING - Zaman sıralama düzeltildi: 2025-11-16 15:29:58.313286
2025-11-16 15:29:58 - spektroskopi - WARNING - Zaman sıralama düzeltildi: 2025-11-16 15:29:58.314286
2025-11-16 15:29:58 - spektroskopi - WARNING - Zaman sıralama düzeltildi: 2025-11-16 15:29:58.315286
2025-11-16 15:29:58 - spektroskopi - WARNING - Zaman sıralama düzeltildi: 2025-11-16 15:29:58.316286
2025-11-16 15:29:58 - spektroskopi - WARNING - Zaman sıralama düzeltildi: 2025-11-16 15:29:58.317286
2025-11-16 15:29:58 - spektroskopi - WARNING - Zaman sıralama düzeltildi: 2025-11-16 15:29:58.318286
2025-11-16 15:29:58 - spektroskopi - WARNING - Zaman sıralama düzeltildi: 2025-11-16 15:29:58.319286
2025-11-16 15:29:58 - spektroskopi - WARNING - Zaman sıralama düzeltildi: 2025-11-16 15:29:58.320286
2025-11-16 15:29:58 - spektroskopi - INFO - Raspberry Pi'dan veri alındı: 6e400002-b5a3-f393-e0a9-e50e24dcca9e (Handle: 19): Nordic UART RX, uzunluk: 2
2025-11-16 15:29:58 - spektroskopi - INFO - Raspberry Pi verisi: Ham=3255, Voltaj=3255.000V
2025-11-16 15:29:58 - spektroskopi - INFO - Raspberry Pi verisi işlendi: SENSOR_2 = 3255.000V
2025-11-16 15:29:58 - spektroskopi - INFO - Raspberry Pi'dan veri alındı: 6e400005-b5a3-f393-e0a9-e50e24dcca9e (Handle: 16): Unknown, uzunluk: 2
2025-11-16 15:29:58 - spektroskopi - INFO - Raspberry Pi verisi: Ham=3255, Voltaj=3255.000V
2025-11-16 15:29:58 - spektroskopi - INFO - Raspberry Pi verisi işlendi: SENSOR_EXTRA = 3255.000V
2025-11-16 15:29:58 - spektroskopi - INFO - Raspberry Pi'dan veri alındı: 6e400003-b5a3-f393-e0a9-e50e24dcca9e (Handle: 8): Nordic UART TX, uzunluk: 2
2025-11-16 15:29:58 - spektroskopi - INFO - Raspberry Pi verisi: Ham=1596, Voltaj=1596.000V
2025-11-16 15:29:58 - spektroskopi - INFO - Raspberry Pi verisi işlendi: SENSOR_5 = 1596.000V
2025-11-16 15:29:58 - spektroskopi - INFO - Raspberry Pi'dan veri alındı: 6e400004-b5a3-f393-e0a9-e50e24dcca9e (Handle: 11): Unknown, uzunluk: 2
2025-11-16 15:29:58 - spektroskopi - INFO - Raspberry Pi verisi: Ham=1280, Voltaj=1280.000V
2025-11-16 15:29:58 - spektroskopi - INFO - Raspberry Pi verisi işlendi: SENSOR_7 = 1280.000V
2025-11-16 15:29:58 - spektroskopi - INFO - Raspberry Pi'dan veri alındı: 6e400002-b5a3-f393-e0a9-e50e24dcca9e (Handle: 19): Nordic UART RX, uzunluk: 2
2025-11-16 15:29:58 - spektroskopi - INFO - Raspberry Pi verisi: Ham=3255, Voltaj=3255.000V
2025-11-16 15:29:58 - spektroskopi - INFO - Raspberry Pi verisi işlendi: SENSOR_2 = 3255.000V
2025-11-16 15:29:58 - spektroskopi - INFO - Raspberry Pi'dan veri alındı: 6e400005-b5a3-f393-e0a9-e50e24dcca9e (Handle: 16): Unknown, uzunluk: 2
2025-11-16 15:29:58 - spektroskopi - INFO - Raspberry Pi verisi: Ham=3255, Voltaj=3255.000V
2025-11-16 15:29:58 - spektroskopi - INFO - Raspberry Pi verisi işlendi: SENSOR_EXTRA = 3255.000V
2025-11-16 15:29:58 - spektroskopi - INFO - Raspberry Pi'dan veri alındı: 6e400003-b5a3-f393-e0a9-e50e24dcca9e (Handle: 8): Nordic UART TX, uzunluk: 2
2025-11-16 15:29:58 - spektroskopi - INFO - Raspberry Pi verisi: Ham=1596, Voltaj=1596.000V
2025-11-16 15:29:58 - spektroskopi - INFO - Raspberry Pi verisi işlendi: SENSOR_5 = 1596.000V
2025-11-16 15:29:58 - spektroskopi - INFO - Raspberry Pi'dan veri alındı: 6e400004-b5a3-f393-e0a9-e50e24dcca9e (Handle: 11): Unknown, uzunluk: 2
2025-11-16 15:29:58 - spektroskopi - INFO - Raspberry Pi verisi: Ham=1280, Voltaj=1280.000V
2025-11-16 15:29:58 - spektroskopi - INFO - Raspberry Pi verisi işlendi: SENSOR_7 = 1280.000V
2025-11-16 15:29:59 - spektroskopi - INFO - Raspberry Pi'dan veri alındı: 6e400002-b5a3-f393-e0a9-e50e24dcca9e (Handle: 19): Nordic UART RX, uzunluk: 2
2025-11-16 15:29:59 - spektroskopi - INFO - Raspberry Pi verisi: Ham=3255, Voltaj=3255.000V
2025-11-16 15:29:59 - spektroskopi - INFO - Raspberry Pi verisi işlendi: SENSOR_2 = 3255.000V
2025-11-16 15:29:59 - spektroskopi - INFO - Raspberry Pi'dan veri alındı: 6e400005-b5a3-f393-e0a9-e50e24dcca9e (Handle: 16): Unknown, uzunluk: 2
2025-11-16 15:29:59 - spektroskopi - INFO - Raspberry Pi verisi: Ham=3255, Voltaj=3255.000V
2025-11-16 15:29:59 - spektroskopi - INFO - Raspberry Pi verisi işlendi: SENSOR_EXTRA = 3255.000V
2025-11-16 15:29:59 - spektroskopi - INFO - Raspberry Pi'dan veri alındı: 6e400003-b5a3-f393-e0a9-e50e24dcca9e (Handle: 8): Nordic UART TX, uzunluk: 2
2025-11-16 15:29:59 - spektroskopi - INFO - Raspberry Pi verisi: Ham=1602, Voltaj=1602.000V
2025-11-16 15:29:59 - spektroskopi - INFO - Raspberry Pi verisi işlendi: SENSOR_5 = 1602.000V
2025-11-16 15:29:59 - spektroskopi - INFO - Raspberry Pi'dan veri alındı: 6e400004-b5a3-f393-e0a9-e50e24dcca9e (Handle: 11): Unknown, uzunluk: 2
2025-11-16 15:29:59 - spektroskopi - INFO - Raspberry Pi verisi: Ham=1287, Voltaj=1287.000V
2025-11-16 15:29:59 - spektroskopi - INFO - Raspberry Pi verisi işlendi: SENSOR_7 = 1287.000V
2025-11-16 15:29:59 - spektroskopi - WARNING - Zaman sıralama düzeltildi: 2025-11-16 15:29:59.300590
2025-11-16 15:29:59 - spektroskopi - WARNING - Zaman sıralama düzeltildi: 2025-11-16 15:29:59.301590
2025-11-16 15:29:59 - spektroskopi - WARNING - Zaman sıralama düzeltildi: 2025-11-16 15:29:59.302590
2025-11-16 15:29:59 - spektroskopi - WARNING - Zaman sıralama düzeltildi: 2025-11-16 15:29:59.303590
2025-11-16 15:29:59 - spektroskopi - WARNING - Zaman sıralama düzeltildi: 2025-11-16 15:29:59.304590
2025-11-16 15:29:59 - spektroskopi - WARNING - Zaman sıralama düzeltildi: 2025-11-16 15:29:59.305590
2025-11-16 15:29:59 - spektroskopi - WARNING - Zaman sıralama düzeltildi: 2025-11-16 15:29:59.306590
2025-11-16 15:29:59 - spektroskopi - WARNING - Zaman sıralama düzeltildi: 2025-11-16 15:29:59.307590
2025-11-16 15:29:59 - spektroskopi - WARNING - Zaman sıralama düzeltildi: 2025-11-16 15:29:59.308590
2025-11-16 15:29:59 - spektroskopi - WARNING - Zaman sıralama düzeltildi: 2025-11-16 15:29:59.309590
2025-11-16 15:29:59 - spektroskopi - WARNING - Zaman sıralama düzeltildi: 2025-11-16 15:29:59.310590
2025-11-16 15:29:59 - spektroskopi - WARNING - Zaman sıralama düzeltildi: 2025-11-16 15:29:59.311590
2025-11-16 15:29:59 - spektroskopi - INFO - Raspberry Pi'dan veri alındı: 6e400002-b5a3-f393-e0a9-e50e24dcca9e (Handle: 19): Nordic UART RX, uzunluk: 2
2025-11-16 15:29:59 - spektroskopi - INFO - Raspberry Pi verisi: Ham=3254, Voltaj=3254.000V
2025-11-16 15:29:59 - spektroskopi - INFO - Raspberry Pi verisi işlendi: SENSOR_2 = 3254.000V
2025-11-16 15:29:59 - spektroskopi - INFO - Raspberry Pi'dan veri alındı: 6e400005-b5a3-f393-e0a9-e50e24dcca9e (Handle: 16): Unknown, uzunluk: 2
2025-11-16 15:29:59 - spektroskopi - INFO - Raspberry Pi verisi: Ham=3255, Voltaj=3255.000V
2025-11-16 15:29:59 - spektroskopi - INFO - Raspberry Pi verisi işlendi: SENSOR_EXTRA = 3255.000V
2025-11-16 15:29:59 - spektroskopi - INFO - Raspberry Pi'dan veri alındı: 6e400003-b5a3-f393-e0a9-e50e24dcca9e (Handle: 8): Nordic UART TX, uzunluk: 2
2025-11-16 15:29:59 - spektroskopi - INFO - Raspberry Pi verisi: Ham=1612, Voltaj=1612.000V
2025-11-16 15:29:59 - spektroskopi - INFO - Raspberry Pi verisi işlendi: SENSOR_5 = 1612.000V
2025-11-16 15:29:59 - spektroskopi - INFO - Raspberry Pi'dan veri alındı: 6e400004-b5a3-f393-e0a9-e50e24dcca9e (Handle: 11): Unknown, uzunluk: 2
2025-11-16 15:29:59 - spektroskopi - INFO - Raspberry Pi verisi: Ham=1296, Voltaj=1296.000V
2025-11-16 15:29:59 - spektroskopi - INFO - Raspberry Pi verisi işlendi: SENSOR_7 = 1296.000V
2025-11-16 15:29:59 - spektroskopi - INFO - Raspberry Pi'dan veri alındı: 6e400002-b5a3-f393-e0a9-e50e24dcca9e (Handle: 19): Nordic UART RX, uzunluk: 2
2025-11-16 15:29:59 - spektroskopi - INFO - Raspberry Pi verisi: Ham=3255, Voltaj=3255.000V
2025-11-16 15:29:59 - spektroskopi - INFO - Raspberry Pi verisi işlendi: SENSOR_2 = 3255.000V
2025-11-16 15:29:59 - spektroskopi - INFO - Raspberry Pi'dan veri alındı: 6e400005-b5a3-f393-e0a9-e50e24dcca9e (Handle: 16): Unknown, uzunluk: 2
2025-11-16 15:29:59 - spektroskopi - INFO - Raspberry Pi verisi: Ham=3255, Voltaj=3255.000V
2025-11-16 15:29:59 - spektroskopi - INFO - Raspberry Pi verisi işlendi: SENSOR_EXTRA = 3255.000V
2025-11-16 15:29:59 - spektroskopi - INFO - Raspberry Pi'dan veri alındı: 6e400003-b5a3-f393-e0a9-e50e24dcca9e (Handle: 8): Nordic UART TX, uzunluk: 2
2025-11-16 15:29:59 - spektroskopi - INFO - Raspberry Pi verisi: Ham=1613, Voltaj=1613.000V
2025-11-16 15:29:59 - spektroskopi - INFO - Raspberry Pi verisi işlendi: SENSOR_5 = 1613.000V
2025-11-16 15:29:59 - spektroskopi - INFO - Raspberry Pi'dan veri alındı: 6e400004-b5a3-f393-e0a9-e50e24dcca9e (Handle: 11): Unknown, uzunluk: 2
2025-11-16 15:29:59 - spektroskopi - INFO - Raspberry Pi verisi: Ham=1295, Voltaj=1295.000V
2025-11-16 15:29:59 - spektroskopi - INFO - Raspberry Pi verisi işlendi: SENSOR_7 = 1295.000V
2025-11-16 15:30:00 - spektroskopi - INFO - Raspberry Pi'dan veri alındı: 6e400002-b5a3-f393-e0a9-e50e24dcca9e (Handle: 19): Nordic UART RX, uzunluk: 2
2025-11-16 15:30:00 - spektroskopi - INFO - Raspberry Pi verisi: Ham=3254, Voltaj=3254.000V
2025-11-16 15:30:00 - spektroskopi - INFO - Raspberry Pi verisi işlendi: SENSOR_2 = 3254.000V
2025-11-16 15:30:00 - spektroskopi - INFO - Raspberry Pi'dan veri alındı: 6e400005-b5a3-f393-e0a9-e50e24dcca9e (Handle: 16): Unknown, uzunluk: 2
2025-11-16 15:30:00 - spektroskopi - INFO - Raspberry Pi verisi: Ham=3254, Voltaj=3254.000V
2025-11-16 15:30:00 - spektroskopi - INFO - Raspberry Pi verisi işlendi: SENSOR_EXTRA = 3254.000V
2025-11-16 15:30:00 - spektroskopi - INFO - Raspberry Pi'dan veri alındı: 6e400003-b5a3-f393-e0a9-e50e24dcca9e (Handle: 8): Nordic UART TX, uzunluk: 2
2025-11-16 15:30:00 - spektroskopi - INFO - Raspberry Pi verisi: Ham=1607, Voltaj=1607.000V
2025-11-16 15:30:00 - spektroskopi - INFO - Raspberry Pi verisi işlendi: SENSOR_5 = 1607.000V
2025-11-16 15:30:00 - spektroskopi - INFO - Raspberry Pi'dan veri alındı: 6e400004-b5a3-f393-e0a9-e50e24dcca9e (Handle: 11): Unknown, uzunluk: 2
2025-11-16 15:30:00 - spektroskopi - INFO - Raspberry Pi verisi: Ham=1290, Voltaj=1290.000V
2025-11-16 15:30:00 - spektroskopi - INFO - Raspberry Pi verisi işlendi: SENSOR_7 = 1290.000V
2025-11-16 15:30:00 - spektroskopi - WARNING - Zaman sıralama düzeltildi: 2025-11-16 15:30:00.288970
2025-11-16 15:30:00 - spektroskopi - WARNING - Zaman sıralama düzeltildi: 2025-11-16 15:30:00.289970
2025-11-16 15:30:00 - spektroskopi - WARNING - Zaman sıralama düzeltildi: 2025-11-16 15:30:00.290970
2025-11-16 15:30:00 - spektroskopi - WARNING - Zaman sıralama düzeltildi: 2025-11-16 15:30:00.291970
2025-11-16 15:30:00 - spektroskopi - WARNING - Zaman sıralama düzeltildi: 2025-11-16 15:30:00.292970
2025-11-16 15:30:00 - spektroskopi - WARNING - Zaman sıralama düzeltildi: 2025-11-16 15:30:00.293970
2025-11-16 15:30:00 - spektroskopi - WARNING - Zaman sıralama düzeltildi: 2025-11-16 15:30:00.294970
2025-11-16 15:30:00 - spektroskopi - WARNING - Zaman sıralama düzeltildi: 2025-11-16 15:30:00.295970
2025-11-16 15:30:00 - spektroskopi - WARNING - Zaman sıralama düzeltildi: 2025-11-16 15:30:00.296970
2025-11-16 15:30:00 - spektroskopi - WARNING - Zaman sıralama düzeltildi: 2025-11-16 15:30:00.297970
2025-11-16 15:30:00 - spektroskopi - WARNING - Zaman sıralama düzeltildi: 2025-11-16 15:30:00.298970
2025-11-16 15:30:00 - spektroskopi - WARNING - Zaman sıralama düzeltildi: 2025-11-16 15:30:00.299970
2025-11-16 15:30:00 - spektroskopi - INFO - Raspberry Pi'dan veri alındı: 6e400002-b5a3-f393-e0a9-e50e24dcca9e (Handle: 19): Nordic UART RX, uzunluk: 2
2025-11-16 15:30:00 - spektroskopi - INFO - Raspberry Pi verisi: Ham=3255, Voltaj=3255.000V
2025-11-16 15:30:00 - spektroskopi - INFO - Raspberry Pi verisi işlendi: SENSOR_2 = 3255.000V
2025-11-16 15:30:00 - spektroskopi - INFO - Raspberry Pi'dan veri alındı: 6e400005-b5a3-f393-e0a9-e50e24dcca9e (Handle: 16): Unknown, uzunluk: 2
2025-11-16 15:30:00 - spektroskopi - INFO - Raspberry Pi verisi: Ham=3255, Voltaj=3255.000V
2025-11-16 15:30:00 - spektroskopi - INFO - Raspberry Pi verisi işlendi: SENSOR_EXTRA = 3255.000V
2025-11-16 15:30:00 - spektroskopi - INFO - Raspberry Pi'dan veri alındı: 6e400003-b5a3-f393-e0a9-e50e24dcca9e (Handle: 8): Nordic UART TX, uzunluk: 2
2025-11-16 15:30:00 - spektroskopi - INFO - Raspberry Pi verisi: Ham=1607, Voltaj=1607.000V
2025-11-16 15:30:00 - spektroskopi - INFO - Raspberry Pi verisi işlendi: SENSOR_5 = 1607.000V
2025-11-16 15:30:00 - spektroskopi - INFO - Raspberry Pi'dan veri alındı: 6e400004-b5a3-f393-e0a9-e50e24dcca9e (Handle: 11): Unknown, uzunluk: 2
2025-11-16 15:30:00 - spektroskopi - INFO - Raspberry Pi verisi: Ham=1290, Voltaj=1290.000V
2025-11-16 15:30:00 - spektroskopi - INFO - Raspberry Pi verisi işlendi: SENSOR_7 = 1290.000V
2025-11-16 15:30:00 - spektroskopi - INFO - Raspberry Pi'dan veri alındı: 6e400002-b5a3-f393-e0a9-e50e24dcca9e (Handle: 19): Nordic UART RX, uzunluk: 2
2025-11-16 15:30:00 - spektroskopi - INFO - Raspberry Pi verisi: Ham=3255, Voltaj=3255.000V
2025-11-16 15:30:00 - spektroskopi - INFO - Raspberry Pi verisi işlendi: SENSOR_2 = 3255.000V
2025-11-16 15:30:00 - spektroskopi - INFO - Raspberry Pi'dan veri alındı: 6e400005-b5a3-f393-e0a9-e50e24dcca9e (Handle: 16): Unknown, uzunluk: 2
2025-11-16 15:30:00 - spektroskopi - INFO - Raspberry Pi verisi: Ham=3255, Voltaj=3255.000V
2025-11-16 15:30:00 - spektroskopi - INFO - Raspberry Pi verisi işlendi: SENSOR_EXTRA = 3255.000V
2025-11-16 15:30:00 - spektroskopi - INFO - Raspberry Pi'dan veri alındı: 6e400003-b5a3-f393-e0a9-e50e24dcca9e (Handle: 8): Nordic UART TX, uzunluk: 2
2025-11-16 15:30:00 - spektroskopi - INFO - Raspberry Pi verisi: Ham=1608, Voltaj=1608.000V
2025-11-16 15:30:00 - spektroskopi - INFO - Raspberry Pi verisi işlendi: SENSOR_5 = 1608.000V
2025-11-16 15:30:00 - spektroskopi - INFO - Raspberry Pi'dan veri alındı: 6e400004-b5a3-f393-e0a9-e50e24dcca9e (Handle: 11): Unknown, uzunluk: 2
2025-11-16 15:30:00 - spektroskopi - INFO - Raspberry Pi verisi: Ham=1290, Voltaj=1290.000V
2025-11-16 15:30:00 - spektroskopi - INFO - Raspberry Pi verisi işlendi: SENSOR_7 = 1290.000V
2025-11-16 15:30:01 - spektroskopi - INFO - Raspberry Pi'dan veri alındı: 6e400002-b5a3-f393-e0a9-e50e24dcca9e (Handle: 19): Nordic UART RX, uzunluk: 2
2025-11-16 15:30:01 - spektroskopi - INFO - Raspberry Pi verisi: Ham=3255, Voltaj=3255.000V
2025-11-16 15:30:01 - spektroskopi - INFO - Raspberry Pi verisi işlendi: SENSOR_2 = 3255.000V
2025-11-16 15:30:01 - spektroskopi - INFO - Raspberry Pi'dan veri alındı: 6e400005-b5a3-f393-e0a9-e50e24dcca9e (Handle: 16): Unknown, uzunluk: 2
2025-11-16 15:30:01 - spektroskopi - INFO - Raspberry Pi verisi: Ham=3255, Voltaj=3255.000V
2025-11-16 15:30:01 - spektroskopi - INFO - Raspberry Pi verisi işlendi: SENSOR_EXTRA = 3255.000V
2025-11-16 15:30:01 - spektroskopi - INFO - Raspberry Pi'dan veri alındı: 6e400003-b5a3-f393-e0a9-e50e24dcca9e (Handle: 8): Nordic UART TX, uzunluk: 2
2025-11-16 15:30:01 - spektroskopi - INFO - Raspberry Pi verisi: Ham=1607, Voltaj=1607.000V
2025-11-16 15:30:01 - spektroskopi - INFO - Raspberry Pi verisi işlendi: SENSOR_5 = 1607.000V
2025-11-16 15:30:01 - spektroskopi - INFO - Raspberry Pi'dan veri alındı: 6e400004-b5a3-f393-e0a9-e50e24dcca9e (Handle: 11): Unknown, uzunluk: 2
2025-11-16 15:30:01 - spektroskopi - INFO - Raspberry Pi verisi: Ham=1290, Voltaj=1290.000V
2025-11-16 15:30:01 - spektroskopi - INFO - Raspberry Pi verisi işlendi: SENSOR_7 = 1290.000V
2025-11-16 15:30:01 - spektroskopi - WARNING - Zaman sıralama düzeltildi: 2025-11-16 15:30:01.310349
2025-11-16 15:30:01 - spektroskopi - WARNING - Zaman sıralama düzeltildi: 2025-11-16 15:30:01.311349
2025-11-16 15:30:01 - spektroskopi - WARNING - Zaman sıralama düzeltildi: 2025-11-16 15:30:01.312349
2025-11-16 15:30:01 - spektroskopi - WARNING - Zaman sıralama düzeltildi: 2025-11-16 15:30:01.313349
2025-11-16 15:30:01 - spektroskopi - WARNING - Zaman sıralama düzeltildi: 2025-11-16 15:30:01.314349
2025-11-16 15:30:01 - spektroskopi - WARNING - Zaman sıralama düzeltildi: 2025-11-16 15:30:01.315349
2025-11-16 15:30:01 - spektroskopi - WARNING - Zaman sıralama düzeltildi: 2025-11-16 15:30:01.316349
2025-11-16 15:30:01 - spektroskopi - WARNING - Zaman sıralama düzeltildi: 2025-11-16 15:30:01.317349
2025-11-16 15:30:01 - spektroskopi - WARNING - Zaman sıralama düzeltildi: 2025-11-16 15:30:01.318349
2025-11-16 15:30:01 - spektroskopi - WARNING - Zaman sıralama düzeltildi: 2025-11-16 15:30:01.319349
2025-11-16 15:30:01 - spektroskopi - WARNING - Zaman sıralama düzeltildi: 2025-11-16 15:30:01.320349
2025-11-16 15:30:01 - spektroskopi - WARNING - Zaman sıralama düzeltildi: 2025-11-16 15:30:01.321349
2025-11-16 15:30:01 - spektroskopi - INFO - Raspberry Pi'dan veri alındı: 6e400002-b5a3-f393-e0a9-e50e24dcca9e (Handle: 19): Nordic UART RX, uzunluk: 2
2025-11-16 15:30:01 - spektroskopi - INFO - Raspberry Pi verisi: Ham=3254, Voltaj=3254.000V
2025-11-16 15:30:01 - spektroskopi - INFO - Raspberry Pi verisi işlendi: SENSOR_2 = 3254.000V
2025-11-16 15:30:01 - spektroskopi - INFO - Raspberry Pi'dan veri alındı: 6e400005-b5a3-f393-e0a9-e50e24dcca9e (Handle: 16): Unknown, uzunluk: 2
2025-11-16 15:30:01 - spektroskopi - INFO - Raspberry Pi verisi: Ham=3255, Voltaj=3255.000V
2025-11-16 15:30:01 - spektroskopi - INFO - Raspberry Pi verisi işlendi: SENSOR_EXTRA = 3255.000V
2025-11-16 15:30:01 - spektroskopi - INFO - Raspberry Pi'dan veri alındı: 6e400003-b5a3-f393-e0a9-e50e24dcca9e (Handle: 8): Nordic UART TX, uzunluk: 2
2025-11-16 15:30:01 - spektroskopi - INFO - Raspberry Pi verisi: Ham=1606, Voltaj=1606.000V
2025-11-16 15:30:01 - spektroskopi - INFO - Raspberry Pi verisi işlendi: SENSOR_5 = 1606.000V
2025-11-16 15:30:01 - spektroskopi - INFO - Raspberry Pi'dan veri alındı: 6e400004-b5a3-f393-e0a9-e50e24dcca9e (Handle: 11): Unknown, uzunluk: 2
2025-11-16 15:30:01 - spektroskopi - INFO - Raspberry Pi verisi: Ham=1289, Voltaj=1289.000V
2025-11-16 15:30:01 - spektroskopi - INFO - Raspberry Pi verisi işlendi: SENSOR_7 = 1289.000V
2025-11-16 15:30:01 - spektroskopi - INFO - Raspberry Pi'dan veri alındı: 6e400002-b5a3-f393-e0a9-e50e24dcca9e (Handle: 19): Nordic UART RX, uzunluk: 2
2025-11-16 15:30:01 - spektroskopi - INFO - Raspberry Pi verisi: Ham=3255, Voltaj=3255.000V
2025-11-16 15:30:01 - spektroskopi - INFO - Raspberry Pi verisi işlendi: SENSOR_2 = 3255.000V
2025-11-16 15:30:01 - spektroskopi - INFO - Raspberry Pi'dan veri alındı: 6e400005-b5a3-f393-e0a9-e50e24dcca9e (Handle: 16): Unknown, uzunluk: 2
2025-11-16 15:30:01 - spektroskopi - INFO - Raspberry Pi verisi: Ham=3255, Voltaj=3255.000V
2025-11-16 15:30:01 - spektroskopi - INFO - Raspberry Pi verisi işlendi: SENSOR_EXTRA = 3255.000V
2025-11-16 15:30:01 - spektroskopi - INFO - Raspberry Pi'dan veri alındı: 6e400003-b5a3-f393-e0a9-e50e24dcca9e (Handle: 8): Nordic UART TX, uzunluk: 2
2025-11-16 15:30:01 - spektroskopi - INFO - Raspberry Pi verisi: Ham=1602, Voltaj=1602.000V
2025-11-16 15:30:01 - spektroskopi - INFO - Raspberry Pi verisi işlendi: SENSOR_5 = 1602.000V
2025-11-16 15:30:01 - spektroskopi - INFO - Raspberry Pi'dan veri alındı: 6e400004-b5a3-f393-e0a9-e50e24dcca9e (Handle: 11): Unknown, uzunluk: 2
2025-11-16 15:30:01 - spektroskopi - INFO - Raspberry Pi verisi: Ham=1284, Voltaj=1284.000V
2025-11-16 15:30:01 - spektroskopi - INFO - Raspberry Pi verisi işlendi: SENSOR_7 = 1284.000V
2025-11-16 15:30:02 - spektroskopi - INFO - Raspberry Pi'dan veri alındı: 6e400002-b5a3-f393-e0a9-e50e24dcca9e (Handle: 19): Nordic UART RX, uzunluk: 2
2025-11-16 15:30:02 - spektroskopi - INFO - Raspberry Pi verisi: Ham=3255, Voltaj=3255.000V
2025-11-16 15:30:02 - spektroskopi - INFO - Raspberry Pi verisi işlendi: SENSOR_2 = 3255.000V
2025-11-16 15:30:02 - spektroskopi - INFO - Raspberry Pi'dan veri alındı: 6e400005-b5a3-f393-e0a9-e50e24dcca9e (Handle: 16): Unknown, uzunluk: 2
2025-11-16 15:30:02 - spektroskopi - INFO - Raspberry Pi verisi: Ham=3255, Voltaj=3255.000V
2025-11-16 15:30:02 - spektroskopi - INFO - Raspberry Pi verisi işlendi: SENSOR_EXTRA = 3255.000V
2025-11-16 15:30:02 - spektroskopi - INFO - Raspberry Pi'dan veri alındı: 6e400003-b5a3-f393-e0a9-e50e24dcca9e (Handle: 8): Nordic UART TX, uzunluk: 2
2025-11-16 15:30:02 - spektroskopi - INFO - Raspberry Pi verisi: Ham=1604, Voltaj=1604.000V
2025-11-16 15:30:02 - spektroskopi - INFO - Raspberry Pi verisi işlendi: SENSOR_5 = 1604.000V
2025-11-16 15:30:02 - spektroskopi - INFO - Raspberry Pi'dan veri alındı: 6e400004-b5a3-f393-e0a9-e50e24dcca9e (Handle: 11): Unknown, uzunluk: 2
2025-11-16 15:30:02 - spektroskopi - INFO - Raspberry Pi verisi: Ham=1288, Voltaj=1288.000V
2025-11-16 15:30:02 - spektroskopi - INFO - Raspberry Pi verisi işlendi: SENSOR_7 = 1288.000V
2025-11-16 15:30:02 - spektroskopi - WARNING - Zaman sıralama düzeltildi: 2025-11-16 15:30:02.299522
2025-11-16 15:30:02 - spektroskopi - WARNING - Zaman sıralama düzeltildi: 2025-11-16 15:30:02.300522
2025-11-16 15:30:02 - spektroskopi - WARNING - Zaman sıralama düzeltildi: 2025-11-16 15:30:02.301522
2025-11-16 15:30:02 - spektroskopi - WARNING - Zaman sıralama düzeltildi: 2025-11-16 15:30:02.302522
2025-11-16 15:30:02 - spektroskopi - WARNING - Zaman sıralama düzeltildi: 2025-11-16 15:30:02.303522
2025-11-16 15:30:02 - spektroskopi - WARNING - Zaman sıralama düzeltildi: 2025-11-16 15:30:02.304522
2025-11-16 15:30:02 - spektroskopi - WARNING - Zaman sıralama düzeltildi: 2025-11-16 15:30:02.305522
2025-11-16 15:30:02 - spektroskopi - WARNING - Zaman sıralama düzeltildi: 2025-11-16 15:30:02.306522
2025-11-16 15:30:02 - spektroskopi - WARNING - Zaman sıralama düzeltildi: 2025-11-16 15:30:02.307522
2025-11-16 15:30:02 - spektroskopi - WARNING - Zaman sıralama düzeltildi: 2025-11-16 15:30:02.308522
2025-11-16 15:30:02 - spektroskopi - WARNING - Zaman sıralama düzeltildi: 2025-11-16 15:30:02.309522
2025-11-16 15:30:02 - spektroskopi - WARNING - Zaman sıralama düzeltildi: 2025-11-16 15:30:02.310522
2025-11-16 15:30:02 - spektroskopi - INFO - Raspberry Pi'dan veri alındı: 6e400002-b5a3-f393-e0a9-e50e24dcca9e (Handle: 19): Nordic UART RX, uzunluk: 2
2025-11-16 15:30:02 - spektroskopi - INFO - Raspberry Pi verisi: Ham=3254, Voltaj=3254.000V
2025-11-16 15:30:02 - spektroskopi - INFO - Raspberry Pi verisi işlendi: SENSOR_2 = 3254.000V
2025-11-16 15:30:02 - spektroskopi - INFO - Raspberry Pi'dan veri alındı: 6e400005-b5a3-f393-e0a9-e50e24dcca9e (Handle: 16): Unknown, uzunluk: 2
2025-11-16 15:30:02 - spektroskopi - INFO - Raspberry Pi verisi: Ham=3254, Voltaj=3254.000V
2025-11-16 15:30:02 - spektroskopi - INFO - Raspberry Pi verisi işlendi: SENSOR_EXTRA = 3254.000V
2025-11-16 15:30:02 - spektroskopi - INFO - Raspberry Pi'dan veri alındı: 6e400003-b5a3-f393-e0a9-e50e24dcca9e (Handle: 8): Nordic UART TX, uzunluk: 2
2025-11-16 15:30:02 - spektroskopi - INFO - Raspberry Pi verisi: Ham=1621, Voltaj=1621.000V
2025-11-16 15:30:02 - spektroskopi - INFO - Raspberry Pi verisi işlendi: SENSOR_5 = 1621.000V
2025-11-16 15:30:02 - spektroskopi - INFO - Raspberry Pi'dan veri alındı: 6e400004-b5a3-f393-e0a9-e50e24dcca9e (Handle: 11): Unknown, uzunluk: 2
2025-11-16 15:30:02 - spektroskopi - INFO - Raspberry Pi verisi: Ham=1307, Voltaj=1307.000V
2025-11-16 15:30:02 - spektroskopi - INFO - Raspberry Pi verisi işlendi: SENSOR_7 = 1307.000V
2025-11-16 15:30:02 - spektroskopi - INFO - Raspberry Pi'dan veri alındı: 6e400002-b5a3-f393-e0a9-e50e24dcca9e (Handle: 19): Nordic UART RX, uzunluk: 2
2025-11-16 15:30:02 - spektroskopi - INFO - Raspberry Pi verisi: Ham=3255, Voltaj=3255.000V
2025-11-16 15:30:02 - spektroskopi - INFO - Raspberry Pi verisi işlendi: SENSOR_2 = 3255.000V
2025-11-16 15:30:02 - spektroskopi - INFO - Raspberry Pi'dan veri alındı: 6e400005-b5a3-f393-e0a9-e50e24dcca9e (Handle: 16): Unknown, uzunluk: 2
2025-11-16 15:30:02 - spektroskopi - INFO - Raspberry Pi verisi: Ham=3255, Voltaj=3255.000V
2025-11-16 15:30:02 - spektroskopi - INFO - Raspberry Pi verisi işlendi: SENSOR_EXTRA = 3255.000V
2025-11-16 15:30:02 - spektroskopi - INFO - Raspberry Pi'dan veri alındı: 6e400003-b5a3-f393-e0a9-e50e24dcca9e (Handle: 8): Nordic UART TX, uzunluk: 2
2025-11-16 15:30:02 - spektroskopi - INFO - Raspberry Pi verisi: Ham=1642, Voltaj=1642.000V
2025-11-16 15:30:02 - spektroskopi - INFO - Raspberry Pi verisi işlendi: SENSOR_5 = 1642.000V
2025-11-16 15:30:02 - spektroskopi - INFO - Raspberry Pi'dan veri alındı: 6e400004-b5a3-f393-e0a9-e50e24dcca9e (Handle: 11): Unknown, uzunluk: 2
2025-11-16 15:30:02 - spektroskopi - INFO - Raspberry Pi verisi: Ham=1325, Voltaj=1325.000V
2025-11-16 15:30:02 - spektroskopi - INFO - Raspberry Pi verisi işlendi: SENSOR_7 = 1325.000V
2025-11-16 15:30:03 - spektroskopi - INFO - Raspberry Pi'dan veri alındı: 6e400002-b5a3-f393-e0a9-e50e24dcca9e (Handle: 19): Nordic UART RX, uzunluk: 2
2025-11-16 15:30:03 - spektroskopi - INFO - Raspberry Pi verisi: Ham=3254, Voltaj=3254.000V
2025-11-16 15:30:03 - spektroskopi - INFO - Raspberry Pi verisi işlendi: SENSOR_2 = 3254.000V
2025-11-16 15:30:03 - spektroskopi - INFO - Raspberry Pi'dan veri alındı: 6e400005-b5a3-f393-e0a9-e50e24dcca9e (Handle: 16): Unknown, uzunluk: 2
2025-11-16 15:30:03 - spektroskopi - INFO - Raspberry Pi verisi: Ham=3254, Voltaj=3254.000V
2025-11-16 15:30:03 - spektroskopi - INFO - Raspberry Pi verisi işlendi: SENSOR_EXTRA = 3254.000V
2025-11-16 15:30:03 - spektroskopi - INFO - Raspberry Pi'dan veri alındı: 6e400003-b5a3-f393-e0a9-e50e24dcca9e (Handle: 8): Nordic UART TX, uzunluk: 2
2025-11-16 15:30:03 - spektroskopi - INFO - Raspberry Pi verisi: Ham=1634, Voltaj=1634.000V
2025-11-16 15:30:03 - spektroskopi - INFO - Raspberry Pi verisi işlendi: SENSOR_5 = 1634.000V
2025-11-16 15:30:03 - spektroskopi - INFO - Raspberry Pi'dan veri alındı: 6e400004-b5a3-f393-e0a9-e50e24dcca9e (Handle: 11): Unknown, uzunluk: 2
2025-11-16 15:30:03 - spektroskopi - INFO - Raspberry Pi verisi: Ham=1315, Voltaj=1315.000V
2025-11-16 15:30:03 - spektroskopi - INFO - Raspberry Pi verisi işlendi: SENSOR_7 = 1315.000V
2025-11-16 15:30:03 - spektroskopi - WARNING - Zaman sıralama düzeltildi: 2025-11-16 15:30:03.289975
2025-11-16 15:30:03 - spektroskopi - WARNING - Zaman sıralama düzeltildi: 2025-11-16 15:30:03.290975
2025-11-16 15:30:03 - spektroskopi - WARNING - Zaman sıralama düzeltildi: 2025-11-16 15:30:03.291975
2025-11-16 15:30:03 - spektroskopi - WARNING - Zaman sıralama düzeltildi: 2025-11-16 15:30:03.292975
2025-11-16 15:30:03 - spektroskopi - WARNING - Zaman sıralama düzeltildi: 2025-11-16 15:30:03.293975
2025-11-16 15:30:03 - spektroskopi - WARNING - Zaman sıralama düzeltildi: 2025-11-16 15:30:03.294975
2025-11-16 15:30:03 - spektroskopi - WARNING - Zaman sıralama düzeltildi: 2025-11-16 15:30:03.295975
2025-11-16 15:30:03 - spektroskopi - WARNING - Zaman sıralama düzeltildi: 2025-11-16 15:30:03.296975
2025-11-16 15:30:03 - spektroskopi - WARNING - Zaman sıralama düzeltildi: 2025-11-16 15:30:03.297975
2025-11-16 15:30:03 - spektroskopi - WARNING - Zaman sıralama düzeltildi: 2025-11-16 15:30:03.298975
2025-11-16 15:30:03 - spektroskopi - WARNING - Zaman sıralama düzeltildi: 2025-11-16 15:30:03.299975
2025-11-16 15:30:03 - spektroskopi - WARNING - Zaman sıralama düzeltildi: 2025-11-16 15:30:03.300975
2025-11-16 15:30:03 - spektroskopi - INFO - Raspberry Pi'dan veri alındı: 6e400002-b5a3-f393-e0a9-e50e24dcca9e (Handle: 19): Nordic UART RX, uzunluk: 2
2025-11-16 15:30:03 - spektroskopi - INFO - Raspberry Pi verisi: Ham=3255, Voltaj=3255.000V
2025-11-16 15:30:03 - spektroskopi - INFO - Raspberry Pi verisi işlendi: SENSOR_2 = 3255.000V
2025-11-16 15:30:03 - spektroskopi - INFO - Raspberry Pi'dan veri alındı: 6e400005-b5a3-f393-e0a9-e50e24dcca9e (Handle: 16): Unknown, uzunluk: 2
2025-11-16 15:30:03 - spektroskopi - INFO - Raspberry Pi verisi: Ham=3255, Voltaj=3255.000V
2025-11-16 15:30:03 - spektroskopi - INFO - Raspberry Pi verisi işlendi: SENSOR_EXTRA = 3255.000V
2025-11-16 15:30:03 - spektroskopi - INFO - Raspberry Pi'dan veri alındı: 6e400003-b5a3-f393-e0a9-e50e24dcca9e (Handle: 8): Nordic UART TX, uzunluk: 2
2025-11-16 15:30:03 - spektroskopi - INFO - Raspberry Pi verisi: Ham=1630, Voltaj=1630.000V
2025-11-16 15:30:03 - spektroskopi - INFO - Raspberry Pi verisi işlendi: SENSOR_5 = 1630.000V
2025-11-16 15:30:03 - spektroskopi - INFO - Raspberry Pi'dan veri alındı: 6e400004-b5a3-f393-e0a9-e50e24dcca9e (Handle: 11): Unknown, uzunluk: 2
2025-11-16 15:30:03 - spektroskopi - INFO - Raspberry Pi verisi: Ham=1313, Voltaj=1313.000V
2025-11-16 15:30:03 - spektroskopi - INFO - Raspberry Pi verisi işlendi: SENSOR_7 = 1313.000V
2025-11-16 15:30:03 - spektroskopi - INFO - Raspberry Pi'dan veri alındı: 6e400002-b5a3-f393-e0a9-e50e24dcca9e (Handle: 19): Nordic UART RX, uzunluk: 2
2025-11-16 15:30:03 - spektroskopi - INFO - Raspberry Pi verisi: Ham=3255, Voltaj=3255.000V
2025-11-16 15:30:03 - spektroskopi - INFO - Raspberry Pi verisi işlendi: SENSOR_2 = 3255.000V
2025-11-16 15:30:03 - spektroskopi - INFO - Raspberry Pi'dan veri alındı: 6e400005-b5a3-f393-e0a9-e50e24dcca9e (Handle: 16): Unknown, uzunluk: 2
2025-11-16 15:30:03 - spektroskopi - INFO - Raspberry Pi verisi: Ham=3255, Voltaj=3255.000V
2025-11-16 15:30:03 - spektroskopi - INFO - Raspberry Pi verisi işlendi: SENSOR_EXTRA = 3255.000V
2025-11-16 15:30:03 - spektroskopi - INFO - Raspberry Pi'dan veri alındı: 6e400003-b5a3-f393-e0a9-e50e24dcca9e (Handle: 8): Nordic UART TX, uzunluk: 2
2025-11-16 15:30:03 - spektroskopi - INFO - Raspberry Pi verisi: Ham=1630, Voltaj=1630.000V
2025-11-16 15:30:03 - spektroskopi - INFO - Raspberry Pi verisi işlendi: SENSOR_5 = 1630.000V
2025-11-16 15:30:03 - spektroskopi - INFO - Raspberry Pi'dan veri alındı: 6e400004-b5a3-f393-e0a9-e50e24dcca9e (Handle: 11): Unknown, uzunluk: 2
2025-11-16 15:30:03 - spektroskopi - INFO - Raspberry Pi verisi: Ham=1313, Voltaj=1313.000V
2025-11-16 15:30:03 - spektroskopi - INFO - Raspberry Pi verisi işlendi: SENSOR_7 = 1313.000V
2025-11-16 15:30:04 - spektroskopi - INFO - Raspberry Pi'dan veri alındı: 6e400002-b5a3-f393-e0a9-e50e24dcca9e (Handle: 19): Nordic UART RX, uzunluk: 2
2025-11-16 15:30:04 - spektroskopi - INFO - Raspberry Pi verisi: Ham=3254, Voltaj=3254.000V
2025-11-16 15:30:04 - spektroskopi - INFO - Raspberry Pi verisi işlendi: SENSOR_2 = 3254.000V
2025-11-16 15:30:04 - spektroskopi - INFO - Raspberry Pi'dan veri alındı: 6e400005-b5a3-f393-e0a9-e50e24dcca9e (Handle: 16): Unknown, uzunluk: 2
2025-11-16 15:30:04 - spektroskopi - INFO - Raspberry Pi verisi: Ham=3255, Voltaj=3255.000V
2025-11-16 15:30:04 - spektroskopi - INFO - Raspberry Pi verisi işlendi: SENSOR_EXTRA = 3255.000V
2025-11-16 15:30:04 - spektroskopi - INFO - Raspberry Pi'dan veri alındı: 6e400003-b5a3-f393-e0a9-e50e24dcca9e (Handle: 8): Nordic UART TX, uzunluk: 2
2025-11-16 15:30:04 - spektroskopi - INFO - Raspberry Pi verisi: Ham=1630, Voltaj=1630.000V
2025-11-16 15:30:04 - spektroskopi - INFO - Raspberry Pi verisi işlendi: SENSOR_5 = 1630.000V
2025-11-16 15:30:04 - spektroskopi - INFO - Raspberry Pi'dan veri alındı: 6e400004-b5a3-f393-e0a9-e50e24dcca9e (Handle: 11): Unknown, uzunluk: 2
2025-11-16 15:30:04 - spektroskopi - INFO - Raspberry Pi verisi: Ham=1313, Voltaj=1313.000V
2025-11-16 15:30:04 - spektroskopi - INFO - Raspberry Pi verisi işlendi: SENSOR_7 = 1313.000V
2025-11-16 15:30:04 - spektroskopi - WARNING - Zaman sıralama düzeltildi: 2025-11-16 15:30:04.310419
2025-11-16 15:30:04 - spektroskopi - WARNING - Zaman sıralama düzeltildi: 2025-11-16 15:30:04.311419
2025-11-16 15:30:04 - spektroskopi - WARNING - Zaman sıralama düzeltildi: 2025-11-16 15:30:04.312419
2025-11-16 15:30:04 - spektroskopi - WARNING - Zaman sıralama düzeltildi: 2025-11-16 15:30:04.313419
2025-11-16 15:30:04 - spektroskopi - WARNING - Zaman sıralama düzeltildi: 2025-11-16 15:30:04.314419
2025-11-16 15:30:04 - spektroskopi - WARNING - Zaman sıralama düzeltildi: 2025-11-16 15:30:04.315419
2025-11-16 15:30:04 - spektroskopi - WARNING - Zaman sıralama düzeltildi: 2025-11-16 15:30:04.316419
2025-11-16 15:30:04 - spektroskopi - WARNING - Zaman sıralama düzeltildi: 2025-11-16 15:30:04.317419
2025-11-16 15:30:04 - spektroskopi - WARNING - Zaman sıralama düzeltildi: 2025-11-16 15:30:04.318419
2025-11-16 15:30:04 - spektroskopi - WARNING - Zaman sıralama düzeltildi: 2025-11-16 15:30:04.319419
2025-11-16 15:30:04 - spektroskopi - WARNING - Zaman sıralama düzeltildi: 2025-11-16 15:30:04.320419
2025-11-16 15:30:04 - spektroskopi - WARNING - Zaman sıralama düzeltildi: 2025-11-16 15:30:04.321419
2025-11-16 15:30:04 - spektroskopi - INFO - Raspberry Pi'dan veri alındı: 6e400002-b5a3-f393-e0a9-e50e24dcca9e (Handle: 19): Nordic UART RX, uzunluk: 2
2025-11-16 15:30:04 - spektroskopi - INFO - Raspberry Pi verisi: Ham=3254, Voltaj=3254.000V
2025-11-16 15:30:04 - spektroskopi - INFO - Raspberry Pi verisi işlendi: SENSOR_2 = 3254.000V
2025-11-16 15:30:04 - spektroskopi - INFO - Raspberry Pi'dan veri alındı: 6e400005-b5a3-f393-e0a9-e50e24dcca9e (Handle: 16): Unknown, uzunluk: 2
2025-11-16 15:30:04 - spektroskopi - INFO - Raspberry Pi verisi: Ham=3254, Voltaj=3254.000V
2025-11-16 15:30:04 - spektroskopi - INFO - Raspberry Pi verisi işlendi: SENSOR_EXTRA = 3254.000V
2025-11-16 15:30:04 - spektroskopi - INFO - Raspberry Pi'dan veri alındı: 6e400003-b5a3-f393-e0a9-e50e24dcca9e (Handle: 8): Nordic UART TX, uzunluk: 2
2025-11-16 15:30:04 - spektroskopi - INFO - Raspberry Pi verisi: Ham=1632, Voltaj=1632.000V
2025-11-16 15:30:04 - spektroskopi - INFO - Raspberry Pi verisi işlendi: SENSOR_5 = 1632.000V
2025-11-16 15:30:04 - spektroskopi - INFO - Raspberry Pi'dan veri alındı: 6e400004-b5a3-f393-e0a9-e50e24dcca9e (Handle: 11): Unknown, uzunluk: 2
2025-11-16 15:30:04 - spektroskopi - INFO - Raspberry Pi verisi: Ham=1314, Voltaj=1314.000V
2025-11-16 15:30:04 - spektroskopi - INFO - Raspberry Pi verisi işlendi: SENSOR_7 = 1314.000V
2025-11-16 15:30:04 - spektroskopi - INFO - Raspberry Pi'dan veri alındı: 6e400002-b5a3-f393-e0a9-e50e24dcca9e (Handle: 19): Nordic UART RX, uzunluk: 2
2025-11-16 15:30:04 - spektroskopi - INFO - Raspberry Pi verisi: Ham=3254, Voltaj=3254.000V
2025-11-16 15:30:04 - spektroskopi - INFO - Raspberry Pi verisi işlendi: SENSOR_2 = 3254.000V
2025-11-16 15:30:04 - spektroskopi - INFO - Raspberry Pi'dan veri alındı: 6e400005-b5a3-f393-e0a9-e50e24dcca9e (Handle: 16): Unknown, uzunluk: 2
2025-11-16 15:30:04 - spektroskopi - INFO - Raspberry Pi verisi: Ham=3255, Voltaj=3255.000V
2025-11-16 15:30:04 - spektroskopi - INFO - Raspberry Pi verisi işlendi: SENSOR_EXTRA = 3255.000V
2025-11-16 15:30:04 - spektroskopi - INFO - Raspberry Pi'dan veri alındı: 6e400003-b5a3-f393-e0a9-e50e24dcca9e (Handle: 8): Nordic UART TX, uzunluk: 2
2025-11-16 15:30:04 - spektroskopi - INFO - Raspberry Pi verisi: Ham=1633, Voltaj=1633.000V
2025-11-16 15:30:04 - spektroskopi - INFO - Raspberry Pi verisi işlendi: SENSOR_5 = 1633.000V
2025-11-16 15:30:04 - spektroskopi - INFO - Raspberry Pi'dan veri alındı: 6e400004-b5a3-f393-e0a9-e50e24dcca9e (Handle: 11): Unknown, uzunluk: 2
2025-11-16 15:30:04 - spektroskopi - INFO - Raspberry Pi verisi: Ham=1314, Voltaj=1314.000V
2025-11-16 15:30:04 - spektroskopi - INFO - Raspberry Pi verisi işlendi: SENSOR_7 = 1314.000V
2025-11-16 15:30:05 - spektroskopi - INFO - Raspberry Pi'dan veri alındı: 6e400002-b5a3-f393-e0a9-e50e24dcca9e (Handle: 19): Nordic UART RX, uzunluk: 2
2025-11-16 15:30:05 - spektroskopi - INFO - Raspberry Pi verisi: Ham=3254, Voltaj=3254.000V
2025-11-16 15:30:05 - spektroskopi - INFO - Raspberry Pi verisi işlendi: SENSOR_2 = 3254.000V
2025-11-16 15:30:05 - spektroskopi - INFO - Raspberry Pi'dan veri alındı: 6e400005-b5a3-f393-e0a9-e50e24dcca9e (Handle: 16): Unknown, uzunluk: 2
2025-11-16 15:30:05 - spektroskopi - INFO - Raspberry Pi verisi: Ham=3254, Voltaj=3254.000V
2025-11-16 15:30:05 - spektroskopi - INFO - Raspberry Pi verisi işlendi: SENSOR_EXTRA = 3254.000V
2025-11-16 15:30:05 - spektroskopi - INFO - Raspberry Pi'dan veri alındı: 6e400003-b5a3-f393-e0a9-e50e24dcca9e (Handle: 8): Nordic UART TX, uzunluk: 2
2025-11-16 15:30:05 - spektroskopi - INFO - Raspberry Pi verisi: Ham=1627, Voltaj=1627.000V
2025-11-16 15:30:05 - spektroskopi - INFO - Raspberry Pi verisi işlendi: SENSOR_5 = 1627.000V
2025-11-16 15:30:05 - spektroskopi - INFO - Raspberry Pi'dan veri alındı: 6e400004-b5a3-f393-e0a9-e50e24dcca9e (Handle: 11): Unknown, uzunluk: 2
2025-11-16 15:30:05 - spektroskopi - INFO - Raspberry Pi verisi: Ham=1310, Voltaj=1310.000V
2025-11-16 15:30:05 - spektroskopi - INFO - Raspberry Pi verisi işlendi: SENSOR_7 = 1310.000V
2025-11-16 15:30:05 - spektroskopi - WARNING - Zaman sıralama düzeltildi: 2025-11-16 15:30:05.300430
2025-11-16 15:30:05 - spektroskopi - WARNING - Zaman sıralama düzeltildi: 2025-11-16 15:30:05.301430
2025-11-16 15:30:05 - spektroskopi - WARNING - Zaman sıralama düzeltildi: 2025-11-16 15:30:05.302430
2025-11-16 15:30:05 - spektroskopi - WARNING - Zaman sıralama düzeltildi: 2025-11-16 15:30:05.303430
2025-11-16 15:30:05 - spektroskopi - WARNING - Zaman sıralama düzeltildi: 2025-11-16 15:30:05.304430
2025-11-16 15:30:05 - spektroskopi - WARNING - Zaman sıralama düzeltildi: 2025-11-16 15:30:05.305430
2025-11-16 15:30:05 - spektroskopi - WARNING - Zaman sıralama düzeltildi: 2025-11-16 15:30:05.306430
2025-11-16 15:30:05 - spektroskopi - WARNING - Zaman sıralama düzeltildi: 2025-11-16 15:30:05.307430
2025-11-16 15:30:05 - spektroskopi - WARNING - Zaman sıralama düzeltildi: 2025-11-16 15:30:05.308430
2025-11-16 15:30:05 - spektroskopi - WARNING - Zaman sıralama düzeltildi: 2025-11-16 15:30:05.309430
2025-11-16 15:30:05 - spektroskopi - WARNING - Zaman sıralama düzeltildi: 2025-11-16 15:30:05.310430
2025-11-16 15:30:05 - spektroskopi - WARNING - Zaman sıralama düzeltildi: 2025-11-16 15:30:05.311430
2025-11-16 15:30:05 - spektroskopi - INFO - Raspberry Pi'dan veri alındı: 6e400002-b5a3-f393-e0a9-e50e24dcca9e (Handle: 19): Nordic UART RX, uzunluk: 2
2025-11-16 15:30:05 - spektroskopi - INFO - Raspberry Pi verisi: Ham=3255, Voltaj=3255.000V
2025-11-16 15:30:05 - spektroskopi - INFO - Raspberry Pi verisi işlendi: SENSOR_2 = 3255.000V
2025-11-16 15:30:05 - spektroskopi - INFO - Raspberry Pi'dan veri alındı: 6e400005-b5a3-f393-e0a9-e50e24dcca9e (Handle: 16): Unknown, uzunluk: 2
2025-11-16 15:30:05 - spektroskopi - INFO - Raspberry Pi verisi: Ham=3254, Voltaj=3254.000V
2025-11-16 15:30:05 - spektroskopi - INFO - Raspberry Pi verisi işlendi: SENSOR_EXTRA = 3254.000V
2025-11-16 15:30:05 - spektroskopi - INFO - Raspberry Pi'dan veri alındı: 6e400003-b5a3-f393-e0a9-e50e24dcca9e (Handle: 8): Nordic UART TX, uzunluk: 2
2025-11-16 15:30:05 - spektroskopi - INFO - Raspberry Pi verisi: Ham=1628, Voltaj=1628.000V
2025-11-16 15:30:05 - spektroskopi - INFO - Raspberry Pi verisi işlendi: SENSOR_5 = 1628.000V
2025-11-16 15:30:05 - spektroskopi - INFO - Raspberry Pi'dan veri alındı: 6e400004-b5a3-f393-e0a9-e50e24dcca9e (Handle: 11): Unknown, uzunluk: 2
2025-11-16 15:30:05 - spektroskopi - INFO - Raspberry Pi verisi: Ham=1311, Voltaj=1311.000V
2025-11-16 15:30:05 - spektroskopi - INFO - Raspberry Pi verisi işlendi: SENSOR_7 = 1311.000V
2025-11-16 15:30:05 - spektroskopi - INFO - Raspberry Pi'dan veri alındı: 6e400002-b5a3-f393-e0a9-e50e24dcca9e (Handle: 19): Nordic UART RX, uzunluk: 2
2025-11-16 15:30:05 - spektroskopi - INFO - Raspberry Pi verisi: Ham=3255, Voltaj=3255.000V
2025-11-16 15:30:05 - spektroskopi - INFO - Raspberry Pi verisi işlendi: SENSOR_2 = 3255.000V
2025-11-16 15:30:05 - spektroskopi - INFO - Raspberry Pi'dan veri alındı: 6e400005-b5a3-f393-e0a9-e50e24dcca9e (Handle: 16): Unknown, uzunluk: 2
2025-11-16 15:30:05 - spektroskopi - INFO - Raspberry Pi verisi: Ham=3255, Voltaj=3255.000V
2025-11-16 15:30:05 - spektroskopi - INFO - Raspberry Pi verisi işlendi: SENSOR_EXTRA = 3255.000V
2025-11-16 15:30:05 - spektroskopi - INFO - Raspberry Pi'dan veri alındı: 6e400003-b5a3-f393-e0a9-e50e24dcca9e (Handle: 8): Nordic UART TX, uzunluk: 2
2025-11-16 15:30:05 - spektroskopi - INFO - Raspberry Pi verisi: Ham=1628, Voltaj=1628.000V
2025-11-16 15:30:05 - spektroskopi - INFO - Raspberry Pi verisi işlendi: SENSOR_5 = 1628.000V
2025-11-16 15:30:05 - spektroskopi - INFO - Raspberry Pi'dan veri alındı: 6e400004-b5a3-f393-e0a9-e50e24dcca9e (Handle: 11): Unknown, uzunluk: 2
2025-11-16 15:30:05 - spektroskopi - INFO - Raspberry Pi verisi: Ham=1310, Voltaj=1310.000V
2025-11-16 15:30:05 - spektroskopi - INFO - Raspberry Pi verisi işlendi: SENSOR_7 = 1310.000V
2025-11-16 15:30:06 - spektroskopi - INFO - Raspberry Pi'dan veri alındı: 6e400002-b5a3-f393-e0a9-e50e24dcca9e (Handle: 19): Nordic UART RX, uzunluk: 2
2025-11-16 15:30:06 - spektroskopi - INFO - Raspberry Pi verisi: Ham=3255, Voltaj=3255.000V
2025-11-16 15:30:06 - spektroskopi - INFO - Raspberry Pi verisi işlendi: SENSOR_2 = 3255.000V
2025-11-16 15:30:06 - spektroskopi - INFO - Raspberry Pi'dan veri alındı: 6e400005-b5a3-f393-e0a9-e50e24dcca9e (Handle: 16): Unknown, uzunluk: 2
2025-11-16 15:30:06 - spektroskopi - INFO - Raspberry Pi verisi: Ham=3255, Voltaj=3255.000V
2025-11-16 15:30:06 - spektroskopi - INFO - Raspberry Pi verisi işlendi: SENSOR_EXTRA = 3255.000V
2025-11-16 15:30:06 - spektroskopi - INFO - Raspberry Pi'dan veri alındı: 6e400003-b5a3-f393-e0a9-e50e24dcca9e (Handle: 8): Nordic UART TX, uzunluk: 2
2025-11-16 15:30:06 - spektroskopi - INFO - Raspberry Pi verisi: Ham=1624, Voltaj=1624.000V
2025-11-16 15:30:06 - spektroskopi - INFO - Raspberry Pi verisi işlendi: SENSOR_5 = 1624.000V
2025-11-16 15:30:06 - spektroskopi - INFO - Raspberry Pi'dan veri alındı: 6e400004-b5a3-f393-e0a9-e50e24dcca9e (Handle: 11): Unknown, uzunluk: 2
2025-11-16 15:30:06 - spektroskopi - INFO - Raspberry Pi verisi: Ham=1308, Voltaj=1308.000V
2025-11-16 15:30:06 - spektroskopi - INFO - Raspberry Pi verisi işlendi: SENSOR_7 = 1308.000V
2025-11-16 15:30:06 - spektroskopi - WARNING - Zaman sıralama düzeltildi: 2025-11-16 15:30:06.290323
2025-11-16 15:30:06 - spektroskopi - WARNING - Zaman sıralama düzeltildi: 2025-11-16 15:30:06.291323
2025-11-16 15:30:06 - spektroskopi - WARNING - Zaman sıralama düzeltildi: 2025-11-16 15:30:06.292323
2025-11-16 15:30:06 - spektroskopi - WARNING - Zaman sıralama düzeltildi: 2025-11-16 15:30:06.293323
2025-11-16 15:30:06 - spektroskopi - WARNING - Zaman sıralama düzeltildi: 2025-11-16 15:30:06.294323
2025-11-16 15:30:06 - spektroskopi - WARNING - Zaman sıralama düzeltildi: 2025-11-16 15:30:06.295323
2025-11-16 15:30:06 - spektroskopi - WARNING - Zaman sıralama düzeltildi: 2025-11-16 15:30:06.296323
2025-11-16 15:30:06 - spektroskopi - WARNING - Zaman sıralama düzeltildi: 2025-11-16 15:30:06.297323
2025-11-16 15:30:06 - spektroskopi - WARNING - Zaman sıralama düzeltildi: 2025-11-16 15:30:06.298323
2025-11-16 15:30:06 - spektroskopi - WARNING - Zaman sıralama düzeltildi: 2025-11-16 15:30:06.299323
2025-11-16 15:30:06 - spektroskopi - WARNING - Zaman sıralama düzeltildi: 2025-11-16 15:30:06.300323
2025-11-16 15:30:06 - spektroskopi - WARNING - Zaman sıralama düzeltildi: 2025-11-16 15:30:06.301323
2025-11-16 15:30:06 - spektroskopi - INFO - Raspberry Pi'dan veri alındı: 6e400002-b5a3-f393-e0a9-e50e24dcca9e (Handle: 19): Nordic UART RX, uzunluk: 2
2025-11-16 15:30:06 - spektroskopi - INFO - Raspberry Pi verisi: Ham=3255, Voltaj=3255.000V
2025-11-16 15:30:06 - spektroskopi - INFO - Raspberry Pi verisi işlendi: SENSOR_2 = 3255.000V
2025-11-16 15:30:06 - spektroskopi - INFO - Raspberry Pi'dan veri alındı: 6e400005-b5a3-f393-e0a9-e50e24dcca9e (Handle: 16): Unknown, uzunluk: 2
2025-11-16 15:30:06 - spektroskopi - INFO - Raspberry Pi verisi: Ham=3255, Voltaj=3255.000V
2025-11-16 15:30:06 - spektroskopi - INFO - Raspberry Pi verisi işlendi: SENSOR_EXTRA = 3255.000V
2025-11-16 15:30:06 - spektroskopi - INFO - Raspberry Pi'dan veri alındı: 6e400003-b5a3-f393-e0a9-e50e24dcca9e (Handle: 8): Nordic UART TX, uzunluk: 2
2025-11-16 15:30:06 - spektroskopi - INFO - Raspberry Pi verisi: Ham=1626, Voltaj=1626.000V
2025-11-16 15:30:06 - spektroskopi - INFO - Raspberry Pi verisi işlendi: SENSOR_5 = 1626.000V
2025-11-16 15:30:06 - spektroskopi - INFO - Raspberry Pi'dan veri alındı: 6e400004-b5a3-f393-e0a9-e50e24dcca9e (Handle: 11): Unknown, uzunluk: 2
2025-11-16 15:30:06 - spektroskopi - INFO - Raspberry Pi verisi: Ham=1309, Voltaj=1309.000V
2025-11-16 15:30:06 - spektroskopi - INFO - Raspberry Pi verisi işlendi: SENSOR_7 = 1309.000V
2025-11-16 15:30:06 - spektroskopi - INFO - Raspberry Pi'dan veri alındı: 6e400002-b5a3-f393-e0a9-e50e24dcca9e (Handle: 19): Nordic UART RX, uzunluk: 2
2025-11-16 15:30:06 - spektroskopi - INFO - Raspberry Pi verisi: Ham=3255, Voltaj=3255.000V
2025-11-16 15:30:06 - spektroskopi - INFO - Raspberry Pi verisi işlendi: SENSOR_2 = 3255.000V
2025-11-16 15:30:06 - spektroskopi - INFO - Raspberry Pi'dan veri alındı: 6e400005-b5a3-f393-e0a9-e50e24dcca9e (Handle: 16): Unknown, uzunluk: 2
2025-11-16 15:30:06 - spektroskopi - INFO - Raspberry Pi verisi: Ham=3255, Voltaj=3255.000V
2025-11-16 15:30:06 - spektroskopi - INFO - Raspberry Pi verisi işlendi: SENSOR_EXTRA = 3255.000V
2025-11-16 15:30:06 - spektroskopi - INFO - Raspberry Pi'dan veri alındı: 6e400003-b5a3-f393-e0a9-e50e24dcca9e (Handle: 8): Nordic UART TX, uzunluk: 2
2025-11-16 15:30:06 - spektroskopi - INFO - Raspberry Pi verisi: Ham=1628, Voltaj=1628.000V
2025-11-16 15:30:06 - spektroskopi - INFO - Raspberry Pi verisi işlendi: SENSOR_5 = 1628.000V
2025-11-16 15:30:06 - spektroskopi - INFO - Raspberry Pi'dan veri alındı: 6e400004-b5a3-f393-e0a9-e50e24dcca9e (Handle: 11): Unknown, uzunluk: 2
2025-11-16 15:30:06 - spektroskopi - INFO - Raspberry Pi verisi: Ham=1310, Voltaj=1310.000V
2025-11-16 15:30:06 - spektroskopi - INFO - Raspberry Pi verisi işlendi: SENSOR_7 = 1310.000V
2025-11-16 15:30:07 - spektroskopi - INFO - Raspberry Pi'dan veri alındı: 6e400002-b5a3-f393-e0a9-e50e24dcca9e (Handle: 19): Nordic UART RX, uzunluk: 2
2025-11-16 15:30:07 - spektroskopi - INFO - Raspberry Pi verisi: Ham=3255, Voltaj=3255.000V
2025-11-16 15:30:07 - spektroskopi - INFO - Raspberry Pi verisi işlendi: SENSOR_2 = 3255.000V
2025-11-16 15:30:07 - spektroskopi - INFO - Raspberry Pi'dan veri alındı: 6e400005-b5a3-f393-e0a9-e50e24dcca9e (Handle: 16): Unknown, uzunluk: 2
2025-11-16 15:30:07 - spektroskopi - INFO - Raspberry Pi verisi: Ham=3254, Voltaj=3254.000V
2025-11-16 15:30:07 - spektroskopi - INFO - Raspberry Pi verisi işlendi: SENSOR_EXTRA = 3254.000V
2025-11-16 15:30:07 - spektroskopi - INFO - Raspberry Pi'dan veri alındı: 6e400003-b5a3-f393-e0a9-e50e24dcca9e (Handle: 8): Nordic UART TX, uzunluk: 2
2025-11-16 15:30:07 - spektroskopi - INFO - Raspberry Pi verisi: Ham=1625, Voltaj=1625.000V
2025-11-16 15:30:07 - spektroskopi - INFO - Raspberry Pi verisi işlendi: SENSOR_5 = 1625.000V
2025-11-16 15:30:07 - spektroskopi - INFO - Raspberry Pi'dan veri alındı: 6e400004-b5a3-f393-e0a9-e50e24dcca9e (Handle: 11): Unknown, uzunluk: 2
2025-11-16 15:30:07 - spektroskopi - INFO - Raspberry Pi verisi: Ham=1307, Voltaj=1307.000V
2025-11-16 15:30:07 - spektroskopi - INFO - Raspberry Pi verisi işlendi: SENSOR_7 = 1307.000V
2025-11-16 15:30:07 - spektroskopi - WARNING - Zaman sıralama düzeltildi: 2025-11-16 15:30:07.310363
2025-11-16 15:30:07 - spektroskopi - WARNING - Zaman sıralama düzeltildi: 2025-11-16 15:30:07.311363
2025-11-16 15:30:07 - spektroskopi - WARNING - Zaman sıralama düzeltildi: 2025-11-16 15:30:07.312363
2025-11-16 15:30:07 - spektroskopi - WARNING - Zaman sıralama düzeltildi: 2025-11-16 15:30:07.313363
2025-11-16 15:30:07 - spektroskopi - WARNING - Zaman sıralama düzeltildi: 2025-11-16 15:30:07.314363
2025-11-16 15:30:07 - spektroskopi - WARNING - Zaman sıralama düzeltildi: 2025-11-16 15:30:07.315363
2025-11-16 15:30:07 - spektroskopi - WARNING - Zaman sıralama düzeltildi: 2025-11-16 15:30:07.316363
2025-11-16 15:30:07 - spektroskopi - WARNING - Zaman sıralama düzeltildi: 2025-11-16 15:30:07.317363
2025-11-16 15:30:07 - spektroskopi - WARNING - Zaman sıralama düzeltildi: 2025-11-16 15:30:07.318363
2025-11-16 15:30:07 - spektroskopi - WARNING - Zaman sıralama düzeltildi: 2025-11-16 15:30:07.319363
2025-11-16 15:30:07 - spektroskopi - WARNING - Zaman sıralama düzeltildi: 2025-11-16 15:30:07.320363
2025-11-16 15:30:07 - spektroskopi - WARNING - Zaman sıralama düzeltildi: 2025-11-16 15:30:07.321363
2025-11-16 15:30:07 - spektroskopi - INFO - Raspberry Pi'dan veri alındı: 6e400002-b5a3-f393-e0a9-e50e24dcca9e (Handle: 19): Nordic UART RX, uzunluk: 2
2025-11-16 15:30:07 - spektroskopi - INFO - Raspberry Pi verisi: Ham=3255, Voltaj=3255.000V
2025-11-16 15:30:07 - spektroskopi - INFO - Raspberry Pi verisi işlendi: SENSOR_2 = 3255.000V
2025-11-16 15:30:07 - spektroskopi - INFO - Raspberry Pi'dan veri alındı: 6e400005-b5a3-f393-e0a9-e50e24dcca9e (Handle: 16): Unknown, uzunluk: 2
2025-11-16 15:30:07 - spektroskopi - INFO - Raspberry Pi verisi: Ham=3254, Voltaj=3254.000V
2025-11-16 15:30:07 - spektroskopi - INFO - Raspberry Pi verisi işlendi: SENSOR_EXTRA = 3254.000V
2025-11-16 15:30:07 - spektroskopi - INFO - Raspberry Pi'dan veri alındı: 6e400003-b5a3-f393-e0a9-e50e24dcca9e (Handle: 8): Nordic UART TX, uzunluk: 2
2025-11-16 15:30:07 - spektroskopi - INFO - Raspberry Pi verisi: Ham=1624, Voltaj=1624.000V
2025-11-16 15:30:07 - spektroskopi - INFO - Raspberry Pi verisi işlendi: SENSOR_5 = 1624.000V
2025-11-16 15:30:07 - spektroskopi - INFO - Raspberry Pi'dan veri alındı: 6e400004-b5a3-f393-e0a9-e50e24dcca9e (Handle: 11): Unknown, uzunluk: 2
2025-11-16 15:30:07 - spektroskopi - INFO - Raspberry Pi verisi: Ham=1306, Voltaj=1306.000V
2025-11-16 15:30:07 - spektroskopi - INFO - Raspberry Pi verisi işlendi: SENSOR_7 = 1306.000V
2025-11-16 15:30:07 - spektroskopi - INFO - Raspberry Pi'dan veri alındı: 6e400002-b5a3-f393-e0a9-e50e24dcca9e (Handle: 19): Nordic UART RX, uzunluk: 2
2025-11-16 15:30:07 - spektroskopi - INFO - Raspberry Pi verisi: Ham=3255, Voltaj=3255.000V
2025-11-16 15:30:07 - spektroskopi - INFO - Raspberry Pi verisi işlendi: SENSOR_2 = 3255.000V
2025-11-16 15:30:07 - spektroskopi - INFO - Raspberry Pi'dan veri alındı: 6e400005-b5a3-f393-e0a9-e50e24dcca9e (Handle: 16): Unknown, uzunluk: 2
2025-11-16 15:30:07 - spektroskopi - INFO - Raspberry Pi verisi: Ham=3254, Voltaj=3254.000V
2025-11-16 15:30:07 - spektroskopi - INFO - Raspberry Pi verisi işlendi: SENSOR_EXTRA = 3254.000V
2025-11-16 15:30:07 - spektroskopi - INFO - Raspberry Pi'dan veri alındı: 6e400003-b5a3-f393-e0a9-e50e24dcca9e (Handle: 8): Nordic UART TX, uzunluk: 2
2025-11-16 15:30:07 - spektroskopi - INFO - Raspberry Pi verisi: Ham=1625, Voltaj=1625.000V
2025-11-16 15:30:07 - spektroskopi - INFO - Raspberry Pi verisi işlendi: SENSOR_5 = 1625.000V
2025-11-16 15:30:07 - spektroskopi - INFO - Raspberry Pi'dan veri alındı: 6e400004-b5a3-f393-e0a9-e50e24dcca9e (Handle: 11): Unknown, uzunluk: 2
2025-11-16 15:30:07 - spektroskopi - INFO - Raspberry Pi verisi: Ham=1307, Voltaj=1307.000V
2025-11-16 15:30:07 - spektroskopi - INFO - Raspberry Pi verisi işlendi: SENSOR_7 = 1307.000V
2025-11-16 15:30:08 - spektroskopi - INFO - Raspberry Pi'dan veri alındı: 6e400002-b5a3-f393-e0a9-e50e24dcca9e (Handle: 19): Nordic UART RX, uzunluk: 2
2025-11-16 15:30:08 - spektroskopi - INFO - Raspberry Pi verisi: Ham=3255, Voltaj=3255.000V
2025-11-16 15:30:08 - spektroskopi - INFO - Raspberry Pi verisi işlendi: SENSOR_2 = 3255.000V
2025-11-16 15:30:08 - spektroskopi - INFO - Raspberry Pi'dan veri alındı: 6e400005-b5a3-f393-e0a9-e50e24dcca9e (Handle: 16): Unknown, uzunluk: 2
2025-11-16 15:30:08 - spektroskopi - INFO - Raspberry Pi verisi: Ham=3254, Voltaj=3254.000V
2025-11-16 15:30:08 - spektroskopi - INFO - Raspberry Pi verisi işlendi: SENSOR_EXTRA = 3254.000V
2025-11-16 15:30:08 - spektroskopi - INFO - Raspberry Pi'dan veri alındı: 6e400003-b5a3-f393-e0a9-e50e24dcca9e (Handle: 8): Nordic UART TX, uzunluk: 2
2025-11-16 15:30:08 - spektroskopi - INFO - Raspberry Pi verisi: Ham=1625, Voltaj=1625.000V
2025-11-16 15:30:08 - spektroskopi - INFO - Raspberry Pi verisi işlendi: SENSOR_5 = 1625.000V
2025-11-16 15:30:08 - spektroskopi - INFO - Raspberry Pi'dan veri alındı: 6e400004-b5a3-f393-e0a9-e50e24dcca9e (Handle: 11): Unknown, uzunluk: 2
2025-11-16 15:30:08 - spektroskopi - INFO - Raspberry Pi verisi: Ham=1307, Voltaj=1307.000V
2025-11-16 15:30:08 - spektroskopi - INFO - Raspberry Pi verisi işlendi: SENSOR_7 = 1307.000V
2025-11-16 15:30:08 - spektroskopi - WARNING - Zaman sıralama düzeltildi: 2025-11-16 15:30:08.301455
2025-11-16 15:30:08 - spektroskopi - WARNING - Zaman sıralama düzeltildi: 2025-11-16 15:30:08.302455
2025-11-16 15:30:08 - spektroskopi - WARNING - Zaman sıralama düzeltildi: 2025-11-16 15:30:08.303455
2025-11-16 15:30:08 - spektroskopi - WARNING - Zaman sıralama düzeltildi: 2025-11-16 15:30:08.304455
2025-11-16 15:30:08 - spektroskopi - WARNING - Zaman sıralama düzeltildi: 2025-11-16 15:30:08.305455
2025-11-16 15:30:08 - spektroskopi - WARNING - Zaman sıralama düzeltildi: 2025-11-16 15:30:08.306455
2025-11-16 15:30:08 - spektroskopi - WARNING - Zaman sıralama düzeltildi: 2025-11-16 15:30:08.307455
2025-11-16 15:30:08 - spektroskopi - WARNING - Zaman sıralama düzeltildi: 2025-11-16 15:30:08.308455
2025-11-16 15:30:08 - spektroskopi - WARNING - Zaman sıralama düzeltildi: 2025-11-16 15:30:08.309455
2025-11-16 15:30:08 - spektroskopi - WARNING - Zaman sıralama düzeltildi: 2025-11-16 15:30:08.310455
2025-11-16 15:30:08 - spektroskopi - WARNING - Zaman sıralama düzeltildi: 2025-11-16 15:30:08.311455
2025-11-16 15:30:08 - spektroskopi - WARNING - Zaman sıralama düzeltildi: 2025-11-16 15:30:08.312455
2025-11-16 15:30:08 - spektroskopi - INFO - Raspberry Pi'dan veri alındı: 6e400002-b5a3-f393-e0a9-e50e24dcca9e (Handle: 19): Nordic UART RX, uzunluk: 2
2025-11-16 15:30:08 - spektroskopi - INFO - Raspberry Pi verisi: Ham=3255, Voltaj=3255.000V
2025-11-16 15:30:08 - spektroskopi - INFO - Raspberry Pi verisi işlendi: SENSOR_2 = 3255.000V
2025-11-16 15:30:08 - spektroskopi - INFO - Raspberry Pi'dan veri alındı: 6e400005-b5a3-f393-e0a9-e50e24dcca9e (Handle: 16): Unknown, uzunluk: 2
2025-11-16 15:30:08 - spektroskopi - INFO - Raspberry Pi verisi: Ham=3255, Voltaj=3255.000V
2025-11-16 15:30:08 - spektroskopi - INFO - Raspberry Pi verisi işlendi: SENSOR_EXTRA = 3255.000V
2025-11-16 15:30:08 - spektroskopi - INFO - Raspberry Pi'dan veri alındı: 6e400003-b5a3-f393-e0a9-e50e24dcca9e (Handle: 8): Nordic UART TX, uzunluk: 2
2025-11-16 15:30:08 - spektroskopi - INFO - Raspberry Pi verisi: Ham=1624, Voltaj=1624.000V
2025-11-16 15:30:08 - spektroskopi - INFO - Raspberry Pi verisi işlendi: SENSOR_5 = 1624.000V
2025-11-16 15:30:08 - spektroskopi - INFO - Raspberry Pi'dan veri alındı: 6e400004-b5a3-f393-e0a9-e50e24dcca9e (Handle: 11): Unknown, uzunluk: 2
2025-11-16 15:30:08 - spektroskopi - INFO - Raspberry Pi verisi: Ham=1306, Voltaj=1306.000V
2025-11-16 15:30:08 - spektroskopi - INFO - Raspberry Pi verisi işlendi: SENSOR_7 = 1306.000V
2025-11-16 15:30:08 - spektroskopi - INFO - Raspberry Pi'dan veri alındı: 6e400002-b5a3-f393-e0a9-e50e24dcca9e (Handle: 19): Nordic UART RX, uzunluk: 2
2025-11-16 15:30:08 - spektroskopi - INFO - Raspberry Pi verisi: Ham=3255, Voltaj=3255.000V
2025-11-16 15:30:08 - spektroskopi - INFO - Raspberry Pi verisi işlendi: SENSOR_2 = 3255.000V
2025-11-16 15:30:08 - spektroskopi - INFO - Raspberry Pi'dan veri alındı: 6e400005-b5a3-f393-e0a9-e50e24dcca9e (Handle: 16): Unknown, uzunluk: 2
2025-11-16 15:30:08 - spektroskopi - INFO - Raspberry Pi verisi: Ham=3254, Voltaj=3254.000V
2025-11-16 15:30:08 - spektroskopi - INFO - Raspberry Pi verisi işlendi: SENSOR_EXTRA = 3254.000V
2025-11-16 15:30:08 - spektroskopi - INFO - Raspberry Pi'dan veri alındı: 6e400003-b5a3-f393-e0a9-e50e24dcca9e (Handle: 8): Nordic UART TX, uzunluk: 2
2025-11-16 15:30:08 - spektroskopi - INFO - Raspberry Pi verisi: Ham=1624, Voltaj=1624.000V
2025-11-16 15:30:08 - spektroskopi - INFO - Raspberry Pi verisi işlendi: SENSOR_5 = 1624.000V
2025-11-16 15:30:08 - spektroskopi - INFO - Raspberry Pi'dan veri alındı: 6e400004-b5a3-f393-e0a9-e50e24dcca9e (Handle: 11): Unknown, uzunluk: 2
2025-11-16 15:30:08 - spektroskopi - INFO - Raspberry Pi verisi: Ham=1310, Voltaj=1310.000V
2025-11-16 15:30:08 - spektroskopi - INFO - Raspberry Pi verisi işlendi: SENSOR_7 = 1310.000V
2025-11-16 15:30:09 - spektroskopi - INFO - Raspberry Pi'dan veri alındı: 6e400002-b5a3-f393-e0a9-e50e24dcca9e (Handle: 19): Nordic UART RX, uzunluk: 2
2025-11-16 15:30:09 - spektroskopi - INFO - Raspberry Pi verisi: Ham=3254, Voltaj=3254.000V
2025-11-16 15:30:09 - spektroskopi - INFO - Raspberry Pi verisi işlendi: SENSOR_2 = 3254.000V
2025-11-16 15:30:09 - spektroskopi - INFO - Raspberry Pi'dan veri alındı: 6e400005-b5a3-f393-e0a9-e50e24dcca9e (Handle: 16): Unknown, uzunluk: 2
2025-11-16 15:30:09 - spektroskopi - INFO - Raspberry Pi verisi: Ham=3255, Voltaj=3255.000V
2025-11-16 15:30:09 - spektroskopi - INFO - Raspberry Pi verisi işlendi: SENSOR_EXTRA = 3255.000V
2025-11-16 15:30:09 - spektroskopi - INFO - Raspberry Pi'dan veri alındı: 6e400003-b5a3-f393-e0a9-e50e24dcca9e (Handle: 8): Nordic UART TX, uzunluk: 2
2025-11-16 15:30:09 - spektroskopi - INFO - Raspberry Pi verisi: Ham=1628, Voltaj=1628.000V
2025-11-16 15:30:09 - spektroskopi - INFO - Raspberry Pi verisi işlendi: SENSOR_5 = 1628.000V
2025-11-16 15:30:09 - spektroskopi - INFO - Raspberry Pi'dan veri alındı: 6e400004-b5a3-f393-e0a9-e50e24dcca9e (Handle: 11): Unknown, uzunluk: 2
2025-11-16 15:30:09 - spektroskopi - INFO - Raspberry Pi verisi: Ham=1310, Voltaj=1310.000V
2025-11-16 15:30:09 - spektroskopi - INFO - Raspberry Pi verisi işlendi: SENSOR_7 = 1310.000V
2025-11-16 15:30:09 - spektroskopi - WARNING - Zaman sıralama düzeltildi: 2025-11-16 15:30:09.289601
2025-11-16 15:30:09 - spektroskopi - WARNING - Zaman sıralama düzeltildi: 2025-11-16 15:30:09.290601
2025-11-16 15:30:09 - spektroskopi - WARNING - Zaman sıralama düzeltildi: 2025-11-16 15:30:09.291601
2025-11-16 15:30:09 - spektroskopi - WARNING - Zaman sıralama düzeltildi: 2025-11-16 15:30:09.292601
2025-11-16 15:30:09 - spektroskopi - WARNING - Zaman sıralama düzeltildi: 2025-11-16 15:30:09.293601
2025-11-16 15:30:09 - spektroskopi - WARNING - Zaman sıralama düzeltildi: 2025-11-16 15:30:09.294601
2025-11-16 15:30:09 - spektroskopi - WARNING - Zaman sıralama düzeltildi: 2025-11-16 15:30:09.295601
2025-11-16 15:30:09 - spektroskopi - WARNING - Zaman sıralama düzeltildi: 2025-11-16 15:30:09.296601
2025-11-16 15:30:09 - spektroskopi - WARNING - Zaman sıralama düzeltildi: 2025-11-16 15:30:09.297601
2025-11-16 15:30:09 - spektroskopi - WARNING - Zaman sıralama düzeltildi: 2025-11-16 15:30:09.298601
2025-11-16 15:30:09 - spektroskopi - WARNING - Zaman sıralama düzeltildi: 2025-11-16 15:30:09.299601
2025-11-16 15:30:09 - spektroskopi - WARNING - Zaman sıralama düzeltildi: 2025-11-16 15:30:09.300601
2025-11-16 15:30:09 - spektroskopi - INFO - Raspberry Pi'dan veri alındı: 6e400002-b5a3-f393-e0a9-e50e24dcca9e (Handle: 19): Nordic UART RX, uzunluk: 2
2025-11-16 15:30:09 - spektroskopi - INFO - Raspberry Pi verisi: Ham=3255, Voltaj=3255.000V
2025-11-16 15:30:09 - spektroskopi - INFO - Raspberry Pi verisi işlendi: SENSOR_2 = 3255.000V
2025-11-16 15:30:09 - spektroskopi - INFO - Raspberry Pi'dan veri alındı: 6e400005-b5a3-f393-e0a9-e50e24dcca9e (Handle: 16): Unknown, uzunluk: 2
2025-11-16 15:30:09 - spektroskopi - INFO - Raspberry Pi verisi: Ham=3255, Voltaj=3255.000V
2025-11-16 15:30:09 - spektroskopi - INFO - Raspberry Pi verisi işlendi: SENSOR_EXTRA = 3255.000V
2025-11-16 15:30:09 - spektroskopi - INFO - Raspberry Pi'dan veri alındı: 6e400003-b5a3-f393-e0a9-e50e24dcca9e (Handle: 8): Nordic UART TX, uzunluk: 2
2025-11-16 15:30:09 - spektroskopi - INFO - Raspberry Pi verisi: Ham=1630, Voltaj=1630.000V
2025-11-16 15:30:09 - spektroskopi - INFO - Raspberry Pi verisi işlendi: SENSOR_5 = 1630.000V
2025-11-16 15:30:09 - spektroskopi - INFO - Raspberry Pi'dan veri alındı: 6e400004-b5a3-f393-e0a9-e50e24dcca9e (Handle: 11): Unknown, uzunluk: 2
2025-11-16 15:30:09 - spektroskopi - INFO - Raspberry Pi verisi: Ham=1313, Voltaj=1313.000V
2025-11-16 15:30:09 - spektroskopi - INFO - Raspberry Pi verisi işlendi: SENSOR_7 = 1313.000V
2025-11-16 15:30:09 - spektroskopi - INFO - Raspberry Pi'dan veri alındı: 6e400002-b5a3-f393-e0a9-e50e24dcca9e (Handle: 19): Nordic UART RX, uzunluk: 2
2025-11-16 15:30:09 - spektroskopi - INFO - Raspberry Pi verisi: Ham=3254, Voltaj=3254.000V
2025-11-16 15:30:09 - spektroskopi - INFO - Raspberry Pi verisi işlendi: SENSOR_2 = 3254.000V
2025-11-16 15:30:09 - spektroskopi - INFO - Raspberry Pi'dan veri alındı: 6e400005-b5a3-f393-e0a9-e50e24dcca9e (Handle: 16): Unknown, uzunluk: 2
2025-11-16 15:30:09 - spektroskopi - INFO - Raspberry Pi verisi: Ham=3254, Voltaj=3254.000V
2025-11-16 15:30:09 - spektroskopi - INFO - Raspberry Pi verisi işlendi: SENSOR_EXTRA = 3254.000V
2025-11-16 15:30:09 - spektroskopi - INFO - Raspberry Pi'dan veri alındı: 6e400003-b5a3-f393-e0a9-e50e24dcca9e (Handle: 8): Nordic UART TX, uzunluk: 2
2025-11-16 15:30:09 - spektroskopi - INFO - Raspberry Pi verisi: Ham=1630, Voltaj=1630.000V
2025-11-16 15:30:09 - spektroskopi - INFO - Raspberry Pi verisi işlendi: SENSOR_5 = 1630.000V
2025-11-16 15:30:09 - spektroskopi - INFO - Raspberry Pi'dan veri alındı: 6e400004-b5a3-f393-e0a9-e50e24dcca9e (Handle: 11): Unknown, uzunluk: 2
2025-11-16 15:30:09 - spektroskopi - INFO - Raspberry Pi verisi: Ham=1314, Voltaj=1314.000V
2025-11-16 15:30:09 - spektroskopi - INFO - Raspberry Pi verisi işlendi: SENSOR_7 = 1314.000V
2025-11-16 15:30:10 - spektroskopi - INFO - Raspberry Pi'dan veri alındı: 6e400002-b5a3-f393-e0a9-e50e24dcca9e (Handle: 19): Nordic UART RX, uzunluk: 2
2025-11-16 15:30:10 - spektroskopi - INFO - Raspberry Pi verisi: Ham=3254, Voltaj=3254.000V
2025-11-16 15:30:10 - spektroskopi - INFO - Raspberry Pi verisi işlendi: SENSOR_2 = 3254.000V
2025-11-16 15:30:10 - spektroskopi - INFO - Raspberry Pi'dan veri alındı: 6e400005-b5a3-f393-e0a9-e50e24dcca9e (Handle: 16): Unknown, uzunluk: 2
2025-11-16 15:30:10 - spektroskopi - INFO - Raspberry Pi verisi: Ham=3255, Voltaj=3255.000V
2025-11-16 15:30:10 - spektroskopi - INFO - Raspberry Pi verisi işlendi: SENSOR_EXTRA = 3255.000V
2025-11-16 15:30:10 - spektroskopi - INFO - Raspberry Pi'dan veri alındı: 6e400003-b5a3-f393-e0a9-e50e24dcca9e (Handle: 8): Nordic UART TX, uzunluk: 2
2025-11-16 15:30:10 - spektroskopi - INFO - Raspberry Pi verisi: Ham=1631, Voltaj=1631.000V
2025-11-16 15:30:10 - spektroskopi - INFO - Raspberry Pi verisi işlendi: SENSOR_5 = 1631.000V
2025-11-16 15:30:10 - spektroskopi - INFO - Raspberry Pi'dan veri alındı: 6e400004-b5a3-f393-e0a9-e50e24dcca9e (Handle: 11): Unknown, uzunluk: 2
2025-11-16 15:30:10 - spektroskopi - INFO - Raspberry Pi verisi: Ham=1314, Voltaj=1314.000V
2025-11-16 15:30:10 - spektroskopi - INFO - Raspberry Pi verisi işlendi: SENSOR_7 = 1314.000V
2025-11-16 15:30:10 - spektroskopi - WARNING - Zaman sıralama düzeltildi: 2025-11-16 15:30:10.310412
2025-11-16 15:30:10 - spektroskopi - WARNING - Zaman sıralama düzeltildi: 2025-11-16 15:30:10.311412
2025-11-16 15:30:10 - spektroskopi - WARNING - Zaman sıralama düzeltildi: 2025-11-16 15:30:10.312412
2025-11-16 15:30:10 - spektroskopi - WARNING - Zaman sıralama düzeltildi: 2025-11-16 15:30:10.313412
2025-11-16 15:30:10 - spektroskopi - WARNING - Zaman sıralama düzeltildi: 2025-11-16 15:30:10.314412
2025-11-16 15:30:10 - spektroskopi - WARNING - Zaman sıralama düzeltildi: 2025-11-16 15:30:10.315412
2025-11-16 15:30:10 - spektroskopi - WARNING - Zaman sıralama düzeltildi: 2025-11-16 15:30:10.316412
2025-11-16 15:30:10 - spektroskopi - WARNING - Zaman sıralama düzeltildi: 2025-11-16 15:30:10.317412
2025-11-16 15:30:10 - spektroskopi - WARNING - Zaman sıralama düzeltildi: 2025-11-16 15:30:10.318412
2025-11-16 15:30:10 - spektroskopi - WARNING - Zaman sıralama düzeltildi: 2025-11-16 15:30:10.319412
2025-11-16 15:30:10 - spektroskopi - WARNING - Zaman sıralama düzeltildi: 2025-11-16 15:30:10.320412
2025-11-16 15:30:10 - spektroskopi - WARNING - Zaman sıralama düzeltildi: 2025-11-16 15:30:10.321412
2025-11-16 15:30:10 - spektroskopi - INFO - Raspberry Pi'dan veri alındı: 6e400002-b5a3-f393-e0a9-e50e24dcca9e (Handle: 19): Nordic UART RX, uzunluk: 2
2025-11-16 15:30:10 - spektroskopi - INFO - Raspberry Pi verisi: Ham=3255, Voltaj=3255.000V
2025-11-16 15:30:10 - spektroskopi - INFO - Raspberry Pi verisi işlendi: SENSOR_2 = 3255.000V
2025-11-16 15:30:10 - spektroskopi - INFO - Raspberry Pi'dan veri alındı: 6e400005-b5a3-f393-e0a9-e50e24dcca9e (Handle: 16): Unknown, uzunluk: 2
2025-11-16 15:30:10 - spektroskopi - INFO - Raspberry Pi verisi: Ham=3255, Voltaj=3255.000V
2025-11-16 15:30:10 - spektroskopi - INFO - Raspberry Pi verisi işlendi: SENSOR_EXTRA = 3255.000V
2025-11-16 15:30:10 - spektroskopi - INFO - Raspberry Pi'dan veri alındı: 6e400003-b5a3-f393-e0a9-e50e24dcca9e (Handle: 8): Nordic UART TX, uzunluk: 2
2025-11-16 15:30:10 - spektroskopi - INFO - Raspberry Pi verisi: Ham=1632, Voltaj=1632.000V
2025-11-16 15:30:10 - spektroskopi - INFO - Raspberry Pi verisi işlendi: SENSOR_5 = 1632.000V
2025-11-16 15:30:10 - spektroskopi - INFO - Raspberry Pi'dan veri alındı: 6e400004-b5a3-f393-e0a9-e50e24dcca9e (Handle: 11): Unknown, uzunluk: 2
2025-11-16 15:30:10 - spektroskopi - INFO - Raspberry Pi verisi: Ham=1315, Voltaj=1315.000V
2025-11-16 15:30:10 - spektroskopi - INFO - Raspberry Pi verisi işlendi: SENSOR_7 = 1315.000V
2025-11-16 15:30:10 - spektroskopi - INFO - Raspberry Pi'dan veri alındı: 6e400002-b5a3-f393-e0a9-e50e24dcca9e (Handle: 19): Nordic UART RX, uzunluk: 2
2025-11-16 15:30:10 - spektroskopi - INFO - Raspberry Pi verisi: Ham=3255, Voltaj=3255.000V
2025-11-16 15:30:10 - spektroskopi - INFO - Raspberry Pi verisi işlendi: SENSOR_2 = 3255.000V
2025-11-16 15:30:10 - spektroskopi - INFO - Raspberry Pi'dan veri alındı: 6e400005-b5a3-f393-e0a9-e50e24dcca9e (Handle: 16): Unknown, uzunluk: 2
2025-11-16 15:30:10 - spektroskopi - INFO - Raspberry Pi verisi: Ham=3255, Voltaj=3255.000V
2025-11-16 15:30:10 - spektroskopi - INFO - Raspberry Pi verisi işlendi: SENSOR_EXTRA = 3255.000V
2025-11-16 15:30:10 - spektroskopi - INFO - Raspberry Pi'dan veri alındı: 6e400003-b5a3-f393-e0a9-e50e24dcca9e (Handle: 8): Nordic UART TX, uzunluk: 2
2025-11-16 15:30:10 - spektroskopi - INFO - Raspberry Pi verisi: Ham=1625, Voltaj=1625.000V
2025-11-16 15:30:10 - spektroskopi - INFO - Raspberry Pi verisi işlendi: SENSOR_5 = 1625.000V
2025-11-16 15:30:10 - spektroskopi - INFO - Raspberry Pi'dan veri alındı: 6e400004-b5a3-f393-e0a9-e50e24dcca9e (Handle: 11): Unknown, uzunluk: 2
2025-11-16 15:30:10 - spektroskopi - INFO - Raspberry Pi verisi: Ham=1309, Voltaj=1309.000V
2025-11-16 15:30:10 - spektroskopi - INFO - Raspberry Pi verisi işlendi: SENSOR_7 = 1309.000V
2025-11-16 15:30:11 - spektroskopi - INFO - Raspberry Pi'dan veri alındı: 6e400002-b5a3-f393-e0a9-e50e24dcca9e (Handle: 19): Nordic UART RX, uzunluk: 2
2025-11-16 15:30:11 - spektroskopi - INFO - Raspberry Pi verisi: Ham=3255, Voltaj=3255.000V
2025-11-16 15:30:11 - spektroskopi - INFO - Raspberry Pi verisi işlendi: SENSOR_2 = 3255.000V
2025-11-16 15:30:11 - spektroskopi - INFO - Raspberry Pi'dan veri alındı: 6e400005-b5a3-f393-e0a9-e50e24dcca9e (Handle: 16): Unknown, uzunluk: 2
2025-11-16 15:30:11 - spektroskopi - INFO - Raspberry Pi verisi: Ham=3254, Voltaj=3254.000V
2025-11-16 15:30:11 - spektroskopi - INFO - Raspberry Pi verisi işlendi: SENSOR_EXTRA = 3254.000V
2025-11-16 15:30:11 - spektroskopi - INFO - Raspberry Pi'dan veri alındı: 6e400003-b5a3-f393-e0a9-e50e24dcca9e (Handle: 8): Nordic UART TX, uzunluk: 2
2025-11-16 15:30:11 - spektroskopi - INFO - Raspberry Pi verisi: Ham=1627, Voltaj=1627.000V
2025-11-16 15:30:11 - spektroskopi - INFO - Raspberry Pi verisi işlendi: SENSOR_5 = 1627.000V
2025-11-16 15:30:11 - spektroskopi - INFO - Raspberry Pi'dan veri alındı: 6e400004-b5a3-f393-e0a9-e50e24dcca9e (Handle: 11): Unknown, uzunluk: 2
2025-11-16 15:30:11 - spektroskopi - INFO - Raspberry Pi verisi: Ham=1308, Voltaj=1308.000V
2025-11-16 15:30:11 - spektroskopi - INFO - Raspberry Pi verisi işlendi: SENSOR_7 = 1308.000V
2025-11-16 15:30:11 - spektroskopi - WARNING - Zaman sıralama düzeltildi: 2025-11-16 15:30:11.300415
2025-11-16 15:30:11 - spektroskopi - WARNING - Zaman sıralama düzeltildi: 2025-11-16 15:30:11.301415
2025-11-16 15:30:11 - spektroskopi - WARNING - Zaman sıralama düzeltildi: 2025-11-16 15:30:11.302415
2025-11-16 15:30:11 - spektroskopi - WARNING - Zaman sıralama düzeltildi: 2025-11-16 15:30:11.303415
2025-11-16 15:30:11 - spektroskopi - WARNING - Zaman sıralama düzeltildi: 2025-11-16 15:30:11.304415
2025-11-16 15:30:11 - spektroskopi - WARNING - Zaman sıralama düzeltildi: 2025-11-16 15:30:11.305415
2025-11-16 15:30:11 - spektroskopi - WARNING - Zaman sıralama düzeltildi: 2025-11-16 15:30:11.306415
2025-11-16 15:30:11 - spektroskopi - WARNING - Zaman sıralama düzeltildi: 2025-11-16 15:30:11.307415
2025-11-16 15:30:11 - spektroskopi - WARNING - Zaman sıralama düzeltildi: 2025-11-16 15:30:11.308415
2025-11-16 15:30:11 - spektroskopi - WARNING - Zaman sıralama düzeltildi: 2025-11-16 15:30:11.309415
2025-11-16 15:30:11 - spektroskopi - WARNING - Zaman sıralama düzeltildi: 2025-11-16 15:30:11.310415
2025-11-16 15:30:11 - spektroskopi - WARNING - Zaman sıralama düzeltildi: 2025-11-16 15:30:11.311415
2025-11-16 15:30:11 - spektroskopi - INFO - Raspberry Pi'dan veri alındı: 6e400002-b5a3-f393-e0a9-e50e24dcca9e (Handle: 19): Nordic UART RX, uzunluk: 2
2025-11-16 15:30:11 - spektroskopi - INFO - Raspberry Pi verisi: Ham=3254, Voltaj=3254.000V
2025-11-16 15:30:11 - spektroskopi - INFO - Raspberry Pi verisi işlendi: SENSOR_2 = 3254.000V
2025-11-16 15:30:11 - spektroskopi - INFO - Raspberry Pi'dan veri alındı: 6e400005-b5a3-f393-e0a9-e50e24dcca9e (Handle: 16): Unknown, uzunluk: 2
2025-11-16 15:30:11 - spektroskopi - INFO - Raspberry Pi verisi: Ham=3254, Voltaj=3254.000V
2025-11-16 15:30:11 - spektroskopi - INFO - Raspberry Pi verisi işlendi: SENSOR_EXTRA = 3254.000V
2025-11-16 15:30:11 - spektroskopi - INFO - Raspberry Pi'dan veri alındı: 6e400003-b5a3-f393-e0a9-e50e24dcca9e (Handle: 8): Nordic UART TX, uzunluk: 2
2025-11-16 15:30:11 - spektroskopi - INFO - Raspberry Pi verisi: Ham=1627, Voltaj=1627.000V
2025-11-16 15:30:11 - spektroskopi - INFO - Raspberry Pi verisi işlendi: SENSOR_5 = 1627.000V
2025-11-16 15:30:11 - spektroskopi - INFO - Raspberry Pi'dan veri alındı: 6e400004-b5a3-f393-e0a9-e50e24dcca9e (Handle: 11): Unknown, uzunluk: 2
2025-11-16 15:30:11 - spektroskopi - INFO - Raspberry Pi verisi: Ham=1309, Voltaj=1309.000V
2025-11-16 15:30:11 - spektroskopi - INFO - Raspberry Pi verisi işlendi: SENSOR_7 = 1309.000V
2025-11-16 15:30:11 - spektroskopi - INFO - Raspberry Pi'dan veri alındı: 6e400002-b5a3-f393-e0a9-e50e24dcca9e (Handle: 19): Nordic UART RX, uzunluk: 2
2025-11-16 15:30:11 - spektroskopi - INFO - Raspberry Pi verisi: Ham=3254, Voltaj=3254.000V
2025-11-16 15:30:11 - spektroskopi - INFO - Raspberry Pi verisi işlendi: SENSOR_2 = 3254.000V
2025-11-16 15:30:11 - spektroskopi - INFO - Raspberry Pi'dan veri alındı: 6e400005-b5a3-f393-e0a9-e50e24dcca9e (Handle: 16): Unknown, uzunluk: 2
2025-11-16 15:30:11 - spektroskopi - INFO - Raspberry Pi verisi: Ham=3254, Voltaj=3254.000V
2025-11-16 15:30:11 - spektroskopi - INFO - Raspberry Pi verisi işlendi: SENSOR_EXTRA = 3254.000V
2025-11-16 15:30:11 - spektroskopi - INFO - Raspberry Pi'dan veri alındı: 6e400003-b5a3-f393-e0a9-e50e24dcca9e (Handle: 8): Nordic UART TX, uzunluk: 2
2025-11-16 15:30:11 - spektroskopi - INFO - Raspberry Pi verisi: Ham=1626, Voltaj=1626.000V
2025-11-16 15:30:11 - spektroskopi - INFO - Raspberry Pi verisi işlendi: SENSOR_5 = 1626.000V
2025-11-16 15:30:11 - spektroskopi - INFO - Raspberry Pi'dan veri alındı: 6e400004-b5a3-f393-e0a9-e50e24dcca9e (Handle: 11): Unknown, uzunluk: 2
2025-11-16 15:30:11 - spektroskopi - INFO - Raspberry Pi verisi: Ham=1309, Voltaj=1309.000V
2025-11-16 15:30:11 - spektroskopi - INFO - Raspberry Pi verisi işlendi: SENSOR_7 = 1309.000V
2025-11-16 15:30:12 - spektroskopi - INFO - Raspberry Pi'dan veri alındı: 6e400002-b5a3-f393-e0a9-e50e24dcca9e (Handle: 19): Nordic UART RX, uzunluk: 2
2025-11-16 15:30:12 - spektroskopi - INFO - Raspberry Pi verisi: Ham=3254, Voltaj=3254.000V
2025-11-16 15:30:12 - spektroskopi - INFO - Raspberry Pi verisi işlendi: SENSOR_2 = 3254.000V
2025-11-16 15:30:12 - spektroskopi - INFO - Raspberry Pi'dan veri alındı: 6e400005-b5a3-f393-e0a9-e50e24dcca9e (Handle: 16): Unknown, uzunluk: 2
2025-11-16 15:30:12 - spektroskopi - INFO - Raspberry Pi verisi: Ham=3254, Voltaj=3254.000V
2025-11-16 15:30:12 - spektroskopi - INFO - Raspberry Pi verisi işlendi: SENSOR_EXTRA = 3254.000V
2025-11-16 15:30:12 - spektroskopi - INFO - Raspberry Pi'dan veri alındı: 6e400003-b5a3-f393-e0a9-e50e24dcca9e (Handle: 8): Nordic UART TX, uzunluk: 2
2025-11-16 15:30:12 - spektroskopi - INFO - Raspberry Pi verisi: Ham=1624, Voltaj=1624.000V
2025-11-16 15:30:12 - spektroskopi - INFO - Raspberry Pi verisi işlendi: SENSOR_5 = 1624.000V
2025-11-16 15:30:12 - spektroskopi - INFO - Raspberry Pi'dan veri alındı: 6e400004-b5a3-f393-e0a9-e50e24dcca9e (Handle: 11): Unknown, uzunluk: 2
2025-11-16 15:30:12 - spektroskopi - INFO - Raspberry Pi verisi: Ham=1305, Voltaj=1305.000V
2025-11-16 15:30:12 - spektroskopi - INFO - Raspberry Pi verisi işlendi: SENSOR_7 = 1305.000V
2025-11-16 15:30:12 - spektroskopi - WARNING - Zaman sıralama düzeltildi: 2025-11-16 15:30:12.290337
2025-11-16 15:30:12 - spektroskopi - WARNING - Zaman sıralama düzeltildi: 2025-11-16 15:30:12.291337
2025-11-16 15:30:12 - spektroskopi - WARNING - Zaman sıralama düzeltildi: 2025-11-16 15:30:12.292337
2025-11-16 15:30:12 - spektroskopi - WARNING - Zaman sıralama düzeltildi: 2025-11-16 15:30:12.293337
2025-11-16 15:30:12 - spektroskopi - WARNING - Zaman sıralama düzeltildi: 2025-11-16 15:30:12.294337
2025-11-16 15:30:12 - spektroskopi - WARNING - Zaman sıralama düzeltildi: 2025-11-16 15:30:12.295337
2025-11-16 15:30:12 - spektroskopi - WARNING - Zaman sıralama düzeltildi: 2025-11-16 15:30:12.296337
2025-11-16 15:30:12 - spektroskopi - WARNING - Zaman sıralama düzeltildi: 2025-11-16 15:30:12.297337
2025-11-16 15:30:12 - spektroskopi - WARNING - Zaman sıralama düzeltildi: 2025-11-16 15:30:12.298337
2025-11-16 15:30:12 - spektroskopi - WARNING - Zaman sıralama düzeltildi: 2025-11-16 15:30:12.299337
2025-11-16 15:30:12 - spektroskopi - WARNING - Zaman sıralama düzeltildi: 2025-11-16 15:30:12.300337
2025-11-16 15:30:12 - spektroskopi - WARNING - Zaman sıralama düzeltildi: 2025-11-16 15:30:12.301337
2025-11-16 15:30:12 - spektroskopi - INFO - Raspberry Pi'dan veri alındı: 6e400002-b5a3-f393-e0a9-e50e24dcca9e (Handle: 19): Nordic UART RX, uzunluk: 2
2025-11-16 15:30:12 - spektroskopi - INFO - Raspberry Pi verisi: Ham=3254, Voltaj=3254.000V
2025-11-16 15:30:12 - spektroskopi - INFO - Raspberry Pi verisi işlendi: SENSOR_2 = 3254.000V
2025-11-16 15:30:12 - spektroskopi - INFO - Raspberry Pi'dan veri alındı: 6e400005-b5a3-f393-e0a9-e50e24dcca9e (Handle: 16): Unknown, uzunluk: 2
2025-11-16 15:30:12 - spektroskopi - INFO - Raspberry Pi verisi: Ham=3255, Voltaj=3255.000V
2025-11-16 15:30:12 - spektroskopi - INFO - Raspberry Pi verisi işlendi: SENSOR_EXTRA = 3255.000V
2025-11-16 15:30:12 - spektroskopi - INFO - Raspberry Pi'dan veri alındı: 6e400003-b5a3-f393-e0a9-e50e24dcca9e (Handle: 8): Nordic UART TX, uzunluk: 2
2025-11-16 15:30:12 - spektroskopi - INFO - Raspberry Pi verisi: Ham=1618, Voltaj=1618.000V
2025-11-16 15:30:12 - spektroskopi - INFO - Raspberry Pi verisi işlendi: SENSOR_5 = 1618.000V
2025-11-16 15:30:12 - spektroskopi - INFO - Raspberry Pi'dan veri alındı: 6e400004-b5a3-f393-e0a9-e50e24dcca9e (Handle: 11): Unknown, uzunluk: 2
2025-11-16 15:30:12 - spektroskopi - INFO - Raspberry Pi verisi: Ham=1300, Voltaj=1300.000V
2025-11-16 15:30:12 - spektroskopi - INFO - Raspberry Pi verisi işlendi: SENSOR_7 = 1300.000V
2025-11-16 15:30:12 - spektroskopi - INFO - Raspberry Pi'dan veri alındı: 6e400002-b5a3-f393-e0a9-e50e24dcca9e (Handle: 19): Nordic UART RX, uzunluk: 2
2025-11-16 15:30:12 - spektroskopi - INFO - Raspberry Pi verisi: Ham=3254, Voltaj=3254.000V
2025-11-16 15:30:12 - spektroskopi - INFO - Raspberry Pi verisi işlendi: SENSOR_2 = 3254.000V
2025-11-16 15:30:12 - spektroskopi - INFO - Raspberry Pi'dan veri alındı: 6e400005-b5a3-f393-e0a9-e50e24dcca9e (Handle: 16): Unknown, uzunluk: 2
2025-11-16 15:30:12 - spektroskopi - INFO - Raspberry Pi verisi: Ham=3254, Voltaj=3254.000V
2025-11-16 15:30:12 - spektroskopi - INFO - Raspberry Pi verisi işlendi: SENSOR_EXTRA = 3254.000V
2025-11-16 15:30:12 - spektroskopi - INFO - Raspberry Pi'dan veri alındı: 6e400003-b5a3-f393-e0a9-e50e24dcca9e (Handle: 8): Nordic UART TX, uzunluk: 2
2025-11-16 15:30:12 - spektroskopi - INFO - Raspberry Pi verisi: Ham=1615, Voltaj=1615.000V
2025-11-16 15:30:12 - spektroskopi - INFO - Raspberry Pi verisi işlendi: SENSOR_5 = 1615.000V
2025-11-16 15:30:12 - spektroskopi - INFO - Raspberry Pi'dan veri alındı: 6e400004-b5a3-f393-e0a9-e50e24dcca9e (Handle: 11): Unknown, uzunluk: 2
2025-11-16 15:30:12 - spektroskopi - INFO - Raspberry Pi verisi: Ham=1296, Voltaj=1296.000V
2025-11-16 15:30:12 - spektroskopi - INFO - Raspberry Pi verisi işlendi: SENSOR_7 = 1296.000V
2025-11-16 15:30:13 - spektroskopi - INFO - Raspberry Pi'dan veri alındı: 6e400002-b5a3-f393-e0a9-e50e24dcca9e (Handle: 19): Nordic UART RX, uzunluk: 2
2025-11-16 15:30:13 - spektroskopi - INFO - Raspberry Pi verisi: Ham=3254, Voltaj=3254.000V
2025-11-16 15:30:13 - spektroskopi - INFO - Raspberry Pi verisi işlendi: SENSOR_2 = 3254.000V
2025-11-16 15:30:13 - spektroskopi - INFO - Raspberry Pi'dan veri alındı: 6e400005-b5a3-f393-e0a9-e50e24dcca9e (Handle: 16): Unknown, uzunluk: 2
2025-11-16 15:30:13 - spektroskopi - INFO - Raspberry Pi verisi: Ham=3255, Voltaj=3255.000V
2025-11-16 15:30:13 - spektroskopi - INFO - Raspberry Pi verisi işlendi: SENSOR_EXTRA = 3255.000V
2025-11-16 15:30:13 - spektroskopi - INFO - Raspberry Pi'dan veri alındı: 6e400003-b5a3-f393-e0a9-e50e24dcca9e (Handle: 8): Nordic UART TX, uzunluk: 2
2025-11-16 15:30:13 - spektroskopi - INFO - Raspberry Pi verisi: Ham=1615, Voltaj=1615.000V
2025-11-16 15:30:13 - spektroskopi - INFO - Raspberry Pi verisi işlendi: SENSOR_5 = 1615.000V
2025-11-16 15:30:13 - spektroskopi - INFO - Raspberry Pi'dan veri alındı: 6e400004-b5a3-f393-e0a9-e50e24dcca9e (Handle: 11): Unknown, uzunluk: 2
2025-11-16 15:30:13 - spektroskopi - INFO - Raspberry Pi verisi: Ham=1298, Voltaj=1298.000V
2025-11-16 15:30:13 - spektroskopi - INFO - Raspberry Pi verisi işlendi: SENSOR_7 = 1298.000V
2025-11-16 15:30:13 - spektroskopi - WARNING - Zaman sıralama düzeltildi: 2025-11-16 15:30:13.280409
2025-11-16 15:30:13 - spektroskopi - WARNING - Zaman sıralama düzeltildi: 2025-11-16 15:30:13.281409
2025-11-16 15:30:13 - spektroskopi - WARNING - Zaman sıralama düzeltildi: 2025-11-16 15:30:13.282409
2025-11-16 15:30:13 - spektroskopi - WARNING - Zaman sıralama düzeltildi: 2025-11-16 15:30:13.283409
2025-11-16 15:30:13 - spektroskopi - WARNING - Zaman sıralama düzeltildi: 2025-11-16 15:30:13.284409
2025-11-16 15:30:13 - spektroskopi - WARNING - Zaman sıralama düzeltildi: 2025-11-16 15:30:13.285409
2025-11-16 15:30:13 - spektroskopi - WARNING - Zaman sıralama düzeltildi: 2025-11-16 15:30:13.286409
2025-11-16 15:30:13 - spektroskopi - WARNING - Zaman sıralama düzeltildi: 2025-11-16 15:30:13.287409
2025-11-16 15:30:13 - spektroskopi - WARNING - Zaman sıralama düzeltildi: 2025-11-16 15:30:13.288409
2025-11-16 15:30:13 - spektroskopi - WARNING - Zaman sıralama düzeltildi: 2025-11-16 15:30:13.289409
2025-11-16 15:30:13 - spektroskopi - WARNING - Zaman sıralama düzeltildi: 2025-11-16 15:30:13.290409
2025-11-16 15:30:13 - spektroskopi - WARNING - Zaman sıralama düzeltildi: 2025-11-16 15:30:13.291409
2025-11-16 15:30:13 - spektroskopi - INFO - Raspberry Pi'dan veri alındı: 6e400002-b5a3-f393-e0a9-e50e24dcca9e (Handle: 19): Nordic UART RX, uzunluk: 2
2025-11-16 15:30:13 - spektroskopi - INFO - Raspberry Pi verisi: Ham=3254, Voltaj=3254.000V
2025-11-16 15:30:13 - spektroskopi - INFO - Raspberry Pi verisi işlendi: SENSOR_2 = 3254.000V
2025-11-16 15:30:13 - spektroskopi - INFO - Raspberry Pi'dan veri alındı: 6e400005-b5a3-f393-e0a9-e50e24dcca9e (Handle: 16): Unknown, uzunluk: 2
2025-11-16 15:30:13 - spektroskopi - INFO - Raspberry Pi verisi: Ham=3255, Voltaj=3255.000V
2025-11-16 15:30:13 - spektroskopi - INFO - Raspberry Pi verisi işlendi: SENSOR_EXTRA = 3255.000V
2025-11-16 15:30:13 - spektroskopi - INFO - Raspberry Pi'dan veri alındı: 6e400003-b5a3-f393-e0a9-e50e24dcca9e (Handle: 8): Nordic UART TX, uzunluk: 2
2025-11-16 15:30:13 - spektroskopi - INFO - Raspberry Pi verisi: Ham=1619, Voltaj=1619.000V
2025-11-16 15:30:13 - spektroskopi - INFO - Raspberry Pi verisi işlendi: SENSOR_5 = 1619.000V
2025-11-16 15:30:13 - spektroskopi - INFO - Raspberry Pi'dan veri alındı: 6e400004-b5a3-f393-e0a9-e50e24dcca9e (Handle: 11): Unknown, uzunluk: 2
2025-11-16 15:30:13 - spektroskopi - INFO - Raspberry Pi verisi: Ham=1304, Voltaj=1304.000V
2025-11-16 15:30:13 - spektroskopi - INFO - Raspberry Pi verisi işlendi: SENSOR_7 = 1304.000V
2025-11-16 15:30:13 - spektroskopi - INFO - Raspberry Pi'dan veri alındı: 6e400002-b5a3-f393-e0a9-e50e24dcca9e (Handle: 19): Nordic UART RX, uzunluk: 2
2025-11-16 15:30:13 - spektroskopi - INFO - Raspberry Pi verisi: Ham=3254, Voltaj=3254.000V
2025-11-16 15:30:13 - spektroskopi - INFO - Raspberry Pi verisi işlendi: SENSOR_2 = 3254.000V
2025-11-16 15:30:13 - spektroskopi - INFO - Raspberry Pi'dan veri alındı: 6e400005-b5a3-f393-e0a9-e50e24dcca9e (Handle: 16): Unknown, uzunluk: 2
2025-11-16 15:30:13 - spektroskopi - INFO - Raspberry Pi verisi: Ham=3255, Voltaj=3255.000V
2025-11-16 15:30:13 - spektroskopi - INFO - Raspberry Pi verisi işlendi: SENSOR_EXTRA = 3255.000V
2025-11-16 15:30:13 - spektroskopi - INFO - Raspberry Pi'dan veri alındı: 6e400003-b5a3-f393-e0a9-e50e24dcca9e (Handle: 8): Nordic UART TX, uzunluk: 2
2025-11-16 15:30:13 - spektroskopi - INFO - Raspberry Pi verisi: Ham=1646, Voltaj=1646.000V
2025-11-16 15:30:13 - spektroskopi - INFO - Raspberry Pi verisi işlendi: SENSOR_5 = 1646.000V
2025-11-16 15:30:13 - spektroskopi - INFO - Raspberry Pi'dan veri alındı: 6e400004-b5a3-f393-e0a9-e50e24dcca9e (Handle: 11): Unknown, uzunluk: 2
2025-11-16 15:30:13 - spektroskopi - INFO - Raspberry Pi verisi: Ham=1321, Voltaj=1321.000V
2025-11-16 15:30:13 - spektroskopi - INFO - Raspberry Pi verisi işlendi: SENSOR_7 = 1321.000V
2025-11-16 15:30:14 - spektroskopi - INFO - Raspberry Pi'dan veri alındı: 6e400002-b5a3-f393-e0a9-e50e24dcca9e (Handle: 19): Nordic UART RX, uzunluk: 2
2025-11-16 15:30:14 - spektroskopi - INFO - Raspberry Pi verisi: Ham=3254, Voltaj=3254.000V
2025-11-16 15:30:14 - spektroskopi - INFO - Raspberry Pi verisi işlendi: SENSOR_2 = 3254.000V
2025-11-16 15:30:14 - spektroskopi - INFO - Raspberry Pi'dan veri alındı: 6e400005-b5a3-f393-e0a9-e50e24dcca9e (Handle: 16): Unknown, uzunluk: 2
2025-11-16 15:30:14 - spektroskopi - INFO - Raspberry Pi verisi: Ham=3254, Voltaj=3254.000V
2025-11-16 15:30:14 - spektroskopi - INFO - Raspberry Pi verisi işlendi: SENSOR_EXTRA = 3254.000V
2025-11-16 15:30:14 - spektroskopi - INFO - Raspberry Pi'dan veri alındı: 6e400003-b5a3-f393-e0a9-e50e24dcca9e (Handle: 8): Nordic UART TX, uzunluk: 2
2025-11-16 15:30:14 - spektroskopi - INFO - Raspberry Pi verisi: Ham=1615, Voltaj=1615.000V
2025-11-16 15:30:14 - spektroskopi - INFO - Raspberry Pi verisi işlendi: SENSOR_5 = 1615.000V
2025-11-16 15:30:14 - spektroskopi - INFO - Raspberry Pi'dan veri alındı: 6e400004-b5a3-f393-e0a9-e50e24dcca9e (Handle: 11): Unknown, uzunluk: 2
2025-11-16 15:30:14 - spektroskopi - INFO - Raspberry Pi verisi: Ham=1297, Voltaj=1297.000V
2025-11-16 15:30:14 - spektroskopi - INFO - Raspberry Pi verisi işlendi: SENSOR_7 = 1297.000V
2025-11-16 15:30:14 - spektroskopi - WARNING - Zaman sıralama düzeltildi: 2025-11-16 15:30:14.300468
2025-11-16 15:30:14 - spektroskopi - WARNING - Zaman sıralama düzeltildi: 2025-11-16 15:30:14.301468
2025-11-16 15:30:14 - spektroskopi - WARNING - Zaman sıralama düzeltildi: 2025-11-16 15:30:14.302468
2025-11-16 15:30:14 - spektroskopi - WARNING - Zaman sıralama düzeltildi: 2025-11-16 15:30:14.303468
2025-11-16 15:30:14 - spektroskopi - WARNING - Zaman sıralama düzeltildi: 2025-11-16 15:30:14.304468
2025-11-16 15:30:14 - spektroskopi - WARNING - Zaman sıralama düzeltildi: 2025-11-16 15:30:14.305468
2025-11-16 15:30:14 - spektroskopi - WARNING - Zaman sıralama düzeltildi: 2025-11-16 15:30:14.306468
2025-11-16 15:30:14 - spektroskopi - WARNING - Zaman sıralama düzeltildi: 2025-11-16 15:30:14.307468
2025-11-16 15:30:14 - spektroskopi - WARNING - Zaman sıralama düzeltildi: 2025-11-16 15:30:14.308468
2025-11-16 15:30:14 - spektroskopi - WARNING - Zaman sıralama düzeltildi: 2025-11-16 15:30:14.309468
2025-11-16 15:30:14 - spektroskopi - WARNING - Zaman sıralama düzeltildi: 2025-11-16 15:30:14.310468
2025-11-16 15:30:14 - spektroskopi - WARNING - Zaman sıralama düzeltildi: 2025-11-16 15:30:14.311468
2025-11-16 15:30:14 - spektroskopi - INFO - Raspberry Pi'dan veri alındı: 6e400002-b5a3-f393-e0a9-e50e24dcca9e (Handle: 19): Nordic UART RX, uzunluk: 2
2025-11-16 15:30:14 - spektroskopi - INFO - Raspberry Pi verisi: Ham=3254, Voltaj=3254.000V
2025-11-16 15:30:14 - spektroskopi - INFO - Raspberry Pi verisi işlendi: SENSOR_2 = 3254.000V
2025-11-16 15:30:14 - spektroskopi - INFO - Raspberry Pi'dan veri alındı: 6e400005-b5a3-f393-e0a9-e50e24dcca9e (Handle: 16): Unknown, uzunluk: 2
2025-11-16 15:30:14 - spektroskopi - INFO - Raspberry Pi verisi: Ham=3254, Voltaj=3254.000V
2025-11-16 15:30:14 - spektroskopi - INFO - Raspberry Pi verisi işlendi: SENSOR_EXTRA = 3254.000V
2025-11-16 15:30:14 - spektroskopi - INFO - Raspberry Pi'dan veri alındı: 6e400003-b5a3-f393-e0a9-e50e24dcca9e (Handle: 8): Nordic UART TX, uzunluk: 2
2025-11-16 15:30:14 - spektroskopi - INFO - Raspberry Pi verisi: Ham=1614, Voltaj=1614.000V
2025-11-16 15:30:14 - spektroskopi - INFO - Raspberry Pi verisi işlendi: SENSOR_5 = 1614.000V
2025-11-16 15:30:14 - spektroskopi - INFO - Raspberry Pi'dan veri alındı: 6e400004-b5a3-f393-e0a9-e50e24dcca9e (Handle: 11): Unknown, uzunluk: 2
2025-11-16 15:30:14 - spektroskopi - INFO - Raspberry Pi verisi: Ham=1297, Voltaj=1297.000V
2025-11-16 15:30:14 - spektroskopi - INFO - Raspberry Pi verisi işlendi: SENSOR_7 = 1297.000V
2025-11-16 15:30:14 - spektroskopi - INFO - Raspberry Pi'dan veri alındı: 6e400002-b5a3-f393-e0a9-e50e24dcca9e (Handle: 19): Nordic UART RX, uzunluk: 2
2025-11-16 15:30:14 - spektroskopi - INFO - Raspberry Pi verisi: Ham=3254, Voltaj=3254.000V
2025-11-16 15:30:14 - spektroskopi - INFO - Raspberry Pi verisi işlendi: SENSOR_2 = 3254.000V
2025-11-16 15:30:14 - spektroskopi - INFO - Raspberry Pi'dan veri alındı: 6e400005-b5a3-f393-e0a9-e50e24dcca9e (Handle: 16): Unknown, uzunluk: 2
2025-11-16 15:30:14 - spektroskopi - INFO - Raspberry Pi verisi: Ham=3254, Voltaj=3254.000V
2025-11-16 15:30:14 - spektroskopi - INFO - Raspberry Pi verisi işlendi: SENSOR_EXTRA = 3254.000V
2025-11-16 15:30:14 - spektroskopi - INFO - Raspberry Pi'dan veri alındı: 6e400003-b5a3-f393-e0a9-e50e24dcca9e (Handle: 8): Nordic UART TX, uzunluk: 2
2025-11-16 15:30:14 - spektroskopi - INFO - Raspberry Pi verisi: Ham=1615, Voltaj=1615.000V
2025-11-16 15:30:14 - spektroskopi - INFO - Raspberry Pi verisi işlendi: SENSOR_5 = 1615.000V
2025-11-16 15:30:14 - spektroskopi - INFO - Raspberry Pi'dan veri alındı: 6e400004-b5a3-f393-e0a9-e50e24dcca9e (Handle: 11): Unknown, uzunluk: 2
2025-11-16 15:30:14 - spektroskopi - INFO - Raspberry Pi verisi: Ham=1297, Voltaj=1297.000V
2025-11-16 15:30:14 - spektroskopi - INFO - Raspberry Pi verisi işlendi: SENSOR_7 = 1297.000V
2025-11-16 15:30:15 - spektroskopi - INFO - Raspberry Pi'dan veri alındı: 6e400002-b5a3-f393-e0a9-e50e24dcca9e (Handle: 19): Nordic UART RX, uzunluk: 2
2025-11-16 15:30:15 - spektroskopi - INFO - Raspberry Pi verisi: Ham=3254, Voltaj=3254.000V
2025-11-16 15:30:15 - spektroskopi - INFO - Raspberry Pi verisi işlendi: SENSOR_2 = 3254.000V
2025-11-16 15:30:15 - spektroskopi - INFO - Raspberry Pi'dan veri alındı: 6e400005-b5a3-f393-e0a9-e50e24dcca9e (Handle: 16): Unknown, uzunluk: 2
2025-11-16 15:30:15 - spektroskopi - INFO - Raspberry Pi verisi: Ham=3254, Voltaj=3254.000V
2025-11-16 15:30:15 - spektroskopi - INFO - Raspberry Pi verisi işlendi: SENSOR_EXTRA = 3254.000V
2025-11-16 15:30:15 - spektroskopi - INFO - Raspberry Pi'dan veri alındı: 6e400003-b5a3-f393-e0a9-e50e24dcca9e (Handle: 8): Nordic UART TX, uzunluk: 2
2025-11-16 15:30:15 - spektroskopi - INFO - Raspberry Pi verisi: Ham=1611, Voltaj=1611.000V
2025-11-16 15:30:15 - spektroskopi - INFO - Raspberry Pi verisi işlendi: SENSOR_5 = 1611.000V
2025-11-16 15:30:15 - spektroskopi - INFO - Raspberry Pi'dan veri alındı: 6e400004-b5a3-f393-e0a9-e50e24dcca9e (Handle: 11): Unknown, uzunluk: 2
2025-11-16 15:30:15 - spektroskopi - INFO - Raspberry Pi verisi: Ham=1294, Voltaj=1294.000V
2025-11-16 15:30:15 - spektroskopi - INFO - Raspberry Pi verisi işlendi: SENSOR_7 = 1294.000V
2025-11-16 15:30:15 - spektroskopi - WARNING - Zaman sıralama düzeltildi: 2025-11-16 15:30:15.290478
2025-11-16 15:30:15 - spektroskopi - WARNING - Zaman sıralama düzeltildi: 2025-11-16 15:30:15.291478
2025-11-16 15:30:15 - spektroskopi - WARNING - Zaman sıralama düzeltildi: 2025-11-16 15:30:15.292478
2025-11-16 15:30:15 - spektroskopi - WARNING - Zaman sıralama düzeltildi: 2025-11-16 15:30:15.293478
2025-11-16 15:30:15 - spektroskopi - WARNING - Zaman sıralama düzeltildi: 2025-11-16 15:30:15.294478
2025-11-16 15:30:15 - spektroskopi - WARNING - Zaman sıralama düzeltildi: 2025-11-16 15:30:15.295478
2025-11-16 15:30:15 - spektroskopi - WARNING - Zaman sıralama düzeltildi: 2025-11-16 15:30:15.296478
2025-11-16 15:30:15 - spektroskopi - WARNING - Zaman sıralama düzeltildi: 2025-11-16 15:30:15.297478
2025-11-16 15:30:15 - spektroskopi - WARNING - Zaman sıralama düzeltildi: 2025-11-16 15:30:15.298478
2025-11-16 15:30:15 - spektroskopi - WARNING - Zaman sıralama düzeltildi: 2025-11-16 15:30:15.299478
2025-11-16 15:30:15 - spektroskopi - WARNING - Zaman sıralama düzeltildi: 2025-11-16 15:30:15.300478
2025-11-16 15:30:15 - spektroskopi - WARNING - Zaman sıralama düzeltildi: 2025-11-16 15:30:15.301478
2025-11-16 15:30:15 - spektroskopi - INFO - Raspberry Pi'dan veri alındı: 6e400002-b5a3-f393-e0a9-e50e24dcca9e (Handle: 19): Nordic UART RX, uzunluk: 2
2025-11-16 15:30:15 - spektroskopi - INFO - Raspberry Pi verisi: Ham=3254, Voltaj=3254.000V
2025-11-16 15:30:15 - spektroskopi - INFO - Raspberry Pi verisi işlendi: SENSOR_2 = 3254.000V
2025-11-16 15:30:15 - spektroskopi - INFO - Raspberry Pi'dan veri alındı: 6e400005-b5a3-f393-e0a9-e50e24dcca9e (Handle: 16): Unknown, uzunluk: 2
2025-11-16 15:30:15 - spektroskopi - INFO - Raspberry Pi verisi: Ham=3254, Voltaj=3254.000V
2025-11-16 15:30:15 - spektroskopi - INFO - Raspberry Pi verisi işlendi: SENSOR_EXTRA = 3254.000V
2025-11-16 15:30:15 - spektroskopi - INFO - Raspberry Pi'dan veri alındı: 6e400003-b5a3-f393-e0a9-e50e24dcca9e (Handle: 8): Nordic UART TX, uzunluk: 2
2025-11-16 15:30:15 - spektroskopi - INFO - Raspberry Pi verisi: Ham=1611, Voltaj=1611.000V
2025-11-16 15:30:15 - spektroskopi - INFO - Raspberry Pi verisi işlendi: SENSOR_5 = 1611.000V
2025-11-16 15:30:15 - spektroskopi - INFO - Raspberry Pi'dan veri alındı: 6e400004-b5a3-f393-e0a9-e50e24dcca9e (Handle: 11): Unknown, uzunluk: 2
2025-11-16 15:30:15 - spektroskopi - INFO - Raspberry Pi verisi: Ham=1294, Voltaj=1294.000V
2025-11-16 15:30:15 - spektroskopi - INFO - Raspberry Pi verisi işlendi: SENSOR_7 = 1294.000V
2025-11-16 15:30:15 - spektroskopi - INFO - Raspberry Pi'dan veri alındı: 6e400002-b5a3-f393-e0a9-e50e24dcca9e (Handle: 19): Nordic UART RX, uzunluk: 2
2025-11-16 15:30:15 - spektroskopi - INFO - Raspberry Pi verisi: Ham=3253, Voltaj=3253.000V
2025-11-16 15:30:15 - spektroskopi - INFO - Raspberry Pi verisi işlendi: SENSOR_2 = 3253.000V
2025-11-16 15:30:15 - spektroskopi - INFO - Raspberry Pi'dan veri alındı: 6e400005-b5a3-f393-e0a9-e50e24dcca9e (Handle: 16): Unknown, uzunluk: 2
2025-11-16 15:30:15 - spektroskopi - INFO - Raspberry Pi verisi: Ham=3254, Voltaj=3254.000V
2025-11-16 15:30:15 - spektroskopi - INFO - Raspberry Pi verisi işlendi: SENSOR_EXTRA = 3254.000V
2025-11-16 15:30:15 - spektroskopi - INFO - Raspberry Pi'dan veri alındı: 6e400003-b5a3-f393-e0a9-e50e24dcca9e (Handle: 8): Nordic UART TX, uzunluk: 2
2025-11-16 15:30:15 - spektroskopi - INFO - Raspberry Pi verisi: Ham=1615, Voltaj=1615.000V
2025-11-16 15:30:15 - spektroskopi - INFO - Raspberry Pi verisi işlendi: SENSOR_5 = 1615.000V
2025-11-16 15:30:15 - spektroskopi - INFO - Raspberry Pi'dan veri alındı: 6e400004-b5a3-f393-e0a9-e50e24dcca9e (Handle: 11): Unknown, uzunluk: 2
2025-11-16 15:30:15 - spektroskopi - INFO - Raspberry Pi verisi: Ham=1298, Voltaj=1298.000V
2025-11-16 15:30:15 - spektroskopi - INFO - Raspberry Pi verisi işlendi: SENSOR_7 = 1298.000V
2025-11-16 15:30:16 - spektroskopi - INFO - Raspberry Pi'dan veri alındı: 6e400002-b5a3-f393-e0a9-e50e24dcca9e (Handle: 19): Nordic UART RX, uzunluk: 2
2025-11-16 15:30:16 - spektroskopi - INFO - Raspberry Pi verisi: Ham=3254, Voltaj=3254.000V
2025-11-16 15:30:16 - spektroskopi - INFO - Raspberry Pi verisi işlendi: SENSOR_2 = 3254.000V
2025-11-16 15:30:16 - spektroskopi - INFO - Raspberry Pi'dan veri alındı: 6e400005-b5a3-f393-e0a9-e50e24dcca9e (Handle: 16): Unknown, uzunluk: 2
2025-11-16 15:30:16 - spektroskopi - INFO - Raspberry Pi verisi: Ham=3255, Voltaj=3255.000V
2025-11-16 15:30:16 - spektroskopi - INFO - Raspberry Pi verisi işlendi: SENSOR_EXTRA = 3255.000V
2025-11-16 15:30:16 - spektroskopi - INFO - Raspberry Pi'dan veri alındı: 6e400003-b5a3-f393-e0a9-e50e24dcca9e (Handle: 8): Nordic UART TX, uzunluk: 2
2025-11-16 15:30:16 - spektroskopi - INFO - Raspberry Pi verisi: Ham=1619, Voltaj=1619.000V
2025-11-16 15:30:16 - spektroskopi - INFO - Raspberry Pi verisi işlendi: SENSOR_5 = 1619.000V
2025-11-16 15:30:16 - spektroskopi - INFO - Raspberry Pi'dan veri alındı: 6e400004-b5a3-f393-e0a9-e50e24dcca9e (Handle: 11): Unknown, uzunluk: 2
2025-11-16 15:30:16 - spektroskopi - INFO - Raspberry Pi verisi: Ham=1301, Voltaj=1301.000V
2025-11-16 15:30:16 - spektroskopi - INFO - Raspberry Pi verisi işlendi: SENSOR_7 = 1301.000V
2025-11-16 15:30:16 - spektroskopi - WARNING - Zaman sıralama düzeltildi: 2025-11-16 15:30:16.279734
2025-11-16 15:30:16 - spektroskopi - WARNING - Zaman sıralama düzeltildi: 2025-11-16 15:30:16.280734
2025-11-16 15:30:16 - spektroskopi - WARNING - Zaman sıralama düzeltildi: 2025-11-16 15:30:16.281734
2025-11-16 15:30:16 - spektroskopi - WARNING - Zaman sıralama düzeltildi: 2025-11-16 15:30:16.282734
2025-11-16 15:30:16 - spektroskopi - WARNING - Zaman sıralama düzeltildi: 2025-11-16 15:30:16.283734
2025-11-16 15:30:16 - spektroskopi - WARNING - Zaman sıralama düzeltildi: 2025-11-16 15:30:16.284734
2025-11-16 15:30:16 - spektroskopi - WARNING - Zaman sıralama düzeltildi: 2025-11-16 15:30:16.285734
2025-11-16 15:30:16 - spektroskopi - WARNING - Zaman sıralama düzeltildi: 2025-11-16 15:30:16.286734
2025-11-16 15:30:16 - spektroskopi - WARNING - Zaman sıralama düzeltildi: 2025-11-16 15:30:16.287734
2025-11-16 15:30:16 - spektroskopi - WARNING - Zaman sıralama düzeltildi: 2025-11-16 15:30:16.288734
2025-11-16 15:30:16 - spektroskopi - WARNING - Zaman sıralama düzeltildi: 2025-11-16 15:30:16.289734
2025-11-16 15:30:16 - spektroskopi - WARNING - Zaman sıralama düzeltildi: 2025-11-16 15:30:16.290734
2025-11-16 15:30:16 - spektroskopi - INFO - Raspberry Pi'dan veri alındı: 6e400002-b5a3-f393-e0a9-e50e24dcca9e (Handle: 19): Nordic UART RX, uzunluk: 2
2025-11-16 15:30:16 - spektroskopi - INFO - Raspberry Pi verisi: Ham=3255, Voltaj=3255.000V
2025-11-16 15:30:16 - spektroskopi - INFO - Raspberry Pi verisi işlendi: SENSOR_2 = 3255.000V
2025-11-16 15:30:16 - spektroskopi - INFO - Raspberry Pi'dan veri alındı: 6e400005-b5a3-f393-e0a9-e50e24dcca9e (Handle: 16): Unknown, uzunluk: 2
2025-11-16 15:30:16 - spektroskopi - INFO - Raspberry Pi verisi: Ham=3255, Voltaj=3255.000V
2025-11-16 15:30:16 - spektroskopi - INFO - Raspberry Pi verisi işlendi: SENSOR_EXTRA = 3255.000V
2025-11-16 15:30:16 - spektroskopi - INFO - Raspberry Pi'dan veri alındı: 6e400003-b5a3-f393-e0a9-e50e24dcca9e (Handle: 8): Nordic UART TX, uzunluk: 2
2025-11-16 15:30:16 - spektroskopi - INFO - Raspberry Pi verisi: Ham=1618, Voltaj=1618.000V
2025-11-16 15:30:16 - spektroskopi - INFO - Raspberry Pi verisi işlendi: SENSOR_5 = 1618.000V
2025-11-16 15:30:16 - spektroskopi - INFO - Raspberry Pi'dan veri alındı: 6e400004-b5a3-f393-e0a9-e50e24dcca9e (Handle: 11): Unknown, uzunluk: 2
2025-11-16 15:30:16 - spektroskopi - INFO - Raspberry Pi verisi: Ham=1301, Voltaj=1301.000V
2025-11-16 15:30:16 - spektroskopi - INFO - Raspberry Pi verisi işlendi: SENSOR_7 = 1301.000V
2025-11-16 15:30:16 - spektroskopi - INFO - Raspberry Pi'dan veri alındı: 6e400002-b5a3-f393-e0a9-e50e24dcca9e (Handle: 19): Nordic UART RX, uzunluk: 2
2025-11-16 15:30:16 - spektroskopi - INFO - Raspberry Pi verisi: Ham=3254, Voltaj=3254.000V
2025-11-16 15:30:16 - spektroskopi - INFO - Raspberry Pi verisi işlendi: SENSOR_2 = 3254.000V
2025-11-16 15:30:16 - spektroskopi - INFO - Raspberry Pi'dan veri alındı: 6e400005-b5a3-f393-e0a9-e50e24dcca9e (Handle: 16): Unknown, uzunluk: 2
2025-11-16 15:30:16 - spektroskopi - INFO - Raspberry Pi verisi: Ham=3254, Voltaj=3254.000V
2025-11-16 15:30:16 - spektroskopi - INFO - Raspberry Pi verisi işlendi: SENSOR_EXTRA = 3254.000V
2025-11-16 15:30:16 - spektroskopi - INFO - Raspberry Pi'dan veri alındı: 6e400003-b5a3-f393-e0a9-e50e24dcca9e (Handle: 8): Nordic UART TX, uzunluk: 2
2025-11-16 15:30:16 - spektroskopi - INFO - Raspberry Pi verisi: Ham=1618, Voltaj=1618.000V
2025-11-16 15:30:16 - spektroskopi - INFO - Raspberry Pi verisi işlendi: SENSOR_5 = 1618.000V
2025-11-16 15:30:16 - spektroskopi - INFO - Raspberry Pi'dan veri alındı: 6e400004-b5a3-f393-e0a9-e50e24dcca9e (Handle: 11): Unknown, uzunluk: 2
2025-11-16 15:30:16 - spektroskopi - INFO - Raspberry Pi verisi: Ham=1301, Voltaj=1301.000V
2025-11-16 15:30:16 - spektroskopi - INFO - Raspberry Pi verisi işlendi: SENSOR_7 = 1301.000V
2025-11-16 15:30:17 - spektroskopi - INFO - Raspberry Pi'dan veri alındı: 6e400002-b5a3-f393-e0a9-e50e24dcca9e (Handle: 19): Nordic UART RX, uzunluk: 2
2025-11-16 15:30:17 - spektroskopi - INFO - Raspberry Pi verisi: Ham=3254, Voltaj=3254.000V
2025-11-16 15:30:17 - spektroskopi - INFO - Raspberry Pi verisi işlendi: SENSOR_2 = 3254.000V
2025-11-16 15:30:17 - spektroskopi - INFO - Raspberry Pi'dan veri alındı: 6e400005-b5a3-f393-e0a9-e50e24dcca9e (Handle: 16): Unknown, uzunluk: 2
2025-11-16 15:30:17 - spektroskopi - INFO - Raspberry Pi verisi: Ham=3254, Voltaj=3254.000V
2025-11-16 15:30:17 - spektroskopi - INFO - Raspberry Pi verisi işlendi: SENSOR_EXTRA = 3254.000V
2025-11-16 15:30:17 - spektroskopi - INFO - Raspberry Pi'dan veri alındı: 6e400003-b5a3-f393-e0a9-e50e24dcca9e (Handle: 8): Nordic UART TX, uzunluk: 2
2025-11-16 15:30:17 - spektroskopi - INFO - Raspberry Pi verisi: Ham=1619, Voltaj=1619.000V
2025-11-16 15:30:17 - spektroskopi - INFO - Raspberry Pi verisi işlendi: SENSOR_5 = 1619.000V
2025-11-16 15:30:17 - spektroskopi - INFO - Raspberry Pi'dan veri alındı: 6e400004-b5a3-f393-e0a9-e50e24dcca9e (Handle: 11): Unknown, uzunluk: 2
2025-11-16 15:30:17 - spektroskopi - INFO - Raspberry Pi verisi: Ham=1303, Voltaj=1303.000V
2025-11-16 15:30:17 - spektroskopi - INFO - Raspberry Pi verisi işlendi: SENSOR_7 = 1303.000V
2025-11-16 15:30:17 - spektroskopi - WARNING - Zaman sıralama düzeltildi: 2025-11-16 15:30:17.300561
2025-11-16 15:30:17 - spektroskopi - WARNING - Zaman sıralama düzeltildi: 2025-11-16 15:30:17.301561
2025-11-16 15:30:17 - spektroskopi - WARNING - Zaman sıralama düzeltildi: 2025-11-16 15:30:17.302561
2025-11-16 15:30:17 - spektroskopi - WARNING - Zaman sıralama düzeltildi: 2025-11-16 15:30:17.303561
2025-11-16 15:30:17 - spektroskopi - WARNING - Zaman sıralama düzeltildi: 2025-11-16 15:30:17.304561
2025-11-16 15:30:17 - spektroskopi - WARNING - Zaman sıralama düzeltildi: 2025-11-16 15:30:17.305561
2025-11-16 15:30:17 - spektroskopi - WARNING - Zaman sıralama düzeltildi: 2025-11-16 15:30:17.306561
2025-11-16 15:30:17 - spektroskopi - WARNING - Zaman sıralama düzeltildi: 2025-11-16 15:30:17.307561
2025-11-16 15:30:17 - spektroskopi - WARNING - Zaman sıralama düzeltildi: 2025-11-16 15:30:17.308561
2025-11-16 15:30:17 - spektroskopi - WARNING - Zaman sıralama düzeltildi: 2025-11-16 15:30:17.309561
2025-11-16 15:30:17 - spektroskopi - WARNING - Zaman sıralama düzeltildi: 2025-11-16 15:30:17.310561
2025-11-16 15:30:17 - spektroskopi - WARNING - Zaman sıralama düzeltildi: 2025-11-16 15:30:17.311561
2025-11-16 15:30:17 - spektroskopi - INFO - Raspberry Pi'dan veri alındı: 6e400002-b5a3-f393-e0a9-e50e24dcca9e (Handle: 19): Nordic UART RX, uzunluk: 2
2025-11-16 15:30:17 - spektroskopi - INFO - Raspberry Pi verisi: Ham=3254, Voltaj=3254.000V
2025-11-16 15:30:17 - spektroskopi - INFO - Raspberry Pi verisi işlendi: SENSOR_2 = 3254.000V
2025-11-16 15:30:17 - spektroskopi - INFO - Raspberry Pi'dan veri alındı: 6e400005-b5a3-f393-e0a9-e50e24dcca9e (Handle: 16): Unknown, uzunluk: 2
2025-11-16 15:30:17 - spektroskopi - INFO - Raspberry Pi verisi: Ham=3254, Voltaj=3254.000V
2025-11-16 15:30:17 - spektroskopi - INFO - Raspberry Pi verisi işlendi: SENSOR_EXTRA = 3254.000V
2025-11-16 15:30:17 - spektroskopi - INFO - Raspberry Pi'dan veri alındı: 6e400003-b5a3-f393-e0a9-e50e24dcca9e (Handle: 8): Nordic UART TX, uzunluk: 2
2025-11-16 15:30:17 - spektroskopi - INFO - Raspberry Pi verisi: Ham=1620, Voltaj=1620.000V
2025-11-16 15:30:17 - spektroskopi - INFO - Raspberry Pi verisi işlendi: SENSOR_5 = 1620.000V
2025-11-16 15:30:17 - spektroskopi - INFO - Raspberry Pi'dan veri alındı: 6e400004-b5a3-f393-e0a9-e50e24dcca9e (Handle: 11): Unknown, uzunluk: 2
2025-11-16 15:30:17 - spektroskopi - INFO - Raspberry Pi verisi: Ham=1302, Voltaj=1302.000V
2025-11-16 15:30:17 - spektroskopi - INFO - Raspberry Pi verisi işlendi: SENSOR_7 = 1302.000V
2025-11-16 15:30:17 - spektroskopi - INFO - Raspberry Pi'dan veri alındı: 6e400002-b5a3-f393-e0a9-e50e24dcca9e (Handle: 19): Nordic UART RX, uzunluk: 2
2025-11-16 15:30:17 - spektroskopi - INFO - Raspberry Pi verisi: Ham=3253, Voltaj=3253.000V
2025-11-16 15:30:17 - spektroskopi - INFO - Raspberry Pi verisi işlendi: SENSOR_2 = 3253.000V
2025-11-16 15:30:17 - spektroskopi - INFO - Raspberry Pi'dan veri alındı: 6e400005-b5a3-f393-e0a9-e50e24dcca9e (Handle: 16): Unknown, uzunluk: 2
2025-11-16 15:30:17 - spektroskopi - INFO - Raspberry Pi verisi: Ham=3254, Voltaj=3254.000V
2025-11-16 15:30:17 - spektroskopi - INFO - Raspberry Pi verisi işlendi: SENSOR_EXTRA = 3254.000V
2025-11-16 15:30:17 - spektroskopi - INFO - Raspberry Pi'dan veri alındı: 6e400003-b5a3-f393-e0a9-e50e24dcca9e (Handle: 8): Nordic UART TX, uzunluk: 2
2025-11-16 15:30:17 - spektroskopi - INFO - Raspberry Pi verisi: Ham=1619, Voltaj=1619.000V
2025-11-16 15:30:17 - spektroskopi - INFO - Raspberry Pi verisi işlendi: SENSOR_5 = 1619.000V
2025-11-16 15:30:17 - spektroskopi - INFO - Raspberry Pi'dan veri alındı: 6e400004-b5a3-f393-e0a9-e50e24dcca9e (Handle: 11): Unknown, uzunluk: 2
2025-11-16 15:30:17 - spektroskopi - INFO - Raspberry Pi verisi: Ham=1301, Voltaj=1301.000V
2025-11-16 15:30:17 - spektroskopi - INFO - Raspberry Pi verisi işlendi: SENSOR_7 = 1301.000V
2025-11-16 15:30:18 - spektroskopi - INFO - Raspberry Pi'dan veri alındı: 6e400002-b5a3-f393-e0a9-e50e24dcca9e (Handle: 19): Nordic UART RX, uzunluk: 2
2025-11-16 15:30:18 - spektroskopi - INFO - Raspberry Pi verisi: Ham=3254, Voltaj=3254.000V
2025-11-16 15:30:18 - spektroskopi - INFO - Raspberry Pi verisi işlendi: SENSOR_2 = 3254.000V
2025-11-16 15:30:18 - spektroskopi - INFO - Raspberry Pi'dan veri alındı: 6e400005-b5a3-f393-e0a9-e50e24dcca9e (Handle: 16): Unknown, uzunluk: 2
2025-11-16 15:30:18 - spektroskopi - INFO - Raspberry Pi verisi: Ham=3254, Voltaj=3254.000V
2025-11-16 15:30:18 - spektroskopi - INFO - Raspberry Pi verisi işlendi: SENSOR_EXTRA = 3254.000V
2025-11-16 15:30:18 - spektroskopi - INFO - Raspberry Pi'dan veri alındı: 6e400003-b5a3-f393-e0a9-e50e24dcca9e (Handle: 8): Nordic UART TX, uzunluk: 2
2025-11-16 15:30:18 - spektroskopi - INFO - Raspberry Pi verisi: Ham=1620, Voltaj=1620.000V
2025-11-16 15:30:18 - spektroskopi - INFO - Raspberry Pi verisi işlendi: SENSOR_5 = 1620.000V
2025-11-16 15:30:18 - spektroskopi - INFO - Raspberry Pi'dan veri alındı: 6e400004-b5a3-f393-e0a9-e50e24dcca9e (Handle: 11): Unknown, uzunluk: 2
2025-11-16 15:30:18 - spektroskopi - INFO - Raspberry Pi verisi: Ham=1302, Voltaj=1302.000V
2025-11-16 15:30:18 - spektroskopi - INFO - Raspberry Pi verisi işlendi: SENSOR_7 = 1302.000V
2025-11-16 15:30:18 - spektroskopi - WARNING - Zaman sıralama düzeltildi: 2025-11-16 15:30:18.291726
2025-11-16 15:30:18 - spektroskopi - WARNING - Zaman sıralama düzeltildi: 2025-11-16 15:30:18.292726
2025-11-16 15:30:18 - spektroskopi - WARNING - Zaman sıralama düzeltildi: 2025-11-16 15:30:18.293726
2025-11-16 15:30:18 - spektroskopi - WARNING - Zaman sıralama düzeltildi: 2025-11-16 15:30:18.294726
2025-11-16 15:30:18 - spektroskopi - WARNING - Zaman sıralama düzeltildi: 2025-11-16 15:30:18.295726
2025-11-16 15:30:18 - spektroskopi - WARNING - Zaman sıralama düzeltildi: 2025-11-16 15:30:18.296726
2025-11-16 15:30:18 - spektroskopi - WARNING - Zaman sıralama düzeltildi: 2025-11-16 15:30:18.297726
2025-11-16 15:30:18 - spektroskopi - WARNING - Zaman sıralama düzeltildi: 2025-11-16 15:30:18.298726
2025-11-16 15:30:18 - spektroskopi - WARNING - Zaman sıralama düzeltildi: 2025-11-16 15:30:18.299726
2025-11-16 15:30:18 - spektroskopi - WARNING - Zaman sıralama düzeltildi: 2025-11-16 15:30:18.300726
2025-11-16 15:30:18 - spektroskopi - WARNING - Zaman sıralama düzeltildi: 2025-11-16 15:30:18.301726
2025-11-16 15:30:18 - spektroskopi - WARNING - Zaman sıralama düzeltildi: 2025-11-16 15:30:18.302726
2025-11-16 15:30:18 - spektroskopi - INFO - Raspberry Pi'dan veri alındı: 6e400002-b5a3-f393-e0a9-e50e24dcca9e (Handle: 19): Nordic UART RX, uzunluk: 2
2025-11-16 15:30:18 - spektroskopi - INFO - Raspberry Pi verisi: Ham=3254, Voltaj=3254.000V
2025-11-16 15:30:18 - spektroskopi - INFO - Raspberry Pi verisi işlendi: SENSOR_2 = 3254.000V
2025-11-16 15:30:18 - spektroskopi - INFO - Raspberry Pi'dan veri alındı: 6e400005-b5a3-f393-e0a9-e50e24dcca9e (Handle: 16): Unknown, uzunluk: 2
2025-11-16 15:30:18 - spektroskopi - INFO - Raspberry Pi verisi: Ham=3255, Voltaj=3255.000V
2025-11-16 15:30:18 - spektroskopi - INFO - Raspberry Pi verisi işlendi: SENSOR_EXTRA = 3255.000V
2025-11-16 15:30:18 - spektroskopi - INFO - Raspberry Pi'dan veri alındı: 6e400003-b5a3-f393-e0a9-e50e24dcca9e (Handle: 8): Nordic UART TX, uzunluk: 2
2025-11-16 15:30:18 - spektroskopi - INFO - Raspberry Pi verisi: Ham=1622, Voltaj=1622.000V
2025-11-16 15:30:18 - spektroskopi - INFO - Raspberry Pi verisi işlendi: SENSOR_5 = 1622.000V
2025-11-16 15:30:18 - spektroskopi - INFO - Raspberry Pi'dan veri alındı: 6e400004-b5a3-f393-e0a9-e50e24dcca9e (Handle: 11): Unknown, uzunluk: 2
2025-11-16 15:30:18 - spektroskopi - INFO - Raspberry Pi verisi: Ham=1305, Voltaj=1305.000V
2025-11-16 15:30:18 - spektroskopi - INFO - Raspberry Pi verisi işlendi: SENSOR_7 = 1305.000V
2025-11-16 15:30:18 - spektroskopi - INFO - Raspberry Pi'dan veri alındı: 6e400002-b5a3-f393-e0a9-e50e24dcca9e (Handle: 19): Nordic UART RX, uzunluk: 2
2025-11-16 15:30:18 - spektroskopi - INFO - Raspberry Pi verisi: Ham=3254, Voltaj=3254.000V
2025-11-16 15:30:18 - spektroskopi - INFO - Raspberry Pi verisi işlendi: SENSOR_2 = 3254.000V
2025-11-16 15:30:18 - spektroskopi - INFO - Raspberry Pi'dan veri alındı: 6e400005-b5a3-f393-e0a9-e50e24dcca9e (Handle: 16): Unknown, uzunluk: 2
2025-11-16 15:30:18 - spektroskopi - INFO - Raspberry Pi verisi: Ham=3254, Voltaj=3254.000V
2025-11-16 15:30:18 - spektroskopi - INFO - Raspberry Pi verisi işlendi: SENSOR_EXTRA = 3254.000V
2025-11-16 15:30:18 - spektroskopi - INFO - Raspberry Pi'dan veri alındı: 6e400003-b5a3-f393-e0a9-e50e24dcca9e (Handle: 8): Nordic UART TX, uzunluk: 2
2025-11-16 15:30:18 - spektroskopi - INFO - Raspberry Pi verisi: Ham=1624, Voltaj=1624.000V
2025-11-16 15:30:18 - spektroskopi - INFO - Raspberry Pi verisi işlendi: SENSOR_5 = 1624.000V
2025-11-16 15:30:18 - spektroskopi - INFO - Raspberry Pi'dan veri alındı: 6e400004-b5a3-f393-e0a9-e50e24dcca9e (Handle: 11): Unknown, uzunluk: 2
2025-11-16 15:30:18 - spektroskopi - INFO - Raspberry Pi verisi: Ham=1307, Voltaj=1307.000V
2025-11-16 15:30:18 - spektroskopi - INFO - Raspberry Pi verisi işlendi: SENSOR_7 = 1307.000V
2025-11-16 15:30:19 - spektroskopi - INFO - Raspberry Pi'dan veri alındı: 6e400002-b5a3-f393-e0a9-e50e24dcca9e (Handle: 19): Nordic UART RX, uzunluk: 2
2025-11-16 15:30:19 - spektroskopi - INFO - Raspberry Pi verisi: Ham=3255, Voltaj=3255.000V
2025-11-16 15:30:19 - spektroskopi - INFO - Raspberry Pi verisi işlendi: SENSOR_2 = 3255.000V
2025-11-16 15:30:19 - spektroskopi - INFO - Raspberry Pi'dan veri alındı: 6e400005-b5a3-f393-e0a9-e50e24dcca9e (Handle: 16): Unknown, uzunluk: 2
2025-11-16 15:30:19 - spektroskopi - INFO - Raspberry Pi verisi: Ham=3255, Voltaj=3255.000V
2025-11-16 15:30:19 - spektroskopi - INFO - Raspberry Pi verisi işlendi: SENSOR_EXTRA = 3255.000V
2025-11-16 15:30:19 - spektroskopi - INFO - Raspberry Pi'dan veri alındı: 6e400003-b5a3-f393-e0a9-e50e24dcca9e (Handle: 8): Nordic UART TX, uzunluk: 2
2025-11-16 15:30:19 - spektroskopi - INFO - Raspberry Pi verisi: Ham=1623, Voltaj=1623.000V
2025-11-16 15:30:19 - spektroskopi - INFO - Raspberry Pi verisi işlendi: SENSOR_5 = 1623.000V
2025-11-16 15:30:19 - spektroskopi - INFO - Raspberry Pi'dan veri alındı: 6e400004-b5a3-f393-e0a9-e50e24dcca9e (Handle: 11): Unknown, uzunluk: 2
2025-11-16 15:30:19 - spektroskopi - INFO - Raspberry Pi verisi: Ham=1306, Voltaj=1306.000V
2025-11-16 15:30:19 - spektroskopi - INFO - Raspberry Pi verisi işlendi: SENSOR_7 = 1306.000V
2025-11-16 15:30:19 - spektroskopi - WARNING - Zaman sıralama düzeltildi: 2025-11-16 15:30:19.280587
2025-11-16 15:30:19 - spektroskopi - WARNING - Zaman sıralama düzeltildi: 2025-11-16 15:30:19.281587
2025-11-16 15:30:19 - spektroskopi - WARNING - Zaman sıralama düzeltildi: 2025-11-16 15:30:19.282587
2025-11-16 15:30:19 - spektroskopi - WARNING - Zaman sıralama düzeltildi: 2025-11-16 15:30:19.283587
2025-11-16 15:30:19 - spektroskopi - WARNING - Zaman sıralama düzeltildi: 2025-11-16 15:30:19.284587
2025-11-16 15:30:19 - spektroskopi - WARNING - Zaman sıralama düzeltildi: 2025-11-16 15:30:19.285587
2025-11-16 15:30:19 - spektroskopi - WARNING - Zaman sıralama düzeltildi: 2025-11-16 15:30:19.286587
2025-11-16 15:30:19 - spektroskopi - WARNING - Zaman sıralama düzeltildi: 2025-11-16 15:30:19.287587
2025-11-16 15:30:19 - spektroskopi - WARNING - Zaman sıralama düzeltildi: 2025-11-16 15:30:19.288587
2025-11-16 15:30:19 - spektroskopi - WARNING - Zaman sıralama düzeltildi: 2025-11-16 15:30:19.289587
2025-11-16 15:30:19 - spektroskopi - WARNING - Zaman sıralama düzeltildi: 2025-11-16 15:30:19.290587
2025-11-16 15:30:19 - spektroskopi - WARNING - Zaman sıralama düzeltildi: 2025-11-16 15:30:19.291587
2025-11-16 15:30:19 - spektroskopi - INFO - Raspberry Pi'dan veri alındı: 6e400002-b5a3-f393-e0a9-e50e24dcca9e (Handle: 19): Nordic UART RX, uzunluk: 2
2025-11-16 15:30:19 - spektroskopi - INFO - Raspberry Pi verisi: Ham=3255, Voltaj=3255.000V
2025-11-16 15:30:19 - spektroskopi - INFO - Raspberry Pi verisi işlendi: SENSOR_2 = 3255.000V
2025-11-16 15:30:19 - spektroskopi - INFO - Raspberry Pi'dan veri alındı: 6e400005-b5a3-f393-e0a9-e50e24dcca9e (Handle: 16): Unknown, uzunluk: 2
2025-11-16 15:30:19 - spektroskopi - INFO - Raspberry Pi verisi: Ham=3254, Voltaj=3254.000V
2025-11-16 15:30:19 - spektroskopi - INFO - Raspberry Pi verisi işlendi: SENSOR_EXTRA = 3254.000V
2025-11-16 15:30:19 - spektroskopi - INFO - Raspberry Pi'dan veri alındı: 6e400003-b5a3-f393-e0a9-e50e24dcca9e (Handle: 8): Nordic UART TX, uzunluk: 2
2025-11-16 15:30:19 - spektroskopi - INFO - Raspberry Pi verisi: Ham=1622, Voltaj=1622.000V
2025-11-16 15:30:19 - spektroskopi - INFO - Raspberry Pi verisi işlendi: SENSOR_5 = 1622.000V
2025-11-16 15:30:19 - spektroskopi - INFO - Raspberry Pi'dan veri alındı: 6e400004-b5a3-f393-e0a9-e50e24dcca9e (Handle: 11): Unknown, uzunluk: 2
2025-11-16 15:30:19 - spektroskopi - INFO - Raspberry Pi verisi: Ham=1305, Voltaj=1305.000V
2025-11-16 15:30:19 - spektroskopi - INFO - Raspberry Pi verisi işlendi: SENSOR_7 = 1305.000V
2025-11-16 15:30:19 - spektroskopi - INFO - Raspberry Pi'dan veri alındı: 6e400002-b5a3-f393-e0a9-e50e24dcca9e (Handle: 19): Nordic UART RX, uzunluk: 2
2025-11-16 15:30:19 - spektroskopi - INFO - Raspberry Pi verisi: Ham=3254, Voltaj=3254.000V
2025-11-16 15:30:19 - spektroskopi - INFO - Raspberry Pi verisi işlendi: SENSOR_2 = 3254.000V
2025-11-16 15:30:19 - spektroskopi - INFO - Raspberry Pi'dan veri alındı: 6e400005-b5a3-f393-e0a9-e50e24dcca9e (Handle: 16): Unknown, uzunluk: 2
2025-11-16 15:30:19 - spektroskopi - INFO - Raspberry Pi verisi: Ham=3254, Voltaj=3254.000V
2025-11-16 15:30:19 - spektroskopi - INFO - Raspberry Pi verisi işlendi: SENSOR_EXTRA = 3254.000V
2025-11-16 15:30:19 - spektroskopi - INFO - Raspberry Pi'dan veri alındı: 6e400003-b5a3-f393-e0a9-e50e24dcca9e (Handle: 8): Nordic UART TX, uzunluk: 2
2025-11-16 15:30:19 - spektroskopi - INFO - Raspberry Pi verisi: Ham=1621, Voltaj=1621.000V
2025-11-16 15:30:19 - spektroskopi - INFO - Raspberry Pi verisi işlendi: SENSOR_5 = 1621.000V
2025-11-16 15:30:19 - spektroskopi - INFO - Raspberry Pi'dan veri alındı: 6e400004-b5a3-f393-e0a9-e50e24dcca9e (Handle: 11): Unknown, uzunluk: 2
2025-11-16 15:30:19 - spektroskopi - INFO - Raspberry Pi verisi: Ham=1303, Voltaj=1303.000V
2025-11-16 15:30:19 - spektroskopi - INFO - Raspberry Pi verisi işlendi: SENSOR_7 = 1303.000V
2025-11-16 15:30:20 - spektroskopi - INFO - Raspberry Pi'dan veri alındı: 6e400002-b5a3-f393-e0a9-e50e24dcca9e (Handle: 19): Nordic UART RX, uzunluk: 2
2025-11-16 15:30:20 - spektroskopi - INFO - Raspberry Pi verisi: Ham=3254, Voltaj=3254.000V
2025-11-16 15:30:20 - spektroskopi - INFO - Raspberry Pi verisi işlendi: SENSOR_2 = 3254.000V
2025-11-16 15:30:20 - spektroskopi - INFO - Raspberry Pi'dan veri alındı: 6e400005-b5a3-f393-e0a9-e50e24dcca9e (Handle: 16): Unknown, uzunluk: 2
2025-11-16 15:30:20 - spektroskopi - INFO - Raspberry Pi verisi: Ham=3254, Voltaj=3254.000V
2025-11-16 15:30:20 - spektroskopi - INFO - Raspberry Pi verisi işlendi: SENSOR_EXTRA = 3254.000V
2025-11-16 15:30:20 - spektroskopi - INFO - Raspberry Pi'dan veri alındı: 6e400003-b5a3-f393-e0a9-e50e24dcca9e (Handle: 8): Nordic UART TX, uzunluk: 2
2025-11-16 15:30:20 - spektroskopi - INFO - Raspberry Pi verisi: Ham=1619, Voltaj=1619.000V
2025-11-16 15:30:20 - spektroskopi - INFO - Raspberry Pi verisi işlendi: SENSOR_5 = 1619.000V
2025-11-16 15:30:20 - spektroskopi - INFO - Raspberry Pi'dan veri alındı: 6e400004-b5a3-f393-e0a9-e50e24dcca9e (Handle: 11): Unknown, uzunluk: 2
2025-11-16 15:30:20 - spektroskopi - INFO - Raspberry Pi verisi: Ham=1302, Voltaj=1302.000V
2025-11-16 15:30:20 - spektroskopi - INFO - Raspberry Pi verisi işlendi: SENSOR_7 = 1302.000V
2025-11-16 15:30:20 - spektroskopi - WARNING - Zaman sıralama düzeltildi: 2025-11-16 15:30:20.269662
2025-11-16 15:30:20 - spektroskopi - WARNING - Zaman sıralama düzeltildi: 2025-11-16 15:30:20.270662
2025-11-16 15:30:20 - spektroskopi - WARNING - Zaman sıralama düzeltildi: 2025-11-16 15:30:20.271662
2025-11-16 15:30:20 - spektroskopi - WARNING - Zaman sıralama düzeltildi: 2025-11-16 15:30:20.272662
2025-11-16 15:30:20 - spektroskopi - WARNING - Zaman sıralama düzeltildi: 2025-11-16 15:30:20.273662
2025-11-16 15:30:20 - spektroskopi - WARNING - Zaman sıralama düzeltildi: 2025-11-16 15:30:20.274662
2025-11-16 15:30:20 - spektroskopi - WARNING - Zaman sıralama düzeltildi: 2025-11-16 15:30:20.275662
2025-11-16 15:30:20 - spektroskopi - WARNING - Zaman sıralama düzeltildi: 2025-11-16 15:30:20.276662
2025-11-16 15:30:20 - spektroskopi - WARNING - Zaman sıralama düzeltildi: 2025-11-16 15:30:20.277662
2025-11-16 15:30:20 - spektroskopi - WARNING - Zaman sıralama düzeltildi: 2025-11-16 15:30:20.278662
2025-11-16 15:30:20 - spektroskopi - WARNING - Zaman sıralama düzeltildi: 2025-11-16 15:30:20.279662
2025-11-16 15:30:20 - spektroskopi - WARNING - Zaman sıralama düzeltildi: 2025-11-16 15:30:20.280662
2025-11-16 15:30:20 - spektroskopi - INFO - Raspberry Pi'dan veri alındı: 6e400002-b5a3-f393-e0a9-e50e24dcca9e (Handle: 19): Nordic UART RX, uzunluk: 2
2025-11-16 15:30:20 - spektroskopi - INFO - Raspberry Pi verisi: Ham=3254, Voltaj=3254.000V
2025-11-16 15:30:20 - spektroskopi - INFO - Raspberry Pi verisi işlendi: SENSOR_2 = 3254.000V
2025-11-16 15:30:20 - spektroskopi - INFO - Raspberry Pi'dan veri alındı: 6e400005-b5a3-f393-e0a9-e50e24dcca9e (Handle: 16): Unknown, uzunluk: 2
2025-11-16 15:30:20 - spektroskopi - INFO - Raspberry Pi verisi: Ham=3254, Voltaj=3254.000V
2025-11-16 15:30:20 - spektroskopi - INFO - Raspberry Pi verisi işlendi: SENSOR_EXTRA = 3254.000V
2025-11-16 15:30:20 - spektroskopi - INFO - Raspberry Pi'dan veri alındı: 6e400003-b5a3-f393-e0a9-e50e24dcca9e (Handle: 8): Nordic UART TX, uzunluk: 2
2025-11-16 15:30:20 - spektroskopi - INFO - Raspberry Pi verisi: Ham=1617, Voltaj=1617.000V
2025-11-16 15:30:20 - spektroskopi - INFO - Raspberry Pi verisi işlendi: SENSOR_5 = 1617.000V
2025-11-16 15:30:20 - spektroskopi - INFO - Raspberry Pi'dan veri alındı: 6e400004-b5a3-f393-e0a9-e50e24dcca9e (Handle: 11): Unknown, uzunluk: 2
2025-11-16 15:30:20 - spektroskopi - INFO - Raspberry Pi verisi: Ham=1299, Voltaj=1299.000V
2025-11-16 15:30:20 - spektroskopi - INFO - Raspberry Pi verisi işlendi: SENSOR_7 = 1299.000V
2025-11-16 15:30:20 - spektroskopi - INFO - Raspberry Pi'dan veri alındı: 6e400002-b5a3-f393-e0a9-e50e24dcca9e (Handle: 19): Nordic UART RX, uzunluk: 2
2025-11-16 15:30:20 - spektroskopi - INFO - Raspberry Pi verisi: Ham=3254, Voltaj=3254.000V
2025-11-16 15:30:20 - spektroskopi - INFO - Raspberry Pi verisi işlendi: SENSOR_2 = 3254.000V
2025-11-16 15:30:20 - spektroskopi - INFO - Raspberry Pi'dan veri alındı: 6e400005-b5a3-f393-e0a9-e50e24dcca9e (Handle: 16): Unknown, uzunluk: 2
2025-11-16 15:30:20 - spektroskopi - INFO - Raspberry Pi verisi: Ham=3254, Voltaj=3254.000V
2025-11-16 15:30:20 - spektroskopi - INFO - Raspberry Pi verisi işlendi: SENSOR_EXTRA = 3254.000V
2025-11-16 15:30:20 - spektroskopi - INFO - Raspberry Pi'dan veri alındı: 6e400003-b5a3-f393-e0a9-e50e24dcca9e (Handle: 8): Nordic UART TX, uzunluk: 2
2025-11-16 15:30:20 - spektroskopi - INFO - Raspberry Pi verisi: Ham=1616, Voltaj=1616.000V
2025-11-16 15:30:20 - spektroskopi - INFO - Raspberry Pi verisi işlendi: SENSOR_5 = 1616.000V
2025-11-16 15:30:20 - spektroskopi - INFO - Raspberry Pi'dan veri alındı: 6e400004-b5a3-f393-e0a9-e50e24dcca9e (Handle: 11): Unknown, uzunluk: 2
2025-11-16 15:30:20 - spektroskopi - INFO - Raspberry Pi verisi: Ham=1298, Voltaj=1298.000V
2025-11-16 15:30:20 - spektroskopi - INFO - Raspberry Pi verisi işlendi: SENSOR_7 = 1298.000V
2025-11-16 15:30:21 - spektroskopi - INFO - Raspberry Pi'dan veri alındı: 6e400002-b5a3-f393-e0a9-e50e24dcca9e (Handle: 19): Nordic UART RX, uzunluk: 2
2025-11-16 15:30:21 - spektroskopi - INFO - Raspberry Pi verisi: Ham=3255, Voltaj=3255.000V
2025-11-16 15:30:21 - spektroskopi - INFO - Raspberry Pi verisi işlendi: SENSOR_2 = 3255.000V
2025-11-16 15:30:21 - spektroskopi - INFO - Raspberry Pi'dan veri alındı: 6e400005-b5a3-f393-e0a9-e50e24dcca9e (Handle: 16): Unknown, uzunluk: 2
2025-11-16 15:30:21 - spektroskopi - INFO - Raspberry Pi verisi: Ham=3254, Voltaj=3254.000V
2025-11-16 15:30:21 - spektroskopi - INFO - Raspberry Pi verisi işlendi: SENSOR_EXTRA = 3254.000V
2025-11-16 15:30:21 - spektroskopi - INFO - Raspberry Pi'dan veri alındı: 6e400003-b5a3-f393-e0a9-e50e24dcca9e (Handle: 8): Nordic UART TX, uzunluk: 2
2025-11-16 15:30:21 - spektroskopi - INFO - Raspberry Pi verisi: Ham=1617, Voltaj=1617.000V
2025-11-16 15:30:21 - spektroskopi - INFO - Raspberry Pi verisi işlendi: SENSOR_5 = 1617.000V
2025-11-16 15:30:21 - spektroskopi - INFO - Raspberry Pi'dan veri alındı: 6e400004-b5a3-f393-e0a9-e50e24dcca9e (Handle: 11): Unknown, uzunluk: 2
2025-11-16 15:30:21 - spektroskopi - INFO - Raspberry Pi verisi: Ham=1300, Voltaj=1300.000V
2025-11-16 15:30:21 - spektroskopi - INFO - Raspberry Pi verisi işlendi: SENSOR_7 = 1300.000V
2025-11-16 15:30:21 - spektroskopi - WARNING - Zaman sıralama düzeltildi: 2025-11-16 15:30:21.290287
2025-11-16 15:30:21 - spektroskopi - WARNING - Zaman sıralama düzeltildi: 2025-11-16 15:30:21.291287
2025-11-16 15:30:21 - spektroskopi - WARNING - Zaman sıralama düzeltildi: 2025-11-16 15:30:21.292287
2025-11-16 15:30:21 - spektroskopi - WARNING - Zaman sıralama düzeltildi: 2025-11-16 15:30:21.293287
2025-11-16 15:30:21 - spektroskopi - WARNING - Zaman sıralama düzeltildi: 2025-11-16 15:30:21.294287
2025-11-16 15:30:21 - spektroskopi - WARNING - Zaman sıralama düzeltildi: 2025-11-16 15:30:21.295287
2025-11-16 15:30:21 - spektroskopi - WARNING - Zaman sıralama düzeltildi: 2025-11-16 15:30:21.296287
2025-11-16 15:30:21 - spektroskopi - WARNING - Zaman sıralama düzeltildi: 2025-11-16 15:30:21.297287
2025-11-16 15:30:21 - spektroskopi - WARNING - Zaman sıralama düzeltildi: 2025-11-16 15:30:21.298287
2025-11-16 15:30:21 - spektroskopi - WARNING - Zaman sıralama düzeltildi: 2025-11-16 15:30:21.299287
2025-11-16 15:30:21 - spektroskopi - WARNING - Zaman sıralama düzeltildi: 2025-11-16 15:30:21.300287
2025-11-16 15:30:21 - spektroskopi - WARNING - Zaman sıralama düzeltildi: 2025-11-16 15:30:21.301287
2025-11-16 15:30:21 - spektroskopi - INFO - Raspberry Pi'dan veri alındı: 6e400002-b5a3-f393-e0a9-e50e24dcca9e (Handle: 19): Nordic UART RX, uzunluk: 2
2025-11-16 15:30:21 - spektroskopi - INFO - Raspberry Pi verisi: Ham=3254, Voltaj=3254.000V
2025-11-16 15:30:21 - spektroskopi - INFO - Raspberry Pi verisi işlendi: SENSOR_2 = 3254.000V
2025-11-16 15:30:21 - spektroskopi - INFO - Raspberry Pi'dan veri alındı: 6e400005-b5a3-f393-e0a9-e50e24dcca9e (Handle: 16): Unknown, uzunluk: 2
2025-11-16 15:30:21 - spektroskopi - INFO - Raspberry Pi verisi: Ham=3254, Voltaj=3254.000V
2025-11-16 15:30:21 - spektroskopi - INFO - Raspberry Pi verisi işlendi: SENSOR_EXTRA = 3254.000V
2025-11-16 15:30:21 - spektroskopi - INFO - Raspberry Pi'dan veri alındı: 6e400003-b5a3-f393-e0a9-e50e24dcca9e (Handle: 8): Nordic UART TX, uzunluk: 2
2025-11-16 15:30:21 - spektroskopi - INFO - Raspberry Pi verisi: Ham=1619, Voltaj=1619.000V
2025-11-16 15:30:21 - spektroskopi - INFO - Raspberry Pi verisi işlendi: SENSOR_5 = 1619.000V
2025-11-16 15:30:21 - spektroskopi - INFO - Raspberry Pi'dan veri alındı: 6e400004-b5a3-f393-e0a9-e50e24dcca9e (Handle: 11): Unknown, uzunluk: 2
2025-11-16 15:30:21 - spektroskopi - INFO - Raspberry Pi verisi: Ham=1302, Voltaj=1302.000V
2025-11-16 15:30:21 - spektroskopi - INFO - Raspberry Pi verisi işlendi: SENSOR_7 = 1302.000V
2025-11-16 15:30:21 - spektroskopi - INFO - Raspberry Pi'dan veri alındı: 6e400002-b5a3-f393-e0a9-e50e24dcca9e (Handle: 19): Nordic UART RX, uzunluk: 2
2025-11-16 15:30:21 - spektroskopi - INFO - Raspberry Pi verisi: Ham=3254, Voltaj=3254.000V
2025-11-16 15:30:21 - spektroskopi - INFO - Raspberry Pi verisi işlendi: SENSOR_2 = 3254.000V
2025-11-16 15:30:21 - spektroskopi - INFO - Raspberry Pi'dan veri alındı: 6e400005-b5a3-f393-e0a9-e50e24dcca9e (Handle: 16): Unknown, uzunluk: 2
2025-11-16 15:30:21 - spektroskopi - INFO - Raspberry Pi verisi: Ham=3254, Voltaj=3254.000V
2025-11-16 15:30:21 - spektroskopi - INFO - Raspberry Pi verisi işlendi: SENSOR_EXTRA = 3254.000V
2025-11-16 15:30:21 - spektroskopi - INFO - Raspberry Pi'dan veri alındı: 6e400003-b5a3-f393-e0a9-e50e24dcca9e (Handle: 8): Nordic UART TX, uzunluk: 2
2025-11-16 15:30:21 - spektroskopi - INFO - Raspberry Pi verisi: Ham=1619, Voltaj=1619.000V
2025-11-16 15:30:21 - spektroskopi - INFO - Raspberry Pi verisi işlendi: SENSOR_5 = 1619.000V
2025-11-16 15:30:21 - spektroskopi - INFO - Raspberry Pi'dan veri alındı: 6e400004-b5a3-f393-e0a9-e50e24dcca9e (Handle: 11): Unknown, uzunluk: 2
2025-11-16 15:30:21 - spektroskopi - INFO - Raspberry Pi verisi: Ham=1303, Voltaj=1303.000V
2025-11-16 15:30:21 - spektroskopi - INFO - Raspberry Pi verisi işlendi: SENSOR_7 = 1303.000V
2025-11-16 15:30:22 - spektroskopi - INFO - Raspberry Pi'dan veri alındı: 6e400002-b5a3-f393-e0a9-e50e24dcca9e (Handle: 19): Nordic UART RX, uzunluk: 2
2025-11-16 15:30:22 - spektroskopi - INFO - Raspberry Pi verisi: Ham=3254, Voltaj=3254.000V
2025-11-16 15:30:22 - spektroskopi - INFO - Raspberry Pi verisi işlendi: SENSOR_2 = 3254.000V
2025-11-16 15:30:22 - spektroskopi - INFO - Raspberry Pi'dan veri alındı: 6e400005-b5a3-f393-e0a9-e50e24dcca9e (Handle: 16): Unknown, uzunluk: 2
2025-11-16 15:30:22 - spektroskopi - INFO - Raspberry Pi verisi: Ham=3253, Voltaj=3253.000V
2025-11-16 15:30:22 - spektroskopi - INFO - Raspberry Pi verisi işlendi: SENSOR_EXTRA = 3253.000V
2025-11-16 15:30:22 - spektroskopi - INFO - Raspberry Pi'dan veri alındı: 6e400003-b5a3-f393-e0a9-e50e24dcca9e (Handle: 8): Nordic UART TX, uzunluk: 2
2025-11-16 15:30:22 - spektroskopi - INFO - Raspberry Pi verisi: Ham=1619, Voltaj=1619.000V
2025-11-16 15:30:22 - spektroskopi - INFO - Raspberry Pi verisi işlendi: SENSOR_5 = 1619.000V
2025-11-16 15:30:22 - spektroskopi - INFO - Raspberry Pi'dan veri alındı: 6e400004-b5a3-f393-e0a9-e50e24dcca9e (Handle: 11): Unknown, uzunluk: 2
2025-11-16 15:30:22 - spektroskopi - INFO - Raspberry Pi verisi: Ham=1301, Voltaj=1301.000V
2025-11-16 15:30:22 - spektroskopi - INFO - Raspberry Pi verisi işlendi: SENSOR_7 = 1301.000V
2025-11-16 15:30:22 - spektroskopi - WARNING - Zaman sıralama düzeltildi: 2025-11-16 15:30:22.279680
2025-11-16 15:30:22 - spektroskopi - WARNING - Zaman sıralama düzeltildi: 2025-11-16 15:30:22.280680
2025-11-16 15:30:22 - spektroskopi - WARNING - Zaman sıralama düzeltildi: 2025-11-16 15:30:22.281680
2025-11-16 15:30:22 - spektroskopi - WARNING - Zaman sıralama düzeltildi: 2025-11-16 15:30:22.282680
2025-11-16 15:30:22 - spektroskopi - WARNING - Zaman sıralama düzeltildi: 2025-11-16 15:30:22.283680
2025-11-16 15:30:22 - spektroskopi - WARNING - Zaman sıralama düzeltildi: 2025-11-16 15:30:22.284680
2025-11-16 15:30:22 - spektroskopi - WARNING - Zaman sıralama düzeltildi: 2025-11-16 15:30:22.285680
2025-11-16 15:30:22 - spektroskopi - WARNING - Zaman sıralama düzeltildi: 2025-11-16 15:30:22.286680
2025-11-16 15:30:22 - spektroskopi - WARNING - Zaman sıralama düzeltildi: 2025-11-16 15:30:22.287680
2025-11-16 15:30:22 - spektroskopi - WARNING - Zaman sıralama düzeltildi: 2025-11-16 15:30:22.288680
2025-11-16 15:30:22 - spektroskopi - WARNING - Zaman sıralama düzeltildi: 2025-11-16 15:30:22.289680
2025-11-16 15:30:22 - spektroskopi - WARNING - Zaman sıralama düzeltildi: 2025-11-16 15:30:22.290680
2025-11-16 15:30:22 - spektroskopi - INFO - Raspberry Pi'dan veri alındı: 6e400002-b5a3-f393-e0a9-e50e24dcca9e (Handle: 19): Nordic UART RX, uzunluk: 2
2025-11-16 15:30:22 - spektroskopi - INFO - Raspberry Pi verisi: Ham=3254, Voltaj=3254.000V
2025-11-16 15:30:22 - spektroskopi - INFO - Raspberry Pi verisi işlendi: SENSOR_2 = 3254.000V
2025-11-16 15:30:22 - spektroskopi - INFO - Raspberry Pi'dan veri alındı: 6e400005-b5a3-f393-e0a9-e50e24dcca9e (Handle: 16): Unknown, uzunluk: 2
2025-11-16 15:30:22 - spektroskopi - INFO - Raspberry Pi verisi: Ham=3254, Voltaj=3254.000V
2025-11-16 15:30:22 - spektroskopi - INFO - Raspberry Pi verisi işlendi: SENSOR_EXTRA = 3254.000V
2025-11-16 15:30:22 - spektroskopi - INFO - Raspberry Pi'dan veri alındı: 6e400003-b5a3-f393-e0a9-e50e24dcca9e (Handle: 8): Nordic UART TX, uzunluk: 2
2025-11-16 15:30:22 - spektroskopi - INFO - Raspberry Pi verisi: Ham=1619, Voltaj=1619.000V
2025-11-16 15:30:22 - spektroskopi - INFO - Raspberry Pi verisi işlendi: SENSOR_5 = 1619.000V
2025-11-16 15:30:22 - spektroskopi - INFO - Raspberry Pi'dan veri alındı: 6e400004-b5a3-f393-e0a9-e50e24dcca9e (Handle: 11): Unknown, uzunluk: 2
2025-11-16 15:30:22 - spektroskopi - INFO - Raspberry Pi verisi: Ham=1302, Voltaj=1302.000V
2025-11-16 15:30:22 - spektroskopi - INFO - Raspberry Pi verisi işlendi: SENSOR_7 = 1302.000V
2025-11-16 15:30:22 - spektroskopi - INFO - Raspberry Pi'dan veri alındı: 6e400002-b5a3-f393-e0a9-e50e24dcca9e (Handle: 19): Nordic UART RX, uzunluk: 2
2025-11-16 15:30:22 - spektroskopi - INFO - Raspberry Pi verisi: Ham=3254, Voltaj=3254.000V
2025-11-16 15:30:22 - spektroskopi - INFO - Raspberry Pi verisi işlendi: SENSOR_2 = 3254.000V
2025-11-16 15:30:22 - spektroskopi - INFO - Raspberry Pi'dan veri alındı: 6e400005-b5a3-f393-e0a9-e50e24dcca9e (Handle: 16): Unknown, uzunluk: 2
2025-11-16 15:30:22 - spektroskopi - INFO - Raspberry Pi verisi: Ham=3254, Voltaj=3254.000V
2025-11-16 15:30:22 - spektroskopi - INFO - Raspberry Pi verisi işlendi: SENSOR_EXTRA = 3254.000V
2025-11-16 15:30:22 - spektroskopi - INFO - Raspberry Pi'dan veri alındı: 6e400003-b5a3-f393-e0a9-e50e24dcca9e (Handle: 8): Nordic UART TX, uzunluk: 2
2025-11-16 15:30:22 - spektroskopi - INFO - Raspberry Pi verisi: Ham=1622, Voltaj=1622.000V
2025-11-16 15:30:22 - spektroskopi - INFO - Raspberry Pi verisi işlendi: SENSOR_5 = 1622.000V
2025-11-16 15:30:22 - spektroskopi - INFO - Raspberry Pi'dan veri alındı: 6e400004-b5a3-f393-e0a9-e50e24dcca9e (Handle: 11): Unknown, uzunluk: 2
2025-11-16 15:30:22 - spektroskopi - INFO - Raspberry Pi verisi: Ham=1305, Voltaj=1305.000V
2025-11-16 15:30:22 - spektroskopi - INFO - Raspberry Pi verisi işlendi: SENSOR_7 = 1305.000V
2025-11-16 15:30:23 - spektroskopi - INFO - Raspberry Pi'dan veri alındı: 6e400002-b5a3-f393-e0a9-e50e24dcca9e (Handle: 19): Nordic UART RX, uzunluk: 2
2025-11-16 15:30:23 - spektroskopi - INFO - Raspberry Pi verisi: Ham=3254, Voltaj=3254.000V
2025-11-16 15:30:23 - spektroskopi - INFO - Raspberry Pi verisi işlendi: SENSOR_2 = 3254.000V
2025-11-16 15:30:23 - spektroskopi - INFO - Raspberry Pi'dan veri alındı: 6e400005-b5a3-f393-e0a9-e50e24dcca9e (Handle: 16): Unknown, uzunluk: 2
2025-11-16 15:30:23 - spektroskopi - INFO - Raspberry Pi verisi: Ham=3254, Voltaj=3254.000V
2025-11-16 15:30:23 - spektroskopi - INFO - Raspberry Pi verisi işlendi: SENSOR_EXTRA = 3254.000V
2025-11-16 15:30:23 - spektroskopi - INFO - Raspberry Pi'dan veri alındı: 6e400003-b5a3-f393-e0a9-e50e24dcca9e (Handle: 8): Nordic UART TX, uzunluk: 2
2025-11-16 15:30:23 - spektroskopi - INFO - Raspberry Pi verisi: Ham=1635, Voltaj=1635.000V
2025-11-16 15:30:23 - spektroskopi - INFO - Raspberry Pi verisi işlendi: SENSOR_5 = 1635.000V
2025-11-16 15:30:23 - spektroskopi - INFO - Raspberry Pi'dan veri alındı: 6e400004-b5a3-f393-e0a9-e50e24dcca9e (Handle: 11): Unknown, uzunluk: 2
2025-11-16 15:30:23 - spektroskopi - INFO - Raspberry Pi verisi: Ham=1321, Voltaj=1321.000V
2025-11-16 15:30:23 - spektroskopi - INFO - Raspberry Pi verisi işlendi: SENSOR_7 = 1321.000V
2025-11-16 15:30:23 - spektroskopi - WARNING - Zaman sıralama düzeltildi: 2025-11-16 15:30:23.270648
2025-11-16 15:30:23 - spektroskopi - WARNING - Zaman sıralama düzeltildi: 2025-11-16 15:30:23.271648
2025-11-16 15:30:23 - spektroskopi - WARNING - Zaman sıralama düzeltildi: 2025-11-16 15:30:23.272648
2025-11-16 15:30:23 - spektroskopi - WARNING - Zaman sıralama düzeltildi: 2025-11-16 15:30:23.273648
2025-11-16 15:30:23 - spektroskopi - WARNING - Zaman sıralama düzeltildi: 2025-11-16 15:30:23.274648
2025-11-16 15:30:23 - spektroskopi - WARNING - Zaman sıralama düzeltildi: 2025-11-16 15:30:23.275648
2025-11-16 15:30:23 - spektroskopi - WARNING - Zaman sıralama düzeltildi: 2025-11-16 15:30:23.276648
2025-11-16 15:30:23 - spektroskopi - WARNING - Zaman sıralama düzeltildi: 2025-11-16 15:30:23.277648
2025-11-16 15:30:23 - spektroskopi - WARNING - Zaman sıralama düzeltildi: 2025-11-16 15:30:23.278648
2025-11-16 15:30:23 - spektroskopi - WARNING - Zaman sıralama düzeltildi: 2025-11-16 15:30:23.279648
2025-11-16 15:30:23 - spektroskopi - WARNING - Zaman sıralama düzeltildi: 2025-11-16 15:30:23.280648
2025-11-16 15:30:23 - spektroskopi - WARNING - Zaman sıralama düzeltildi: 2025-11-16 15:30:23.281648
2025-11-16 15:30:23 - spektroskopi - INFO - Raspberry Pi'dan veri alındı: 6e400002-b5a3-f393-e0a9-e50e24dcca9e (Handle: 19): Nordic UART RX, uzunluk: 2
2025-11-16 15:30:23 - spektroskopi - INFO - Raspberry Pi verisi: Ham=3254, Voltaj=3254.000V
2025-11-16 15:30:23 - spektroskopi - INFO - Raspberry Pi verisi işlendi: SENSOR_2 = 3254.000V
2025-11-16 15:30:23 - spektroskopi - INFO - Raspberry Pi'dan veri alındı: 6e400005-b5a3-f393-e0a9-e50e24dcca9e (Handle: 16): Unknown, uzunluk: 2
2025-11-16 15:30:23 - spektroskopi - INFO - Raspberry Pi verisi: Ham=3254, Voltaj=3254.000V
2025-11-16 15:30:23 - spektroskopi - INFO - Raspberry Pi verisi işlendi: SENSOR_EXTRA = 3254.000V
2025-11-16 15:30:23 - spektroskopi - INFO - Raspberry Pi'dan veri alındı: 6e400003-b5a3-f393-e0a9-e50e24dcca9e (Handle: 8): Nordic UART TX, uzunluk: 2
2025-11-16 15:30:23 - spektroskopi - INFO - Raspberry Pi verisi: Ham=1639, Voltaj=1639.000V
2025-11-16 15:30:23 - spektroskopi - INFO - Raspberry Pi verisi işlendi: SENSOR_5 = 1639.000V
2025-11-16 15:30:23 - spektroskopi - INFO - Raspberry Pi'dan veri alındı: 6e400004-b5a3-f393-e0a9-e50e24dcca9e (Handle: 11): Unknown, uzunluk: 2
2025-11-16 15:30:23 - spektroskopi - INFO - Raspberry Pi verisi: Ham=1321, Voltaj=1321.000V
2025-11-16 15:30:23 - spektroskopi - INFO - Raspberry Pi verisi işlendi: SENSOR_7 = 1321.000V
2025-11-16 15:30:23 - spektroskopi - INFO - Raspberry Pi'dan veri alındı: 6e400002-b5a3-f393-e0a9-e50e24dcca9e (Handle: 19): Nordic UART RX, uzunluk: 2
2025-11-16 15:30:23 - spektroskopi - INFO - Raspberry Pi verisi: Ham=3254, Voltaj=3254.000V
2025-11-16 15:30:23 - spektroskopi - INFO - Raspberry Pi verisi işlendi: SENSOR_2 = 3254.000V
2025-11-16 15:30:23 - spektroskopi - INFO - Raspberry Pi'dan veri alındı: 6e400005-b5a3-f393-e0a9-e50e24dcca9e (Handle: 16): Unknown, uzunluk: 2
2025-11-16 15:30:23 - spektroskopi - INFO - Raspberry Pi verisi: Ham=3254, Voltaj=3254.000V
2025-11-16 15:30:23 - spektroskopi - INFO - Raspberry Pi verisi işlendi: SENSOR_EXTRA = 3254.000V
2025-11-16 15:30:23 - spektroskopi - INFO - Raspberry Pi'dan veri alındı: 6e400003-b5a3-f393-e0a9-e50e24dcca9e (Handle: 8): Nordic UART TX, uzunluk: 2
2025-11-16 15:30:23 - spektroskopi - INFO - Raspberry Pi verisi: Ham=1635, Voltaj=1635.000V
2025-11-16 15:30:23 - spektroskopi - INFO - Raspberry Pi verisi işlendi: SENSOR_5 = 1635.000V
2025-11-16 15:30:23 - spektroskopi - INFO - Raspberry Pi'dan veri alındı: 6e400004-b5a3-f393-e0a9-e50e24dcca9e (Handle: 11): Unknown, uzunluk: 2
2025-11-16 15:30:23 - spektroskopi - INFO - Raspberry Pi verisi: Ham=1317, Voltaj=1317.000V
2025-11-16 15:30:23 - spektroskopi - INFO - Raspberry Pi verisi işlendi: SENSOR_7 = 1317.000V
2025-11-16 15:30:24 - spektroskopi - INFO - Raspberry Pi'dan veri alındı: 6e400002-b5a3-f393-e0a9-e50e24dcca9e (Handle: 19): Nordic UART RX, uzunluk: 2
2025-11-16 15:30:24 - spektroskopi - INFO - Raspberry Pi verisi: Ham=3254, Voltaj=3254.000V
2025-11-16 15:30:24 - spektroskopi - INFO - Raspberry Pi verisi işlendi: SENSOR_2 = 3254.000V
2025-11-16 15:30:24 - spektroskopi - INFO - Raspberry Pi'dan veri alındı: 6e400005-b5a3-f393-e0a9-e50e24dcca9e (Handle: 16): Unknown, uzunluk: 2
2025-11-16 15:30:24 - spektroskopi - INFO - Raspberry Pi verisi: Ham=3254, Voltaj=3254.000V
2025-11-16 15:30:24 - spektroskopi - INFO - Raspberry Pi verisi işlendi: SENSOR_EXTRA = 3254.000V
2025-11-16 15:30:24 - spektroskopi - INFO - Raspberry Pi'dan veri alındı: 6e400003-b5a3-f393-e0a9-e50e24dcca9e (Handle: 8): Nordic UART TX, uzunluk: 2
2025-11-16 15:30:24 - spektroskopi - INFO - Raspberry Pi verisi: Ham=1637, Voltaj=1637.000V
2025-11-16 15:30:24 - spektroskopi - INFO - Raspberry Pi verisi işlendi: SENSOR_5 = 1637.000V
2025-11-16 15:30:24 - spektroskopi - INFO - Raspberry Pi'dan veri alındı: 6e400004-b5a3-f393-e0a9-e50e24dcca9e (Handle: 11): Unknown, uzunluk: 2
2025-11-16 15:30:24 - spektroskopi - INFO - Raspberry Pi verisi: Ham=1320, Voltaj=1320.000V
2025-11-16 15:30:24 - spektroskopi - INFO - Raspberry Pi verisi işlendi: SENSOR_7 = 1320.000V
2025-11-16 15:30:24 - spektroskopi - WARNING - Zaman sıralama düzeltildi: 2025-11-16 15:30:24.291584
2025-11-16 15:30:24 - spektroskopi - WARNING - Zaman sıralama düzeltildi: 2025-11-16 15:30:24.292584
2025-11-16 15:30:24 - spektroskopi - WARNING - Zaman sıralama düzeltildi: 2025-11-16 15:30:24.293584
2025-11-16 15:30:24 - spektroskopi - WARNING - Zaman sıralama düzeltildi: 2025-11-16 15:30:24.294584
2025-11-16 15:30:24 - spektroskopi - WARNING - Zaman sıralama düzeltildi: 2025-11-16 15:30:24.295584
2025-11-16 15:30:24 - spektroskopi - WARNING - Zaman sıralama düzeltildi: 2025-11-16 15:30:24.296584
2025-11-16 15:30:24 - spektroskopi - WARNING - Zaman sıralama düzeltildi: 2025-11-16 15:30:24.297584
2025-11-16 15:30:24 - spektroskopi - WARNING - Zaman sıralama düzeltildi: 2025-11-16 15:30:24.298584
2025-11-16 15:30:24 - spektroskopi - WARNING - Zaman sıralama düzeltildi: 2025-11-16 15:30:24.299584
2025-11-16 15:30:24 - spektroskopi - WARNING - Zaman sıralama düzeltildi: 2025-11-16 15:30:24.300584
2025-11-16 15:30:24 - spektroskopi - WARNING - Zaman sıralama düzeltildi: 2025-11-16 15:30:24.301584
2025-11-16 15:30:24 - spektroskopi - WARNING - Zaman sıralama düzeltildi: 2025-11-16 15:30:24.302584
2025-11-16 15:30:24 - spektroskopi - INFO - Raspberry Pi'dan veri alındı: 6e400002-b5a3-f393-e0a9-e50e24dcca9e (Handle: 19): Nordic UART RX, uzunluk: 2
2025-11-16 15:30:24 - spektroskopi - INFO - Raspberry Pi verisi: Ham=3253, Voltaj=3253.000V
2025-11-16 15:30:24 - spektroskopi - INFO - Raspberry Pi verisi işlendi: SENSOR_2 = 3253.000V
2025-11-16 15:30:24 - spektroskopi - INFO - Raspberry Pi'dan veri alındı: 6e400005-b5a3-f393-e0a9-e50e24dcca9e (Handle: 16): Unknown, uzunluk: 2
2025-11-16 15:30:24 - spektroskopi - INFO - Raspberry Pi verisi: Ham=3254, Voltaj=3254.000V
2025-11-16 15:30:24 - spektroskopi - INFO - Raspberry Pi verisi işlendi: SENSOR_EXTRA = 3254.000V
2025-11-16 15:30:24 - spektroskopi - INFO - Raspberry Pi'dan veri alındı: 6e400003-b5a3-f393-e0a9-e50e24dcca9e (Handle: 8): Nordic UART TX, uzunluk: 2
2025-11-16 15:30:24 - spektroskopi - INFO - Raspberry Pi verisi: Ham=1636, Voltaj=1636.000V
2025-11-16 15:30:24 - spektroskopi - INFO - Raspberry Pi verisi işlendi: SENSOR_5 = 1636.000V
2025-11-16 15:30:24 - spektroskopi - INFO - Raspberry Pi'dan veri alındı: 6e400004-b5a3-f393-e0a9-e50e24dcca9e (Handle: 11): Unknown, uzunluk: 2
2025-11-16 15:30:24 - spektroskopi - INFO - Raspberry Pi verisi: Ham=1318, Voltaj=1318.000V
2025-11-16 15:30:24 - spektroskopi - INFO - Raspberry Pi verisi işlendi: SENSOR_7 = 1318.000V
2025-11-16 15:30:24 - spektroskopi - INFO - Raspberry Pi'dan veri alındı: 6e400002-b5a3-f393-e0a9-e50e24dcca9e (Handle: 19): Nordic UART RX, uzunluk: 2
2025-11-16 15:30:24 - spektroskopi - INFO - Raspberry Pi verisi: Ham=3254, Voltaj=3254.000V
2025-11-16 15:30:24 - spektroskopi - INFO - Raspberry Pi verisi işlendi: SENSOR_2 = 3254.000V
2025-11-16 15:30:24 - spektroskopi - INFO - Raspberry Pi'dan veri alındı: 6e400005-b5a3-f393-e0a9-e50e24dcca9e (Handle: 16): Unknown, uzunluk: 2
2025-11-16 15:30:24 - spektroskopi - INFO - Raspberry Pi verisi: Ham=3253, Voltaj=3253.000V
2025-11-16 15:30:24 - spektroskopi - INFO - Raspberry Pi verisi işlendi: SENSOR_EXTRA = 3253.000V
2025-11-16 15:30:24 - spektroskopi - INFO - Raspberry Pi'dan veri alındı: 6e400003-b5a3-f393-e0a9-e50e24dcca9e (Handle: 8): Nordic UART TX, uzunluk: 2
2025-11-16 15:30:24 - spektroskopi - INFO - Raspberry Pi verisi: Ham=1634, Voltaj=1634.000V
2025-11-16 15:30:24 - spektroskopi - INFO - Raspberry Pi verisi işlendi: SENSOR_5 = 1634.000V
2025-11-16 15:30:24 - spektroskopi - INFO - Raspberry Pi'dan veri alındı: 6e400004-b5a3-f393-e0a9-e50e24dcca9e (Handle: 11): Unknown, uzunluk: 2
2025-11-16 15:30:24 - spektroskopi - INFO - Raspberry Pi verisi: Ham=1313, Voltaj=1313.000V
2025-11-16 15:30:24 - spektroskopi - INFO - Raspberry Pi verisi işlendi: SENSOR_7 = 1313.000V
2025-11-16 15:30:25 - spektroskopi - INFO - Raspberry Pi'dan veri alındı: 6e400002-b5a3-f393-e0a9-e50e24dcca9e (Handle: 19): Nordic UART RX, uzunluk: 2
2025-11-16 15:30:25 - spektroskopi - INFO - Raspberry Pi verisi: Ham=3254, Voltaj=3254.000V
2025-11-16 15:30:25 - spektroskopi - INFO - Raspberry Pi verisi işlendi: SENSOR_2 = 3254.000V
2025-11-16 15:30:25 - spektroskopi - INFO - Raspberry Pi'dan veri alındı: 6e400005-b5a3-f393-e0a9-e50e24dcca9e (Handle: 16): Unknown, uzunluk: 2
2025-11-16 15:30:25 - spektroskopi - INFO - Raspberry Pi verisi: Ham=3254, Voltaj=3254.000V
2025-11-16 15:30:25 - spektroskopi - INFO - Raspberry Pi verisi işlendi: SENSOR_EXTRA = 3254.000V
2025-11-16 15:30:25 - spektroskopi - INFO - Raspberry Pi'dan veri alındı: 6e400003-b5a3-f393-e0a9-e50e24dcca9e (Handle: 8): Nordic UART TX, uzunluk: 2
2025-11-16 15:30:25 - spektroskopi - INFO - Raspberry Pi verisi: Ham=1630, Voltaj=1630.000V
2025-11-16 15:30:25 - spektroskopi - INFO - Raspberry Pi verisi işlendi: SENSOR_5 = 1630.000V
2025-11-16 15:30:25 - spektroskopi - INFO - Raspberry Pi'dan veri alındı: 6e400004-b5a3-f393-e0a9-e50e24dcca9e (Handle: 11): Unknown, uzunluk: 2
2025-11-16 15:30:25 - spektroskopi - INFO - Raspberry Pi verisi: Ham=1313, Voltaj=1313.000V
2025-11-16 15:30:25 - spektroskopi - INFO - Raspberry Pi verisi işlendi: SENSOR_7 = 1313.000V
2025-11-16 15:30:25 - spektroskopi - WARNING - Zaman sıralama düzeltildi: 2025-11-16 15:30:25.279604
2025-11-16 15:30:25 - spektroskopi - WARNING - Zaman sıralama düzeltildi: 2025-11-16 15:30:25.280604
2025-11-16 15:30:25 - spektroskopi - WARNING - Zaman sıralama düzeltildi: 2025-11-16 15:30:25.281604
2025-11-16 15:30:25 - spektroskopi - WARNING - Zaman sıralama düzeltildi: 2025-11-16 15:30:25.282604
2025-11-16 15:30:25 - spektroskopi - WARNING - Zaman sıralama düzeltildi: 2025-11-16 15:30:25.283604
2025-11-16 15:30:25 - spektroskopi - WARNING - Zaman sıralama düzeltildi: 2025-11-16 15:30:25.284604
2025-11-16 15:30:25 - spektroskopi - WARNING - Zaman sıralama düzeltildi: 2025-11-16 15:30:25.285604
2025-11-16 15:30:25 - spektroskopi - WARNING - Zaman sıralama düzeltildi: 2025-11-16 15:30:25.286604
2025-11-16 15:30:25 - spektroskopi - WARNING - Zaman sıralama düzeltildi: 2025-11-16 15:30:25.287604
2025-11-16 15:30:25 - spektroskopi - WARNING - Zaman sıralama düzeltildi: 2025-11-16 15:30:25.288604
2025-11-16 15:30:25 - spektroskopi - WARNING - Zaman sıralama düzeltildi: 2025-11-16 15:30:25.289604
2025-11-16 15:30:25 - spektroskopi - WARNING - Zaman sıralama düzeltildi: 2025-11-16 15:30:25.290604
2025-11-16 15:30:25 - spektroskopi - INFO - Raspberry Pi'dan veri alındı: 6e400002-b5a3-f393-e0a9-e50e24dcca9e (Handle: 19): Nordic UART RX, uzunluk: 2
2025-11-16 15:30:25 - spektroskopi - INFO - Raspberry Pi verisi: Ham=3254, Voltaj=3254.000V
2025-11-16 15:30:25 - spektroskopi - INFO - Raspberry Pi verisi işlendi: SENSOR_2 = 3254.000V
2025-11-16 15:30:25 - spektroskopi - INFO - Raspberry Pi'dan veri alındı: 6e400005-b5a3-f393-e0a9-e50e24dcca9e (Handle: 16): Unknown, uzunluk: 2
2025-11-16 15:30:25 - spektroskopi - INFO - Raspberry Pi verisi: Ham=3254, Voltaj=3254.000V
2025-11-16 15:30:25 - spektroskopi - INFO - Raspberry Pi verisi işlendi: SENSOR_EXTRA = 3254.000V
2025-11-16 15:30:25 - spektroskopi - INFO - Raspberry Pi'dan veri alındı: 6e400003-b5a3-f393-e0a9-e50e24dcca9e (Handle: 8): Nordic UART TX, uzunluk: 2
2025-11-16 15:30:25 - spektroskopi - INFO - Raspberry Pi verisi: Ham=1631, Voltaj=1631.000V
2025-11-16 15:30:25 - spektroskopi - INFO - Raspberry Pi verisi işlendi: SENSOR_5 = 1631.000V
2025-11-16 15:30:25 - spektroskopi - INFO - Raspberry Pi'dan veri alındı: 6e400004-b5a3-f393-e0a9-e50e24dcca9e (Handle: 11): Unknown, uzunluk: 2
2025-11-16 15:30:25 - spektroskopi - INFO - Raspberry Pi verisi: Ham=1313, Voltaj=1313.000V
2025-11-16 15:30:25 - spektroskopi - INFO - Raspberry Pi verisi işlendi: SENSOR_7 = 1313.000V
2025-11-16 15:30:25 - spektroskopi - INFO - Raspberry Pi'dan veri alındı: 6e400002-b5a3-f393-e0a9-e50e24dcca9e (Handle: 19): Nordic UART RX, uzunluk: 2
2025-11-16 15:30:25 - spektroskopi - INFO - Raspberry Pi verisi: Ham=3254, Voltaj=3254.000V
2025-11-16 15:30:25 - spektroskopi - INFO - Raspberry Pi verisi işlendi: SENSOR_2 = 3254.000V
2025-11-16 15:30:25 - spektroskopi - INFO - Raspberry Pi'dan veri alındı: 6e400005-b5a3-f393-e0a9-e50e24dcca9e (Handle: 16): Unknown, uzunluk: 2
2025-11-16 15:30:25 - spektroskopi - INFO - Raspberry Pi verisi: Ham=3254, Voltaj=3254.000V
2025-11-16 15:30:25 - spektroskopi - INFO - Raspberry Pi verisi işlendi: SENSOR_EXTRA = 3254.000V
2025-11-16 15:30:25 - spektroskopi - INFO - Raspberry Pi'dan veri alındı: 6e400003-b5a3-f393-e0a9-e50e24dcca9e (Handle: 8): Nordic UART TX, uzunluk: 2
2025-11-16 15:30:25 - spektroskopi - INFO - Raspberry Pi verisi: Ham=1632, Voltaj=1632.000V
2025-11-16 15:30:25 - spektroskopi - INFO - Raspberry Pi verisi işlendi: SENSOR_5 = 1632.000V
2025-11-16 15:30:25 - spektroskopi - INFO - Raspberry Pi'dan veri alındı: 6e400004-b5a3-f393-e0a9-e50e24dcca9e (Handle: 11): Unknown, uzunluk: 2
2025-11-16 15:30:25 - spektroskopi - INFO - Raspberry Pi verisi: Ham=1316, Voltaj=1316.000V
2025-11-16 15:30:25 - spektroskopi - INFO - Raspberry Pi verisi işlendi: SENSOR_7 = 1316.000V
2025-11-16 15:30:26 - spektroskopi - INFO - Raspberry Pi'dan veri alındı: 6e400002-b5a3-f393-e0a9-e50e24dcca9e (Handle: 19): Nordic UART RX, uzunluk: 2
2025-11-16 15:30:26 - spektroskopi - INFO - Raspberry Pi verisi: Ham=3254, Voltaj=3254.000V
2025-11-16 15:30:26 - spektroskopi - INFO - Raspberry Pi verisi işlendi: SENSOR_2 = 3254.000V
2025-11-16 15:30:26 - spektroskopi - INFO - Raspberry Pi'dan veri alındı: 6e400005-b5a3-f393-e0a9-e50e24dcca9e (Handle: 16): Unknown, uzunluk: 2
2025-11-16 15:30:26 - spektroskopi - INFO - Raspberry Pi verisi: Ham=3254, Voltaj=3254.000V
2025-11-16 15:30:26 - spektroskopi - INFO - Raspberry Pi verisi işlendi: SENSOR_EXTRA = 3254.000V
2025-11-16 15:30:26 - spektroskopi - INFO - Raspberry Pi'dan veri alındı: 6e400003-b5a3-f393-e0a9-e50e24dcca9e (Handle: 8): Nordic UART TX, uzunluk: 2
2025-11-16 15:30:26 - spektroskopi - INFO - Raspberry Pi verisi: Ham=1635, Voltaj=1635.000V
2025-11-16 15:30:26 - spektroskopi - INFO - Raspberry Pi verisi işlendi: SENSOR_5 = 1635.000V
2025-11-16 15:30:26 - spektroskopi - INFO - Raspberry Pi'dan veri alındı: 6e400004-b5a3-f393-e0a9-e50e24dcca9e (Handle: 11): Unknown, uzunluk: 2
2025-11-16 15:30:26 - spektroskopi - INFO - Raspberry Pi verisi: Ham=1319, Voltaj=1319.000V
2025-11-16 15:30:26 - spektroskopi - INFO - Raspberry Pi verisi işlendi: SENSOR_7 = 1319.000V
2025-11-16 15:30:26 - spektroskopi - WARNING - Zaman sıralama düzeltildi: 2025-11-16 15:30:26.270521
2025-11-16 15:30:26 - spektroskopi - WARNING - Zaman sıralama düzeltildi: 2025-11-16 15:30:26.271521
2025-11-16 15:30:26 - spektroskopi - WARNING - Zaman sıralama düzeltildi: 2025-11-16 15:30:26.272521
2025-11-16 15:30:26 - spektroskopi - WARNING - Zaman sıralama düzeltildi: 2025-11-16 15:30:26.273521
2025-11-16 15:30:26 - spektroskopi - WARNING - Zaman sıralama düzeltildi: 2025-11-16 15:30:26.274521
2025-11-16 15:30:26 - spektroskopi - WARNING - Zaman sıralama düzeltildi: 2025-11-16 15:30:26.275521
2025-11-16 15:30:26 - spektroskopi - WARNING - Zaman sıralama düzeltildi: 2025-11-16 15:30:26.276521
2025-11-16 15:30:26 - spektroskopi - WARNING - Zaman sıralama düzeltildi: 2025-11-16 15:30:26.277521
2025-11-16 15:30:26 - spektroskopi - WARNING - Zaman sıralama düzeltildi: 2025-11-16 15:30:26.278521
2025-11-16 15:30:26 - spektroskopi - WARNING - Zaman sıralama düzeltildi: 2025-11-16 15:30:26.279521
2025-11-16 15:30:26 - spektroskopi - WARNING - Zaman sıralama düzeltildi: 2025-11-16 15:30:26.280521
2025-11-16 15:30:26 - spektroskopi - WARNING - Zaman sıralama düzeltildi: 2025-11-16 15:30:26.281521
2025-11-16 15:30:26 - spektroskopi - INFO - Raspberry Pi'dan veri alındı: 6e400002-b5a3-f393-e0a9-e50e24dcca9e (Handle: 19): Nordic UART RX, uzunluk: 2
2025-11-16 15:30:26 - spektroskopi - INFO - Raspberry Pi verisi: Ham=3254, Voltaj=3254.000V
2025-11-16 15:30:26 - spektroskopi - INFO - Raspberry Pi verisi işlendi: SENSOR_2 = 3254.000V
2025-11-16 15:30:26 - spektroskopi - INFO - Raspberry Pi'dan veri alındı: 6e400005-b5a3-f393-e0a9-e50e24dcca9e (Handle: 16): Unknown, uzunluk: 2
2025-11-16 15:30:26 - spektroskopi - INFO - Raspberry Pi verisi: Ham=3254, Voltaj=3254.000V
2025-11-16 15:30:26 - spektroskopi - INFO - Raspberry Pi verisi işlendi: SENSOR_EXTRA = 3254.000V
2025-11-16 15:30:26 - spektroskopi - INFO - Raspberry Pi'dan veri alındı: 6e400003-b5a3-f393-e0a9-e50e24dcca9e (Handle: 8): Nordic UART TX, uzunluk: 2
2025-11-16 15:30:26 - spektroskopi - INFO - Raspberry Pi verisi: Ham=1638, Voltaj=1638.000V
2025-11-16 15:30:26 - spektroskopi - INFO - Raspberry Pi verisi işlendi: SENSOR_5 = 1638.000V
2025-11-16 15:30:26 - spektroskopi - INFO - Raspberry Pi'dan veri alındı: 6e400004-b5a3-f393-e0a9-e50e24dcca9e (Handle: 11): Unknown, uzunluk: 2
2025-11-16 15:30:26 - spektroskopi - INFO - Raspberry Pi verisi: Ham=1318, Voltaj=1318.000V
2025-11-16 15:30:26 - spektroskopi - INFO - Raspberry Pi verisi işlendi: SENSOR_7 = 1318.000V
2025-11-16 15:30:26 - spektroskopi - INFO - Raspberry Pi'dan veri alındı: 6e400002-b5a3-f393-e0a9-e50e24dcca9e (Handle: 19): Nordic UART RX, uzunluk: 2
2025-11-16 15:30:26 - spektroskopi - INFO - Raspberry Pi verisi: Ham=3254, Voltaj=3254.000V
2025-11-16 15:30:26 - spektroskopi - INFO - Raspberry Pi verisi işlendi: SENSOR_2 = 3254.000V
2025-11-16 15:30:26 - spektroskopi - INFO - Raspberry Pi'dan veri alındı: 6e400005-b5a3-f393-e0a9-e50e24dcca9e (Handle: 16): Unknown, uzunluk: 2
2025-11-16 15:30:26 - spektroskopi - INFO - Raspberry Pi verisi: Ham=3254, Voltaj=3254.000V
2025-11-16 15:30:26 - spektroskopi - INFO - Raspberry Pi verisi işlendi: SENSOR_EXTRA = 3254.000V
2025-11-16 15:30:26 - spektroskopi - INFO - Raspberry Pi'dan veri alındı: 6e400003-b5a3-f393-e0a9-e50e24dcca9e (Handle: 8): Nordic UART TX, uzunluk: 2
2025-11-16 15:30:26 - spektroskopi - INFO - Raspberry Pi verisi: Ham=1629, Voltaj=1629.000V
2025-11-16 15:30:26 - spektroskopi - INFO - Raspberry Pi verisi işlendi: SENSOR_5 = 1629.000V
2025-11-16 15:30:26 - spektroskopi - INFO - Raspberry Pi'dan veri alındı: 6e400004-b5a3-f393-e0a9-e50e24dcca9e (Handle: 11): Unknown, uzunluk: 2
2025-11-16 15:30:26 - spektroskopi - INFO - Raspberry Pi verisi: Ham=1311, Voltaj=1311.000V
2025-11-16 15:30:26 - spektroskopi - INFO - Raspberry Pi verisi işlendi: SENSOR_7 = 1311.000V
2025-11-16 15:30:27 - spektroskopi - INFO - Raspberry Pi'dan veri alındı: 6e400002-b5a3-f393-e0a9-e50e24dcca9e (Handle: 19): Nordic UART RX, uzunluk: 2
2025-11-16 15:30:27 - spektroskopi - INFO - Raspberry Pi verisi: Ham=3254, Voltaj=3254.000V
2025-11-16 15:30:27 - spektroskopi - INFO - Raspberry Pi verisi işlendi: SENSOR_2 = 3254.000V
2025-11-16 15:30:27 - spektroskopi - INFO - Raspberry Pi'dan veri alındı: 6e400005-b5a3-f393-e0a9-e50e24dcca9e (Handle: 16): Unknown, uzunluk: 2
2025-11-16 15:30:27 - spektroskopi - INFO - Raspberry Pi verisi: Ham=3254, Voltaj=3254.000V
2025-11-16 15:30:27 - spektroskopi - INFO - Raspberry Pi verisi işlendi: SENSOR_EXTRA = 3254.000V
2025-11-16 15:30:27 - spektroskopi - INFO - Raspberry Pi'dan veri alındı: 6e400003-b5a3-f393-e0a9-e50e24dcca9e (Handle: 8): Nordic UART TX, uzunluk: 2
2025-11-16 15:30:27 - spektroskopi - INFO - Raspberry Pi verisi: Ham=1625, Voltaj=1625.000V
2025-11-16 15:30:27 - spektroskopi - INFO - Raspberry Pi verisi işlendi: SENSOR_5 = 1625.000V
2025-11-16 15:30:27 - spektroskopi - INFO - Raspberry Pi'dan veri alındı: 6e400004-b5a3-f393-e0a9-e50e24dcca9e (Handle: 11): Unknown, uzunluk: 2
2025-11-16 15:30:27 - spektroskopi - INFO - Raspberry Pi verisi: Ham=1307, Voltaj=1307.000V
2025-11-16 15:30:27 - spektroskopi - INFO - Raspberry Pi verisi işlendi: SENSOR_7 = 1307.000V
2025-11-16 15:30:27 - spektroskopi - WARNING - Zaman sıralama düzeltildi: 2025-11-16 15:30:27.290331
2025-11-16 15:30:27 - spektroskopi - WARNING - Zaman sıralama düzeltildi: 2025-11-16 15:30:27.291331
2025-11-16 15:30:27 - spektroskopi - WARNING - Zaman sıralama düzeltildi: 2025-11-16 15:30:27.292331
2025-11-16 15:30:27 - spektroskopi - WARNING - Zaman sıralama düzeltildi: 2025-11-16 15:30:27.293331
2025-11-16 15:30:27 - spektroskopi - WARNING - Zaman sıralama düzeltildi: 2025-11-16 15:30:27.294331
2025-11-16 15:30:27 - spektroskopi - WARNING - Zaman sıralama düzeltildi: 2025-11-16 15:30:27.295331
2025-11-16 15:30:27 - spektroskopi - WARNING - Zaman sıralama düzeltildi: 2025-11-16 15:30:27.296331
2025-11-16 15:30:27 - spektroskopi - WARNING - Zaman sıralama düzeltildi: 2025-11-16 15:30:27.297331
2025-11-16 15:30:27 - spektroskopi - WARNING - Zaman sıralama düzeltildi: 2025-11-16 15:30:27.298331
2025-11-16 15:30:27 - spektroskopi - WARNING - Zaman sıralama düzeltildi: 2025-11-16 15:30:27.299331
2025-11-16 15:30:27 - spektroskopi - WARNING - Zaman sıralama düzeltildi: 2025-11-16 15:30:27.300331
2025-11-16 15:30:27 - spektroskopi - WARNING - Zaman sıralama düzeltildi: 2025-11-16 15:30:27.301331
2025-11-16 15:30:27 - spektroskopi - INFO - Raspberry Pi'dan veri alındı: 6e400002-b5a3-f393-e0a9-e50e24dcca9e (Handle: 19): Nordic UART RX, uzunluk: 2
2025-11-16 15:30:27 - spektroskopi - INFO - Raspberry Pi verisi: Ham=3254, Voltaj=3254.000V
2025-11-16 15:30:27 - spektroskopi - INFO - Raspberry Pi verisi işlendi: SENSOR_2 = 3254.000V
2025-11-16 15:30:27 - spektroskopi - INFO - Raspberry Pi'dan veri alındı: 6e400005-b5a3-f393-e0a9-e50e24dcca9e (Handle: 16): Unknown, uzunluk: 2
2025-11-16 15:30:27 - spektroskopi - INFO - Raspberry Pi verisi: Ham=3254, Voltaj=3254.000V
2025-11-16 15:30:27 - spektroskopi - INFO - Raspberry Pi verisi işlendi: SENSOR_EXTRA = 3254.000V
2025-11-16 15:30:27 - spektroskopi - INFO - Raspberry Pi'dan veri alındı: 6e400003-b5a3-f393-e0a9-e50e24dcca9e (Handle: 8): Nordic UART TX, uzunluk: 2
2025-11-16 15:30:27 - spektroskopi - INFO - Raspberry Pi verisi: Ham=1621, Voltaj=1621.000V
2025-11-16 15:30:27 - spektroskopi - INFO - Raspberry Pi verisi işlendi: SENSOR_5 = 1621.000V
2025-11-16 15:30:27 - spektroskopi - INFO - Raspberry Pi'dan veri alındı: 6e400004-b5a3-f393-e0a9-e50e24dcca9e (Handle: 11): Unknown, uzunluk: 2
2025-11-16 15:30:27 - spektroskopi - INFO - Raspberry Pi verisi: Ham=1302, Voltaj=1302.000V
2025-11-16 15:30:27 - spektroskopi - INFO - Raspberry Pi verisi işlendi: SENSOR_7 = 1302.000V
2025-11-16 15:30:27 - spektroskopi - INFO - Raspberry Pi'dan veri alındı: 6e400002-b5a3-f393-e0a9-e50e24dcca9e (Handle: 19): Nordic UART RX, uzunluk: 2
2025-11-16 15:30:27 - spektroskopi - INFO - Raspberry Pi verisi: Ham=3254, Voltaj=3254.000V
2025-11-16 15:30:27 - spektroskopi - INFO - Raspberry Pi verisi işlendi: SENSOR_2 = 3254.000V
2025-11-16 15:30:27 - spektroskopi - INFO - Raspberry Pi'dan veri alındı: 6e400005-b5a3-f393-e0a9-e50e24dcca9e (Handle: 16): Unknown, uzunluk: 2
2025-11-16 15:30:27 - spektroskopi - INFO - Raspberry Pi verisi: Ham=3254, Voltaj=3254.000V
2025-11-16 15:30:27 - spektroskopi - INFO - Raspberry Pi verisi işlendi: SENSOR_EXTRA = 3254.000V
2025-11-16 15:30:27 - spektroskopi - INFO - Raspberry Pi'dan veri alındı: 6e400003-b5a3-f393-e0a9-e50e24dcca9e (Handle: 8): Nordic UART TX, uzunluk: 2
2025-11-16 15:30:27 - spektroskopi - INFO - Raspberry Pi verisi: Ham=1621, Voltaj=1621.000V
2025-11-16 15:30:27 - spektroskopi - INFO - Raspberry Pi verisi işlendi: SENSOR_5 = 1621.000V
2025-11-16 15:30:27 - spektroskopi - INFO - Raspberry Pi'dan veri alındı: 6e400004-b5a3-f393-e0a9-e50e24dcca9e (Handle: 11): Unknown, uzunluk: 2
2025-11-16 15:30:27 - spektroskopi - INFO - Raspberry Pi verisi: Ham=1304, Voltaj=1304.000V
2025-11-16 15:30:27 - spektroskopi - INFO - Raspberry Pi verisi işlendi: SENSOR_7 = 1304.000V
2025-11-16 15:30:28 - spektroskopi - INFO - Raspberry Pi'dan veri alındı: 6e400002-b5a3-f393-e0a9-e50e24dcca9e (Handle: 19): Nordic UART RX, uzunluk: 2
2025-11-16 15:30:28 - spektroskopi - INFO - Raspberry Pi verisi: Ham=3254, Voltaj=3254.000V
2025-11-16 15:30:28 - spektroskopi - INFO - Raspberry Pi verisi işlendi: SENSOR_2 = 3254.000V
2025-11-16 15:30:28 - spektroskopi - INFO - Raspberry Pi'dan veri alındı: 6e400005-b5a3-f393-e0a9-e50e24dcca9e (Handle: 16): Unknown, uzunluk: 2
2025-11-16 15:30:28 - spektroskopi - INFO - Raspberry Pi verisi: Ham=3254, Voltaj=3254.000V
2025-11-16 15:30:28 - spektroskopi - INFO - Raspberry Pi verisi işlendi: SENSOR_EXTRA = 3254.000V
2025-11-16 15:30:28 - spektroskopi - INFO - Raspberry Pi'dan veri alındı: 6e400003-b5a3-f393-e0a9-e50e24dcca9e (Handle: 8): Nordic UART TX, uzunluk: 2
2025-11-16 15:30:28 - spektroskopi - INFO - Raspberry Pi verisi: Ham=1739, Voltaj=1739.000V
2025-11-16 15:30:28 - spektroskopi - INFO - Raspberry Pi verisi işlendi: SENSOR_5 = 1739.000V
2025-11-16 15:30:28 - spektroskopi - INFO - Raspberry Pi'dan veri alındı: 6e400004-b5a3-f393-e0a9-e50e24dcca9e (Handle: 11): Unknown, uzunluk: 2
2025-11-16 15:30:28 - spektroskopi - INFO - Raspberry Pi verisi: Ham=1919, Voltaj=1919.000V
2025-11-16 15:30:28 - spektroskopi - INFO - Raspberry Pi verisi işlendi: SENSOR_7 = 1919.000V
2025-11-16 15:30:28 - spektroskopi - WARNING - Zaman sıralama düzeltildi: 2025-11-16 15:30:28.280563
2025-11-16 15:30:28 - spektroskopi - WARNING - Zaman sıralama düzeltildi: 2025-11-16 15:30:28.281563
2025-11-16 15:30:28 - spektroskopi - WARNING - Zaman sıralama düzeltildi: 2025-11-16 15:30:28.282563
2025-11-16 15:30:28 - spektroskopi - WARNING - Zaman sıralama düzeltildi: 2025-11-16 15:30:28.283563
2025-11-16 15:30:28 - spektroskopi - WARNING - Zaman sıralama düzeltildi: 2025-11-16 15:30:28.284563
2025-11-16 15:30:28 - spektroskopi - WARNING - Zaman sıralama düzeltildi: 2025-11-16 15:30:28.285563
2025-11-16 15:30:28 - spektroskopi - WARNING - Zaman sıralama düzeltildi: 2025-11-16 15:30:28.286563
2025-11-16 15:30:28 - spektroskopi - WARNING - Zaman sıralama düzeltildi: 2025-11-16 15:30:28.287563
2025-11-16 15:30:28 - spektroskopi - WARNING - Zaman sıralama düzeltildi: 2025-11-16 15:30:28.288563
2025-11-16 15:30:28 - spektroskopi - WARNING - Zaman sıralama düzeltildi: 2025-11-16 15:30:28.289563
2025-11-16 15:30:28 - spektroskopi - WARNING - Zaman sıralama düzeltildi: 2025-11-16 15:30:28.290563
2025-11-16 15:30:28 - spektroskopi - WARNING - Zaman sıralama düzeltildi: 2025-11-16 15:30:28.291563
2025-11-16 15:30:28 - spektroskopi - INFO - Raspberry Pi'dan veri alındı: 6e400002-b5a3-f393-e0a9-e50e24dcca9e (Handle: 19): Nordic UART RX, uzunluk: 2
2025-11-16 15:30:28 - spektroskopi - INFO - Raspberry Pi verisi: Ham=2829, Voltaj=2829.000V
2025-11-16 15:30:28 - spektroskopi - INFO - Raspberry Pi verisi işlendi: SENSOR_2 = 2829.000V
2025-11-16 15:30:28 - spektroskopi - INFO - Raspberry Pi'dan veri alındı: 6e400005-b5a3-f393-e0a9-e50e24dcca9e (Handle: 16): Unknown, uzunluk: 2
2025-11-16 15:30:28 - spektroskopi - INFO - Raspberry Pi verisi: Ham=2835, Voltaj=2835.000V
2025-11-16 15:30:28 - spektroskopi - INFO - Raspberry Pi verisi işlendi: SENSOR_EXTRA = 2835.000V
2025-11-16 15:30:28 - spektroskopi - INFO - Raspberry Pi'dan veri alındı: 6e400003-b5a3-f393-e0a9-e50e24dcca9e (Handle: 8): Nordic UART TX, uzunluk: 2
2025-11-16 15:30:28 - spektroskopi - INFO - Raspberry Pi verisi: Ham=1997, Voltaj=1997.000V
2025-11-16 15:30:28 - spektroskopi - INFO - Raspberry Pi verisi işlendi: SENSOR_5 = 1997.000V
2025-11-16 15:30:28 - spektroskopi - INFO - Raspberry Pi'dan veri alındı: 6e400004-b5a3-f393-e0a9-e50e24dcca9e (Handle: 11): Unknown, uzunluk: 2
2025-11-16 15:30:28 - spektroskopi - INFO - Raspberry Pi verisi: Ham=1713, Voltaj=1713.000V
2025-11-16 15:30:28 - spektroskopi - INFO - Raspberry Pi verisi işlendi: SENSOR_7 = 1713.000V
2025-11-16 15:30:28 - spektroskopi - INFO - Raspberry Pi'dan veri alındı: 6e400002-b5a3-f393-e0a9-e50e24dcca9e (Handle: 19): Nordic UART RX, uzunluk: 2
2025-11-16 15:30:28 - spektroskopi - INFO - Raspberry Pi verisi: Ham=3064, Voltaj=3064.000V
2025-11-16 15:30:28 - spektroskopi - INFO - Raspberry Pi verisi işlendi: SENSOR_2 = 3064.000V
2025-11-16 15:30:28 - spektroskopi - INFO - Raspberry Pi'dan veri alındı: 6e400005-b5a3-f393-e0a9-e50e24dcca9e (Handle: 16): Unknown, uzunluk: 2
2025-11-16 15:30:28 - spektroskopi - INFO - Raspberry Pi verisi: Ham=3254, Voltaj=3254.000V
2025-11-16 15:30:28 - spektroskopi - INFO - Raspberry Pi verisi işlendi: SENSOR_EXTRA = 3254.000V
2025-11-16 15:30:28 - spektroskopi - INFO - Raspberry Pi'dan veri alındı: 6e400003-b5a3-f393-e0a9-e50e24dcca9e (Handle: 8): Nordic UART TX, uzunluk: 2
2025-11-16 15:30:28 - spektroskopi - INFO - Raspberry Pi verisi: Ham=1689, Voltaj=1689.000V
2025-11-16 15:30:28 - spektroskopi - INFO - Raspberry Pi verisi işlendi: SENSOR_5 = 1689.000V
2025-11-16 15:30:28 - spektroskopi - INFO - Raspberry Pi'dan veri alındı: 6e400004-b5a3-f393-e0a9-e50e24dcca9e (Handle: 11): Unknown, uzunluk: 2
2025-11-16 15:30:28 - spektroskopi - INFO - Raspberry Pi verisi: Ham=1254, Voltaj=1254.000V
2025-11-16 15:30:28 - spektroskopi - INFO - Raspberry Pi verisi işlendi: SENSOR_7 = 1254.000V
2025-11-16 15:30:29 - spektroskopi - INFO - Raspberry Pi'dan veri alındı: 6e400002-b5a3-f393-e0a9-e50e24dcca9e (Handle: 19): Nordic UART RX, uzunluk: 2
2025-11-16 15:30:29 - spektroskopi - INFO - Raspberry Pi verisi: Ham=3254, Voltaj=3254.000V
2025-11-16 15:30:29 - spektroskopi - INFO - Raspberry Pi verisi işlendi: SENSOR_2 = 3254.000V
2025-11-16 15:30:29 - spektroskopi - INFO - Raspberry Pi'dan veri alındı: 6e400005-b5a3-f393-e0a9-e50e24dcca9e (Handle: 16): Unknown, uzunluk: 2
2025-11-16 15:30:29 - spektroskopi - INFO - Raspberry Pi verisi: Ham=3254, Voltaj=3254.000V
2025-11-16 15:30:29 - spektroskopi - INFO - Raspberry Pi verisi işlendi: SENSOR_EXTRA = 3254.000V
2025-11-16 15:30:29 - spektroskopi - INFO - Raspberry Pi'dan veri alındı: 6e400003-b5a3-f393-e0a9-e50e24dcca9e (Handle: 8): Nordic UART TX, uzunluk: 2
2025-11-16 15:30:29 - spektroskopi - INFO - Raspberry Pi verisi: Ham=1302, Voltaj=1302.000V
2025-11-16 15:30:29 - spektroskopi - INFO - Raspberry Pi verisi işlendi: SENSOR_5 = 1302.000V
2025-11-16 15:30:29 - spektroskopi - INFO - Raspberry Pi'dan veri alındı: 6e400004-b5a3-f393-e0a9-e50e24dcca9e (Handle: 11): Unknown, uzunluk: 2
2025-11-16 15:30:29 - spektroskopi - INFO - Raspberry Pi verisi: Ham=988, Voltaj=988.000V
2025-11-16 15:30:29 - spektroskopi - INFO - Raspberry Pi verisi işlendi: SENSOR_7 = 988.000V
2025-11-16 15:30:29 - spektroskopi - WARNING - Zaman sıralama düzeltildi: 2025-11-16 15:30:29.270622
2025-11-16 15:30:29 - spektroskopi - WARNING - Zaman sıralama düzeltildi: 2025-11-16 15:30:29.271622
2025-11-16 15:30:29 - spektroskopi - WARNING - Zaman sıralama düzeltildi: 2025-11-16 15:30:29.272622
2025-11-16 15:30:29 - spektroskopi - WARNING - Zaman sıralama düzeltildi: 2025-11-16 15:30:29.273622
2025-11-16 15:30:29 - spektroskopi - WARNING - Zaman sıralama düzeltildi: 2025-11-16 15:30:29.274622
2025-11-16 15:30:29 - spektroskopi - WARNING - Zaman sıralama düzeltildi: 2025-11-16 15:30:29.275622
2025-11-16 15:30:29 - spektroskopi - WARNING - Zaman sıralama düzeltildi: 2025-11-16 15:30:29.276622
2025-11-16 15:30:29 - spektroskopi - WARNING - Zaman sıralama düzeltildi: 2025-11-16 15:30:29.277622
2025-11-16 15:30:29 - spektroskopi - WARNING - Zaman sıralama düzeltildi: 2025-11-16 15:30:29.278622
2025-11-16 15:30:29 - spektroskopi - WARNING - Zaman sıralama düzeltildi: 2025-11-16 15:30:29.279622
2025-11-16 15:30:29 - spektroskopi - WARNING - Zaman sıralama düzeltildi: 2025-11-16 15:30:29.280622
2025-11-16 15:30:29 - spektroskopi - WARNING - Zaman sıralama düzeltildi: 2025-11-16 15:30:29.281622
2025-11-16 15:30:29 - spektroskopi - INFO - Raspberry Pi'dan veri alındı: 6e400002-b5a3-f393-e0a9-e50e24dcca9e (Handle: 19): Nordic UART RX, uzunluk: 2
2025-11-16 15:30:29 - spektroskopi - INFO - Raspberry Pi verisi: Ham=3254, Voltaj=3254.000V
2025-11-16 15:30:29 - spektroskopi - INFO - Raspberry Pi verisi işlendi: SENSOR_2 = 3254.000V
2025-11-16 15:30:29 - spektroskopi - INFO - Raspberry Pi'dan veri alındı: 6e400005-b5a3-f393-e0a9-e50e24dcca9e (Handle: 16): Unknown, uzunluk: 2
2025-11-16 15:30:29 - spektroskopi - INFO - Raspberry Pi verisi: Ham=3254, Voltaj=3254.000V
2025-11-16 15:30:29 - spektroskopi - INFO - Raspberry Pi verisi işlendi: SENSOR_EXTRA = 3254.000V
2025-11-16 15:30:29 - spektroskopi - INFO - Raspberry Pi'dan veri alındı: 6e400003-b5a3-f393-e0a9-e50e24dcca9e (Handle: 8): Nordic UART TX, uzunluk: 2
2025-11-16 15:30:29 - spektroskopi - INFO - Raspberry Pi verisi: Ham=1317, Voltaj=1317.000V
2025-11-16 15:30:29 - spektroskopi - INFO - Raspberry Pi verisi işlendi: SENSOR_5 = 1317.000V
2025-11-16 15:30:29 - spektroskopi - INFO - LED AÇMA komutu queue'ya eklendi
2025-11-16 15:30:29 - spektroskopi - INFO - LED'ler kullanıcı tarafından açıldı
2025-11-16 15:30:29 - spektroskopi - INFO - Raspberry Pi'dan veri alındı: 6e400004-b5a3-f393-e0a9-e50e24dcca9e (Handle: 11): Unknown, uzunluk: 2
2025-11-16 15:30:29 - spektroskopi - INFO - Raspberry Pi verisi: Ham=1041, Voltaj=1041.000V
2025-11-16 15:30:29 - spektroskopi - INFO - Raspberry Pi verisi işlendi: SENSOR_7 = 1041.000V
2025-11-16 15:30:29 - spektroskopi - INFO - Raspberry Pi'dan veri alındı: 6e400002-b5a3-f393-e0a9-e50e24dcca9e (Handle: 19): Nordic UART RX, uzunluk: 2
2025-11-16 15:30:29 - spektroskopi - INFO - Raspberry Pi verisi: Ham=3254, Voltaj=3254.000V
2025-11-16 15:30:29 - spektroskopi - INFO - Raspberry Pi verisi işlendi: SENSOR_2 = 3254.000V
2025-11-16 15:30:29 - spektroskopi - INFO - Raspberry Pi'dan veri alındı: 6e400005-b5a3-f393-e0a9-e50e24dcca9e (Handle: 16): Unknown, uzunluk: 2
2025-11-16 15:30:29 - spektroskopi - INFO - Raspberry Pi verisi: Ham=3254, Voltaj=3254.000V
2025-11-16 15:30:29 - spektroskopi - INFO - Raspberry Pi verisi işlendi: SENSOR_EXTRA = 3254.000V
2025-11-16 15:30:29 - spektroskopi - INFO - Raspberry Pi'dan veri alındı: 6e400003-b5a3-f393-e0a9-e50e24dcca9e (Handle: 8): Nordic UART TX, uzunluk: 2
2025-11-16 15:30:29 - spektroskopi - INFO - Raspberry Pi verisi: Ham=1386, Voltaj=1386.000V
2025-11-16 15:30:29 - spektroskopi - INFO - Raspberry Pi verisi işlendi: SENSOR_5 = 1386.000V
2025-11-16 15:30:29 - spektroskopi - INFO - Raspberry Pi'dan veri alındı: 6e400004-b5a3-f393-e0a9-e50e24dcca9e (Handle: 11): Unknown, uzunluk: 2
2025-11-16 15:30:29 - spektroskopi - INFO - Raspberry Pi verisi: Ham=1065, Voltaj=1065.000V
2025-11-16 15:30:29 - spektroskopi - INFO - Raspberry Pi verisi işlendi: SENSOR_7 = 1065.000V
2025-11-16 15:30:30 - spektroskopi - INFO - LED kontrol komutu gönderildi: AÇILDI
2025-11-16 15:30:30 - spektroskopi - INFO - Raspberry Pi'dan veri alındı: 6e400002-b5a3-f393-e0a9-e50e24dcca9e (Handle: 19): Nordic UART RX, uzunluk: 2
2025-11-16 15:30:30 - spektroskopi - INFO - Raspberry Pi verisi: Ham=3254, Voltaj=3254.000V
2025-11-16 15:30:30 - spektroskopi - INFO - Raspberry Pi verisi işlendi: SENSOR_2 = 3254.000V
2025-11-16 15:30:30 - spektroskopi - INFO - Raspberry Pi'dan veri alındı: 6e400005-b5a3-f393-e0a9-e50e24dcca9e (Handle: 16): Unknown, uzunluk: 2
2025-11-16 15:30:30 - spektroskopi - INFO - Raspberry Pi verisi: Ham=3254, Voltaj=3254.000V
2025-11-16 15:30:30 - spektroskopi - INFO - Raspberry Pi verisi işlendi: SENSOR_EXTRA = 3254.000V
2025-11-16 15:30:30 - spektroskopi - INFO - Raspberry Pi'dan veri alındı: 6e400003-b5a3-f393-e0a9-e50e24dcca9e (Handle: 8): Nordic UART TX, uzunluk: 2
2025-11-16 15:30:30 - spektroskopi - INFO - Raspberry Pi verisi: Ham=1365, Voltaj=1365.000V
2025-11-16 15:30:30 - spektroskopi - INFO - Raspberry Pi verisi işlendi: SENSOR_5 = 1365.000V
2025-11-16 15:30:30 - spektroskopi - INFO - Raspberry Pi'dan veri alındı: 6e400004-b5a3-f393-e0a9-e50e24dcca9e (Handle: 11): Unknown, uzunluk: 2
2025-11-16 15:30:30 - spektroskopi - INFO - Raspberry Pi verisi: Ham=1057, Voltaj=1057.000V
2025-11-16 15:30:30 - spektroskopi - INFO - Raspberry Pi verisi işlendi: SENSOR_7 = 1057.000V
2025-11-16 15:30:30 - spektroskopi - WARNING - Zaman sıralama düzeltildi: 2025-11-16 15:30:30.289590
2025-11-16 15:30:30 - spektroskopi - WARNING - Zaman sıralama düzeltildi: 2025-11-16 15:30:30.290590
2025-11-16 15:30:30 - spektroskopi - WARNING - Zaman sıralama düzeltildi: 2025-11-16 15:30:30.291590
2025-11-16 15:30:30 - spektroskopi - WARNING - Zaman sıralama düzeltildi: 2025-11-16 15:30:30.292590
2025-11-16 15:30:30 - spektroskopi - WARNING - Zaman sıralama düzeltildi: 2025-11-16 15:30:30.293590
2025-11-16 15:30:30 - spektroskopi - WARNING - Zaman sıralama düzeltildi: 2025-11-16 15:30:30.294590
2025-11-16 15:30:30 - spektroskopi - WARNING - Zaman sıralama düzeltildi: 2025-11-16 15:30:30.295590
2025-11-16 15:30:30 - spektroskopi - WARNING - Zaman sıralama düzeltildi: 2025-11-16 15:30:30.296590
2025-11-16 15:30:30 - spektroskopi - WARNING - Zaman sıralama düzeltildi: 2025-11-16 15:30:30.297590
2025-11-16 15:30:30 - spektroskopi - WARNING - Zaman sıralama düzeltildi: 2025-11-16 15:30:30.298590
2025-11-16 15:30:30 - spektroskopi - WARNING - Zaman sıralama düzeltildi: 2025-11-16 15:30:30.299590
2025-11-16 15:30:30 - spektroskopi - WARNING - Zaman sıralama düzeltildi: 2025-11-16 15:30:30.300590
2025-11-16 15:30:30 - spektroskopi - INFO - Raspberry Pi'dan veri alındı: 6e400002-b5a3-f393-e0a9-e50e24dcca9e (Handle: 19): Nordic UART RX, uzunluk: 2
2025-11-16 15:30:30 - spektroskopi - INFO - Raspberry Pi verisi: Ham=3252, Voltaj=3252.000V
2025-11-16 15:30:30 - spektroskopi - INFO - Raspberry Pi verisi işlendi: SENSOR_2 = 3252.000V
2025-11-16 15:30:30 - spektroskopi - INFO - Raspberry Pi'dan veri alındı: 6e400005-b5a3-f393-e0a9-e50e24dcca9e (Handle: 16): Unknown, uzunluk: 2
2025-11-16 15:30:30 - spektroskopi - INFO - Raspberry Pi verisi: Ham=3253, Voltaj=3253.000V
2025-11-16 15:30:30 - spektroskopi - INFO - Raspberry Pi verisi işlendi: SENSOR_EXTRA = 3253.000V
2025-11-16 15:30:30 - spektroskopi - INFO - Raspberry Pi'dan veri alındı: 6e400003-b5a3-f393-e0a9-e50e24dcca9e (Handle: 8): Nordic UART TX, uzunluk: 2
2025-11-16 15:30:30 - spektroskopi - INFO - Raspberry Pi verisi: Ham=715, Voltaj=715.000V
2025-11-16 15:30:30 - spektroskopi - INFO - Raspberry Pi verisi işlendi: SENSOR_5 = 715.000V
2025-11-16 15:30:30 - spektroskopi - INFO - Raspberry Pi'dan veri alındı: 6e400004-b5a3-f393-e0a9-e50e24dcca9e (Handle: 11): Unknown, uzunluk: 2
2025-11-16 15:30:30 - spektroskopi - INFO - Raspberry Pi verisi: Ham=532, Voltaj=532.000V
2025-11-16 15:30:30 - spektroskopi - INFO - Raspberry Pi verisi işlendi: SENSOR_7 = 532.000V
2025-11-16 15:30:31 - spektroskopi - INFO - Raspberry Pi'dan veri alındı: 6e400002-b5a3-f393-e0a9-e50e24dcca9e (Handle: 19): Nordic UART RX, uzunluk: 2
2025-11-16 15:30:31 - spektroskopi - INFO - Raspberry Pi verisi: Ham=3252, Voltaj=3252.000V
2025-11-16 15:30:31 - spektroskopi - INFO - Raspberry Pi verisi işlendi: SENSOR_2 = 3252.000V
2025-11-16 15:30:31 - spektroskopi - INFO - Raspberry Pi'dan veri alındı: 6e400005-b5a3-f393-e0a9-e50e24dcca9e (Handle: 16): Unknown, uzunluk: 2
2025-11-16 15:30:31 - spektroskopi - INFO - Raspberry Pi verisi: Ham=3253, Voltaj=3253.000V
2025-11-16 15:30:31 - spektroskopi - INFO - Raspberry Pi verisi işlendi: SENSOR_EXTRA = 3253.000V
2025-11-16 15:30:31 - spektroskopi - INFO - Raspberry Pi'dan veri alındı: 6e400003-b5a3-f393-e0a9-e50e24dcca9e (Handle: 8): Nordic UART TX, uzunluk: 2
2025-11-16 15:30:31 - spektroskopi - INFO - Raspberry Pi verisi: Ham=714, Voltaj=714.000V
2025-11-16 15:30:31 - spektroskopi - INFO - Raspberry Pi verisi işlendi: SENSOR_5 = 714.000V
2025-11-16 15:30:31 - spektroskopi - WARNING - Zaman sıralama düzeltildi: 2025-11-16 15:30:31.309756
2025-11-16 15:30:31 - spektroskopi - WARNING - Zaman sıralama düzeltildi: 2025-11-16 15:30:31.310756
2025-11-16 15:30:31 - spektroskopi - WARNING - Zaman sıralama düzeltildi: 2025-11-16 15:30:31.311756
2025-11-16 15:30:31 - spektroskopi - WARNING - Zaman sıralama düzeltildi: 2025-11-16 15:30:31.312756
2025-11-16 15:30:31 - spektroskopi - WARNING - Zaman sıralama düzeltildi: 2025-11-16 15:30:31.313756
2025-11-16 15:30:31 - spektroskopi - WARNING - Zaman sıralama düzeltildi: 2025-11-16 15:30:31.314756
2025-11-16 15:30:31 - spektroskopi - WARNING - Zaman sıralama düzeltildi: 2025-11-16 15:30:31.315756
2025-11-16 15:30:31 - spektroskopi - INFO - Raspberry Pi'dan veri alındı: 6e400004-b5a3-f393-e0a9-e50e24dcca9e (Handle: 11): Unknown, uzunluk: 2
2025-11-16 15:30:31 - spektroskopi - INFO - Raspberry Pi verisi: Ham=532, Voltaj=532.000V
2025-11-16 15:30:31 - spektroskopi - INFO - Raspberry Pi verisi işlendi: SENSOR_7 = 532.000V
2025-11-16 15:30:31 - spektroskopi - INFO - Raspberry Pi'dan veri alındı: 6e400002-b5a3-f393-e0a9-e50e24dcca9e (Handle: 19): Nordic UART RX, uzunluk: 2
2025-11-16 15:30:31 - spektroskopi - INFO - Raspberry Pi verisi: Ham=3252, Voltaj=3252.000V
2025-11-16 15:30:31 - spektroskopi - INFO - Raspberry Pi verisi işlendi: SENSOR_2 = 3252.000V
2025-11-16 15:30:31 - spektroskopi - INFO - Raspberry Pi'dan veri alındı: 6e400005-b5a3-f393-e0a9-e50e24dcca9e (Handle: 16): Unknown, uzunluk: 2
2025-11-16 15:30:31 - spektroskopi - INFO - Raspberry Pi verisi: Ham=3253, Voltaj=3253.000V
2025-11-16 15:30:31 - spektroskopi - INFO - Raspberry Pi verisi işlendi: SENSOR_EXTRA = 3253.000V
2025-11-16 15:30:31 - spektroskopi - INFO - Raspberry Pi'dan veri alındı: 6e400003-b5a3-f393-e0a9-e50e24dcca9e (Handle: 8): Nordic UART TX, uzunluk: 2
2025-11-16 15:30:31 - spektroskopi - INFO - Raspberry Pi verisi: Ham=710, Voltaj=710.000V
2025-11-16 15:30:31 - spektroskopi - INFO - Raspberry Pi verisi işlendi: SENSOR_5 = 710.000V
2025-11-16 15:30:32 - spektroskopi - INFO - Raspberry Pi'dan veri alındı: 6e400004-b5a3-f393-e0a9-e50e24dcca9e (Handle: 11): Unknown, uzunluk: 2
2025-11-16 15:30:32 - spektroskopi - INFO - Raspberry Pi verisi: Ham=529, Voltaj=529.000V
2025-11-16 15:30:32 - spektroskopi - INFO - Raspberry Pi verisi işlendi: SENSOR_7 = 529.000V
2025-11-16 15:30:32 - spektroskopi - INFO - Raspberry Pi'dan veri alındı: 6e400002-b5a3-f393-e0a9-e50e24dcca9e (Handle: 19): Nordic UART RX, uzunluk: 2
2025-11-16 15:30:32 - spektroskopi - INFO - Raspberry Pi verisi: Ham=3252, Voltaj=3252.000V
2025-11-16 15:30:32 - spektroskopi - INFO - Raspberry Pi verisi işlendi: SENSOR_2 = 3252.000V
2025-11-16 15:30:32 - spektroskopi - INFO - Raspberry Pi'dan veri alındı: 6e400005-b5a3-f393-e0a9-e50e24dcca9e (Handle: 16): Unknown, uzunluk: 2
2025-11-16 15:30:32 - spektroskopi - INFO - Raspberry Pi verisi: Ham=3253, Voltaj=3253.000V
2025-11-16 15:30:32 - spektroskopi - INFO - Raspberry Pi verisi işlendi: SENSOR_EXTRA = 3253.000V
2025-11-16 15:30:32 - spektroskopi - WARNING - Zaman sıralama düzeltildi: 2025-11-16 15:30:32.330669
2025-11-16 15:30:32 - spektroskopi - WARNING - Zaman sıralama düzeltildi: 2025-11-16 15:30:32.331669
2025-11-16 15:30:32 - spektroskopi - WARNING - Zaman sıralama düzeltildi: 2025-11-16 15:30:32.332669
2025-11-16 15:30:32 - spektroskopi - WARNING - Zaman sıralama düzeltildi: 2025-11-16 15:30:32.333669
2025-11-16 15:30:32 - spektroskopi - WARNING - Zaman sıralama düzeltildi: 2025-11-16 15:30:32.334669
2025-11-16 15:30:32 - spektroskopi - WARNING - Zaman sıralama düzeltildi: 2025-11-16 15:30:32.335669
2025-11-16 15:30:32 - spektroskopi - WARNING - Zaman sıralama düzeltildi: 2025-11-16 15:30:32.336669
2025-11-16 15:30:32 - spektroskopi - INFO - Raspberry Pi'dan veri alındı: 6e400003-b5a3-f393-e0a9-e50e24dcca9e (Handle: 8): Nordic UART TX, uzunluk: 2
2025-11-16 15:30:32 - spektroskopi - INFO - Raspberry Pi verisi: Ham=716, Voltaj=716.000V
2025-11-16 15:30:32 - spektroskopi - INFO - Raspberry Pi verisi işlendi: SENSOR_5 = 716.000V
2025-11-16 15:30:32 - spektroskopi - INFO - Raspberry Pi'dan veri alındı: 6e400004-b5a3-f393-e0a9-e50e24dcca9e (Handle: 11): Unknown, uzunluk: 2
2025-11-16 15:30:32 - spektroskopi - INFO - Raspberry Pi verisi: Ham=533, Voltaj=533.000V
2025-11-16 15:30:32 - spektroskopi - INFO - Raspberry Pi verisi işlendi: SENSOR_7 = 533.000V
2025-11-16 15:30:32 - spektroskopi - INFO - Raspberry Pi'dan veri alındı: 6e400002-b5a3-f393-e0a9-e50e24dcca9e (Handle: 19): Nordic UART RX, uzunluk: 2
2025-11-16 15:30:32 - spektroskopi - INFO - Raspberry Pi verisi: Ham=3252, Voltaj=3252.000V
2025-11-16 15:30:32 - spektroskopi - INFO - Raspberry Pi verisi işlendi: SENSOR_2 = 3252.000V
2025-11-16 15:30:32 - spektroskopi - INFO - Raspberry Pi'dan veri alındı: 6e400005-b5a3-f393-e0a9-e50e24dcca9e (Handle: 16): Unknown, uzunluk: 2
2025-11-16 15:30:32 - spektroskopi - INFO - Raspberry Pi verisi: Ham=3253, Voltaj=3253.000V
2025-11-16 15:30:32 - spektroskopi - INFO - Raspberry Pi verisi işlendi: SENSOR_EXTRA = 3253.000V
2025-11-16 15:30:33 - spektroskopi - INFO - Raspberry Pi'dan veri alındı: 6e400003-b5a3-f393-e0a9-e50e24dcca9e (Handle: 8): Nordic UART TX, uzunluk: 2
2025-11-16 15:30:33 - spektroskopi - INFO - Raspberry Pi verisi: Ham=717, Voltaj=717.000V
2025-11-16 15:30:33 - spektroskopi - INFO - Raspberry Pi verisi işlendi: SENSOR_5 = 717.000V
2025-11-16 15:30:33 - spektroskopi - INFO - Raspberry Pi'dan veri alındı: 6e400004-b5a3-f393-e0a9-e50e24dcca9e (Handle: 11): Unknown, uzunluk: 2
2025-11-16 15:30:33 - spektroskopi - INFO - Raspberry Pi verisi: Ham=531, Voltaj=531.000V
2025-11-16 15:30:33 - spektroskopi - INFO - Raspberry Pi verisi işlendi: SENSOR_7 = 531.000V
2025-11-16 15:30:33 - spektroskopi - INFO - Raspberry Pi'dan veri alındı: 6e400002-b5a3-f393-e0a9-e50e24dcca9e (Handle: 19): Nordic UART RX, uzunluk: 2
2025-11-16 15:30:33 - spektroskopi - INFO - Raspberry Pi verisi: Ham=3251, Voltaj=3251.000V
2025-11-16 15:30:33 - spektroskopi - INFO - Raspberry Pi verisi işlendi: SENSOR_2 = 3251.000V
2025-11-16 15:30:33 - spektroskopi - WARNING - Zaman sıralama düzeltildi: 2025-11-16 15:30:33.350714
2025-11-16 15:30:33 - spektroskopi - WARNING - Zaman sıralama düzeltildi: 2025-11-16 15:30:33.351714
2025-11-16 15:30:33 - spektroskopi - WARNING - Zaman sıralama düzeltildi: 2025-11-16 15:30:33.352714
2025-11-16 15:30:33 - spektroskopi - WARNING - Zaman sıralama düzeltildi: 2025-11-16 15:30:33.353714
2025-11-16 15:30:33 - spektroskopi - WARNING - Zaman sıralama düzeltildi: 2025-11-16 15:30:33.354714
2025-11-16 15:30:33 - spektroskopi - WARNING - Zaman sıralama düzeltildi: 2025-11-16 15:30:33.355714
2025-11-16 15:30:33 - spektroskopi - WARNING - Zaman sıralama düzeltildi: 2025-11-16 15:30:33.356714
2025-11-16 15:30:33 - spektroskopi - INFO - Raspberry Pi'dan veri alındı: 6e400005-b5a3-f393-e0a9-e50e24dcca9e (Handle: 16): Unknown, uzunluk: 2
2025-11-16 15:30:33 - spektroskopi - INFO - Raspberry Pi verisi: Ham=3253, Voltaj=3253.000V
2025-11-16 15:30:33 - spektroskopi - INFO - Raspberry Pi verisi işlendi: SENSOR_EXTRA = 3253.000V
2025-11-16 15:30:33 - spektroskopi - INFO - Raspberry Pi'dan veri alındı: 6e400003-b5a3-f393-e0a9-e50e24dcca9e (Handle: 8): Nordic UART TX, uzunluk: 2
2025-11-16 15:30:33 - spektroskopi - INFO - Raspberry Pi verisi: Ham=716, Voltaj=716.000V
2025-11-16 15:30:33 - spektroskopi - INFO - Raspberry Pi verisi işlendi: SENSOR_5 = 716.000V
2025-11-16 15:30:33 - spektroskopi - INFO - Raspberry Pi'dan veri alındı: 6e400004-b5a3-f393-e0a9-e50e24dcca9e (Handle: 11): Unknown, uzunluk: 2
2025-11-16 15:30:33 - spektroskopi - INFO - Raspberry Pi verisi: Ham=531, Voltaj=531.000V
2025-11-16 15:30:33 - spektroskopi - INFO - Raspberry Pi verisi işlendi: SENSOR_7 = 531.000V
2025-11-16 15:30:33 - spektroskopi - INFO - Raspberry Pi'dan veri alındı: 6e400002-b5a3-f393-e0a9-e50e24dcca9e (Handle: 19): Nordic UART RX, uzunluk: 2
2025-11-16 15:30:33 - spektroskopi - INFO - Raspberry Pi verisi: Ham=3251, Voltaj=3251.000V
2025-11-16 15:30:33 - spektroskopi - INFO - Raspberry Pi verisi işlendi: SENSOR_2 = 3251.000V
2025-11-16 15:30:34 - spektroskopi - INFO - Raspberry Pi'dan veri alındı: 6e400005-b5a3-f393-e0a9-e50e24dcca9e (Handle: 16): Unknown, uzunluk: 2
2025-11-16 15:30:34 - spektroskopi - INFO - Raspberry Pi verisi: Ham=3252, Voltaj=3252.000V
2025-11-16 15:30:34 - spektroskopi - INFO - Raspberry Pi verisi işlendi: SENSOR_EXTRA = 3252.000V
2025-11-16 15:30:34 - spektroskopi - INFO - Raspberry Pi'dan veri alındı: 6e400003-b5a3-f393-e0a9-e50e24dcca9e (Handle: 8): Nordic UART TX, uzunluk: 2
2025-11-16 15:30:34 - spektroskopi - INFO - Raspberry Pi verisi: Ham=715, Voltaj=715.000V
2025-11-16 15:30:34 - spektroskopi - INFO - Raspberry Pi verisi işlendi: SENSOR_5 = 715.000V
2025-11-16 15:30:34 - spektroskopi - INFO - Raspberry Pi'dan veri alındı: 6e400004-b5a3-f393-e0a9-e50e24dcca9e (Handle: 11): Unknown, uzunluk: 2
2025-11-16 15:30:34 - spektroskopi - INFO - Raspberry Pi verisi: Ham=531, Voltaj=531.000V
2025-11-16 15:30:34 - spektroskopi - INFO - Raspberry Pi verisi işlendi: SENSOR_7 = 531.000V
2025-11-16 15:30:34 - spektroskopi - WARNING - Zaman sıralama düzeltildi: 2025-11-16 15:30:34.280682
2025-11-16 15:30:34 - spektroskopi - WARNING - Zaman sıralama düzeltildi: 2025-11-16 15:30:34.281682
2025-11-16 15:30:34 - spektroskopi - WARNING - Zaman sıralama düzeltildi: 2025-11-16 15:30:34.282682
2025-11-16 15:30:34 - spektroskopi - WARNING - Zaman sıralama düzeltildi: 2025-11-16 15:30:34.283682
2025-11-16 15:30:34 - spektroskopi - WARNING - Zaman sıralama düzeltildi: 2025-11-16 15:30:34.284682
2025-11-16 15:30:34 - spektroskopi - WARNING - Zaman sıralama düzeltildi: 2025-11-16 15:30:34.285682
2025-11-16 15:30:34 - spektroskopi - WARNING - Zaman sıralama düzeltildi: 2025-11-16 15:30:34.286682
2025-11-16 15:30:34 - spektroskopi - INFO - Raspberry Pi'dan veri alındı: 6e400002-b5a3-f393-e0a9-e50e24dcca9e (Handle: 19): Nordic UART RX, uzunluk: 2
2025-11-16 15:30:34 - spektroskopi - INFO - Raspberry Pi verisi: Ham=3252, Voltaj=3252.000V
2025-11-16 15:30:34 - spektroskopi - INFO - Raspberry Pi verisi işlendi: SENSOR_2 = 3252.000V
2025-11-16 15:30:34 - spektroskopi - INFO - Raspberry Pi'dan veri alındı: 6e400005-b5a3-f393-e0a9-e50e24dcca9e (Handle: 16): Unknown, uzunluk: 2
2025-11-16 15:30:34 - spektroskopi - INFO - Raspberry Pi verisi: Ham=3253, Voltaj=3253.000V
2025-11-16 15:30:34 - spektroskopi - INFO - Raspberry Pi verisi işlendi: SENSOR_EXTRA = 3253.000V
2025-11-16 15:30:34 - spektroskopi - INFO - Raspberry Pi'dan veri alındı: 6e400003-b5a3-f393-e0a9-e50e24dcca9e (Handle: 8): Nordic UART TX, uzunluk: 2
2025-11-16 15:30:34 - spektroskopi - INFO - Raspberry Pi verisi: Ham=715, Voltaj=715.000V
2025-11-16 15:30:34 - spektroskopi - INFO - Raspberry Pi verisi işlendi: SENSOR_5 = 715.000V
2025-11-16 15:30:34 - spektroskopi - INFO - Raspberry Pi'dan veri alındı: 6e400004-b5a3-f393-e0a9-e50e24dcca9e (Handle: 11): Unknown, uzunluk: 2
2025-11-16 15:30:34 - spektroskopi - INFO - Raspberry Pi verisi: Ham=530, Voltaj=530.000V
2025-11-16 15:30:34 - spektroskopi - INFO - Raspberry Pi verisi işlendi: SENSOR_7 = 530.000V
2025-11-16 15:30:35 - spektroskopi - INFO - Raspberry Pi'dan veri alındı: 6e400002-b5a3-f393-e0a9-e50e24dcca9e (Handle: 19): Nordic UART RX, uzunluk: 2
2025-11-16 15:30:35 - spektroskopi - INFO - Raspberry Pi verisi: Ham=3251, Voltaj=3251.000V
2025-11-16 15:30:35 - spektroskopi - INFO - Raspberry Pi verisi işlendi: SENSOR_2 = 3251.000V
2025-11-16 15:30:35 - spektroskopi - INFO - Raspberry Pi'dan veri alındı: 6e400005-b5a3-f393-e0a9-e50e24dcca9e (Handle: 16): Unknown, uzunluk: 2
2025-11-16 15:30:35 - spektroskopi - INFO - Raspberry Pi verisi: Ham=3253, Voltaj=3253.000V
2025-11-16 15:30:35 - spektroskopi - INFO - Raspberry Pi verisi işlendi: SENSOR_EXTRA = 3253.000V
2025-11-16 15:30:35 - spektroskopi - INFO - Raspberry Pi'dan veri alındı: 6e400003-b5a3-f393-e0a9-e50e24dcca9e (Handle: 8): Nordic UART TX, uzunluk: 2
2025-11-16 15:30:35 - spektroskopi - INFO - Raspberry Pi verisi: Ham=714, Voltaj=714.000V
2025-11-16 15:30:35 - spektroskopi - INFO - Raspberry Pi verisi işlendi: SENSOR_5 = 714.000V
2025-11-16 15:30:35 - spektroskopi - WARNING - Zaman sıralama düzeltildi: 2025-11-16 15:30:35.299636
2025-11-16 15:30:35 - spektroskopi - WARNING - Zaman sıralama düzeltildi: 2025-11-16 15:30:35.300636
2025-11-16 15:30:35 - spektroskopi - WARNING - Zaman sıralama düzeltildi: 2025-11-16 15:30:35.301636
2025-11-16 15:30:35 - spektroskopi - WARNING - Zaman sıralama düzeltildi: 2025-11-16 15:30:35.302636
2025-11-16 15:30:35 - spektroskopi - WARNING - Zaman sıralama düzeltildi: 2025-11-16 15:30:35.303636
2025-11-16 15:30:35 - spektroskopi - WARNING - Zaman sıralama düzeltildi: 2025-11-16 15:30:35.304636
2025-11-16 15:30:35 - spektroskopi - WARNING - Zaman sıralama düzeltildi: 2025-11-16 15:30:35.305636
2025-11-16 15:30:35 - spektroskopi - INFO - Raspberry Pi'dan veri alındı: 6e400004-b5a3-f393-e0a9-e50e24dcca9e (Handle: 11): Unknown, uzunluk: 2
2025-11-16 15:30:35 - spektroskopi - INFO - Raspberry Pi verisi: Ham=529, Voltaj=529.000V
2025-11-16 15:30:35 - spektroskopi - INFO - Raspberry Pi verisi işlendi: SENSOR_7 = 529.000V
2025-11-16 15:30:35 - spektroskopi - INFO - Raspberry Pi'dan veri alındı: 6e400002-b5a3-f393-e0a9-e50e24dcca9e (Handle: 19): Nordic UART RX, uzunluk: 2
2025-11-16 15:30:35 - spektroskopi - INFO - Raspberry Pi verisi: Ham=3251, Voltaj=3251.000V
2025-11-16 15:30:35 - spektroskopi - INFO - Raspberry Pi verisi işlendi: SENSOR_2 = 3251.000V
2025-11-16 15:30:35 - spektroskopi - INFO - Raspberry Pi'dan veri alındı: 6e400005-b5a3-f393-e0a9-e50e24dcca9e (Handle: 16): Unknown, uzunluk: 2
2025-11-16 15:30:35 - spektroskopi - INFO - Raspberry Pi verisi: Ham=3252, Voltaj=3252.000V
2025-11-16 15:30:35 - spektroskopi - INFO - Raspberry Pi verisi işlendi: SENSOR_EXTRA = 3252.000V
2025-11-16 15:30:35 - spektroskopi - INFO - Raspberry Pi'dan veri alındı: 6e400003-b5a3-f393-e0a9-e50e24dcca9e (Handle: 8): Nordic UART TX, uzunluk: 2
2025-11-16 15:30:35 - spektroskopi - INFO - Raspberry Pi verisi: Ham=718, Voltaj=718.000V
2025-11-16 15:30:35 - spektroskopi - INFO - Raspberry Pi verisi işlendi: SENSOR_5 = 718.000V
2025-11-16 15:30:36 - spektroskopi - INFO - Raspberry Pi'dan veri alındı: 6e400004-b5a3-f393-e0a9-e50e24dcca9e (Handle: 11): Unknown, uzunluk: 2
2025-11-16 15:30:36 - spektroskopi - INFO - Raspberry Pi verisi: Ham=534, Voltaj=534.000V
2025-11-16 15:30:36 - spektroskopi - INFO - Raspberry Pi verisi işlendi: SENSOR_7 = 534.000V
2025-11-16 15:30:36 - spektroskopi - INFO - Raspberry Pi'dan veri alındı: 6e400002-b5a3-f393-e0a9-e50e24dcca9e (Handle: 19): Nordic UART RX, uzunluk: 2
2025-11-16 15:30:36 - spektroskopi - INFO - Raspberry Pi verisi: Ham=3251, Voltaj=3251.000V
2025-11-16 15:30:36 - spektroskopi - INFO - Raspberry Pi verisi işlendi: SENSOR_2 = 3251.000V
2025-11-16 15:30:36 - spektroskopi - INFO - Raspberry Pi'dan veri alındı: 6e400005-b5a3-f393-e0a9-e50e24dcca9e (Handle: 16): Unknown, uzunluk: 2
2025-11-16 15:30:36 - spektroskopi - INFO - Raspberry Pi verisi: Ham=3252, Voltaj=3252.000V
2025-11-16 15:30:36 - spektroskopi - INFO - Raspberry Pi verisi işlendi: SENSOR_EXTRA = 3252.000V
2025-11-16 15:30:36 - spektroskopi - WARNING - Zaman sıralama düzeltildi: 2025-11-16 15:30:36.322863
2025-11-16 15:30:36 - spektroskopi - WARNING - Zaman sıralama düzeltildi: 2025-11-16 15:30:36.323863
2025-11-16 15:30:36 - spektroskopi - WARNING - Zaman sıralama düzeltildi: 2025-11-16 15:30:36.324863
2025-11-16 15:30:36 - spektroskopi - WARNING - Zaman sıralama düzeltildi: 2025-11-16 15:30:36.325863
2025-11-16 15:30:36 - spektroskopi - WARNING - Zaman sıralama düzeltildi: 2025-11-16 15:30:36.326863
2025-11-16 15:30:36 - spektroskopi - WARNING - Zaman sıralama düzeltildi: 2025-11-16 15:30:36.327863
2025-11-16 15:30:36 - spektroskopi - WARNING - Zaman sıralama düzeltildi: 2025-11-16 15:30:36.328863
2025-11-16 15:30:36 - spektroskopi - INFO - Raspberry Pi'dan veri alındı: 6e400003-b5a3-f393-e0a9-e50e24dcca9e (Handle: 8): Nordic UART TX, uzunluk: 2
2025-11-16 15:30:36 - spektroskopi - INFO - Raspberry Pi verisi: Ham=716, Voltaj=716.000V
2025-11-16 15:30:36 - spektroskopi - INFO - Raspberry Pi verisi işlendi: SENSOR_5 = 716.000V
2025-11-16 15:30:36 - spektroskopi - INFO - Raspberry Pi'dan veri alındı: 6e400004-b5a3-f393-e0a9-e50e24dcca9e (Handle: 11): Unknown, uzunluk: 2
2025-11-16 15:30:36 - spektroskopi - INFO - Raspberry Pi verisi: Ham=532, Voltaj=532.000V
2025-11-16 15:30:36 - spektroskopi - INFO - Raspberry Pi verisi işlendi: SENSOR_7 = 532.000V
2025-11-16 15:30:36 - spektroskopi - INFO - Raspberry Pi'dan veri alındı: 6e400002-b5a3-f393-e0a9-e50e24dcca9e (Handle: 19): Nordic UART RX, uzunluk: 2
2025-11-16 15:30:36 - spektroskopi - INFO - Raspberry Pi verisi: Ham=3251, Voltaj=3251.000V
2025-11-16 15:30:36 - spektroskopi - INFO - Raspberry Pi verisi işlendi: SENSOR_2 = 3251.000V
2025-11-16 15:30:36 - spektroskopi - INFO - Raspberry Pi'dan veri alındı: 6e400005-b5a3-f393-e0a9-e50e24dcca9e (Handle: 16): Unknown, uzunluk: 2
2025-11-16 15:30:36 - spektroskopi - INFO - Raspberry Pi verisi: Ham=3253, Voltaj=3253.000V
2025-11-16 15:30:36 - spektroskopi - INFO - Raspberry Pi verisi işlendi: SENSOR_EXTRA = 3253.000V
2025-11-16 15:30:37 - spektroskopi - INFO - Raspberry Pi'dan veri alındı: 6e400003-b5a3-f393-e0a9-e50e24dcca9e (Handle: 8): Nordic UART TX, uzunluk: 2
2025-11-16 15:30:37 - spektroskopi - INFO - Raspberry Pi verisi: Ham=711, Voltaj=711.000V
2025-11-16 15:30:37 - spektroskopi - INFO - Raspberry Pi verisi işlendi: SENSOR_5 = 711.000V
2025-11-16 15:30:37 - spektroskopi - INFO - Raspberry Pi'dan veri alındı: 6e400004-b5a3-f393-e0a9-e50e24dcca9e (Handle: 11): Unknown, uzunluk: 2
2025-11-16 15:30:37 - spektroskopi - INFO - Raspberry Pi verisi: Ham=528, Voltaj=528.000V
2025-11-16 15:30:37 - spektroskopi - INFO - Raspberry Pi verisi işlendi: SENSOR_7 = 528.000V
2025-11-16 15:30:37 - spektroskopi - INFO - Raspberry Pi'dan veri alındı: 6e400002-b5a3-f393-e0a9-e50e24dcca9e (Handle: 19): Nordic UART RX, uzunluk: 2
2025-11-16 15:30:37 - spektroskopi - INFO - Raspberry Pi verisi: Ham=3251, Voltaj=3251.000V
2025-11-16 15:30:37 - spektroskopi - INFO - Raspberry Pi verisi işlendi: SENSOR_2 = 3251.000V
2025-11-16 15:30:37 - spektroskopi - WARNING - Zaman sıralama düzeltildi: 2025-11-16 15:30:37.369939
2025-11-16 15:30:37 - spektroskopi - WARNING - Zaman sıralama düzeltildi: 2025-11-16 15:30:37.370939
2025-11-16 15:30:37 - spektroskopi - WARNING - Zaman sıralama düzeltildi: 2025-11-16 15:30:37.371939
2025-11-16 15:30:37 - spektroskopi - WARNING - Zaman sıralama düzeltildi: 2025-11-16 15:30:37.372939
2025-11-16 15:30:37 - spektroskopi - WARNING - Zaman sıralama düzeltildi: 2025-11-16 15:30:37.373939
2025-11-16 15:30:37 - spektroskopi - WARNING - Zaman sıralama düzeltildi: 2025-11-16 15:30:37.374939
2025-11-16 15:30:37 - spektroskopi - WARNING - Zaman sıralama düzeltildi: 2025-11-16 15:30:37.375939
2025-11-16 15:30:37 - spektroskopi - INFO - Raspberry Pi'dan veri alındı: 6e400005-b5a3-f393-e0a9-e50e24dcca9e (Handle: 16): Unknown, uzunluk: 2
2025-11-16 15:30:37 - spektroskopi - INFO - Raspberry Pi verisi: Ham=3252, Voltaj=3252.000V
2025-11-16 15:30:37 - spektroskopi - INFO - Raspberry Pi verisi işlendi: SENSOR_EXTRA = 3252.000V
2025-11-16 15:30:37 - spektroskopi - INFO - Raspberry Pi'dan veri alındı: 6e400003-b5a3-f393-e0a9-e50e24dcca9e (Handle: 8): Nordic UART TX, uzunluk: 2
2025-11-16 15:30:37 - spektroskopi - INFO - Raspberry Pi verisi: Ham=707, Voltaj=707.000V
2025-11-16 15:30:37 - spektroskopi - INFO - Raspberry Pi verisi işlendi: SENSOR_5 = 707.000V
2025-11-16 15:30:37 - spektroskopi - INFO - Raspberry Pi'dan veri alındı: 6e400004-b5a3-f393-e0a9-e50e24dcca9e (Handle: 11): Unknown, uzunluk: 2
2025-11-16 15:30:37 - spektroskopi - INFO - Raspberry Pi verisi: Ham=527, Voltaj=527.000V
2025-11-16 15:30:37 - spektroskopi - INFO - Raspberry Pi verisi işlendi: SENSOR_7 = 527.000V
2025-11-16 15:30:37 - spektroskopi - INFO - Raspberry Pi'dan veri alındı: 6e400002-b5a3-f393-e0a9-e50e24dcca9e (Handle: 19): Nordic UART RX, uzunluk: 2
2025-11-16 15:30:37 - spektroskopi - INFO - Raspberry Pi verisi: Ham=3251, Voltaj=3251.000V
2025-11-16 15:30:37 - spektroskopi - INFO - Raspberry Pi verisi işlendi: SENSOR_2 = 3251.000V
2025-11-16 15:30:38 - spektroskopi - INFO - Raspberry Pi'dan veri alındı: 6e400005-b5a3-f393-e0a9-e50e24dcca9e (Handle: 16): Unknown, uzunluk: 2
2025-11-16 15:30:38 - spektroskopi - INFO - Raspberry Pi verisi: Ham=3252, Voltaj=3252.000V
2025-11-16 15:30:38 - spektroskopi - INFO - Raspberry Pi verisi işlendi: SENSOR_EXTRA = 3252.000V
2025-11-16 15:30:38 - spektroskopi - INFO - Raspberry Pi'dan veri alındı: 6e400003-b5a3-f393-e0a9-e50e24dcca9e (Handle: 8): Nordic UART TX, uzunluk: 2
2025-11-16 15:30:38 - spektroskopi - INFO - Raspberry Pi verisi: Ham=717, Voltaj=717.000V
2025-11-16 15:30:38 - spektroskopi - INFO - Raspberry Pi verisi işlendi: SENSOR_5 = 717.000V
2025-11-16 15:30:38 - spektroskopi - INFO - Raspberry Pi'dan veri alındı: 6e400004-b5a3-f393-e0a9-e50e24dcca9e (Handle: 11): Unknown, uzunluk: 2
2025-11-16 15:30:38 - spektroskopi - INFO - Raspberry Pi verisi: Ham=635, Voltaj=635.000V
2025-11-16 15:30:38 - spektroskopi - INFO - Raspberry Pi verisi işlendi: SENSOR_7 = 635.000V
2025-11-16 15:30:38 - spektroskopi - WARNING - Zaman sıralama düzeltildi: 2025-11-16 15:30:38.300824
2025-11-16 15:30:38 - spektroskopi - WARNING - Zaman sıralama düzeltildi: 2025-11-16 15:30:38.301824
2025-11-16 15:30:38 - spektroskopi - WARNING - Zaman sıralama düzeltildi: 2025-11-16 15:30:38.302824
2025-11-16 15:30:38 - spektroskopi - WARNING - Zaman sıralama düzeltildi: 2025-11-16 15:30:38.303824
2025-11-16 15:30:38 - spektroskopi - WARNING - Zaman sıralama düzeltildi: 2025-11-16 15:30:38.304824
2025-11-16 15:30:38 - spektroskopi - WARNING - Zaman sıralama düzeltildi: 2025-11-16 15:30:38.305824
2025-11-16 15:30:38 - spektroskopi - WARNING - Zaman sıralama düzeltildi: 2025-11-16 15:30:38.306824
2025-11-16 15:30:38 - spektroskopi - INFO - Raspberry Pi'dan veri alındı: 6e400002-b5a3-f393-e0a9-e50e24dcca9e (Handle: 19): Nordic UART RX, uzunluk: 2
2025-11-16 15:30:38 - spektroskopi - INFO - Raspberry Pi verisi: Ham=3251, Voltaj=3251.000V
2025-11-16 15:30:38 - spektroskopi - INFO - Raspberry Pi verisi işlendi: SENSOR_2 = 3251.000V
2025-11-16 15:30:38 - spektroskopi - INFO - Raspberry Pi'dan veri alındı: 6e400005-b5a3-f393-e0a9-e50e24dcca9e (Handle: 16): Unknown, uzunluk: 2
2025-11-16 15:30:38 - spektroskopi - INFO - Raspberry Pi verisi: Ham=3252, Voltaj=3252.000V
2025-11-16 15:30:38 - spektroskopi - INFO - Raspberry Pi verisi işlendi: SENSOR_EXTRA = 3252.000V
2025-11-16 15:30:38 - spektroskopi - INFO - Raspberry Pi'dan veri alındı: 6e400003-b5a3-f393-e0a9-e50e24dcca9e (Handle: 8): Nordic UART TX, uzunluk: 2
2025-11-16 15:30:38 - spektroskopi - INFO - Raspberry Pi verisi: Ham=781, Voltaj=781.000V
2025-11-16 15:30:38 - spektroskopi - INFO - Raspberry Pi verisi işlendi: SENSOR_5 = 781.000V
2025-11-16 15:30:38 - spektroskopi - INFO - Raspberry Pi'dan veri alındı: 6e400004-b5a3-f393-e0a9-e50e24dcca9e (Handle: 11): Unknown, uzunluk: 2
2025-11-16 15:30:38 - spektroskopi - INFO - Raspberry Pi verisi: Ham=870, Voltaj=870.000V
2025-11-16 15:30:38 - spektroskopi - INFO - Raspberry Pi verisi işlendi: SENSOR_7 = 870.000V
2025-11-16 15:30:39 - spektroskopi - INFO - Raspberry Pi'dan veri alındı: 6e400002-b5a3-f393-e0a9-e50e24dcca9e (Handle: 19): Nordic UART RX, uzunluk: 2
2025-11-16 15:30:39 - spektroskopi - INFO - Raspberry Pi verisi: Ham=3117, Voltaj=3117.000V
2025-11-16 15:30:39 - spektroskopi - INFO - Raspberry Pi verisi işlendi: SENSOR_2 = 3117.000V
2025-11-16 15:30:39 - spektroskopi - INFO - Raspberry Pi'dan veri alındı: 6e400005-b5a3-f393-e0a9-e50e24dcca9e (Handle: 16): Unknown, uzunluk: 2
2025-11-16 15:30:39 - spektroskopi - INFO - Raspberry Pi verisi: Ham=3172, Voltaj=3172.000V
2025-11-16 15:30:39 - spektroskopi - INFO - Raspberry Pi verisi işlendi: SENSOR_EXTRA = 3172.000V
2025-11-16 15:30:39 - spektroskopi - INFO - Raspberry Pi'dan veri alındı: 6e400003-b5a3-f393-e0a9-e50e24dcca9e (Handle: 8): Nordic UART TX, uzunluk: 2
2025-11-16 15:30:39 - spektroskopi - INFO - Raspberry Pi verisi: Ham=835, Voltaj=835.000V
2025-11-16 15:30:39 - spektroskopi - INFO - Raspberry Pi verisi işlendi: SENSOR_5 = 835.000V
2025-11-16 15:30:39 - spektroskopi - WARNING - Zaman sıralama düzeltildi: 2025-11-16 15:30:39.319733
2025-11-16 15:30:39 - spektroskopi - WARNING - Zaman sıralama düzeltildi: 2025-11-16 15:30:39.320733
2025-11-16 15:30:39 - spektroskopi - WARNING - Zaman sıralama düzeltildi: 2025-11-16 15:30:39.321733
2025-11-16 15:30:39 - spektroskopi - WARNING - Zaman sıralama düzeltildi: 2025-11-16 15:30:39.322733
2025-11-16 15:30:39 - spektroskopi - WARNING - Zaman sıralama düzeltildi: 2025-11-16 15:30:39.323733
2025-11-16 15:30:39 - spektroskopi - WARNING - Zaman sıralama düzeltildi: 2025-11-16 15:30:39.324733
2025-11-16 15:30:39 - spektroskopi - WARNING - Zaman sıralama düzeltildi: 2025-11-16 15:30:39.325733
2025-11-16 15:30:39 - spektroskopi - INFO - Raspberry Pi'dan veri alındı: 6e400004-b5a3-f393-e0a9-e50e24dcca9e (Handle: 11): Unknown, uzunluk: 2
2025-11-16 15:30:39 - spektroskopi - INFO - Raspberry Pi verisi: Ham=771, Voltaj=771.000V
2025-11-16 15:30:39 - spektroskopi - INFO - Raspberry Pi verisi işlendi: SENSOR_7 = 771.000V
2025-11-16 15:30:39 - spektroskopi - INFO - Raspberry Pi'dan veri alındı: 6e400002-b5a3-f393-e0a9-e50e24dcca9e (Handle: 19): Nordic UART RX, uzunluk: 2
2025-11-16 15:30:39 - spektroskopi - INFO - Raspberry Pi verisi: Ham=2518, Voltaj=2518.000V
2025-11-16 15:30:39 - spektroskopi - INFO - Raspberry Pi verisi işlendi: SENSOR_2 = 2518.000V
2025-11-16 15:30:39 - spektroskopi - INFO - Raspberry Pi'dan veri alındı: 6e400005-b5a3-f393-e0a9-e50e24dcca9e (Handle: 16): Unknown, uzunluk: 2
2025-11-16 15:30:39 - spektroskopi - INFO - Raspberry Pi verisi: Ham=3239, Voltaj=3239.000V
2025-11-16 15:30:39 - spektroskopi - INFO - Raspberry Pi verisi işlendi: SENSOR_EXTRA = 3239.000V
2025-11-16 15:30:39 - spektroskopi - INFO - Raspberry Pi'dan veri alındı: 6e400003-b5a3-f393-e0a9-e50e24dcca9e (Handle: 8): Nordic UART TX, uzunluk: 2
2025-11-16 15:30:39 - spektroskopi - INFO - Raspberry Pi verisi: Ham=732, Voltaj=732.000V
2025-11-16 15:30:39 - spektroskopi - INFO - Raspberry Pi verisi işlendi: SENSOR_5 = 732.000V
2025-11-16 15:30:40 - spektroskopi - INFO - Raspberry Pi'dan veri alındı: 6e400004-b5a3-f393-e0a9-e50e24dcca9e (Handle: 11): Unknown, uzunluk: 2
2025-11-16 15:30:40 - spektroskopi - INFO - Raspberry Pi verisi: Ham=757, Voltaj=757.000V
2025-11-16 15:30:40 - spektroskopi - INFO - Raspberry Pi verisi işlendi: SENSOR_7 = 757.000V
2025-11-16 15:30:40 - spektroskopi - INFO - Raspberry Pi'dan veri alındı: 6e400002-b5a3-f393-e0a9-e50e24dcca9e (Handle: 19): Nordic UART RX, uzunluk: 2
2025-11-16 15:30:40 - spektroskopi - INFO - Raspberry Pi verisi: Ham=3251, Voltaj=3251.000V
2025-11-16 15:30:40 - spektroskopi - INFO - Raspberry Pi verisi işlendi: SENSOR_2 = 3251.000V
2025-11-16 15:30:40 - spektroskopi - INFO - Raspberry Pi'dan veri alındı: 6e400005-b5a3-f393-e0a9-e50e24dcca9e (Handle: 16): Unknown, uzunluk: 2
2025-11-16 15:30:40 - spektroskopi - INFO - Raspberry Pi verisi: Ham=3252, Voltaj=3252.000V
2025-11-16 15:30:40 - spektroskopi - INFO - Raspberry Pi verisi işlendi: SENSOR_EXTRA = 3252.000V
2025-11-16 15:30:40 - spektroskopi - WARNING - Zaman sıralama düzeltildi: 2025-11-16 15:30:40.339935
2025-11-16 15:30:40 - spektroskopi - WARNING - Zaman sıralama düzeltildi: 2025-11-16 15:30:40.340935
2025-11-16 15:30:40 - spektroskopi - WARNING - Zaman sıralama düzeltildi: 2025-11-16 15:30:40.341935
2025-11-16 15:30:40 - spektroskopi - WARNING - Zaman sıralama düzeltildi: 2025-11-16 15:30:40.342935
2025-11-16 15:30:40 - spektroskopi - WARNING - Zaman sıralama düzeltildi: 2025-11-16 15:30:40.343935
2025-11-16 15:30:40 - spektroskopi - WARNING - Zaman sıralama düzeltildi: 2025-11-16 15:30:40.344935
2025-11-16 15:30:40 - spektroskopi - WARNING - Zaman sıralama düzeltildi: 2025-11-16 15:30:40.345935
2025-11-16 15:30:40 - spektroskopi - INFO - Raspberry Pi'dan veri alındı: 6e400003-b5a3-f393-e0a9-e50e24dcca9e (Handle: 8): Nordic UART TX, uzunluk: 2
2025-11-16 15:30:40 - spektroskopi - INFO - Raspberry Pi verisi: Ham=731, Voltaj=731.000V
2025-11-16 15:30:40 - spektroskopi - INFO - Raspberry Pi verisi işlendi: SENSOR_5 = 731.000V
2025-11-16 15:30:40 - spektroskopi - INFO - Raspberry Pi'dan veri alındı: 6e400004-b5a3-f393-e0a9-e50e24dcca9e (Handle: 11): Unknown, uzunluk: 2
2025-11-16 15:30:40 - spektroskopi - INFO - Raspberry Pi verisi: Ham=755, Voltaj=755.000V
2025-11-16 15:30:40 - spektroskopi - INFO - Raspberry Pi verisi işlendi: SENSOR_7 = 755.000V
2025-11-16 15:30:40 - spektroskopi - INFO - LED KAPATMA komutu queue'ya eklendi
2025-11-16 15:30:40 - spektroskopi - INFO - LED'ler kullanıcı tarafından kapatıldı
2025-11-16 15:30:40 - spektroskopi - INFO - Raspberry Pi'dan veri alındı: 6e400002-b5a3-f393-e0a9-e50e24dcca9e (Handle: 19): Nordic UART RX, uzunluk: 2
2025-11-16 15:30:40 - spektroskopi - INFO - Raspberry Pi verisi: Ham=3251, Voltaj=3251.000V
2025-11-16 15:30:40 - spektroskopi - INFO - Raspberry Pi verisi işlendi: SENSOR_2 = 3251.000V
2025-11-16 15:30:40 - spektroskopi - INFO - Raspberry Pi'dan veri alındı: 6e400005-b5a3-f393-e0a9-e50e24dcca9e (Handle: 16): Unknown, uzunluk: 2
2025-11-16 15:30:40 - spektroskopi - INFO - Raspberry Pi verisi: Ham=3252, Voltaj=3252.000V
2025-11-16 15:30:40 - spektroskopi - INFO - Raspberry Pi verisi işlendi: SENSOR_EXTRA = 3252.000V
2025-11-16 15:30:41 - spektroskopi - INFO - Raspberry Pi'dan veri alındı: 6e400003-b5a3-f393-e0a9-e50e24dcca9e (Handle: 8): Nordic UART TX, uzunluk: 2
2025-11-16 15:30:41 - spektroskopi - INFO - Raspberry Pi verisi: Ham=732, Voltaj=732.000V
2025-11-16 15:30:41 - spektroskopi - INFO - Raspberry Pi verisi işlendi: SENSOR_5 = 732.000V
2025-11-16 15:30:41 - spektroskopi - INFO - LED kontrol komutu gönderildi: KAPATILDI
2025-11-16 15:30:41 - spektroskopi - INFO - Raspberry Pi'dan veri alındı: 6e400004-b5a3-f393-e0a9-e50e24dcca9e (Handle: 11): Unknown, uzunluk: 2
2025-11-16 15:30:41 - spektroskopi - INFO - Raspberry Pi verisi: Ham=757, Voltaj=757.000V
2025-11-16 15:30:41 - spektroskopi - INFO - Raspberry Pi verisi işlendi: SENSOR_7 = 757.000V
2025-11-16 15:30:41 - spektroskopi - INFO - Raspberry Pi'dan veri alındı: 6e400002-b5a3-f393-e0a9-e50e24dcca9e (Handle: 19): Nordic UART RX, uzunluk: 2
2025-11-16 15:30:41 - spektroskopi - INFO - Raspberry Pi verisi: Ham=3253, Voltaj=3253.000V
2025-11-16 15:30:41 - spektroskopi - INFO - Raspberry Pi verisi işlendi: SENSOR_2 = 3253.000V
2025-11-16 15:30:41 - spektroskopi - INFO - Raspberry Pi'dan veri alındı: 6e400005-b5a3-f393-e0a9-e50e24dcca9e (Handle: 16): Unknown, uzunluk: 2
2025-11-16 15:30:41 - spektroskopi - INFO - Raspberry Pi verisi: Ham=3253, Voltaj=3253.000V
2025-11-16 15:30:41 - spektroskopi - INFO - Raspberry Pi verisi işlendi: SENSOR_EXTRA = 3253.000V
2025-11-16 15:30:41 - spektroskopi - WARNING - Zaman sıralama düzeltildi: 2025-11-16 15:30:41.389920
2025-11-16 15:30:41 - spektroskopi - WARNING - Zaman sıralama düzeltildi: 2025-11-16 15:30:41.390920
2025-11-16 15:30:41 - spektroskopi - WARNING - Zaman sıralama düzeltildi: 2025-11-16 15:30:41.391920
2025-11-16 15:30:41 - spektroskopi - WARNING - Zaman sıralama düzeltildi: 2025-11-16 15:30:41.392920
2025-11-16 15:30:41 - spektroskopi - WARNING - Zaman sıralama düzeltildi: 2025-11-16 15:30:41.393920
2025-11-16 15:30:41 - spektroskopi - WARNING - Zaman sıralama düzeltildi: 2025-11-16 15:30:41.394920
2025-11-16 15:30:41 - spektroskopi - WARNING - Zaman sıralama düzeltildi: 2025-11-16 15:30:41.395920
2025-11-16 15:30:41 - spektroskopi - WARNING - Zaman sıralama düzeltildi: 2025-11-16 15:30:41.396920
2025-11-16 15:30:41 - spektroskopi - INFO - Raspberry Pi'dan veri alındı: 6e400003-b5a3-f393-e0a9-e50e24dcca9e (Handle: 8): Nordic UART TX, uzunluk: 2
2025-11-16 15:30:41 - spektroskopi - INFO - Raspberry Pi verisi: Ham=1615, Voltaj=1615.000V
2025-11-16 15:30:41 - spektroskopi - INFO - Raspberry Pi verisi işlendi: SENSOR_5 = 1615.000V
2025-11-16 15:30:41 - spektroskopi - INFO - Raspberry Pi'dan veri alındı: 6e400004-b5a3-f393-e0a9-e50e24dcca9e (Handle: 11): Unknown, uzunluk: 2
2025-11-16 15:30:41 - spektroskopi - INFO - Raspberry Pi verisi: Ham=1298, Voltaj=1298.000V
2025-11-16 15:30:41 - spektroskopi - INFO - Raspberry Pi verisi işlendi: SENSOR_7 = 1298.000V
2025-11-16 15:30:41 - spektroskopi - INFO - Raspberry Pi'dan veri alındı: 6e400002-b5a3-f393-e0a9-e50e24dcca9e (Handle: 19): Nordic UART RX, uzunluk: 2
2025-11-16 15:30:41 - spektroskopi - INFO - Raspberry Pi verisi: Ham=3253, Voltaj=3253.000V
2025-11-16 15:30:41 - spektroskopi - INFO - Raspberry Pi verisi işlendi: SENSOR_2 = 3253.000V
2025-11-16 15:30:41 - spektroskopi - INFO - Raspberry Pi'dan veri alındı: 6e400005-b5a3-f393-e0a9-e50e24dcca9e (Handle: 16): Unknown, uzunluk: 2
2025-11-16 15:30:41 - spektroskopi - INFO - Raspberry Pi verisi: Ham=3253, Voltaj=3253.000V
2025-11-16 15:30:41 - spektroskopi - INFO - Raspberry Pi verisi işlendi: SENSOR_EXTRA = 3253.000V
2025-11-16 15:30:41 - spektroskopi - INFO - Raspberry Pi'dan veri alındı: 6e400003-b5a3-f393-e0a9-e50e24dcca9e (Handle: 8): Nordic UART TX, uzunluk: 2
2025-11-16 15:30:41 - spektroskopi - INFO - Raspberry Pi verisi: Ham=1616, Voltaj=1616.000V
2025-11-16 15:30:41 - spektroskopi - INFO - Raspberry Pi verisi işlendi: SENSOR_5 = 1616.000V
2025-11-16 15:30:41 - spektroskopi - INFO - Raspberry Pi'dan veri alındı: 6e400004-b5a3-f393-e0a9-e50e24dcca9e (Handle: 11): Unknown, uzunluk: 2
2025-11-16 15:30:41 - spektroskopi - INFO - Raspberry Pi verisi: Ham=1300, Voltaj=1300.000V
2025-11-16 15:30:41 - spektroskopi - INFO - Raspberry Pi verisi işlendi: SENSOR_7 = 1300.000V
