2026-01-21 19:24:33 - spektroskopi - INFO - Spektroskopi uygulaması başlatılıyor...
2026-01-21 19:24:33 - spektroskopi - INFO - Export için 1 formül yüklendi
2026-01-21 19:24:33 - spektroskopi - INFO - Uygulama ayarları yüklendi
2026-01-21 19:24:33 - spektroskopi - INFO - 1 formül içe aktarıldı
2026-01-21 19:24:33 - spektroskopi - INFO - Uygulama başlangıcında formüller yüklendi: 1
2026-01-21 19:24:33 - spektroskopi - WARNING - Error loading record Record_20251022_185402.json: Expecting value: line 515 column 9 (char 10867)
2026-01-21 19:24:33 - spektroskopi - INFO - Tema uygulandı: light (sistem: dark)
2026-01-21 19:24:33 - spektroskopi - INFO - Sensör bilgileri güncellendi
2026-01-21 19:24:33 - spektroskopi - INFO - Otomatik bağlantı başlatılıyor...
2026-01-21 19:24:33 - spektroskopi - INFO - Ana GUI başlatıldı
2026-01-21 19:24:34 - spektroskopi - INFO - BLE tarama başlatılıyor (timeout: 10.0s)
2026-01-21 19:24:44 - spektroskopi - INFO - Hedef cihaz bulundu: sensor-1 (10EF861C-9314-4868-A135-CAF29E2FB2C9)
2026-01-21 19:24:44 - spektroskopi - INFO - Tarama tamamlandı: 1 cihaz bulundu
2026-01-21 19:24:44 - spektroskopi - INFO - sensor-1 cihazına bağlanılıyor...
2026-01-21 19:24:44 - spektroskopi - INFO - BLE bağlantısı kuruluyor: sensor-1 (10EF861C-9314-4868-A135-CAF29E2FB2C9)
2026-01-21 19:24:45 - spektroskopi - INFO - Bağlantı kuruldu: sensor-1
2026-01-21 19:24:45 - spektroskopi - INFO - LED kontrolleri aktifleştirildi
2026-01-21 19:24:45 - spektroskopi - INFO - Tarama tamamlandı: 1 cihaz bulundu
2026-01-21 19:24:46 - spektroskopi - INFO - CONNECTION SUCCESS: sensor-1 - CONNECTED
2026-01-21 19:24:46 - spektroskopi - INFO - BLE bağlantısı sonsuz mod aktif - timeout yok
2026-01-21 19:24:47 - spektroskopi - INFO - LED AÇMA komutu queue'ya eklendi
2026-01-21 19:24:47 - spektroskopi - INFO - Tüm LED'ler açıldı
2026-01-21 19:24:47 - spektroskopi - INFO - LED kontrol komutu gönderildi: TÜM LED'LER AÇILDI
2026-01-21 19:24:48 - spektroskopi - INFO - Veri buffer'ları temizlendi
2026-01-21 19:24:48 - spektroskopi - INFO - Sistem başlatıldı - veri işleme aktif
2026-01-21 19:24:48 - spektroskopi - INFO - Live mod aktifleştirildi
2026-01-21 19:24:48 - spektroskopi - INFO - Sistem başlatıldı - Custom data hesaplamaları otomatik başlatıldı
2026-01-21 19:24:48 - spektroskopi - INFO - START komutu gönderildi: l_d=4, a_d=3, r_d=250, LEDs=0b1111
2026-01-21 19:24:48 - spektroskopi - INFO - SYSTEM EVENT: SYSTEM_STARTED - l_d=4, a_d=3, r_d=250
2026-01-21 19:24:48 - spektroskopi - INFO - LED kontrol komutu gönderildi: LED durumları: L1=False, L3=False, L4=True, L6=False
2026-01-21 19:24:48 - spektroskopi - INFO - Raspberry Pi'dan veri alındı: 6e400002-b5a3-f393-e0a9-e50e24dcca9e (Handle: 19): Nordic UART RX, uzunluk: 2
2026-01-21 19:24:48 - spektroskopi - INFO - Raspberry Pi verisi: Ham=3257, Voltaj=3257.000V
2026-01-21 19:24:48 - spektroskopi - INFO - Raspberry Pi verisi işlendi: SENSOR_2 = 3257.000V
2026-01-21 19:24:49 - spektroskopi - INFO - Raspberry Pi'dan veri alındı: 6e400005-b5a3-f393-e0a9-e50e24dcca9e (Handle: 16): Unknown, uzunluk: 2
2026-01-21 19:24:49 - spektroskopi - INFO - Raspberry Pi verisi: Ham=3256, Voltaj=3256.000V
2026-01-21 19:24:49 - spektroskopi - INFO - Raspberry Pi verisi işlendi: SENSOR_EXTRA = 3256.000V
2026-01-21 19:24:49 - spektroskopi - INFO - Raspberry Pi'dan veri alındı: 6e400004-b5a3-f393-e0a9-e50e24dcca9e (Handle: 11): Unknown, uzunluk: 2
2026-01-21 19:24:49 - spektroskopi - INFO - Raspberry Pi verisi: Ham=1475, Voltaj=1475.000V
2026-01-21 19:24:49 - spektroskopi - INFO - Raspberry Pi verisi işlendi: SENSOR_7 = 1475.000V
2026-01-21 19:24:49 - spektroskopi - INFO - Raspberry Pi'dan veri alındı: 6e400003-b5a3-f393-e0a9-e50e24dcca9e (Handle: 8): Nordic UART TX, uzunluk: 2
2026-01-21 19:24:49 - spektroskopi - INFO - Raspberry Pi verisi: Ham=995, Voltaj=995.000V
2026-01-21 19:24:49 - spektroskopi - INFO - Raspberry Pi verisi işlendi: SENSOR_5 = 995.000V
2026-01-21 19:24:49 - spektroskopi - INFO - Raspberry Pi'dan veri alındı: 6e400002-b5a3-f393-e0a9-e50e24dcca9e (Handle: 19): Nordic UART RX, uzunluk: 2
2026-01-21 19:24:49 - spektroskopi - INFO - Raspberry Pi verisi: Ham=3256, Voltaj=3256.000V
2026-01-21 19:24:49 - spektroskopi - INFO - Raspberry Pi verisi işlendi: SENSOR_2 = 3256.000V
2026-01-21 19:24:50 - spektroskopi - WARNING - Zaman sıralama düzeltildi (averaged): 2026-01-21 19:24:49.893801
2026-01-21 19:24:50 - spektroskopi - WARNING - Zaman sıralama düzeltildi (averaged): 2026-01-21 19:24:49.894801
2026-01-21 19:24:50 - spektroskopi - WARNING - Zaman sıralama düzeltildi (averaged): 2026-01-21 19:24:49.895801
2026-01-21 19:24:50 - spektroskopi - WARNING - Zaman sıralama düzeltildi (averaged): 2026-01-21 19:24:49.896801
2026-01-21 19:24:50 - spektroskopi - WARNING - Zaman sıralama düzeltildi (averaged): 2026-01-21 19:24:49.897801
2026-01-21 19:24:50 - spektroskopi - WARNING - RealTimePanel: UV_360nm raw data uzunluk uyumsuzluğu (timestamps: 10, data: 4)
2026-01-21 19:24:50 - spektroskopi - WARNING - RealTimePanel: UV_360nm calibrated data uzunluk uyumsuzluğu (timestamps: 10, data: 4)
2026-01-21 19:24:50 - spektroskopi - WARNING - RealTimePanel: Blue_450nm raw data uzunluk uyumsuzluğu (timestamps: 10, data: 2)
2026-01-21 19:24:50 - spektroskopi - WARNING - RealTimePanel: Blue_450nm calibrated data uzunluk uyumsuzluğu (timestamps: 10, data: 2)
2026-01-21 19:24:50 - spektroskopi - WARNING - RealTimePanel: IR_850nm raw data uzunluk uyumsuzluğu (timestamps: 10, data: 2)
2026-01-21 19:24:50 - spektroskopi - WARNING - RealTimePanel: IR_850nm calibrated data uzunluk uyumsuzluğu (timestamps: 10, data: 2)
2026-01-21 19:24:50 - spektroskopi - WARNING - RealTimePanel: IR_940nm raw data uzunluk uyumsuzluğu (timestamps: 10, data: 2)
2026-01-21 19:24:50 - spektroskopi - WARNING - RealTimePanel: IR_940nm calibrated data uzunluk uyumsuzluğu (timestamps: 10, data: 2)
2026-01-21 19:24:50 - spektroskopi - INFO - Raspberry Pi'dan veri alındı: 6e400005-b5a3-f393-e0a9-e50e24dcca9e (Handle: 16): Unknown, uzunluk: 2
2026-01-21 19:24:50 - spektroskopi - INFO - Raspberry Pi verisi: Ham=3256, Voltaj=3256.000V
2026-01-21 19:24:50 - spektroskopi - INFO - Raspberry Pi verisi işlendi: SENSOR_EXTRA = 3256.000V
2026-01-21 19:24:50 - spektroskopi - INFO - Raspberry Pi'dan veri alındı: 6e400004-b5a3-f393-e0a9-e50e24dcca9e (Handle: 11): Unknown, uzunluk: 2
2026-01-21 19:24:50 - spektroskopi - INFO - Raspberry Pi verisi: Ham=1482, Voltaj=1482.000V
2026-01-21 19:24:50 - spektroskopi - INFO - Raspberry Pi verisi işlendi: SENSOR_7 = 1482.000V
2026-01-21 19:24:50 - spektroskopi - INFO - Raspberry Pi'dan veri alındı: 6e400003-b5a3-f393-e0a9-e50e24dcca9e (Handle: 8): Nordic UART TX, uzunluk: 2
2026-01-21 19:24:50 - spektroskopi - INFO - Raspberry Pi verisi: Ham=999, Voltaj=999.000V
2026-01-21 19:24:50 - spektroskopi - INFO - Raspberry Pi verisi işlendi: SENSOR_5 = 999.000V
2026-01-21 19:24:50 - spektroskopi - INFO - Raspberry Pi'dan veri alındı: 6e400002-b5a3-f393-e0a9-e50e24dcca9e (Handle: 19): Nordic UART RX, uzunluk: 2
2026-01-21 19:24:50 - spektroskopi - INFO - Raspberry Pi verisi: Ham=3255, Voltaj=3255.000V
2026-01-21 19:24:50 - spektroskopi - INFO - Raspberry Pi verisi işlendi: SENSOR_2 = 3255.000V
2026-01-21 19:24:51 - spektroskopi - INFO - Raspberry Pi'dan veri alındı: 6e400005-b5a3-f393-e0a9-e50e24dcca9e (Handle: 16): Unknown, uzunluk: 2
2026-01-21 19:24:51 - spektroskopi - INFO - Raspberry Pi verisi: Ham=3255, Voltaj=3255.000V
2026-01-21 19:24:51 - spektroskopi - INFO - Raspberry Pi verisi işlendi: SENSOR_EXTRA = 3255.000V
2026-01-21 19:24:51 - spektroskopi - WARNING - Zaman sıralama düzeltildi (averaged): 2026-01-21 19:24:51.033073
2026-01-21 19:24:51 - spektroskopi - WARNING - Zaman sıralama düzeltildi (averaged): 2026-01-21 19:24:51.034073
2026-01-21 19:24:51 - spektroskopi - WARNING - Zaman sıralama düzeltildi (averaged): 2026-01-21 19:24:51.035073
2026-01-21 19:24:51 - spektroskopi - WARNING - Zaman sıralama düzeltildi (averaged): 2026-01-21 19:24:51.036073
2026-01-21 19:24:51 - spektroskopi - WARNING - Zaman sıralama düzeltildi (averaged): 2026-01-21 19:24:51.037073
2026-01-21 19:24:51 - spektroskopi - WARNING - RealTimePanel: UV_360nm raw data uzunluk uyumsuzluğu (timestamps: 20, data: 6)
2026-01-21 19:24:51 - spektroskopi - WARNING - RealTimePanel: UV_360nm calibrated data uzunluk uyumsuzluğu (timestamps: 20, data: 6)
2026-01-21 19:24:51 - spektroskopi - WARNING - RealTimePanel: Blue_450nm raw data uzunluk uyumsuzluğu (timestamps: 20, data: 6)
2026-01-21 19:24:51 - spektroskopi - WARNING - RealTimePanel: Blue_450nm calibrated data uzunluk uyumsuzluğu (timestamps: 20, data: 6)
2026-01-21 19:24:51 - spektroskopi - WARNING - RealTimePanel: IR_850nm raw data uzunluk uyumsuzluğu (timestamps: 20, data: 4)
2026-01-21 19:24:51 - spektroskopi - WARNING - RealTimePanel: IR_850nm calibrated data uzunluk uyumsuzluğu (timestamps: 20, data: 4)
2026-01-21 19:24:51 - spektroskopi - WARNING - RealTimePanel: IR_940nm raw data uzunluk uyumsuzluğu (timestamps: 20, data: 4)
2026-01-21 19:24:51 - spektroskopi - WARNING - RealTimePanel: IR_940nm calibrated data uzunluk uyumsuzluğu (timestamps: 20, data: 4)
2026-01-21 19:24:51 - spektroskopi - INFO - Raspberry Pi'dan veri alındı: 6e400004-b5a3-f393-e0a9-e50e24dcca9e (Handle: 11): Unknown, uzunluk: 2
2026-01-21 19:24:51 - spektroskopi - INFO - Raspberry Pi verisi: Ham=1472, Voltaj=1472.000V
2026-01-21 19:24:51 - spektroskopi - INFO - Raspberry Pi verisi işlendi: SENSOR_7 = 1472.000V
2026-01-21 19:24:51 - spektroskopi - INFO - Raspberry Pi'dan veri alındı: 6e400003-b5a3-f393-e0a9-e50e24dcca9e (Handle: 8): Nordic UART TX, uzunluk: 2
2026-01-21 19:24:51 - spektroskopi - INFO - Raspberry Pi verisi: Ham=1002, Voltaj=1002.000V
2026-01-21 19:24:51 - spektroskopi - INFO - Raspberry Pi verisi işlendi: SENSOR_5 = 1002.000V
2026-01-21 19:24:51 - spektroskopi - INFO - Raspberry Pi'dan veri alındı: 6e400002-b5a3-f393-e0a9-e50e24dcca9e (Handle: 19): Nordic UART RX, uzunluk: 2
2026-01-21 19:24:51 - spektroskopi - INFO - Raspberry Pi verisi: Ham=3256, Voltaj=3256.000V
2026-01-21 19:24:51 - spektroskopi - INFO - Raspberry Pi verisi işlendi: SENSOR_2 = 3256.000V
2026-01-21 19:24:51 - spektroskopi - INFO - Raspberry Pi'dan veri alındı: 6e400005-b5a3-f393-e0a9-e50e24dcca9e (Handle: 16): Unknown, uzunluk: 2
2026-01-21 19:24:51 - spektroskopi - INFO - Raspberry Pi verisi: Ham=3254, Voltaj=3254.000V
2026-01-21 19:24:51 - spektroskopi - INFO - Raspberry Pi verisi işlendi: SENSOR_EXTRA = 3254.000V
2026-01-21 19:24:52 - spektroskopi - WARNING - Zaman sıralama düzeltildi (averaged): 2026-01-21 19:24:51.903316
2026-01-21 19:24:52 - spektroskopi - WARNING - Zaman sıralama düzeltildi (averaged): 2026-01-21 19:24:51.904316
2026-01-21 19:24:52 - spektroskopi - WARNING - Zaman sıralama düzeltildi (averaged): 2026-01-21 19:24:51.905316
2026-01-21 19:24:52 - spektroskopi - WARNING - Zaman sıralama düzeltildi (averaged): 2026-01-21 19:24:51.906316
2026-01-21 19:24:52 - spektroskopi - WARNING - RealTimePanel: UV_360nm raw data uzunluk uyumsuzluğu (timestamps: 28, data: 8)
2026-01-21 19:24:52 - spektroskopi - WARNING - RealTimePanel: UV_360nm calibrated data uzunluk uyumsuzluğu (timestamps: 28, data: 8)
2026-01-21 19:24:52 - spektroskopi - WARNING - RealTimePanel: Blue_450nm raw data uzunluk uyumsuzluğu (timestamps: 28, data: 8)
2026-01-21 19:24:52 - spektroskopi - WARNING - RealTimePanel: Blue_450nm calibrated data uzunluk uyumsuzluğu (timestamps: 28, data: 8)
2026-01-21 19:24:52 - spektroskopi - WARNING - RealTimePanel: IR_850nm raw data uzunluk uyumsuzluğu (timestamps: 28, data: 6)
2026-01-21 19:24:52 - spektroskopi - WARNING - RealTimePanel: IR_850nm calibrated data uzunluk uyumsuzluğu (timestamps: 28, data: 6)
2026-01-21 19:24:52 - spektroskopi - WARNING - RealTimePanel: IR_940nm raw data uzunluk uyumsuzluğu (timestamps: 28, data: 6)
2026-01-21 19:24:52 - spektroskopi - WARNING - RealTimePanel: IR_940nm calibrated data uzunluk uyumsuzluğu (timestamps: 28, data: 6)
2026-01-21 19:24:52 - spektroskopi - INFO - Raspberry Pi'dan veri alındı: 6e400004-b5a3-f393-e0a9-e50e24dcca9e (Handle: 11): Unknown, uzunluk: 2
2026-01-21 19:24:52 - spektroskopi - INFO - Raspberry Pi verisi: Ham=1479, Voltaj=1479.000V
2026-01-21 19:24:52 - spektroskopi - INFO - Raspberry Pi verisi işlendi: SENSOR_7 = 1479.000V
2026-01-21 19:24:52 - spektroskopi - INFO - Raspberry Pi'dan veri alındı: 6e400003-b5a3-f393-e0a9-e50e24dcca9e (Handle: 8): Nordic UART TX, uzunluk: 2
2026-01-21 19:24:52 - spektroskopi - INFO - Raspberry Pi verisi: Ham=997, Voltaj=997.000V
2026-01-21 19:24:52 - spektroskopi - INFO - Raspberry Pi verisi işlendi: SENSOR_5 = 997.000V
2026-01-21 19:24:52 - spektroskopi - INFO - Raspberry Pi'dan veri alındı: 6e400002-b5a3-f393-e0a9-e50e24dcca9e (Handle: 19): Nordic UART RX, uzunluk: 2
2026-01-21 19:24:52 - spektroskopi - INFO - Raspberry Pi verisi: Ham=3254, Voltaj=3254.000V
2026-01-21 19:24:52 - spektroskopi - INFO - Raspberry Pi verisi işlendi: SENSOR_2 = 3254.000V
2026-01-21 19:24:52 - spektroskopi - INFO - Raspberry Pi'dan veri alındı: 6e400005-b5a3-f393-e0a9-e50e24dcca9e (Handle: 16): Unknown, uzunluk: 2
2026-01-21 19:24:52 - spektroskopi - INFO - Raspberry Pi verisi: Ham=3257, Voltaj=3257.000V
2026-01-21 19:24:52 - spektroskopi - INFO - Raspberry Pi verisi işlendi: SENSOR_EXTRA = 3257.000V
2026-01-21 19:24:53 - spektroskopi - INFO - Raspberry Pi'dan veri alındı: 6e400004-b5a3-f393-e0a9-e50e24dcca9e (Handle: 11): Unknown, uzunluk: 2
2026-01-21 19:24:53 - spektroskopi - INFO - Raspberry Pi verisi: Ham=1476, Voltaj=1476.000V
2026-01-21 19:24:53 - spektroskopi - INFO - Raspberry Pi verisi işlendi: SENSOR_7 = 1476.000V
2026-01-21 19:24:53 - spektroskopi - WARNING - Zaman sıralama düzeltildi (averaged): 2026-01-21 19:24:53.043074
2026-01-21 19:24:53 - spektroskopi - WARNING - Zaman sıralama düzeltildi (averaged): 2026-01-21 19:24:53.044074
2026-01-21 19:24:53 - spektroskopi - WARNING - Zaman sıralama düzeltildi (averaged): 2026-01-21 19:24:53.045074
2026-01-21 19:24:53 - spektroskopi - WARNING - Zaman sıralama düzeltildi (averaged): 2026-01-21 19:24:53.046074
2026-01-21 19:24:53 - spektroskopi - WARNING - Zaman sıralama düzeltildi (averaged): 2026-01-21 19:24:53.047074
2026-01-21 19:24:53 - spektroskopi - WARNING - RealTimePanel: UV_360nm raw data uzunluk uyumsuzluğu (timestamps: 38, data: 10)
2026-01-21 19:24:53 - spektroskopi - WARNING - RealTimePanel: UV_360nm calibrated data uzunluk uyumsuzluğu (timestamps: 38, data: 10)
2026-01-21 19:24:53 - spektroskopi - WARNING - RealTimePanel: Blue_450nm raw data uzunluk uyumsuzluğu (timestamps: 38, data: 10)
2026-01-21 19:24:53 - spektroskopi - WARNING - RealTimePanel: Blue_450nm calibrated data uzunluk uyumsuzluğu (timestamps: 38, data: 10)
2026-01-21 19:24:53 - spektroskopi - WARNING - RealTimePanel: IR_850nm raw data uzunluk uyumsuzluğu (timestamps: 38, data: 10)
2026-01-21 19:24:53 - spektroskopi - WARNING - RealTimePanel: IR_850nm calibrated data uzunluk uyumsuzluğu (timestamps: 38, data: 10)
2026-01-21 19:24:53 - spektroskopi - WARNING - RealTimePanel: IR_940nm raw data uzunluk uyumsuzluğu (timestamps: 38, data: 8)
2026-01-21 19:24:53 - spektroskopi - WARNING - RealTimePanel: IR_940nm calibrated data uzunluk uyumsuzluğu (timestamps: 38, data: 8)
2026-01-21 19:24:53 - spektroskopi - INFO - Raspberry Pi'dan veri alındı: 6e400003-b5a3-f393-e0a9-e50e24dcca9e (Handle: 8): Nordic UART TX, uzunluk: 2
2026-01-21 19:24:53 - spektroskopi - INFO - Raspberry Pi verisi: Ham=1003, Voltaj=1003.000V
2026-01-21 19:24:53 - spektroskopi - INFO - Raspberry Pi verisi işlendi: SENSOR_5 = 1003.000V
2026-01-21 19:24:53 - spektroskopi - INFO - Raspberry Pi'dan veri alındı: 6e400002-b5a3-f393-e0a9-e50e24dcca9e (Handle: 19): Nordic UART RX, uzunluk: 2
2026-01-21 19:24:53 - spektroskopi - INFO - Raspberry Pi verisi: Ham=3255, Voltaj=3255.000V
2026-01-21 19:24:53 - spektroskopi - INFO - Raspberry Pi verisi işlendi: SENSOR_2 = 3255.000V
2026-01-21 19:24:53 - spektroskopi - INFO - Raspberry Pi'dan veri alındı: 6e400005-b5a3-f393-e0a9-e50e24dcca9e (Handle: 16): Unknown, uzunluk: 2
2026-01-21 19:24:53 - spektroskopi - INFO - Raspberry Pi verisi: Ham=3257, Voltaj=3257.000V
2026-01-21 19:24:53 - spektroskopi - INFO - Raspberry Pi verisi işlendi: SENSOR_EXTRA = 3257.000V
2026-01-21 19:24:53 - spektroskopi - INFO - Raspberry Pi'dan veri alındı: 6e400004-b5a3-f393-e0a9-e50e24dcca9e (Handle: 11): Unknown, uzunluk: 2
2026-01-21 19:24:53 - spektroskopi - INFO - Raspberry Pi verisi: Ham=1486, Voltaj=1486.000V
2026-01-21 19:24:53 - spektroskopi - INFO - Raspberry Pi verisi işlendi: SENSOR_7 = 1486.000V
2026-01-21 19:24:54 - spektroskopi - WARNING - Zaman sıralama düzeltildi (averaged): 2026-01-21 19:24:53.915381
2026-01-21 19:24:54 - spektroskopi - WARNING - Zaman sıralama düzeltildi (averaged): 2026-01-21 19:24:53.916381
2026-01-21 19:24:54 - spektroskopi - WARNING - Zaman sıralama düzeltildi (averaged): 2026-01-21 19:24:53.917381
2026-01-21 19:24:54 - spektroskopi - WARNING - Zaman sıralama düzeltildi (averaged): 2026-01-21 19:24:53.918381
2026-01-21 19:24:54 - spektroskopi - WARNING - RealTimePanel: UV_360nm raw data uzunluk uyumsuzluğu (timestamps: 46, data: 12)
2026-01-21 19:24:54 - spektroskopi - WARNING - RealTimePanel: UV_360nm calibrated data uzunluk uyumsuzluğu (timestamps: 46, data: 12)
2026-01-21 19:24:54 - spektroskopi - WARNING - RealTimePanel: Blue_450nm raw data uzunluk uyumsuzluğu (timestamps: 46, data: 12)
2026-01-21 19:24:54 - spektroskopi - WARNING - RealTimePanel: Blue_450nm calibrated data uzunluk uyumsuzluğu (timestamps: 46, data: 12)
2026-01-21 19:24:54 - spektroskopi - WARNING - RealTimePanel: IR_850nm raw data uzunluk uyumsuzluğu (timestamps: 46, data: 12)
2026-01-21 19:24:54 - spektroskopi - WARNING - RealTimePanel: IR_850nm calibrated data uzunluk uyumsuzluğu (timestamps: 46, data: 12)
2026-01-21 19:24:54 - spektroskopi - WARNING - RealTimePanel: IR_940nm raw data uzunluk uyumsuzluğu (timestamps: 46, data: 10)
2026-01-21 19:24:54 - spektroskopi - WARNING - RealTimePanel: IR_940nm calibrated data uzunluk uyumsuzluğu (timestamps: 46, data: 10)
2026-01-21 19:24:54 - spektroskopi - INFO - Raspberry Pi'dan veri alındı: 6e400003-b5a3-f393-e0a9-e50e24dcca9e (Handle: 8): Nordic UART TX, uzunluk: 2
2026-01-21 19:24:54 - spektroskopi - INFO - Raspberry Pi verisi: Ham=1002, Voltaj=1002.000V
2026-01-21 19:24:54 - spektroskopi - INFO - Raspberry Pi verisi işlendi: SENSOR_5 = 1002.000V
2026-01-21 19:24:54 - spektroskopi - INFO - Raspberry Pi'dan veri alındı: 6e400002-b5a3-f393-e0a9-e50e24dcca9e (Handle: 19): Nordic UART RX, uzunluk: 2
2026-01-21 19:24:54 - spektroskopi - INFO - Raspberry Pi verisi: Ham=3256, Voltaj=3256.000V
2026-01-21 19:24:54 - spektroskopi - INFO - Raspberry Pi verisi işlendi: SENSOR_2 = 3256.000V
2026-01-21 19:24:54 - spektroskopi - INFO - Raspberry Pi'dan veri alındı: 6e400005-b5a3-f393-e0a9-e50e24dcca9e (Handle: 16): Unknown, uzunluk: 2
2026-01-21 19:24:54 - spektroskopi - INFO - Raspberry Pi verisi: Ham=3255, Voltaj=3255.000V
2026-01-21 19:24:54 - spektroskopi - INFO - Raspberry Pi verisi işlendi: SENSOR_EXTRA = 3255.000V
2026-01-21 19:24:54 - spektroskopi - INFO - Raspberry Pi'dan veri alındı: 6e400004-b5a3-f393-e0a9-e50e24dcca9e (Handle: 11): Unknown, uzunluk: 2
2026-01-21 19:24:54 - spektroskopi - INFO - Raspberry Pi verisi: Ham=1475, Voltaj=1475.000V
2026-01-21 19:24:54 - spektroskopi - INFO - Raspberry Pi verisi işlendi: SENSOR_7 = 1475.000V
2026-01-21 19:24:55 - spektroskopi - INFO - Raspberry Pi'dan veri alındı: 6e400003-b5a3-f393-e0a9-e50e24dcca9e (Handle: 8): Nordic UART TX, uzunluk: 2
2026-01-21 19:24:55 - spektroskopi - INFO - Raspberry Pi verisi: Ham=999, Voltaj=999.000V
2026-01-21 19:24:55 - spektroskopi - INFO - Raspberry Pi verisi işlendi: SENSOR_5 = 999.000V
2026-01-21 19:24:55 - spektroskopi - WARNING - Zaman sıralama düzeltildi (averaged): 2026-01-21 19:24:55.053184
2026-01-21 19:24:55 - spektroskopi - WARNING - Zaman sıralama düzeltildi (averaged): 2026-01-21 19:24:55.054184
2026-01-21 19:24:55 - spektroskopi - WARNING - Zaman sıralama düzeltildi (averaged): 2026-01-21 19:24:55.055184
2026-01-21 19:24:55 - spektroskopi - WARNING - Zaman sıralama düzeltildi (averaged): 2026-01-21 19:24:55.056184
2026-01-21 19:24:55 - spektroskopi - WARNING - Zaman sıralama düzeltildi (averaged): 2026-01-21 19:24:55.057184
2026-01-21 19:24:55 - spektroskopi - WARNING - RealTimePanel: UV_360nm raw data uzunluk uyumsuzluğu (timestamps: 56, data: 14)
2026-01-21 19:24:55 - spektroskopi - WARNING - RealTimePanel: UV_360nm calibrated data uzunluk uyumsuzluğu (timestamps: 56, data: 14)
2026-01-21 19:24:55 - spektroskopi - WARNING - RealTimePanel: Blue_450nm raw data uzunluk uyumsuzluğu (timestamps: 56, data: 14)
2026-01-21 19:24:55 - spektroskopi - WARNING - RealTimePanel: Blue_450nm calibrated data uzunluk uyumsuzluğu (timestamps: 56, data: 14)
2026-01-21 19:24:55 - spektroskopi - WARNING - RealTimePanel: IR_850nm raw data uzunluk uyumsuzluğu (timestamps: 56, data: 14)
2026-01-21 19:24:55 - spektroskopi - WARNING - RealTimePanel: IR_850nm calibrated data uzunluk uyumsuzluğu (timestamps: 56, data: 14)
2026-01-21 19:24:55 - spektroskopi - WARNING - RealTimePanel: IR_940nm raw data uzunluk uyumsuzluğu (timestamps: 56, data: 14)
2026-01-21 19:24:55 - spektroskopi - WARNING - RealTimePanel: IR_940nm calibrated data uzunluk uyumsuzluğu (timestamps: 56, data: 14)
2026-01-21 19:24:55 - spektroskopi - INFO - Raspberry Pi'dan veri alındı: 6e400002-b5a3-f393-e0a9-e50e24dcca9e (Handle: 19): Nordic UART RX, uzunluk: 2
2026-01-21 19:24:55 - spektroskopi - INFO - Raspberry Pi verisi: Ham=3256, Voltaj=3256.000V
2026-01-21 19:24:55 - spektroskopi - INFO - Raspberry Pi verisi işlendi: SENSOR_2 = 3256.000V
2026-01-21 19:24:55 - spektroskopi - INFO - Raspberry Pi'dan veri alındı: 6e400005-b5a3-f393-e0a9-e50e24dcca9e (Handle: 16): Unknown, uzunluk: 2
2026-01-21 19:24:55 - spektroskopi - INFO - Raspberry Pi verisi: Ham=2979, Voltaj=2979.000V
2026-01-21 19:24:55 - spektroskopi - INFO - Raspberry Pi verisi işlendi: SENSOR_EXTRA = 2979.000V
2026-01-21 19:24:55 - spektroskopi - INFO - Raspberry Pi'dan veri alındı: 6e400004-b5a3-f393-e0a9-e50e24dcca9e (Handle: 11): Unknown, uzunluk: 2
2026-01-21 19:24:55 - spektroskopi - INFO - Raspberry Pi verisi: Ham=1464, Voltaj=1464.000V
2026-01-21 19:24:55 - spektroskopi - INFO - Raspberry Pi verisi işlendi: SENSOR_7 = 1464.000V
2026-01-21 19:24:55 - spektroskopi - INFO - Raspberry Pi'dan veri alındı: 6e400003-b5a3-f393-e0a9-e50e24dcca9e (Handle: 8): Nordic UART TX, uzunluk: 2
2026-01-21 19:24:55 - spektroskopi - INFO - Raspberry Pi verisi: Ham=947, Voltaj=947.000V
2026-01-21 19:24:55 - spektroskopi - INFO - Raspberry Pi verisi işlendi: SENSOR_5 = 947.000V
2026-01-21 19:24:56 - spektroskopi - INFO - Raspberry Pi'dan veri alındı: 6e400002-b5a3-f393-e0a9-e50e24dcca9e (Handle: 19): Nordic UART RX, uzunluk: 2
2026-01-21 19:24:56 - spektroskopi - INFO - Raspberry Pi verisi: Ham=2254, Voltaj=2254.000V
2026-01-21 19:24:56 - spektroskopi - INFO - Raspberry Pi verisi işlendi: SENSOR_2 = 2254.000V
2026-01-21 19:24:56 - spektroskopi - WARNING - Zaman sıralama düzeltildi (averaged): 2026-01-21 19:24:56.043209
2026-01-21 19:24:56 - spektroskopi - WARNING - Zaman sıralama düzeltildi (averaged): 2026-01-21 19:24:56.044209
2026-01-21 19:24:56 - spektroskopi - WARNING - Zaman sıralama düzeltildi (averaged): 2026-01-21 19:24:56.045209
2026-01-21 19:24:56 - spektroskopi - WARNING - Zaman sıralama düzeltildi (averaged): 2026-01-21 19:24:56.046209
2026-01-21 19:24:56 - spektroskopi - WARNING - Zaman sıralama düzeltildi (averaged): 2026-01-21 19:24:56.047209
2026-01-21 19:24:56 - spektroskopi - WARNING - RealTimePanel: UV_360nm raw data uzunluk uyumsuzluğu (timestamps: 66, data: 18)
2026-01-21 19:24:56 - spektroskopi - WARNING - RealTimePanel: UV_360nm calibrated data uzunluk uyumsuzluğu (timestamps: 66, data: 18)
2026-01-21 19:24:56 - spektroskopi - WARNING - RealTimePanel: Blue_450nm raw data uzunluk uyumsuzluğu (timestamps: 66, data: 16)
2026-01-21 19:24:56 - spektroskopi - WARNING - RealTimePanel: Blue_450nm calibrated data uzunluk uyumsuzluğu (timestamps: 66, data: 16)
2026-01-21 19:24:56 - spektroskopi - WARNING - RealTimePanel: IR_850nm raw data uzunluk uyumsuzluğu (timestamps: 66, data: 16)
2026-01-21 19:24:56 - spektroskopi - WARNING - RealTimePanel: IR_850nm calibrated data uzunluk uyumsuzluğu (timestamps: 66, data: 16)
2026-01-21 19:24:56 - spektroskopi - WARNING - RealTimePanel: IR_940nm raw data uzunluk uyumsuzluğu (timestamps: 66, data: 16)
2026-01-21 19:24:56 - spektroskopi - WARNING - RealTimePanel: IR_940nm calibrated data uzunluk uyumsuzluğu (timestamps: 66, data: 16)
2026-01-21 19:24:56 - spektroskopi - INFO - Raspberry Pi'dan veri alındı: 6e400005-b5a3-f393-e0a9-e50e24dcca9e (Handle: 16): Unknown, uzunluk: 2
2026-01-21 19:24:56 - spektroskopi - INFO - Raspberry Pi verisi: Ham=2069, Voltaj=2069.000V
2026-01-21 19:24:56 - spektroskopi - INFO - Raspberry Pi verisi işlendi: SENSOR_EXTRA = 2069.000V
2026-01-21 19:24:56 - spektroskopi - INFO - Raspberry Pi'dan veri alındı: 6e400004-b5a3-f393-e0a9-e50e24dcca9e (Handle: 11): Unknown, uzunluk: 2
2026-01-21 19:24:56 - spektroskopi - INFO - Raspberry Pi verisi: Ham=1393, Voltaj=1393.000V
2026-01-21 19:24:56 - spektroskopi - INFO - Raspberry Pi verisi işlendi: SENSOR_7 = 1393.000V
2026-01-21 19:24:56 - spektroskopi - INFO - Raspberry Pi'dan veri alındı: 6e400003-b5a3-f393-e0a9-e50e24dcca9e (Handle: 8): Nordic UART TX, uzunluk: 2
2026-01-21 19:24:56 - spektroskopi - INFO - Raspberry Pi verisi: Ham=944, Voltaj=944.000V
2026-01-21 19:24:56 - spektroskopi - INFO - Raspberry Pi verisi işlendi: SENSOR_5 = 944.000V
2026-01-21 19:24:56 - spektroskopi - INFO - Raspberry Pi'dan veri alındı: 6e400002-b5a3-f393-e0a9-e50e24dcca9e (Handle: 19): Nordic UART RX, uzunluk: 2
2026-01-21 19:24:56 - spektroskopi - INFO - Raspberry Pi verisi: Ham=2221, Voltaj=2221.000V
2026-01-21 19:24:56 - spektroskopi - INFO - Raspberry Pi verisi işlendi: SENSOR_2 = 2221.000V
2026-01-21 19:24:57 - spektroskopi - WARNING - Zaman sıralama düzeltildi (averaged): 2026-01-21 19:24:56.914393
2026-01-21 19:24:57 - spektroskopi - WARNING - Zaman sıralama düzeltildi (averaged): 2026-01-21 19:24:56.915393
2026-01-21 19:24:57 - spektroskopi - WARNING - Zaman sıralama düzeltildi (averaged): 2026-01-21 19:24:56.916393
2026-01-21 19:24:57 - spektroskopi - WARNING - Zaman sıralama düzeltildi (averaged): 2026-01-21 19:24:56.917393
2026-01-21 19:24:57 - spektroskopi - WARNING - RealTimePanel: UV_360nm raw data uzunluk uyumsuzluğu (timestamps: 74, data: 20)
2026-01-21 19:24:57 - spektroskopi - WARNING - RealTimePanel: UV_360nm calibrated data uzunluk uyumsuzluğu (timestamps: 74, data: 20)
2026-01-21 19:24:57 - spektroskopi - WARNING - RealTimePanel: Blue_450nm raw data uzunluk uyumsuzluğu (timestamps: 74, data: 18)
2026-01-21 19:24:57 - spektroskopi - WARNING - RealTimePanel: Blue_450nm calibrated data uzunluk uyumsuzluğu (timestamps: 74, data: 18)
2026-01-21 19:24:57 - spektroskopi - WARNING - RealTimePanel: IR_850nm raw data uzunluk uyumsuzluğu (timestamps: 74, data: 18)
2026-01-21 19:24:57 - spektroskopi - WARNING - RealTimePanel: IR_850nm calibrated data uzunluk uyumsuzluğu (timestamps: 74, data: 18)
2026-01-21 19:24:57 - spektroskopi - WARNING - RealTimePanel: IR_940nm raw data uzunluk uyumsuzluğu (timestamps: 74, data: 18)
2026-01-21 19:24:57 - spektroskopi - WARNING - RealTimePanel: IR_940nm calibrated data uzunluk uyumsuzluğu (timestamps: 74, data: 18)
2026-01-21 19:24:57 - spektroskopi - INFO - Raspberry Pi'dan veri alındı: 6e400005-b5a3-f393-e0a9-e50e24dcca9e (Handle: 16): Unknown, uzunluk: 2
2026-01-21 19:24:57 - spektroskopi - INFO - Raspberry Pi verisi: Ham=2018, Voltaj=2018.000V
2026-01-21 19:24:57 - spektroskopi - INFO - Raspberry Pi verisi işlendi: SENSOR_EXTRA = 2018.000V
2026-01-21 19:24:57 - spektroskopi - INFO - Raspberry Pi'dan veri alındı: 6e400004-b5a3-f393-e0a9-e50e24dcca9e (Handle: 11): Unknown, uzunluk: 2
2026-01-21 19:24:57 - spektroskopi - INFO - Raspberry Pi verisi: Ham=1403, Voltaj=1403.000V
2026-01-21 19:24:57 - spektroskopi - INFO - Raspberry Pi verisi işlendi: SENSOR_7 = 1403.000V
2026-01-21 19:24:57 - spektroskopi - INFO - Raspberry Pi'dan veri alındı: 6e400003-b5a3-f393-e0a9-e50e24dcca9e (Handle: 8): Nordic UART TX, uzunluk: 2
2026-01-21 19:24:57 - spektroskopi - INFO - Raspberry Pi verisi: Ham=946, Voltaj=946.000V
2026-01-21 19:24:57 - spektroskopi - INFO - Raspberry Pi verisi işlendi: SENSOR_5 = 946.000V
2026-01-21 19:24:57 - spektroskopi - INFO - Raspberry Pi'dan veri alındı: 6e400002-b5a3-f393-e0a9-e50e24dcca9e (Handle: 19): Nordic UART RX, uzunluk: 2
2026-01-21 19:24:57 - spektroskopi - INFO - Raspberry Pi verisi: Ham=2154, Voltaj=2154.000V
2026-01-21 19:24:57 - spektroskopi - INFO - Raspberry Pi verisi işlendi: SENSOR_2 = 2154.000V
2026-01-21 19:24:58 - spektroskopi - INFO - Raspberry Pi'dan veri alındı: 6e400005-b5a3-f393-e0a9-e50e24dcca9e (Handle: 16): Unknown, uzunluk: 2
2026-01-21 19:24:58 - spektroskopi - INFO - Raspberry Pi verisi: Ham=2042, Voltaj=2042.000V
2026-01-21 19:24:58 - spektroskopi - INFO - Raspberry Pi verisi işlendi: SENSOR_EXTRA = 2042.000V
2026-01-21 19:24:58 - spektroskopi - WARNING - Zaman sıralama düzeltildi (averaged): 2026-01-21 19:24:58.053159
2026-01-21 19:24:58 - spektroskopi - WARNING - Zaman sıralama düzeltildi (averaged): 2026-01-21 19:24:58.054159
2026-01-21 19:24:58 - spektroskopi - WARNING - Zaman sıralama düzeltildi (averaged): 2026-01-21 19:24:58.055159
2026-01-21 19:24:58 - spektroskopi - WARNING - Zaman sıralama düzeltildi (averaged): 2026-01-21 19:24:58.056159
2026-01-21 19:24:58 - spektroskopi - WARNING - Zaman sıralama düzeltildi (averaged): 2026-01-21 19:24:58.057159
2026-01-21 19:24:58 - spektroskopi - WARNING - RealTimePanel: UV_360nm raw data uzunluk uyumsuzluğu (timestamps: 84, data: 22)
2026-01-21 19:24:58 - spektroskopi - WARNING - RealTimePanel: UV_360nm calibrated data uzunluk uyumsuzluğu (timestamps: 84, data: 22)
2026-01-21 19:24:58 - spektroskopi - WARNING - RealTimePanel: Blue_450nm raw data uzunluk uyumsuzluğu (timestamps: 84, data: 22)
2026-01-21 19:24:58 - spektroskopi - WARNING - RealTimePanel: Blue_450nm calibrated data uzunluk uyumsuzluğu (timestamps: 84, data: 22)
2026-01-21 19:24:58 - spektroskopi - WARNING - RealTimePanel: IR_850nm raw data uzunluk uyumsuzluğu (timestamps: 84, data: 20)
2026-01-21 19:24:58 - spektroskopi - WARNING - RealTimePanel: IR_850nm calibrated data uzunluk uyumsuzluğu (timestamps: 84, data: 20)
2026-01-21 19:24:58 - spektroskopi - WARNING - RealTimePanel: IR_940nm raw data uzunluk uyumsuzluğu (timestamps: 84, data: 20)
2026-01-21 19:24:58 - spektroskopi - WARNING - RealTimePanel: IR_940nm calibrated data uzunluk uyumsuzluğu (timestamps: 84, data: 20)
2026-01-21 19:24:58 - spektroskopi - INFO - Raspberry Pi'dan veri alındı: 6e400004-b5a3-f393-e0a9-e50e24dcca9e (Handle: 11): Unknown, uzunluk: 2
2026-01-21 19:24:58 - spektroskopi - INFO - Raspberry Pi verisi: Ham=1428, Voltaj=1428.000V
2026-01-21 19:24:58 - spektroskopi - INFO - Raspberry Pi verisi işlendi: SENSOR_7 = 1428.000V
2026-01-21 19:24:58 - spektroskopi - INFO - Raspberry Pi'dan veri alındı: 6e400003-b5a3-f393-e0a9-e50e24dcca9e (Handle: 8): Nordic UART TX, uzunluk: 2
2026-01-21 19:24:58 - spektroskopi - INFO - Raspberry Pi verisi: Ham=955, Voltaj=955.000V
2026-01-21 19:24:58 - spektroskopi - INFO - Raspberry Pi verisi işlendi: SENSOR_5 = 955.000V
2026-01-21 19:24:58 - spektroskopi - INFO - Raspberry Pi'dan veri alındı: 6e400002-b5a3-f393-e0a9-e50e24dcca9e (Handle: 19): Nordic UART RX, uzunluk: 2
2026-01-21 19:24:58 - spektroskopi - INFO - Raspberry Pi verisi: Ham=2176, Voltaj=2176.000V
2026-01-21 19:24:58 - spektroskopi - INFO - Raspberry Pi verisi işlendi: SENSOR_2 = 2176.000V
2026-01-21 19:24:58 - spektroskopi - INFO - Raspberry Pi'dan veri alındı: 6e400005-b5a3-f393-e0a9-e50e24dcca9e (Handle: 16): Unknown, uzunluk: 2
2026-01-21 19:24:58 - spektroskopi - INFO - Raspberry Pi verisi: Ham=1833, Voltaj=1833.000V
2026-01-21 19:24:58 - spektroskopi - INFO - Raspberry Pi verisi işlendi: SENSOR_EXTRA = 1833.000V
2026-01-21 19:24:59 - spektroskopi - WARNING - Zaman sıralama düzeltildi (averaged): 2026-01-21 19:24:58.923239
2026-01-21 19:24:59 - spektroskopi - WARNING - Zaman sıralama düzeltildi (averaged): 2026-01-21 19:24:58.924239
2026-01-21 19:24:59 - spektroskopi - WARNING - Zaman sıralama düzeltildi (averaged): 2026-01-21 19:24:58.925239
2026-01-21 19:24:59 - spektroskopi - WARNING - Zaman sıralama düzeltildi (averaged): 2026-01-21 19:24:58.926239
2026-01-21 19:24:59 - spektroskopi - WARNING - RealTimePanel: UV_360nm raw data uzunluk uyumsuzluğu (timestamps: 92, data: 24)
2026-01-21 19:24:59 - spektroskopi - WARNING - RealTimePanel: UV_360nm calibrated data uzunluk uyumsuzluğu (timestamps: 92, data: 24)
2026-01-21 19:24:59 - spektroskopi - WARNING - RealTimePanel: Blue_450nm raw data uzunluk uyumsuzluğu (timestamps: 92, data: 24)
2026-01-21 19:24:59 - spektroskopi - WARNING - RealTimePanel: Blue_450nm calibrated data uzunluk uyumsuzluğu (timestamps: 92, data: 24)
2026-01-21 19:24:59 - spektroskopi - WARNING - RealTimePanel: IR_850nm raw data uzunluk uyumsuzluğu (timestamps: 92, data: 22)
2026-01-21 19:24:59 - spektroskopi - WARNING - RealTimePanel: IR_850nm calibrated data uzunluk uyumsuzluğu (timestamps: 92, data: 22)
2026-01-21 19:24:59 - spektroskopi - WARNING - RealTimePanel: IR_940nm raw data uzunluk uyumsuzluğu (timestamps: 92, data: 22)
2026-01-21 19:24:59 - spektroskopi - WARNING - RealTimePanel: IR_940nm calibrated data uzunluk uyumsuzluğu (timestamps: 92, data: 22)
2026-01-21 19:24:59 - spektroskopi - INFO - Raspberry Pi'dan veri alındı: 6e400004-b5a3-f393-e0a9-e50e24dcca9e (Handle: 11): Unknown, uzunluk: 2
2026-01-21 19:24:59 - spektroskopi - INFO - Raspberry Pi verisi: Ham=1422, Voltaj=1422.000V
2026-01-21 19:24:59 - spektroskopi - INFO - Raspberry Pi verisi işlendi: SENSOR_7 = 1422.000V
2026-01-21 19:24:59 - spektroskopi - INFO - Raspberry Pi'dan veri alındı: 6e400003-b5a3-f393-e0a9-e50e24dcca9e (Handle: 8): Nordic UART TX, uzunluk: 2
2026-01-21 19:24:59 - spektroskopi - INFO - Raspberry Pi verisi: Ham=986, Voltaj=986.000V
2026-01-21 19:24:59 - spektroskopi - INFO - Raspberry Pi verisi işlendi: SENSOR_5 = 986.000V
2026-01-21 19:24:59 - spektroskopi - INFO - Raspberry Pi'dan veri alındı: 6e400002-b5a3-f393-e0a9-e50e24dcca9e (Handle: 19): Nordic UART RX, uzunluk: 2
2026-01-21 19:24:59 - spektroskopi - INFO - Raspberry Pi verisi: Ham=2426, Voltaj=2426.000V
2026-01-21 19:24:59 - spektroskopi - INFO - Raspberry Pi verisi işlendi: SENSOR_2 = 2426.000V
2026-01-21 19:24:59 - spektroskopi - INFO - Raspberry Pi'dan veri alındı: 6e400005-b5a3-f393-e0a9-e50e24dcca9e (Handle: 16): Unknown, uzunluk: 2
2026-01-21 19:24:59 - spektroskopi - INFO - Raspberry Pi verisi: Ham=2313, Voltaj=2313.000V
2026-01-21 19:24:59 - spektroskopi - INFO - Raspberry Pi verisi işlendi: SENSOR_EXTRA = 2313.000V
2026-01-21 19:25:00 - spektroskopi - INFO - Raspberry Pi'dan veri alındı: 6e400004-b5a3-f393-e0a9-e50e24dcca9e (Handle: 11): Unknown, uzunluk: 2
2026-01-21 19:25:00 - spektroskopi - INFO - Raspberry Pi verisi: Ham=1438, Voltaj=1438.000V
2026-01-21 19:25:00 - spektroskopi - INFO - Raspberry Pi verisi işlendi: SENSOR_7 = 1438.000V
2026-01-21 19:25:00 - spektroskopi - WARNING - Zaman sıralama düzeltildi (averaged): 2026-01-21 19:25:00.063020
2026-01-21 19:25:00 - spektroskopi - WARNING - Zaman sıralama düzeltildi (averaged): 2026-01-21 19:25:00.064020
2026-01-21 19:25:00 - spektroskopi - WARNING - Zaman sıralama düzeltildi (averaged): 2026-01-21 19:25:00.065020
2026-01-21 19:25:00 - spektroskopi - WARNING - Zaman sıralama düzeltildi (averaged): 2026-01-21 19:25:00.066020
2026-01-21 19:25:00 - spektroskopi - WARNING - Zaman sıralama düzeltildi (averaged): 2026-01-21 19:25:00.067020
2026-01-21 19:25:00 - spektroskopi - WARNING - RealTimePanel: UV_360nm raw data uzunluk uyumsuzluğu (timestamps: 102, data: 26)
2026-01-21 19:25:00 - spektroskopi - WARNING - RealTimePanel: UV_360nm calibrated data uzunluk uyumsuzluğu (timestamps: 102, data: 26)
2026-01-21 19:25:00 - spektroskopi - WARNING - RealTimePanel: Blue_450nm raw data uzunluk uyumsuzluğu (timestamps: 102, data: 26)
2026-01-21 19:25:00 - spektroskopi - WARNING - RealTimePanel: Blue_450nm calibrated data uzunluk uyumsuzluğu (timestamps: 102, data: 26)
2026-01-21 19:25:00 - spektroskopi - WARNING - RealTimePanel: IR_850nm raw data uzunluk uyumsuzluğu (timestamps: 102, data: 26)
2026-01-21 19:25:00 - spektroskopi - WARNING - RealTimePanel: IR_850nm calibrated data uzunluk uyumsuzluğu (timestamps: 102, data: 26)
2026-01-21 19:25:00 - spektroskopi - WARNING - RealTimePanel: IR_940nm raw data uzunluk uyumsuzluğu (timestamps: 102, data: 24)
2026-01-21 19:25:00 - spektroskopi - WARNING - RealTimePanel: IR_940nm calibrated data uzunluk uyumsuzluğu (timestamps: 102, data: 24)
2026-01-21 19:25:00 - spektroskopi - INFO - Raspberry Pi'dan veri alındı: 6e400003-b5a3-f393-e0a9-e50e24dcca9e (Handle: 8): Nordic UART TX, uzunluk: 2
2026-01-21 19:25:00 - spektroskopi - INFO - Raspberry Pi verisi: Ham=957, Voltaj=957.000V
2026-01-21 19:25:00 - spektroskopi - INFO - Raspberry Pi verisi işlendi: SENSOR_5 = 957.000V
2026-01-21 19:25:00 - spektroskopi - INFO - Raspberry Pi'dan veri alındı: 6e400002-b5a3-f393-e0a9-e50e24dcca9e (Handle: 19): Nordic UART RX, uzunluk: 2
2026-01-21 19:25:00 - spektroskopi - INFO - Raspberry Pi verisi: Ham=2202, Voltaj=2202.000V
2026-01-21 19:25:00 - spektroskopi - INFO - Raspberry Pi verisi işlendi: SENSOR_2 = 2202.000V
2026-01-21 19:25:00 - spektroskopi - INFO - Raspberry Pi'dan veri alındı: 6e400005-b5a3-f393-e0a9-e50e24dcca9e (Handle: 16): Unknown, uzunluk: 2
2026-01-21 19:25:00 - spektroskopi - INFO - Raspberry Pi verisi: Ham=2038, Voltaj=2038.000V
2026-01-21 19:25:00 - spektroskopi - INFO - Raspberry Pi verisi işlendi: SENSOR_EXTRA = 2038.000V
2026-01-21 19:25:00 - spektroskopi - INFO - Raspberry Pi'dan veri alındı: 6e400004-b5a3-f393-e0a9-e50e24dcca9e (Handle: 11): Unknown, uzunluk: 2
2026-01-21 19:25:00 - spektroskopi - INFO - Raspberry Pi verisi: Ham=1434, Voltaj=1434.000V
2026-01-21 19:25:00 - spektroskopi - INFO - Raspberry Pi verisi işlendi: SENSOR_7 = 1434.000V
2026-01-21 19:25:01 - spektroskopi - WARNING - Zaman sıralama düzeltildi (averaged): 2026-01-21 19:25:00.963362
2026-01-21 19:25:01 - spektroskopi - WARNING - Zaman sıralama düzeltildi (averaged): 2026-01-21 19:25:00.964362
2026-01-21 19:25:01 - spektroskopi - WARNING - Zaman sıralama düzeltildi (averaged): 2026-01-21 19:25:00.965362
2026-01-21 19:25:01 - spektroskopi - WARNING - Zaman sıralama düzeltildi (averaged): 2026-01-21 19:25:00.966362
2026-01-21 19:25:01 - spektroskopi - WARNING - RealTimePanel: UV_360nm raw data uzunluk uyumsuzluğu (timestamps: 110, data: 28)
2026-01-21 19:25:01 - spektroskopi - WARNING - RealTimePanel: UV_360nm calibrated data uzunluk uyumsuzluğu (timestamps: 110, data: 28)
2026-01-21 19:25:01 - spektroskopi - WARNING - RealTimePanel: Blue_450nm raw data uzunluk uyumsuzluğu (timestamps: 110, data: 28)
2026-01-21 19:25:01 - spektroskopi - WARNING - RealTimePanel: Blue_450nm calibrated data uzunluk uyumsuzluğu (timestamps: 110, data: 28)
2026-01-21 19:25:01 - spektroskopi - WARNING - RealTimePanel: IR_850nm raw data uzunluk uyumsuzluğu (timestamps: 110, data: 28)
2026-01-21 19:25:01 - spektroskopi - WARNING - RealTimePanel: IR_850nm calibrated data uzunluk uyumsuzluğu (timestamps: 110, data: 28)
2026-01-21 19:25:01 - spektroskopi - WARNING - RealTimePanel: IR_940nm raw data uzunluk uyumsuzluğu (timestamps: 110, data: 26)
2026-01-21 19:25:01 - spektroskopi - WARNING - RealTimePanel: IR_940nm calibrated data uzunluk uyumsuzluğu (timestamps: 110, data: 26)
2026-01-21 19:25:01 - spektroskopi - INFO - Raspberry Pi'dan veri alındı: 6e400003-b5a3-f393-e0a9-e50e24dcca9e (Handle: 8): Nordic UART TX, uzunluk: 2
2026-01-21 19:25:01 - spektroskopi - INFO - Raspberry Pi verisi: Ham=968, Voltaj=968.000V
2026-01-21 19:25:01 - spektroskopi - INFO - Raspberry Pi verisi işlendi: SENSOR_5 = 968.000V
2026-01-21 19:25:01 - spektroskopi - INFO - Raspberry Pi'dan veri alındı: 6e400002-b5a3-f393-e0a9-e50e24dcca9e (Handle: 19): Nordic UART RX, uzunluk: 2
2026-01-21 19:25:01 - spektroskopi - INFO - Raspberry Pi verisi: Ham=2286, Voltaj=2286.000V
2026-01-21 19:25:01 - spektroskopi - INFO - Raspberry Pi verisi işlendi: SENSOR_2 = 2286.000V
2026-01-21 19:25:01 - spektroskopi - INFO - Raspberry Pi'dan veri alındı: 6e400005-b5a3-f393-e0a9-e50e24dcca9e (Handle: 16): Unknown, uzunluk: 2
2026-01-21 19:25:01 - spektroskopi - INFO - Raspberry Pi verisi: Ham=2004, Voltaj=2004.000V
2026-01-21 19:25:01 - spektroskopi - INFO - Raspberry Pi verisi işlendi: SENSOR_EXTRA = 2004.000V
2026-01-21 19:25:01 - spektroskopi - INFO - Raspberry Pi'dan veri alındı: 6e400004-b5a3-f393-e0a9-e50e24dcca9e (Handle: 11): Unknown, uzunluk: 2
2026-01-21 19:25:01 - spektroskopi - INFO - Raspberry Pi verisi: Ham=1441, Voltaj=1441.000V
2026-01-21 19:25:01 - spektroskopi - INFO - Raspberry Pi verisi işlendi: SENSOR_7 = 1441.000V
2026-01-21 19:25:02 - spektroskopi - INFO - Raspberry Pi'dan veri alındı: 6e400003-b5a3-f393-e0a9-e50e24dcca9e (Handle: 8): Nordic UART TX, uzunluk: 2
2026-01-21 19:25:02 - spektroskopi - INFO - Raspberry Pi verisi: Ham=974, Voltaj=974.000V
2026-01-21 19:25:02 - spektroskopi - INFO - Raspberry Pi verisi işlendi: SENSOR_5 = 974.000V
2026-01-21 19:25:02 - spektroskopi - WARNING - Zaman sıralama düzeltildi (averaged): 2026-01-21 19:25:02.074046
2026-01-21 19:25:02 - spektroskopi - WARNING - Zaman sıralama düzeltildi (averaged): 2026-01-21 19:25:02.075046
2026-01-21 19:25:02 - spektroskopi - WARNING - Zaman sıralama düzeltildi (averaged): 2026-01-21 19:25:02.076046
2026-01-21 19:25:02 - spektroskopi - WARNING - Zaman sıralama düzeltildi (averaged): 2026-01-21 19:25:02.077046
2026-01-21 19:25:02 - spektroskopi - WARNING - Zaman sıralama düzeltildi (averaged): 2026-01-21 19:25:02.078046
2026-01-21 19:25:02 - spektroskopi - WARNING - RealTimePanel: UV_360nm raw data uzunluk uyumsuzluğu (timestamps: 120, data: 30)
2026-01-21 19:25:02 - spektroskopi - WARNING - RealTimePanel: UV_360nm calibrated data uzunluk uyumsuzluğu (timestamps: 120, data: 30)
2026-01-21 19:25:02 - spektroskopi - WARNING - RealTimePanel: Blue_450nm raw data uzunluk uyumsuzluğu (timestamps: 120, data: 30)
2026-01-21 19:25:02 - spektroskopi - WARNING - RealTimePanel: Blue_450nm calibrated data uzunluk uyumsuzluğu (timestamps: 120, data: 30)
2026-01-21 19:25:02 - spektroskopi - WARNING - RealTimePanel: IR_850nm raw data uzunluk uyumsuzluğu (timestamps: 120, data: 30)
2026-01-21 19:25:02 - spektroskopi - WARNING - RealTimePanel: IR_850nm calibrated data uzunluk uyumsuzluğu (timestamps: 120, data: 30)
2026-01-21 19:25:02 - spektroskopi - WARNING - RealTimePanel: IR_940nm raw data uzunluk uyumsuzluğu (timestamps: 120, data: 30)
2026-01-21 19:25:02 - spektroskopi - WARNING - RealTimePanel: IR_940nm calibrated data uzunluk uyumsuzluğu (timestamps: 120, data: 30)
2026-01-21 19:25:02 - spektroskopi - INFO - Raspberry Pi'dan veri alındı: 6e400002-b5a3-f393-e0a9-e50e24dcca9e (Handle: 19): Nordic UART RX, uzunluk: 2
2026-01-21 19:25:02 - spektroskopi - INFO - Raspberry Pi verisi: Ham=2174, Voltaj=2174.000V
2026-01-21 19:25:02 - spektroskopi - INFO - Raspberry Pi verisi işlendi: SENSOR_2 = 2174.000V
2026-01-21 19:25:02 - spektroskopi - INFO - Raspberry Pi'dan veri alındı: 6e400005-b5a3-f393-e0a9-e50e24dcca9e (Handle: 16): Unknown, uzunluk: 2
2026-01-21 19:25:02 - spektroskopi - INFO - Raspberry Pi verisi: Ham=2029, Voltaj=2029.000V
2026-01-21 19:25:02 - spektroskopi - INFO - Raspberry Pi verisi işlendi: SENSOR_EXTRA = 2029.000V
2026-01-21 19:25:02 - spektroskopi - INFO - Raspberry Pi'dan veri alındı: 6e400004-b5a3-f393-e0a9-e50e24dcca9e (Handle: 11): Unknown, uzunluk: 2
2026-01-21 19:25:02 - spektroskopi - INFO - Raspberry Pi verisi: Ham=1436, Voltaj=1436.000V
2026-01-21 19:25:02 - spektroskopi - INFO - Raspberry Pi verisi işlendi: SENSOR_7 = 1436.000V
2026-01-21 19:25:02 - spektroskopi - INFO - Raspberry Pi'dan veri alındı: 6e400003-b5a3-f393-e0a9-e50e24dcca9e (Handle: 8): Nordic UART TX, uzunluk: 2
2026-01-21 19:25:02 - spektroskopi - INFO - Raspberry Pi verisi: Ham=965, Voltaj=965.000V
2026-01-21 19:25:02 - spektroskopi - INFO - Raspberry Pi verisi işlendi: SENSOR_5 = 965.000V
2026-01-21 19:25:03 - spektroskopi - INFO - Raspberry Pi'dan veri alındı: 6e400002-b5a3-f393-e0a9-e50e24dcca9e (Handle: 19): Nordic UART RX, uzunluk: 2
2026-01-21 19:25:03 - spektroskopi - INFO - Raspberry Pi verisi: Ham=2217, Voltaj=2217.000V
2026-01-21 19:25:03 - spektroskopi - INFO - Raspberry Pi verisi işlendi: SENSOR_2 = 2217.000V
2026-01-21 19:25:03 - spektroskopi - WARNING - Zaman sıralama düzeltildi (averaged): 2026-01-21 19:25:03.063240
2026-01-21 19:25:03 - spektroskopi - WARNING - Zaman sıralama düzeltildi (averaged): 2026-01-21 19:25:03.064240
2026-01-21 19:25:03 - spektroskopi - WARNING - Zaman sıralama düzeltildi (averaged): 2026-01-21 19:25:03.065240
2026-01-21 19:25:03 - spektroskopi - WARNING - Zaman sıralama düzeltildi (averaged): 2026-01-21 19:25:03.066240
2026-01-21 19:25:03 - spektroskopi - WARNING - Zaman sıralama düzeltildi (averaged): 2026-01-21 19:25:03.067240
2026-01-21 19:25:03 - spektroskopi - WARNING - RealTimePanel: UV_360nm raw data uzunluk uyumsuzluğu (timestamps: 130, data: 34)
2026-01-21 19:25:03 - spektroskopi - WARNING - RealTimePanel: UV_360nm calibrated data uzunluk uyumsuzluğu (timestamps: 130, data: 34)
2026-01-21 19:25:03 - spektroskopi - WARNING - RealTimePanel: Blue_450nm raw data uzunluk uyumsuzluğu (timestamps: 130, data: 32)
2026-01-21 19:25:03 - spektroskopi - WARNING - RealTimePanel: Blue_450nm calibrated data uzunluk uyumsuzluğu (timestamps: 130, data: 32)
2026-01-21 19:25:03 - spektroskopi - WARNING - RealTimePanel: IR_850nm raw data uzunluk uyumsuzluğu (timestamps: 130, data: 32)
2026-01-21 19:25:03 - spektroskopi - WARNING - RealTimePanel: IR_850nm calibrated data uzunluk uyumsuzluğu (timestamps: 130, data: 32)
2026-01-21 19:25:03 - spektroskopi - WARNING - RealTimePanel: IR_940nm raw data uzunluk uyumsuzluğu (timestamps: 130, data: 32)
2026-01-21 19:25:03 - spektroskopi - WARNING - RealTimePanel: IR_940nm calibrated data uzunluk uyumsuzluğu (timestamps: 130, data: 32)
2026-01-21 19:25:03 - spektroskopi - INFO - Raspberry Pi'dan veri alındı: 6e400005-b5a3-f393-e0a9-e50e24dcca9e (Handle: 16): Unknown, uzunluk: 2
2026-01-21 19:25:03 - spektroskopi - INFO - Raspberry Pi verisi: Ham=2000, Voltaj=2000.000V
2026-01-21 19:25:03 - spektroskopi - INFO - Raspberry Pi verisi işlendi: SENSOR_EXTRA = 2000.000V
2026-01-21 19:25:03 - spektroskopi - INFO - Raspberry Pi'dan veri alındı: 6e400004-b5a3-f393-e0a9-e50e24dcca9e (Handle: 11): Unknown, uzunluk: 2
2026-01-21 19:25:03 - spektroskopi - INFO - Raspberry Pi verisi: Ham=1441, Voltaj=1441.000V
2026-01-21 19:25:03 - spektroskopi - INFO - Raspberry Pi verisi işlendi: SENSOR_7 = 1441.000V
2026-01-21 19:25:03 - spektroskopi - INFO - Raspberry Pi'dan veri alındı: 6e400003-b5a3-f393-e0a9-e50e24dcca9e (Handle: 8): Nordic UART TX, uzunluk: 2
2026-01-21 19:25:03 - spektroskopi - INFO - Raspberry Pi verisi: Ham=969, Voltaj=969.000V
2026-01-21 19:25:03 - spektroskopi - INFO - Raspberry Pi verisi işlendi: SENSOR_5 = 969.000V
2026-01-21 19:25:03 - spektroskopi - INFO - Raspberry Pi'dan veri alındı: 6e400002-b5a3-f393-e0a9-e50e24dcca9e (Handle: 19): Nordic UART RX, uzunluk: 2
2026-01-21 19:25:03 - spektroskopi - INFO - Raspberry Pi verisi: Ham=2179, Voltaj=2179.000V
2026-01-21 19:25:03 - spektroskopi - INFO - Raspberry Pi verisi işlendi: SENSOR_2 = 2179.000V
2026-01-21 19:25:04 - spektroskopi - WARNING - Zaman sıralama düzeltildi (averaged): 2026-01-21 19:25:03.965111
2026-01-21 19:25:04 - spektroskopi - WARNING - Zaman sıralama düzeltildi (averaged): 2026-01-21 19:25:03.966111
2026-01-21 19:25:04 - spektroskopi - WARNING - Zaman sıralama düzeltildi (averaged): 2026-01-21 19:25:03.967111
2026-01-21 19:25:04 - spektroskopi - WARNING - Zaman sıralama düzeltildi (averaged): 2026-01-21 19:25:03.968111
2026-01-21 19:25:04 - spektroskopi - WARNING - RealTimePanel: UV_360nm raw data uzunluk uyumsuzluğu (timestamps: 138, data: 36)
2026-01-21 19:25:04 - spektroskopi - WARNING - RealTimePanel: UV_360nm calibrated data uzunluk uyumsuzluğu (timestamps: 138, data: 36)
2026-01-21 19:25:04 - spektroskopi - WARNING - RealTimePanel: Blue_450nm raw data uzunluk uyumsuzluğu (timestamps: 138, data: 34)
2026-01-21 19:25:04 - spektroskopi - WARNING - RealTimePanel: Blue_450nm calibrated data uzunluk uyumsuzluğu (timestamps: 138, data: 34)
2026-01-21 19:25:04 - spektroskopi - WARNING - RealTimePanel: IR_850nm raw data uzunluk uyumsuzluğu (timestamps: 138, data: 34)
2026-01-21 19:25:04 - spektroskopi - WARNING - RealTimePanel: IR_850nm calibrated data uzunluk uyumsuzluğu (timestamps: 138, data: 34)
2026-01-21 19:25:04 - spektroskopi - WARNING - RealTimePanel: IR_940nm raw data uzunluk uyumsuzluğu (timestamps: 138, data: 34)
2026-01-21 19:25:04 - spektroskopi - WARNING - RealTimePanel: IR_940nm calibrated data uzunluk uyumsuzluğu (timestamps: 138, data: 34)
2026-01-21 19:25:04 - spektroskopi - INFO - Raspberry Pi'dan veri alındı: 6e400005-b5a3-f393-e0a9-e50e24dcca9e (Handle: 16): Unknown, uzunluk: 2
2026-01-21 19:25:04 - spektroskopi - INFO - Raspberry Pi verisi: Ham=2032, Voltaj=2032.000V
2026-01-21 19:25:04 - spektroskopi - INFO - Raspberry Pi verisi işlendi: SENSOR_EXTRA = 2032.000V
2026-01-21 19:25:04 - spektroskopi - INFO - Raspberry Pi'dan veri alındı: 6e400004-b5a3-f393-e0a9-e50e24dcca9e (Handle: 11): Unknown, uzunluk: 2
2026-01-21 19:25:04 - spektroskopi - INFO - Raspberry Pi verisi: Ham=1441, Voltaj=1441.000V
2026-01-21 19:25:04 - spektroskopi - INFO - Raspberry Pi verisi işlendi: SENSOR_7 = 1441.000V
2026-01-21 19:25:04 - spektroskopi - INFO - Raspberry Pi'dan veri alındı: 6e400003-b5a3-f393-e0a9-e50e24dcca9e (Handle: 8): Nordic UART TX, uzunluk: 2
2026-01-21 19:25:04 - spektroskopi - INFO - Raspberry Pi verisi: Ham=969, Voltaj=969.000V
2026-01-21 19:25:04 - spektroskopi - INFO - Raspberry Pi verisi işlendi: SENSOR_5 = 969.000V
2026-01-21 19:25:04 - spektroskopi - INFO - Raspberry Pi'dan veri alındı: 6e400002-b5a3-f393-e0a9-e50e24dcca9e (Handle: 19): Nordic UART RX, uzunluk: 2
2026-01-21 19:25:04 - spektroskopi - INFO - Raspberry Pi verisi: Ham=2259, Voltaj=2259.000V
2026-01-21 19:25:04 - spektroskopi - INFO - Raspberry Pi verisi işlendi: SENSOR_2 = 2259.000V
2026-01-21 19:25:05 - spektroskopi - INFO - Raspberry Pi'dan veri alındı: 6e400005-b5a3-f393-e0a9-e50e24dcca9e (Handle: 16): Unknown, uzunluk: 2
2026-01-21 19:25:05 - spektroskopi - INFO - Raspberry Pi verisi: Ham=2015, Voltaj=2015.000V
2026-01-21 19:25:05 - spektroskopi - INFO - Raspberry Pi verisi işlendi: SENSOR_EXTRA = 2015.000V
2026-01-21 19:25:05 - spektroskopi - WARNING - Zaman sıralama düzeltildi (averaged): 2026-01-21 19:25:05.103226
2026-01-21 19:25:05 - spektroskopi - WARNING - Zaman sıralama düzeltildi (averaged): 2026-01-21 19:25:05.104226
2026-01-21 19:25:05 - spektroskopi - WARNING - Zaman sıralama düzeltildi (averaged): 2026-01-21 19:25:05.105226
2026-01-21 19:25:05 - spektroskopi - WARNING - Zaman sıralama düzeltildi (averaged): 2026-01-21 19:25:05.106226
2026-01-21 19:25:05 - spektroskopi - WARNING - Zaman sıralama düzeltildi (averaged): 2026-01-21 19:25:05.107226
2026-01-21 19:25:05 - spektroskopi - WARNING - RealTimePanel: UV_360nm raw data uzunluk uyumsuzluğu (timestamps: 148, data: 38)
2026-01-21 19:25:05 - spektroskopi - WARNING - RealTimePanel: UV_360nm calibrated data uzunluk uyumsuzluğu (timestamps: 148, data: 38)
2026-01-21 19:25:05 - spektroskopi - WARNING - RealTimePanel: Blue_450nm raw data uzunluk uyumsuzluğu (timestamps: 148, data: 38)
2026-01-21 19:25:05 - spektroskopi - WARNING - RealTimePanel: Blue_450nm calibrated data uzunluk uyumsuzluğu (timestamps: 148, data: 38)
2026-01-21 19:25:05 - spektroskopi - WARNING - RealTimePanel: IR_850nm raw data uzunluk uyumsuzluğu (timestamps: 148, data: 36)
2026-01-21 19:25:05 - spektroskopi - WARNING - RealTimePanel: IR_850nm calibrated data uzunluk uyumsuzluğu (timestamps: 148, data: 36)
2026-01-21 19:25:05 - spektroskopi - WARNING - RealTimePanel: IR_940nm raw data uzunluk uyumsuzluğu (timestamps: 148, data: 36)
2026-01-21 19:25:05 - spektroskopi - WARNING - RealTimePanel: IR_940nm calibrated data uzunluk uyumsuzluğu (timestamps: 148, data: 36)
2026-01-21 19:25:05 - spektroskopi - INFO - Raspberry Pi'dan veri alındı: 6e400004-b5a3-f393-e0a9-e50e24dcca9e (Handle: 11): Unknown, uzunluk: 2
2026-01-21 19:25:05 - spektroskopi - INFO - Raspberry Pi verisi: Ham=1444, Voltaj=1444.000V
2026-01-21 19:25:05 - spektroskopi - INFO - Raspberry Pi verisi işlendi: SENSOR_7 = 1444.000V
2026-01-21 19:25:05 - spektroskopi - INFO - Raspberry Pi'dan veri alındı: 6e400003-b5a3-f393-e0a9-e50e24dcca9e (Handle: 8): Nordic UART TX, uzunluk: 2
2026-01-21 19:25:05 - spektroskopi - INFO - Raspberry Pi verisi: Ham=969, Voltaj=969.000V
2026-01-21 19:25:05 - spektroskopi - INFO - Raspberry Pi verisi işlendi: SENSOR_5 = 969.000V
2026-01-21 19:25:05 - spektroskopi - INFO - Raspberry Pi'dan veri alındı: 6e400002-b5a3-f393-e0a9-e50e24dcca9e (Handle: 19): Nordic UART RX, uzunluk: 2
2026-01-21 19:25:05 - spektroskopi - INFO - Raspberry Pi verisi: Ham=2148, Voltaj=2148.000V
2026-01-21 19:25:05 - spektroskopi - INFO - Raspberry Pi verisi işlendi: SENSOR_2 = 2148.000V
2026-01-21 19:25:05 - spektroskopi - INFO - Raspberry Pi'dan veri alındı: 6e400005-b5a3-f393-e0a9-e50e24dcca9e (Handle: 16): Unknown, uzunluk: 2
2026-01-21 19:25:05 - spektroskopi - INFO - Raspberry Pi verisi: Ham=1971, Voltaj=1971.000V
2026-01-21 19:25:05 - spektroskopi - INFO - Raspberry Pi verisi işlendi: SENSOR_EXTRA = 1971.000V
2026-01-21 19:25:06 - spektroskopi - WARNING - Zaman sıralama düzeltildi (averaged): 2026-01-21 19:25:05.973220
2026-01-21 19:25:06 - spektroskopi - WARNING - Zaman sıralama düzeltildi (averaged): 2026-01-21 19:25:05.974220
2026-01-21 19:25:06 - spektroskopi - WARNING - Zaman sıralama düzeltildi (averaged): 2026-01-21 19:25:05.975220
2026-01-21 19:25:06 - spektroskopi - WARNING - Zaman sıralama düzeltildi (averaged): 2026-01-21 19:25:05.976220
2026-01-21 19:25:06 - spektroskopi - WARNING - RealTimePanel: UV_360nm raw data uzunluk uyumsuzluğu (timestamps: 156, data: 40)
2026-01-21 19:25:06 - spektroskopi - WARNING - RealTimePanel: UV_360nm calibrated data uzunluk uyumsuzluğu (timestamps: 156, data: 40)
2026-01-21 19:25:06 - spektroskopi - WARNING - RealTimePanel: Blue_450nm raw data uzunluk uyumsuzluğu (timestamps: 156, data: 40)
2026-01-21 19:25:06 - spektroskopi - WARNING - RealTimePanel: Blue_450nm calibrated data uzunluk uyumsuzluğu (timestamps: 156, data: 40)
2026-01-21 19:25:06 - spektroskopi - WARNING - RealTimePanel: IR_850nm raw data uzunluk uyumsuzluğu (timestamps: 156, data: 38)
2026-01-21 19:25:06 - spektroskopi - WARNING - RealTimePanel: IR_850nm calibrated data uzunluk uyumsuzluğu (timestamps: 156, data: 38)
2026-01-21 19:25:06 - spektroskopi - WARNING - RealTimePanel: IR_940nm raw data uzunluk uyumsuzluğu (timestamps: 156, data: 38)
2026-01-21 19:25:06 - spektroskopi - WARNING - RealTimePanel: IR_940nm calibrated data uzunluk uyumsuzluğu (timestamps: 156, data: 38)
2026-01-21 19:25:06 - spektroskopi - INFO - Raspberry Pi'dan veri alındı: 6e400004-b5a3-f393-e0a9-e50e24dcca9e (Handle: 11): Unknown, uzunluk: 2
2026-01-21 19:25:06 - spektroskopi - INFO - Raspberry Pi verisi: Ham=1442, Voltaj=1442.000V
2026-01-21 19:25:06 - spektroskopi - INFO - Raspberry Pi verisi işlendi: SENSOR_7 = 1442.000V
2026-01-21 19:25:06 - spektroskopi - INFO - Raspberry Pi'dan veri alındı: 6e400003-b5a3-f393-e0a9-e50e24dcca9e (Handle: 8): Nordic UART TX, uzunluk: 2
2026-01-21 19:25:06 - spektroskopi - INFO - Raspberry Pi verisi: Ham=966, Voltaj=966.000V
2026-01-21 19:25:06 - spektroskopi - INFO - Raspberry Pi verisi işlendi: SENSOR_5 = 966.000V
2026-01-21 19:25:06 - spektroskopi - INFO - Raspberry Pi'dan veri alındı: 6e400002-b5a3-f393-e0a9-e50e24dcca9e (Handle: 19): Nordic UART RX, uzunluk: 2
2026-01-21 19:25:06 - spektroskopi - INFO - Raspberry Pi verisi: Ham=2187, Voltaj=2187.000V
2026-01-21 19:25:06 - spektroskopi - INFO - Raspberry Pi verisi işlendi: SENSOR_2 = 2187.000V
2026-01-21 19:25:06 - spektroskopi - INFO - Raspberry Pi'dan veri alındı: 6e400005-b5a3-f393-e0a9-e50e24dcca9e (Handle: 16): Unknown, uzunluk: 2
2026-01-21 19:25:06 - spektroskopi - INFO - Raspberry Pi verisi: Ham=2019, Voltaj=2019.000V
2026-01-21 19:25:06 - spektroskopi - INFO - Raspberry Pi verisi işlendi: SENSOR_EXTRA = 2019.000V
2026-01-21 19:25:07 - spektroskopi - INFO - Raspberry Pi'dan veri alındı: 6e400004-b5a3-f393-e0a9-e50e24dcca9e (Handle: 11): Unknown, uzunluk: 2
2026-01-21 19:25:07 - spektroskopi - INFO - Raspberry Pi verisi: Ham=1437, Voltaj=1437.000V
2026-01-21 19:25:07 - spektroskopi - INFO - Raspberry Pi verisi işlendi: SENSOR_7 = 1437.000V
2026-01-21 19:25:07 - spektroskopi - WARNING - Zaman sıralama düzeltildi (averaged): 2026-01-21 19:25:07.113364
2026-01-21 19:25:07 - spektroskopi - WARNING - Zaman sıralama düzeltildi (averaged): 2026-01-21 19:25:07.114364
2026-01-21 19:25:07 - spektroskopi - WARNING - Zaman sıralama düzeltildi (averaged): 2026-01-21 19:25:07.115364
2026-01-21 19:25:07 - spektroskopi - WARNING - Zaman sıralama düzeltildi (averaged): 2026-01-21 19:25:07.116364
2026-01-21 19:25:07 - spektroskopi - WARNING - Zaman sıralama düzeltildi (averaged): 2026-01-21 19:25:07.117364
2026-01-21 19:25:07 - spektroskopi - WARNING - RealTimePanel: UV_360nm raw data uzunluk uyumsuzluğu (timestamps: 166, data: 42)
2026-01-21 19:25:07 - spektroskopi - WARNING - RealTimePanel: UV_360nm calibrated data uzunluk uyumsuzluğu (timestamps: 166, data: 42)
2026-01-21 19:25:07 - spektroskopi - WARNING - RealTimePanel: Blue_450nm raw data uzunluk uyumsuzluğu (timestamps: 166, data: 42)
2026-01-21 19:25:07 - spektroskopi - WARNING - RealTimePanel: Blue_450nm calibrated data uzunluk uyumsuzluğu (timestamps: 166, data: 42)
2026-01-21 19:25:07 - spektroskopi - WARNING - RealTimePanel: IR_850nm raw data uzunluk uyumsuzluğu (timestamps: 166, data: 42)
2026-01-21 19:25:07 - spektroskopi - WARNING - RealTimePanel: IR_850nm calibrated data uzunluk uyumsuzluğu (timestamps: 166, data: 42)
2026-01-21 19:25:07 - spektroskopi - WARNING - RealTimePanel: IR_940nm raw data uzunluk uyumsuzluğu (timestamps: 166, data: 40)
2026-01-21 19:25:07 - spektroskopi - WARNING - RealTimePanel: IR_940nm calibrated data uzunluk uyumsuzluğu (timestamps: 166, data: 40)
2026-01-21 19:25:07 - spektroskopi - INFO - Raspberry Pi'dan veri alındı: 6e400003-b5a3-f393-e0a9-e50e24dcca9e (Handle: 8): Nordic UART TX, uzunluk: 2
2026-01-21 19:25:07 - spektroskopi - INFO - Raspberry Pi verisi: Ham=966, Voltaj=966.000V
2026-01-21 19:25:07 - spektroskopi - INFO - Raspberry Pi verisi işlendi: SENSOR_5 = 966.000V
2026-01-21 19:25:07 - spektroskopi - INFO - Raspberry Pi'dan veri alındı: 6e400002-b5a3-f393-e0a9-e50e24dcca9e (Handle: 19): Nordic UART RX, uzunluk: 2
2026-01-21 19:25:07 - spektroskopi - INFO - Raspberry Pi verisi: Ham=2222, Voltaj=2222.000V
2026-01-21 19:25:07 - spektroskopi - INFO - Raspberry Pi verisi işlendi: SENSOR_2 = 2222.000V
2026-01-21 19:25:07 - spektroskopi - INFO - Raspberry Pi'dan veri alındı: 6e400005-b5a3-f393-e0a9-e50e24dcca9e (Handle: 16): Unknown, uzunluk: 2
2026-01-21 19:25:07 - spektroskopi - INFO - Raspberry Pi verisi: Ham=2019, Voltaj=2019.000V
2026-01-21 19:25:07 - spektroskopi - INFO - Raspberry Pi verisi işlendi: SENSOR_EXTRA = 2019.000V
2026-01-21 19:25:07 - spektroskopi - INFO - Raspberry Pi'dan veri alındı: 6e400004-b5a3-f393-e0a9-e50e24dcca9e (Handle: 11): Unknown, uzunluk: 2
2026-01-21 19:25:07 - spektroskopi - INFO - Raspberry Pi verisi: Ham=1431, Voltaj=1431.000V
2026-01-21 19:25:07 - spektroskopi - INFO - Raspberry Pi verisi işlendi: SENSOR_7 = 1431.000V
2026-01-21 19:25:08 - spektroskopi - WARNING - Zaman sıralama düzeltildi (averaged): 2026-01-21 19:25:07.984402
2026-01-21 19:25:08 - spektroskopi - WARNING - Zaman sıralama düzeltildi (averaged): 2026-01-21 19:25:07.985402
2026-01-21 19:25:08 - spektroskopi - WARNING - Zaman sıralama düzeltildi (averaged): 2026-01-21 19:25:07.986402
2026-01-21 19:25:08 - spektroskopi - WARNING - Zaman sıralama düzeltildi (averaged): 2026-01-21 19:25:07.987402
2026-01-21 19:25:08 - spektroskopi - WARNING - RealTimePanel: UV_360nm raw data uzunluk uyumsuzluğu (timestamps: 174, data: 44)
2026-01-21 19:25:08 - spektroskopi - WARNING - RealTimePanel: UV_360nm calibrated data uzunluk uyumsuzluğu (timestamps: 174, data: 44)
2026-01-21 19:25:08 - spektroskopi - WARNING - RealTimePanel: Blue_450nm raw data uzunluk uyumsuzluğu (timestamps: 174, data: 44)
2026-01-21 19:25:08 - spektroskopi - WARNING - RealTimePanel: Blue_450nm calibrated data uzunluk uyumsuzluğu (timestamps: 174, data: 44)
2026-01-21 19:25:08 - spektroskopi - WARNING - RealTimePanel: IR_850nm raw data uzunluk uyumsuzluğu (timestamps: 174, data: 44)
2026-01-21 19:25:08 - spektroskopi - WARNING - RealTimePanel: IR_850nm calibrated data uzunluk uyumsuzluğu (timestamps: 174, data: 44)
2026-01-21 19:25:08 - spektroskopi - WARNING - RealTimePanel: IR_940nm raw data uzunluk uyumsuzluğu (timestamps: 174, data: 42)
2026-01-21 19:25:08 - spektroskopi - WARNING - RealTimePanel: IR_940nm calibrated data uzunluk uyumsuzluğu (timestamps: 174, data: 42)
2026-01-21 19:25:08 - spektroskopi - INFO - Raspberry Pi'dan veri alındı: 6e400003-b5a3-f393-e0a9-e50e24dcca9e (Handle: 8): Nordic UART TX, uzunluk: 2
2026-01-21 19:25:08 - spektroskopi - INFO - Raspberry Pi verisi: Ham=968, Voltaj=968.000V
2026-01-21 19:25:08 - spektroskopi - INFO - Raspberry Pi verisi işlendi: SENSOR_5 = 968.000V
2026-01-21 19:25:08 - spektroskopi - INFO - Raspberry Pi'dan veri alındı: 6e400002-b5a3-f393-e0a9-e50e24dcca9e (Handle: 19): Nordic UART RX, uzunluk: 2
2026-01-21 19:25:08 - spektroskopi - INFO - Raspberry Pi verisi: Ham=2227, Voltaj=2227.000V
2026-01-21 19:25:08 - spektroskopi - INFO - Raspberry Pi verisi işlendi: SENSOR_2 = 2227.000V
2026-01-21 19:25:08 - spektroskopi - INFO - Raspberry Pi'dan veri alındı: 6e400005-b5a3-f393-e0a9-e50e24dcca9e (Handle: 16): Unknown, uzunluk: 2
2026-01-21 19:25:08 - spektroskopi - INFO - Raspberry Pi verisi: Ham=2014, Voltaj=2014.000V
2026-01-21 19:25:08 - spektroskopi - INFO - Raspberry Pi verisi işlendi: SENSOR_EXTRA = 2014.000V
2026-01-21 19:25:08 - spektroskopi - INFO - Raspberry Pi'dan veri alındı: 6e400004-b5a3-f393-e0a9-e50e24dcca9e (Handle: 11): Unknown, uzunluk: 2
2026-01-21 19:25:08 - spektroskopi - INFO - Raspberry Pi verisi: Ham=1430, Voltaj=1430.000V
2026-01-21 19:25:08 - spektroskopi - INFO - Raspberry Pi verisi işlendi: SENSOR_7 = 1430.000V
2026-01-21 19:25:09 - spektroskopi - INFO - Raspberry Pi'dan veri alındı: 6e400003-b5a3-f393-e0a9-e50e24dcca9e (Handle: 8): Nordic UART TX, uzunluk: 2
2026-01-21 19:25:09 - spektroskopi - INFO - Raspberry Pi verisi: Ham=970, Voltaj=970.000V
2026-01-21 19:25:09 - spektroskopi - INFO - Raspberry Pi verisi işlendi: SENSOR_5 = 970.000V
2026-01-21 19:25:09 - spektroskopi - WARNING - Zaman sıralama düzeltildi (averaged): 2026-01-21 19:25:09.123345
2026-01-21 19:25:09 - spektroskopi - WARNING - Zaman sıralama düzeltildi (averaged): 2026-01-21 19:25:09.124345
2026-01-21 19:25:09 - spektroskopi - WARNING - Zaman sıralama düzeltildi (averaged): 2026-01-21 19:25:09.125345
2026-01-21 19:25:09 - spektroskopi - WARNING - Zaman sıralama düzeltildi (averaged): 2026-01-21 19:25:09.126345
2026-01-21 19:25:09 - spektroskopi - WARNING - Zaman sıralama düzeltildi (averaged): 2026-01-21 19:25:09.127345
2026-01-21 19:25:09 - spektroskopi - WARNING - RealTimePanel: UV_360nm raw data uzunluk uyumsuzluğu (timestamps: 184, data: 46)
2026-01-21 19:25:09 - spektroskopi - WARNING - RealTimePanel: UV_360nm calibrated data uzunluk uyumsuzluğu (timestamps: 184, data: 46)
2026-01-21 19:25:09 - spektroskopi - WARNING - RealTimePanel: Blue_450nm raw data uzunluk uyumsuzluğu (timestamps: 184, data: 46)
2026-01-21 19:25:09 - spektroskopi - WARNING - RealTimePanel: Blue_450nm calibrated data uzunluk uyumsuzluğu (timestamps: 184, data: 46)
2026-01-21 19:25:09 - spektroskopi - WARNING - RealTimePanel: IR_850nm raw data uzunluk uyumsuzluğu (timestamps: 184, data: 46)
2026-01-21 19:25:09 - spektroskopi - WARNING - RealTimePanel: IR_850nm calibrated data uzunluk uyumsuzluğu (timestamps: 184, data: 46)
2026-01-21 19:25:09 - spektroskopi - WARNING - RealTimePanel: IR_940nm raw data uzunluk uyumsuzluğu (timestamps: 184, data: 46)
2026-01-21 19:25:09 - spektroskopi - WARNING - RealTimePanel: IR_940nm calibrated data uzunluk uyumsuzluğu (timestamps: 184, data: 46)
2026-01-21 19:25:09 - spektroskopi - INFO - Raspberry Pi'dan veri alındı: 6e400002-b5a3-f393-e0a9-e50e24dcca9e (Handle: 19): Nordic UART RX, uzunluk: 2
2026-01-21 19:25:09 - spektroskopi - INFO - Raspberry Pi verisi: Ham=2189, Voltaj=2189.000V
2026-01-21 19:25:09 - spektroskopi - INFO - Raspberry Pi verisi işlendi: SENSOR_2 = 2189.000V
2026-01-21 19:25:09 - spektroskopi - INFO - Raspberry Pi'dan veri alındı: 6e400005-b5a3-f393-e0a9-e50e24dcca9e (Handle: 16): Unknown, uzunluk: 2
2026-01-21 19:25:09 - spektroskopi - INFO - Raspberry Pi verisi: Ham=2059, Voltaj=2059.000V
2026-01-21 19:25:09 - spektroskopi - INFO - Raspberry Pi verisi işlendi: SENSOR_EXTRA = 2059.000V
2026-01-21 19:25:09 - spektroskopi - INFO - Raspberry Pi'dan veri alındı: 6e400004-b5a3-f393-e0a9-e50e24dcca9e (Handle: 11): Unknown, uzunluk: 2
2026-01-21 19:25:09 - spektroskopi - INFO - Raspberry Pi verisi: Ham=1435, Voltaj=1435.000V
2026-01-21 19:25:09 - spektroskopi - INFO - Raspberry Pi verisi işlendi: SENSOR_7 = 1435.000V
2026-01-21 19:25:10 - spektroskopi - INFO - Raspberry Pi'dan veri alındı: 6e400003-b5a3-f393-e0a9-e50e24dcca9e (Handle: 8): Nordic UART TX, uzunluk: 2
2026-01-21 19:25:10 - spektroskopi - INFO - Raspberry Pi verisi: Ham=967, Voltaj=967.000V
2026-01-21 19:25:10 - spektroskopi - INFO - Raspberry Pi verisi işlendi: SENSOR_5 = 967.000V
2026-01-21 19:25:10 - spektroskopi - INFO - Raspberry Pi'dan veri alındı: 6e400002-b5a3-f393-e0a9-e50e24dcca9e (Handle: 19): Nordic UART RX, uzunluk: 2
2026-01-21 19:25:10 - spektroskopi - INFO - Raspberry Pi verisi: Ham=2185, Voltaj=2185.000V
2026-01-21 19:25:10 - spektroskopi - INFO - Raspberry Pi verisi işlendi: SENSOR_2 = 2185.000V
2026-01-21 19:25:10 - spektroskopi - WARNING - Zaman sıralama düzeltildi (averaged): 2026-01-21 19:25:10.113331
2026-01-21 19:25:10 - spektroskopi - WARNING - Zaman sıralama düzeltildi (averaged): 2026-01-21 19:25:10.114331
2026-01-21 19:25:10 - spektroskopi - WARNING - Zaman sıralama düzeltildi (averaged): 2026-01-21 19:25:10.115331
2026-01-21 19:25:10 - spektroskopi - WARNING - Zaman sıralama düzeltildi (averaged): 2026-01-21 19:25:10.116331
2026-01-21 19:25:10 - spektroskopi - WARNING - Zaman sıralama düzeltildi (averaged): 2026-01-21 19:25:10.117331
2026-01-21 19:25:10 - spektroskopi - WARNING - RealTimePanel: UV_360nm raw data uzunluk uyumsuzluğu (timestamps: 194, data: 50)
2026-01-21 19:25:10 - spektroskopi - WARNING - RealTimePanel: UV_360nm calibrated data uzunluk uyumsuzluğu (timestamps: 194, data: 50)
2026-01-21 19:25:10 - spektroskopi - WARNING - RealTimePanel: Blue_450nm raw data uzunluk uyumsuzluğu (timestamps: 194, data: 48)
2026-01-21 19:25:10 - spektroskopi - WARNING - RealTimePanel: Blue_450nm calibrated data uzunluk uyumsuzluğu (timestamps: 194, data: 48)
2026-01-21 19:25:10 - spektroskopi - WARNING - RealTimePanel: IR_850nm raw data uzunluk uyumsuzluğu (timestamps: 194, data: 48)
2026-01-21 19:25:10 - spektroskopi - WARNING - RealTimePanel: IR_850nm calibrated data uzunluk uyumsuzluğu (timestamps: 194, data: 48)
2026-01-21 19:25:10 - spektroskopi - WARNING - RealTimePanel: IR_940nm raw data uzunluk uyumsuzluğu (timestamps: 194, data: 48)
2026-01-21 19:25:10 - spektroskopi - WARNING - RealTimePanel: IR_940nm calibrated data uzunluk uyumsuzluğu (timestamps: 194, data: 48)
2026-01-21 19:25:10 - spektroskopi - INFO - Raspberry Pi'dan veri alındı: 6e400005-b5a3-f393-e0a9-e50e24dcca9e (Handle: 16): Unknown, uzunluk: 2
2026-01-21 19:25:10 - spektroskopi - INFO - Raspberry Pi verisi: Ham=2019, Voltaj=2019.000V
2026-01-21 19:25:10 - spektroskopi - INFO - Raspberry Pi verisi işlendi: SENSOR_EXTRA = 2019.000V
2026-01-21 19:25:10 - spektroskopi - INFO - Raspberry Pi'dan veri alındı: 6e400004-b5a3-f393-e0a9-e50e24dcca9e (Handle: 11): Unknown, uzunluk: 2
2026-01-21 19:25:10 - spektroskopi - INFO - Raspberry Pi verisi: Ham=1456, Voltaj=1456.000V
2026-01-21 19:25:10 - spektroskopi - INFO - Raspberry Pi verisi işlendi: SENSOR_7 = 1456.000V
2026-01-21 19:25:10 - spektroskopi - INFO - Raspberry Pi'dan veri alındı: 6e400003-b5a3-f393-e0a9-e50e24dcca9e (Handle: 8): Nordic UART TX, uzunluk: 2
2026-01-21 19:25:10 - spektroskopi - INFO - Raspberry Pi verisi: Ham=998, Voltaj=998.000V
2026-01-21 19:25:10 - spektroskopi - INFO - Raspberry Pi verisi işlendi: SENSOR_5 = 998.000V
2026-01-21 19:25:11 - spektroskopi - INFO - Raspberry Pi'dan veri alındı: 6e400002-b5a3-f393-e0a9-e50e24dcca9e (Handle: 19): Nordic UART RX, uzunluk: 2
2026-01-21 19:25:11 - spektroskopi - INFO - Raspberry Pi verisi: Ham=3046, Voltaj=3046.000V
2026-01-21 19:25:11 - spektroskopi - INFO - Raspberry Pi verisi işlendi: SENSOR_2 = 3046.000V
2026-01-21 19:25:11 - spektroskopi - WARNING - Zaman sıralama düzeltildi (averaged): 2026-01-21 19:25:11.013434
2026-01-21 19:25:11 - spektroskopi - WARNING - Zaman sıralama düzeltildi (averaged): 2026-01-21 19:25:11.014434
2026-01-21 19:25:11 - spektroskopi - WARNING - Zaman sıralama düzeltildi (averaged): 2026-01-21 19:25:11.015434
2026-01-21 19:25:11 - spektroskopi - WARNING - Zaman sıralama düzeltildi (averaged): 2026-01-21 19:25:11.016434
2026-01-21 19:25:11 - spektroskopi - WARNING - RealTimePanel: UV_360nm raw data uzunluk uyumsuzluğu (timestamps: 202, data: 52)
2026-01-21 19:25:11 - spektroskopi - WARNING - RealTimePanel: UV_360nm calibrated data uzunluk uyumsuzluğu (timestamps: 202, data: 52)
2026-01-21 19:25:11 - spektroskopi - WARNING - RealTimePanel: Blue_450nm raw data uzunluk uyumsuzluğu (timestamps: 202, data: 50)
2026-01-21 19:25:11 - spektroskopi - WARNING - RealTimePanel: Blue_450nm calibrated data uzunluk uyumsuzluğu (timestamps: 202, data: 50)
2026-01-21 19:25:11 - spektroskopi - WARNING - RealTimePanel: IR_850nm raw data uzunluk uyumsuzluğu (timestamps: 202, data: 50)
2026-01-21 19:25:11 - spektroskopi - WARNING - RealTimePanel: IR_850nm calibrated data uzunluk uyumsuzluğu (timestamps: 202, data: 50)
2026-01-21 19:25:11 - spektroskopi - WARNING - RealTimePanel: IR_940nm raw data uzunluk uyumsuzluğu (timestamps: 202, data: 50)
2026-01-21 19:25:11 - spektroskopi - WARNING - RealTimePanel: IR_940nm calibrated data uzunluk uyumsuzluğu (timestamps: 202, data: 50)
2026-01-21 19:25:11 - spektroskopi - INFO - Raspberry Pi'dan veri alındı: 6e400005-b5a3-f393-e0a9-e50e24dcca9e (Handle: 16): Unknown, uzunluk: 2
2026-01-21 19:25:11 - spektroskopi - INFO - Raspberry Pi verisi: Ham=3255, Voltaj=3255.000V
2026-01-21 19:25:11 - spektroskopi - INFO - Raspberry Pi verisi işlendi: SENSOR_EXTRA = 3255.000V
2026-01-21 19:25:11 - spektroskopi - INFO - Raspberry Pi'dan veri alındı: 6e400004-b5a3-f393-e0a9-e50e24dcca9e (Handle: 11): Unknown, uzunluk: 2
2026-01-21 19:25:11 - spektroskopi - INFO - Raspberry Pi verisi: Ham=1472, Voltaj=1472.000V
2026-01-21 19:25:11 - spektroskopi - INFO - Raspberry Pi verisi işlendi: SENSOR_7 = 1472.000V
2026-01-21 19:25:11 - spektroskopi - INFO - Raspberry Pi'dan veri alındı: 6e400003-b5a3-f393-e0a9-e50e24dcca9e (Handle: 8): Nordic UART TX, uzunluk: 2
2026-01-21 19:25:11 - spektroskopi - INFO - Raspberry Pi verisi: Ham=934, Voltaj=934.000V
2026-01-21 19:25:11 - spektroskopi - INFO - Raspberry Pi verisi işlendi: SENSOR_5 = 934.000V
2026-01-21 19:25:11 - spektroskopi - INFO - Raspberry Pi'dan veri alındı: 6e400002-b5a3-f393-e0a9-e50e24dcca9e (Handle: 19): Nordic UART RX, uzunluk: 2
2026-01-21 19:25:11 - spektroskopi - INFO - Raspberry Pi verisi: Ham=2194, Voltaj=2194.000V
2026-01-21 19:25:11 - spektroskopi - INFO - Raspberry Pi verisi işlendi: SENSOR_2 = 2194.000V
2026-01-21 19:25:12 - spektroskopi - INFO - Raspberry Pi'dan veri alındı: 6e400005-b5a3-f393-e0a9-e50e24dcca9e (Handle: 16): Unknown, uzunluk: 2
2026-01-21 19:25:12 - spektroskopi - INFO - Raspberry Pi verisi: Ham=1099, Voltaj=1099.000V
2026-01-21 19:25:12 - spektroskopi - INFO - Raspberry Pi verisi işlendi: SENSOR_EXTRA = 1099.000V
2026-01-21 19:25:12 - spektroskopi - WARNING - Zaman sıralama düzeltildi (averaged): 2026-01-21 19:25:12.123145
2026-01-21 19:25:12 - spektroskopi - WARNING - Zaman sıralama düzeltildi (averaged): 2026-01-21 19:25:12.124145
2026-01-21 19:25:12 - spektroskopi - WARNING - Zaman sıralama düzeltildi (averaged): 2026-01-21 19:25:12.125145
2026-01-21 19:25:12 - spektroskopi - WARNING - Zaman sıralama düzeltildi (averaged): 2026-01-21 19:25:12.126145
2026-01-21 19:25:12 - spektroskopi - WARNING - Zaman sıralama düzeltildi (averaged): 2026-01-21 19:25:12.127145
2026-01-21 19:25:12 - spektroskopi - WARNING - RealTimePanel: UV_360nm raw data uzunluk uyumsuzluğu (timestamps: 212, data: 54)
2026-01-21 19:25:12 - spektroskopi - WARNING - RealTimePanel: UV_360nm calibrated data uzunluk uyumsuzluğu (timestamps: 212, data: 54)
2026-01-21 19:25:12 - spektroskopi - WARNING - RealTimePanel: Blue_450nm raw data uzunluk uyumsuzluğu (timestamps: 212, data: 54)
2026-01-21 19:25:12 - spektroskopi - WARNING - RealTimePanel: Blue_450nm calibrated data uzunluk uyumsuzluğu (timestamps: 212, data: 54)
2026-01-21 19:25:12 - spektroskopi - WARNING - RealTimePanel: IR_850nm raw data uzunluk uyumsuzluğu (timestamps: 212, data: 52)
2026-01-21 19:25:12 - spektroskopi - WARNING - RealTimePanel: IR_850nm calibrated data uzunluk uyumsuzluğu (timestamps: 212, data: 52)
2026-01-21 19:25:12 - spektroskopi - WARNING - RealTimePanel: IR_940nm raw data uzunluk uyumsuzluğu (timestamps: 212, data: 52)
2026-01-21 19:25:12 - spektroskopi - WARNING - RealTimePanel: IR_940nm calibrated data uzunluk uyumsuzluğu (timestamps: 212, data: 52)
2026-01-21 19:25:12 - spektroskopi - INFO - Raspberry Pi'dan veri alındı: 6e400004-b5a3-f393-e0a9-e50e24dcca9e (Handle: 11): Unknown, uzunluk: 2
2026-01-21 19:25:12 - spektroskopi - INFO - Raspberry Pi verisi: Ham=789, Voltaj=789.000V
2026-01-21 19:25:12 - spektroskopi - INFO - Raspberry Pi verisi işlendi: SENSOR_7 = 789.000V
2026-01-21 19:25:12 - spektroskopi - INFO - Raspberry Pi'dan veri alındı: 6e400003-b5a3-f393-e0a9-e50e24dcca9e (Handle: 8): Nordic UART TX, uzunluk: 2
2026-01-21 19:25:12 - spektroskopi - INFO - Raspberry Pi verisi: Ham=539, Voltaj=539.000V
2026-01-21 19:25:12 - spektroskopi - INFO - Raspberry Pi verisi işlendi: SENSOR_5 = 539.000V
2026-01-21 19:25:12 - spektroskopi - INFO - Raspberry Pi'dan veri alındı: 6e400002-b5a3-f393-e0a9-e50e24dcca9e (Handle: 19): Nordic UART RX, uzunluk: 2
2026-01-21 19:25:12 - spektroskopi - INFO - Raspberry Pi verisi: Ham=1981, Voltaj=1981.000V
2026-01-21 19:25:12 - spektroskopi - INFO - Raspberry Pi verisi işlendi: SENSOR_2 = 1981.000V
2026-01-21 19:25:13 - spektroskopi - INFO - Raspberry Pi'dan veri alındı: 6e400005-b5a3-f393-e0a9-e50e24dcca9e (Handle: 16): Unknown, uzunluk: 2
2026-01-21 19:25:13 - spektroskopi - INFO - Raspberry Pi verisi: Ham=2951, Voltaj=2951.000V
2026-01-21 19:25:13 - spektroskopi - INFO - Raspberry Pi verisi işlendi: SENSOR_EXTRA = 2951.000V
2026-01-21 19:25:13 - spektroskopi - WARNING - Zaman sıralama düzeltildi (averaged): 2026-01-21 19:25:13.023143
2026-01-21 19:25:13 - spektroskopi - WARNING - Zaman sıralama düzeltildi (averaged): 2026-01-21 19:25:13.024143
2026-01-21 19:25:13 - spektroskopi - WARNING - Zaman sıralama düzeltildi (averaged): 2026-01-21 19:25:13.025143
2026-01-21 19:25:13 - spektroskopi - WARNING - Zaman sıralama düzeltildi (averaged): 2026-01-21 19:25:13.026143
2026-01-21 19:25:13 - spektroskopi - WARNING - RealTimePanel: UV_360nm raw data uzunluk uyumsuzluğu (timestamps: 220, data: 56)
2026-01-21 19:25:13 - spektroskopi - WARNING - RealTimePanel: UV_360nm calibrated data uzunluk uyumsuzluğu (timestamps: 220, data: 56)
2026-01-21 19:25:13 - spektroskopi - WARNING - RealTimePanel: Blue_450nm raw data uzunluk uyumsuzluğu (timestamps: 220, data: 56)
2026-01-21 19:25:13 - spektroskopi - WARNING - RealTimePanel: Blue_450nm calibrated data uzunluk uyumsuzluğu (timestamps: 220, data: 56)
2026-01-21 19:25:13 - spektroskopi - WARNING - RealTimePanel: IR_850nm raw data uzunluk uyumsuzluğu (timestamps: 220, data: 54)
2026-01-21 19:25:13 - spektroskopi - WARNING - RealTimePanel: IR_850nm calibrated data uzunluk uyumsuzluğu (timestamps: 220, data: 54)
2026-01-21 19:25:13 - spektroskopi - WARNING - RealTimePanel: IR_940nm raw data uzunluk uyumsuzluğu (timestamps: 220, data: 54)
2026-01-21 19:25:13 - spektroskopi - WARNING - RealTimePanel: IR_940nm calibrated data uzunluk uyumsuzluğu (timestamps: 220, data: 54)
2026-01-21 19:25:13 - spektroskopi - INFO - Raspberry Pi'dan veri alındı: 6e400004-b5a3-f393-e0a9-e50e24dcca9e (Handle: 11): Unknown, uzunluk: 2
2026-01-21 19:25:13 - spektroskopi - INFO - Raspberry Pi verisi: Ham=1372, Voltaj=1372.000V
2026-01-21 19:25:13 - spektroskopi - INFO - Raspberry Pi verisi işlendi: SENSOR_7 = 1372.000V
2026-01-21 19:25:13 - spektroskopi - INFO - Raspberry Pi'dan veri alındı: 6e400003-b5a3-f393-e0a9-e50e24dcca9e (Handle: 8): Nordic UART TX, uzunluk: 2
2026-01-21 19:25:13 - spektroskopi - INFO - Raspberry Pi verisi: Ham=996, Voltaj=996.000V
2026-01-21 19:25:13 - spektroskopi - INFO - Raspberry Pi verisi işlendi: SENSOR_5 = 996.000V
2026-01-21 19:25:13 - spektroskopi - INFO - Raspberry Pi'dan veri alındı: 6e400002-b5a3-f393-e0a9-e50e24dcca9e (Handle: 19): Nordic UART RX, uzunluk: 2
2026-01-21 19:25:13 - spektroskopi - INFO - Raspberry Pi verisi: Ham=2831, Voltaj=2831.000V
2026-01-21 19:25:13 - spektroskopi - INFO - Raspberry Pi verisi işlendi: SENSOR_2 = 2831.000V
2026-01-21 19:25:13 - spektroskopi - INFO - Raspberry Pi'dan veri alındı: 6e400005-b5a3-f393-e0a9-e50e24dcca9e (Handle: 16): Unknown, uzunluk: 2
2026-01-21 19:25:13 - spektroskopi - INFO - Raspberry Pi verisi: Ham=3026, Voltaj=3026.000V
2026-01-21 19:25:13 - spektroskopi - INFO - Raspberry Pi verisi işlendi: SENSOR_EXTRA = 3026.000V
2026-01-21 19:25:14 - spektroskopi - WARNING - Zaman sıralama düzeltildi (averaged): 2026-01-21 19:25:13.893117
2026-01-21 19:25:14 - spektroskopi - WARNING - Zaman sıralama düzeltildi (averaged): 2026-01-21 19:25:13.894117
2026-01-21 19:25:14 - spektroskopi - WARNING - Zaman sıralama düzeltildi (averaged): 2026-01-21 19:25:13.895117
2026-01-21 19:25:14 - spektroskopi - WARNING - Zaman sıralama düzeltildi (averaged): 2026-01-21 19:25:13.896117
2026-01-21 19:25:14 - spektroskopi - WARNING - RealTimePanel: UV_360nm raw data uzunluk uyumsuzluğu (timestamps: 228, data: 58)
2026-01-21 19:25:14 - spektroskopi - WARNING - RealTimePanel: UV_360nm calibrated data uzunluk uyumsuzluğu (timestamps: 228, data: 58)
2026-01-21 19:25:14 - spektroskopi - WARNING - RealTimePanel: Blue_450nm raw data uzunluk uyumsuzluğu (timestamps: 228, data: 58)
2026-01-21 19:25:14 - spektroskopi - WARNING - RealTimePanel: Blue_450nm calibrated data uzunluk uyumsuzluğu (timestamps: 228, data: 58)
2026-01-21 19:25:14 - spektroskopi - WARNING - RealTimePanel: IR_850nm raw data uzunluk uyumsuzluğu (timestamps: 228, data: 56)
2026-01-21 19:25:14 - spektroskopi - WARNING - RealTimePanel: IR_850nm calibrated data uzunluk uyumsuzluğu (timestamps: 228, data: 56)
2026-01-21 19:25:14 - spektroskopi - WARNING - RealTimePanel: IR_940nm raw data uzunluk uyumsuzluğu (timestamps: 228, data: 56)
2026-01-21 19:25:14 - spektroskopi - WARNING - RealTimePanel: IR_940nm calibrated data uzunluk uyumsuzluğu (timestamps: 228, data: 56)
2026-01-21 19:25:14 - spektroskopi - INFO - Raspberry Pi'dan veri alındı: 6e400004-b5a3-f393-e0a9-e50e24dcca9e (Handle: 11): Unknown, uzunluk: 2
2026-01-21 19:25:14 - spektroskopi - INFO - Raspberry Pi verisi: Ham=1474, Voltaj=1474.000V
2026-01-21 19:25:14 - spektroskopi - INFO - Raspberry Pi verisi işlendi: SENSOR_7 = 1474.000V
2026-01-21 19:25:14 - spektroskopi - INFO - Raspberry Pi'dan veri alındı: 6e400003-b5a3-f393-e0a9-e50e24dcca9e (Handle: 8): Nordic UART TX, uzunluk: 2
2026-01-21 19:25:14 - spektroskopi - INFO - Raspberry Pi verisi: Ham=1004, Voltaj=1004.000V
2026-01-21 19:25:14 - spektroskopi - INFO - Raspberry Pi verisi işlendi: SENSOR_5 = 1004.000V
2026-01-21 19:25:14 - spektroskopi - INFO - Raspberry Pi'dan veri alındı: 6e400002-b5a3-f393-e0a9-e50e24dcca9e (Handle: 19): Nordic UART RX, uzunluk: 2
2026-01-21 19:25:14 - spektroskopi - INFO - Raspberry Pi verisi: Ham=2843, Voltaj=2843.000V
2026-01-21 19:25:14 - spektroskopi - INFO - Raspberry Pi verisi işlendi: SENSOR_2 = 2843.000V
2026-01-21 19:25:14 - spektroskopi - INFO - Raspberry Pi'dan veri alındı: 6e400005-b5a3-f393-e0a9-e50e24dcca9e (Handle: 16): Unknown, uzunluk: 2
2026-01-21 19:25:14 - spektroskopi - INFO - Raspberry Pi verisi: Ham=2669, Voltaj=2669.000V
2026-01-21 19:25:14 - spektroskopi - INFO - Raspberry Pi verisi işlendi: SENSOR_EXTRA = 2669.000V
2026-01-21 19:25:15 - spektroskopi - INFO - Raspberry Pi'dan veri alındı: 6e400004-b5a3-f393-e0a9-e50e24dcca9e (Handle: 11): Unknown, uzunluk: 2
2026-01-21 19:25:15 - spektroskopi - INFO - Raspberry Pi verisi: Ham=1473, Voltaj=1473.000V
2026-01-21 19:25:15 - spektroskopi - INFO - Raspberry Pi verisi işlendi: SENSOR_7 = 1473.000V
2026-01-21 19:25:15 - spektroskopi - WARNING - Zaman sıralama düzeltildi (averaged): 2026-01-21 19:25:15.033456
2026-01-21 19:25:15 - spektroskopi - WARNING - Zaman sıralama düzeltildi (averaged): 2026-01-21 19:25:15.034456
2026-01-21 19:25:15 - spektroskopi - WARNING - Zaman sıralama düzeltildi (averaged): 2026-01-21 19:25:15.035456
2026-01-21 19:25:15 - spektroskopi - WARNING - Zaman sıralama düzeltildi (averaged): 2026-01-21 19:25:15.036456
2026-01-21 19:25:15 - spektroskopi - WARNING - Zaman sıralama düzeltildi (averaged): 2026-01-21 19:25:15.037456
2026-01-21 19:25:15 - spektroskopi - WARNING - RealTimePanel: UV_360nm raw data uzunluk uyumsuzluğu (timestamps: 238, data: 60)
2026-01-21 19:25:15 - spektroskopi - WARNING - RealTimePanel: UV_360nm calibrated data uzunluk uyumsuzluğu (timestamps: 238, data: 60)
2026-01-21 19:25:15 - spektroskopi - WARNING - RealTimePanel: Blue_450nm raw data uzunluk uyumsuzluğu (timestamps: 238, data: 60)
2026-01-21 19:25:15 - spektroskopi - WARNING - RealTimePanel: Blue_450nm calibrated data uzunluk uyumsuzluğu (timestamps: 238, data: 60)
2026-01-21 19:25:15 - spektroskopi - WARNING - RealTimePanel: IR_850nm raw data uzunluk uyumsuzluğu (timestamps: 238, data: 60)
2026-01-21 19:25:15 - spektroskopi - WARNING - RealTimePanel: IR_850nm calibrated data uzunluk uyumsuzluğu (timestamps: 238, data: 60)
2026-01-21 19:25:15 - spektroskopi - WARNING - RealTimePanel: IR_940nm raw data uzunluk uyumsuzluğu (timestamps: 238, data: 58)
2026-01-21 19:25:15 - spektroskopi - WARNING - RealTimePanel: IR_940nm calibrated data uzunluk uyumsuzluğu (timestamps: 238, data: 58)
2026-01-21 19:25:15 - spektroskopi - INFO - Raspberry Pi'dan veri alındı: 6e400003-b5a3-f393-e0a9-e50e24dcca9e (Handle: 8): Nordic UART TX, uzunluk: 2
2026-01-21 19:25:15 - spektroskopi - INFO - Raspberry Pi verisi: Ham=1000, Voltaj=1000.000V
2026-01-21 19:25:15 - spektroskopi - INFO - Raspberry Pi verisi işlendi: SENSOR_5 = 1000.000V
2026-01-21 19:25:15 - spektroskopi - INFO - Raspberry Pi'dan veri alındı: 6e400002-b5a3-f393-e0a9-e50e24dcca9e (Handle: 19): Nordic UART RX, uzunluk: 2
2026-01-21 19:25:15 - spektroskopi - INFO - Raspberry Pi verisi: Ham=2539, Voltaj=2539.000V
2026-01-21 19:25:15 - spektroskopi - INFO - Raspberry Pi verisi işlendi: SENSOR_2 = 2539.000V
2026-01-21 19:25:15 - spektroskopi - INFO - Raspberry Pi'dan veri alındı: 6e400005-b5a3-f393-e0a9-e50e24dcca9e (Handle: 16): Unknown, uzunluk: 2
2026-01-21 19:25:15 - spektroskopi - INFO - Raspberry Pi verisi: Ham=2727, Voltaj=2727.000V
2026-01-21 19:25:15 - spektroskopi - INFO - Raspberry Pi verisi işlendi: SENSOR_EXTRA = 2727.000V
2026-01-21 19:25:15 - spektroskopi - INFO - Raspberry Pi'dan veri alındı: 6e400004-b5a3-f393-e0a9-e50e24dcca9e (Handle: 11): Unknown, uzunluk: 2
2026-01-21 19:25:15 - spektroskopi - INFO - Raspberry Pi verisi: Ham=1379, Voltaj=1379.000V
2026-01-21 19:25:15 - spektroskopi - INFO - Raspberry Pi verisi işlendi: SENSOR_7 = 1379.000V
2026-01-21 19:25:16 - spektroskopi - WARNING - Zaman sıralama düzeltildi (averaged): 2026-01-21 19:25:15.903393
2026-01-21 19:25:16 - spektroskopi - WARNING - Zaman sıralama düzeltildi (averaged): 2026-01-21 19:25:15.904393
2026-01-21 19:25:16 - spektroskopi - WARNING - Zaman sıralama düzeltildi (averaged): 2026-01-21 19:25:15.905393
2026-01-21 19:25:16 - spektroskopi - WARNING - Zaman sıralama düzeltildi (averaged): 2026-01-21 19:25:15.906393
2026-01-21 19:25:16 - spektroskopi - WARNING - RealTimePanel: UV_360nm raw data uzunluk uyumsuzluğu (timestamps: 246, data: 62)
2026-01-21 19:25:16 - spektroskopi - WARNING - RealTimePanel: UV_360nm calibrated data uzunluk uyumsuzluğu (timestamps: 246, data: 62)
2026-01-21 19:25:16 - spektroskopi - WARNING - RealTimePanel: Blue_450nm raw data uzunluk uyumsuzluğu (timestamps: 246, data: 62)
2026-01-21 19:25:16 - spektroskopi - WARNING - RealTimePanel: Blue_450nm calibrated data uzunluk uyumsuzluğu (timestamps: 246, data: 62)
2026-01-21 19:25:16 - spektroskopi - WARNING - RealTimePanel: IR_850nm raw data uzunluk uyumsuzluğu (timestamps: 246, data: 62)
2026-01-21 19:25:16 - spektroskopi - WARNING - RealTimePanel: IR_850nm calibrated data uzunluk uyumsuzluğu (timestamps: 246, data: 62)
2026-01-21 19:25:16 - spektroskopi - WARNING - RealTimePanel: IR_940nm raw data uzunluk uyumsuzluğu (timestamps: 246, data: 60)
2026-01-21 19:25:16 - spektroskopi - WARNING - RealTimePanel: IR_940nm calibrated data uzunluk uyumsuzluğu (timestamps: 246, data: 60)
2026-01-21 19:25:16 - spektroskopi - INFO - Raspberry Pi'dan veri alındı: 6e400003-b5a3-f393-e0a9-e50e24dcca9e (Handle: 8): Nordic UART TX, uzunluk: 2
2026-01-21 19:25:16 - spektroskopi - INFO - Raspberry Pi verisi: Ham=934, Voltaj=934.000V
2026-01-21 19:25:16 - spektroskopi - INFO - Raspberry Pi verisi işlendi: SENSOR_5 = 934.000V
2026-01-21 19:25:16 - spektroskopi - INFO - Raspberry Pi'dan veri alındı: 6e400002-b5a3-f393-e0a9-e50e24dcca9e (Handle: 19): Nordic UART RX, uzunluk: 2
2026-01-21 19:25:16 - spektroskopi - INFO - Raspberry Pi verisi: Ham=2920, Voltaj=2920.000V
2026-01-21 19:25:16 - spektroskopi - INFO - Raspberry Pi verisi işlendi: SENSOR_2 = 2920.000V
2026-01-21 19:25:16 - spektroskopi - INFO - Raspberry Pi'dan veri alındı: 6e400005-b5a3-f393-e0a9-e50e24dcca9e (Handle: 16): Unknown, uzunluk: 2
2026-01-21 19:25:16 - spektroskopi - INFO - Raspberry Pi verisi: Ham=2731, Voltaj=2731.000V
2026-01-21 19:25:16 - spektroskopi - INFO - Raspberry Pi verisi işlendi: SENSOR_EXTRA = 2731.000V
2026-01-21 19:25:16 - spektroskopi - INFO - Raspberry Pi'dan veri alındı: 6e400004-b5a3-f393-e0a9-e50e24dcca9e (Handle: 11): Unknown, uzunluk: 2
2026-01-21 19:25:16 - spektroskopi - INFO - Raspberry Pi verisi: Ham=1389, Voltaj=1389.000V
2026-01-21 19:25:16 - spektroskopi - INFO - Raspberry Pi verisi işlendi: SENSOR_7 = 1389.000V
2026-01-21 19:25:17 - spektroskopi - INFO - Raspberry Pi'dan veri alındı: 6e400003-b5a3-f393-e0a9-e50e24dcca9e (Handle: 8): Nordic UART TX, uzunluk: 2
2026-01-21 19:25:17 - spektroskopi - INFO - Raspberry Pi verisi: Ham=950, Voltaj=950.000V
2026-01-21 19:25:17 - spektroskopi - INFO - Raspberry Pi verisi işlendi: SENSOR_5 = 950.000V
2026-01-21 19:25:17 - spektroskopi - INFO - Raspberry Pi'dan veri alındı: 6e400002-b5a3-f393-e0a9-e50e24dcca9e (Handle: 19): Nordic UART RX, uzunluk: 2
2026-01-21 19:25:17 - spektroskopi - INFO - Raspberry Pi verisi: Ham=2712, Voltaj=2712.000V
2026-01-21 19:25:17 - spektroskopi - INFO - Raspberry Pi verisi işlendi: SENSOR_2 = 2712.000V
2026-01-21 19:25:17 - spektroskopi - WARNING - Zaman sıralama düzeltildi (averaged): 2026-01-21 19:25:17.164879
2026-01-21 19:25:17 - spektroskopi - WARNING - Zaman sıralama düzeltildi (averaged): 2026-01-21 19:25:17.165879
2026-01-21 19:25:17 - spektroskopi - WARNING - Zaman sıralama düzeltildi (averaged): 2026-01-21 19:25:17.166879
2026-01-21 19:25:17 - spektroskopi - WARNING - Zaman sıralama düzeltildi (averaged): 2026-01-21 19:25:17.167879
2026-01-21 19:25:17 - spektroskopi - WARNING - Zaman sıralama düzeltildi (averaged): 2026-01-21 19:25:17.168879
2026-01-21 19:25:17 - spektroskopi - WARNING - Zaman sıralama düzeltildi (averaged): 2026-01-21 19:25:17.169879
2026-01-21 19:25:17 - spektroskopi - WARNING - RealTimePanel: UV_360nm raw data uzunluk uyumsuzluğu (timestamps: 258, data: 66)
2026-01-21 19:25:17 - spektroskopi - WARNING - RealTimePanel: UV_360nm calibrated data uzunluk uyumsuzluğu (timestamps: 258, data: 66)
2026-01-21 19:25:17 - spektroskopi - WARNING - RealTimePanel: Blue_450nm raw data uzunluk uyumsuzluğu (timestamps: 258, data: 64)
2026-01-21 19:25:17 - spektroskopi - WARNING - RealTimePanel: Blue_450nm calibrated data uzunluk uyumsuzluğu (timestamps: 258, data: 64)
2026-01-21 19:25:17 - spektroskopi - WARNING - RealTimePanel: IR_850nm raw data uzunluk uyumsuzluğu (timestamps: 258, data: 64)
2026-01-21 19:25:17 - spektroskopi - WARNING - RealTimePanel: IR_850nm calibrated data uzunluk uyumsuzluğu (timestamps: 258, data: 64)
2026-01-21 19:25:17 - spektroskopi - WARNING - RealTimePanel: IR_940nm raw data uzunluk uyumsuzluğu (timestamps: 258, data: 64)
2026-01-21 19:25:17 - spektroskopi - WARNING - RealTimePanel: IR_940nm calibrated data uzunluk uyumsuzluğu (timestamps: 258, data: 64)
2026-01-21 19:25:17 - spektroskopi - INFO - Raspberry Pi'dan veri alındı: 6e400005-b5a3-f393-e0a9-e50e24dcca9e (Handle: 16): Unknown, uzunluk: 2
2026-01-21 19:25:17 - spektroskopi - INFO - Raspberry Pi verisi: Ham=1554, Voltaj=1554.000V
2026-01-21 19:25:17 - spektroskopi - INFO - Raspberry Pi verisi işlendi: SENSOR_EXTRA = 1554.000V
2026-01-21 19:25:17 - spektroskopi - INFO - Raspberry Pi'dan veri alındı: 6e400004-b5a3-f393-e0a9-e50e24dcca9e (Handle: 11): Unknown, uzunluk: 2
2026-01-21 19:25:17 - spektroskopi - INFO - Raspberry Pi verisi: Ham=455, Voltaj=455.000V
2026-01-21 19:25:17 - spektroskopi - INFO - Raspberry Pi verisi işlendi: SENSOR_7 = 455.000V
2026-01-21 19:25:17 - spektroskopi - INFO - Raspberry Pi'dan veri alındı: 6e400003-b5a3-f393-e0a9-e50e24dcca9e (Handle: 8): Nordic UART TX, uzunluk: 2
2026-01-21 19:25:17 - spektroskopi - INFO - Raspberry Pi verisi: Ham=164, Voltaj=164.000V
2026-01-21 19:25:17 - spektroskopi - INFO - Raspberry Pi verisi işlendi: SENSOR_5 = 164.000V
2026-01-21 19:25:18 - spektroskopi - INFO - Raspberry Pi'dan veri alındı: 6e400002-b5a3-f393-e0a9-e50e24dcca9e (Handle: 19): Nordic UART RX, uzunluk: 2
2026-01-21 19:25:18 - spektroskopi - INFO - Raspberry Pi verisi: Ham=2075, Voltaj=2075.000V
2026-01-21 19:25:18 - spektroskopi - INFO - Raspberry Pi verisi işlendi: SENSOR_2 = 2075.000V
2026-01-21 19:25:18 - spektroskopi - WARNING - Zaman sıralama düzeltildi (averaged): 2026-01-21 19:25:18.033356
2026-01-21 19:25:18 - spektroskopi - WARNING - Zaman sıralama düzeltildi (averaged): 2026-01-21 19:25:18.034356
2026-01-21 19:25:18 - spektroskopi - WARNING - Zaman sıralama düzeltildi (averaged): 2026-01-21 19:25:18.035356
2026-01-21 19:25:18 - spektroskopi - WARNING - Zaman sıralama düzeltildi (averaged): 2026-01-21 19:25:18.036356
2026-01-21 19:25:18 - spektroskopi - WARNING - RealTimePanel: UV_360nm raw data uzunluk uyumsuzluğu (timestamps: 266, data: 68)
2026-01-21 19:25:18 - spektroskopi - WARNING - RealTimePanel: UV_360nm calibrated data uzunluk uyumsuzluğu (timestamps: 266, data: 68)
2026-01-21 19:25:18 - spektroskopi - WARNING - RealTimePanel: Blue_450nm raw data uzunluk uyumsuzluğu (timestamps: 266, data: 66)
2026-01-21 19:25:18 - spektroskopi - WARNING - RealTimePanel: Blue_450nm calibrated data uzunluk uyumsuzluğu (timestamps: 266, data: 66)
2026-01-21 19:25:18 - spektroskopi - WARNING - RealTimePanel: IR_850nm raw data uzunluk uyumsuzluğu (timestamps: 266, data: 66)
2026-01-21 19:25:18 - spektroskopi - WARNING - RealTimePanel: IR_850nm calibrated data uzunluk uyumsuzluğu (timestamps: 266, data: 66)
2026-01-21 19:25:18 - spektroskopi - WARNING - RealTimePanel: IR_940nm raw data uzunluk uyumsuzluğu (timestamps: 266, data: 66)
2026-01-21 19:25:18 - spektroskopi - WARNING - RealTimePanel: IR_940nm calibrated data uzunluk uyumsuzluğu (timestamps: 266, data: 66)
2026-01-21 19:25:18 - spektroskopi - INFO - Raspberry Pi'dan veri alındı: 6e400005-b5a3-f393-e0a9-e50e24dcca9e (Handle: 16): Unknown, uzunluk: 2
2026-01-21 19:25:18 - spektroskopi - INFO - Raspberry Pi verisi: Ham=773, Voltaj=773.000V
2026-01-21 19:25:18 - spektroskopi - INFO - Raspberry Pi verisi işlendi: SENSOR_EXTRA = 773.000V
2026-01-21 19:25:18 - spektroskopi - INFO - Raspberry Pi'dan veri alındı: 6e400004-b5a3-f393-e0a9-e50e24dcca9e (Handle: 11): Unknown, uzunluk: 2
2026-01-21 19:25:18 - spektroskopi - INFO - Raspberry Pi verisi: Ham=378, Voltaj=378.000V
2026-01-21 19:25:18 - spektroskopi - INFO - Raspberry Pi verisi işlendi: SENSOR_7 = 378.000V
2026-01-21 19:25:18 - spektroskopi - INFO - Raspberry Pi'dan veri alındı: 6e400003-b5a3-f393-e0a9-e50e24dcca9e (Handle: 8): Nordic UART TX, uzunluk: 2
2026-01-21 19:25:18 - spektroskopi - INFO - Raspberry Pi verisi: Ham=238, Voltaj=238.000V
2026-01-21 19:25:18 - spektroskopi - INFO - Raspberry Pi verisi işlendi: SENSOR_5 = 238.000V
2026-01-21 19:25:18 - spektroskopi - INFO - Raspberry Pi'dan veri alındı: 6e400002-b5a3-f393-e0a9-e50e24dcca9e (Handle: 19): Nordic UART RX, uzunluk: 2
2026-01-21 19:25:18 - spektroskopi - INFO - Raspberry Pi verisi: Ham=3254, Voltaj=3254.000V
2026-01-21 19:25:18 - spektroskopi - INFO - Raspberry Pi verisi işlendi: SENSOR_2 = 3254.000V
2026-01-21 19:25:19 - spektroskopi - INFO - Raspberry Pi'dan veri alındı: 6e400005-b5a3-f393-e0a9-e50e24dcca9e (Handle: 16): Unknown, uzunluk: 2
2026-01-21 19:25:19 - spektroskopi - INFO - Raspberry Pi verisi: Ham=1872, Voltaj=1872.000V
2026-01-21 19:25:19 - spektroskopi - INFO - Raspberry Pi verisi işlendi: SENSOR_EXTRA = 1872.000V
2026-01-21 19:25:19 - spektroskopi - WARNING - Zaman sıralama düzeltildi (averaged): 2026-01-21 19:25:19.175176
2026-01-21 19:25:19 - spektroskopi - WARNING - Zaman sıralama düzeltildi (averaged): 2026-01-21 19:25:19.176176
2026-01-21 19:25:19 - spektroskopi - WARNING - Zaman sıralama düzeltildi (averaged): 2026-01-21 19:25:19.177176
2026-01-21 19:25:19 - spektroskopi - WARNING - Zaman sıralama düzeltildi (averaged): 2026-01-21 19:25:19.178176
2026-01-21 19:25:19 - spektroskopi - WARNING - Zaman sıralama düzeltildi (averaged): 2026-01-21 19:25:19.179176
2026-01-21 19:25:19 - spektroskopi - WARNING - RealTimePanel: UV_360nm raw data uzunluk uyumsuzluğu (timestamps: 276, data: 70)
2026-01-21 19:25:19 - spektroskopi - WARNING - RealTimePanel: UV_360nm calibrated data uzunluk uyumsuzluğu (timestamps: 276, data: 70)
2026-01-21 19:25:19 - spektroskopi - WARNING - RealTimePanel: Blue_450nm raw data uzunluk uyumsuzluğu (timestamps: 276, data: 70)
2026-01-21 19:25:19 - spektroskopi - WARNING - RealTimePanel: Blue_450nm calibrated data uzunluk uyumsuzluğu (timestamps: 276, data: 70)
2026-01-21 19:25:19 - spektroskopi - WARNING - RealTimePanel: IR_850nm raw data uzunluk uyumsuzluğu (timestamps: 276, data: 68)
2026-01-21 19:25:19 - spektroskopi - WARNING - RealTimePanel: IR_850nm calibrated data uzunluk uyumsuzluğu (timestamps: 276, data: 68)
2026-01-21 19:25:19 - spektroskopi - WARNING - RealTimePanel: IR_940nm raw data uzunluk uyumsuzluğu (timestamps: 276, data: 68)
2026-01-21 19:25:19 - spektroskopi - WARNING - RealTimePanel: IR_940nm calibrated data uzunluk uyumsuzluğu (timestamps: 276, data: 68)
2026-01-21 19:25:19 - spektroskopi - INFO - Raspberry Pi'dan veri alındı: 6e400004-b5a3-f393-e0a9-e50e24dcca9e (Handle: 11): Unknown, uzunluk: 2
2026-01-21 19:25:19 - spektroskopi - INFO - Raspberry Pi verisi: Ham=389, Voltaj=389.000V
2026-01-21 19:25:19 - spektroskopi - INFO - Raspberry Pi verisi işlendi: SENSOR_7 = 389.000V
2026-01-21 19:25:19 - spektroskopi - INFO - Raspberry Pi'dan veri alındı: 6e400003-b5a3-f393-e0a9-e50e24dcca9e (Handle: 8): Nordic UART TX, uzunluk: 2
2026-01-21 19:25:19 - spektroskopi - INFO - Raspberry Pi verisi: Ham=533, Voltaj=533.000V
2026-01-21 19:25:19 - spektroskopi - INFO - Raspberry Pi verisi işlendi: SENSOR_5 = 533.000V
2026-01-21 19:25:19 - spektroskopi - INFO - Raspberry Pi'dan veri alındı: 6e400002-b5a3-f393-e0a9-e50e24dcca9e (Handle: 19): Nordic UART RX, uzunluk: 2
2026-01-21 19:25:19 - spektroskopi - INFO - Raspberry Pi verisi: Ham=2381, Voltaj=2381.000V
2026-01-21 19:25:19 - spektroskopi - INFO - Raspberry Pi verisi işlendi: SENSOR_2 = 2381.000V
2026-01-21 19:25:20 - spektroskopi - INFO - Raspberry Pi'dan veri alındı: 6e400005-b5a3-f393-e0a9-e50e24dcca9e (Handle: 16): Unknown, uzunluk: 2
2026-01-21 19:25:20 - spektroskopi - INFO - Raspberry Pi verisi: Ham=2433, Voltaj=2433.000V
2026-01-21 19:25:20 - spektroskopi - INFO - Raspberry Pi verisi işlendi: SENSOR_EXTRA = 2433.000V
2026-01-21 19:25:20 - spektroskopi - WARNING - Zaman sıralama düzeltildi (averaged): 2026-01-21 19:25:20.073227
2026-01-21 19:25:20 - spektroskopi - WARNING - Zaman sıralama düzeltildi (averaged): 2026-01-21 19:25:20.074227
2026-01-21 19:25:20 - spektroskopi - WARNING - Zaman sıralama düzeltildi (averaged): 2026-01-21 19:25:20.075227
2026-01-21 19:25:20 - spektroskopi - WARNING - Zaman sıralama düzeltildi (averaged): 2026-01-21 19:25:20.076227
2026-01-21 19:25:20 - spektroskopi - WARNING - RealTimePanel: UV_360nm raw data uzunluk uyumsuzluğu (timestamps: 284, data: 72)
2026-01-21 19:25:20 - spektroskopi - WARNING - RealTimePanel: UV_360nm calibrated data uzunluk uyumsuzluğu (timestamps: 284, data: 72)
2026-01-21 19:25:20 - spektroskopi - WARNING - RealTimePanel: Blue_450nm raw data uzunluk uyumsuzluğu (timestamps: 284, data: 72)
2026-01-21 19:25:20 - spektroskopi - WARNING - RealTimePanel: Blue_450nm calibrated data uzunluk uyumsuzluğu (timestamps: 284, data: 72)
2026-01-21 19:25:20 - spektroskopi - WARNING - RealTimePanel: IR_850nm raw data uzunluk uyumsuzluğu (timestamps: 284, data: 70)
2026-01-21 19:25:20 - spektroskopi - WARNING - RealTimePanel: IR_850nm calibrated data uzunluk uyumsuzluğu (timestamps: 284, data: 70)
2026-01-21 19:25:20 - spektroskopi - WARNING - RealTimePanel: IR_940nm raw data uzunluk uyumsuzluğu (timestamps: 284, data: 70)
2026-01-21 19:25:20 - spektroskopi - WARNING - RealTimePanel: IR_940nm calibrated data uzunluk uyumsuzluğu (timestamps: 284, data: 70)
2026-01-21 19:25:20 - spektroskopi - INFO - Raspberry Pi'dan veri alındı: 6e400004-b5a3-f393-e0a9-e50e24dcca9e (Handle: 11): Unknown, uzunluk: 2
2026-01-21 19:25:20 - spektroskopi - INFO - Raspberry Pi verisi: Ham=1223, Voltaj=1223.000V
2026-01-21 19:25:20 - spektroskopi - INFO - Raspberry Pi verisi işlendi: SENSOR_7 = 1223.000V
2026-01-21 19:25:20 - spektroskopi - INFO - Raspberry Pi'dan veri alındı: 6e400003-b5a3-f393-e0a9-e50e24dcca9e (Handle: 8): Nordic UART TX, uzunluk: 2
2026-01-21 19:25:20 - spektroskopi - INFO - Raspberry Pi verisi: Ham=762, Voltaj=762.000V
2026-01-21 19:25:20 - spektroskopi - INFO - Raspberry Pi verisi işlendi: SENSOR_5 = 762.000V
2026-01-21 19:25:20 - spektroskopi - INFO - Raspberry Pi'dan veri alındı: 6e400002-b5a3-f393-e0a9-e50e24dcca9e (Handle: 19): Nordic UART RX, uzunluk: 2
2026-01-21 19:25:20 - spektroskopi - INFO - Raspberry Pi verisi: Ham=2774, Voltaj=2774.000V
2026-01-21 19:25:20 - spektroskopi - INFO - Raspberry Pi verisi işlendi: SENSOR_2 = 2774.000V
2026-01-21 19:25:20 - spektroskopi - INFO - Raspberry Pi'dan veri alındı: 6e400005-b5a3-f393-e0a9-e50e24dcca9e (Handle: 16): Unknown, uzunluk: 2
2026-01-21 19:25:20 - spektroskopi - INFO - Raspberry Pi verisi: Ham=2421, Voltaj=2421.000V
2026-01-21 19:25:20 - spektroskopi - INFO - Raspberry Pi verisi işlendi: SENSOR_EXTRA = 2421.000V
2026-01-21 19:25:21 - spektroskopi - WARNING - Zaman sıralama düzeltildi (averaged): 2026-01-21 19:25:20.944267
2026-01-21 19:25:21 - spektroskopi - WARNING - Zaman sıralama düzeltildi (averaged): 2026-01-21 19:25:20.945267
2026-01-21 19:25:21 - spektroskopi - WARNING - Zaman sıralama düzeltildi (averaged): 2026-01-21 19:25:20.946267
2026-01-21 19:25:21 - spektroskopi - WARNING - Zaman sıralama düzeltildi (averaged): 2026-01-21 19:25:20.947267
2026-01-21 19:25:21 - spektroskopi - WARNING - RealTimePanel: UV_360nm raw data uzunluk uyumsuzluğu (timestamps: 292, data: 74)
2026-01-21 19:25:21 - spektroskopi - WARNING - RealTimePanel: UV_360nm calibrated data uzunluk uyumsuzluğu (timestamps: 292, data: 74)
2026-01-21 19:25:21 - spektroskopi - WARNING - RealTimePanel: Blue_450nm raw data uzunluk uyumsuzluğu (timestamps: 292, data: 74)
2026-01-21 19:25:21 - spektroskopi - WARNING - RealTimePanel: Blue_450nm calibrated data uzunluk uyumsuzluğu (timestamps: 292, data: 74)
2026-01-21 19:25:21 - spektroskopi - WARNING - RealTimePanel: IR_850nm raw data uzunluk uyumsuzluğu (timestamps: 292, data: 72)
2026-01-21 19:25:21 - spektroskopi - WARNING - RealTimePanel: IR_850nm calibrated data uzunluk uyumsuzluğu (timestamps: 292, data: 72)
2026-01-21 19:25:21 - spektroskopi - WARNING - RealTimePanel: IR_940nm raw data uzunluk uyumsuzluğu (timestamps: 292, data: 72)
2026-01-21 19:25:21 - spektroskopi - WARNING - RealTimePanel: IR_940nm calibrated data uzunluk uyumsuzluğu (timestamps: 292, data: 72)
2026-01-21 19:25:21 - spektroskopi - INFO - Raspberry Pi'dan veri alındı: 6e400004-b5a3-f393-e0a9-e50e24dcca9e (Handle: 11): Unknown, uzunluk: 2
2026-01-21 19:25:21 - spektroskopi - INFO - Raspberry Pi verisi: Ham=1182, Voltaj=1182.000V
2026-01-21 19:25:21 - spektroskopi - INFO - Raspberry Pi verisi işlendi: SENSOR_7 = 1182.000V
2026-01-21 19:25:21 - spektroskopi - INFO - Raspberry Pi'dan veri alındı: 6e400003-b5a3-f393-e0a9-e50e24dcca9e (Handle: 8): Nordic UART TX, uzunluk: 2
2026-01-21 19:25:21 - spektroskopi - INFO - Raspberry Pi verisi: Ham=822, Voltaj=822.000V
2026-01-21 19:25:21 - spektroskopi - INFO - Raspberry Pi verisi işlendi: SENSOR_5 = 822.000V
2026-01-21 19:25:21 - spektroskopi - INFO - Raspberry Pi'dan veri alındı: 6e400002-b5a3-f393-e0a9-e50e24dcca9e (Handle: 19): Nordic UART RX, uzunluk: 2
2026-01-21 19:25:21 - spektroskopi - INFO - Raspberry Pi verisi: Ham=2737, Voltaj=2737.000V
2026-01-21 19:25:21 - spektroskopi - INFO - Raspberry Pi verisi işlendi: SENSOR_2 = 2737.000V
2026-01-21 19:25:21 - spektroskopi - INFO - Raspberry Pi'dan veri alındı: 6e400005-b5a3-f393-e0a9-e50e24dcca9e (Handle: 16): Unknown, uzunluk: 2
2026-01-21 19:25:21 - spektroskopi - INFO - Raspberry Pi verisi: Ham=2463, Voltaj=2463.000V
2026-01-21 19:25:21 - spektroskopi - INFO - Raspberry Pi verisi işlendi: SENSOR_EXTRA = 2463.000V
2026-01-21 19:25:22 - spektroskopi - INFO - Raspberry Pi'dan veri alındı: 6e400004-b5a3-f393-e0a9-e50e24dcca9e (Handle: 11): Unknown, uzunluk: 2
2026-01-21 19:25:22 - spektroskopi - INFO - Raspberry Pi verisi: Ham=1435, Voltaj=1435.000V
2026-01-21 19:25:22 - spektroskopi - INFO - Raspberry Pi verisi işlendi: SENSOR_7 = 1435.000V
2026-01-21 19:25:22 - spektroskopi - WARNING - Zaman sıralama düzeltildi (averaged): 2026-01-21 19:25:22.084034
2026-01-21 19:25:22 - spektroskopi - WARNING - Zaman sıralama düzeltildi (averaged): 2026-01-21 19:25:22.085034
2026-01-21 19:25:22 - spektroskopi - WARNING - Zaman sıralama düzeltildi (averaged): 2026-01-21 19:25:22.086034
2026-01-21 19:25:22 - spektroskopi - WARNING - Zaman sıralama düzeltildi (averaged): 2026-01-21 19:25:22.087034
2026-01-21 19:25:22 - spektroskopi - WARNING - Zaman sıralama düzeltildi (averaged): 2026-01-21 19:25:22.088034
2026-01-21 19:25:22 - spektroskopi - WARNING - RealTimePanel: UV_360nm raw data uzunluk uyumsuzluğu (timestamps: 302, data: 76)
2026-01-21 19:25:22 - spektroskopi - WARNING - RealTimePanel: UV_360nm calibrated data uzunluk uyumsuzluğu (timestamps: 302, data: 76)
2026-01-21 19:25:22 - spektroskopi - WARNING - RealTimePanel: Blue_450nm raw data uzunluk uyumsuzluğu (timestamps: 302, data: 76)
2026-01-21 19:25:22 - spektroskopi - WARNING - RealTimePanel: Blue_450nm calibrated data uzunluk uyumsuzluğu (timestamps: 302, data: 76)
2026-01-21 19:25:22 - spektroskopi - WARNING - RealTimePanel: IR_850nm raw data uzunluk uyumsuzluğu (timestamps: 302, data: 76)
2026-01-21 19:25:22 - spektroskopi - WARNING - RealTimePanel: IR_850nm calibrated data uzunluk uyumsuzluğu (timestamps: 302, data: 76)
2026-01-21 19:25:22 - spektroskopi - WARNING - RealTimePanel: IR_940nm raw data uzunluk uyumsuzluğu (timestamps: 302, data: 74)
2026-01-21 19:25:22 - spektroskopi - WARNING - RealTimePanel: IR_940nm calibrated data uzunluk uyumsuzluğu (timestamps: 302, data: 74)
2026-01-21 19:25:22 - spektroskopi - INFO - Raspberry Pi'dan veri alındı: 6e400003-b5a3-f393-e0a9-e50e24dcca9e (Handle: 8): Nordic UART TX, uzunluk: 2
2026-01-21 19:25:22 - spektroskopi - INFO - Raspberry Pi verisi: Ham=954, Voltaj=954.000V
2026-01-21 19:25:22 - spektroskopi - INFO - Raspberry Pi verisi işlendi: SENSOR_5 = 954.000V
2026-01-21 19:25:22 - spektroskopi - INFO - Raspberry Pi'dan veri alındı: 6e400002-b5a3-f393-e0a9-e50e24dcca9e (Handle: 19): Nordic UART RX, uzunluk: 2
2026-01-21 19:25:22 - spektroskopi - INFO - Raspberry Pi verisi: Ham=3254, Voltaj=3254.000V
2026-01-21 19:25:22 - spektroskopi - INFO - Raspberry Pi verisi işlendi: SENSOR_2 = 3254.000V
2026-01-21 19:25:22 - spektroskopi - INFO - Raspberry Pi'dan veri alındı: 6e400005-b5a3-f393-e0a9-e50e24dcca9e (Handle: 16): Unknown, uzunluk: 2
2026-01-21 19:25:22 - spektroskopi - INFO - Raspberry Pi verisi: Ham=3071, Voltaj=3071.000V
2026-01-21 19:25:22 - spektroskopi - INFO - Raspberry Pi verisi işlendi: SENSOR_EXTRA = 3071.000V
2026-01-21 19:25:22 - spektroskopi - INFO - Raspberry Pi'dan veri alındı: 6e400004-b5a3-f393-e0a9-e50e24dcca9e (Handle: 11): Unknown, uzunluk: 2
2026-01-21 19:25:22 - spektroskopi - INFO - Raspberry Pi verisi: Ham=1449, Voltaj=1449.000V
2026-01-21 19:25:22 - spektroskopi - INFO - Raspberry Pi verisi işlendi: SENSOR_7 = 1449.000V
2026-01-21 19:25:23 - spektroskopi - WARNING - Zaman sıralama düzeltildi (averaged): 2026-01-21 19:25:22.953359
2026-01-21 19:25:23 - spektroskopi - WARNING - Zaman sıralama düzeltildi (averaged): 2026-01-21 19:25:22.954359
2026-01-21 19:25:23 - spektroskopi - WARNING - Zaman sıralama düzeltildi (averaged): 2026-01-21 19:25:22.955359
2026-01-21 19:25:23 - spektroskopi - WARNING - Zaman sıralama düzeltildi (averaged): 2026-01-21 19:25:22.956359
2026-01-21 19:25:23 - spektroskopi - WARNING - RealTimePanel: UV_360nm raw data uzunluk uyumsuzluğu (timestamps: 310, data: 78)
2026-01-21 19:25:23 - spektroskopi - WARNING - RealTimePanel: UV_360nm calibrated data uzunluk uyumsuzluğu (timestamps: 310, data: 78)
2026-01-21 19:25:23 - spektroskopi - WARNING - RealTimePanel: Blue_450nm raw data uzunluk uyumsuzluğu (timestamps: 310, data: 78)
2026-01-21 19:25:23 - spektroskopi - WARNING - RealTimePanel: Blue_450nm calibrated data uzunluk uyumsuzluğu (timestamps: 310, data: 78)
2026-01-21 19:25:23 - spektroskopi - WARNING - RealTimePanel: IR_850nm raw data uzunluk uyumsuzluğu (timestamps: 310, data: 78)
2026-01-21 19:25:23 - spektroskopi - WARNING - RealTimePanel: IR_850nm calibrated data uzunluk uyumsuzluğu (timestamps: 310, data: 78)
2026-01-21 19:25:23 - spektroskopi - WARNING - RealTimePanel: IR_940nm raw data uzunluk uyumsuzluğu (timestamps: 310, data: 76)
2026-01-21 19:25:23 - spektroskopi - WARNING - RealTimePanel: IR_940nm calibrated data uzunluk uyumsuzluğu (timestamps: 310, data: 76)
2026-01-21 19:25:23 - spektroskopi - INFO - Raspberry Pi'dan veri alındı: 6e400003-b5a3-f393-e0a9-e50e24dcca9e (Handle: 8): Nordic UART TX, uzunluk: 2
2026-01-21 19:25:23 - spektroskopi - INFO - Raspberry Pi verisi: Ham=968, Voltaj=968.000V
2026-01-21 19:25:23 - spektroskopi - INFO - Raspberry Pi verisi işlendi: SENSOR_5 = 968.000V
2026-01-21 19:25:23 - spektroskopi - INFO - Raspberry Pi'dan veri alındı: 6e400002-b5a3-f393-e0a9-e50e24dcca9e (Handle: 19): Nordic UART RX, uzunluk: 2
2026-01-21 19:25:23 - spektroskopi - INFO - Raspberry Pi verisi: Ham=2278, Voltaj=2278.000V
2026-01-21 19:25:23 - spektroskopi - INFO - Raspberry Pi verisi işlendi: SENSOR_2 = 2278.000V
2026-01-21 19:25:23 - spektroskopi - INFO - Raspberry Pi'dan veri alındı: 6e400005-b5a3-f393-e0a9-e50e24dcca9e (Handle: 16): Unknown, uzunluk: 2
2026-01-21 19:25:23 - spektroskopi - INFO - Raspberry Pi verisi: Ham=2153, Voltaj=2153.000V
2026-01-21 19:25:23 - spektroskopi - INFO - Raspberry Pi verisi işlendi: SENSOR_EXTRA = 2153.000V
2026-01-21 19:25:23 - spektroskopi - INFO - Raspberry Pi'dan veri alındı: 6e400004-b5a3-f393-e0a9-e50e24dcca9e (Handle: 11): Unknown, uzunluk: 2
2026-01-21 19:25:23 - spektroskopi - INFO - Raspberry Pi verisi: Ham=1463, Voltaj=1463.000V
2026-01-21 19:25:23 - spektroskopi - INFO - Raspberry Pi verisi işlendi: SENSOR_7 = 1463.000V
2026-01-21 19:25:24 - spektroskopi - INFO - Raspberry Pi'dan veri alındı: 6e400003-b5a3-f393-e0a9-e50e24dcca9e (Handle: 8): Nordic UART TX, uzunluk: 2
2026-01-21 19:25:24 - spektroskopi - INFO - Raspberry Pi verisi: Ham=970, Voltaj=970.000V
2026-01-21 19:25:24 - spektroskopi - INFO - Raspberry Pi verisi işlendi: SENSOR_5 = 970.000V
2026-01-21 19:25:24 - spektroskopi - WARNING - Zaman sıralama düzeltildi (averaged): 2026-01-21 19:25:24.094648
2026-01-21 19:25:24 - spektroskopi - WARNING - Zaman sıralama düzeltildi (averaged): 2026-01-21 19:25:24.095648
2026-01-21 19:25:24 - spektroskopi - WARNING - Zaman sıralama düzeltildi (averaged): 2026-01-21 19:25:24.096648
2026-01-21 19:25:24 - spektroskopi - WARNING - Zaman sıralama düzeltildi (averaged): 2026-01-21 19:25:24.097648
2026-01-21 19:25:24 - spektroskopi - WARNING - Zaman sıralama düzeltildi (averaged): 2026-01-21 19:25:24.098648
2026-01-21 19:25:24 - spektroskopi - WARNING - RealTimePanel: UV_360nm raw data uzunluk uyumsuzluğu (timestamps: 320, data: 80)
2026-01-21 19:25:24 - spektroskopi - WARNING - RealTimePanel: UV_360nm calibrated data uzunluk uyumsuzluğu (timestamps: 320, data: 80)
2026-01-21 19:25:24 - spektroskopi - WARNING - RealTimePanel: Blue_450nm raw data uzunluk uyumsuzluğu (timestamps: 320, data: 80)
2026-01-21 19:25:24 - spektroskopi - WARNING - RealTimePanel: Blue_450nm calibrated data uzunluk uyumsuzluğu (timestamps: 320, data: 80)
2026-01-21 19:25:24 - spektroskopi - WARNING - RealTimePanel: IR_850nm raw data uzunluk uyumsuzluğu (timestamps: 320, data: 80)
2026-01-21 19:25:24 - spektroskopi - WARNING - RealTimePanel: IR_850nm calibrated data uzunluk uyumsuzluğu (timestamps: 320, data: 80)
2026-01-21 19:25:24 - spektroskopi - WARNING - RealTimePanel: IR_940nm raw data uzunluk uyumsuzluğu (timestamps: 320, data: 80)
2026-01-21 19:25:24 - spektroskopi - WARNING - RealTimePanel: IR_940nm calibrated data uzunluk uyumsuzluğu (timestamps: 320, data: 80)
2026-01-21 19:25:24 - spektroskopi - INFO - Raspberry Pi'dan veri alındı: 6e400002-b5a3-f393-e0a9-e50e24dcca9e (Handle: 19): Nordic UART RX, uzunluk: 2
2026-01-21 19:25:24 - spektroskopi - INFO - Raspberry Pi verisi: Ham=2442, Voltaj=2442.000V
2026-01-21 19:25:24 - spektroskopi - INFO - Raspberry Pi verisi işlendi: SENSOR_2 = 2442.000V
2026-01-21 19:25:24 - spektroskopi - INFO - Raspberry Pi'dan veri alındı: 6e400005-b5a3-f393-e0a9-e50e24dcca9e (Handle: 16): Unknown, uzunluk: 2
2026-01-21 19:25:24 - spektroskopi - INFO - Raspberry Pi verisi: Ham=2317, Voltaj=2317.000V
2026-01-21 19:25:24 - spektroskopi - INFO - Raspberry Pi verisi işlendi: SENSOR_EXTRA = 2317.000V
2026-01-21 19:25:24 - spektroskopi - INFO - Raspberry Pi'dan veri alındı: 6e400004-b5a3-f393-e0a9-e50e24dcca9e (Handle: 11): Unknown, uzunluk: 2
2026-01-21 19:25:24 - spektroskopi - INFO - Raspberry Pi verisi: Ham=1463, Voltaj=1463.000V
2026-01-21 19:25:24 - spektroskopi - INFO - Raspberry Pi verisi işlendi: SENSOR_7 = 1463.000V
2026-01-21 19:25:24 - spektroskopi - INFO - Raspberry Pi'dan veri alındı: 6e400003-b5a3-f393-e0a9-e50e24dcca9e (Handle: 8): Nordic UART TX, uzunluk: 2
2026-01-21 19:25:24 - spektroskopi - INFO - Raspberry Pi verisi: Ham=976, Voltaj=976.000V
2026-01-21 19:25:24 - spektroskopi - INFO - Raspberry Pi verisi işlendi: SENSOR_5 = 976.000V
2026-01-21 19:25:25 - spektroskopi - INFO - Raspberry Pi'dan veri alındı: 6e400002-b5a3-f393-e0a9-e50e24dcca9e (Handle: 19): Nordic UART RX, uzunluk: 2
2026-01-21 19:25:25 - spektroskopi - INFO - Raspberry Pi verisi: Ham=2493, Voltaj=2493.000V
2026-01-21 19:25:25 - spektroskopi - INFO - Raspberry Pi verisi işlendi: SENSOR_2 = 2493.000V
2026-01-21 19:25:25 - spektroskopi - WARNING - Zaman sıralama düzeltildi (averaged): 2026-01-21 19:25:25.083199
2026-01-21 19:25:25 - spektroskopi - WARNING - Zaman sıralama düzeltildi (averaged): 2026-01-21 19:25:25.084199
2026-01-21 19:25:25 - spektroskopi - WARNING - Zaman sıralama düzeltildi (averaged): 2026-01-21 19:25:25.085199
2026-01-21 19:25:25 - spektroskopi - WARNING - Zaman sıralama düzeltildi (averaged): 2026-01-21 19:25:25.086199
2026-01-21 19:25:25 - spektroskopi - WARNING - Zaman sıralama düzeltildi (averaged): 2026-01-21 19:25:25.087199
2026-01-21 19:25:25 - spektroskopi - WARNING - RealTimePanel: UV_360nm raw data uzunluk uyumsuzluğu (timestamps: 330, data: 84)
2026-01-21 19:25:25 - spektroskopi - WARNING - RealTimePanel: UV_360nm calibrated data uzunluk uyumsuzluğu (timestamps: 330, data: 84)
2026-01-21 19:25:25 - spektroskopi - WARNING - RealTimePanel: Blue_450nm raw data uzunluk uyumsuzluğu (timestamps: 330, data: 82)
2026-01-21 19:25:25 - spektroskopi - WARNING - RealTimePanel: Blue_450nm calibrated data uzunluk uyumsuzluğu (timestamps: 330, data: 82)
2026-01-21 19:25:25 - spektroskopi - WARNING - RealTimePanel: IR_850nm raw data uzunluk uyumsuzluğu (timestamps: 330, data: 82)
2026-01-21 19:25:25 - spektroskopi - WARNING - RealTimePanel: IR_850nm calibrated data uzunluk uyumsuzluğu (timestamps: 330, data: 82)
2026-01-21 19:25:25 - spektroskopi - WARNING - RealTimePanel: IR_940nm raw data uzunluk uyumsuzluğu (timestamps: 330, data: 82)
2026-01-21 19:25:25 - spektroskopi - WARNING - RealTimePanel: IR_940nm calibrated data uzunluk uyumsuzluğu (timestamps: 330, data: 82)
2026-01-21 19:25:25 - spektroskopi - INFO - Raspberry Pi'dan veri alındı: 6e400005-b5a3-f393-e0a9-e50e24dcca9e (Handle: 16): Unknown, uzunluk: 2
2026-01-21 19:25:25 - spektroskopi - INFO - Raspberry Pi verisi: Ham=2328, Voltaj=2328.000V
2026-01-21 19:25:25 - spektroskopi - INFO - Raspberry Pi verisi işlendi: SENSOR_EXTRA = 2328.000V
2026-01-21 19:25:25 - spektroskopi - INFO - Raspberry Pi'dan veri alındı: 6e400004-b5a3-f393-e0a9-e50e24dcca9e (Handle: 11): Unknown, uzunluk: 2
2026-01-21 19:25:25 - spektroskopi - INFO - Raspberry Pi verisi: Ham=1456, Voltaj=1456.000V
2026-01-21 19:25:25 - spektroskopi - INFO - Raspberry Pi verisi işlendi: SENSOR_7 = 1456.000V
2026-01-21 19:25:25 - spektroskopi - INFO - Raspberry Pi'dan veri alındı: 6e400003-b5a3-f393-e0a9-e50e24dcca9e (Handle: 8): Nordic UART TX, uzunluk: 2
2026-01-21 19:25:25 - spektroskopi - INFO - Raspberry Pi verisi: Ham=971, Voltaj=971.000V
2026-01-21 19:25:25 - spektroskopi - INFO - Raspberry Pi verisi işlendi: SENSOR_5 = 971.000V
2026-01-21 19:25:25 - spektroskopi - INFO - Raspberry Pi'dan veri alındı: 6e400002-b5a3-f393-e0a9-e50e24dcca9e (Handle: 19): Nordic UART RX, uzunluk: 2
2026-01-21 19:25:25 - spektroskopi - INFO - Raspberry Pi verisi: Ham=2645, Voltaj=2645.000V
2026-01-21 19:25:25 - spektroskopi - INFO - Raspberry Pi verisi işlendi: SENSOR_2 = 2645.000V
2026-01-21 19:25:26 - spektroskopi - WARNING - Zaman sıralama düzeltildi (averaged): 2026-01-21 19:25:25.953360
2026-01-21 19:25:26 - spektroskopi - WARNING - Zaman sıralama düzeltildi (averaged): 2026-01-21 19:25:25.954360
2026-01-21 19:25:26 - spektroskopi - WARNING - Zaman sıralama düzeltildi (averaged): 2026-01-21 19:25:25.955360
2026-01-21 19:25:26 - spektroskopi - WARNING - Zaman sıralama düzeltildi (averaged): 2026-01-21 19:25:25.956360
2026-01-21 19:25:26 - spektroskopi - WARNING - RealTimePanel: UV_360nm raw data uzunluk uyumsuzluğu (timestamps: 338, data: 86)
2026-01-21 19:25:26 - spektroskopi - WARNING - RealTimePanel: UV_360nm calibrated data uzunluk uyumsuzluğu (timestamps: 338, data: 86)
2026-01-21 19:25:26 - spektroskopi - WARNING - RealTimePanel: Blue_450nm raw data uzunluk uyumsuzluğu (timestamps: 338, data: 84)
2026-01-21 19:25:26 - spektroskopi - WARNING - RealTimePanel: Blue_450nm calibrated data uzunluk uyumsuzluğu (timestamps: 338, data: 84)
2026-01-21 19:25:26 - spektroskopi - WARNING - RealTimePanel: IR_850nm raw data uzunluk uyumsuzluğu (timestamps: 338, data: 84)
2026-01-21 19:25:26 - spektroskopi - WARNING - RealTimePanel: IR_850nm calibrated data uzunluk uyumsuzluğu (timestamps: 338, data: 84)
2026-01-21 19:25:26 - spektroskopi - WARNING - RealTimePanel: IR_940nm raw data uzunluk uyumsuzluğu (timestamps: 338, data: 84)
2026-01-21 19:25:26 - spektroskopi - WARNING - RealTimePanel: IR_940nm calibrated data uzunluk uyumsuzluğu (timestamps: 338, data: 84)
2026-01-21 19:25:27 - spektroskopi - WARNING - BLE cihazı bağlantısı kesildi
2026-01-21 19:25:27 - spektroskopi - INFO - CONNECTION SUCCESS: sensor-1 - DISCONNECTED
2026-01-21 19:25:27 - spektroskopi - INFO - BLE bağlantısı kesildi
2026-01-21 19:25:27 - spektroskopi - INFO - Bağlantı koptu - LED kontrolleri devre dışı bırakıldı
2026-01-21 19:25:27 - spektroskopi - INFO - BLE bağlantı kopma callback çağrıldı: sensor-1
2026-01-21 19:25:27 - spektroskopi - WARNING - RealTimePanel: UV_360nm raw data uzunluk uyumsuzluğu (timestamps: 338, data: 86)
2026-01-21 19:25:27 - spektroskopi - WARNING - RealTimePanel: UV_360nm calibrated data uzunluk uyumsuzluğu (timestamps: 338, data: 86)
2026-01-21 19:25:27 - spektroskopi - WARNING - RealTimePanel: Blue_450nm raw data uzunluk uyumsuzluğu (timestamps: 338, data: 84)
2026-01-21 19:25:27 - spektroskopi - WARNING - RealTimePanel: Blue_450nm calibrated data uzunluk uyumsuzluğu (timestamps: 338, data: 84)
2026-01-21 19:25:27 - spektroskopi - WARNING - RealTimePanel: IR_850nm raw data uzunluk uyumsuzluğu (timestamps: 338, data: 84)
2026-01-21 19:25:27 - spektroskopi - WARNING - RealTimePanel: IR_850nm calibrated data uzunluk uyumsuzluğu (timestamps: 338, data: 84)
2026-01-21 19:25:27 - spektroskopi - WARNING - RealTimePanel: IR_940nm raw data uzunluk uyumsuzluğu (timestamps: 338, data: 84)
2026-01-21 19:25:27 - spektroskopi - WARNING - RealTimePanel: IR_940nm calibrated data uzunluk uyumsuzluğu (timestamps: 338, data: 84)
2026-01-21 19:25:28 - spektroskopi - WARNING - RealTimePanel: UV_360nm raw data uzunluk uyumsuzluğu (timestamps: 338, data: 86)
2026-01-21 19:25:28 - spektroskopi - WARNING - RealTimePanel: UV_360nm calibrated data uzunluk uyumsuzluğu (timestamps: 338, data: 86)
2026-01-21 19:25:28 - spektroskopi - WARNING - RealTimePanel: Blue_450nm raw data uzunluk uyumsuzluğu (timestamps: 338, data: 84)
2026-01-21 19:25:28 - spektroskopi - WARNING - RealTimePanel: Blue_450nm calibrated data uzunluk uyumsuzluğu (timestamps: 338, data: 84)
2026-01-21 19:25:28 - spektroskopi - WARNING - RealTimePanel: IR_850nm raw data uzunluk uyumsuzluğu (timestamps: 338, data: 84)
2026-01-21 19:25:28 - spektroskopi - WARNING - RealTimePanel: IR_850nm calibrated data uzunluk uyumsuzluğu (timestamps: 338, data: 84)
2026-01-21 19:25:28 - spektroskopi - WARNING - RealTimePanel: IR_940nm raw data uzunluk uyumsuzluğu (timestamps: 338, data: 84)
2026-01-21 19:25:28 - spektroskopi - WARNING - RealTimePanel: IR_940nm calibrated data uzunluk uyumsuzluğu (timestamps: 338, data: 84)
2026-01-21 19:25:29 - spektroskopi - WARNING - RealTimePanel: UV_360nm raw data uzunluk uyumsuzluğu (timestamps: 338, data: 86)
2026-01-21 19:25:29 - spektroskopi - WARNING - RealTimePanel: UV_360nm calibrated data uzunluk uyumsuzluğu (timestamps: 338, data: 86)
2026-01-21 19:25:29 - spektroskopi - WARNING - RealTimePanel: Blue_450nm raw data uzunluk uyumsuzluğu (timestamps: 338, data: 84)
2026-01-21 19:25:29 - spektroskopi - WARNING - RealTimePanel: Blue_450nm calibrated data uzunluk uyumsuzluğu (timestamps: 338, data: 84)
2026-01-21 19:25:29 - spektroskopi - WARNING - RealTimePanel: IR_850nm raw data uzunluk uyumsuzluğu (timestamps: 338, data: 84)
2026-01-21 19:25:29 - spektroskopi - WARNING - RealTimePanel: IR_850nm calibrated data uzunluk uyumsuzluğu (timestamps: 338, data: 84)
2026-01-21 19:25:29 - spektroskopi - WARNING - RealTimePanel: IR_940nm raw data uzunluk uyumsuzluğu (timestamps: 338, data: 84)
2026-01-21 19:25:29 - spektroskopi - WARNING - RealTimePanel: IR_940nm calibrated data uzunluk uyumsuzluğu (timestamps: 338, data: 84)
2026-01-21 19:25:30 - spektroskopi - WARNING - RealTimePanel: UV_360nm raw data uzunluk uyumsuzluğu (timestamps: 338, data: 86)
2026-01-21 19:25:30 - spektroskopi - WARNING - RealTimePanel: UV_360nm calibrated data uzunluk uyumsuzluğu (timestamps: 338, data: 86)
2026-01-21 19:25:30 - spektroskopi - WARNING - RealTimePanel: Blue_450nm raw data uzunluk uyumsuzluğu (timestamps: 338, data: 84)
2026-01-21 19:25:30 - spektroskopi - WARNING - RealTimePanel: Blue_450nm calibrated data uzunluk uyumsuzluğu (timestamps: 338, data: 84)
2026-01-21 19:25:30 - spektroskopi - WARNING - RealTimePanel: IR_850nm raw data uzunluk uyumsuzluğu (timestamps: 338, data: 84)
2026-01-21 19:25:30 - spektroskopi - WARNING - RealTimePanel: IR_850nm calibrated data uzunluk uyumsuzluğu (timestamps: 338, data: 84)
2026-01-21 19:25:30 - spektroskopi - WARNING - RealTimePanel: IR_940nm raw data uzunluk uyumsuzluğu (timestamps: 338, data: 84)
2026-01-21 19:25:30 - spektroskopi - WARNING - RealTimePanel: IR_940nm calibrated data uzunluk uyumsuzluğu (timestamps: 338, data: 84)
2026-01-21 19:25:31 - spektroskopi - WARNING - RealTimePanel: UV_360nm raw data uzunluk uyumsuzluğu (timestamps: 338, data: 86)
2026-01-21 19:25:31 - spektroskopi - WARNING - RealTimePanel: UV_360nm calibrated data uzunluk uyumsuzluğu (timestamps: 338, data: 86)
2026-01-21 19:25:31 - spektroskopi - WARNING - RealTimePanel: Blue_450nm raw data uzunluk uyumsuzluğu (timestamps: 338, data: 84)
2026-01-21 19:25:31 - spektroskopi - WARNING - RealTimePanel: Blue_450nm calibrated data uzunluk uyumsuzluğu (timestamps: 338, data: 84)
2026-01-21 19:25:31 - spektroskopi - WARNING - RealTimePanel: IR_850nm raw data uzunluk uyumsuzluğu (timestamps: 338, data: 84)
2026-01-21 19:25:31 - spektroskopi - WARNING - RealTimePanel: IR_850nm calibrated data uzunluk uyumsuzluğu (timestamps: 338, data: 84)
2026-01-21 19:25:31 - spektroskopi - WARNING - RealTimePanel: IR_940nm raw data uzunluk uyumsuzluğu (timestamps: 338, data: 84)
2026-01-21 19:25:31 - spektroskopi - WARNING - RealTimePanel: IR_940nm calibrated data uzunluk uyumsuzluğu (timestamps: 338, data: 84)
2026-01-21 19:25:32 - spektroskopi - WARNING - RealTimePanel: UV_360nm raw data uzunluk uyumsuzluğu (timestamps: 338, data: 86)
2026-01-21 19:25:32 - spektroskopi - WARNING - RealTimePanel: UV_360nm calibrated data uzunluk uyumsuzluğu (timestamps: 338, data: 86)
2026-01-21 19:25:32 - spektroskopi - WARNING - RealTimePanel: Blue_450nm raw data uzunluk uyumsuzluğu (timestamps: 338, data: 84)
2026-01-21 19:25:32 - spektroskopi - WARNING - RealTimePanel: Blue_450nm calibrated data uzunluk uyumsuzluğu (timestamps: 338, data: 84)
2026-01-21 19:25:32 - spektroskopi - WARNING - RealTimePanel: IR_850nm raw data uzunluk uyumsuzluğu (timestamps: 338, data: 84)
2026-01-21 19:25:32 - spektroskopi - WARNING - RealTimePanel: IR_850nm calibrated data uzunluk uyumsuzluğu (timestamps: 338, data: 84)
2026-01-21 19:25:32 - spektroskopi - WARNING - RealTimePanel: IR_940nm raw data uzunluk uyumsuzluğu (timestamps: 338, data: 84)
2026-01-21 19:25:32 - spektroskopi - WARNING - RealTimePanel: IR_940nm calibrated data uzunluk uyumsuzluğu (timestamps: 338, data: 84)
2026-01-21 19:25:33 - spektroskopi - WARNING - RealTimePanel: UV_360nm raw data uzunluk uyumsuzluğu (timestamps: 338, data: 86)
2026-01-21 19:25:33 - spektroskopi - WARNING - RealTimePanel: UV_360nm calibrated data uzunluk uyumsuzluğu (timestamps: 338, data: 86)
2026-01-21 19:25:33 - spektroskopi - WARNING - RealTimePanel: Blue_450nm raw data uzunluk uyumsuzluğu (timestamps: 338, data: 84)
2026-01-21 19:25:33 - spektroskopi - WARNING - RealTimePanel: Blue_450nm calibrated data uzunluk uyumsuzluğu (timestamps: 338, data: 84)
2026-01-21 19:25:33 - spektroskopi - WARNING - RealTimePanel: IR_850nm raw data uzunluk uyumsuzluğu (timestamps: 338, data: 84)
2026-01-21 19:25:33 - spektroskopi - WARNING - RealTimePanel: IR_850nm calibrated data uzunluk uyumsuzluğu (timestamps: 338, data: 84)
2026-01-21 19:25:33 - spektroskopi - WARNING - RealTimePanel: IR_940nm raw data uzunluk uyumsuzluğu (timestamps: 338, data: 84)
2026-01-21 19:25:33 - spektroskopi - WARNING - RealTimePanel: IR_940nm calibrated data uzunluk uyumsuzluğu (timestamps: 338, data: 84)
2026-01-21 19:25:34 - spektroskopi - WARNING - RealTimePanel: UV_360nm raw data uzunluk uyumsuzluğu (timestamps: 338, data: 86)
2026-01-21 19:25:34 - spektroskopi - WARNING - RealTimePanel: UV_360nm calibrated data uzunluk uyumsuzluğu (timestamps: 338, data: 86)
2026-01-21 19:25:34 - spektroskopi - WARNING - RealTimePanel: Blue_450nm raw data uzunluk uyumsuzluğu (timestamps: 338, data: 84)
2026-01-21 19:25:34 - spektroskopi - WARNING - RealTimePanel: Blue_450nm calibrated data uzunluk uyumsuzluğu (timestamps: 338, data: 84)
2026-01-21 19:25:34 - spektroskopi - WARNING - RealTimePanel: IR_850nm raw data uzunluk uyumsuzluğu (timestamps: 338, data: 84)
2026-01-21 19:25:34 - spektroskopi - WARNING - RealTimePanel: IR_850nm calibrated data uzunluk uyumsuzluğu (timestamps: 338, data: 84)
2026-01-21 19:25:34 - spektroskopi - WARNING - RealTimePanel: IR_940nm raw data uzunluk uyumsuzluğu (timestamps: 338, data: 84)
2026-01-21 19:25:34 - spektroskopi - WARNING - RealTimePanel: IR_940nm calibrated data uzunluk uyumsuzluğu (timestamps: 338, data: 84)
2026-01-21 19:25:35 - spektroskopi - WARNING - RealTimePanel: UV_360nm raw data uzunluk uyumsuzluğu (timestamps: 338, data: 86)
2026-01-21 19:25:35 - spektroskopi - WARNING - RealTimePanel: UV_360nm calibrated data uzunluk uyumsuzluğu (timestamps: 338, data: 86)
2026-01-21 19:25:35 - spektroskopi - WARNING - RealTimePanel: Blue_450nm raw data uzunluk uyumsuzluğu (timestamps: 338, data: 84)
2026-01-21 19:25:35 - spektroskopi - WARNING - RealTimePanel: Blue_450nm calibrated data uzunluk uyumsuzluğu (timestamps: 338, data: 84)
2026-01-21 19:25:35 - spektroskopi - WARNING - RealTimePanel: IR_850nm raw data uzunluk uyumsuzluğu (timestamps: 338, data: 84)
2026-01-21 19:25:35 - spektroskopi - WARNING - RealTimePanel: IR_850nm calibrated data uzunluk uyumsuzluğu (timestamps: 338, data: 84)
2026-01-21 19:25:35 - spektroskopi - WARNING - RealTimePanel: IR_940nm raw data uzunluk uyumsuzluğu (timestamps: 338, data: 84)
2026-01-21 19:25:35 - spektroskopi - WARNING - RealTimePanel: IR_940nm calibrated data uzunluk uyumsuzluğu (timestamps: 338, data: 84)
2026-01-21 19:25:36 - spektroskopi - WARNING - RealTimePanel: UV_360nm raw data uzunluk uyumsuzluğu (timestamps: 338, data: 86)
2026-01-21 19:25:36 - spektroskopi - WARNING - RealTimePanel: UV_360nm calibrated data uzunluk uyumsuzluğu (timestamps: 338, data: 86)
2026-01-21 19:25:36 - spektroskopi - WARNING - RealTimePanel: Blue_450nm raw data uzunluk uyumsuzluğu (timestamps: 338, data: 84)
2026-01-21 19:25:36 - spektroskopi - WARNING - RealTimePanel: Blue_450nm calibrated data uzunluk uyumsuzluğu (timestamps: 338, data: 84)
2026-01-21 19:25:36 - spektroskopi - WARNING - RealTimePanel: IR_850nm raw data uzunluk uyumsuzluğu (timestamps: 338, data: 84)
2026-01-21 19:25:36 - spektroskopi - WARNING - RealTimePanel: IR_850nm calibrated data uzunluk uyumsuzluğu (timestamps: 338, data: 84)
2026-01-21 19:25:36 - spektroskopi - WARNING - RealTimePanel: IR_940nm raw data uzunluk uyumsuzluğu (timestamps: 338, data: 84)
2026-01-21 19:25:36 - spektroskopi - WARNING - RealTimePanel: IR_940nm calibrated data uzunluk uyumsuzluğu (timestamps: 338, data: 84)
2026-01-21 19:25:37 - spektroskopi - WARNING - RealTimePanel: UV_360nm raw data uzunluk uyumsuzluğu (timestamps: 338, data: 86)
2026-01-21 19:25:37 - spektroskopi - WARNING - RealTimePanel: UV_360nm calibrated data uzunluk uyumsuzluğu (timestamps: 338, data: 86)
2026-01-21 19:25:37 - spektroskopi - WARNING - RealTimePanel: Blue_450nm raw data uzunluk uyumsuzluğu (timestamps: 338, data: 84)
2026-01-21 19:25:37 - spektroskopi - WARNING - RealTimePanel: Blue_450nm calibrated data uzunluk uyumsuzluğu (timestamps: 338, data: 84)
2026-01-21 19:25:37 - spektroskopi - WARNING - RealTimePanel: IR_850nm raw data uzunluk uyumsuzluğu (timestamps: 338, data: 84)
2026-01-21 19:25:37 - spektroskopi - WARNING - RealTimePanel: IR_850nm calibrated data uzunluk uyumsuzluğu (timestamps: 338, data: 84)
2026-01-21 19:25:37 - spektroskopi - WARNING - RealTimePanel: IR_940nm raw data uzunluk uyumsuzluğu (timestamps: 338, data: 84)
2026-01-21 19:25:37 - spektroskopi - WARNING - RealTimePanel: IR_940nm calibrated data uzunluk uyumsuzluğu (timestamps: 338, data: 84)
2026-01-21 19:25:38 - spektroskopi - WARNING - RealTimePanel: UV_360nm raw data uzunluk uyumsuzluğu (timestamps: 338, data: 86)
2026-01-21 19:25:38 - spektroskopi - WARNING - RealTimePanel: UV_360nm calibrated data uzunluk uyumsuzluğu (timestamps: 338, data: 86)
2026-01-21 19:25:38 - spektroskopi - WARNING - RealTimePanel: Blue_450nm raw data uzunluk uyumsuzluğu (timestamps: 338, data: 84)
2026-01-21 19:25:38 - spektroskopi - WARNING - RealTimePanel: Blue_450nm calibrated data uzunluk uyumsuzluğu (timestamps: 338, data: 84)
2026-01-21 19:25:38 - spektroskopi - WARNING - RealTimePanel: IR_850nm raw data uzunluk uyumsuzluğu (timestamps: 338, data: 84)
2026-01-21 19:25:38 - spektroskopi - WARNING - RealTimePanel: IR_850nm calibrated data uzunluk uyumsuzluğu (timestamps: 338, data: 84)
2026-01-21 19:25:38 - spektroskopi - WARNING - RealTimePanel: IR_940nm raw data uzunluk uyumsuzluğu (timestamps: 338, data: 84)
2026-01-21 19:25:38 - spektroskopi - WARNING - RealTimePanel: IR_940nm calibrated data uzunluk uyumsuzluğu (timestamps: 338, data: 84)
2026-01-21 19:25:39 - spektroskopi - WARNING - RealTimePanel: UV_360nm raw data uzunluk uyumsuzluğu (timestamps: 338, data: 86)
2026-01-21 19:25:39 - spektroskopi - WARNING - RealTimePanel: UV_360nm calibrated data uzunluk uyumsuzluğu (timestamps: 338, data: 86)
2026-01-21 19:25:39 - spektroskopi - WARNING - RealTimePanel: Blue_450nm raw data uzunluk uyumsuzluğu (timestamps: 338, data: 84)
2026-01-21 19:25:39 - spektroskopi - WARNING - RealTimePanel: Blue_450nm calibrated data uzunluk uyumsuzluğu (timestamps: 338, data: 84)
2026-01-21 19:25:39 - spektroskopi - WARNING - RealTimePanel: IR_850nm raw data uzunluk uyumsuzluğu (timestamps: 338, data: 84)
2026-01-21 19:25:39 - spektroskopi - WARNING - RealTimePanel: IR_850nm calibrated data uzunluk uyumsuzluğu (timestamps: 338, data: 84)
2026-01-21 19:25:39 - spektroskopi - WARNING - RealTimePanel: IR_940nm raw data uzunluk uyumsuzluğu (timestamps: 338, data: 84)
2026-01-21 19:25:39 - spektroskopi - WARNING - RealTimePanel: IR_940nm calibrated data uzunluk uyumsuzluğu (timestamps: 338, data: 84)
2026-01-21 19:25:40 - spektroskopi - WARNING - RealTimePanel: UV_360nm raw data uzunluk uyumsuzluğu (timestamps: 338, data: 86)
2026-01-21 19:25:40 - spektroskopi - WARNING - RealTimePanel: UV_360nm calibrated data uzunluk uyumsuzluğu (timestamps: 338, data: 86)
2026-01-21 19:25:40 - spektroskopi - WARNING - RealTimePanel: Blue_450nm raw data uzunluk uyumsuzluğu (timestamps: 338, data: 84)
2026-01-21 19:25:40 - spektroskopi - WARNING - RealTimePanel: Blue_450nm calibrated data uzunluk uyumsuzluğu (timestamps: 338, data: 84)
2026-01-21 19:25:40 - spektroskopi - WARNING - RealTimePanel: IR_850nm raw data uzunluk uyumsuzluğu (timestamps: 338, data: 84)
2026-01-21 19:25:40 - spektroskopi - WARNING - RealTimePanel: IR_850nm calibrated data uzunluk uyumsuzluğu (timestamps: 338, data: 84)
2026-01-21 19:25:40 - spektroskopi - WARNING - RealTimePanel: IR_940nm raw data uzunluk uyumsuzluğu (timestamps: 338, data: 84)
2026-01-21 19:25:40 - spektroskopi - WARNING - RealTimePanel: IR_940nm calibrated data uzunluk uyumsuzluğu (timestamps: 338, data: 84)
2026-01-21 19:25:41 - spektroskopi - WARNING - RealTimePanel: UV_360nm raw data uzunluk uyumsuzluğu (timestamps: 338, data: 86)
2026-01-21 19:25:41 - spektroskopi - WARNING - RealTimePanel: UV_360nm calibrated data uzunluk uyumsuzluğu (timestamps: 338, data: 86)
2026-01-21 19:25:41 - spektroskopi - WARNING - RealTimePanel: Blue_450nm raw data uzunluk uyumsuzluğu (timestamps: 338, data: 84)
2026-01-21 19:25:41 - spektroskopi - WARNING - RealTimePanel: Blue_450nm calibrated data uzunluk uyumsuzluğu (timestamps: 338, data: 84)
2026-01-21 19:25:41 - spektroskopi - WARNING - RealTimePanel: IR_850nm raw data uzunluk uyumsuzluğu (timestamps: 338, data: 84)
2026-01-21 19:25:41 - spektroskopi - WARNING - RealTimePanel: IR_850nm calibrated data uzunluk uyumsuzluğu (timestamps: 338, data: 84)
2026-01-21 19:25:41 - spektroskopi - WARNING - RealTimePanel: IR_940nm raw data uzunluk uyumsuzluğu (timestamps: 338, data: 84)
2026-01-21 19:25:41 - spektroskopi - WARNING - RealTimePanel: IR_940nm calibrated data uzunluk uyumsuzluğu (timestamps: 338, data: 84)
2026-01-21 19:25:42 - spektroskopi - WARNING - RealTimePanel: UV_360nm raw data uzunluk uyumsuzluğu (timestamps: 338, data: 86)
2026-01-21 19:25:42 - spektroskopi - WARNING - RealTimePanel: UV_360nm calibrated data uzunluk uyumsuzluğu (timestamps: 338, data: 86)
2026-01-21 19:25:42 - spektroskopi - WARNING - RealTimePanel: Blue_450nm raw data uzunluk uyumsuzluğu (timestamps: 338, data: 84)
2026-01-21 19:25:42 - spektroskopi - WARNING - RealTimePanel: Blue_450nm calibrated data uzunluk uyumsuzluğu (timestamps: 338, data: 84)
2026-01-21 19:25:42 - spektroskopi - WARNING - RealTimePanel: IR_850nm raw data uzunluk uyumsuzluğu (timestamps: 338, data: 84)
2026-01-21 19:25:42 - spektroskopi - WARNING - RealTimePanel: IR_850nm calibrated data uzunluk uyumsuzluğu (timestamps: 338, data: 84)
2026-01-21 19:25:42 - spektroskopi - WARNING - RealTimePanel: IR_940nm raw data uzunluk uyumsuzluğu (timestamps: 338, data: 84)
2026-01-21 19:25:42 - spektroskopi - WARNING - RealTimePanel: IR_940nm calibrated data uzunluk uyumsuzluğu (timestamps: 338, data: 84)
2026-01-21 19:25:43 - spektroskopi - WARNING - RealTimePanel: UV_360nm raw data uzunluk uyumsuzluğu (timestamps: 338, data: 86)
2026-01-21 19:25:43 - spektroskopi - WARNING - RealTimePanel: UV_360nm calibrated data uzunluk uyumsuzluğu (timestamps: 338, data: 86)
2026-01-21 19:25:43 - spektroskopi - WARNING - RealTimePanel: Blue_450nm raw data uzunluk uyumsuzluğu (timestamps: 338, data: 84)
2026-01-21 19:25:43 - spektroskopi - WARNING - RealTimePanel: Blue_450nm calibrated data uzunluk uyumsuzluğu (timestamps: 338, data: 84)
2026-01-21 19:25:43 - spektroskopi - WARNING - RealTimePanel: IR_850nm raw data uzunluk uyumsuzluğu (timestamps: 338, data: 84)
2026-01-21 19:25:43 - spektroskopi - WARNING - RealTimePanel: IR_850nm calibrated data uzunluk uyumsuzluğu (timestamps: 338, data: 84)
2026-01-21 19:25:43 - spektroskopi - WARNING - RealTimePanel: IR_940nm raw data uzunluk uyumsuzluğu (timestamps: 338, data: 84)
2026-01-21 19:25:43 - spektroskopi - WARNING - RealTimePanel: IR_940nm calibrated data uzunluk uyumsuzluğu (timestamps: 338, data: 84)
2026-01-21 19:25:44 - spektroskopi - WARNING - RealTimePanel: UV_360nm raw data uzunluk uyumsuzluğu (timestamps: 338, data: 86)
2026-01-21 19:25:44 - spektroskopi - WARNING - RealTimePanel: UV_360nm calibrated data uzunluk uyumsuzluğu (timestamps: 338, data: 86)
2026-01-21 19:25:44 - spektroskopi - WARNING - RealTimePanel: Blue_450nm raw data uzunluk uyumsuzluğu (timestamps: 338, data: 84)
2026-01-21 19:25:44 - spektroskopi - WARNING - RealTimePanel: Blue_450nm calibrated data uzunluk uyumsuzluğu (timestamps: 338, data: 84)
2026-01-21 19:25:44 - spektroskopi - WARNING - RealTimePanel: IR_850nm raw data uzunluk uyumsuzluğu (timestamps: 338, data: 84)
2026-01-21 19:25:44 - spektroskopi - WARNING - RealTimePanel: IR_850nm calibrated data uzunluk uyumsuzluğu (timestamps: 338, data: 84)
2026-01-21 19:25:44 - spektroskopi - WARNING - RealTimePanel: IR_940nm raw data uzunluk uyumsuzluğu (timestamps: 338, data: 84)
2026-01-21 19:25:44 - spektroskopi - WARNING - RealTimePanel: IR_940nm calibrated data uzunluk uyumsuzluğu (timestamps: 338, data: 84)
2026-01-21 19:25:45 - spektroskopi - WARNING - RealTimePanel: UV_360nm raw data uzunluk uyumsuzluğu (timestamps: 338, data: 86)
2026-01-21 19:25:45 - spektroskopi - WARNING - RealTimePanel: UV_360nm calibrated data uzunluk uyumsuzluğu (timestamps: 338, data: 86)
2026-01-21 19:25:45 - spektroskopi - WARNING - RealTimePanel: Blue_450nm raw data uzunluk uyumsuzluğu (timestamps: 338, data: 84)
2026-01-21 19:25:45 - spektroskopi - WARNING - RealTimePanel: Blue_450nm calibrated data uzunluk uyumsuzluğu (timestamps: 338, data: 84)
2026-01-21 19:25:45 - spektroskopi - WARNING - RealTimePanel: IR_850nm raw data uzunluk uyumsuzluğu (timestamps: 338, data: 84)
2026-01-21 19:25:45 - spektroskopi - WARNING - RealTimePanel: IR_850nm calibrated data uzunluk uyumsuzluğu (timestamps: 338, data: 84)
2026-01-21 19:25:45 - spektroskopi - WARNING - RealTimePanel: IR_940nm raw data uzunluk uyumsuzluğu (timestamps: 338, data: 84)
2026-01-21 19:25:45 - spektroskopi - WARNING - RealTimePanel: IR_940nm calibrated data uzunluk uyumsuzluğu (timestamps: 338, data: 84)
2026-01-21 19:25:46 - spektroskopi - WARNING - RealTimePanel: UV_360nm raw data uzunluk uyumsuzluğu (timestamps: 338, data: 86)
2026-01-21 19:25:46 - spektroskopi - WARNING - RealTimePanel: UV_360nm calibrated data uzunluk uyumsuzluğu (timestamps: 338, data: 86)
2026-01-21 19:25:46 - spektroskopi - WARNING - RealTimePanel: Blue_450nm raw data uzunluk uyumsuzluğu (timestamps: 338, data: 84)
2026-01-21 19:25:46 - spektroskopi - WARNING - RealTimePanel: Blue_450nm calibrated data uzunluk uyumsuzluğu (timestamps: 338, data: 84)
2026-01-21 19:25:46 - spektroskopi - WARNING - RealTimePanel: IR_850nm raw data uzunluk uyumsuzluğu (timestamps: 338, data: 84)
2026-01-21 19:25:46 - spektroskopi - WARNING - RealTimePanel: IR_850nm calibrated data uzunluk uyumsuzluğu (timestamps: 338, data: 84)
2026-01-21 19:25:46 - spektroskopi - WARNING - RealTimePanel: IR_940nm raw data uzunluk uyumsuzluğu (timestamps: 338, data: 84)
2026-01-21 19:25:46 - spektroskopi - WARNING - RealTimePanel: IR_940nm calibrated data uzunluk uyumsuzluğu (timestamps: 338, data: 84)
2026-01-21 19:25:47 - spektroskopi - WARNING - RealTimePanel: UV_360nm raw data uzunluk uyumsuzluğu (timestamps: 338, data: 86)
2026-01-21 19:25:47 - spektroskopi - WARNING - RealTimePanel: UV_360nm calibrated data uzunluk uyumsuzluğu (timestamps: 338, data: 86)
2026-01-21 19:25:47 - spektroskopi - WARNING - RealTimePanel: Blue_450nm raw data uzunluk uyumsuzluğu (timestamps: 338, data: 84)
2026-01-21 19:25:47 - spektroskopi - WARNING - RealTimePanel: Blue_450nm calibrated data uzunluk uyumsuzluğu (timestamps: 338, data: 84)
2026-01-21 19:25:47 - spektroskopi - WARNING - RealTimePanel: IR_850nm raw data uzunluk uyumsuzluğu (timestamps: 338, data: 84)
2026-01-21 19:25:47 - spektroskopi - WARNING - RealTimePanel: IR_850nm calibrated data uzunluk uyumsuzluğu (timestamps: 338, data: 84)
2026-01-21 19:25:47 - spektroskopi - WARNING - RealTimePanel: IR_940nm raw data uzunluk uyumsuzluğu (timestamps: 338, data: 84)
2026-01-21 19:25:47 - spektroskopi - WARNING - RealTimePanel: IR_940nm calibrated data uzunluk uyumsuzluğu (timestamps: 338, data: 84)
2026-01-21 19:25:48 - spektroskopi - WARNING - RealTimePanel: UV_360nm raw data uzunluk uyumsuzluğu (timestamps: 338, data: 86)
2026-01-21 19:25:48 - spektroskopi - WARNING - RealTimePanel: UV_360nm calibrated data uzunluk uyumsuzluğu (timestamps: 338, data: 86)
2026-01-21 19:25:48 - spektroskopi - WARNING - RealTimePanel: Blue_450nm raw data uzunluk uyumsuzluğu (timestamps: 338, data: 84)
2026-01-21 19:25:48 - spektroskopi - WARNING - RealTimePanel: Blue_450nm calibrated data uzunluk uyumsuzluğu (timestamps: 338, data: 84)
2026-01-21 19:25:48 - spektroskopi - WARNING - RealTimePanel: IR_850nm raw data uzunluk uyumsuzluğu (timestamps: 338, data: 84)
2026-01-21 19:25:48 - spektroskopi - WARNING - RealTimePanel: IR_850nm calibrated data uzunluk uyumsuzluğu (timestamps: 338, data: 84)
2026-01-21 19:25:48 - spektroskopi - WARNING - RealTimePanel: IR_940nm raw data uzunluk uyumsuzluğu (timestamps: 338, data: 84)
2026-01-21 19:25:48 - spektroskopi - WARNING - RealTimePanel: IR_940nm calibrated data uzunluk uyumsuzluğu (timestamps: 338, data: 84)
2026-01-21 19:25:49 - spektroskopi - WARNING - RealTimePanel: UV_360nm raw data uzunluk uyumsuzluğu (timestamps: 338, data: 86)
2026-01-21 19:25:49 - spektroskopi - WARNING - RealTimePanel: UV_360nm calibrated data uzunluk uyumsuzluğu (timestamps: 338, data: 86)
2026-01-21 19:25:49 - spektroskopi - WARNING - RealTimePanel: Blue_450nm raw data uzunluk uyumsuzluğu (timestamps: 338, data: 84)
2026-01-21 19:25:49 - spektroskopi - WARNING - RealTimePanel: Blue_450nm calibrated data uzunluk uyumsuzluğu (timestamps: 338, data: 84)
2026-01-21 19:25:49 - spektroskopi - WARNING - RealTimePanel: IR_850nm raw data uzunluk uyumsuzluğu (timestamps: 338, data: 84)
2026-01-21 19:25:49 - spektroskopi - WARNING - RealTimePanel: IR_850nm calibrated data uzunluk uyumsuzluğu (timestamps: 338, data: 84)
2026-01-21 19:25:49 - spektroskopi - WARNING - RealTimePanel: IR_940nm raw data uzunluk uyumsuzluğu (timestamps: 338, data: 84)
2026-01-21 19:25:49 - spektroskopi - WARNING - RealTimePanel: IR_940nm calibrated data uzunluk uyumsuzluğu (timestamps: 338, data: 84)
2026-01-21 19:25:50 - spektroskopi - WARNING - RealTimePanel: UV_360nm raw data uzunluk uyumsuzluğu (timestamps: 338, data: 86)
2026-01-21 19:25:50 - spektroskopi - WARNING - RealTimePanel: UV_360nm calibrated data uzunluk uyumsuzluğu (timestamps: 338, data: 86)
2026-01-21 19:25:50 - spektroskopi - WARNING - RealTimePanel: Blue_450nm raw data uzunluk uyumsuzluğu (timestamps: 338, data: 84)
2026-01-21 19:25:50 - spektroskopi - WARNING - RealTimePanel: Blue_450nm calibrated data uzunluk uyumsuzluğu (timestamps: 338, data: 84)
2026-01-21 19:25:50 - spektroskopi - WARNING - RealTimePanel: IR_850nm raw data uzunluk uyumsuzluğu (timestamps: 338, data: 84)
2026-01-21 19:25:50 - spektroskopi - WARNING - RealTimePanel: IR_850nm calibrated data uzunluk uyumsuzluğu (timestamps: 338, data: 84)
2026-01-21 19:25:50 - spektroskopi - WARNING - RealTimePanel: IR_940nm raw data uzunluk uyumsuzluğu (timestamps: 338, data: 84)
2026-01-21 19:25:50 - spektroskopi - WARNING - RealTimePanel: IR_940nm calibrated data uzunluk uyumsuzluğu (timestamps: 338, data: 84)
2026-01-21 19:25:51 - spektroskopi - WARNING - RealTimePanel: UV_360nm raw data uzunluk uyumsuzluğu (timestamps: 338, data: 86)
2026-01-21 19:25:51 - spektroskopi - WARNING - RealTimePanel: UV_360nm calibrated data uzunluk uyumsuzluğu (timestamps: 338, data: 86)
2026-01-21 19:25:51 - spektroskopi - WARNING - RealTimePanel: Blue_450nm raw data uzunluk uyumsuzluğu (timestamps: 338, data: 84)
2026-01-21 19:25:51 - spektroskopi - WARNING - RealTimePanel: Blue_450nm calibrated data uzunluk uyumsuzluğu (timestamps: 338, data: 84)
2026-01-21 19:25:51 - spektroskopi - WARNING - RealTimePanel: IR_850nm raw data uzunluk uyumsuzluğu (timestamps: 338, data: 84)
2026-01-21 19:25:51 - spektroskopi - WARNING - RealTimePanel: IR_850nm calibrated data uzunluk uyumsuzluğu (timestamps: 338, data: 84)
2026-01-21 19:25:51 - spektroskopi - WARNING - RealTimePanel: IR_940nm raw data uzunluk uyumsuzluğu (timestamps: 338, data: 84)
2026-01-21 19:25:51 - spektroskopi - WARNING - RealTimePanel: IR_940nm calibrated data uzunluk uyumsuzluğu (timestamps: 338, data: 84)
2026-01-21 19:25:52 - spektroskopi - WARNING - RealTimePanel: UV_360nm raw data uzunluk uyumsuzluğu (timestamps: 338, data: 86)
2026-01-21 19:25:52 - spektroskopi - WARNING - RealTimePanel: UV_360nm calibrated data uzunluk uyumsuzluğu (timestamps: 338, data: 86)
2026-01-21 19:25:52 - spektroskopi - WARNING - RealTimePanel: Blue_450nm raw data uzunluk uyumsuzluğu (timestamps: 338, data: 84)
2026-01-21 19:25:52 - spektroskopi - WARNING - RealTimePanel: Blue_450nm calibrated data uzunluk uyumsuzluğu (timestamps: 338, data: 84)
2026-01-21 19:25:52 - spektroskopi - WARNING - RealTimePanel: IR_850nm raw data uzunluk uyumsuzluğu (timestamps: 338, data: 84)
2026-01-21 19:25:52 - spektroskopi - WARNING - RealTimePanel: IR_850nm calibrated data uzunluk uyumsuzluğu (timestamps: 338, data: 84)
2026-01-21 19:25:52 - spektroskopi - WARNING - RealTimePanel: IR_940nm raw data uzunluk uyumsuzluğu (timestamps: 338, data: 84)
2026-01-21 19:25:52 - spektroskopi - WARNING - RealTimePanel: IR_940nm calibrated data uzunluk uyumsuzluğu (timestamps: 338, data: 84)
2026-01-21 19:25:53 - spektroskopi - WARNING - RealTimePanel: UV_360nm raw data uzunluk uyumsuzluğu (timestamps: 338, data: 86)
2026-01-21 19:25:53 - spektroskopi - WARNING - RealTimePanel: UV_360nm calibrated data uzunluk uyumsuzluğu (timestamps: 338, data: 86)
2026-01-21 19:25:53 - spektroskopi - WARNING - RealTimePanel: Blue_450nm raw data uzunluk uyumsuzluğu (timestamps: 338, data: 84)
2026-01-21 19:25:53 - spektroskopi - WARNING - RealTimePanel: Blue_450nm calibrated data uzunluk uyumsuzluğu (timestamps: 338, data: 84)
2026-01-21 19:25:53 - spektroskopi - WARNING - RealTimePanel: IR_850nm raw data uzunluk uyumsuzluğu (timestamps: 338, data: 84)
2026-01-21 19:25:53 - spektroskopi - WARNING - RealTimePanel: IR_850nm calibrated data uzunluk uyumsuzluğu (timestamps: 338, data: 84)
2026-01-21 19:25:53 - spektroskopi - WARNING - RealTimePanel: IR_940nm raw data uzunluk uyumsuzluğu (timestamps: 338, data: 84)
2026-01-21 19:25:53 - spektroskopi - WARNING - RealTimePanel: IR_940nm calibrated data uzunluk uyumsuzluğu (timestamps: 338, data: 84)
2026-01-21 19:25:54 - spektroskopi - WARNING - RealTimePanel: UV_360nm raw data uzunluk uyumsuzluğu (timestamps: 338, data: 86)
2026-01-21 19:25:54 - spektroskopi - WARNING - RealTimePanel: UV_360nm calibrated data uzunluk uyumsuzluğu (timestamps: 338, data: 86)
2026-01-21 19:25:54 - spektroskopi - WARNING - RealTimePanel: Blue_450nm raw data uzunluk uyumsuzluğu (timestamps: 338, data: 84)
2026-01-21 19:25:54 - spektroskopi - WARNING - RealTimePanel: Blue_450nm calibrated data uzunluk uyumsuzluğu (timestamps: 338, data: 84)
2026-01-21 19:25:54 - spektroskopi - WARNING - RealTimePanel: IR_850nm raw data uzunluk uyumsuzluğu (timestamps: 338, data: 84)
2026-01-21 19:25:54 - spektroskopi - WARNING - RealTimePanel: IR_850nm calibrated data uzunluk uyumsuzluğu (timestamps: 338, data: 84)
2026-01-21 19:25:54 - spektroskopi - WARNING - RealTimePanel: IR_940nm raw data uzunluk uyumsuzluğu (timestamps: 338, data: 84)
2026-01-21 19:25:54 - spektroskopi - WARNING - RealTimePanel: IR_940nm calibrated data uzunluk uyumsuzluğu (timestamps: 338, data: 84)
2026-01-21 19:25:55 - spektroskopi - WARNING - RealTimePanel: UV_360nm raw data uzunluk uyumsuzluğu (timestamps: 338, data: 86)
2026-01-21 19:25:55 - spektroskopi - WARNING - RealTimePanel: UV_360nm calibrated data uzunluk uyumsuzluğu (timestamps: 338, data: 86)
2026-01-21 19:25:55 - spektroskopi - WARNING - RealTimePanel: Blue_450nm raw data uzunluk uyumsuzluğu (timestamps: 338, data: 84)
2026-01-21 19:25:55 - spektroskopi - WARNING - RealTimePanel: Blue_450nm calibrated data uzunluk uyumsuzluğu (timestamps: 338, data: 84)
2026-01-21 19:25:55 - spektroskopi - WARNING - RealTimePanel: IR_850nm raw data uzunluk uyumsuzluğu (timestamps: 338, data: 84)
2026-01-21 19:25:55 - spektroskopi - WARNING - RealTimePanel: IR_850nm calibrated data uzunluk uyumsuzluğu (timestamps: 338, data: 84)
2026-01-21 19:25:55 - spektroskopi - WARNING - RealTimePanel: IR_940nm raw data uzunluk uyumsuzluğu (timestamps: 338, data: 84)
2026-01-21 19:25:55 - spektroskopi - WARNING - RealTimePanel: IR_940nm calibrated data uzunluk uyumsuzluğu (timestamps: 338, data: 84)
2026-01-21 19:25:56 - spektroskopi - WARNING - RealTimePanel: UV_360nm raw data uzunluk uyumsuzluğu (timestamps: 338, data: 86)
2026-01-21 19:25:56 - spektroskopi - WARNING - RealTimePanel: UV_360nm calibrated data uzunluk uyumsuzluğu (timestamps: 338, data: 86)
2026-01-21 19:25:56 - spektroskopi - WARNING - RealTimePanel: Blue_450nm raw data uzunluk uyumsuzluğu (timestamps: 338, data: 84)
2026-01-21 19:25:56 - spektroskopi - WARNING - RealTimePanel: Blue_450nm calibrated data uzunluk uyumsuzluğu (timestamps: 338, data: 84)
2026-01-21 19:25:56 - spektroskopi - WARNING - RealTimePanel: IR_850nm raw data uzunluk uyumsuzluğu (timestamps: 338, data: 84)
2026-01-21 19:25:56 - spektroskopi - WARNING - RealTimePanel: IR_850nm calibrated data uzunluk uyumsuzluğu (timestamps: 338, data: 84)
2026-01-21 19:25:56 - spektroskopi - WARNING - RealTimePanel: IR_940nm raw data uzunluk uyumsuzluğu (timestamps: 338, data: 84)
2026-01-21 19:25:56 - spektroskopi - WARNING - RealTimePanel: IR_940nm calibrated data uzunluk uyumsuzluğu (timestamps: 338, data: 84)
2026-01-21 19:25:57 - spektroskopi - WARNING - RealTimePanel: UV_360nm raw data uzunluk uyumsuzluğu (timestamps: 338, data: 86)
2026-01-21 19:25:57 - spektroskopi - WARNING - RealTimePanel: UV_360nm calibrated data uzunluk uyumsuzluğu (timestamps: 338, data: 86)
2026-01-21 19:25:57 - spektroskopi - WARNING - RealTimePanel: Blue_450nm raw data uzunluk uyumsuzluğu (timestamps: 338, data: 84)
2026-01-21 19:25:57 - spektroskopi - WARNING - RealTimePanel: Blue_450nm calibrated data uzunluk uyumsuzluğu (timestamps: 338, data: 84)
2026-01-21 19:25:57 - spektroskopi - WARNING - RealTimePanel: IR_850nm raw data uzunluk uyumsuzluğu (timestamps: 338, data: 84)
2026-01-21 19:25:57 - spektroskopi - WARNING - RealTimePanel: IR_850nm calibrated data uzunluk uyumsuzluğu (timestamps: 338, data: 84)
2026-01-21 19:25:57 - spektroskopi - WARNING - RealTimePanel: IR_940nm raw data uzunluk uyumsuzluğu (timestamps: 338, data: 84)
2026-01-21 19:25:57 - spektroskopi - WARNING - RealTimePanel: IR_940nm calibrated data uzunluk uyumsuzluğu (timestamps: 338, data: 84)
2026-01-21 19:25:58 - spektroskopi - WARNING - RealTimePanel: UV_360nm raw data uzunluk uyumsuzluğu (timestamps: 338, data: 86)
2026-01-21 19:25:58 - spektroskopi - WARNING - RealTimePanel: UV_360nm calibrated data uzunluk uyumsuzluğu (timestamps: 338, data: 86)
2026-01-21 19:25:58 - spektroskopi - WARNING - RealTimePanel: Blue_450nm raw data uzunluk uyumsuzluğu (timestamps: 338, data: 84)
2026-01-21 19:25:58 - spektroskopi - WARNING - RealTimePanel: Blue_450nm calibrated data uzunluk uyumsuzluğu (timestamps: 338, data: 84)
2026-01-21 19:25:58 - spektroskopi - WARNING - RealTimePanel: IR_850nm raw data uzunluk uyumsuzluğu (timestamps: 338, data: 84)
2026-01-21 19:25:58 - spektroskopi - WARNING - RealTimePanel: IR_850nm calibrated data uzunluk uyumsuzluğu (timestamps: 338, data: 84)
2026-01-21 19:25:58 - spektroskopi - WARNING - RealTimePanel: IR_940nm raw data uzunluk uyumsuzluğu (timestamps: 338, data: 84)
2026-01-21 19:25:58 - spektroskopi - WARNING - RealTimePanel: IR_940nm calibrated data uzunluk uyumsuzluğu (timestamps: 338, data: 84)
2026-01-21 19:25:59 - spektroskopi - WARNING - RealTimePanel: UV_360nm raw data uzunluk uyumsuzluğu (timestamps: 338, data: 86)
2026-01-21 19:25:59 - spektroskopi - WARNING - RealTimePanel: UV_360nm calibrated data uzunluk uyumsuzluğu (timestamps: 338, data: 86)
2026-01-21 19:25:59 - spektroskopi - WARNING - RealTimePanel: Blue_450nm raw data uzunluk uyumsuzluğu (timestamps: 338, data: 84)
2026-01-21 19:25:59 - spektroskopi - WARNING - RealTimePanel: Blue_450nm calibrated data uzunluk uyumsuzluğu (timestamps: 338, data: 84)
2026-01-21 19:25:59 - spektroskopi - WARNING - RealTimePanel: IR_850nm raw data uzunluk uyumsuzluğu (timestamps: 338, data: 84)
2026-01-21 19:25:59 - spektroskopi - WARNING - RealTimePanel: IR_850nm calibrated data uzunluk uyumsuzluğu (timestamps: 338, data: 84)
2026-01-21 19:25:59 - spektroskopi - WARNING - RealTimePanel: IR_940nm raw data uzunluk uyumsuzluğu (timestamps: 338, data: 84)
2026-01-21 19:25:59 - spektroskopi - WARNING - RealTimePanel: IR_940nm calibrated data uzunluk uyumsuzluğu (timestamps: 338, data: 84)
2026-01-21 19:26:00 - spektroskopi - WARNING - RealTimePanel: UV_360nm raw data uzunluk uyumsuzluğu (timestamps: 338, data: 86)
2026-01-21 19:26:00 - spektroskopi - WARNING - RealTimePanel: UV_360nm calibrated data uzunluk uyumsuzluğu (timestamps: 338, data: 86)
2026-01-21 19:26:00 - spektroskopi - WARNING - RealTimePanel: Blue_450nm raw data uzunluk uyumsuzluğu (timestamps: 338, data: 84)
2026-01-21 19:26:00 - spektroskopi - WARNING - RealTimePanel: Blue_450nm calibrated data uzunluk uyumsuzluğu (timestamps: 338, data: 84)
2026-01-21 19:26:00 - spektroskopi - WARNING - RealTimePanel: IR_850nm raw data uzunluk uyumsuzluğu (timestamps: 338, data: 84)
2026-01-21 19:26:00 - spektroskopi - WARNING - RealTimePanel: IR_850nm calibrated data uzunluk uyumsuzluğu (timestamps: 338, data: 84)
2026-01-21 19:26:00 - spektroskopi - WARNING - RealTimePanel: IR_940nm raw data uzunluk uyumsuzluğu (timestamps: 338, data: 84)
2026-01-21 19:26:00 - spektroskopi - WARNING - RealTimePanel: IR_940nm calibrated data uzunluk uyumsuzluğu (timestamps: 338, data: 84)
2026-01-21 19:26:01 - spektroskopi - WARNING - RealTimePanel: UV_360nm raw data uzunluk uyumsuzluğu (timestamps: 338, data: 86)
2026-01-21 19:26:01 - spektroskopi - WARNING - RealTimePanel: UV_360nm calibrated data uzunluk uyumsuzluğu (timestamps: 338, data: 86)
2026-01-21 19:26:01 - spektroskopi - WARNING - RealTimePanel: Blue_450nm raw data uzunluk uyumsuzluğu (timestamps: 338, data: 84)
2026-01-21 19:26:01 - spektroskopi - WARNING - RealTimePanel: Blue_450nm calibrated data uzunluk uyumsuzluğu (timestamps: 338, data: 84)
2026-01-21 19:26:01 - spektroskopi - WARNING - RealTimePanel: IR_850nm raw data uzunluk uyumsuzluğu (timestamps: 338, data: 84)
2026-01-21 19:26:01 - spektroskopi - WARNING - RealTimePanel: IR_850nm calibrated data uzunluk uyumsuzluğu (timestamps: 338, data: 84)
2026-01-21 19:26:01 - spektroskopi - WARNING - RealTimePanel: IR_940nm raw data uzunluk uyumsuzluğu (timestamps: 338, data: 84)
2026-01-21 19:26:01 - spektroskopi - WARNING - RealTimePanel: IR_940nm calibrated data uzunluk uyumsuzluğu (timestamps: 338, data: 84)
2026-01-21 19:26:02 - spektroskopi - WARNING - RealTimePanel: UV_360nm raw data uzunluk uyumsuzluğu (timestamps: 338, data: 86)
2026-01-21 19:26:02 - spektroskopi - WARNING - RealTimePanel: UV_360nm calibrated data uzunluk uyumsuzluğu (timestamps: 338, data: 86)
2026-01-21 19:26:02 - spektroskopi - WARNING - RealTimePanel: Blue_450nm raw data uzunluk uyumsuzluğu (timestamps: 338, data: 84)
2026-01-21 19:26:02 - spektroskopi - WARNING - RealTimePanel: Blue_450nm calibrated data uzunluk uyumsuzluğu (timestamps: 338, data: 84)
2026-01-21 19:26:02 - spektroskopi - WARNING - RealTimePanel: IR_850nm raw data uzunluk uyumsuzluğu (timestamps: 338, data: 84)
2026-01-21 19:26:02 - spektroskopi - WARNING - RealTimePanel: IR_850nm calibrated data uzunluk uyumsuzluğu (timestamps: 338, data: 84)
2026-01-21 19:26:02 - spektroskopi - WARNING - RealTimePanel: IR_940nm raw data uzunluk uyumsuzluğu (timestamps: 338, data: 84)
2026-01-21 19:26:02 - spektroskopi - WARNING - RealTimePanel: IR_940nm calibrated data uzunluk uyumsuzluğu (timestamps: 338, data: 84)
2026-01-21 19:26:03 - spektroskopi - WARNING - RealTimePanel: UV_360nm raw data uzunluk uyumsuzluğu (timestamps: 338, data: 86)
2026-01-21 19:26:03 - spektroskopi - WARNING - RealTimePanel: UV_360nm calibrated data uzunluk uyumsuzluğu (timestamps: 338, data: 86)
2026-01-21 19:26:03 - spektroskopi - WARNING - RealTimePanel: Blue_450nm raw data uzunluk uyumsuzluğu (timestamps: 338, data: 84)
2026-01-21 19:26:03 - spektroskopi - WARNING - RealTimePanel: Blue_450nm calibrated data uzunluk uyumsuzluğu (timestamps: 338, data: 84)
2026-01-21 19:26:03 - spektroskopi - WARNING - RealTimePanel: IR_850nm raw data uzunluk uyumsuzluğu (timestamps: 338, data: 84)
2026-01-21 19:26:03 - spektroskopi - WARNING - RealTimePanel: IR_850nm calibrated data uzunluk uyumsuzluğu (timestamps: 338, data: 84)
2026-01-21 19:26:03 - spektroskopi - WARNING - RealTimePanel: IR_940nm raw data uzunluk uyumsuzluğu (timestamps: 338, data: 84)
2026-01-21 19:26:03 - spektroskopi - WARNING - RealTimePanel: IR_940nm calibrated data uzunluk uyumsuzluğu (timestamps: 338, data: 84)
2026-01-21 19:26:04 - spektroskopi - WARNING - RealTimePanel: UV_360nm raw data uzunluk uyumsuzluğu (timestamps: 338, data: 86)
2026-01-21 19:26:04 - spektroskopi - WARNING - RealTimePanel: UV_360nm calibrated data uzunluk uyumsuzluğu (timestamps: 338, data: 86)
2026-01-21 19:26:04 - spektroskopi - WARNING - RealTimePanel: Blue_450nm raw data uzunluk uyumsuzluğu (timestamps: 338, data: 84)
2026-01-21 19:26:04 - spektroskopi - WARNING - RealTimePanel: Blue_450nm calibrated data uzunluk uyumsuzluğu (timestamps: 338, data: 84)
2026-01-21 19:26:04 - spektroskopi - WARNING - RealTimePanel: IR_850nm raw data uzunluk uyumsuzluğu (timestamps: 338, data: 84)
2026-01-21 19:26:04 - spektroskopi - WARNING - RealTimePanel: IR_850nm calibrated data uzunluk uyumsuzluğu (timestamps: 338, data: 84)
2026-01-21 19:26:04 - spektroskopi - WARNING - RealTimePanel: IR_940nm raw data uzunluk uyumsuzluğu (timestamps: 338, data: 84)
2026-01-21 19:26:04 - spektroskopi - WARNING - RealTimePanel: IR_940nm calibrated data uzunluk uyumsuzluğu (timestamps: 338, data: 84)
2026-01-21 19:26:05 - spektroskopi - WARNING - RealTimePanel: UV_360nm raw data uzunluk uyumsuzluğu (timestamps: 338, data: 86)
2026-01-21 19:26:05 - spektroskopi - WARNING - RealTimePanel: UV_360nm calibrated data uzunluk uyumsuzluğu (timestamps: 338, data: 86)
2026-01-21 19:26:05 - spektroskopi - WARNING - RealTimePanel: Blue_450nm raw data uzunluk uyumsuzluğu (timestamps: 338, data: 84)
2026-01-21 19:26:05 - spektroskopi - WARNING - RealTimePanel: Blue_450nm calibrated data uzunluk uyumsuzluğu (timestamps: 338, data: 84)
2026-01-21 19:26:05 - spektroskopi - WARNING - RealTimePanel: IR_850nm raw data uzunluk uyumsuzluğu (timestamps: 338, data: 84)
2026-01-21 19:26:05 - spektroskopi - WARNING - RealTimePanel: IR_850nm calibrated data uzunluk uyumsuzluğu (timestamps: 338, data: 84)
2026-01-21 19:26:05 - spektroskopi - WARNING - RealTimePanel: IR_940nm raw data uzunluk uyumsuzluğu (timestamps: 338, data: 84)
2026-01-21 19:26:05 - spektroskopi - WARNING - RealTimePanel: IR_940nm calibrated data uzunluk uyumsuzluğu (timestamps: 338, data: 84)
2026-01-21 19:26:06 - spektroskopi - WARNING - RealTimePanel: UV_360nm raw data uzunluk uyumsuzluğu (timestamps: 338, data: 86)
2026-01-21 19:26:06 - spektroskopi - WARNING - RealTimePanel: UV_360nm calibrated data uzunluk uyumsuzluğu (timestamps: 338, data: 86)
2026-01-21 19:26:06 - spektroskopi - WARNING - RealTimePanel: Blue_450nm raw data uzunluk uyumsuzluğu (timestamps: 338, data: 84)
2026-01-21 19:26:06 - spektroskopi - WARNING - RealTimePanel: Blue_450nm calibrated data uzunluk uyumsuzluğu (timestamps: 338, data: 84)
2026-01-21 19:26:06 - spektroskopi - WARNING - RealTimePanel: IR_850nm raw data uzunluk uyumsuzluğu (timestamps: 338, data: 84)
2026-01-21 19:26:06 - spektroskopi - WARNING - RealTimePanel: IR_850nm calibrated data uzunluk uyumsuzluğu (timestamps: 338, data: 84)
2026-01-21 19:26:06 - spektroskopi - WARNING - RealTimePanel: IR_940nm raw data uzunluk uyumsuzluğu (timestamps: 338, data: 84)
2026-01-21 19:26:06 - spektroskopi - WARNING - RealTimePanel: IR_940nm calibrated data uzunluk uyumsuzluğu (timestamps: 338, data: 84)
2026-01-21 19:26:07 - spektroskopi - WARNING - RealTimePanel: UV_360nm raw data uzunluk uyumsuzluğu (timestamps: 338, data: 86)
2026-01-21 19:26:07 - spektroskopi - WARNING - RealTimePanel: UV_360nm calibrated data uzunluk uyumsuzluğu (timestamps: 338, data: 86)
2026-01-21 19:26:07 - spektroskopi - WARNING - RealTimePanel: Blue_450nm raw data uzunluk uyumsuzluğu (timestamps: 338, data: 84)
2026-01-21 19:26:07 - spektroskopi - WARNING - RealTimePanel: Blue_450nm calibrated data uzunluk uyumsuzluğu (timestamps: 338, data: 84)
2026-01-21 19:26:07 - spektroskopi - WARNING - RealTimePanel: IR_850nm raw data uzunluk uyumsuzluğu (timestamps: 338, data: 84)
2026-01-21 19:26:07 - spektroskopi - WARNING - RealTimePanel: IR_850nm calibrated data uzunluk uyumsuzluğu (timestamps: 338, data: 84)
2026-01-21 19:26:07 - spektroskopi - WARNING - RealTimePanel: IR_940nm raw data uzunluk uyumsuzluğu (timestamps: 338, data: 84)
2026-01-21 19:26:07 - spektroskopi - WARNING - RealTimePanel: IR_940nm calibrated data uzunluk uyumsuzluğu (timestamps: 338, data: 84)
2026-01-21 19:26:08 - spektroskopi - WARNING - RealTimePanel: UV_360nm raw data uzunluk uyumsuzluğu (timestamps: 338, data: 86)
2026-01-21 19:26:08 - spektroskopi - WARNING - RealTimePanel: UV_360nm calibrated data uzunluk uyumsuzluğu (timestamps: 338, data: 86)
2026-01-21 19:26:08 - spektroskopi - WARNING - RealTimePanel: Blue_450nm raw data uzunluk uyumsuzluğu (timestamps: 338, data: 84)
2026-01-21 19:26:08 - spektroskopi - WARNING - RealTimePanel: Blue_450nm calibrated data uzunluk uyumsuzluğu (timestamps: 338, data: 84)
2026-01-21 19:26:08 - spektroskopi - WARNING - RealTimePanel: IR_850nm raw data uzunluk uyumsuzluğu (timestamps: 338, data: 84)
2026-01-21 19:26:08 - spektroskopi - WARNING - RealTimePanel: IR_850nm calibrated data uzunluk uyumsuzluğu (timestamps: 338, data: 84)
2026-01-21 19:26:08 - spektroskopi - WARNING - RealTimePanel: IR_940nm raw data uzunluk uyumsuzluğu (timestamps: 338, data: 84)
2026-01-21 19:26:08 - spektroskopi - WARNING - RealTimePanel: IR_940nm calibrated data uzunluk uyumsuzluğu (timestamps: 338, data: 84)
2026-01-21 19:26:09 - spektroskopi - WARNING - RealTimePanel: UV_360nm raw data uzunluk uyumsuzluğu (timestamps: 338, data: 86)
2026-01-21 19:26:09 - spektroskopi - WARNING - RealTimePanel: UV_360nm calibrated data uzunluk uyumsuzluğu (timestamps: 338, data: 86)
2026-01-21 19:26:09 - spektroskopi - WARNING - RealTimePanel: Blue_450nm raw data uzunluk uyumsuzluğu (timestamps: 338, data: 84)
2026-01-21 19:26:09 - spektroskopi - WARNING - RealTimePanel: Blue_450nm calibrated data uzunluk uyumsuzluğu (timestamps: 338, data: 84)
2026-01-21 19:26:09 - spektroskopi - WARNING - RealTimePanel: IR_850nm raw data uzunluk uyumsuzluğu (timestamps: 338, data: 84)
2026-01-21 19:26:09 - spektroskopi - WARNING - RealTimePanel: IR_850nm calibrated data uzunluk uyumsuzluğu (timestamps: 338, data: 84)
2026-01-21 19:26:09 - spektroskopi - WARNING - RealTimePanel: IR_940nm raw data uzunluk uyumsuzluğu (timestamps: 338, data: 84)
2026-01-21 19:26:09 - spektroskopi - WARNING - RealTimePanel: IR_940nm calibrated data uzunluk uyumsuzluğu (timestamps: 338, data: 84)
2026-01-21 19:26:10 - spektroskopi - WARNING - RealTimePanel: UV_360nm raw data uzunluk uyumsuzluğu (timestamps: 338, data: 86)
2026-01-21 19:26:10 - spektroskopi - WARNING - RealTimePanel: UV_360nm calibrated data uzunluk uyumsuzluğu (timestamps: 338, data: 86)
2026-01-21 19:26:10 - spektroskopi - WARNING - RealTimePanel: Blue_450nm raw data uzunluk uyumsuzluğu (timestamps: 338, data: 84)
2026-01-21 19:26:10 - spektroskopi - WARNING - RealTimePanel: Blue_450nm calibrated data uzunluk uyumsuzluğu (timestamps: 338, data: 84)
2026-01-21 19:26:10 - spektroskopi - WARNING - RealTimePanel: IR_850nm raw data uzunluk uyumsuzluğu (timestamps: 338, data: 84)
2026-01-21 19:26:10 - spektroskopi - WARNING - RealTimePanel: IR_850nm calibrated data uzunluk uyumsuzluğu (timestamps: 338, data: 84)
2026-01-21 19:26:10 - spektroskopi - WARNING - RealTimePanel: IR_940nm raw data uzunluk uyumsuzluğu (timestamps: 338, data: 84)
2026-01-21 19:26:10 - spektroskopi - WARNING - RealTimePanel: IR_940nm calibrated data uzunluk uyumsuzluğu (timestamps: 338, data: 84)
2026-01-21 19:26:11 - spektroskopi - WARNING - RealTimePanel: UV_360nm raw data uzunluk uyumsuzluğu (timestamps: 338, data: 86)
2026-01-21 19:26:11 - spektroskopi - WARNING - RealTimePanel: UV_360nm calibrated data uzunluk uyumsuzluğu (timestamps: 338, data: 86)
2026-01-21 19:26:11 - spektroskopi - WARNING - RealTimePanel: Blue_450nm raw data uzunluk uyumsuzluğu (timestamps: 338, data: 84)
2026-01-21 19:26:11 - spektroskopi - WARNING - RealTimePanel: Blue_450nm calibrated data uzunluk uyumsuzluğu (timestamps: 338, data: 84)
2026-01-21 19:26:11 - spektroskopi - WARNING - RealTimePanel: IR_850nm raw data uzunluk uyumsuzluğu (timestamps: 338, data: 84)
2026-01-21 19:26:11 - spektroskopi - WARNING - RealTimePanel: IR_850nm calibrated data uzunluk uyumsuzluğu (timestamps: 338, data: 84)
2026-01-21 19:26:11 - spektroskopi - WARNING - RealTimePanel: IR_940nm raw data uzunluk uyumsuzluğu (timestamps: 338, data: 84)
2026-01-21 19:26:11 - spektroskopi - WARNING - RealTimePanel: IR_940nm calibrated data uzunluk uyumsuzluğu (timestamps: 338, data: 84)
2026-01-21 19:26:12 - spektroskopi - WARNING - RealTimePanel: UV_360nm raw data uzunluk uyumsuzluğu (timestamps: 338, data: 86)
2026-01-21 19:26:12 - spektroskopi - WARNING - RealTimePanel: UV_360nm calibrated data uzunluk uyumsuzluğu (timestamps: 338, data: 86)
2026-01-21 19:26:12 - spektroskopi - WARNING - RealTimePanel: Blue_450nm raw data uzunluk uyumsuzluğu (timestamps: 338, data: 84)
2026-01-21 19:26:12 - spektroskopi - WARNING - RealTimePanel: Blue_450nm calibrated data uzunluk uyumsuzluğu (timestamps: 338, data: 84)
2026-01-21 19:26:12 - spektroskopi - WARNING - RealTimePanel: IR_850nm raw data uzunluk uyumsuzluğu (timestamps: 338, data: 84)
2026-01-21 19:26:12 - spektroskopi - WARNING - RealTimePanel: IR_850nm calibrated data uzunluk uyumsuzluğu (timestamps: 338, data: 84)
2026-01-21 19:26:12 - spektroskopi - WARNING - RealTimePanel: IR_940nm raw data uzunluk uyumsuzluğu (timestamps: 338, data: 84)
2026-01-21 19:26:12 - spektroskopi - WARNING - RealTimePanel: IR_940nm calibrated data uzunluk uyumsuzluğu (timestamps: 338, data: 84)
2026-01-21 19:26:13 - spektroskopi - WARNING - RealTimePanel: UV_360nm raw data uzunluk uyumsuzluğu (timestamps: 338, data: 86)
2026-01-21 19:26:13 - spektroskopi - WARNING - RealTimePanel: UV_360nm calibrated data uzunluk uyumsuzluğu (timestamps: 338, data: 86)
2026-01-21 19:26:13 - spektroskopi - WARNING - RealTimePanel: Blue_450nm raw data uzunluk uyumsuzluğu (timestamps: 338, data: 84)
2026-01-21 19:26:13 - spektroskopi - WARNING - RealTimePanel: Blue_450nm calibrated data uzunluk uyumsuzluğu (timestamps: 338, data: 84)
2026-01-21 19:26:13 - spektroskopi - WARNING - RealTimePanel: IR_850nm raw data uzunluk uyumsuzluğu (timestamps: 338, data: 84)
2026-01-21 19:26:13 - spektroskopi - WARNING - RealTimePanel: IR_850nm calibrated data uzunluk uyumsuzluğu (timestamps: 338, data: 84)
2026-01-21 19:26:13 - spektroskopi - WARNING - RealTimePanel: IR_940nm raw data uzunluk uyumsuzluğu (timestamps: 338, data: 84)
2026-01-21 19:26:13 - spektroskopi - WARNING - RealTimePanel: IR_940nm calibrated data uzunluk uyumsuzluğu (timestamps: 338, data: 84)
2026-01-21 19:26:14 - spektroskopi - WARNING - RealTimePanel: UV_360nm raw data uzunluk uyumsuzluğu (timestamps: 338, data: 86)
2026-01-21 19:26:14 - spektroskopi - WARNING - RealTimePanel: UV_360nm calibrated data uzunluk uyumsuzluğu (timestamps: 338, data: 86)
2026-01-21 19:26:14 - spektroskopi - WARNING - RealTimePanel: Blue_450nm raw data uzunluk uyumsuzluğu (timestamps: 338, data: 84)
2026-01-21 19:26:14 - spektroskopi - WARNING - RealTimePanel: Blue_450nm calibrated data uzunluk uyumsuzluğu (timestamps: 338, data: 84)
2026-01-21 19:26:14 - spektroskopi - WARNING - RealTimePanel: IR_850nm raw data uzunluk uyumsuzluğu (timestamps: 338, data: 84)
2026-01-21 19:26:14 - spektroskopi - WARNING - RealTimePanel: IR_850nm calibrated data uzunluk uyumsuzluğu (timestamps: 338, data: 84)
2026-01-21 19:26:14 - spektroskopi - WARNING - RealTimePanel: IR_940nm raw data uzunluk uyumsuzluğu (timestamps: 338, data: 84)
2026-01-21 19:26:14 - spektroskopi - WARNING - RealTimePanel: IR_940nm calibrated data uzunluk uyumsuzluğu (timestamps: 338, data: 84)
2026-01-21 19:26:15 - spektroskopi - WARNING - RealTimePanel: UV_360nm raw data uzunluk uyumsuzluğu (timestamps: 338, data: 86)
2026-01-21 19:26:15 - spektroskopi - WARNING - RealTimePanel: UV_360nm calibrated data uzunluk uyumsuzluğu (timestamps: 338, data: 86)
2026-01-21 19:26:15 - spektroskopi - WARNING - RealTimePanel: Blue_450nm raw data uzunluk uyumsuzluğu (timestamps: 338, data: 84)
2026-01-21 19:26:15 - spektroskopi - WARNING - RealTimePanel: Blue_450nm calibrated data uzunluk uyumsuzluğu (timestamps: 338, data: 84)
2026-01-21 19:26:15 - spektroskopi - WARNING - RealTimePanel: IR_850nm raw data uzunluk uyumsuzluğu (timestamps: 338, data: 84)
2026-01-21 19:26:15 - spektroskopi - WARNING - RealTimePanel: IR_850nm calibrated data uzunluk uyumsuzluğu (timestamps: 338, data: 84)
2026-01-21 19:26:15 - spektroskopi - WARNING - RealTimePanel: IR_940nm raw data uzunluk uyumsuzluğu (timestamps: 338, data: 84)
2026-01-21 19:26:15 - spektroskopi - WARNING - RealTimePanel: IR_940nm calibrated data uzunluk uyumsuzluğu (timestamps: 338, data: 84)
2026-01-21 19:26:16 - spektroskopi - WARNING - RealTimePanel: UV_360nm raw data uzunluk uyumsuzluğu (timestamps: 338, data: 86)
2026-01-21 19:26:16 - spektroskopi - WARNING - RealTimePanel: UV_360nm calibrated data uzunluk uyumsuzluğu (timestamps: 338, data: 86)
2026-01-21 19:26:16 - spektroskopi - WARNING - RealTimePanel: Blue_450nm raw data uzunluk uyumsuzluğu (timestamps: 338, data: 84)
2026-01-21 19:26:16 - spektroskopi - WARNING - RealTimePanel: Blue_450nm calibrated data uzunluk uyumsuzluğu (timestamps: 338, data: 84)
2026-01-21 19:26:16 - spektroskopi - WARNING - RealTimePanel: IR_850nm raw data uzunluk uyumsuzluğu (timestamps: 338, data: 84)
2026-01-21 19:26:16 - spektroskopi - WARNING - RealTimePanel: IR_850nm calibrated data uzunluk uyumsuzluğu (timestamps: 338, data: 84)
2026-01-21 19:26:16 - spektroskopi - WARNING - RealTimePanel: IR_940nm raw data uzunluk uyumsuzluğu (timestamps: 338, data: 84)
2026-01-21 19:26:16 - spektroskopi - WARNING - RealTimePanel: IR_940nm calibrated data uzunluk uyumsuzluğu (timestamps: 338, data: 84)
2026-01-21 19:26:17 - spektroskopi - WARNING - RealTimePanel: UV_360nm raw data uzunluk uyumsuzluğu (timestamps: 338, data: 86)
2026-01-21 19:26:17 - spektroskopi - WARNING - RealTimePanel: UV_360nm calibrated data uzunluk uyumsuzluğu (timestamps: 338, data: 86)
2026-01-21 19:26:17 - spektroskopi - WARNING - RealTimePanel: Blue_450nm raw data uzunluk uyumsuzluğu (timestamps: 338, data: 84)
2026-01-21 19:26:17 - spektroskopi - WARNING - RealTimePanel: Blue_450nm calibrated data uzunluk uyumsuzluğu (timestamps: 338, data: 84)
2026-01-21 19:26:17 - spektroskopi - WARNING - RealTimePanel: IR_850nm raw data uzunluk uyumsuzluğu (timestamps: 338, data: 84)
2026-01-21 19:26:17 - spektroskopi - WARNING - RealTimePanel: IR_850nm calibrated data uzunluk uyumsuzluğu (timestamps: 338, data: 84)
2026-01-21 19:26:17 - spektroskopi - WARNING - RealTimePanel: IR_940nm raw data uzunluk uyumsuzluğu (timestamps: 338, data: 84)
2026-01-21 19:26:17 - spektroskopi - WARNING - RealTimePanel: IR_940nm calibrated data uzunluk uyumsuzluğu (timestamps: 338, data: 84)
2026-01-21 19:26:18 - spektroskopi - WARNING - RealTimePanel: UV_360nm raw data uzunluk uyumsuzluğu (timestamps: 338, data: 86)
2026-01-21 19:26:18 - spektroskopi - WARNING - RealTimePanel: UV_360nm calibrated data uzunluk uyumsuzluğu (timestamps: 338, data: 86)
2026-01-21 19:26:18 - spektroskopi - WARNING - RealTimePanel: Blue_450nm raw data uzunluk uyumsuzluğu (timestamps: 338, data: 84)
2026-01-21 19:26:18 - spektroskopi - WARNING - RealTimePanel: Blue_450nm calibrated data uzunluk uyumsuzluğu (timestamps: 338, data: 84)
2026-01-21 19:26:18 - spektroskopi - WARNING - RealTimePanel: IR_850nm raw data uzunluk uyumsuzluğu (timestamps: 338, data: 84)
2026-01-21 19:26:18 - spektroskopi - WARNING - RealTimePanel: IR_850nm calibrated data uzunluk uyumsuzluğu (timestamps: 338, data: 84)
2026-01-21 19:26:18 - spektroskopi - WARNING - RealTimePanel: IR_940nm raw data uzunluk uyumsuzluğu (timestamps: 338, data: 84)
2026-01-21 19:26:18 - spektroskopi - WARNING - RealTimePanel: IR_940nm calibrated data uzunluk uyumsuzluğu (timestamps: 338, data: 84)
2026-01-21 19:26:19 - spektroskopi - WARNING - RealTimePanel: UV_360nm raw data uzunluk uyumsuzluğu (timestamps: 338, data: 86)
2026-01-21 19:26:19 - spektroskopi - WARNING - RealTimePanel: UV_360nm calibrated data uzunluk uyumsuzluğu (timestamps: 338, data: 86)
2026-01-21 19:26:19 - spektroskopi - WARNING - RealTimePanel: Blue_450nm raw data uzunluk uyumsuzluğu (timestamps: 338, data: 84)
2026-01-21 19:26:19 - spektroskopi - WARNING - RealTimePanel: Blue_450nm calibrated data uzunluk uyumsuzluğu (timestamps: 338, data: 84)
2026-01-21 19:26:19 - spektroskopi - WARNING - RealTimePanel: IR_850nm raw data uzunluk uyumsuzluğu (timestamps: 338, data: 84)
2026-01-21 19:26:19 - spektroskopi - WARNING - RealTimePanel: IR_850nm calibrated data uzunluk uyumsuzluğu (timestamps: 338, data: 84)
2026-01-21 19:26:19 - spektroskopi - WARNING - RealTimePanel: IR_940nm raw data uzunluk uyumsuzluğu (timestamps: 338, data: 84)
2026-01-21 19:26:19 - spektroskopi - WARNING - RealTimePanel: IR_940nm calibrated data uzunluk uyumsuzluğu (timestamps: 338, data: 84)
2026-01-21 19:26:20 - spektroskopi - WARNING - RealTimePanel: UV_360nm raw data uzunluk uyumsuzluğu (timestamps: 338, data: 86)
2026-01-21 19:26:20 - spektroskopi - WARNING - RealTimePanel: UV_360nm calibrated data uzunluk uyumsuzluğu (timestamps: 338, data: 86)
2026-01-21 19:26:20 - spektroskopi - WARNING - RealTimePanel: Blue_450nm raw data uzunluk uyumsuzluğu (timestamps: 338, data: 84)
2026-01-21 19:26:20 - spektroskopi - WARNING - RealTimePanel: Blue_450nm calibrated data uzunluk uyumsuzluğu (timestamps: 338, data: 84)
2026-01-21 19:26:20 - spektroskopi - WARNING - RealTimePanel: IR_850nm raw data uzunluk uyumsuzluğu (timestamps: 338, data: 84)
2026-01-21 19:26:20 - spektroskopi - WARNING - RealTimePanel: IR_850nm calibrated data uzunluk uyumsuzluğu (timestamps: 338, data: 84)
2026-01-21 19:26:20 - spektroskopi - WARNING - RealTimePanel: IR_940nm raw data uzunluk uyumsuzluğu (timestamps: 338, data: 84)
2026-01-21 19:26:20 - spektroskopi - WARNING - RealTimePanel: IR_940nm calibrated data uzunluk uyumsuzluğu (timestamps: 338, data: 84)
2026-01-21 19:26:21 - spektroskopi - WARNING - RealTimePanel: UV_360nm raw data uzunluk uyumsuzluğu (timestamps: 338, data: 86)
2026-01-21 19:26:21 - spektroskopi - WARNING - RealTimePanel: UV_360nm calibrated data uzunluk uyumsuzluğu (timestamps: 338, data: 86)
2026-01-21 19:26:21 - spektroskopi - WARNING - RealTimePanel: Blue_450nm raw data uzunluk uyumsuzluğu (timestamps: 338, data: 84)
2026-01-21 19:26:21 - spektroskopi - WARNING - RealTimePanel: Blue_450nm calibrated data uzunluk uyumsuzluğu (timestamps: 338, data: 84)
2026-01-21 19:26:21 - spektroskopi - WARNING - RealTimePanel: IR_850nm raw data uzunluk uyumsuzluğu (timestamps: 338, data: 84)
2026-01-21 19:26:21 - spektroskopi - WARNING - RealTimePanel: IR_850nm calibrated data uzunluk uyumsuzluğu (timestamps: 338, data: 84)
2026-01-21 19:26:21 - spektroskopi - WARNING - RealTimePanel: IR_940nm raw data uzunluk uyumsuzluğu (timestamps: 338, data: 84)
2026-01-21 19:26:21 - spektroskopi - WARNING - RealTimePanel: IR_940nm calibrated data uzunluk uyumsuzluğu (timestamps: 338, data: 84)
2026-01-21 19:26:22 - spektroskopi - WARNING - RealTimePanel: UV_360nm raw data uzunluk uyumsuzluğu (timestamps: 338, data: 86)
2026-01-21 19:26:22 - spektroskopi - WARNING - RealTimePanel: UV_360nm calibrated data uzunluk uyumsuzluğu (timestamps: 338, data: 86)
2026-01-21 19:26:22 - spektroskopi - WARNING - RealTimePanel: Blue_450nm raw data uzunluk uyumsuzluğu (timestamps: 338, data: 84)
2026-01-21 19:26:22 - spektroskopi - WARNING - RealTimePanel: Blue_450nm calibrated data uzunluk uyumsuzluğu (timestamps: 338, data: 84)
2026-01-21 19:26:22 - spektroskopi - WARNING - RealTimePanel: IR_850nm raw data uzunluk uyumsuzluğu (timestamps: 338, data: 84)
2026-01-21 19:26:22 - spektroskopi - WARNING - RealTimePanel: IR_850nm calibrated data uzunluk uyumsuzluğu (timestamps: 338, data: 84)
2026-01-21 19:26:22 - spektroskopi - WARNING - RealTimePanel: IR_940nm raw data uzunluk uyumsuzluğu (timestamps: 338, data: 84)
2026-01-21 19:26:22 - spektroskopi - WARNING - RealTimePanel: IR_940nm calibrated data uzunluk uyumsuzluğu (timestamps: 338, data: 84)
2026-01-21 19:26:23 - spektroskopi - WARNING - RealTimePanel: UV_360nm raw data uzunluk uyumsuzluğu (timestamps: 338, data: 86)
2026-01-21 19:26:23 - spektroskopi - WARNING - RealTimePanel: UV_360nm calibrated data uzunluk uyumsuzluğu (timestamps: 338, data: 86)
2026-01-21 19:26:23 - spektroskopi - WARNING - RealTimePanel: Blue_450nm raw data uzunluk uyumsuzluğu (timestamps: 338, data: 84)
2026-01-21 19:26:23 - spektroskopi - WARNING - RealTimePanel: Blue_450nm calibrated data uzunluk uyumsuzluğu (timestamps: 338, data: 84)
2026-01-21 19:26:23 - spektroskopi - WARNING - RealTimePanel: IR_850nm raw data uzunluk uyumsuzluğu (timestamps: 338, data: 84)
2026-01-21 19:26:23 - spektroskopi - WARNING - RealTimePanel: IR_850nm calibrated data uzunluk uyumsuzluğu (timestamps: 338, data: 84)
2026-01-21 19:26:23 - spektroskopi - WARNING - RealTimePanel: IR_940nm raw data uzunluk uyumsuzluğu (timestamps: 338, data: 84)
2026-01-21 19:26:23 - spektroskopi - WARNING - RealTimePanel: IR_940nm calibrated data uzunluk uyumsuzluğu (timestamps: 338, data: 84)
2026-01-21 19:26:24 - spektroskopi - WARNING - RealTimePanel: UV_360nm raw data uzunluk uyumsuzluğu (timestamps: 338, data: 86)
2026-01-21 19:26:24 - spektroskopi - WARNING - RealTimePanel: UV_360nm calibrated data uzunluk uyumsuzluğu (timestamps: 338, data: 86)
2026-01-21 19:26:24 - spektroskopi - WARNING - RealTimePanel: Blue_450nm raw data uzunluk uyumsuzluğu (timestamps: 338, data: 84)
2026-01-21 19:26:24 - spektroskopi - WARNING - RealTimePanel: Blue_450nm calibrated data uzunluk uyumsuzluğu (timestamps: 338, data: 84)
2026-01-21 19:26:24 - spektroskopi - WARNING - RealTimePanel: IR_850nm raw data uzunluk uyumsuzluğu (timestamps: 338, data: 84)
2026-01-21 19:26:24 - spektroskopi - WARNING - RealTimePanel: IR_850nm calibrated data uzunluk uyumsuzluğu (timestamps: 338, data: 84)
2026-01-21 19:26:24 - spektroskopi - WARNING - RealTimePanel: IR_940nm raw data uzunluk uyumsuzluğu (timestamps: 338, data: 84)
2026-01-21 19:26:24 - spektroskopi - WARNING - RealTimePanel: IR_940nm calibrated data uzunluk uyumsuzluğu (timestamps: 338, data: 84)
2026-01-21 19:26:25 - spektroskopi - WARNING - RealTimePanel: UV_360nm raw data uzunluk uyumsuzluğu (timestamps: 338, data: 86)
2026-01-21 19:26:25 - spektroskopi - WARNING - RealTimePanel: UV_360nm calibrated data uzunluk uyumsuzluğu (timestamps: 338, data: 86)
2026-01-21 19:26:25 - spektroskopi - WARNING - RealTimePanel: Blue_450nm raw data uzunluk uyumsuzluğu (timestamps: 338, data: 84)
2026-01-21 19:26:25 - spektroskopi - WARNING - RealTimePanel: Blue_450nm calibrated data uzunluk uyumsuzluğu (timestamps: 338, data: 84)
2026-01-21 19:26:25 - spektroskopi - WARNING - RealTimePanel: IR_850nm raw data uzunluk uyumsuzluğu (timestamps: 338, data: 84)
2026-01-21 19:26:25 - spektroskopi - WARNING - RealTimePanel: IR_850nm calibrated data uzunluk uyumsuzluğu (timestamps: 338, data: 84)
2026-01-21 19:26:25 - spektroskopi - WARNING - RealTimePanel: IR_940nm raw data uzunluk uyumsuzluğu (timestamps: 338, data: 84)
2026-01-21 19:26:25 - spektroskopi - WARNING - RealTimePanel: IR_940nm calibrated data uzunluk uyumsuzluğu (timestamps: 338, data: 84)
2026-01-21 19:26:26 - spektroskopi - WARNING - RealTimePanel: UV_360nm raw data uzunluk uyumsuzluğu (timestamps: 338, data: 86)
2026-01-21 19:26:26 - spektroskopi - WARNING - RealTimePanel: UV_360nm calibrated data uzunluk uyumsuzluğu (timestamps: 338, data: 86)
2026-01-21 19:26:26 - spektroskopi - WARNING - RealTimePanel: Blue_450nm raw data uzunluk uyumsuzluğu (timestamps: 338, data: 84)
2026-01-21 19:26:26 - spektroskopi - WARNING - RealTimePanel: Blue_450nm calibrated data uzunluk uyumsuzluğu (timestamps: 338, data: 84)
2026-01-21 19:26:26 - spektroskopi - WARNING - RealTimePanel: IR_850nm raw data uzunluk uyumsuzluğu (timestamps: 338, data: 84)
2026-01-21 19:26:26 - spektroskopi - WARNING - RealTimePanel: IR_850nm calibrated data uzunluk uyumsuzluğu (timestamps: 338, data: 84)
2026-01-21 19:26:26 - spektroskopi - WARNING - RealTimePanel: IR_940nm raw data uzunluk uyumsuzluğu (timestamps: 338, data: 84)
2026-01-21 19:26:26 - spektroskopi - WARNING - RealTimePanel: IR_940nm calibrated data uzunluk uyumsuzluğu (timestamps: 338, data: 84)
2026-01-21 19:26:27 - spektroskopi - WARNING - RealTimePanel: UV_360nm raw data uzunluk uyumsuzluğu (timestamps: 338, data: 86)
2026-01-21 19:26:27 - spektroskopi - WARNING - RealTimePanel: UV_360nm calibrated data uzunluk uyumsuzluğu (timestamps: 338, data: 86)
2026-01-21 19:26:27 - spektroskopi - WARNING - RealTimePanel: Blue_450nm raw data uzunluk uyumsuzluğu (timestamps: 338, data: 84)
2026-01-21 19:26:27 - spektroskopi - WARNING - RealTimePanel: Blue_450nm calibrated data uzunluk uyumsuzluğu (timestamps: 338, data: 84)
2026-01-21 19:26:27 - spektroskopi - WARNING - RealTimePanel: IR_850nm raw data uzunluk uyumsuzluğu (timestamps: 338, data: 84)
2026-01-21 19:26:27 - spektroskopi - WARNING - RealTimePanel: IR_850nm calibrated data uzunluk uyumsuzluğu (timestamps: 338, data: 84)
2026-01-21 19:26:27 - spektroskopi - WARNING - RealTimePanel: IR_940nm raw data uzunluk uyumsuzluğu (timestamps: 338, data: 84)
2026-01-21 19:26:27 - spektroskopi - WARNING - RealTimePanel: IR_940nm calibrated data uzunluk uyumsuzluğu (timestamps: 338, data: 84)
2026-01-21 19:26:28 - spektroskopi - WARNING - RealTimePanel: UV_360nm raw data uzunluk uyumsuzluğu (timestamps: 338, data: 86)
2026-01-21 19:26:28 - spektroskopi - WARNING - RealTimePanel: UV_360nm calibrated data uzunluk uyumsuzluğu (timestamps: 338, data: 86)
2026-01-21 19:26:28 - spektroskopi - WARNING - RealTimePanel: Blue_450nm raw data uzunluk uyumsuzluğu (timestamps: 338, data: 84)
2026-01-21 19:26:28 - spektroskopi - WARNING - RealTimePanel: Blue_450nm calibrated data uzunluk uyumsuzluğu (timestamps: 338, data: 84)
2026-01-21 19:26:28 - spektroskopi - WARNING - RealTimePanel: IR_850nm raw data uzunluk uyumsuzluğu (timestamps: 338, data: 84)
2026-01-21 19:26:28 - spektroskopi - WARNING - RealTimePanel: IR_850nm calibrated data uzunluk uyumsuzluğu (timestamps: 338, data: 84)
2026-01-21 19:26:28 - spektroskopi - WARNING - RealTimePanel: IR_940nm raw data uzunluk uyumsuzluğu (timestamps: 338, data: 84)
2026-01-21 19:26:28 - spektroskopi - WARNING - RealTimePanel: IR_940nm calibrated data uzunluk uyumsuzluğu (timestamps: 338, data: 84)
2026-01-21 19:26:29 - spektroskopi - WARNING - RealTimePanel: UV_360nm raw data uzunluk uyumsuzluğu (timestamps: 338, data: 86)
2026-01-21 19:26:29 - spektroskopi - WARNING - RealTimePanel: UV_360nm calibrated data uzunluk uyumsuzluğu (timestamps: 338, data: 86)
2026-01-21 19:26:29 - spektroskopi - WARNING - RealTimePanel: Blue_450nm raw data uzunluk uyumsuzluğu (timestamps: 338, data: 84)
2026-01-21 19:26:29 - spektroskopi - WARNING - RealTimePanel: Blue_450nm calibrated data uzunluk uyumsuzluğu (timestamps: 338, data: 84)
2026-01-21 19:26:29 - spektroskopi - WARNING - RealTimePanel: IR_850nm raw data uzunluk uyumsuzluğu (timestamps: 338, data: 84)
2026-01-21 19:26:29 - spektroskopi - WARNING - RealTimePanel: IR_850nm calibrated data uzunluk uyumsuzluğu (timestamps: 338, data: 84)
2026-01-21 19:26:29 - spektroskopi - WARNING - RealTimePanel: IR_940nm raw data uzunluk uyumsuzluğu (timestamps: 338, data: 84)
2026-01-21 19:26:29 - spektroskopi - WARNING - RealTimePanel: IR_940nm calibrated data uzunluk uyumsuzluğu (timestamps: 338, data: 84)
2026-01-21 19:26:30 - spektroskopi - WARNING - RealTimePanel: UV_360nm raw data uzunluk uyumsuzluğu (timestamps: 338, data: 86)
2026-01-21 19:26:30 - spektroskopi - WARNING - RealTimePanel: UV_360nm calibrated data uzunluk uyumsuzluğu (timestamps: 338, data: 86)
2026-01-21 19:26:30 - spektroskopi - WARNING - RealTimePanel: Blue_450nm raw data uzunluk uyumsuzluğu (timestamps: 338, data: 84)
2026-01-21 19:26:30 - spektroskopi - WARNING - RealTimePanel: Blue_450nm calibrated data uzunluk uyumsuzluğu (timestamps: 338, data: 84)
2026-01-21 19:26:30 - spektroskopi - WARNING - RealTimePanel: IR_850nm raw data uzunluk uyumsuzluğu (timestamps: 338, data: 84)
2026-01-21 19:26:30 - spektroskopi - WARNING - RealTimePanel: IR_850nm calibrated data uzunluk uyumsuzluğu (timestamps: 338, data: 84)
2026-01-21 19:26:30 - spektroskopi - WARNING - RealTimePanel: IR_940nm raw data uzunluk uyumsuzluğu (timestamps: 338, data: 84)
2026-01-21 19:26:30 - spektroskopi - WARNING - RealTimePanel: IR_940nm calibrated data uzunluk uyumsuzluğu (timestamps: 338, data: 84)
2026-01-21 19:26:31 - spektroskopi - WARNING - RealTimePanel: UV_360nm raw data uzunluk uyumsuzluğu (timestamps: 338, data: 86)
2026-01-21 19:26:31 - spektroskopi - WARNING - RealTimePanel: UV_360nm calibrated data uzunluk uyumsuzluğu (timestamps: 338, data: 86)
2026-01-21 19:26:31 - spektroskopi - WARNING - RealTimePanel: Blue_450nm raw data uzunluk uyumsuzluğu (timestamps: 338, data: 84)
2026-01-21 19:26:31 - spektroskopi - WARNING - RealTimePanel: Blue_450nm calibrated data uzunluk uyumsuzluğu (timestamps: 338, data: 84)
2026-01-21 19:26:31 - spektroskopi - WARNING - RealTimePanel: IR_850nm raw data uzunluk uyumsuzluğu (timestamps: 338, data: 84)
2026-01-21 19:26:31 - spektroskopi - WARNING - RealTimePanel: IR_850nm calibrated data uzunluk uyumsuzluğu (timestamps: 338, data: 84)
2026-01-21 19:26:31 - spektroskopi - WARNING - RealTimePanel: IR_940nm raw data uzunluk uyumsuzluğu (timestamps: 338, data: 84)
2026-01-21 19:26:31 - spektroskopi - WARNING - RealTimePanel: IR_940nm calibrated data uzunluk uyumsuzluğu (timestamps: 338, data: 84)
2026-01-21 19:26:32 - spektroskopi - WARNING - RealTimePanel: UV_360nm raw data uzunluk uyumsuzluğu (timestamps: 338, data: 86)
2026-01-21 19:26:32 - spektroskopi - WARNING - RealTimePanel: UV_360nm calibrated data uzunluk uyumsuzluğu (timestamps: 338, data: 86)
2026-01-21 19:26:32 - spektroskopi - WARNING - RealTimePanel: Blue_450nm raw data uzunluk uyumsuzluğu (timestamps: 338, data: 84)
2026-01-21 19:26:32 - spektroskopi - WARNING - RealTimePanel: Blue_450nm calibrated data uzunluk uyumsuzluğu (timestamps: 338, data: 84)
2026-01-21 19:26:32 - spektroskopi - WARNING - RealTimePanel: IR_850nm raw data uzunluk uyumsuzluğu (timestamps: 338, data: 84)
2026-01-21 19:26:32 - spektroskopi - WARNING - RealTimePanel: IR_850nm calibrated data uzunluk uyumsuzluğu (timestamps: 338, data: 84)
2026-01-21 19:26:32 - spektroskopi - WARNING - RealTimePanel: IR_940nm raw data uzunluk uyumsuzluğu (timestamps: 338, data: 84)
2026-01-21 19:26:32 - spektroskopi - WARNING - RealTimePanel: IR_940nm calibrated data uzunluk uyumsuzluğu (timestamps: 338, data: 84)
2026-01-21 19:26:33 - spektroskopi - WARNING - RealTimePanel: UV_360nm raw data uzunluk uyumsuzluğu (timestamps: 338, data: 86)
2026-01-21 19:26:33 - spektroskopi - WARNING - RealTimePanel: UV_360nm calibrated data uzunluk uyumsuzluğu (timestamps: 338, data: 86)
2026-01-21 19:26:33 - spektroskopi - WARNING - RealTimePanel: Blue_450nm raw data uzunluk uyumsuzluğu (timestamps: 338, data: 84)
2026-01-21 19:26:33 - spektroskopi - WARNING - RealTimePanel: Blue_450nm calibrated data uzunluk uyumsuzluğu (timestamps: 338, data: 84)
2026-01-21 19:26:33 - spektroskopi - WARNING - RealTimePanel: IR_850nm raw data uzunluk uyumsuzluğu (timestamps: 338, data: 84)
2026-01-21 19:26:33 - spektroskopi - WARNING - RealTimePanel: IR_850nm calibrated data uzunluk uyumsuzluğu (timestamps: 338, data: 84)
2026-01-21 19:26:33 - spektroskopi - WARNING - RealTimePanel: IR_940nm raw data uzunluk uyumsuzluğu (timestamps: 338, data: 84)
2026-01-21 19:26:33 - spektroskopi - WARNING - RealTimePanel: IR_940nm calibrated data uzunluk uyumsuzluğu (timestamps: 338, data: 84)
2026-01-21 19:26:34 - spektroskopi - WARNING - RealTimePanel: UV_360nm raw data uzunluk uyumsuzluğu (timestamps: 338, data: 86)
2026-01-21 19:26:34 - spektroskopi - WARNING - RealTimePanel: UV_360nm calibrated data uzunluk uyumsuzluğu (timestamps: 338, data: 86)
2026-01-21 19:26:34 - spektroskopi - WARNING - RealTimePanel: Blue_450nm raw data uzunluk uyumsuzluğu (timestamps: 338, data: 84)
2026-01-21 19:26:34 - spektroskopi - WARNING - RealTimePanel: Blue_450nm calibrated data uzunluk uyumsuzluğu (timestamps: 338, data: 84)
2026-01-21 19:26:34 - spektroskopi - WARNING - RealTimePanel: IR_850nm raw data uzunluk uyumsuzluğu (timestamps: 338, data: 84)
2026-01-21 19:26:34 - spektroskopi - WARNING - RealTimePanel: IR_850nm calibrated data uzunluk uyumsuzluğu (timestamps: 338, data: 84)
2026-01-21 19:26:34 - spektroskopi - WARNING - RealTimePanel: IR_940nm raw data uzunluk uyumsuzluğu (timestamps: 338, data: 84)
2026-01-21 19:26:34 - spektroskopi - WARNING - RealTimePanel: IR_940nm calibrated data uzunluk uyumsuzluğu (timestamps: 338, data: 84)
2026-01-21 19:26:35 - spektroskopi - WARNING - RealTimePanel: UV_360nm raw data uzunluk uyumsuzluğu (timestamps: 338, data: 86)
2026-01-21 19:26:35 - spektroskopi - WARNING - RealTimePanel: UV_360nm calibrated data uzunluk uyumsuzluğu (timestamps: 338, data: 86)
2026-01-21 19:26:35 - spektroskopi - WARNING - RealTimePanel: Blue_450nm raw data uzunluk uyumsuzluğu (timestamps: 338, data: 84)
2026-01-21 19:26:35 - spektroskopi - WARNING - RealTimePanel: Blue_450nm calibrated data uzunluk uyumsuzluğu (timestamps: 338, data: 84)
2026-01-21 19:26:35 - spektroskopi - WARNING - RealTimePanel: IR_850nm raw data uzunluk uyumsuzluğu (timestamps: 338, data: 84)
2026-01-21 19:26:35 - spektroskopi - WARNING - RealTimePanel: IR_850nm calibrated data uzunluk uyumsuzluğu (timestamps: 338, data: 84)
2026-01-21 19:26:35 - spektroskopi - WARNING - RealTimePanel: IR_940nm raw data uzunluk uyumsuzluğu (timestamps: 338, data: 84)
2026-01-21 19:26:35 - spektroskopi - WARNING - RealTimePanel: IR_940nm calibrated data uzunluk uyumsuzluğu (timestamps: 338, data: 84)
2026-01-21 19:26:36 - spektroskopi - WARNING - RealTimePanel: UV_360nm raw data uzunluk uyumsuzluğu (timestamps: 338, data: 86)
2026-01-21 19:26:36 - spektroskopi - WARNING - RealTimePanel: UV_360nm calibrated data uzunluk uyumsuzluğu (timestamps: 338, data: 86)
2026-01-21 19:26:36 - spektroskopi - WARNING - RealTimePanel: Blue_450nm raw data uzunluk uyumsuzluğu (timestamps: 338, data: 84)
2026-01-21 19:26:36 - spektroskopi - WARNING - RealTimePanel: Blue_450nm calibrated data uzunluk uyumsuzluğu (timestamps: 338, data: 84)
2026-01-21 19:26:36 - spektroskopi - WARNING - RealTimePanel: IR_850nm raw data uzunluk uyumsuzluğu (timestamps: 338, data: 84)
2026-01-21 19:26:36 - spektroskopi - WARNING - RealTimePanel: IR_850nm calibrated data uzunluk uyumsuzluğu (timestamps: 338, data: 84)
2026-01-21 19:26:36 - spektroskopi - WARNING - RealTimePanel: IR_940nm raw data uzunluk uyumsuzluğu (timestamps: 338, data: 84)
2026-01-21 19:26:36 - spektroskopi - WARNING - RealTimePanel: IR_940nm calibrated data uzunluk uyumsuzluğu (timestamps: 338, data: 84)
2026-01-21 19:26:37 - spektroskopi - WARNING - RealTimePanel: UV_360nm raw data uzunluk uyumsuzluğu (timestamps: 338, data: 86)
2026-01-21 19:26:37 - spektroskopi - WARNING - RealTimePanel: UV_360nm calibrated data uzunluk uyumsuzluğu (timestamps: 338, data: 86)
2026-01-21 19:26:37 - spektroskopi - WARNING - RealTimePanel: Blue_450nm raw data uzunluk uyumsuzluğu (timestamps: 338, data: 84)
2026-01-21 19:26:37 - spektroskopi - WARNING - RealTimePanel: Blue_450nm calibrated data uzunluk uyumsuzluğu (timestamps: 338, data: 84)
2026-01-21 19:26:37 - spektroskopi - WARNING - RealTimePanel: IR_850nm raw data uzunluk uyumsuzluğu (timestamps: 338, data: 84)
2026-01-21 19:26:37 - spektroskopi - WARNING - RealTimePanel: IR_850nm calibrated data uzunluk uyumsuzluğu (timestamps: 338, data: 84)
2026-01-21 19:26:37 - spektroskopi - WARNING - RealTimePanel: IR_940nm raw data uzunluk uyumsuzluğu (timestamps: 338, data: 84)
2026-01-21 19:26:37 - spektroskopi - WARNING - RealTimePanel: IR_940nm calibrated data uzunluk uyumsuzluğu (timestamps: 338, data: 84)
2026-01-21 19:26:38 - spektroskopi - WARNING - RealTimePanel: UV_360nm raw data uzunluk uyumsuzluğu (timestamps: 338, data: 86)
2026-01-21 19:26:38 - spektroskopi - WARNING - RealTimePanel: UV_360nm calibrated data uzunluk uyumsuzluğu (timestamps: 338, data: 86)
2026-01-21 19:26:38 - spektroskopi - WARNING - RealTimePanel: Blue_450nm raw data uzunluk uyumsuzluğu (timestamps: 338, data: 84)
2026-01-21 19:26:38 - spektroskopi - WARNING - RealTimePanel: Blue_450nm calibrated data uzunluk uyumsuzluğu (timestamps: 338, data: 84)
2026-01-21 19:26:38 - spektroskopi - WARNING - RealTimePanel: IR_850nm raw data uzunluk uyumsuzluğu (timestamps: 338, data: 84)
2026-01-21 19:26:38 - spektroskopi - WARNING - RealTimePanel: IR_850nm calibrated data uzunluk uyumsuzluğu (timestamps: 338, data: 84)
2026-01-21 19:26:38 - spektroskopi - WARNING - RealTimePanel: IR_940nm raw data uzunluk uyumsuzluğu (timestamps: 338, data: 84)
2026-01-21 19:26:38 - spektroskopi - WARNING - RealTimePanel: IR_940nm calibrated data uzunluk uyumsuzluğu (timestamps: 338, data: 84)
2026-01-21 19:26:39 - spektroskopi - WARNING - RealTimePanel: UV_360nm raw data uzunluk uyumsuzluğu (timestamps: 338, data: 86)
2026-01-21 19:26:39 - spektroskopi - WARNING - RealTimePanel: UV_360nm calibrated data uzunluk uyumsuzluğu (timestamps: 338, data: 86)
2026-01-21 19:26:39 - spektroskopi - WARNING - RealTimePanel: Blue_450nm raw data uzunluk uyumsuzluğu (timestamps: 338, data: 84)
2026-01-21 19:26:39 - spektroskopi - WARNING - RealTimePanel: Blue_450nm calibrated data uzunluk uyumsuzluğu (timestamps: 338, data: 84)
2026-01-21 19:26:39 - spektroskopi - WARNING - RealTimePanel: IR_850nm raw data uzunluk uyumsuzluğu (timestamps: 338, data: 84)
2026-01-21 19:26:39 - spektroskopi - WARNING - RealTimePanel: IR_850nm calibrated data uzunluk uyumsuzluğu (timestamps: 338, data: 84)
2026-01-21 19:26:39 - spektroskopi - WARNING - RealTimePanel: IR_940nm raw data uzunluk uyumsuzluğu (timestamps: 338, data: 84)
2026-01-21 19:26:39 - spektroskopi - WARNING - RealTimePanel: IR_940nm calibrated data uzunluk uyumsuzluğu (timestamps: 338, data: 84)
2026-01-21 19:26:40 - spektroskopi - WARNING - RealTimePanel: UV_360nm raw data uzunluk uyumsuzluğu (timestamps: 338, data: 86)
2026-01-21 19:26:40 - spektroskopi - WARNING - RealTimePanel: UV_360nm calibrated data uzunluk uyumsuzluğu (timestamps: 338, data: 86)
2026-01-21 19:26:40 - spektroskopi - WARNING - RealTimePanel: Blue_450nm raw data uzunluk uyumsuzluğu (timestamps: 338, data: 84)
2026-01-21 19:26:40 - spektroskopi - WARNING - RealTimePanel: Blue_450nm calibrated data uzunluk uyumsuzluğu (timestamps: 338, data: 84)
2026-01-21 19:26:40 - spektroskopi - WARNING - RealTimePanel: IR_850nm raw data uzunluk uyumsuzluğu (timestamps: 338, data: 84)
2026-01-21 19:26:40 - spektroskopi - WARNING - RealTimePanel: IR_850nm calibrated data uzunluk uyumsuzluğu (timestamps: 338, data: 84)
2026-01-21 19:26:40 - spektroskopi - WARNING - RealTimePanel: IR_940nm raw data uzunluk uyumsuzluğu (timestamps: 338, data: 84)
2026-01-21 19:26:40 - spektroskopi - WARNING - RealTimePanel: IR_940nm calibrated data uzunluk uyumsuzluğu (timestamps: 338, data: 84)
2026-01-21 19:26:41 - spektroskopi - WARNING - RealTimePanel: UV_360nm raw data uzunluk uyumsuzluğu (timestamps: 338, data: 86)
2026-01-21 19:26:41 - spektroskopi - WARNING - RealTimePanel: UV_360nm calibrated data uzunluk uyumsuzluğu (timestamps: 338, data: 86)
2026-01-21 19:26:41 - spektroskopi - WARNING - RealTimePanel: Blue_450nm raw data uzunluk uyumsuzluğu (timestamps: 338, data: 84)
2026-01-21 19:26:41 - spektroskopi - WARNING - RealTimePanel: Blue_450nm calibrated data uzunluk uyumsuzluğu (timestamps: 338, data: 84)
2026-01-21 19:26:41 - spektroskopi - WARNING - RealTimePanel: IR_850nm raw data uzunluk uyumsuzluğu (timestamps: 338, data: 84)
2026-01-21 19:26:41 - spektroskopi - WARNING - RealTimePanel: IR_850nm calibrated data uzunluk uyumsuzluğu (timestamps: 338, data: 84)
2026-01-21 19:26:41 - spektroskopi - WARNING - RealTimePanel: IR_940nm raw data uzunluk uyumsuzluğu (timestamps: 338, data: 84)
2026-01-21 19:26:41 - spektroskopi - WARNING - RealTimePanel: IR_940nm calibrated data uzunluk uyumsuzluğu (timestamps: 338, data: 84)
2026-01-21 19:26:42 - spektroskopi - WARNING - RealTimePanel: UV_360nm raw data uzunluk uyumsuzluğu (timestamps: 338, data: 86)
2026-01-21 19:26:42 - spektroskopi - WARNING - RealTimePanel: UV_360nm calibrated data uzunluk uyumsuzluğu (timestamps: 338, data: 86)
2026-01-21 19:26:42 - spektroskopi - WARNING - RealTimePanel: Blue_450nm raw data uzunluk uyumsuzluğu (timestamps: 338, data: 84)
2026-01-21 19:26:42 - spektroskopi - WARNING - RealTimePanel: Blue_450nm calibrated data uzunluk uyumsuzluğu (timestamps: 338, data: 84)
2026-01-21 19:26:42 - spektroskopi - WARNING - RealTimePanel: IR_850nm raw data uzunluk uyumsuzluğu (timestamps: 338, data: 84)
2026-01-21 19:26:42 - spektroskopi - WARNING - RealTimePanel: IR_850nm calibrated data uzunluk uyumsuzluğu (timestamps: 338, data: 84)
2026-01-21 19:26:42 - spektroskopi - WARNING - RealTimePanel: IR_940nm raw data uzunluk uyumsuzluğu (timestamps: 338, data: 84)
2026-01-21 19:26:42 - spektroskopi - WARNING - RealTimePanel: IR_940nm calibrated data uzunluk uyumsuzluğu (timestamps: 338, data: 84)
2026-01-21 19:26:43 - spektroskopi - WARNING - RealTimePanel: UV_360nm raw data uzunluk uyumsuzluğu (timestamps: 338, data: 86)
2026-01-21 19:26:43 - spektroskopi - WARNING - RealTimePanel: UV_360nm calibrated data uzunluk uyumsuzluğu (timestamps: 338, data: 86)
2026-01-21 19:26:43 - spektroskopi - WARNING - RealTimePanel: Blue_450nm raw data uzunluk uyumsuzluğu (timestamps: 338, data: 84)
2026-01-21 19:26:43 - spektroskopi - WARNING - RealTimePanel: Blue_450nm calibrated data uzunluk uyumsuzluğu (timestamps: 338, data: 84)
2026-01-21 19:26:43 - spektroskopi - WARNING - RealTimePanel: IR_850nm raw data uzunluk uyumsuzluğu (timestamps: 338, data: 84)
2026-01-21 19:26:43 - spektroskopi - WARNING - RealTimePanel: IR_850nm calibrated data uzunluk uyumsuzluğu (timestamps: 338, data: 84)
2026-01-21 19:26:43 - spektroskopi - WARNING - RealTimePanel: IR_940nm raw data uzunluk uyumsuzluğu (timestamps: 338, data: 84)
2026-01-21 19:26:43 - spektroskopi - WARNING - RealTimePanel: IR_940nm calibrated data uzunluk uyumsuzluğu (timestamps: 338, data: 84)
2026-01-21 19:26:44 - spektroskopi - WARNING - RealTimePanel: UV_360nm raw data uzunluk uyumsuzluğu (timestamps: 338, data: 86)
2026-01-21 19:26:44 - spektroskopi - WARNING - RealTimePanel: UV_360nm calibrated data uzunluk uyumsuzluğu (timestamps: 338, data: 86)
2026-01-21 19:26:44 - spektroskopi - WARNING - RealTimePanel: Blue_450nm raw data uzunluk uyumsuzluğu (timestamps: 338, data: 84)
2026-01-21 19:26:44 - spektroskopi - WARNING - RealTimePanel: Blue_450nm calibrated data uzunluk uyumsuzluğu (timestamps: 338, data: 84)
2026-01-21 19:26:44 - spektroskopi - WARNING - RealTimePanel: IR_850nm raw data uzunluk uyumsuzluğu (timestamps: 338, data: 84)
2026-01-21 19:26:44 - spektroskopi - WARNING - RealTimePanel: IR_850nm calibrated data uzunluk uyumsuzluğu (timestamps: 338, data: 84)
2026-01-21 19:26:44 - spektroskopi - WARNING - RealTimePanel: IR_940nm raw data uzunluk uyumsuzluğu (timestamps: 338, data: 84)
2026-01-21 19:26:44 - spektroskopi - WARNING - RealTimePanel: IR_940nm calibrated data uzunluk uyumsuzluğu (timestamps: 338, data: 84)
2026-01-21 19:26:45 - spektroskopi - WARNING - RealTimePanel: UV_360nm raw data uzunluk uyumsuzluğu (timestamps: 338, data: 86)
2026-01-21 19:26:45 - spektroskopi - WARNING - RealTimePanel: UV_360nm calibrated data uzunluk uyumsuzluğu (timestamps: 338, data: 86)
2026-01-21 19:26:45 - spektroskopi - WARNING - RealTimePanel: Blue_450nm raw data uzunluk uyumsuzluğu (timestamps: 338, data: 84)
2026-01-21 19:26:45 - spektroskopi - WARNING - RealTimePanel: Blue_450nm calibrated data uzunluk uyumsuzluğu (timestamps: 338, data: 84)
2026-01-21 19:26:45 - spektroskopi - WARNING - RealTimePanel: IR_850nm raw data uzunluk uyumsuzluğu (timestamps: 338, data: 84)
2026-01-21 19:26:45 - spektroskopi - WARNING - RealTimePanel: IR_850nm calibrated data uzunluk uyumsuzluğu (timestamps: 338, data: 84)
2026-01-21 19:26:45 - spektroskopi - WARNING - RealTimePanel: IR_940nm raw data uzunluk uyumsuzluğu (timestamps: 338, data: 84)
2026-01-21 19:26:45 - spektroskopi - WARNING - RealTimePanel: IR_940nm calibrated data uzunluk uyumsuzluğu (timestamps: 338, data: 84)
2026-01-21 19:26:46 - spektroskopi - WARNING - RealTimePanel: UV_360nm raw data uzunluk uyumsuzluğu (timestamps: 338, data: 86)
2026-01-21 19:26:46 - spektroskopi - WARNING - RealTimePanel: UV_360nm calibrated data uzunluk uyumsuzluğu (timestamps: 338, data: 86)
2026-01-21 19:26:46 - spektroskopi - WARNING - RealTimePanel: Blue_450nm raw data uzunluk uyumsuzluğu (timestamps: 338, data: 84)
2026-01-21 19:26:46 - spektroskopi - WARNING - RealTimePanel: Blue_450nm calibrated data uzunluk uyumsuzluğu (timestamps: 338, data: 84)
2026-01-21 19:26:46 - spektroskopi - WARNING - RealTimePanel: IR_850nm raw data uzunluk uyumsuzluğu (timestamps: 338, data: 84)
2026-01-21 19:26:46 - spektroskopi - WARNING - RealTimePanel: IR_850nm calibrated data uzunluk uyumsuzluğu (timestamps: 338, data: 84)
2026-01-21 19:26:46 - spektroskopi - WARNING - RealTimePanel: IR_940nm raw data uzunluk uyumsuzluğu (timestamps: 338, data: 84)
2026-01-21 19:26:46 - spektroskopi - WARNING - RealTimePanel: IR_940nm calibrated data uzunluk uyumsuzluğu (timestamps: 338, data: 84)
2026-01-21 19:26:47 - spektroskopi - WARNING - RealTimePanel: UV_360nm raw data uzunluk uyumsuzluğu (timestamps: 338, data: 86)
2026-01-21 19:26:47 - spektroskopi - WARNING - RealTimePanel: UV_360nm calibrated data uzunluk uyumsuzluğu (timestamps: 338, data: 86)
2026-01-21 19:26:47 - spektroskopi - WARNING - RealTimePanel: Blue_450nm raw data uzunluk uyumsuzluğu (timestamps: 338, data: 84)
2026-01-21 19:26:47 - spektroskopi - WARNING - RealTimePanel: Blue_450nm calibrated data uzunluk uyumsuzluğu (timestamps: 338, data: 84)
2026-01-21 19:26:47 - spektroskopi - WARNING - RealTimePanel: IR_850nm raw data uzunluk uyumsuzluğu (timestamps: 338, data: 84)
2026-01-21 19:26:47 - spektroskopi - WARNING - RealTimePanel: IR_850nm calibrated data uzunluk uyumsuzluğu (timestamps: 338, data: 84)
2026-01-21 19:26:47 - spektroskopi - WARNING - RealTimePanel: IR_940nm raw data uzunluk uyumsuzluğu (timestamps: 338, data: 84)
2026-01-21 19:26:47 - spektroskopi - WARNING - RealTimePanel: IR_940nm calibrated data uzunluk uyumsuzluğu (timestamps: 338, data: 84)
2026-01-21 19:26:48 - spektroskopi - WARNING - RealTimePanel: UV_360nm raw data uzunluk uyumsuzluğu (timestamps: 338, data: 86)
2026-01-21 19:26:48 - spektroskopi - WARNING - RealTimePanel: UV_360nm calibrated data uzunluk uyumsuzluğu (timestamps: 338, data: 86)
2026-01-21 19:26:48 - spektroskopi - WARNING - RealTimePanel: Blue_450nm raw data uzunluk uyumsuzluğu (timestamps: 338, data: 84)
2026-01-21 19:26:48 - spektroskopi - WARNING - RealTimePanel: Blue_450nm calibrated data uzunluk uyumsuzluğu (timestamps: 338, data: 84)
2026-01-21 19:26:48 - spektroskopi - WARNING - RealTimePanel: IR_850nm raw data uzunluk uyumsuzluğu (timestamps: 338, data: 84)
2026-01-21 19:26:48 - spektroskopi - WARNING - RealTimePanel: IR_850nm calibrated data uzunluk uyumsuzluğu (timestamps: 338, data: 84)
2026-01-21 19:26:48 - spektroskopi - WARNING - RealTimePanel: IR_940nm raw data uzunluk uyumsuzluğu (timestamps: 338, data: 84)
2026-01-21 19:26:48 - spektroskopi - WARNING - RealTimePanel: IR_940nm calibrated data uzunluk uyumsuzluğu (timestamps: 338, data: 84)
2026-01-21 19:26:49 - spektroskopi - WARNING - RealTimePanel: UV_360nm raw data uzunluk uyumsuzluğu (timestamps: 338, data: 86)
2026-01-21 19:26:49 - spektroskopi - WARNING - RealTimePanel: UV_360nm calibrated data uzunluk uyumsuzluğu (timestamps: 338, data: 86)
2026-01-21 19:26:49 - spektroskopi - WARNING - RealTimePanel: Blue_450nm raw data uzunluk uyumsuzluğu (timestamps: 338, data: 84)
2026-01-21 19:26:49 - spektroskopi - WARNING - RealTimePanel: Blue_450nm calibrated data uzunluk uyumsuzluğu (timestamps: 338, data: 84)
2026-01-21 19:26:49 - spektroskopi - WARNING - RealTimePanel: IR_850nm raw data uzunluk uyumsuzluğu (timestamps: 338, data: 84)
2026-01-21 19:26:49 - spektroskopi - WARNING - RealTimePanel: IR_850nm calibrated data uzunluk uyumsuzluğu (timestamps: 338, data: 84)
2026-01-21 19:26:49 - spektroskopi - WARNING - RealTimePanel: IR_940nm raw data uzunluk uyumsuzluğu (timestamps: 338, data: 84)
2026-01-21 19:26:49 - spektroskopi - WARNING - RealTimePanel: IR_940nm calibrated data uzunluk uyumsuzluğu (timestamps: 338, data: 84)
2026-01-21 19:26:50 - spektroskopi - WARNING - RealTimePanel: UV_360nm raw data uzunluk uyumsuzluğu (timestamps: 338, data: 86)
2026-01-21 19:26:50 - spektroskopi - WARNING - RealTimePanel: UV_360nm calibrated data uzunluk uyumsuzluğu (timestamps: 338, data: 86)
2026-01-21 19:26:50 - spektroskopi - WARNING - RealTimePanel: Blue_450nm raw data uzunluk uyumsuzluğu (timestamps: 338, data: 84)
2026-01-21 19:26:50 - spektroskopi - WARNING - RealTimePanel: Blue_450nm calibrated data uzunluk uyumsuzluğu (timestamps: 338, data: 84)
2026-01-21 19:26:50 - spektroskopi - WARNING - RealTimePanel: IR_850nm raw data uzunluk uyumsuzluğu (timestamps: 338, data: 84)
2026-01-21 19:26:50 - spektroskopi - WARNING - RealTimePanel: IR_850nm calibrated data uzunluk uyumsuzluğu (timestamps: 338, data: 84)
2026-01-21 19:26:50 - spektroskopi - WARNING - RealTimePanel: IR_940nm raw data uzunluk uyumsuzluğu (timestamps: 338, data: 84)
2026-01-21 19:26:50 - spektroskopi - WARNING - RealTimePanel: IR_940nm calibrated data uzunluk uyumsuzluğu (timestamps: 338, data: 84)
2026-01-21 19:26:51 - spektroskopi - WARNING - RealTimePanel: UV_360nm raw data uzunluk uyumsuzluğu (timestamps: 338, data: 86)
2026-01-21 19:26:51 - spektroskopi - WARNING - RealTimePanel: UV_360nm calibrated data uzunluk uyumsuzluğu (timestamps: 338, data: 86)
2026-01-21 19:26:51 - spektroskopi - WARNING - RealTimePanel: Blue_450nm raw data uzunluk uyumsuzluğu (timestamps: 338, data: 84)
2026-01-21 19:26:51 - spektroskopi - WARNING - RealTimePanel: Blue_450nm calibrated data uzunluk uyumsuzluğu (timestamps: 338, data: 84)
2026-01-21 19:26:51 - spektroskopi - WARNING - RealTimePanel: IR_850nm raw data uzunluk uyumsuzluğu (timestamps: 338, data: 84)
2026-01-21 19:26:51 - spektroskopi - WARNING - RealTimePanel: IR_850nm calibrated data uzunluk uyumsuzluğu (timestamps: 338, data: 84)
2026-01-21 19:26:51 - spektroskopi - WARNING - RealTimePanel: IR_940nm raw data uzunluk uyumsuzluğu (timestamps: 338, data: 84)
2026-01-21 19:26:51 - spektroskopi - WARNING - RealTimePanel: IR_940nm calibrated data uzunluk uyumsuzluğu (timestamps: 338, data: 84)
2026-01-21 19:26:52 - spektroskopi - WARNING - RealTimePanel: UV_360nm raw data uzunluk uyumsuzluğu (timestamps: 338, data: 86)
2026-01-21 19:26:52 - spektroskopi - WARNING - RealTimePanel: UV_360nm calibrated data uzunluk uyumsuzluğu (timestamps: 338, data: 86)
2026-01-21 19:26:52 - spektroskopi - WARNING - RealTimePanel: Blue_450nm raw data uzunluk uyumsuzluğu (timestamps: 338, data: 84)
2026-01-21 19:26:52 - spektroskopi - WARNING - RealTimePanel: Blue_450nm calibrated data uzunluk uyumsuzluğu (timestamps: 338, data: 84)
2026-01-21 19:26:52 - spektroskopi - WARNING - RealTimePanel: IR_850nm raw data uzunluk uyumsuzluğu (timestamps: 338, data: 84)
2026-01-21 19:26:52 - spektroskopi - WARNING - RealTimePanel: IR_850nm calibrated data uzunluk uyumsuzluğu (timestamps: 338, data: 84)
2026-01-21 19:26:52 - spektroskopi - WARNING - RealTimePanel: IR_940nm raw data uzunluk uyumsuzluğu (timestamps: 338, data: 84)
2026-01-21 19:26:52 - spektroskopi - WARNING - RealTimePanel: IR_940nm calibrated data uzunluk uyumsuzluğu (timestamps: 338, data: 84)
2026-01-21 19:26:53 - spektroskopi - WARNING - RealTimePanel: UV_360nm raw data uzunluk uyumsuzluğu (timestamps: 338, data: 86)
2026-01-21 19:26:53 - spektroskopi - WARNING - RealTimePanel: UV_360nm calibrated data uzunluk uyumsuzluğu (timestamps: 338, data: 86)
2026-01-21 19:26:53 - spektroskopi - WARNING - RealTimePanel: Blue_450nm raw data uzunluk uyumsuzluğu (timestamps: 338, data: 84)
2026-01-21 19:26:53 - spektroskopi - WARNING - RealTimePanel: Blue_450nm calibrated data uzunluk uyumsuzluğu (timestamps: 338, data: 84)
2026-01-21 19:26:53 - spektroskopi - WARNING - RealTimePanel: IR_850nm raw data uzunluk uyumsuzluğu (timestamps: 338, data: 84)
2026-01-21 19:26:53 - spektroskopi - WARNING - RealTimePanel: IR_850nm calibrated data uzunluk uyumsuzluğu (timestamps: 338, data: 84)
2026-01-21 19:26:53 - spektroskopi - WARNING - RealTimePanel: IR_940nm raw data uzunluk uyumsuzluğu (timestamps: 338, data: 84)
2026-01-21 19:26:53 - spektroskopi - WARNING - RealTimePanel: IR_940nm calibrated data uzunluk uyumsuzluğu (timestamps: 338, data: 84)
2026-01-21 19:26:54 - spektroskopi - WARNING - RealTimePanel: UV_360nm raw data uzunluk uyumsuzluğu (timestamps: 338, data: 86)
2026-01-21 19:26:54 - spektroskopi - WARNING - RealTimePanel: UV_360nm calibrated data uzunluk uyumsuzluğu (timestamps: 338, data: 86)
2026-01-21 19:26:54 - spektroskopi - WARNING - RealTimePanel: Blue_450nm raw data uzunluk uyumsuzluğu (timestamps: 338, data: 84)
2026-01-21 19:26:54 - spektroskopi - WARNING - RealTimePanel: Blue_450nm calibrated data uzunluk uyumsuzluğu (timestamps: 338, data: 84)
2026-01-21 19:26:54 - spektroskopi - WARNING - RealTimePanel: IR_850nm raw data uzunluk uyumsuzluğu (timestamps: 338, data: 84)
2026-01-21 19:26:54 - spektroskopi - WARNING - RealTimePanel: IR_850nm calibrated data uzunluk uyumsuzluğu (timestamps: 338, data: 84)
2026-01-21 19:26:54 - spektroskopi - WARNING - RealTimePanel: IR_940nm raw data uzunluk uyumsuzluğu (timestamps: 338, data: 84)
2026-01-21 19:26:54 - spektroskopi - WARNING - RealTimePanel: IR_940nm calibrated data uzunluk uyumsuzluğu (timestamps: 338, data: 84)
2026-01-21 19:26:55 - spektroskopi - WARNING - RealTimePanel: UV_360nm raw data uzunluk uyumsuzluğu (timestamps: 338, data: 86)
2026-01-21 19:26:55 - spektroskopi - WARNING - RealTimePanel: UV_360nm calibrated data uzunluk uyumsuzluğu (timestamps: 338, data: 86)
2026-01-21 19:26:55 - spektroskopi - WARNING - RealTimePanel: Blue_450nm raw data uzunluk uyumsuzluğu (timestamps: 338, data: 84)
2026-01-21 19:26:55 - spektroskopi - WARNING - RealTimePanel: Blue_450nm calibrated data uzunluk uyumsuzluğu (timestamps: 338, data: 84)
2026-01-21 19:26:55 - spektroskopi - WARNING - RealTimePanel: IR_850nm raw data uzunluk uyumsuzluğu (timestamps: 338, data: 84)
2026-01-21 19:26:55 - spektroskopi - WARNING - RealTimePanel: IR_850nm calibrated data uzunluk uyumsuzluğu (timestamps: 338, data: 84)
2026-01-21 19:26:55 - spektroskopi - WARNING - RealTimePanel: IR_940nm raw data uzunluk uyumsuzluğu (timestamps: 338, data: 84)
2026-01-21 19:26:55 - spektroskopi - WARNING - RealTimePanel: IR_940nm calibrated data uzunluk uyumsuzluğu (timestamps: 338, data: 84)
2026-01-21 19:26:56 - spektroskopi - WARNING - RealTimePanel: UV_360nm raw data uzunluk uyumsuzluğu (timestamps: 338, data: 86)
2026-01-21 19:26:56 - spektroskopi - WARNING - RealTimePanel: UV_360nm calibrated data uzunluk uyumsuzluğu (timestamps: 338, data: 86)
2026-01-21 19:26:56 - spektroskopi - WARNING - RealTimePanel: Blue_450nm raw data uzunluk uyumsuzluğu (timestamps: 338, data: 84)
2026-01-21 19:26:56 - spektroskopi - WARNING - RealTimePanel: Blue_450nm calibrated data uzunluk uyumsuzluğu (timestamps: 338, data: 84)
2026-01-21 19:26:56 - spektroskopi - WARNING - RealTimePanel: IR_850nm raw data uzunluk uyumsuzluğu (timestamps: 338, data: 84)
2026-01-21 19:26:56 - spektroskopi - WARNING - RealTimePanel: IR_850nm calibrated data uzunluk uyumsuzluğu (timestamps: 338, data: 84)
2026-01-21 19:26:56 - spektroskopi - WARNING - RealTimePanel: IR_940nm raw data uzunluk uyumsuzluğu (timestamps: 338, data: 84)
2026-01-21 19:26:56 - spektroskopi - WARNING - RealTimePanel: IR_940nm calibrated data uzunluk uyumsuzluğu (timestamps: 338, data: 84)
2026-01-21 19:26:57 - spektroskopi - WARNING - RealTimePanel: UV_360nm raw data uzunluk uyumsuzluğu (timestamps: 338, data: 86)
2026-01-21 19:26:57 - spektroskopi - WARNING - RealTimePanel: UV_360nm calibrated data uzunluk uyumsuzluğu (timestamps: 338, data: 86)
2026-01-21 19:26:57 - spektroskopi - WARNING - RealTimePanel: Blue_450nm raw data uzunluk uyumsuzluğu (timestamps: 338, data: 84)
2026-01-21 19:26:57 - spektroskopi - WARNING - RealTimePanel: Blue_450nm calibrated data uzunluk uyumsuzluğu (timestamps: 338, data: 84)
2026-01-21 19:26:57 - spektroskopi - WARNING - RealTimePanel: IR_850nm raw data uzunluk uyumsuzluğu (timestamps: 338, data: 84)
2026-01-21 19:26:57 - spektroskopi - WARNING - RealTimePanel: IR_850nm calibrated data uzunluk uyumsuzluğu (timestamps: 338, data: 84)
2026-01-21 19:26:57 - spektroskopi - WARNING - RealTimePanel: IR_940nm raw data uzunluk uyumsuzluğu (timestamps: 338, data: 84)
2026-01-21 19:26:57 - spektroskopi - WARNING - RealTimePanel: IR_940nm calibrated data uzunluk uyumsuzluğu (timestamps: 338, data: 84)
2026-01-21 19:26:58 - spektroskopi - WARNING - RealTimePanel: UV_360nm raw data uzunluk uyumsuzluğu (timestamps: 338, data: 86)
2026-01-21 19:26:58 - spektroskopi - WARNING - RealTimePanel: UV_360nm calibrated data uzunluk uyumsuzluğu (timestamps: 338, data: 86)
2026-01-21 19:26:58 - spektroskopi - WARNING - RealTimePanel: Blue_450nm raw data uzunluk uyumsuzluğu (timestamps: 338, data: 84)
2026-01-21 19:26:58 - spektroskopi - WARNING - RealTimePanel: Blue_450nm calibrated data uzunluk uyumsuzluğu (timestamps: 338, data: 84)
2026-01-21 19:26:58 - spektroskopi - WARNING - RealTimePanel: IR_850nm raw data uzunluk uyumsuzluğu (timestamps: 338, data: 84)
2026-01-21 19:26:58 - spektroskopi - WARNING - RealTimePanel: IR_850nm calibrated data uzunluk uyumsuzluğu (timestamps: 338, data: 84)
2026-01-21 19:26:58 - spektroskopi - WARNING - RealTimePanel: IR_940nm raw data uzunluk uyumsuzluğu (timestamps: 338, data: 84)
2026-01-21 19:26:58 - spektroskopi - WARNING - RealTimePanel: IR_940nm calibrated data uzunluk uyumsuzluğu (timestamps: 338, data: 84)
2026-01-21 19:26:59 - spektroskopi - WARNING - RealTimePanel: UV_360nm raw data uzunluk uyumsuzluğu (timestamps: 338, data: 86)
2026-01-21 19:26:59 - spektroskopi - WARNING - RealTimePanel: UV_360nm calibrated data uzunluk uyumsuzluğu (timestamps: 338, data: 86)
2026-01-21 19:26:59 - spektroskopi - WARNING - RealTimePanel: Blue_450nm raw data uzunluk uyumsuzluğu (timestamps: 338, data: 84)
2026-01-21 19:26:59 - spektroskopi - WARNING - RealTimePanel: Blue_450nm calibrated data uzunluk uyumsuzluğu (timestamps: 338, data: 84)
2026-01-21 19:26:59 - spektroskopi - WARNING - RealTimePanel: IR_850nm raw data uzunluk uyumsuzluğu (timestamps: 338, data: 84)
2026-01-21 19:26:59 - spektroskopi - WARNING - RealTimePanel: IR_850nm calibrated data uzunluk uyumsuzluğu (timestamps: 338, data: 84)
2026-01-21 19:26:59 - spektroskopi - WARNING - RealTimePanel: IR_940nm raw data uzunluk uyumsuzluğu (timestamps: 338, data: 84)
2026-01-21 19:26:59 - spektroskopi - WARNING - RealTimePanel: IR_940nm calibrated data uzunluk uyumsuzluğu (timestamps: 338, data: 84)
2026-01-21 19:27:00 - spektroskopi - WARNING - RealTimePanel: UV_360nm raw data uzunluk uyumsuzluğu (timestamps: 338, data: 86)
2026-01-21 19:27:00 - spektroskopi - WARNING - RealTimePanel: UV_360nm calibrated data uzunluk uyumsuzluğu (timestamps: 338, data: 86)
2026-01-21 19:27:00 - spektroskopi - WARNING - RealTimePanel: Blue_450nm raw data uzunluk uyumsuzluğu (timestamps: 338, data: 84)
2026-01-21 19:27:00 - spektroskopi - WARNING - RealTimePanel: Blue_450nm calibrated data uzunluk uyumsuzluğu (timestamps: 338, data: 84)
2026-01-21 19:27:00 - spektroskopi - WARNING - RealTimePanel: IR_850nm raw data uzunluk uyumsuzluğu (timestamps: 338, data: 84)
2026-01-21 19:27:00 - spektroskopi - WARNING - RealTimePanel: IR_850nm calibrated data uzunluk uyumsuzluğu (timestamps: 338, data: 84)
2026-01-21 19:27:00 - spektroskopi - WARNING - RealTimePanel: IR_940nm raw data uzunluk uyumsuzluğu (timestamps: 338, data: 84)
2026-01-21 19:27:00 - spektroskopi - WARNING - RealTimePanel: IR_940nm calibrated data uzunluk uyumsuzluğu (timestamps: 338, data: 84)
2026-01-21 19:27:01 - spektroskopi - WARNING - RealTimePanel: UV_360nm raw data uzunluk uyumsuzluğu (timestamps: 338, data: 86)
2026-01-21 19:27:01 - spektroskopi - WARNING - RealTimePanel: UV_360nm calibrated data uzunluk uyumsuzluğu (timestamps: 338, data: 86)
2026-01-21 19:27:01 - spektroskopi - WARNING - RealTimePanel: Blue_450nm raw data uzunluk uyumsuzluğu (timestamps: 338, data: 84)
2026-01-21 19:27:01 - spektroskopi - WARNING - RealTimePanel: Blue_450nm calibrated data uzunluk uyumsuzluğu (timestamps: 338, data: 84)
2026-01-21 19:27:01 - spektroskopi - WARNING - RealTimePanel: IR_850nm raw data uzunluk uyumsuzluğu (timestamps: 338, data: 84)
2026-01-21 19:27:01 - spektroskopi - WARNING - RealTimePanel: IR_850nm calibrated data uzunluk uyumsuzluğu (timestamps: 338, data: 84)
2026-01-21 19:27:01 - spektroskopi - WARNING - RealTimePanel: IR_940nm raw data uzunluk uyumsuzluğu (timestamps: 338, data: 84)
2026-01-21 19:27:01 - spektroskopi - WARNING - RealTimePanel: IR_940nm calibrated data uzunluk uyumsuzluğu (timestamps: 338, data: 84)
2026-01-21 19:27:02 - spektroskopi - WARNING - RealTimePanel: UV_360nm raw data uzunluk uyumsuzluğu (timestamps: 338, data: 86)
2026-01-21 19:27:02 - spektroskopi - WARNING - RealTimePanel: UV_360nm calibrated data uzunluk uyumsuzluğu (timestamps: 338, data: 86)
2026-01-21 19:27:02 - spektroskopi - WARNING - RealTimePanel: Blue_450nm raw data uzunluk uyumsuzluğu (timestamps: 338, data: 84)
2026-01-21 19:27:02 - spektroskopi - WARNING - RealTimePanel: Blue_450nm calibrated data uzunluk uyumsuzluğu (timestamps: 338, data: 84)
2026-01-21 19:27:02 - spektroskopi - WARNING - RealTimePanel: IR_850nm raw data uzunluk uyumsuzluğu (timestamps: 338, data: 84)
2026-01-21 19:27:02 - spektroskopi - WARNING - RealTimePanel: IR_850nm calibrated data uzunluk uyumsuzluğu (timestamps: 338, data: 84)
2026-01-21 19:27:02 - spektroskopi - WARNING - RealTimePanel: IR_940nm raw data uzunluk uyumsuzluğu (timestamps: 338, data: 84)
2026-01-21 19:27:02 - spektroskopi - WARNING - RealTimePanel: IR_940nm calibrated data uzunluk uyumsuzluğu (timestamps: 338, data: 84)
2026-01-21 19:27:03 - spektroskopi - WARNING - RealTimePanel: UV_360nm raw data uzunluk uyumsuzluğu (timestamps: 338, data: 86)
2026-01-21 19:27:03 - spektroskopi - WARNING - RealTimePanel: UV_360nm calibrated data uzunluk uyumsuzluğu (timestamps: 338, data: 86)
2026-01-21 19:27:03 - spektroskopi - WARNING - RealTimePanel: Blue_450nm raw data uzunluk uyumsuzluğu (timestamps: 338, data: 84)
2026-01-21 19:27:03 - spektroskopi - WARNING - RealTimePanel: Blue_450nm calibrated data uzunluk uyumsuzluğu (timestamps: 338, data: 84)
2026-01-21 19:27:03 - spektroskopi - WARNING - RealTimePanel: IR_850nm raw data uzunluk uyumsuzluğu (timestamps: 338, data: 84)
2026-01-21 19:27:03 - spektroskopi - WARNING - RealTimePanel: IR_850nm calibrated data uzunluk uyumsuzluğu (timestamps: 338, data: 84)
2026-01-21 19:27:03 - spektroskopi - WARNING - RealTimePanel: IR_940nm raw data uzunluk uyumsuzluğu (timestamps: 338, data: 84)
2026-01-21 19:27:03 - spektroskopi - WARNING - RealTimePanel: IR_940nm calibrated data uzunluk uyumsuzluğu (timestamps: 338, data: 84)
2026-01-21 19:27:04 - spektroskopi - WARNING - RealTimePanel: UV_360nm raw data uzunluk uyumsuzluğu (timestamps: 338, data: 86)
2026-01-21 19:27:04 - spektroskopi - WARNING - RealTimePanel: UV_360nm calibrated data uzunluk uyumsuzluğu (timestamps: 338, data: 86)
2026-01-21 19:27:04 - spektroskopi - WARNING - RealTimePanel: Blue_450nm raw data uzunluk uyumsuzluğu (timestamps: 338, data: 84)
2026-01-21 19:27:04 - spektroskopi - WARNING - RealTimePanel: Blue_450nm calibrated data uzunluk uyumsuzluğu (timestamps: 338, data: 84)
2026-01-21 19:27:04 - spektroskopi - WARNING - RealTimePanel: IR_850nm raw data uzunluk uyumsuzluğu (timestamps: 338, data: 84)
2026-01-21 19:27:04 - spektroskopi - WARNING - RealTimePanel: IR_850nm calibrated data uzunluk uyumsuzluğu (timestamps: 338, data: 84)
2026-01-21 19:27:04 - spektroskopi - WARNING - RealTimePanel: IR_940nm raw data uzunluk uyumsuzluğu (timestamps: 338, data: 84)
2026-01-21 19:27:04 - spektroskopi - WARNING - RealTimePanel: IR_940nm calibrated data uzunluk uyumsuzluğu (timestamps: 338, data: 84)
2026-01-21 19:27:05 - spektroskopi - WARNING - RealTimePanel: UV_360nm raw data uzunluk uyumsuzluğu (timestamps: 338, data: 86)
2026-01-21 19:27:05 - spektroskopi - WARNING - RealTimePanel: UV_360nm calibrated data uzunluk uyumsuzluğu (timestamps: 338, data: 86)
2026-01-21 19:27:05 - spektroskopi - WARNING - RealTimePanel: Blue_450nm raw data uzunluk uyumsuzluğu (timestamps: 338, data: 84)
2026-01-21 19:27:05 - spektroskopi - WARNING - RealTimePanel: Blue_450nm calibrated data uzunluk uyumsuzluğu (timestamps: 338, data: 84)
2026-01-21 19:27:05 - spektroskopi - WARNING - RealTimePanel: IR_850nm raw data uzunluk uyumsuzluğu (timestamps: 338, data: 84)
2026-01-21 19:27:05 - spektroskopi - WARNING - RealTimePanel: IR_850nm calibrated data uzunluk uyumsuzluğu (timestamps: 338, data: 84)
2026-01-21 19:27:05 - spektroskopi - WARNING - RealTimePanel: IR_940nm raw data uzunluk uyumsuzluğu (timestamps: 338, data: 84)
2026-01-21 19:27:05 - spektroskopi - WARNING - RealTimePanel: IR_940nm calibrated data uzunluk uyumsuzluğu (timestamps: 338, data: 84)
2026-01-21 19:27:06 - spektroskopi - WARNING - RealTimePanel: UV_360nm raw data uzunluk uyumsuzluğu (timestamps: 338, data: 86)
2026-01-21 19:27:06 - spektroskopi - WARNING - RealTimePanel: UV_360nm calibrated data uzunluk uyumsuzluğu (timestamps: 338, data: 86)
2026-01-21 19:27:06 - spektroskopi - WARNING - RealTimePanel: Blue_450nm raw data uzunluk uyumsuzluğu (timestamps: 338, data: 84)
2026-01-21 19:27:06 - spektroskopi - WARNING - RealTimePanel: Blue_450nm calibrated data uzunluk uyumsuzluğu (timestamps: 338, data: 84)
2026-01-21 19:27:06 - spektroskopi - WARNING - RealTimePanel: IR_850nm raw data uzunluk uyumsuzluğu (timestamps: 338, data: 84)
2026-01-21 19:27:06 - spektroskopi - WARNING - RealTimePanel: IR_850nm calibrated data uzunluk uyumsuzluğu (timestamps: 338, data: 84)
2026-01-21 19:27:06 - spektroskopi - WARNING - RealTimePanel: IR_940nm raw data uzunluk uyumsuzluğu (timestamps: 338, data: 84)
2026-01-21 19:27:06 - spektroskopi - WARNING - RealTimePanel: IR_940nm calibrated data uzunluk uyumsuzluğu (timestamps: 338, data: 84)
2026-01-21 19:27:07 - spektroskopi - WARNING - RealTimePanel: UV_360nm raw data uzunluk uyumsuzluğu (timestamps: 338, data: 86)
2026-01-21 19:27:07 - spektroskopi - WARNING - RealTimePanel: UV_360nm calibrated data uzunluk uyumsuzluğu (timestamps: 338, data: 86)
2026-01-21 19:27:07 - spektroskopi - WARNING - RealTimePanel: Blue_450nm raw data uzunluk uyumsuzluğu (timestamps: 338, data: 84)
2026-01-21 19:27:07 - spektroskopi - WARNING - RealTimePanel: Blue_450nm calibrated data uzunluk uyumsuzluğu (timestamps: 338, data: 84)
2026-01-21 19:27:07 - spektroskopi - WARNING - RealTimePanel: IR_850nm raw data uzunluk uyumsuzluğu (timestamps: 338, data: 84)
2026-01-21 19:27:07 - spektroskopi - WARNING - RealTimePanel: IR_850nm calibrated data uzunluk uyumsuzluğu (timestamps: 338, data: 84)
2026-01-21 19:27:07 - spektroskopi - WARNING - RealTimePanel: IR_940nm raw data uzunluk uyumsuzluğu (timestamps: 338, data: 84)
2026-01-21 19:27:07 - spektroskopi - WARNING - RealTimePanel: IR_940nm calibrated data uzunluk uyumsuzluğu (timestamps: 338, data: 84)
2026-01-21 19:27:08 - spektroskopi - WARNING - RealTimePanel: UV_360nm raw data uzunluk uyumsuzluğu (timestamps: 338, data: 86)
2026-01-21 19:27:08 - spektroskopi - WARNING - RealTimePanel: UV_360nm calibrated data uzunluk uyumsuzluğu (timestamps: 338, data: 86)
2026-01-21 19:27:08 - spektroskopi - WARNING - RealTimePanel: Blue_450nm raw data uzunluk uyumsuzluğu (timestamps: 338, data: 84)
2026-01-21 19:27:08 - spektroskopi - WARNING - RealTimePanel: Blue_450nm calibrated data uzunluk uyumsuzluğu (timestamps: 338, data: 84)
2026-01-21 19:27:08 - spektroskopi - WARNING - RealTimePanel: IR_850nm raw data uzunluk uyumsuzluğu (timestamps: 338, data: 84)
2026-01-21 19:27:08 - spektroskopi - WARNING - RealTimePanel: IR_850nm calibrated data uzunluk uyumsuzluğu (timestamps: 338, data: 84)
2026-01-21 19:27:08 - spektroskopi - WARNING - RealTimePanel: IR_940nm raw data uzunluk uyumsuzluğu (timestamps: 338, data: 84)
2026-01-21 19:27:08 - spektroskopi - WARNING - RealTimePanel: IR_940nm calibrated data uzunluk uyumsuzluğu (timestamps: 338, data: 84)
2026-01-21 19:27:09 - spektroskopi - WARNING - RealTimePanel: UV_360nm raw data uzunluk uyumsuzluğu (timestamps: 338, data: 86)
2026-01-21 19:27:09 - spektroskopi - WARNING - RealTimePanel: UV_360nm calibrated data uzunluk uyumsuzluğu (timestamps: 338, data: 86)
2026-01-21 19:27:09 - spektroskopi - WARNING - RealTimePanel: Blue_450nm raw data uzunluk uyumsuzluğu (timestamps: 338, data: 84)
2026-01-21 19:27:09 - spektroskopi - WARNING - RealTimePanel: Blue_450nm calibrated data uzunluk uyumsuzluğu (timestamps: 338, data: 84)
2026-01-21 19:27:09 - spektroskopi - WARNING - RealTimePanel: IR_850nm raw data uzunluk uyumsuzluğu (timestamps: 338, data: 84)
2026-01-21 19:27:09 - spektroskopi - WARNING - RealTimePanel: IR_850nm calibrated data uzunluk uyumsuzluğu (timestamps: 338, data: 84)
2026-01-21 19:27:09 - spektroskopi - WARNING - RealTimePanel: IR_940nm raw data uzunluk uyumsuzluğu (timestamps: 338, data: 84)
2026-01-21 19:27:09 - spektroskopi - WARNING - RealTimePanel: IR_940nm calibrated data uzunluk uyumsuzluğu (timestamps: 338, data: 84)
2026-01-21 19:27:10 - spektroskopi - WARNING - RealTimePanel: UV_360nm raw data uzunluk uyumsuzluğu (timestamps: 338, data: 86)
2026-01-21 19:27:10 - spektroskopi - WARNING - RealTimePanel: UV_360nm calibrated data uzunluk uyumsuzluğu (timestamps: 338, data: 86)
2026-01-21 19:27:10 - spektroskopi - WARNING - RealTimePanel: Blue_450nm raw data uzunluk uyumsuzluğu (timestamps: 338, data: 84)
2026-01-21 19:27:10 - spektroskopi - WARNING - RealTimePanel: Blue_450nm calibrated data uzunluk uyumsuzluğu (timestamps: 338, data: 84)
2026-01-21 19:27:10 - spektroskopi - WARNING - RealTimePanel: IR_850nm raw data uzunluk uyumsuzluğu (timestamps: 338, data: 84)
2026-01-21 19:27:10 - spektroskopi - WARNING - RealTimePanel: IR_850nm calibrated data uzunluk uyumsuzluğu (timestamps: 338, data: 84)
2026-01-21 19:27:10 - spektroskopi - WARNING - RealTimePanel: IR_940nm raw data uzunluk uyumsuzluğu (timestamps: 338, data: 84)
2026-01-21 19:27:10 - spektroskopi - WARNING - RealTimePanel: IR_940nm calibrated data uzunluk uyumsuzluğu (timestamps: 338, data: 84)
2026-01-21 19:27:11 - spektroskopi - WARNING - RealTimePanel: UV_360nm raw data uzunluk uyumsuzluğu (timestamps: 338, data: 86)
2026-01-21 19:27:11 - spektroskopi - WARNING - RealTimePanel: UV_360nm calibrated data uzunluk uyumsuzluğu (timestamps: 338, data: 86)
2026-01-21 19:27:11 - spektroskopi - WARNING - RealTimePanel: Blue_450nm raw data uzunluk uyumsuzluğu (timestamps: 338, data: 84)
2026-01-21 19:27:11 - spektroskopi - WARNING - RealTimePanel: Blue_450nm calibrated data uzunluk uyumsuzluğu (timestamps: 338, data: 84)
2026-01-21 19:27:11 - spektroskopi - WARNING - RealTimePanel: IR_850nm raw data uzunluk uyumsuzluğu (timestamps: 338, data: 84)
2026-01-21 19:27:11 - spektroskopi - WARNING - RealTimePanel: IR_850nm calibrated data uzunluk uyumsuzluğu (timestamps: 338, data: 84)
2026-01-21 19:27:11 - spektroskopi - WARNING - RealTimePanel: IR_940nm raw data uzunluk uyumsuzluğu (timestamps: 338, data: 84)
2026-01-21 19:27:11 - spektroskopi - WARNING - RealTimePanel: IR_940nm calibrated data uzunluk uyumsuzluğu (timestamps: 338, data: 84)
2026-01-21 19:27:12 - spektroskopi - WARNING - RealTimePanel: UV_360nm raw data uzunluk uyumsuzluğu (timestamps: 338, data: 86)
2026-01-21 19:27:12 - spektroskopi - WARNING - RealTimePanel: UV_360nm calibrated data uzunluk uyumsuzluğu (timestamps: 338, data: 86)
2026-01-21 19:27:12 - spektroskopi - WARNING - RealTimePanel: Blue_450nm raw data uzunluk uyumsuzluğu (timestamps: 338, data: 84)
2026-01-21 19:27:12 - spektroskopi - WARNING - RealTimePanel: Blue_450nm calibrated data uzunluk uyumsuzluğu (timestamps: 338, data: 84)
2026-01-21 19:27:12 - spektroskopi - WARNING - RealTimePanel: IR_850nm raw data uzunluk uyumsuzluğu (timestamps: 338, data: 84)
2026-01-21 19:27:12 - spektroskopi - WARNING - RealTimePanel: IR_850nm calibrated data uzunluk uyumsuzluğu (timestamps: 338, data: 84)
2026-01-21 19:27:12 - spektroskopi - WARNING - RealTimePanel: IR_940nm raw data uzunluk uyumsuzluğu (timestamps: 338, data: 84)
2026-01-21 19:27:12 - spektroskopi - WARNING - RealTimePanel: IR_940nm calibrated data uzunluk uyumsuzluğu (timestamps: 338, data: 84)
2026-01-21 19:27:13 - spektroskopi - WARNING - RealTimePanel: UV_360nm raw data uzunluk uyumsuzluğu (timestamps: 338, data: 86)
2026-01-21 19:27:13 - spektroskopi - WARNING - RealTimePanel: UV_360nm calibrated data uzunluk uyumsuzluğu (timestamps: 338, data: 86)
2026-01-21 19:27:13 - spektroskopi - WARNING - RealTimePanel: Blue_450nm raw data uzunluk uyumsuzluğu (timestamps: 338, data: 84)
2026-01-21 19:27:13 - spektroskopi - WARNING - RealTimePanel: Blue_450nm calibrated data uzunluk uyumsuzluğu (timestamps: 338, data: 84)
2026-01-21 19:27:13 - spektroskopi - WARNING - RealTimePanel: IR_850nm raw data uzunluk uyumsuzluğu (timestamps: 338, data: 84)
2026-01-21 19:27:13 - spektroskopi - WARNING - RealTimePanel: IR_850nm calibrated data uzunluk uyumsuzluğu (timestamps: 338, data: 84)
2026-01-21 19:27:13 - spektroskopi - WARNING - RealTimePanel: IR_940nm raw data uzunluk uyumsuzluğu (timestamps: 338, data: 84)
2026-01-21 19:27:13 - spektroskopi - WARNING - RealTimePanel: IR_940nm calibrated data uzunluk uyumsuzluğu (timestamps: 338, data: 84)
2026-01-21 19:27:14 - spektroskopi - WARNING - RealTimePanel: UV_360nm raw data uzunluk uyumsuzluğu (timestamps: 338, data: 86)
2026-01-21 19:27:14 - spektroskopi - WARNING - RealTimePanel: UV_360nm calibrated data uzunluk uyumsuzluğu (timestamps: 338, data: 86)
2026-01-21 19:27:14 - spektroskopi - WARNING - RealTimePanel: Blue_450nm raw data uzunluk uyumsuzluğu (timestamps: 338, data: 84)
2026-01-21 19:27:14 - spektroskopi - WARNING - RealTimePanel: Blue_450nm calibrated data uzunluk uyumsuzluğu (timestamps: 338, data: 84)
2026-01-21 19:27:14 - spektroskopi - WARNING - RealTimePanel: IR_850nm raw data uzunluk uyumsuzluğu (timestamps: 338, data: 84)
2026-01-21 19:27:14 - spektroskopi - WARNING - RealTimePanel: IR_850nm calibrated data uzunluk uyumsuzluğu (timestamps: 338, data: 84)
2026-01-21 19:27:14 - spektroskopi - WARNING - RealTimePanel: IR_940nm raw data uzunluk uyumsuzluğu (timestamps: 338, data: 84)
2026-01-21 19:27:14 - spektroskopi - WARNING - RealTimePanel: IR_940nm calibrated data uzunluk uyumsuzluğu (timestamps: 338, data: 84)
2026-01-21 19:27:15 - spektroskopi - WARNING - RealTimePanel: UV_360nm raw data uzunluk uyumsuzluğu (timestamps: 338, data: 86)
2026-01-21 19:27:15 - spektroskopi - WARNING - RealTimePanel: UV_360nm calibrated data uzunluk uyumsuzluğu (timestamps: 338, data: 86)
2026-01-21 19:27:15 - spektroskopi - WARNING - RealTimePanel: Blue_450nm raw data uzunluk uyumsuzluğu (timestamps: 338, data: 84)
2026-01-21 19:27:15 - spektroskopi - WARNING - RealTimePanel: Blue_450nm calibrated data uzunluk uyumsuzluğu (timestamps: 338, data: 84)
2026-01-21 19:27:15 - spektroskopi - WARNING - RealTimePanel: IR_850nm raw data uzunluk uyumsuzluğu (timestamps: 338, data: 84)
2026-01-21 19:27:15 - spektroskopi - WARNING - RealTimePanel: IR_850nm calibrated data uzunluk uyumsuzluğu (timestamps: 338, data: 84)
2026-01-21 19:27:15 - spektroskopi - WARNING - RealTimePanel: IR_940nm raw data uzunluk uyumsuzluğu (timestamps: 338, data: 84)
2026-01-21 19:27:15 - spektroskopi - WARNING - RealTimePanel: IR_940nm calibrated data uzunluk uyumsuzluğu (timestamps: 338, data: 84)
2026-01-21 19:27:16 - spektroskopi - WARNING - RealTimePanel: UV_360nm raw data uzunluk uyumsuzluğu (timestamps: 338, data: 86)
2026-01-21 19:27:16 - spektroskopi - WARNING - RealTimePanel: UV_360nm calibrated data uzunluk uyumsuzluğu (timestamps: 338, data: 86)
2026-01-21 19:27:16 - spektroskopi - WARNING - RealTimePanel: Blue_450nm raw data uzunluk uyumsuzluğu (timestamps: 338, data: 84)
2026-01-21 19:27:16 - spektroskopi - WARNING - RealTimePanel: Blue_450nm calibrated data uzunluk uyumsuzluğu (timestamps: 338, data: 84)
2026-01-21 19:27:16 - spektroskopi - WARNING - RealTimePanel: IR_850nm raw data uzunluk uyumsuzluğu (timestamps: 338, data: 84)
2026-01-21 19:27:16 - spektroskopi - WARNING - RealTimePanel: IR_850nm calibrated data uzunluk uyumsuzluğu (timestamps: 338, data: 84)
2026-01-21 19:27:16 - spektroskopi - WARNING - RealTimePanel: IR_940nm raw data uzunluk uyumsuzluğu (timestamps: 338, data: 84)
2026-01-21 19:27:16 - spektroskopi - WARNING - RealTimePanel: IR_940nm calibrated data uzunluk uyumsuzluğu (timestamps: 338, data: 84)
2026-01-21 19:27:17 - spektroskopi - WARNING - RealTimePanel: UV_360nm raw data uzunluk uyumsuzluğu (timestamps: 338, data: 86)
2026-01-21 19:27:17 - spektroskopi - WARNING - RealTimePanel: UV_360nm calibrated data uzunluk uyumsuzluğu (timestamps: 338, data: 86)
2026-01-21 19:27:17 - spektroskopi - WARNING - RealTimePanel: Blue_450nm raw data uzunluk uyumsuzluğu (timestamps: 338, data: 84)
2026-01-21 19:27:17 - spektroskopi - WARNING - RealTimePanel: Blue_450nm calibrated data uzunluk uyumsuzluğu (timestamps: 338, data: 84)
2026-01-21 19:27:17 - spektroskopi - WARNING - RealTimePanel: IR_850nm raw data uzunluk uyumsuzluğu (timestamps: 338, data: 84)
2026-01-21 19:27:17 - spektroskopi - WARNING - RealTimePanel: IR_850nm calibrated data uzunluk uyumsuzluğu (timestamps: 338, data: 84)
2026-01-21 19:27:17 - spektroskopi - WARNING - RealTimePanel: IR_940nm raw data uzunluk uyumsuzluğu (timestamps: 338, data: 84)
2026-01-21 19:27:17 - spektroskopi - WARNING - RealTimePanel: IR_940nm calibrated data uzunluk uyumsuzluğu (timestamps: 338, data: 84)
2026-01-21 19:27:18 - spektroskopi - WARNING - RealTimePanel: UV_360nm raw data uzunluk uyumsuzluğu (timestamps: 338, data: 86)
2026-01-21 19:27:18 - spektroskopi - WARNING - RealTimePanel: UV_360nm calibrated data uzunluk uyumsuzluğu (timestamps: 338, data: 86)
2026-01-21 19:27:18 - spektroskopi - WARNING - RealTimePanel: Blue_450nm raw data uzunluk uyumsuzluğu (timestamps: 338, data: 84)
2026-01-21 19:27:18 - spektroskopi - WARNING - RealTimePanel: Blue_450nm calibrated data uzunluk uyumsuzluğu (timestamps: 338, data: 84)
2026-01-21 19:27:18 - spektroskopi - WARNING - RealTimePanel: IR_850nm raw data uzunluk uyumsuzluğu (timestamps: 338, data: 84)
2026-01-21 19:27:18 - spektroskopi - WARNING - RealTimePanel: IR_850nm calibrated data uzunluk uyumsuzluğu (timestamps: 338, data: 84)
2026-01-21 19:27:18 - spektroskopi - WARNING - RealTimePanel: IR_940nm raw data uzunluk uyumsuzluğu (timestamps: 338, data: 84)
2026-01-21 19:27:18 - spektroskopi - WARNING - RealTimePanel: IR_940nm calibrated data uzunluk uyumsuzluğu (timestamps: 338, data: 84)
2026-01-21 19:27:19 - spektroskopi - WARNING - RealTimePanel: UV_360nm raw data uzunluk uyumsuzluğu (timestamps: 338, data: 86)
2026-01-21 19:27:19 - spektroskopi - WARNING - RealTimePanel: UV_360nm calibrated data uzunluk uyumsuzluğu (timestamps: 338, data: 86)
2026-01-21 19:27:19 - spektroskopi - WARNING - RealTimePanel: Blue_450nm raw data uzunluk uyumsuzluğu (timestamps: 338, data: 84)
2026-01-21 19:27:19 - spektroskopi - WARNING - RealTimePanel: Blue_450nm calibrated data uzunluk uyumsuzluğu (timestamps: 338, data: 84)
2026-01-21 19:27:19 - spektroskopi - WARNING - RealTimePanel: IR_850nm raw data uzunluk uyumsuzluğu (timestamps: 338, data: 84)
2026-01-21 19:27:19 - spektroskopi - WARNING - RealTimePanel: IR_850nm calibrated data uzunluk uyumsuzluğu (timestamps: 338, data: 84)
2026-01-21 19:27:19 - spektroskopi - WARNING - RealTimePanel: IR_940nm raw data uzunluk uyumsuzluğu (timestamps: 338, data: 84)
2026-01-21 19:27:19 - spektroskopi - WARNING - RealTimePanel: IR_940nm calibrated data uzunluk uyumsuzluğu (timestamps: 338, data: 84)
2026-01-21 19:27:20 - spektroskopi - WARNING - RealTimePanel: UV_360nm raw data uzunluk uyumsuzluğu (timestamps: 338, data: 86)
2026-01-21 19:27:20 - spektroskopi - WARNING - RealTimePanel: UV_360nm calibrated data uzunluk uyumsuzluğu (timestamps: 338, data: 86)
2026-01-21 19:27:20 - spektroskopi - WARNING - RealTimePanel: Blue_450nm raw data uzunluk uyumsuzluğu (timestamps: 338, data: 84)
2026-01-21 19:27:20 - spektroskopi - WARNING - RealTimePanel: Blue_450nm calibrated data uzunluk uyumsuzluğu (timestamps: 338, data: 84)
2026-01-21 19:27:20 - spektroskopi - WARNING - RealTimePanel: IR_850nm raw data uzunluk uyumsuzluğu (timestamps: 338, data: 84)
2026-01-21 19:27:20 - spektroskopi - WARNING - RealTimePanel: IR_850nm calibrated data uzunluk uyumsuzluğu (timestamps: 338, data: 84)
2026-01-21 19:27:20 - spektroskopi - WARNING - RealTimePanel: IR_940nm raw data uzunluk uyumsuzluğu (timestamps: 338, data: 84)
2026-01-21 19:27:20 - spektroskopi - WARNING - RealTimePanel: IR_940nm calibrated data uzunluk uyumsuzluğu (timestamps: 338, data: 84)
2026-01-21 19:27:21 - spektroskopi - WARNING - RealTimePanel: UV_360nm raw data uzunluk uyumsuzluğu (timestamps: 338, data: 86)
2026-01-21 19:27:21 - spektroskopi - WARNING - RealTimePanel: UV_360nm calibrated data uzunluk uyumsuzluğu (timestamps: 338, data: 86)
2026-01-21 19:27:21 - spektroskopi - WARNING - RealTimePanel: Blue_450nm raw data uzunluk uyumsuzluğu (timestamps: 338, data: 84)
2026-01-21 19:27:21 - spektroskopi - WARNING - RealTimePanel: Blue_450nm calibrated data uzunluk uyumsuzluğu (timestamps: 338, data: 84)
2026-01-21 19:27:21 - spektroskopi - WARNING - RealTimePanel: IR_850nm raw data uzunluk uyumsuzluğu (timestamps: 338, data: 84)
2026-01-21 19:27:21 - spektroskopi - WARNING - RealTimePanel: IR_850nm calibrated data uzunluk uyumsuzluğu (timestamps: 338, data: 84)
2026-01-21 19:27:21 - spektroskopi - WARNING - RealTimePanel: IR_940nm raw data uzunluk uyumsuzluğu (timestamps: 338, data: 84)
2026-01-21 19:27:21 - spektroskopi - WARNING - RealTimePanel: IR_940nm calibrated data uzunluk uyumsuzluğu (timestamps: 338, data: 84)
2026-01-21 19:27:22 - spektroskopi - WARNING - RealTimePanel: UV_360nm raw data uzunluk uyumsuzluğu (timestamps: 338, data: 86)
2026-01-21 19:27:22 - spektroskopi - WARNING - RealTimePanel: UV_360nm calibrated data uzunluk uyumsuzluğu (timestamps: 338, data: 86)
2026-01-21 19:27:22 - spektroskopi - WARNING - RealTimePanel: Blue_450nm raw data uzunluk uyumsuzluğu (timestamps: 338, data: 84)
2026-01-21 19:27:22 - spektroskopi - WARNING - RealTimePanel: Blue_450nm calibrated data uzunluk uyumsuzluğu (timestamps: 338, data: 84)
2026-01-21 19:27:22 - spektroskopi - WARNING - RealTimePanel: IR_850nm raw data uzunluk uyumsuzluğu (timestamps: 338, data: 84)
2026-01-21 19:27:22 - spektroskopi - WARNING - RealTimePanel: IR_850nm calibrated data uzunluk uyumsuzluğu (timestamps: 338, data: 84)
2026-01-21 19:27:22 - spektroskopi - WARNING - RealTimePanel: IR_940nm raw data uzunluk uyumsuzluğu (timestamps: 338, data: 84)
2026-01-21 19:27:22 - spektroskopi - WARNING - RealTimePanel: IR_940nm calibrated data uzunluk uyumsuzluğu (timestamps: 338, data: 84)
2026-01-21 19:27:23 - spektroskopi - WARNING - RealTimePanel: UV_360nm raw data uzunluk uyumsuzluğu (timestamps: 338, data: 86)
2026-01-21 19:27:23 - spektroskopi - WARNING - RealTimePanel: UV_360nm calibrated data uzunluk uyumsuzluğu (timestamps: 338, data: 86)
2026-01-21 19:27:23 - spektroskopi - WARNING - RealTimePanel: Blue_450nm raw data uzunluk uyumsuzluğu (timestamps: 338, data: 84)
2026-01-21 19:27:23 - spektroskopi - WARNING - RealTimePanel: Blue_450nm calibrated data uzunluk uyumsuzluğu (timestamps: 338, data: 84)
2026-01-21 19:27:23 - spektroskopi - WARNING - RealTimePanel: IR_850nm raw data uzunluk uyumsuzluğu (timestamps: 338, data: 84)
2026-01-21 19:27:23 - spektroskopi - WARNING - RealTimePanel: IR_850nm calibrated data uzunluk uyumsuzluğu (timestamps: 338, data: 84)
2026-01-21 19:27:23 - spektroskopi - WARNING - RealTimePanel: IR_940nm raw data uzunluk uyumsuzluğu (timestamps: 338, data: 84)
2026-01-21 19:27:23 - spektroskopi - WARNING - RealTimePanel: IR_940nm calibrated data uzunluk uyumsuzluğu (timestamps: 338, data: 84)
2026-01-21 19:27:24 - spektroskopi - WARNING - RealTimePanel: UV_360nm raw data uzunluk uyumsuzluğu (timestamps: 338, data: 86)
2026-01-21 19:27:24 - spektroskopi - WARNING - RealTimePanel: UV_360nm calibrated data uzunluk uyumsuzluğu (timestamps: 338, data: 86)
2026-01-21 19:27:24 - spektroskopi - WARNING - RealTimePanel: Blue_450nm raw data uzunluk uyumsuzluğu (timestamps: 338, data: 84)
2026-01-21 19:27:24 - spektroskopi - WARNING - RealTimePanel: Blue_450nm calibrated data uzunluk uyumsuzluğu (timestamps: 338, data: 84)
2026-01-21 19:27:24 - spektroskopi - WARNING - RealTimePanel: IR_850nm raw data uzunluk uyumsuzluğu (timestamps: 338, data: 84)
2026-01-21 19:27:24 - spektroskopi - WARNING - RealTimePanel: IR_850nm calibrated data uzunluk uyumsuzluğu (timestamps: 338, data: 84)
2026-01-21 19:27:24 - spektroskopi - WARNING - RealTimePanel: IR_940nm raw data uzunluk uyumsuzluğu (timestamps: 338, data: 84)
2026-01-21 19:27:24 - spektroskopi - WARNING - RealTimePanel: IR_940nm calibrated data uzunluk uyumsuzluğu (timestamps: 338, data: 84)
2026-01-21 19:27:25 - spektroskopi - WARNING - RealTimePanel: UV_360nm raw data uzunluk uyumsuzluğu (timestamps: 338, data: 86)
2026-01-21 19:27:25 - spektroskopi - WARNING - RealTimePanel: UV_360nm calibrated data uzunluk uyumsuzluğu (timestamps: 338, data: 86)
2026-01-21 19:27:25 - spektroskopi - WARNING - RealTimePanel: Blue_450nm raw data uzunluk uyumsuzluğu (timestamps: 338, data: 84)
2026-01-21 19:27:25 - spektroskopi - WARNING - RealTimePanel: Blue_450nm calibrated data uzunluk uyumsuzluğu (timestamps: 338, data: 84)
2026-01-21 19:27:25 - spektroskopi - WARNING - RealTimePanel: IR_850nm raw data uzunluk uyumsuzluğu (timestamps: 338, data: 84)
2026-01-21 19:27:25 - spektroskopi - WARNING - RealTimePanel: IR_850nm calibrated data uzunluk uyumsuzluğu (timestamps: 338, data: 84)
2026-01-21 19:27:25 - spektroskopi - WARNING - RealTimePanel: IR_940nm raw data uzunluk uyumsuzluğu (timestamps: 338, data: 84)
2026-01-21 19:27:25 - spektroskopi - WARNING - RealTimePanel: IR_940nm calibrated data uzunluk uyumsuzluğu (timestamps: 338, data: 84)
2026-01-21 19:27:26 - spektroskopi - WARNING - RealTimePanel: UV_360nm raw data uzunluk uyumsuzluğu (timestamps: 338, data: 86)
2026-01-21 19:27:26 - spektroskopi - WARNING - RealTimePanel: UV_360nm calibrated data uzunluk uyumsuzluğu (timestamps: 338, data: 86)
2026-01-21 19:27:26 - spektroskopi - WARNING - RealTimePanel: Blue_450nm raw data uzunluk uyumsuzluğu (timestamps: 338, data: 84)
2026-01-21 19:27:26 - spektroskopi - WARNING - RealTimePanel: Blue_450nm calibrated data uzunluk uyumsuzluğu (timestamps: 338, data: 84)
2026-01-21 19:27:26 - spektroskopi - WARNING - RealTimePanel: IR_850nm raw data uzunluk uyumsuzluğu (timestamps: 338, data: 84)
2026-01-21 19:27:26 - spektroskopi - WARNING - RealTimePanel: IR_850nm calibrated data uzunluk uyumsuzluğu (timestamps: 338, data: 84)
2026-01-21 19:27:26 - spektroskopi - WARNING - RealTimePanel: IR_940nm raw data uzunluk uyumsuzluğu (timestamps: 338, data: 84)
2026-01-21 19:27:26 - spektroskopi - WARNING - RealTimePanel: IR_940nm calibrated data uzunluk uyumsuzluğu (timestamps: 338, data: 84)
2026-01-21 19:27:27 - spektroskopi - WARNING - RealTimePanel: UV_360nm raw data uzunluk uyumsuzluğu (timestamps: 338, data: 86)
2026-01-21 19:27:27 - spektroskopi - WARNING - RealTimePanel: UV_360nm calibrated data uzunluk uyumsuzluğu (timestamps: 338, data: 86)
2026-01-21 19:27:27 - spektroskopi - WARNING - RealTimePanel: Blue_450nm raw data uzunluk uyumsuzluğu (timestamps: 338, data: 84)
2026-01-21 19:27:27 - spektroskopi - WARNING - RealTimePanel: Blue_450nm calibrated data uzunluk uyumsuzluğu (timestamps: 338, data: 84)
2026-01-21 19:27:27 - spektroskopi - WARNING - RealTimePanel: IR_850nm raw data uzunluk uyumsuzluğu (timestamps: 338, data: 84)
2026-01-21 19:27:27 - spektroskopi - WARNING - RealTimePanel: IR_850nm calibrated data uzunluk uyumsuzluğu (timestamps: 338, data: 84)
2026-01-21 19:27:27 - spektroskopi - WARNING - RealTimePanel: IR_940nm raw data uzunluk uyumsuzluğu (timestamps: 338, data: 84)
2026-01-21 19:27:27 - spektroskopi - WARNING - RealTimePanel: IR_940nm calibrated data uzunluk uyumsuzluğu (timestamps: 338, data: 84)
2026-01-21 19:27:28 - spektroskopi - WARNING - RealTimePanel: UV_360nm raw data uzunluk uyumsuzluğu (timestamps: 338, data: 86)
2026-01-21 19:27:28 - spektroskopi - WARNING - RealTimePanel: UV_360nm calibrated data uzunluk uyumsuzluğu (timestamps: 338, data: 86)
2026-01-21 19:27:28 - spektroskopi - WARNING - RealTimePanel: Blue_450nm raw data uzunluk uyumsuzluğu (timestamps: 338, data: 84)
2026-01-21 19:27:28 - spektroskopi - WARNING - RealTimePanel: Blue_450nm calibrated data uzunluk uyumsuzluğu (timestamps: 338, data: 84)
2026-01-21 19:27:28 - spektroskopi - WARNING - RealTimePanel: IR_850nm raw data uzunluk uyumsuzluğu (timestamps: 338, data: 84)
2026-01-21 19:27:28 - spektroskopi - WARNING - RealTimePanel: IR_850nm calibrated data uzunluk uyumsuzluğu (timestamps: 338, data: 84)
2026-01-21 19:27:28 - spektroskopi - WARNING - RealTimePanel: IR_940nm raw data uzunluk uyumsuzluğu (timestamps: 338, data: 84)
2026-01-21 19:27:28 - spektroskopi - WARNING - RealTimePanel: IR_940nm calibrated data uzunluk uyumsuzluğu (timestamps: 338, data: 84)
2026-01-21 19:27:29 - spektroskopi - WARNING - RealTimePanel: UV_360nm raw data uzunluk uyumsuzluğu (timestamps: 338, data: 86)
2026-01-21 19:27:29 - spektroskopi - WARNING - RealTimePanel: UV_360nm calibrated data uzunluk uyumsuzluğu (timestamps: 338, data: 86)
2026-01-21 19:27:29 - spektroskopi - WARNING - RealTimePanel: Blue_450nm raw data uzunluk uyumsuzluğu (timestamps: 338, data: 84)
2026-01-21 19:27:29 - spektroskopi - WARNING - RealTimePanel: Blue_450nm calibrated data uzunluk uyumsuzluğu (timestamps: 338, data: 84)
2026-01-21 19:27:29 - spektroskopi - WARNING - RealTimePanel: IR_850nm raw data uzunluk uyumsuzluğu (timestamps: 338, data: 84)
2026-01-21 19:27:29 - spektroskopi - WARNING - RealTimePanel: IR_850nm calibrated data uzunluk uyumsuzluğu (timestamps: 338, data: 84)
2026-01-21 19:27:29 - spektroskopi - WARNING - RealTimePanel: IR_940nm raw data uzunluk uyumsuzluğu (timestamps: 338, data: 84)
2026-01-21 19:27:29 - spektroskopi - WARNING - RealTimePanel: IR_940nm calibrated data uzunluk uyumsuzluğu (timestamps: 338, data: 84)
2026-01-21 19:27:30 - spektroskopi - WARNING - RealTimePanel: UV_360nm raw data uzunluk uyumsuzluğu (timestamps: 338, data: 86)
2026-01-21 19:27:30 - spektroskopi - WARNING - RealTimePanel: UV_360nm calibrated data uzunluk uyumsuzluğu (timestamps: 338, data: 86)
2026-01-21 19:27:30 - spektroskopi - WARNING - RealTimePanel: Blue_450nm raw data uzunluk uyumsuzluğu (timestamps: 338, data: 84)
2026-01-21 19:27:30 - spektroskopi - WARNING - RealTimePanel: Blue_450nm calibrated data uzunluk uyumsuzluğu (timestamps: 338, data: 84)
2026-01-21 19:27:30 - spektroskopi - WARNING - RealTimePanel: IR_850nm raw data uzunluk uyumsuzluğu (timestamps: 338, data: 84)
2026-01-21 19:27:30 - spektroskopi - WARNING - RealTimePanel: IR_850nm calibrated data uzunluk uyumsuzluğu (timestamps: 338, data: 84)
2026-01-21 19:27:30 - spektroskopi - WARNING - RealTimePanel: IR_940nm raw data uzunluk uyumsuzluğu (timestamps: 338, data: 84)
2026-01-21 19:27:30 - spektroskopi - WARNING - RealTimePanel: IR_940nm calibrated data uzunluk uyumsuzluğu (timestamps: 338, data: 84)
2026-01-21 19:27:31 - spektroskopi - WARNING - RealTimePanel: UV_360nm raw data uzunluk uyumsuzluğu (timestamps: 338, data: 86)
2026-01-21 19:27:31 - spektroskopi - WARNING - RealTimePanel: UV_360nm calibrated data uzunluk uyumsuzluğu (timestamps: 338, data: 86)
2026-01-21 19:27:31 - spektroskopi - WARNING - RealTimePanel: Blue_450nm raw data uzunluk uyumsuzluğu (timestamps: 338, data: 84)
2026-01-21 19:27:31 - spektroskopi - WARNING - RealTimePanel: Blue_450nm calibrated data uzunluk uyumsuzluğu (timestamps: 338, data: 84)
2026-01-21 19:27:31 - spektroskopi - WARNING - RealTimePanel: IR_850nm raw data uzunluk uyumsuzluğu (timestamps: 338, data: 84)
2026-01-21 19:27:31 - spektroskopi - WARNING - RealTimePanel: IR_850nm calibrated data uzunluk uyumsuzluğu (timestamps: 338, data: 84)
2026-01-21 19:27:31 - spektroskopi - WARNING - RealTimePanel: IR_940nm raw data uzunluk uyumsuzluğu (timestamps: 338, data: 84)
2026-01-21 19:27:31 - spektroskopi - WARNING - RealTimePanel: IR_940nm calibrated data uzunluk uyumsuzluğu (timestamps: 338, data: 84)
2026-01-21 19:27:32 - spektroskopi - WARNING - RealTimePanel: UV_360nm raw data uzunluk uyumsuzluğu (timestamps: 338, data: 86)
2026-01-21 19:27:32 - spektroskopi - WARNING - RealTimePanel: UV_360nm calibrated data uzunluk uyumsuzluğu (timestamps: 338, data: 86)
2026-01-21 19:27:32 - spektroskopi - WARNING - RealTimePanel: Blue_450nm raw data uzunluk uyumsuzluğu (timestamps: 338, data: 84)
2026-01-21 19:27:32 - spektroskopi - WARNING - RealTimePanel: Blue_450nm calibrated data uzunluk uyumsuzluğu (timestamps: 338, data: 84)
2026-01-21 19:27:32 - spektroskopi - WARNING - RealTimePanel: IR_850nm raw data uzunluk uyumsuzluğu (timestamps: 338, data: 84)
2026-01-21 19:27:32 - spektroskopi - WARNING - RealTimePanel: IR_850nm calibrated data uzunluk uyumsuzluğu (timestamps: 338, data: 84)
2026-01-21 19:27:32 - spektroskopi - WARNING - RealTimePanel: IR_940nm raw data uzunluk uyumsuzluğu (timestamps: 338, data: 84)
2026-01-21 19:27:32 - spektroskopi - WARNING - RealTimePanel: IR_940nm calibrated data uzunluk uyumsuzluğu (timestamps: 338, data: 84)
2026-01-21 19:27:33 - spektroskopi - WARNING - RealTimePanel: UV_360nm raw data uzunluk uyumsuzluğu (timestamps: 338, data: 86)
2026-01-21 19:27:33 - spektroskopi - WARNING - RealTimePanel: UV_360nm calibrated data uzunluk uyumsuzluğu (timestamps: 338, data: 86)
2026-01-21 19:27:33 - spektroskopi - WARNING - RealTimePanel: Blue_450nm raw data uzunluk uyumsuzluğu (timestamps: 338, data: 84)
2026-01-21 19:27:33 - spektroskopi - WARNING - RealTimePanel: Blue_450nm calibrated data uzunluk uyumsuzluğu (timestamps: 338, data: 84)
2026-01-21 19:27:33 - spektroskopi - WARNING - RealTimePanel: IR_850nm raw data uzunluk uyumsuzluğu (timestamps: 338, data: 84)
2026-01-21 19:27:33 - spektroskopi - WARNING - RealTimePanel: IR_850nm calibrated data uzunluk uyumsuzluğu (timestamps: 338, data: 84)
2026-01-21 19:27:33 - spektroskopi - WARNING - RealTimePanel: IR_940nm raw data uzunluk uyumsuzluğu (timestamps: 338, data: 84)
2026-01-21 19:27:33 - spektroskopi - WARNING - RealTimePanel: IR_940nm calibrated data uzunluk uyumsuzluğu (timestamps: 338, data: 84)
2026-01-21 19:27:34 - spektroskopi - WARNING - RealTimePanel: UV_360nm raw data uzunluk uyumsuzluğu (timestamps: 338, data: 86)
2026-01-21 19:27:34 - spektroskopi - WARNING - RealTimePanel: UV_360nm calibrated data uzunluk uyumsuzluğu (timestamps: 338, data: 86)
2026-01-21 19:27:34 - spektroskopi - WARNING - RealTimePanel: Blue_450nm raw data uzunluk uyumsuzluğu (timestamps: 338, data: 84)
2026-01-21 19:27:34 - spektroskopi - WARNING - RealTimePanel: Blue_450nm calibrated data uzunluk uyumsuzluğu (timestamps: 338, data: 84)
2026-01-21 19:27:34 - spektroskopi - WARNING - RealTimePanel: IR_850nm raw data uzunluk uyumsuzluğu (timestamps: 338, data: 84)
2026-01-21 19:27:34 - spektroskopi - WARNING - RealTimePanel: IR_850nm calibrated data uzunluk uyumsuzluğu (timestamps: 338, data: 84)
2026-01-21 19:27:34 - spektroskopi - WARNING - RealTimePanel: IR_940nm raw data uzunluk uyumsuzluğu (timestamps: 338, data: 84)
2026-01-21 19:27:34 - spektroskopi - WARNING - RealTimePanel: IR_940nm calibrated data uzunluk uyumsuzluğu (timestamps: 338, data: 84)
2026-01-21 19:27:35 - spektroskopi - WARNING - RealTimePanel: UV_360nm raw data uzunluk uyumsuzluğu (timestamps: 338, data: 86)
2026-01-21 19:27:35 - spektroskopi - WARNING - RealTimePanel: UV_360nm calibrated data uzunluk uyumsuzluğu (timestamps: 338, data: 86)
2026-01-21 19:27:35 - spektroskopi - WARNING - RealTimePanel: Blue_450nm raw data uzunluk uyumsuzluğu (timestamps: 338, data: 84)
2026-01-21 19:27:35 - spektroskopi - WARNING - RealTimePanel: Blue_450nm calibrated data uzunluk uyumsuzluğu (timestamps: 338, data: 84)
2026-01-21 19:27:35 - spektroskopi - WARNING - RealTimePanel: IR_850nm raw data uzunluk uyumsuzluğu (timestamps: 338, data: 84)
2026-01-21 19:27:35 - spektroskopi - WARNING - RealTimePanel: IR_850nm calibrated data uzunluk uyumsuzluğu (timestamps: 338, data: 84)
2026-01-21 19:27:35 - spektroskopi - WARNING - RealTimePanel: IR_940nm raw data uzunluk uyumsuzluğu (timestamps: 338, data: 84)
2026-01-21 19:27:35 - spektroskopi - WARNING - RealTimePanel: IR_940nm calibrated data uzunluk uyumsuzluğu (timestamps: 338, data: 84)
2026-01-21 19:27:36 - spektroskopi - WARNING - RealTimePanel: UV_360nm raw data uzunluk uyumsuzluğu (timestamps: 338, data: 86)
2026-01-21 19:27:36 - spektroskopi - WARNING - RealTimePanel: UV_360nm calibrated data uzunluk uyumsuzluğu (timestamps: 338, data: 86)
2026-01-21 19:27:36 - spektroskopi - WARNING - RealTimePanel: Blue_450nm raw data uzunluk uyumsuzluğu (timestamps: 338, data: 84)
2026-01-21 19:27:36 - spektroskopi - WARNING - RealTimePanel: Blue_450nm calibrated data uzunluk uyumsuzluğu (timestamps: 338, data: 84)
2026-01-21 19:27:36 - spektroskopi - WARNING - RealTimePanel: IR_850nm raw data uzunluk uyumsuzluğu (timestamps: 338, data: 84)
2026-01-21 19:27:36 - spektroskopi - WARNING - RealTimePanel: IR_850nm calibrated data uzunluk uyumsuzluğu (timestamps: 338, data: 84)
2026-01-21 19:27:36 - spektroskopi - WARNING - RealTimePanel: IR_940nm raw data uzunluk uyumsuzluğu (timestamps: 338, data: 84)
2026-01-21 19:27:36 - spektroskopi - WARNING - RealTimePanel: IR_940nm calibrated data uzunluk uyumsuzluğu (timestamps: 338, data: 84)
2026-01-21 19:27:37 - spektroskopi - WARNING - RealTimePanel: UV_360nm raw data uzunluk uyumsuzluğu (timestamps: 338, data: 86)
2026-01-21 19:27:37 - spektroskopi - WARNING - RealTimePanel: UV_360nm calibrated data uzunluk uyumsuzluğu (timestamps: 338, data: 86)
2026-01-21 19:27:37 - spektroskopi - WARNING - RealTimePanel: Blue_450nm raw data uzunluk uyumsuzluğu (timestamps: 338, data: 84)
2026-01-21 19:27:37 - spektroskopi - WARNING - RealTimePanel: Blue_450nm calibrated data uzunluk uyumsuzluğu (timestamps: 338, data: 84)
2026-01-21 19:27:37 - spektroskopi - WARNING - RealTimePanel: IR_850nm raw data uzunluk uyumsuzluğu (timestamps: 338, data: 84)
2026-01-21 19:27:37 - spektroskopi - WARNING - RealTimePanel: IR_850nm calibrated data uzunluk uyumsuzluğu (timestamps: 338, data: 84)
2026-01-21 19:27:37 - spektroskopi - WARNING - RealTimePanel: IR_940nm raw data uzunluk uyumsuzluğu (timestamps: 338, data: 84)
2026-01-21 19:27:37 - spektroskopi - WARNING - RealTimePanel: IR_940nm calibrated data uzunluk uyumsuzluğu (timestamps: 338, data: 84)
2026-01-21 19:27:38 - spektroskopi - INFO - BLE tarama başlatılıyor (timeout: 10.0s)
2026-01-21 19:27:38 - spektroskopi - WARNING - RealTimePanel: UV_360nm raw data uzunluk uyumsuzluğu (timestamps: 338, data: 86)
2026-01-21 19:27:38 - spektroskopi - WARNING - RealTimePanel: UV_360nm calibrated data uzunluk uyumsuzluğu (timestamps: 338, data: 86)
2026-01-21 19:27:38 - spektroskopi - WARNING - RealTimePanel: Blue_450nm raw data uzunluk uyumsuzluğu (timestamps: 338, data: 84)
2026-01-21 19:27:38 - spektroskopi - WARNING - RealTimePanel: Blue_450nm calibrated data uzunluk uyumsuzluğu (timestamps: 338, data: 84)
2026-01-21 19:27:38 - spektroskopi - WARNING - RealTimePanel: IR_850nm raw data uzunluk uyumsuzluğu (timestamps: 338, data: 84)
2026-01-21 19:27:38 - spektroskopi - WARNING - RealTimePanel: IR_850nm calibrated data uzunluk uyumsuzluğu (timestamps: 338, data: 84)
2026-01-21 19:27:38 - spektroskopi - WARNING - RealTimePanel: IR_940nm raw data uzunluk uyumsuzluğu (timestamps: 338, data: 84)
2026-01-21 19:27:38 - spektroskopi - WARNING - RealTimePanel: IR_940nm calibrated data uzunluk uyumsuzluğu (timestamps: 338, data: 84)
2026-01-21 19:27:39 - spektroskopi - WARNING - RealTimePanel: UV_360nm raw data uzunluk uyumsuzluğu (timestamps: 338, data: 86)
2026-01-21 19:27:39 - spektroskopi - WARNING - RealTimePanel: UV_360nm calibrated data uzunluk uyumsuzluğu (timestamps: 338, data: 86)
2026-01-21 19:27:39 - spektroskopi - WARNING - RealTimePanel: Blue_450nm raw data uzunluk uyumsuzluğu (timestamps: 338, data: 84)
2026-01-21 19:27:39 - spektroskopi - WARNING - RealTimePanel: Blue_450nm calibrated data uzunluk uyumsuzluğu (timestamps: 338, data: 84)
2026-01-21 19:27:39 - spektroskopi - WARNING - RealTimePanel: IR_850nm raw data uzunluk uyumsuzluğu (timestamps: 338, data: 84)
2026-01-21 19:27:39 - spektroskopi - WARNING - RealTimePanel: IR_850nm calibrated data uzunluk uyumsuzluğu (timestamps: 338, data: 84)
2026-01-21 19:27:39 - spektroskopi - WARNING - RealTimePanel: IR_940nm raw data uzunluk uyumsuzluğu (timestamps: 338, data: 84)
2026-01-21 19:27:39 - spektroskopi - WARNING - RealTimePanel: IR_940nm calibrated data uzunluk uyumsuzluğu (timestamps: 338, data: 84)
2026-01-21 19:27:40 - spektroskopi - WARNING - RealTimePanel: UV_360nm raw data uzunluk uyumsuzluğu (timestamps: 338, data: 86)
2026-01-21 19:27:40 - spektroskopi - WARNING - RealTimePanel: UV_360nm calibrated data uzunluk uyumsuzluğu (timestamps: 338, data: 86)
2026-01-21 19:27:40 - spektroskopi - WARNING - RealTimePanel: Blue_450nm raw data uzunluk uyumsuzluğu (timestamps: 338, data: 84)
2026-01-21 19:27:40 - spektroskopi - WARNING - RealTimePanel: Blue_450nm calibrated data uzunluk uyumsuzluğu (timestamps: 338, data: 84)
2026-01-21 19:27:40 - spektroskopi - WARNING - RealTimePanel: IR_850nm raw data uzunluk uyumsuzluğu (timestamps: 338, data: 84)
2026-01-21 19:27:40 - spektroskopi - WARNING - RealTimePanel: IR_850nm calibrated data uzunluk uyumsuzluğu (timestamps: 338, data: 84)
2026-01-21 19:27:40 - spektroskopi - WARNING - RealTimePanel: IR_940nm raw data uzunluk uyumsuzluğu (timestamps: 338, data: 84)
2026-01-21 19:27:40 - spektroskopi - WARNING - RealTimePanel: IR_940nm calibrated data uzunluk uyumsuzluğu (timestamps: 338, data: 84)
2026-01-21 19:27:41 - spektroskopi - WARNING - RealTimePanel: UV_360nm raw data uzunluk uyumsuzluğu (timestamps: 338, data: 86)
2026-01-21 19:27:41 - spektroskopi - WARNING - RealTimePanel: UV_360nm calibrated data uzunluk uyumsuzluğu (timestamps: 338, data: 86)
2026-01-21 19:27:41 - spektroskopi - WARNING - RealTimePanel: Blue_450nm raw data uzunluk uyumsuzluğu (timestamps: 338, data: 84)
2026-01-21 19:27:41 - spektroskopi - WARNING - RealTimePanel: Blue_450nm calibrated data uzunluk uyumsuzluğu (timestamps: 338, data: 84)
2026-01-21 19:27:41 - spektroskopi - WARNING - RealTimePanel: IR_850nm raw data uzunluk uyumsuzluğu (timestamps: 338, data: 84)
2026-01-21 19:27:41 - spektroskopi - WARNING - RealTimePanel: IR_850nm calibrated data uzunluk uyumsuzluğu (timestamps: 338, data: 84)
2026-01-21 19:27:41 - spektroskopi - WARNING - RealTimePanel: IR_940nm raw data uzunluk uyumsuzluğu (timestamps: 338, data: 84)
2026-01-21 19:27:41 - spektroskopi - WARNING - RealTimePanel: IR_940nm calibrated data uzunluk uyumsuzluğu (timestamps: 338, data: 84)
2026-01-21 19:27:42 - spektroskopi - WARNING - RealTimePanel: UV_360nm raw data uzunluk uyumsuzluğu (timestamps: 338, data: 86)
2026-01-21 19:27:42 - spektroskopi - WARNING - RealTimePanel: UV_360nm calibrated data uzunluk uyumsuzluğu (timestamps: 338, data: 86)
2026-01-21 19:27:42 - spektroskopi - WARNING - RealTimePanel: Blue_450nm raw data uzunluk uyumsuzluğu (timestamps: 338, data: 84)
2026-01-21 19:27:42 - spektroskopi - WARNING - RealTimePanel: Blue_450nm calibrated data uzunluk uyumsuzluğu (timestamps: 338, data: 84)
2026-01-21 19:27:42 - spektroskopi - WARNING - RealTimePanel: IR_850nm raw data uzunluk uyumsuzluğu (timestamps: 338, data: 84)
2026-01-21 19:27:42 - spektroskopi - WARNING - RealTimePanel: IR_850nm calibrated data uzunluk uyumsuzluğu (timestamps: 338, data: 84)
2026-01-21 19:27:42 - spektroskopi - WARNING - RealTimePanel: IR_940nm raw data uzunluk uyumsuzluğu (timestamps: 338, data: 84)
2026-01-21 19:27:42 - spektroskopi - WARNING - RealTimePanel: IR_940nm calibrated data uzunluk uyumsuzluğu (timestamps: 338, data: 84)
2026-01-21 19:27:43 - spektroskopi - WARNING - RealTimePanel: UV_360nm raw data uzunluk uyumsuzluğu (timestamps: 338, data: 86)
2026-01-21 19:27:43 - spektroskopi - WARNING - RealTimePanel: UV_360nm calibrated data uzunluk uyumsuzluğu (timestamps: 338, data: 86)
2026-01-21 19:27:43 - spektroskopi - WARNING - RealTimePanel: Blue_450nm raw data uzunluk uyumsuzluğu (timestamps: 338, data: 84)
2026-01-21 19:27:43 - spektroskopi - WARNING - RealTimePanel: Blue_450nm calibrated data uzunluk uyumsuzluğu (timestamps: 338, data: 84)
2026-01-21 19:27:43 - spektroskopi - WARNING - RealTimePanel: IR_850nm raw data uzunluk uyumsuzluğu (timestamps: 338, data: 84)
2026-01-21 19:27:43 - spektroskopi - WARNING - RealTimePanel: IR_850nm calibrated data uzunluk uyumsuzluğu (timestamps: 338, data: 84)
2026-01-21 19:27:43 - spektroskopi - WARNING - RealTimePanel: IR_940nm raw data uzunluk uyumsuzluğu (timestamps: 338, data: 84)
2026-01-21 19:27:43 - spektroskopi - WARNING - RealTimePanel: IR_940nm calibrated data uzunluk uyumsuzluğu (timestamps: 338, data: 84)
2026-01-21 19:27:44 - spektroskopi - WARNING - RealTimePanel: UV_360nm raw data uzunluk uyumsuzluğu (timestamps: 338, data: 86)
2026-01-21 19:27:44 - spektroskopi - WARNING - RealTimePanel: UV_360nm calibrated data uzunluk uyumsuzluğu (timestamps: 338, data: 86)
2026-01-21 19:27:44 - spektroskopi - WARNING - RealTimePanel: Blue_450nm raw data uzunluk uyumsuzluğu (timestamps: 338, data: 84)
2026-01-21 19:27:44 - spektroskopi - WARNING - RealTimePanel: Blue_450nm calibrated data uzunluk uyumsuzluğu (timestamps: 338, data: 84)
2026-01-21 19:27:44 - spektroskopi - WARNING - RealTimePanel: IR_850nm raw data uzunluk uyumsuzluğu (timestamps: 338, data: 84)
2026-01-21 19:27:44 - spektroskopi - WARNING - RealTimePanel: IR_850nm calibrated data uzunluk uyumsuzluğu (timestamps: 338, data: 84)
2026-01-21 19:27:44 - spektroskopi - WARNING - RealTimePanel: IR_940nm raw data uzunluk uyumsuzluğu (timestamps: 338, data: 84)
2026-01-21 19:27:44 - spektroskopi - WARNING - RealTimePanel: IR_940nm calibrated data uzunluk uyumsuzluğu (timestamps: 338, data: 84)
2026-01-21 19:27:45 - spektroskopi - WARNING - RealTimePanel: UV_360nm raw data uzunluk uyumsuzluğu (timestamps: 338, data: 86)
2026-01-21 19:27:45 - spektroskopi - WARNING - RealTimePanel: UV_360nm calibrated data uzunluk uyumsuzluğu (timestamps: 338, data: 86)
2026-01-21 19:27:45 - spektroskopi - WARNING - RealTimePanel: Blue_450nm raw data uzunluk uyumsuzluğu (timestamps: 338, data: 84)
2026-01-21 19:27:45 - spektroskopi - WARNING - RealTimePanel: Blue_450nm calibrated data uzunluk uyumsuzluğu (timestamps: 338, data: 84)
2026-01-21 19:27:45 - spektroskopi - WARNING - RealTimePanel: IR_850nm raw data uzunluk uyumsuzluğu (timestamps: 338, data: 84)
2026-01-21 19:27:45 - spektroskopi - WARNING - RealTimePanel: IR_850nm calibrated data uzunluk uyumsuzluğu (timestamps: 338, data: 84)
2026-01-21 19:27:45 - spektroskopi - WARNING - RealTimePanel: IR_940nm raw data uzunluk uyumsuzluğu (timestamps: 338, data: 84)
2026-01-21 19:27:45 - spektroskopi - WARNING - RealTimePanel: IR_940nm calibrated data uzunluk uyumsuzluğu (timestamps: 338, data: 84)
2026-01-21 19:27:46 - spektroskopi - WARNING - RealTimePanel: UV_360nm raw data uzunluk uyumsuzluğu (timestamps: 338, data: 86)
2026-01-21 19:27:46 - spektroskopi - WARNING - RealTimePanel: UV_360nm calibrated data uzunluk uyumsuzluğu (timestamps: 338, data: 86)
2026-01-21 19:27:46 - spektroskopi - WARNING - RealTimePanel: Blue_450nm raw data uzunluk uyumsuzluğu (timestamps: 338, data: 84)
2026-01-21 19:27:46 - spektroskopi - WARNING - RealTimePanel: Blue_450nm calibrated data uzunluk uyumsuzluğu (timestamps: 338, data: 84)
2026-01-21 19:27:46 - spektroskopi - WARNING - RealTimePanel: IR_850nm raw data uzunluk uyumsuzluğu (timestamps: 338, data: 84)
2026-01-21 19:27:46 - spektroskopi - WARNING - RealTimePanel: IR_850nm calibrated data uzunluk uyumsuzluğu (timestamps: 338, data: 84)
2026-01-21 19:27:46 - spektroskopi - WARNING - RealTimePanel: IR_940nm raw data uzunluk uyumsuzluğu (timestamps: 338, data: 84)
2026-01-21 19:27:46 - spektroskopi - WARNING - RealTimePanel: IR_940nm calibrated data uzunluk uyumsuzluğu (timestamps: 338, data: 84)
2026-01-21 19:27:47 - spektroskopi - WARNING - RealTimePanel: UV_360nm raw data uzunluk uyumsuzluğu (timestamps: 338, data: 86)
2026-01-21 19:27:47 - spektroskopi - WARNING - RealTimePanel: UV_360nm calibrated data uzunluk uyumsuzluğu (timestamps: 338, data: 86)
2026-01-21 19:27:47 - spektroskopi - WARNING - RealTimePanel: Blue_450nm raw data uzunluk uyumsuzluğu (timestamps: 338, data: 84)
2026-01-21 19:27:47 - spektroskopi - WARNING - RealTimePanel: Blue_450nm calibrated data uzunluk uyumsuzluğu (timestamps: 338, data: 84)
2026-01-21 19:27:47 - spektroskopi - WARNING - RealTimePanel: IR_850nm raw data uzunluk uyumsuzluğu (timestamps: 338, data: 84)
2026-01-21 19:27:47 - spektroskopi - WARNING - RealTimePanel: IR_850nm calibrated data uzunluk uyumsuzluğu (timestamps: 338, data: 84)
2026-01-21 19:27:47 - spektroskopi - WARNING - RealTimePanel: IR_940nm raw data uzunluk uyumsuzluğu (timestamps: 338, data: 84)
2026-01-21 19:27:47 - spektroskopi - WARNING - RealTimePanel: IR_940nm calibrated data uzunluk uyumsuzluğu (timestamps: 338, data: 84)
2026-01-21 19:27:48 - spektroskopi - INFO - Hedef cihaz bulundu: sensor-1 (10EF861C-9314-4868-A135-CAF29E2FB2C9)
2026-01-21 19:27:48 - spektroskopi - INFO - Tarama tamamlandı: 1 cihaz bulundu
2026-01-21 19:27:48 - spektroskopi - INFO - sensor-1 cihazına bağlanılıyor...
2026-01-21 19:27:48 - spektroskopi - INFO - BLE bağlantısı kuruluyor: sensor-1 (10EF861C-9314-4868-A135-CAF29E2FB2C9)
2026-01-21 19:27:48 - spektroskopi - INFO - Bağlantı kuruldu: sensor-1
2026-01-21 19:27:48 - spektroskopi - INFO - LED kontrolleri aktifleştirildi
2026-01-21 19:27:48 - spektroskopi - INFO - Tarama tamamlandı: 1 cihaz bulundu
2026-01-21 19:27:48 - spektroskopi - WARNING - RealTimePanel: UV_360nm raw data uzunluk uyumsuzluğu (timestamps: 338, data: 86)
2026-01-21 19:27:48 - spektroskopi - WARNING - RealTimePanel: UV_360nm calibrated data uzunluk uyumsuzluğu (timestamps: 338, data: 86)
2026-01-21 19:27:48 - spektroskopi - WARNING - RealTimePanel: Blue_450nm raw data uzunluk uyumsuzluğu (timestamps: 338, data: 84)
2026-01-21 19:27:48 - spektroskopi - WARNING - RealTimePanel: Blue_450nm calibrated data uzunluk uyumsuzluğu (timestamps: 338, data: 84)
2026-01-21 19:27:48 - spektroskopi - WARNING - RealTimePanel: IR_850nm raw data uzunluk uyumsuzluğu (timestamps: 338, data: 84)
2026-01-21 19:27:48 - spektroskopi - WARNING - RealTimePanel: IR_850nm calibrated data uzunluk uyumsuzluğu (timestamps: 338, data: 84)
2026-01-21 19:27:48 - spektroskopi - WARNING - RealTimePanel: IR_940nm raw data uzunluk uyumsuzluğu (timestamps: 338, data: 84)
2026-01-21 19:27:48 - spektroskopi - WARNING - RealTimePanel: IR_940nm calibrated data uzunluk uyumsuzluğu (timestamps: 338, data: 84)
2026-01-21 19:27:49 - spektroskopi - INFO - CONNECTION SUCCESS: sensor-1 - CONNECTED
2026-01-21 19:27:49 - spektroskopi - WARNING - RealTimePanel: UV_360nm raw data uzunluk uyumsuzluğu (timestamps: 338, data: 86)
2026-01-21 19:27:49 - spektroskopi - WARNING - RealTimePanel: UV_360nm calibrated data uzunluk uyumsuzluğu (timestamps: 338, data: 86)
2026-01-21 19:27:49 - spektroskopi - WARNING - RealTimePanel: Blue_450nm raw data uzunluk uyumsuzluğu (timestamps: 338, data: 84)
2026-01-21 19:27:49 - spektroskopi - WARNING - RealTimePanel: Blue_450nm calibrated data uzunluk uyumsuzluğu (timestamps: 338, data: 84)
2026-01-21 19:27:49 - spektroskopi - WARNING - RealTimePanel: IR_850nm raw data uzunluk uyumsuzluğu (timestamps: 338, data: 84)
2026-01-21 19:27:49 - spektroskopi - WARNING - RealTimePanel: IR_850nm calibrated data uzunluk uyumsuzluğu (timestamps: 338, data: 84)
2026-01-21 19:27:49 - spektroskopi - WARNING - RealTimePanel: IR_940nm raw data uzunluk uyumsuzluğu (timestamps: 338, data: 84)
2026-01-21 19:27:49 - spektroskopi - WARNING - RealTimePanel: IR_940nm calibrated data uzunluk uyumsuzluğu (timestamps: 338, data: 84)
2026-01-21 19:27:49 - spektroskopi - INFO - BLE bağlantısı sonsuz mod aktif - timeout yok
2026-01-21 19:27:50 - spektroskopi - WARNING - RealTimePanel: UV_360nm raw data uzunluk uyumsuzluğu (timestamps: 338, data: 86)
2026-01-21 19:27:50 - spektroskopi - WARNING - RealTimePanel: UV_360nm calibrated data uzunluk uyumsuzluğu (timestamps: 338, data: 86)
2026-01-21 19:27:50 - spektroskopi - WARNING - RealTimePanel: Blue_450nm raw data uzunluk uyumsuzluğu (timestamps: 338, data: 84)
2026-01-21 19:27:50 - spektroskopi - WARNING - RealTimePanel: Blue_450nm calibrated data uzunluk uyumsuzluğu (timestamps: 338, data: 84)
2026-01-21 19:27:50 - spektroskopi - WARNING - RealTimePanel: IR_850nm raw data uzunluk uyumsuzluğu (timestamps: 338, data: 84)
2026-01-21 19:27:50 - spektroskopi - WARNING - RealTimePanel: IR_850nm calibrated data uzunluk uyumsuzluğu (timestamps: 338, data: 84)
2026-01-21 19:27:50 - spektroskopi - WARNING - RealTimePanel: IR_940nm raw data uzunluk uyumsuzluğu (timestamps: 338, data: 84)
2026-01-21 19:27:50 - spektroskopi - WARNING - RealTimePanel: IR_940nm calibrated data uzunluk uyumsuzluğu (timestamps: 338, data: 84)
2026-01-21 19:27:51 - spektroskopi - WARNING - RealTimePanel: UV_360nm raw data uzunluk uyumsuzluğu (timestamps: 338, data: 86)
2026-01-21 19:27:51 - spektroskopi - WARNING - RealTimePanel: UV_360nm calibrated data uzunluk uyumsuzluğu (timestamps: 338, data: 86)
2026-01-21 19:27:51 - spektroskopi - WARNING - RealTimePanel: Blue_450nm raw data uzunluk uyumsuzluğu (timestamps: 338, data: 84)
2026-01-21 19:27:51 - spektroskopi - WARNING - RealTimePanel: Blue_450nm calibrated data uzunluk uyumsuzluğu (timestamps: 338, data: 84)
2026-01-21 19:27:51 - spektroskopi - WARNING - RealTimePanel: IR_850nm raw data uzunluk uyumsuzluğu (timestamps: 338, data: 84)
2026-01-21 19:27:51 - spektroskopi - WARNING - RealTimePanel: IR_850nm calibrated data uzunluk uyumsuzluğu (timestamps: 338, data: 84)
2026-01-21 19:27:51 - spektroskopi - WARNING - RealTimePanel: IR_940nm raw data uzunluk uyumsuzluğu (timestamps: 338, data: 84)
2026-01-21 19:27:51 - spektroskopi - WARNING - RealTimePanel: IR_940nm calibrated data uzunluk uyumsuzluğu (timestamps: 338, data: 84)
2026-01-21 19:27:52 - spektroskopi - WARNING - RealTimePanel: UV_360nm raw data uzunluk uyumsuzluğu (timestamps: 338, data: 86)
2026-01-21 19:27:52 - spektroskopi - WARNING - RealTimePanel: UV_360nm calibrated data uzunluk uyumsuzluğu (timestamps: 338, data: 86)
2026-01-21 19:27:52 - spektroskopi - WARNING - RealTimePanel: Blue_450nm raw data uzunluk uyumsuzluğu (timestamps: 338, data: 84)
2026-01-21 19:27:52 - spektroskopi - WARNING - RealTimePanel: Blue_450nm calibrated data uzunluk uyumsuzluğu (timestamps: 338, data: 84)
2026-01-21 19:27:52 - spektroskopi - WARNING - RealTimePanel: IR_850nm raw data uzunluk uyumsuzluğu (timestamps: 338, data: 84)
2026-01-21 19:27:52 - spektroskopi - WARNING - RealTimePanel: IR_850nm calibrated data uzunluk uyumsuzluğu (timestamps: 338, data: 84)
2026-01-21 19:27:52 - spektroskopi - WARNING - RealTimePanel: IR_940nm raw data uzunluk uyumsuzluğu (timestamps: 338, data: 84)
2026-01-21 19:27:52 - spektroskopi - WARNING - RealTimePanel: IR_940nm calibrated data uzunluk uyumsuzluğu (timestamps: 338, data: 84)
2026-01-21 19:27:53 - spektroskopi - WARNING - RealTimePanel: UV_360nm raw data uzunluk uyumsuzluğu (timestamps: 338, data: 86)
2026-01-21 19:27:53 - spektroskopi - WARNING - RealTimePanel: UV_360nm calibrated data uzunluk uyumsuzluğu (timestamps: 338, data: 86)
2026-01-21 19:27:53 - spektroskopi - WARNING - RealTimePanel: Blue_450nm raw data uzunluk uyumsuzluğu (timestamps: 338, data: 84)
2026-01-21 19:27:53 - spektroskopi - WARNING - RealTimePanel: Blue_450nm calibrated data uzunluk uyumsuzluğu (timestamps: 338, data: 84)
2026-01-21 19:27:53 - spektroskopi - WARNING - RealTimePanel: IR_850nm raw data uzunluk uyumsuzluğu (timestamps: 338, data: 84)
2026-01-21 19:27:53 - spektroskopi - WARNING - RealTimePanel: IR_850nm calibrated data uzunluk uyumsuzluğu (timestamps: 338, data: 84)
2026-01-21 19:27:53 - spektroskopi - WARNING - RealTimePanel: IR_940nm raw data uzunluk uyumsuzluğu (timestamps: 338, data: 84)
2026-01-21 19:27:53 - spektroskopi - WARNING - RealTimePanel: IR_940nm calibrated data uzunluk uyumsuzluğu (timestamps: 338, data: 84)
2026-01-21 19:27:54 - spektroskopi - WARNING - RealTimePanel: UV_360nm raw data uzunluk uyumsuzluğu (timestamps: 338, data: 86)
2026-01-21 19:27:54 - spektroskopi - WARNING - RealTimePanel: UV_360nm calibrated data uzunluk uyumsuzluğu (timestamps: 338, data: 86)
2026-01-21 19:27:54 - spektroskopi - WARNING - RealTimePanel: Blue_450nm raw data uzunluk uyumsuzluğu (timestamps: 338, data: 84)
2026-01-21 19:27:54 - spektroskopi - WARNING - RealTimePanel: Blue_450nm calibrated data uzunluk uyumsuzluğu (timestamps: 338, data: 84)
2026-01-21 19:27:54 - spektroskopi - WARNING - RealTimePanel: IR_850nm raw data uzunluk uyumsuzluğu (timestamps: 338, data: 84)
2026-01-21 19:27:54 - spektroskopi - WARNING - RealTimePanel: IR_850nm calibrated data uzunluk uyumsuzluğu (timestamps: 338, data: 84)
2026-01-21 19:27:54 - spektroskopi - WARNING - RealTimePanel: IR_940nm raw data uzunluk uyumsuzluğu (timestamps: 338, data: 84)
2026-01-21 19:27:54 - spektroskopi - WARNING - RealTimePanel: IR_940nm calibrated data uzunluk uyumsuzluğu (timestamps: 338, data: 84)
2026-01-21 19:27:55 - spektroskopi - WARNING - RealTimePanel: UV_360nm raw data uzunluk uyumsuzluğu (timestamps: 338, data: 86)
2026-01-21 19:27:55 - spektroskopi - WARNING - RealTimePanel: UV_360nm calibrated data uzunluk uyumsuzluğu (timestamps: 338, data: 86)
2026-01-21 19:27:55 - spektroskopi - WARNING - RealTimePanel: Blue_450nm raw data uzunluk uyumsuzluğu (timestamps: 338, data: 84)
2026-01-21 19:27:55 - spektroskopi - WARNING - RealTimePanel: Blue_450nm calibrated data uzunluk uyumsuzluğu (timestamps: 338, data: 84)
2026-01-21 19:27:55 - spektroskopi - WARNING - RealTimePanel: IR_850nm raw data uzunluk uyumsuzluğu (timestamps: 338, data: 84)
2026-01-21 19:27:55 - spektroskopi - WARNING - RealTimePanel: IR_850nm calibrated data uzunluk uyumsuzluğu (timestamps: 338, data: 84)
2026-01-21 19:27:55 - spektroskopi - WARNING - RealTimePanel: IR_940nm raw data uzunluk uyumsuzluğu (timestamps: 338, data: 84)
2026-01-21 19:27:55 - spektroskopi - WARNING - RealTimePanel: IR_940nm calibrated data uzunluk uyumsuzluğu (timestamps: 338, data: 84)
2026-01-21 19:27:56 - spektroskopi - WARNING - RealTimePanel: UV_360nm raw data uzunluk uyumsuzluğu (timestamps: 338, data: 86)
2026-01-21 19:27:56 - spektroskopi - WARNING - RealTimePanel: UV_360nm calibrated data uzunluk uyumsuzluğu (timestamps: 338, data: 86)
2026-01-21 19:27:56 - spektroskopi - WARNING - RealTimePanel: Blue_450nm raw data uzunluk uyumsuzluğu (timestamps: 338, data: 84)
2026-01-21 19:27:56 - spektroskopi - WARNING - RealTimePanel: Blue_450nm calibrated data uzunluk uyumsuzluğu (timestamps: 338, data: 84)
2026-01-21 19:27:56 - spektroskopi - WARNING - RealTimePanel: IR_850nm raw data uzunluk uyumsuzluğu (timestamps: 338, data: 84)
2026-01-21 19:27:56 - spektroskopi - WARNING - RealTimePanel: IR_850nm calibrated data uzunluk uyumsuzluğu (timestamps: 338, data: 84)
2026-01-21 19:27:56 - spektroskopi - WARNING - RealTimePanel: IR_940nm raw data uzunluk uyumsuzluğu (timestamps: 338, data: 84)
2026-01-21 19:27:56 - spektroskopi - WARNING - RealTimePanel: IR_940nm calibrated data uzunluk uyumsuzluğu (timestamps: 338, data: 84)
2026-01-21 19:27:57 - spektroskopi - WARNING - RealTimePanel: UV_360nm raw data uzunluk uyumsuzluğu (timestamps: 338, data: 86)
2026-01-21 19:27:57 - spektroskopi - WARNING - RealTimePanel: UV_360nm calibrated data uzunluk uyumsuzluğu (timestamps: 338, data: 86)
2026-01-21 19:27:57 - spektroskopi - WARNING - RealTimePanel: Blue_450nm raw data uzunluk uyumsuzluğu (timestamps: 338, data: 84)
2026-01-21 19:27:57 - spektroskopi - WARNING - RealTimePanel: Blue_450nm calibrated data uzunluk uyumsuzluğu (timestamps: 338, data: 84)
2026-01-21 19:27:57 - spektroskopi - WARNING - RealTimePanel: IR_850nm raw data uzunluk uyumsuzluğu (timestamps: 338, data: 84)
2026-01-21 19:27:57 - spektroskopi - WARNING - RealTimePanel: IR_850nm calibrated data uzunluk uyumsuzluğu (timestamps: 338, data: 84)
2026-01-21 19:27:57 - spektroskopi - WARNING - RealTimePanel: IR_940nm raw data uzunluk uyumsuzluğu (timestamps: 338, data: 84)
2026-01-21 19:27:57 - spektroskopi - WARNING - RealTimePanel: IR_940nm calibrated data uzunluk uyumsuzluğu (timestamps: 338, data: 84)
2026-01-21 19:27:58 - spektroskopi - WARNING - RealTimePanel: UV_360nm raw data uzunluk uyumsuzluğu (timestamps: 338, data: 86)
2026-01-21 19:27:58 - spektroskopi - WARNING - RealTimePanel: UV_360nm calibrated data uzunluk uyumsuzluğu (timestamps: 338, data: 86)
2026-01-21 19:27:58 - spektroskopi - WARNING - RealTimePanel: Blue_450nm raw data uzunluk uyumsuzluğu (timestamps: 338, data: 84)
2026-01-21 19:27:58 - spektroskopi - WARNING - RealTimePanel: Blue_450nm calibrated data uzunluk uyumsuzluğu (timestamps: 338, data: 84)
2026-01-21 19:27:58 - spektroskopi - WARNING - RealTimePanel: IR_850nm raw data uzunluk uyumsuzluğu (timestamps: 338, data: 84)
2026-01-21 19:27:58 - spektroskopi - WARNING - RealTimePanel: IR_850nm calibrated data uzunluk uyumsuzluğu (timestamps: 338, data: 84)
2026-01-21 19:27:58 - spektroskopi - WARNING - RealTimePanel: IR_940nm raw data uzunluk uyumsuzluğu (timestamps: 338, data: 84)
2026-01-21 19:27:58 - spektroskopi - WARNING - RealTimePanel: IR_940nm calibrated data uzunluk uyumsuzluğu (timestamps: 338, data: 84)
2026-01-21 19:27:59 - spektroskopi - WARNING - RealTimePanel: UV_360nm raw data uzunluk uyumsuzluğu (timestamps: 338, data: 86)
2026-01-21 19:27:59 - spektroskopi - WARNING - RealTimePanel: UV_360nm calibrated data uzunluk uyumsuzluğu (timestamps: 338, data: 86)
2026-01-21 19:27:59 - spektroskopi - WARNING - RealTimePanel: Blue_450nm raw data uzunluk uyumsuzluğu (timestamps: 338, data: 84)
2026-01-21 19:27:59 - spektroskopi - WARNING - RealTimePanel: Blue_450nm calibrated data uzunluk uyumsuzluğu (timestamps: 338, data: 84)
2026-01-21 19:27:59 - spektroskopi - WARNING - RealTimePanel: IR_850nm raw data uzunluk uyumsuzluğu (timestamps: 338, data: 84)
2026-01-21 19:27:59 - spektroskopi - WARNING - RealTimePanel: IR_850nm calibrated data uzunluk uyumsuzluğu (timestamps: 338, data: 84)
2026-01-21 19:27:59 - spektroskopi - WARNING - RealTimePanel: IR_940nm raw data uzunluk uyumsuzluğu (timestamps: 338, data: 84)
2026-01-21 19:27:59 - spektroskopi - WARNING - RealTimePanel: IR_940nm calibrated data uzunluk uyumsuzluğu (timestamps: 338, data: 84)
2026-01-21 19:28:00 - spektroskopi - WARNING - RealTimePanel: UV_360nm raw data uzunluk uyumsuzluğu (timestamps: 338, data: 86)
2026-01-21 19:28:00 - spektroskopi - WARNING - RealTimePanel: UV_360nm calibrated data uzunluk uyumsuzluğu (timestamps: 338, data: 86)
2026-01-21 19:28:00 - spektroskopi - WARNING - RealTimePanel: Blue_450nm raw data uzunluk uyumsuzluğu (timestamps: 338, data: 84)
2026-01-21 19:28:00 - spektroskopi - WARNING - RealTimePanel: Blue_450nm calibrated data uzunluk uyumsuzluğu (timestamps: 338, data: 84)
2026-01-21 19:28:00 - spektroskopi - WARNING - RealTimePanel: IR_850nm raw data uzunluk uyumsuzluğu (timestamps: 338, data: 84)
2026-01-21 19:28:00 - spektroskopi - WARNING - RealTimePanel: IR_850nm calibrated data uzunluk uyumsuzluğu (timestamps: 338, data: 84)
2026-01-21 19:28:00 - spektroskopi - WARNING - RealTimePanel: IR_940nm raw data uzunluk uyumsuzluğu (timestamps: 338, data: 84)
2026-01-21 19:28:00 - spektroskopi - WARNING - RealTimePanel: IR_940nm calibrated data uzunluk uyumsuzluğu (timestamps: 338, data: 84)
2026-01-21 19:28:01 - spektroskopi - WARNING - RealTimePanel: UV_360nm raw data uzunluk uyumsuzluğu (timestamps: 338, data: 86)
2026-01-21 19:28:01 - spektroskopi - WARNING - RealTimePanel: UV_360nm calibrated data uzunluk uyumsuzluğu (timestamps: 338, data: 86)
2026-01-21 19:28:01 - spektroskopi - WARNING - RealTimePanel: Blue_450nm raw data uzunluk uyumsuzluğu (timestamps: 338, data: 84)
2026-01-21 19:28:01 - spektroskopi - WARNING - RealTimePanel: Blue_450nm calibrated data uzunluk uyumsuzluğu (timestamps: 338, data: 84)
2026-01-21 19:28:01 - spektroskopi - WARNING - RealTimePanel: IR_850nm raw data uzunluk uyumsuzluğu (timestamps: 338, data: 84)
2026-01-21 19:28:01 - spektroskopi - WARNING - RealTimePanel: IR_850nm calibrated data uzunluk uyumsuzluğu (timestamps: 338, data: 84)
2026-01-21 19:28:01 - spektroskopi - WARNING - RealTimePanel: IR_940nm raw data uzunluk uyumsuzluğu (timestamps: 338, data: 84)
2026-01-21 19:28:01 - spektroskopi - WARNING - RealTimePanel: IR_940nm calibrated data uzunluk uyumsuzluğu (timestamps: 338, data: 84)
2026-01-21 19:28:02 - spektroskopi - WARNING - RealTimePanel: UV_360nm raw data uzunluk uyumsuzluğu (timestamps: 338, data: 86)
2026-01-21 19:28:02 - spektroskopi - WARNING - RealTimePanel: UV_360nm calibrated data uzunluk uyumsuzluğu (timestamps: 338, data: 86)
2026-01-21 19:28:02 - spektroskopi - WARNING - RealTimePanel: Blue_450nm raw data uzunluk uyumsuzluğu (timestamps: 338, data: 84)
2026-01-21 19:28:02 - spektroskopi - WARNING - RealTimePanel: Blue_450nm calibrated data uzunluk uyumsuzluğu (timestamps: 338, data: 84)
2026-01-21 19:28:02 - spektroskopi - WARNING - RealTimePanel: IR_850nm raw data uzunluk uyumsuzluğu (timestamps: 338, data: 84)
2026-01-21 19:28:02 - spektroskopi - WARNING - RealTimePanel: IR_850nm calibrated data uzunluk uyumsuzluğu (timestamps: 338, data: 84)
2026-01-21 19:28:02 - spektroskopi - WARNING - RealTimePanel: IR_940nm raw data uzunluk uyumsuzluğu (timestamps: 338, data: 84)
2026-01-21 19:28:02 - spektroskopi - WARNING - RealTimePanel: IR_940nm calibrated data uzunluk uyumsuzluğu (timestamps: 338, data: 84)
2026-01-21 19:28:03 - spektroskopi - WARNING - RealTimePanel: UV_360nm raw data uzunluk uyumsuzluğu (timestamps: 338, data: 86)
2026-01-21 19:28:03 - spektroskopi - WARNING - RealTimePanel: UV_360nm calibrated data uzunluk uyumsuzluğu (timestamps: 338, data: 86)
2026-01-21 19:28:03 - spektroskopi - WARNING - RealTimePanel: Blue_450nm raw data uzunluk uyumsuzluğu (timestamps: 338, data: 84)
2026-01-21 19:28:03 - spektroskopi - WARNING - RealTimePanel: Blue_450nm calibrated data uzunluk uyumsuzluğu (timestamps: 338, data: 84)
2026-01-21 19:28:03 - spektroskopi - WARNING - RealTimePanel: IR_850nm raw data uzunluk uyumsuzluğu (timestamps: 338, data: 84)
2026-01-21 19:28:03 - spektroskopi - WARNING - RealTimePanel: IR_850nm calibrated data uzunluk uyumsuzluğu (timestamps: 338, data: 84)
2026-01-21 19:28:03 - spektroskopi - WARNING - RealTimePanel: IR_940nm raw data uzunluk uyumsuzluğu (timestamps: 338, data: 84)
2026-01-21 19:28:03 - spektroskopi - WARNING - RealTimePanel: IR_940nm calibrated data uzunluk uyumsuzluğu (timestamps: 338, data: 84)
2026-01-21 19:28:04 - spektroskopi - WARNING - RealTimePanel: UV_360nm raw data uzunluk uyumsuzluğu (timestamps: 338, data: 86)
2026-01-21 19:28:04 - spektroskopi - WARNING - RealTimePanel: UV_360nm calibrated data uzunluk uyumsuzluğu (timestamps: 338, data: 86)
2026-01-21 19:28:04 - spektroskopi - WARNING - RealTimePanel: Blue_450nm raw data uzunluk uyumsuzluğu (timestamps: 338, data: 84)
2026-01-21 19:28:04 - spektroskopi - WARNING - RealTimePanel: Blue_450nm calibrated data uzunluk uyumsuzluğu (timestamps: 338, data: 84)
2026-01-21 19:28:04 - spektroskopi - WARNING - RealTimePanel: IR_850nm raw data uzunluk uyumsuzluğu (timestamps: 338, data: 84)
2026-01-21 19:28:04 - spektroskopi - WARNING - RealTimePanel: IR_850nm calibrated data uzunluk uyumsuzluğu (timestamps: 338, data: 84)
2026-01-21 19:28:04 - spektroskopi - WARNING - RealTimePanel: IR_940nm raw data uzunluk uyumsuzluğu (timestamps: 338, data: 84)
2026-01-21 19:28:04 - spektroskopi - WARNING - RealTimePanel: IR_940nm calibrated data uzunluk uyumsuzluğu (timestamps: 338, data: 84)
2026-01-21 19:28:05 - spektroskopi - WARNING - RealTimePanel: UV_360nm raw data uzunluk uyumsuzluğu (timestamps: 338, data: 86)
2026-01-21 19:28:05 - spektroskopi - WARNING - RealTimePanel: UV_360nm calibrated data uzunluk uyumsuzluğu (timestamps: 338, data: 86)
2026-01-21 19:28:05 - spektroskopi - WARNING - RealTimePanel: Blue_450nm raw data uzunluk uyumsuzluğu (timestamps: 338, data: 84)
2026-01-21 19:28:05 - spektroskopi - WARNING - RealTimePanel: Blue_450nm calibrated data uzunluk uyumsuzluğu (timestamps: 338, data: 84)
2026-01-21 19:28:05 - spektroskopi - WARNING - RealTimePanel: IR_850nm raw data uzunluk uyumsuzluğu (timestamps: 338, data: 84)
2026-01-21 19:28:05 - spektroskopi - WARNING - RealTimePanel: IR_850nm calibrated data uzunluk uyumsuzluğu (timestamps: 338, data: 84)
2026-01-21 19:28:05 - spektroskopi - WARNING - RealTimePanel: IR_940nm raw data uzunluk uyumsuzluğu (timestamps: 338, data: 84)
2026-01-21 19:28:05 - spektroskopi - WARNING - RealTimePanel: IR_940nm calibrated data uzunluk uyumsuzluğu (timestamps: 338, data: 84)
2026-01-21 19:28:06 - spektroskopi - WARNING - RealTimePanel: UV_360nm raw data uzunluk uyumsuzluğu (timestamps: 338, data: 86)
2026-01-21 19:28:06 - spektroskopi - WARNING - RealTimePanel: UV_360nm calibrated data uzunluk uyumsuzluğu (timestamps: 338, data: 86)
2026-01-21 19:28:06 - spektroskopi - WARNING - RealTimePanel: Blue_450nm raw data uzunluk uyumsuzluğu (timestamps: 338, data: 84)
2026-01-21 19:28:06 - spektroskopi - WARNING - RealTimePanel: Blue_450nm calibrated data uzunluk uyumsuzluğu (timestamps: 338, data: 84)
2026-01-21 19:28:06 - spektroskopi - WARNING - RealTimePanel: IR_850nm raw data uzunluk uyumsuzluğu (timestamps: 338, data: 84)
2026-01-21 19:28:06 - spektroskopi - WARNING - RealTimePanel: IR_850nm calibrated data uzunluk uyumsuzluğu (timestamps: 338, data: 84)
2026-01-21 19:28:06 - spektroskopi - WARNING - RealTimePanel: IR_940nm raw data uzunluk uyumsuzluğu (timestamps: 338, data: 84)
2026-01-21 19:28:06 - spektroskopi - WARNING - RealTimePanel: IR_940nm calibrated data uzunluk uyumsuzluğu (timestamps: 338, data: 84)
2026-01-21 19:28:07 - spektroskopi - WARNING - RealTimePanel: UV_360nm raw data uzunluk uyumsuzluğu (timestamps: 338, data: 86)
2026-01-21 19:28:07 - spektroskopi - WARNING - RealTimePanel: UV_360nm calibrated data uzunluk uyumsuzluğu (timestamps: 338, data: 86)
2026-01-21 19:28:07 - spektroskopi - WARNING - RealTimePanel: Blue_450nm raw data uzunluk uyumsuzluğu (timestamps: 338, data: 84)
2026-01-21 19:28:07 - spektroskopi - WARNING - RealTimePanel: Blue_450nm calibrated data uzunluk uyumsuzluğu (timestamps: 338, data: 84)
2026-01-21 19:28:07 - spektroskopi - WARNING - RealTimePanel: IR_850nm raw data uzunluk uyumsuzluğu (timestamps: 338, data: 84)
2026-01-21 19:28:07 - spektroskopi - WARNING - RealTimePanel: IR_850nm calibrated data uzunluk uyumsuzluğu (timestamps: 338, data: 84)
2026-01-21 19:28:07 - spektroskopi - WARNING - RealTimePanel: IR_940nm raw data uzunluk uyumsuzluğu (timestamps: 338, data: 84)
2026-01-21 19:28:07 - spektroskopi - WARNING - RealTimePanel: IR_940nm calibrated data uzunluk uyumsuzluğu (timestamps: 338, data: 84)
2026-01-21 19:28:08 - spektroskopi - WARNING - RealTimePanel: UV_360nm raw data uzunluk uyumsuzluğu (timestamps: 338, data: 86)
2026-01-21 19:28:08 - spektroskopi - WARNING - RealTimePanel: UV_360nm calibrated data uzunluk uyumsuzluğu (timestamps: 338, data: 86)
2026-01-21 19:28:08 - spektroskopi - WARNING - RealTimePanel: Blue_450nm raw data uzunluk uyumsuzluğu (timestamps: 338, data: 84)
2026-01-21 19:28:08 - spektroskopi - WARNING - RealTimePanel: Blue_450nm calibrated data uzunluk uyumsuzluğu (timestamps: 338, data: 84)
2026-01-21 19:28:08 - spektroskopi - WARNING - RealTimePanel: IR_850nm raw data uzunluk uyumsuzluğu (timestamps: 338, data: 84)
2026-01-21 19:28:08 - spektroskopi - WARNING - RealTimePanel: IR_850nm calibrated data uzunluk uyumsuzluğu (timestamps: 338, data: 84)
2026-01-21 19:28:08 - spektroskopi - WARNING - RealTimePanel: IR_940nm raw data uzunluk uyumsuzluğu (timestamps: 338, data: 84)
2026-01-21 19:28:08 - spektroskopi - WARNING - RealTimePanel: IR_940nm calibrated data uzunluk uyumsuzluğu (timestamps: 338, data: 84)
2026-01-21 19:28:09 - spektroskopi - WARNING - RealTimePanel: UV_360nm raw data uzunluk uyumsuzluğu (timestamps: 338, data: 86)
2026-01-21 19:28:09 - spektroskopi - WARNING - RealTimePanel: UV_360nm calibrated data uzunluk uyumsuzluğu (timestamps: 338, data: 86)
2026-01-21 19:28:09 - spektroskopi - WARNING - RealTimePanel: Blue_450nm raw data uzunluk uyumsuzluğu (timestamps: 338, data: 84)
2026-01-21 19:28:09 - spektroskopi - WARNING - RealTimePanel: Blue_450nm calibrated data uzunluk uyumsuzluğu (timestamps: 338, data: 84)
2026-01-21 19:28:09 - spektroskopi - WARNING - RealTimePanel: IR_850nm raw data uzunluk uyumsuzluğu (timestamps: 338, data: 84)
2026-01-21 19:28:09 - spektroskopi - WARNING - RealTimePanel: IR_850nm calibrated data uzunluk uyumsuzluğu (timestamps: 338, data: 84)
2026-01-21 19:28:09 - spektroskopi - WARNING - RealTimePanel: IR_940nm raw data uzunluk uyumsuzluğu (timestamps: 338, data: 84)
2026-01-21 19:28:09 - spektroskopi - WARNING - RealTimePanel: IR_940nm calibrated data uzunluk uyumsuzluğu (timestamps: 338, data: 84)
2026-01-21 19:28:10 - spektroskopi - WARNING - RealTimePanel: UV_360nm raw data uzunluk uyumsuzluğu (timestamps: 338, data: 86)
2026-01-21 19:28:10 - spektroskopi - WARNING - RealTimePanel: UV_360nm calibrated data uzunluk uyumsuzluğu (timestamps: 338, data: 86)
2026-01-21 19:28:10 - spektroskopi - WARNING - RealTimePanel: Blue_450nm raw data uzunluk uyumsuzluğu (timestamps: 338, data: 84)
2026-01-21 19:28:10 - spektroskopi - WARNING - RealTimePanel: Blue_450nm calibrated data uzunluk uyumsuzluğu (timestamps: 338, data: 84)
2026-01-21 19:28:10 - spektroskopi - WARNING - RealTimePanel: IR_850nm raw data uzunluk uyumsuzluğu (timestamps: 338, data: 84)
2026-01-21 19:28:10 - spektroskopi - WARNING - RealTimePanel: IR_850nm calibrated data uzunluk uyumsuzluğu (timestamps: 338, data: 84)
2026-01-21 19:28:10 - spektroskopi - WARNING - RealTimePanel: IR_940nm raw data uzunluk uyumsuzluğu (timestamps: 338, data: 84)
2026-01-21 19:28:10 - spektroskopi - WARNING - RealTimePanel: IR_940nm calibrated data uzunluk uyumsuzluğu (timestamps: 338, data: 84)
2026-01-21 19:28:11 - spektroskopi - WARNING - RealTimePanel: UV_360nm raw data uzunluk uyumsuzluğu (timestamps: 338, data: 86)
2026-01-21 19:28:11 - spektroskopi - WARNING - RealTimePanel: UV_360nm calibrated data uzunluk uyumsuzluğu (timestamps: 338, data: 86)
2026-01-21 19:28:11 - spektroskopi - WARNING - RealTimePanel: Blue_450nm raw data uzunluk uyumsuzluğu (timestamps: 338, data: 84)
2026-01-21 19:28:11 - spektroskopi - WARNING - RealTimePanel: Blue_450nm calibrated data uzunluk uyumsuzluğu (timestamps: 338, data: 84)
2026-01-21 19:28:11 - spektroskopi - WARNING - RealTimePanel: IR_850nm raw data uzunluk uyumsuzluğu (timestamps: 338, data: 84)
2026-01-21 19:28:11 - spektroskopi - WARNING - RealTimePanel: IR_850nm calibrated data uzunluk uyumsuzluğu (timestamps: 338, data: 84)
2026-01-21 19:28:11 - spektroskopi - WARNING - RealTimePanel: IR_940nm raw data uzunluk uyumsuzluğu (timestamps: 338, data: 84)
2026-01-21 19:28:11 - spektroskopi - WARNING - RealTimePanel: IR_940nm calibrated data uzunluk uyumsuzluğu (timestamps: 338, data: 84)
2026-01-21 19:28:12 - spektroskopi - WARNING - RealTimePanel: UV_360nm raw data uzunluk uyumsuzluğu (timestamps: 338, data: 86)
2026-01-21 19:28:12 - spektroskopi - WARNING - RealTimePanel: UV_360nm calibrated data uzunluk uyumsuzluğu (timestamps: 338, data: 86)
2026-01-21 19:28:12 - spektroskopi - WARNING - RealTimePanel: Blue_450nm raw data uzunluk uyumsuzluğu (timestamps: 338, data: 84)
2026-01-21 19:28:12 - spektroskopi - WARNING - RealTimePanel: Blue_450nm calibrated data uzunluk uyumsuzluğu (timestamps: 338, data: 84)
2026-01-21 19:28:12 - spektroskopi - WARNING - RealTimePanel: IR_850nm raw data uzunluk uyumsuzluğu (timestamps: 338, data: 84)
2026-01-21 19:28:12 - spektroskopi - WARNING - RealTimePanel: IR_850nm calibrated data uzunluk uyumsuzluğu (timestamps: 338, data: 84)
2026-01-21 19:28:12 - spektroskopi - WARNING - RealTimePanel: IR_940nm raw data uzunluk uyumsuzluğu (timestamps: 338, data: 84)
2026-01-21 19:28:12 - spektroskopi - WARNING - RealTimePanel: IR_940nm calibrated data uzunluk uyumsuzluğu (timestamps: 338, data: 84)
2026-01-21 19:28:13 - spektroskopi - WARNING - RealTimePanel: UV_360nm raw data uzunluk uyumsuzluğu (timestamps: 338, data: 86)
2026-01-21 19:28:13 - spektroskopi - WARNING - RealTimePanel: UV_360nm calibrated data uzunluk uyumsuzluğu (timestamps: 338, data: 86)
2026-01-21 19:28:13 - spektroskopi - WARNING - RealTimePanel: Blue_450nm raw data uzunluk uyumsuzluğu (timestamps: 338, data: 84)
2026-01-21 19:28:13 - spektroskopi - WARNING - RealTimePanel: Blue_450nm calibrated data uzunluk uyumsuzluğu (timestamps: 338, data: 84)
2026-01-21 19:28:13 - spektroskopi - WARNING - RealTimePanel: IR_850nm raw data uzunluk uyumsuzluğu (timestamps: 338, data: 84)
2026-01-21 19:28:13 - spektroskopi - WARNING - RealTimePanel: IR_850nm calibrated data uzunluk uyumsuzluğu (timestamps: 338, data: 84)
2026-01-21 19:28:13 - spektroskopi - WARNING - RealTimePanel: IR_940nm raw data uzunluk uyumsuzluğu (timestamps: 338, data: 84)
2026-01-21 19:28:13 - spektroskopi - WARNING - RealTimePanel: IR_940nm calibrated data uzunluk uyumsuzluğu (timestamps: 338, data: 84)
2026-01-21 19:28:14 - spektroskopi - WARNING - RealTimePanel: UV_360nm raw data uzunluk uyumsuzluğu (timestamps: 338, data: 86)
2026-01-21 19:28:14 - spektroskopi - WARNING - RealTimePanel: UV_360nm calibrated data uzunluk uyumsuzluğu (timestamps: 338, data: 86)
2026-01-21 19:28:14 - spektroskopi - WARNING - RealTimePanel: Blue_450nm raw data uzunluk uyumsuzluğu (timestamps: 338, data: 84)
2026-01-21 19:28:14 - spektroskopi - WARNING - RealTimePanel: Blue_450nm calibrated data uzunluk uyumsuzluğu (timestamps: 338, data: 84)
2026-01-21 19:28:14 - spektroskopi - WARNING - RealTimePanel: IR_850nm raw data uzunluk uyumsuzluğu (timestamps: 338, data: 84)
2026-01-21 19:28:14 - spektroskopi - WARNING - RealTimePanel: IR_850nm calibrated data uzunluk uyumsuzluğu (timestamps: 338, data: 84)
2026-01-21 19:28:14 - spektroskopi - WARNING - RealTimePanel: IR_940nm raw data uzunluk uyumsuzluğu (timestamps: 338, data: 84)
2026-01-21 19:28:14 - spektroskopi - WARNING - RealTimePanel: IR_940nm calibrated data uzunluk uyumsuzluğu (timestamps: 338, data: 84)
2026-01-21 19:28:15 - spektroskopi - WARNING - RealTimePanel: UV_360nm raw data uzunluk uyumsuzluğu (timestamps: 338, data: 86)
2026-01-21 19:28:15 - spektroskopi - WARNING - RealTimePanel: UV_360nm calibrated data uzunluk uyumsuzluğu (timestamps: 338, data: 86)
2026-01-21 19:28:15 - spektroskopi - WARNING - RealTimePanel: Blue_450nm raw data uzunluk uyumsuzluğu (timestamps: 338, data: 84)
2026-01-21 19:28:15 - spektroskopi - WARNING - RealTimePanel: Blue_450nm calibrated data uzunluk uyumsuzluğu (timestamps: 338, data: 84)
2026-01-21 19:28:15 - spektroskopi - WARNING - RealTimePanel: IR_850nm raw data uzunluk uyumsuzluğu (timestamps: 338, data: 84)
2026-01-21 19:28:15 - spektroskopi - WARNING - RealTimePanel: IR_850nm calibrated data uzunluk uyumsuzluğu (timestamps: 338, data: 84)
2026-01-21 19:28:15 - spektroskopi - WARNING - RealTimePanel: IR_940nm raw data uzunluk uyumsuzluğu (timestamps: 338, data: 84)
2026-01-21 19:28:15 - spektroskopi - WARNING - RealTimePanel: IR_940nm calibrated data uzunluk uyumsuzluğu (timestamps: 338, data: 84)
2026-01-21 19:28:16 - spektroskopi - WARNING - RealTimePanel: UV_360nm raw data uzunluk uyumsuzluğu (timestamps: 338, data: 86)
2026-01-21 19:28:16 - spektroskopi - WARNING - RealTimePanel: UV_360nm calibrated data uzunluk uyumsuzluğu (timestamps: 338, data: 86)
2026-01-21 19:28:16 - spektroskopi - WARNING - RealTimePanel: Blue_450nm raw data uzunluk uyumsuzluğu (timestamps: 338, data: 84)
2026-01-21 19:28:16 - spektroskopi - WARNING - RealTimePanel: Blue_450nm calibrated data uzunluk uyumsuzluğu (timestamps: 338, data: 84)
2026-01-21 19:28:16 - spektroskopi - WARNING - RealTimePanel: IR_850nm raw data uzunluk uyumsuzluğu (timestamps: 338, data: 84)
2026-01-21 19:28:16 - spektroskopi - WARNING - RealTimePanel: IR_850nm calibrated data uzunluk uyumsuzluğu (timestamps: 338, data: 84)
2026-01-21 19:28:16 - spektroskopi - WARNING - RealTimePanel: IR_940nm raw data uzunluk uyumsuzluğu (timestamps: 338, data: 84)
2026-01-21 19:28:16 - spektroskopi - WARNING - RealTimePanel: IR_940nm calibrated data uzunluk uyumsuzluğu (timestamps: 338, data: 84)
2026-01-21 19:28:17 - spektroskopi - WARNING - RealTimePanel: UV_360nm raw data uzunluk uyumsuzluğu (timestamps: 338, data: 86)
2026-01-21 19:28:17 - spektroskopi - WARNING - RealTimePanel: UV_360nm calibrated data uzunluk uyumsuzluğu (timestamps: 338, data: 86)
2026-01-21 19:28:17 - spektroskopi - WARNING - RealTimePanel: Blue_450nm raw data uzunluk uyumsuzluğu (timestamps: 338, data: 84)
2026-01-21 19:28:17 - spektroskopi - WARNING - RealTimePanel: Blue_450nm calibrated data uzunluk uyumsuzluğu (timestamps: 338, data: 84)
2026-01-21 19:28:17 - spektroskopi - WARNING - RealTimePanel: IR_850nm raw data uzunluk uyumsuzluğu (timestamps: 338, data: 84)
2026-01-21 19:28:17 - spektroskopi - WARNING - RealTimePanel: IR_850nm calibrated data uzunluk uyumsuzluğu (timestamps: 338, data: 84)
2026-01-21 19:28:17 - spektroskopi - WARNING - RealTimePanel: IR_940nm raw data uzunluk uyumsuzluğu (timestamps: 338, data: 84)
2026-01-21 19:28:17 - spektroskopi - WARNING - RealTimePanel: IR_940nm calibrated data uzunluk uyumsuzluğu (timestamps: 338, data: 84)
2026-01-21 19:28:18 - spektroskopi - WARNING - RealTimePanel: UV_360nm raw data uzunluk uyumsuzluğu (timestamps: 338, data: 86)
2026-01-21 19:28:18 - spektroskopi - WARNING - RealTimePanel: UV_360nm calibrated data uzunluk uyumsuzluğu (timestamps: 338, data: 86)
2026-01-21 19:28:18 - spektroskopi - WARNING - RealTimePanel: Blue_450nm raw data uzunluk uyumsuzluğu (timestamps: 338, data: 84)
2026-01-21 19:28:18 - spektroskopi - WARNING - RealTimePanel: Blue_450nm calibrated data uzunluk uyumsuzluğu (timestamps: 338, data: 84)
2026-01-21 19:28:18 - spektroskopi - WARNING - RealTimePanel: IR_850nm raw data uzunluk uyumsuzluğu (timestamps: 338, data: 84)
2026-01-21 19:28:18 - spektroskopi - WARNING - RealTimePanel: IR_850nm calibrated data uzunluk uyumsuzluğu (timestamps: 338, data: 84)
2026-01-21 19:28:18 - spektroskopi - WARNING - RealTimePanel: IR_940nm raw data uzunluk uyumsuzluğu (timestamps: 338, data: 84)
2026-01-21 19:28:18 - spektroskopi - WARNING - RealTimePanel: IR_940nm calibrated data uzunluk uyumsuzluğu (timestamps: 338, data: 84)
2026-01-21 19:28:19 - spektroskopi - WARNING - RealTimePanel: UV_360nm raw data uzunluk uyumsuzluğu (timestamps: 338, data: 86)
2026-01-21 19:28:19 - spektroskopi - WARNING - RealTimePanel: UV_360nm calibrated data uzunluk uyumsuzluğu (timestamps: 338, data: 86)
2026-01-21 19:28:19 - spektroskopi - WARNING - RealTimePanel: Blue_450nm raw data uzunluk uyumsuzluğu (timestamps: 338, data: 84)
2026-01-21 19:28:19 - spektroskopi - WARNING - RealTimePanel: Blue_450nm calibrated data uzunluk uyumsuzluğu (timestamps: 338, data: 84)
2026-01-21 19:28:19 - spektroskopi - WARNING - RealTimePanel: IR_850nm raw data uzunluk uyumsuzluğu (timestamps: 338, data: 84)
2026-01-21 19:28:19 - spektroskopi - WARNING - RealTimePanel: IR_850nm calibrated data uzunluk uyumsuzluğu (timestamps: 338, data: 84)
2026-01-21 19:28:19 - spektroskopi - WARNING - RealTimePanel: IR_940nm raw data uzunluk uyumsuzluğu (timestamps: 338, data: 84)
2026-01-21 19:28:19 - spektroskopi - WARNING - RealTimePanel: IR_940nm calibrated data uzunluk uyumsuzluğu (timestamps: 338, data: 84)
2026-01-21 19:28:20 - spektroskopi - WARNING - RealTimePanel: UV_360nm raw data uzunluk uyumsuzluğu (timestamps: 338, data: 86)
2026-01-21 19:28:20 - spektroskopi - WARNING - RealTimePanel: UV_360nm calibrated data uzunluk uyumsuzluğu (timestamps: 338, data: 86)
2026-01-21 19:28:20 - spektroskopi - WARNING - RealTimePanel: Blue_450nm raw data uzunluk uyumsuzluğu (timestamps: 338, data: 84)
2026-01-21 19:28:20 - spektroskopi - WARNING - RealTimePanel: Blue_450nm calibrated data uzunluk uyumsuzluğu (timestamps: 338, data: 84)
2026-01-21 19:28:20 - spektroskopi - WARNING - RealTimePanel: IR_850nm raw data uzunluk uyumsuzluğu (timestamps: 338, data: 84)
2026-01-21 19:28:20 - spektroskopi - WARNING - RealTimePanel: IR_850nm calibrated data uzunluk uyumsuzluğu (timestamps: 338, data: 84)
2026-01-21 19:28:20 - spektroskopi - WARNING - RealTimePanel: IR_940nm raw data uzunluk uyumsuzluğu (timestamps: 338, data: 84)
2026-01-21 19:28:20 - spektroskopi - WARNING - RealTimePanel: IR_940nm calibrated data uzunluk uyumsuzluğu (timestamps: 338, data: 84)
2026-01-21 19:28:21 - spektroskopi - WARNING - RealTimePanel: UV_360nm raw data uzunluk uyumsuzluğu (timestamps: 338, data: 86)
2026-01-21 19:28:21 - spektroskopi - WARNING - RealTimePanel: UV_360nm calibrated data uzunluk uyumsuzluğu (timestamps: 338, data: 86)
2026-01-21 19:28:21 - spektroskopi - WARNING - RealTimePanel: Blue_450nm raw data uzunluk uyumsuzluğu (timestamps: 338, data: 84)
2026-01-21 19:28:21 - spektroskopi - WARNING - RealTimePanel: Blue_450nm calibrated data uzunluk uyumsuzluğu (timestamps: 338, data: 84)
2026-01-21 19:28:21 - spektroskopi - WARNING - RealTimePanel: IR_850nm raw data uzunluk uyumsuzluğu (timestamps: 338, data: 84)
2026-01-21 19:28:21 - spektroskopi - WARNING - RealTimePanel: IR_850nm calibrated data uzunluk uyumsuzluğu (timestamps: 338, data: 84)
2026-01-21 19:28:21 - spektroskopi - WARNING - RealTimePanel: IR_940nm raw data uzunluk uyumsuzluğu (timestamps: 338, data: 84)
2026-01-21 19:28:21 - spektroskopi - WARNING - RealTimePanel: IR_940nm calibrated data uzunluk uyumsuzluğu (timestamps: 338, data: 84)
2026-01-21 19:28:22 - spektroskopi - WARNING - RealTimePanel: UV_360nm raw data uzunluk uyumsuzluğu (timestamps: 338, data: 86)
2026-01-21 19:28:22 - spektroskopi - WARNING - RealTimePanel: UV_360nm calibrated data uzunluk uyumsuzluğu (timestamps: 338, data: 86)
2026-01-21 19:28:22 - spektroskopi - WARNING - RealTimePanel: Blue_450nm raw data uzunluk uyumsuzluğu (timestamps: 338, data: 84)
2026-01-21 19:28:22 - spektroskopi - WARNING - RealTimePanel: Blue_450nm calibrated data uzunluk uyumsuzluğu (timestamps: 338, data: 84)
2026-01-21 19:28:22 - spektroskopi - WARNING - RealTimePanel: IR_850nm raw data uzunluk uyumsuzluğu (timestamps: 338, data: 84)
2026-01-21 19:28:22 - spektroskopi - WARNING - RealTimePanel: IR_850nm calibrated data uzunluk uyumsuzluğu (timestamps: 338, data: 84)
2026-01-21 19:28:22 - spektroskopi - WARNING - RealTimePanel: IR_940nm raw data uzunluk uyumsuzluğu (timestamps: 338, data: 84)
2026-01-21 19:28:22 - spektroskopi - WARNING - RealTimePanel: IR_940nm calibrated data uzunluk uyumsuzluğu (timestamps: 338, data: 84)
2026-01-21 19:28:23 - spektroskopi - WARNING - RealTimePanel: UV_360nm raw data uzunluk uyumsuzluğu (timestamps: 338, data: 86)
2026-01-21 19:28:23 - spektroskopi - WARNING - RealTimePanel: UV_360nm calibrated data uzunluk uyumsuzluğu (timestamps: 338, data: 86)
2026-01-21 19:28:23 - spektroskopi - WARNING - RealTimePanel: Blue_450nm raw data uzunluk uyumsuzluğu (timestamps: 338, data: 84)
2026-01-21 19:28:23 - spektroskopi - WARNING - RealTimePanel: Blue_450nm calibrated data uzunluk uyumsuzluğu (timestamps: 338, data: 84)
2026-01-21 19:28:23 - spektroskopi - WARNING - RealTimePanel: IR_850nm raw data uzunluk uyumsuzluğu (timestamps: 338, data: 84)
2026-01-21 19:28:23 - spektroskopi - WARNING - RealTimePanel: IR_850nm calibrated data uzunluk uyumsuzluğu (timestamps: 338, data: 84)
2026-01-21 19:28:23 - spektroskopi - WARNING - RealTimePanel: IR_940nm raw data uzunluk uyumsuzluğu (timestamps: 338, data: 84)
2026-01-21 19:28:23 - spektroskopi - WARNING - RealTimePanel: IR_940nm calibrated data uzunluk uyumsuzluğu (timestamps: 338, data: 84)
2026-01-21 19:28:24 - spektroskopi - WARNING - RealTimePanel: UV_360nm raw data uzunluk uyumsuzluğu (timestamps: 338, data: 86)
2026-01-21 19:28:24 - spektroskopi - WARNING - RealTimePanel: UV_360nm calibrated data uzunluk uyumsuzluğu (timestamps: 338, data: 86)
2026-01-21 19:28:24 - spektroskopi - WARNING - RealTimePanel: Blue_450nm raw data uzunluk uyumsuzluğu (timestamps: 338, data: 84)
2026-01-21 19:28:24 - spektroskopi - WARNING - RealTimePanel: Blue_450nm calibrated data uzunluk uyumsuzluğu (timestamps: 338, data: 84)
2026-01-21 19:28:24 - spektroskopi - WARNING - RealTimePanel: IR_850nm raw data uzunluk uyumsuzluğu (timestamps: 338, data: 84)
2026-01-21 19:28:24 - spektroskopi - WARNING - RealTimePanel: IR_850nm calibrated data uzunluk uyumsuzluğu (timestamps: 338, data: 84)
2026-01-21 19:28:24 - spektroskopi - WARNING - RealTimePanel: IR_940nm raw data uzunluk uyumsuzluğu (timestamps: 338, data: 84)
2026-01-21 19:28:24 - spektroskopi - WARNING - RealTimePanel: IR_940nm calibrated data uzunluk uyumsuzluğu (timestamps: 338, data: 84)
2026-01-21 19:28:25 - spektroskopi - WARNING - RealTimePanel: UV_360nm raw data uzunluk uyumsuzluğu (timestamps: 338, data: 86)
2026-01-21 19:28:25 - spektroskopi - WARNING - RealTimePanel: UV_360nm calibrated data uzunluk uyumsuzluğu (timestamps: 338, data: 86)
2026-01-21 19:28:25 - spektroskopi - WARNING - RealTimePanel: Blue_450nm raw data uzunluk uyumsuzluğu (timestamps: 338, data: 84)
2026-01-21 19:28:25 - spektroskopi - WARNING - RealTimePanel: Blue_450nm calibrated data uzunluk uyumsuzluğu (timestamps: 338, data: 84)
2026-01-21 19:28:25 - spektroskopi - WARNING - RealTimePanel: IR_850nm raw data uzunluk uyumsuzluğu (timestamps: 338, data: 84)
2026-01-21 19:28:25 - spektroskopi - WARNING - RealTimePanel: IR_850nm calibrated data uzunluk uyumsuzluğu (timestamps: 338, data: 84)
2026-01-21 19:28:25 - spektroskopi - WARNING - RealTimePanel: IR_940nm raw data uzunluk uyumsuzluğu (timestamps: 338, data: 84)
2026-01-21 19:28:25 - spektroskopi - WARNING - RealTimePanel: IR_940nm calibrated data uzunluk uyumsuzluğu (timestamps: 338, data: 84)
2026-01-21 19:28:26 - spektroskopi - INFO - LED AÇMA komutu queue'ya eklendi
2026-01-21 19:28:26 - spektroskopi - INFO - Tüm LED'ler açıldı
2026-01-21 19:28:26 - spektroskopi - INFO - LED kontrol komutu gönderildi: TÜM LED'LER AÇILDI
2026-01-21 19:28:26 - spektroskopi - WARNING - RealTimePanel: UV_360nm raw data uzunluk uyumsuzluğu (timestamps: 338, data: 86)
2026-01-21 19:28:26 - spektroskopi - WARNING - RealTimePanel: UV_360nm calibrated data uzunluk uyumsuzluğu (timestamps: 338, data: 86)
2026-01-21 19:28:26 - spektroskopi - WARNING - RealTimePanel: Blue_450nm raw data uzunluk uyumsuzluğu (timestamps: 338, data: 84)
2026-01-21 19:28:26 - spektroskopi - WARNING - RealTimePanel: Blue_450nm calibrated data uzunluk uyumsuzluğu (timestamps: 338, data: 84)
2026-01-21 19:28:26 - spektroskopi - WARNING - RealTimePanel: IR_850nm raw data uzunluk uyumsuzluğu (timestamps: 338, data: 84)
2026-01-21 19:28:26 - spektroskopi - WARNING - RealTimePanel: IR_850nm calibrated data uzunluk uyumsuzluğu (timestamps: 338, data: 84)
2026-01-21 19:28:26 - spektroskopi - WARNING - RealTimePanel: IR_940nm raw data uzunluk uyumsuzluğu (timestamps: 338, data: 84)
2026-01-21 19:28:26 - spektroskopi - WARNING - RealTimePanel: IR_940nm calibrated data uzunluk uyumsuzluğu (timestamps: 338, data: 84)
2026-01-21 19:28:27 - spektroskopi - WARNING - RealTimePanel: UV_360nm raw data uzunluk uyumsuzluğu (timestamps: 338, data: 86)
2026-01-21 19:28:27 - spektroskopi - WARNING - RealTimePanel: UV_360nm calibrated data uzunluk uyumsuzluğu (timestamps: 338, data: 86)
2026-01-21 19:28:27 - spektroskopi - WARNING - RealTimePanel: Blue_450nm raw data uzunluk uyumsuzluğu (timestamps: 338, data: 84)
2026-01-21 19:28:27 - spektroskopi - WARNING - RealTimePanel: Blue_450nm calibrated data uzunluk uyumsuzluğu (timestamps: 338, data: 84)
2026-01-21 19:28:27 - spektroskopi - WARNING - RealTimePanel: IR_850nm raw data uzunluk uyumsuzluğu (timestamps: 338, data: 84)
2026-01-21 19:28:27 - spektroskopi - WARNING - RealTimePanel: IR_850nm calibrated data uzunluk uyumsuzluğu (timestamps: 338, data: 84)
2026-01-21 19:28:27 - spektroskopi - WARNING - RealTimePanel: IR_940nm raw data uzunluk uyumsuzluğu (timestamps: 338, data: 84)
2026-01-21 19:28:27 - spektroskopi - WARNING - RealTimePanel: IR_940nm calibrated data uzunluk uyumsuzluğu (timestamps: 338, data: 84)
2026-01-21 19:28:28 - spektroskopi - WARNING - RealTimePanel: UV_360nm raw data uzunluk uyumsuzluğu (timestamps: 338, data: 86)
2026-01-21 19:28:28 - spektroskopi - WARNING - RealTimePanel: UV_360nm calibrated data uzunluk uyumsuzluğu (timestamps: 338, data: 86)
2026-01-21 19:28:28 - spektroskopi - WARNING - RealTimePanel: Blue_450nm raw data uzunluk uyumsuzluğu (timestamps: 338, data: 84)
2026-01-21 19:28:28 - spektroskopi - WARNING - RealTimePanel: Blue_450nm calibrated data uzunluk uyumsuzluğu (timestamps: 338, data: 84)
2026-01-21 19:28:28 - spektroskopi - WARNING - RealTimePanel: IR_850nm raw data uzunluk uyumsuzluğu (timestamps: 338, data: 84)
2026-01-21 19:28:28 - spektroskopi - WARNING - RealTimePanel: IR_850nm calibrated data uzunluk uyumsuzluğu (timestamps: 338, data: 84)
2026-01-21 19:28:28 - spektroskopi - WARNING - RealTimePanel: IR_940nm raw data uzunluk uyumsuzluğu (timestamps: 338, data: 84)
2026-01-21 19:28:28 - spektroskopi - WARNING - RealTimePanel: IR_940nm calibrated data uzunluk uyumsuzluğu (timestamps: 338, data: 84)
2026-01-21 19:28:29 - spektroskopi - WARNING - RealTimePanel: UV_360nm raw data uzunluk uyumsuzluğu (timestamps: 338, data: 86)
2026-01-21 19:28:29 - spektroskopi - WARNING - RealTimePanel: UV_360nm calibrated data uzunluk uyumsuzluğu (timestamps: 338, data: 86)
2026-01-21 19:28:29 - spektroskopi - WARNING - RealTimePanel: Blue_450nm raw data uzunluk uyumsuzluğu (timestamps: 338, data: 84)
2026-01-21 19:28:29 - spektroskopi - WARNING - RealTimePanel: Blue_450nm calibrated data uzunluk uyumsuzluğu (timestamps: 338, data: 84)
2026-01-21 19:28:29 - spektroskopi - WARNING - RealTimePanel: IR_850nm raw data uzunluk uyumsuzluğu (timestamps: 338, data: 84)
2026-01-21 19:28:29 - spektroskopi - WARNING - RealTimePanel: IR_850nm calibrated data uzunluk uyumsuzluğu (timestamps: 338, data: 84)
2026-01-21 19:28:29 - spektroskopi - WARNING - RealTimePanel: IR_940nm raw data uzunluk uyumsuzluğu (timestamps: 338, data: 84)
2026-01-21 19:28:29 - spektroskopi - WARNING - RealTimePanel: IR_940nm calibrated data uzunluk uyumsuzluğu (timestamps: 338, data: 84)
2026-01-21 19:28:30 - spektroskopi - INFO - Sistem durduruldu - veri işleme pasif
2026-01-21 19:28:30 - spektroskopi - INFO - Live mod deaktifleştirildi
2026-01-21 19:28:30 - spektroskopi - INFO - Sistem durduruldu - Custom data hesaplamaları durduruldu
2026-01-21 19:28:30 - spektroskopi - INFO - STOP komutu gönderildi
2026-01-21 19:28:30 - spektroskopi - INFO - SYSTEM EVENT: SYSTEM_STOPPED
2026-01-21 19:28:30 - spektroskopi - INFO - LED kontrol komutu gönderildi: LED durumları: L1=False, L3=False, L4=False, L6=False
2026-01-21 19:28:32 - spektroskopi - INFO - Veri buffer'ları temizlendi
2026-01-21 19:28:32 - spektroskopi - INFO - Sistem başlatıldı - veri işleme aktif
2026-01-21 19:28:32 - spektroskopi - INFO - Live mod aktifleştirildi
2026-01-21 19:28:32 - spektroskopi - INFO - Sistem başlatıldı - Custom data hesaplamaları otomatik başlatıldı
2026-01-21 19:28:32 - spektroskopi - INFO - START komutu gönderildi: l_d=4, a_d=3, r_d=250, LEDs=0b1111
2026-01-21 19:28:32 - spektroskopi - INFO - SYSTEM EVENT: SYSTEM_STARTED - l_d=4, a_d=3, r_d=250
2026-01-21 19:28:32 - spektroskopi - INFO - LED kontrol komutu gönderildi: LED durumları: L1=False, L3=False, L4=True, L6=False
2026-01-21 19:28:32 - spektroskopi - INFO - Raspberry Pi'dan veri alındı: 6e400002-b5a3-f393-e0a9-e50e24dcca9e (Handle: 19): Nordic UART RX, uzunluk: 2
2026-01-21 19:28:32 - spektroskopi - INFO - Raspberry Pi verisi: Ham=3253, Voltaj=3253.000V
2026-01-21 19:28:32 - spektroskopi - INFO - Raspberry Pi verisi işlendi: SENSOR_2 = 3253.000V
2026-01-21 19:28:32 - spektroskopi - INFO - Raspberry Pi'dan veri alındı: 6e400005-b5a3-f393-e0a9-e50e24dcca9e (Handle: 16): Unknown, uzunluk: 2
2026-01-21 19:28:32 - spektroskopi - INFO - Raspberry Pi verisi: Ham=3254, Voltaj=3254.000V
2026-01-21 19:28:32 - spektroskopi - INFO - Raspberry Pi verisi işlendi: SENSOR_EXTRA = 3254.000V
2026-01-21 19:28:33 - spektroskopi - INFO - Raspberry Pi'dan veri alındı: 6e400004-b5a3-f393-e0a9-e50e24dcca9e (Handle: 11): Unknown, uzunluk: 2
2026-01-21 19:28:33 - spektroskopi - INFO - Raspberry Pi verisi: Ham=1423, Voltaj=1423.000V
2026-01-21 19:28:33 - spektroskopi - INFO - Raspberry Pi verisi işlendi: SENSOR_7 = 1423.000V
2026-01-21 19:28:33 - spektroskopi - INFO - Raspberry Pi'dan veri alındı: 6e400003-b5a3-f393-e0a9-e50e24dcca9e (Handle: 8): Nordic UART TX, uzunluk: 2
2026-01-21 19:28:33 - spektroskopi - INFO - Raspberry Pi verisi: Ham=939, Voltaj=939.000V
2026-01-21 19:28:33 - spektroskopi - INFO - Raspberry Pi verisi işlendi: SENSOR_5 = 939.000V
2026-01-21 19:28:33 - spektroskopi - INFO - Raspberry Pi'dan veri alındı: 6e400002-b5a3-f393-e0a9-e50e24dcca9e (Handle: 19): Nordic UART RX, uzunluk: 2
2026-01-21 19:28:33 - spektroskopi - INFO - Raspberry Pi verisi: Ham=3254, Voltaj=3254.000V
2026-01-21 19:28:33 - spektroskopi - INFO - Raspberry Pi verisi işlendi: SENSOR_2 = 3254.000V
2026-01-21 19:28:33 - spektroskopi - INFO - Raspberry Pi'dan veri alındı: 6e400005-b5a3-f393-e0a9-e50e24dcca9e (Handle: 16): Unknown, uzunluk: 2
2026-01-21 19:28:33 - spektroskopi - INFO - Raspberry Pi verisi: Ham=3255, Voltaj=3255.000V
2026-01-21 19:28:33 - spektroskopi - INFO - Raspberry Pi verisi işlendi: SENSOR_EXTRA = 3255.000V
2026-01-21 19:28:33 - spektroskopi - INFO - Raspberry Pi'dan veri alındı: 6e400004-b5a3-f393-e0a9-e50e24dcca9e (Handle: 11): Unknown, uzunluk: 2
2026-01-21 19:28:33 - spektroskopi - INFO - Raspberry Pi verisi: Ham=1427, Voltaj=1427.000V
2026-01-21 19:28:33 - spektroskopi - INFO - Raspberry Pi verisi işlendi: SENSOR_7 = 1427.000V
2026-01-21 19:28:34 - spektroskopi - WARNING - Zaman sıralama düzeltildi (averaged): 2026-01-21 19:28:33.991330
2026-01-21 19:28:34 - spektroskopi - WARNING - Zaman sıralama düzeltildi (averaged): 2026-01-21 19:28:33.992330
2026-01-21 19:28:34 - spektroskopi - WARNING - Zaman sıralama düzeltildi (averaged): 2026-01-21 19:28:33.993330
2026-01-21 19:28:34 - spektroskopi - WARNING - Zaman sıralama düzeltildi (averaged): 2026-01-21 19:28:33.994330
2026-01-21 19:28:34 - spektroskopi - WARNING - Zaman sıralama düzeltildi (averaged): 2026-01-21 19:28:33.995330
2026-01-21 19:28:34 - spektroskopi - WARNING - Zaman sıralama düzeltildi (averaged): 2026-01-21 19:28:33.996330
2026-01-21 19:28:34 - spektroskopi - WARNING - Zaman sıralama düzeltildi (averaged): 2026-01-21 19:28:33.997330
2026-01-21 19:28:34 - spektroskopi - WARNING - RealTimePanel: UV_360nm raw data uzunluk uyumsuzluğu (timestamps: 352, data: 90)
2026-01-21 19:28:34 - spektroskopi - WARNING - RealTimePanel: UV_360nm calibrated data uzunluk uyumsuzluğu (timestamps: 352, data: 90)
2026-01-21 19:28:34 - spektroskopi - WARNING - RealTimePanel: Blue_450nm raw data uzunluk uyumsuzluğu (timestamps: 352, data: 88)
2026-01-21 19:28:34 - spektroskopi - WARNING - RealTimePanel: Blue_450nm calibrated data uzunluk uyumsuzluğu (timestamps: 352, data: 88)
2026-01-21 19:28:34 - spektroskopi - WARNING - RealTimePanel: IR_850nm raw data uzunluk uyumsuzluğu (timestamps: 352, data: 88)
2026-01-21 19:28:34 - spektroskopi - WARNING - RealTimePanel: IR_850nm calibrated data uzunluk uyumsuzluğu (timestamps: 352, data: 88)
2026-01-21 19:28:34 - spektroskopi - WARNING - RealTimePanel: IR_940nm raw data uzunluk uyumsuzluğu (timestamps: 352, data: 86)
2026-01-21 19:28:34 - spektroskopi - WARNING - RealTimePanel: IR_940nm calibrated data uzunluk uyumsuzluğu (timestamps: 352, data: 86)
2026-01-21 19:28:34 - spektroskopi - INFO - Raspberry Pi'dan veri alındı: 6e400003-b5a3-f393-e0a9-e50e24dcca9e (Handle: 8): Nordic UART TX, uzunluk: 2
2026-01-21 19:28:34 - spektroskopi - INFO - Raspberry Pi verisi: Ham=936, Voltaj=936.000V
2026-01-21 19:28:34 - spektroskopi - INFO - Raspberry Pi verisi işlendi: SENSOR_5 = 936.000V
2026-01-21 19:28:34 - spektroskopi - INFO - Raspberry Pi'dan veri alındı: 6e400002-b5a3-f393-e0a9-e50e24dcca9e (Handle: 19): Nordic UART RX, uzunluk: 2
2026-01-21 19:28:34 - spektroskopi - INFO - Raspberry Pi verisi: Ham=3253, Voltaj=3253.000V
2026-01-21 19:28:34 - spektroskopi - INFO - Raspberry Pi verisi işlendi: SENSOR_2 = 3253.000V
2026-01-21 19:28:34 - spektroskopi - INFO - Raspberry Pi'dan veri alındı: 6e400005-b5a3-f393-e0a9-e50e24dcca9e (Handle: 16): Unknown, uzunluk: 2
2026-01-21 19:28:34 - spektroskopi - INFO - Raspberry Pi verisi: Ham=3254, Voltaj=3254.000V
2026-01-21 19:28:34 - spektroskopi - INFO - Raspberry Pi verisi işlendi: SENSOR_EXTRA = 3254.000V
2026-01-21 19:28:34 - spektroskopi - INFO - Raspberry Pi'dan veri alındı: 6e400004-b5a3-f393-e0a9-e50e24dcca9e (Handle: 11): Unknown, uzunluk: 2
2026-01-21 19:28:34 - spektroskopi - INFO - Raspberry Pi verisi: Ham=1421, Voltaj=1421.000V
2026-01-21 19:28:34 - spektroskopi - INFO - Raspberry Pi verisi işlendi: SENSOR_7 = 1421.000V
2026-01-21 19:28:35 - spektroskopi - WARNING - Zaman sıralama düzeltildi (averaged): 2026-01-21 19:28:34.861529
2026-01-21 19:28:35 - spektroskopi - WARNING - Zaman sıralama düzeltildi (averaged): 2026-01-21 19:28:34.862529
2026-01-21 19:28:35 - spektroskopi - WARNING - Zaman sıralama düzeltildi (averaged): 2026-01-21 19:28:34.863529
2026-01-21 19:28:35 - spektroskopi - WARNING - Zaman sıralama düzeltildi (averaged): 2026-01-21 19:28:34.864529
2026-01-21 19:28:35 - spektroskopi - WARNING - RealTimePanel: UV_360nm raw data uzunluk uyumsuzluğu (timestamps: 360, data: 92)
2026-01-21 19:28:35 - spektroskopi - WARNING - RealTimePanel: UV_360nm calibrated data uzunluk uyumsuzluğu (timestamps: 360, data: 92)
2026-01-21 19:28:35 - spektroskopi - WARNING - RealTimePanel: Blue_450nm raw data uzunluk uyumsuzluğu (timestamps: 360, data: 90)
2026-01-21 19:28:35 - spektroskopi - WARNING - RealTimePanel: Blue_450nm calibrated data uzunluk uyumsuzluğu (timestamps: 360, data: 90)
2026-01-21 19:28:35 - spektroskopi - WARNING - RealTimePanel: IR_850nm raw data uzunluk uyumsuzluğu (timestamps: 360, data: 90)
2026-01-21 19:28:35 - spektroskopi - WARNING - RealTimePanel: IR_850nm calibrated data uzunluk uyumsuzluğu (timestamps: 360, data: 90)
2026-01-21 19:28:35 - spektroskopi - WARNING - RealTimePanel: IR_940nm raw data uzunluk uyumsuzluğu (timestamps: 360, data: 88)
2026-01-21 19:28:35 - spektroskopi - WARNING - RealTimePanel: IR_940nm calibrated data uzunluk uyumsuzluğu (timestamps: 360, data: 88)
2026-01-21 19:28:35 - spektroskopi - INFO - Raspberry Pi'dan veri alındı: 6e400003-b5a3-f393-e0a9-e50e24dcca9e (Handle: 8): Nordic UART TX, uzunluk: 2
2026-01-21 19:28:35 - spektroskopi - INFO - Raspberry Pi verisi: Ham=940, Voltaj=940.000V
2026-01-21 19:28:35 - spektroskopi - INFO - Raspberry Pi verisi işlendi: SENSOR_5 = 940.000V
2026-01-21 19:28:35 - spektroskopi - INFO - Raspberry Pi'dan veri alındı: 6e400002-b5a3-f393-e0a9-e50e24dcca9e (Handle: 19): Nordic UART RX, uzunluk: 2
2026-01-21 19:28:35 - spektroskopi - INFO - Raspberry Pi verisi: Ham=3253, Voltaj=3253.000V
2026-01-21 19:28:35 - spektroskopi - INFO - Raspberry Pi verisi işlendi: SENSOR_2 = 3253.000V
2026-01-21 19:28:35 - spektroskopi - INFO - Raspberry Pi'dan veri alındı: 6e400005-b5a3-f393-e0a9-e50e24dcca9e (Handle: 16): Unknown, uzunluk: 2
2026-01-21 19:28:35 - spektroskopi - INFO - Raspberry Pi verisi: Ham=3255, Voltaj=3255.000V
2026-01-21 19:28:35 - spektroskopi - INFO - Raspberry Pi verisi işlendi: SENSOR_EXTRA = 3255.000V
2026-01-21 19:28:35 - spektroskopi - INFO - Raspberry Pi'dan veri alındı: 6e400004-b5a3-f393-e0a9-e50e24dcca9e (Handle: 11): Unknown, uzunluk: 2
2026-01-21 19:28:35 - spektroskopi - INFO - Raspberry Pi verisi: Ham=1423, Voltaj=1423.000V
2026-01-21 19:28:35 - spektroskopi - INFO - Raspberry Pi verisi işlendi: SENSOR_7 = 1423.000V
2026-01-21 19:28:36 - spektroskopi - WARNING - Zaman sıralama düzeltildi (averaged): 2026-01-21 19:28:35.762051
2026-01-21 19:28:36 - spektroskopi - WARNING - Zaman sıralama düzeltildi (averaged): 2026-01-21 19:28:35.763051
2026-01-21 19:28:36 - spektroskopi - WARNING - Zaman sıralama düzeltildi (averaged): 2026-01-21 19:28:35.764051
2026-01-21 19:28:36 - spektroskopi - WARNING - Zaman sıralama düzeltildi (averaged): 2026-01-21 19:28:35.765051
2026-01-21 19:28:36 - spektroskopi - WARNING - RealTimePanel: UV_360nm raw data uzunluk uyumsuzluğu (timestamps: 368, data: 94)
2026-01-21 19:28:36 - spektroskopi - WARNING - RealTimePanel: UV_360nm calibrated data uzunluk uyumsuzluğu (timestamps: 368, data: 94)
2026-01-21 19:28:36 - spektroskopi - WARNING - RealTimePanel: Blue_450nm raw data uzunluk uyumsuzluğu (timestamps: 368, data: 92)
2026-01-21 19:28:36 - spektroskopi - WARNING - RealTimePanel: Blue_450nm calibrated data uzunluk uyumsuzluğu (timestamps: 368, data: 92)
2026-01-21 19:28:36 - spektroskopi - WARNING - RealTimePanel: IR_850nm raw data uzunluk uyumsuzluğu (timestamps: 368, data: 92)
2026-01-21 19:28:36 - spektroskopi - WARNING - RealTimePanel: IR_850nm calibrated data uzunluk uyumsuzluğu (timestamps: 368, data: 92)
2026-01-21 19:28:36 - spektroskopi - WARNING - RealTimePanel: IR_940nm raw data uzunluk uyumsuzluğu (timestamps: 368, data: 90)
2026-01-21 19:28:36 - spektroskopi - WARNING - RealTimePanel: IR_940nm calibrated data uzunluk uyumsuzluğu (timestamps: 368, data: 90)
2026-01-21 19:28:36 - spektroskopi - INFO - Raspberry Pi'dan veri alındı: 6e400003-b5a3-f393-e0a9-e50e24dcca9e (Handle: 8): Nordic UART TX, uzunluk: 2
2026-01-21 19:28:36 - spektroskopi - INFO - Raspberry Pi verisi: Ham=936, Voltaj=936.000V
2026-01-21 19:28:36 - spektroskopi - INFO - Raspberry Pi verisi işlendi: SENSOR_5 = 936.000V
2026-01-21 19:28:36 - spektroskopi - INFO - Raspberry Pi'dan veri alındı: 6e400002-b5a3-f393-e0a9-e50e24dcca9e (Handle: 19): Nordic UART RX, uzunluk: 2
2026-01-21 19:28:36 - spektroskopi - INFO - Raspberry Pi verisi: Ham=3253, Voltaj=3253.000V
2026-01-21 19:28:36 - spektroskopi - INFO - Raspberry Pi verisi işlendi: SENSOR_2 = 3253.000V
2026-01-21 19:28:36 - spektroskopi - INFO - Raspberry Pi'dan veri alındı: 6e400005-b5a3-f393-e0a9-e50e24dcca9e (Handle: 16): Unknown, uzunluk: 2
2026-01-21 19:28:36 - spektroskopi - INFO - Raspberry Pi verisi: Ham=3253, Voltaj=3253.000V
2026-01-21 19:28:36 - spektroskopi - INFO - Raspberry Pi verisi işlendi: SENSOR_EXTRA = 3253.000V
2026-01-21 19:28:36 - spektroskopi - INFO - Raspberry Pi'dan veri alındı: 6e400004-b5a3-f393-e0a9-e50e24dcca9e (Handle: 11): Unknown, uzunluk: 2
2026-01-21 19:28:36 - spektroskopi - INFO - Raspberry Pi verisi: Ham=1420, Voltaj=1420.000V
2026-01-21 19:28:36 - spektroskopi - INFO - Raspberry Pi verisi işlendi: SENSOR_7 = 1420.000V
2026-01-21 19:28:36 - spektroskopi - INFO - Raspberry Pi'dan veri alındı: 6e400003-b5a3-f393-e0a9-e50e24dcca9e (Handle: 8): Nordic UART TX, uzunluk: 2
2026-01-21 19:28:36 - spektroskopi - INFO - Raspberry Pi verisi: Ham=942, Voltaj=942.000V
2026-01-21 19:28:36 - spektroskopi - INFO - Raspberry Pi verisi işlendi: SENSOR_5 = 942.000V
2026-01-21 19:28:37 - spektroskopi - INFO - Raspberry Pi'dan veri alındı: 6e400002-b5a3-f393-e0a9-e50e24dcca9e (Handle: 19): Nordic UART RX, uzunluk: 2
2026-01-21 19:28:37 - spektroskopi - INFO - Raspberry Pi verisi: Ham=3253, Voltaj=3253.000V
2026-01-21 19:28:37 - spektroskopi - INFO - Raspberry Pi verisi işlendi: SENSOR_2 = 3253.000V
2026-01-21 19:28:37 - spektroskopi - WARNING - Zaman sıralama düzeltildi (averaged): 2026-01-21 19:28:37.022406
2026-01-21 19:28:37 - spektroskopi - WARNING - Zaman sıralama düzeltildi (averaged): 2026-01-21 19:28:37.023406
2026-01-21 19:28:37 - spektroskopi - WARNING - Zaman sıralama düzeltildi (averaged): 2026-01-21 19:28:37.024406
2026-01-21 19:28:37 - spektroskopi - WARNING - Zaman sıralama düzeltildi (averaged): 2026-01-21 19:28:37.025406
2026-01-21 19:28:37 - spektroskopi - WARNING - Zaman sıralama düzeltildi (averaged): 2026-01-21 19:28:37.026406
2026-01-21 19:28:37 - spektroskopi - WARNING - Zaman sıralama düzeltildi (averaged): 2026-01-21 19:28:37.027406
2026-01-21 19:28:37 - spektroskopi - WARNING - RealTimePanel: UV_360nm raw data uzunluk uyumsuzluğu (timestamps: 380, data: 98)
2026-01-21 19:28:37 - spektroskopi - WARNING - RealTimePanel: UV_360nm calibrated data uzunluk uyumsuzluğu (timestamps: 380, data: 98)
2026-01-21 19:28:37 - spektroskopi - WARNING - RealTimePanel: Blue_450nm raw data uzunluk uyumsuzluğu (timestamps: 380, data: 94)
2026-01-21 19:28:37 - spektroskopi - WARNING - RealTimePanel: Blue_450nm calibrated data uzunluk uyumsuzluğu (timestamps: 380, data: 94)
2026-01-21 19:28:37 - spektroskopi - WARNING - RealTimePanel: IR_850nm raw data uzunluk uyumsuzluğu (timestamps: 380, data: 94)
2026-01-21 19:28:37 - spektroskopi - WARNING - RealTimePanel: IR_850nm calibrated data uzunluk uyumsuzluğu (timestamps: 380, data: 94)
2026-01-21 19:28:37 - spektroskopi - WARNING - RealTimePanel: IR_940nm raw data uzunluk uyumsuzluğu (timestamps: 380, data: 94)
2026-01-21 19:28:37 - spektroskopi - WARNING - RealTimePanel: IR_940nm calibrated data uzunluk uyumsuzluğu (timestamps: 380, data: 94)
2026-01-21 19:28:37 - spektroskopi - INFO - Raspberry Pi'dan veri alındı: 6e400005-b5a3-f393-e0a9-e50e24dcca9e (Handle: 16): Unknown, uzunluk: 2
2026-01-21 19:28:37 - spektroskopi - INFO - Raspberry Pi verisi: Ham=3254, Voltaj=3254.000V
2026-01-21 19:28:37 - spektroskopi - INFO - Raspberry Pi verisi işlendi: SENSOR_EXTRA = 3254.000V
2026-01-21 19:28:37 - spektroskopi - INFO - Raspberry Pi'dan veri alındı: 6e400004-b5a3-f393-e0a9-e50e24dcca9e (Handle: 11): Unknown, uzunluk: 2
2026-01-21 19:28:37 - spektroskopi - INFO - Raspberry Pi verisi: Ham=1425, Voltaj=1425.000V
2026-01-21 19:28:37 - spektroskopi - INFO - Raspberry Pi verisi işlendi: SENSOR_7 = 1425.000V
2026-01-21 19:28:37 - spektroskopi - INFO - Raspberry Pi'dan veri alındı: 6e400003-b5a3-f393-e0a9-e50e24dcca9e (Handle: 8): Nordic UART TX, uzunluk: 2
2026-01-21 19:28:37 - spektroskopi - INFO - Raspberry Pi verisi: Ham=939, Voltaj=939.000V
2026-01-21 19:28:37 - spektroskopi - INFO - Raspberry Pi verisi işlendi: SENSOR_5 = 939.000V
2026-01-21 19:28:37 - spektroskopi - INFO - Tüm Raw Data sensörleri seçildi, grafik oluşturuluyor...
2026-01-21 19:28:37 - spektroskopi - INFO - Grafik için mevcut veri gönderiliyor: 383 nokta
2026-01-21 19:28:37 - spektroskopi - INFO - PyQt subprocess başlatıldı (PIPE-safe): raw_data
2026-01-21 19:28:37 - spektroskopi - INFO - Raw Data PyQt grafiği oluşturuldu: ['UV_360nm', 'Blue_450nm', 'IR_850nm', 'IR_940nm']
2026-01-21 19:28:37 - spektroskopi - INFO - Raspberry Pi'dan veri alındı: 6e400002-b5a3-f393-e0a9-e50e24dcca9e (Handle: 19): Nordic UART RX, uzunluk: 2
2026-01-21 19:28:37 - spektroskopi - INFO - Raspberry Pi verisi: Ham=3252, Voltaj=3252.000V
2026-01-21 19:28:37 - spektroskopi - INFO - Raspberry Pi verisi işlendi: SENSOR_2 = 3252.000V
2026-01-21 19:28:38 - spektroskopi - WARNING - Zaman sıralama düzeltildi (averaged): 2026-01-21 19:28:37.890695
2026-01-21 19:28:38 - spektroskopi - WARNING - Zaman sıralama düzeltildi (averaged): 2026-01-21 19:28:37.891695
2026-01-21 19:28:38 - spektroskopi - WARNING - Zaman sıralama düzeltildi (averaged): 2026-01-21 19:28:37.892695
2026-01-21 19:28:38 - spektroskopi - WARNING - Zaman sıralama düzeltildi (averaged): 2026-01-21 19:28:37.893695
2026-01-21 19:28:38 - spektroskopi - WARNING - RealTimePanel: UV_360nm raw data uzunluk uyumsuzluğu (timestamps: 388, data: 100)
2026-01-21 19:28:38 - spektroskopi - WARNING - RealTimePanel: UV_360nm calibrated data uzunluk uyumsuzluğu (timestamps: 388, data: 100)
2026-01-21 19:28:38 - spektroskopi - WARNING - RealTimePanel: Blue_450nm raw data uzunluk uyumsuzluğu (timestamps: 388, data: 96)
2026-01-21 19:28:38 - spektroskopi - WARNING - RealTimePanel: Blue_450nm calibrated data uzunluk uyumsuzluğu (timestamps: 388, data: 96)
2026-01-21 19:28:38 - spektroskopi - WARNING - RealTimePanel: IR_850nm raw data uzunluk uyumsuzluğu (timestamps: 388, data: 96)
2026-01-21 19:28:38 - spektroskopi - WARNING - RealTimePanel: IR_850nm calibrated data uzunluk uyumsuzluğu (timestamps: 388, data: 96)
2026-01-21 19:28:38 - spektroskopi - WARNING - RealTimePanel: IR_940nm raw data uzunluk uyumsuzluğu (timestamps: 388, data: 96)
2026-01-21 19:28:38 - spektroskopi - WARNING - RealTimePanel: IR_940nm calibrated data uzunluk uyumsuzluğu (timestamps: 388, data: 96)
2026-01-21 19:28:38 - spektroskopi - INFO - PyQt veri başarıyla güncellendi: raw_data
2026-01-21 19:28:38 - spektroskopi - INFO - Raspberry Pi'dan veri alındı: 6e400005-b5a3-f393-e0a9-e50e24dcca9e (Handle: 16): Unknown, uzunluk: 2
2026-01-21 19:28:38 - spektroskopi - INFO - Raspberry Pi verisi: Ham=3255, Voltaj=3255.000V
2026-01-21 19:28:38 - spektroskopi - INFO - Raspberry Pi verisi işlendi: SENSOR_EXTRA = 3255.000V
2026-01-21 19:28:38 - spektroskopi - INFO - Raspberry Pi'dan veri alındı: 6e400004-b5a3-f393-e0a9-e50e24dcca9e (Handle: 11): Unknown, uzunluk: 2
2026-01-21 19:28:38 - spektroskopi - INFO - Raspberry Pi verisi: Ham=1424, Voltaj=1424.000V
2026-01-21 19:28:38 - spektroskopi - INFO - Raspberry Pi verisi işlendi: SENSOR_7 = 1424.000V
2026-01-21 19:28:38 - spektroskopi - INFO - Raspberry Pi'dan veri alındı: 6e400003-b5a3-f393-e0a9-e50e24dcca9e (Handle: 8): Nordic UART TX, uzunluk: 2
2026-01-21 19:28:38 - spektroskopi - INFO - Raspberry Pi verisi: Ham=938, Voltaj=938.000V
2026-01-21 19:28:38 - spektroskopi - INFO - Raspberry Pi verisi işlendi: SENSOR_5 = 938.000V
2026-01-21 19:28:38 - spektroskopi - INFO - Raspberry Pi'dan veri alındı: 6e400002-b5a3-f393-e0a9-e50e24dcca9e (Handle: 19): Nordic UART RX, uzunluk: 2
2026-01-21 19:28:38 - spektroskopi - INFO - Raspberry Pi verisi: Ham=3252, Voltaj=3252.000V
2026-01-21 19:28:38 - spektroskopi - INFO - Raspberry Pi verisi işlendi: SENSOR_2 = 3252.000V
2026-01-21 19:28:39 - spektroskopi - WARNING - Zaman sıralama düzeltildi (averaged): 2026-01-21 19:28:38.761772
2026-01-21 19:28:39 - spektroskopi - INFO - Raspberry Pi'dan veri alındı: 6e400005-b5a3-f393-e0a9-e50e24dcca9e (Handle: 16): Unknown, uzunluk: 2
2026-01-21 19:28:39 - spektroskopi - WARNING - Zaman sıralama düzeltildi (averaged): 2026-01-21 19:28:38.762772
2026-01-21 19:28:39 - spektroskopi - INFO - Raspberry Pi verisi: Ham=3255, Voltaj=3255.000V
2026-01-21 19:28:39 - spektroskopi - WARNING - Zaman sıralama düzeltildi (averaged): 2026-01-21 19:28:38.763772
2026-01-21 19:28:39 - spektroskopi - INFO - Raspberry Pi verisi işlendi: SENSOR_EXTRA = 3255.000V
2026-01-21 19:28:39 - spektroskopi - WARNING - Zaman sıralama düzeltildi (averaged): 2026-01-21 19:28:38.764772
2026-01-21 19:28:39 - spektroskopi - WARNING - RealTimePanel: UV_360nm raw data uzunluk uyumsuzluğu (timestamps: 397, data: 102)
2026-01-21 19:28:39 - spektroskopi - WARNING - RealTimePanel: UV_360nm calibrated data uzunluk uyumsuzluğu (timestamps: 397, data: 102)
2026-01-21 19:28:39 - spektroskopi - WARNING - RealTimePanel: Blue_450nm raw data uzunluk uyumsuzluğu (timestamps: 397, data: 99)
2026-01-21 19:28:39 - spektroskopi - WARNING - RealTimePanel: Blue_450nm calibrated data uzunluk uyumsuzluğu (timestamps: 397, data: 99)
2026-01-21 19:28:39 - spektroskopi - WARNING - RealTimePanel: IR_850nm raw data uzunluk uyumsuzluğu (timestamps: 397, data: 98)
2026-01-21 19:28:39 - spektroskopi - WARNING - RealTimePanel: IR_850nm calibrated data uzunluk uyumsuzluğu (timestamps: 397, data: 98)
2026-01-21 19:28:39 - spektroskopi - WARNING - RealTimePanel: IR_940nm raw data uzunluk uyumsuzluğu (timestamps: 397, data: 98)
2026-01-21 19:28:39 - spektroskopi - WARNING - RealTimePanel: IR_940nm calibrated data uzunluk uyumsuzluğu (timestamps: 397, data: 98)
2026-01-21 19:28:39 - spektroskopi - INFO - PyQt veri başarıyla güncellendi: raw_data
2026-01-21 19:28:39 - spektroskopi - INFO - Raspberry Pi'dan veri alındı: 6e400004-b5a3-f393-e0a9-e50e24dcca9e (Handle: 11): Unknown, uzunluk: 2
2026-01-21 19:28:39 - spektroskopi - INFO - Raspberry Pi verisi: Ham=1424, Voltaj=1424.000V
2026-01-21 19:28:39 - spektroskopi - INFO - Raspberry Pi verisi işlendi: SENSOR_7 = 1424.000V
2026-01-21 19:28:39 - spektroskopi - INFO - Raspberry Pi'dan veri alındı: 6e400003-b5a3-f393-e0a9-e50e24dcca9e (Handle: 8): Nordic UART TX, uzunluk: 2
2026-01-21 19:28:39 - spektroskopi - INFO - Raspberry Pi verisi: Ham=939, Voltaj=939.000V
2026-01-21 19:28:39 - spektroskopi - INFO - Raspberry Pi verisi işlendi: SENSOR_5 = 939.000V
2026-01-21 19:28:39 - spektroskopi - INFO - Raspberry Pi'dan veri alındı: 6e400002-b5a3-f393-e0a9-e50e24dcca9e (Handle: 19): Nordic UART RX, uzunluk: 2
2026-01-21 19:28:39 - spektroskopi - INFO - Raspberry Pi verisi: Ham=3253, Voltaj=3253.000V
2026-01-21 19:28:39 - spektroskopi - INFO - Raspberry Pi verisi işlendi: SENSOR_2 = 3253.000V
2026-01-21 19:28:39 - spektroskopi - INFO - Raspberry Pi'dan veri alındı: 6e400005-b5a3-f393-e0a9-e50e24dcca9e (Handle: 16): Unknown, uzunluk: 2
2026-01-21 19:28:39 - spektroskopi - INFO - Raspberry Pi verisi: Ham=3255, Voltaj=3255.000V
2026-01-21 19:28:39 - spektroskopi - INFO - Raspberry Pi verisi işlendi: SENSOR_EXTRA = 3255.000V
2026-01-21 19:28:40 - spektroskopi - WARNING - Zaman sıralama düzeltildi (averaged): 2026-01-21 19:28:39.901373
2026-01-21 19:28:40 - spektroskopi - WARNING - Zaman sıralama düzeltildi (averaged): 2026-01-21 19:28:39.902373
2026-01-21 19:28:40 - spektroskopi - WARNING - Zaman sıralama düzeltildi (averaged): 2026-01-21 19:28:39.903373
2026-01-21 19:28:40 - spektroskopi - WARNING - Zaman sıralama düzeltildi (averaged): 2026-01-21 19:28:39.904373
2026-01-21 19:28:40 - spektroskopi - WARNING - Zaman sıralama düzeltildi (averaged): 2026-01-21 19:28:39.905373
2026-01-21 19:28:40 - spektroskopi - WARNING - RealTimePanel: UV_360nm raw data uzunluk uyumsuzluğu (timestamps: 406, data: 104)
2026-01-21 19:28:40 - spektroskopi - WARNING - RealTimePanel: UV_360nm calibrated data uzunluk uyumsuzluğu (timestamps: 406, data: 104)
2026-01-21 19:28:40 - spektroskopi - WARNING - RealTimePanel: Blue_450nm raw data uzunluk uyumsuzluğu (timestamps: 406, data: 102)
2026-01-21 19:28:40 - spektroskopi - WARNING - RealTimePanel: Blue_450nm calibrated data uzunluk uyumsuzluğu (timestamps: 406, data: 102)
2026-01-21 19:28:40 - spektroskopi - WARNING - RealTimePanel: IR_850nm raw data uzunluk uyumsuzluğu (timestamps: 406, data: 100)
2026-01-21 19:28:40 - spektroskopi - WARNING - RealTimePanel: IR_850nm calibrated data uzunluk uyumsuzluğu (timestamps: 406, data: 100)
2026-01-21 19:28:40 - spektroskopi - WARNING - RealTimePanel: IR_940nm raw data uzunluk uyumsuzluğu (timestamps: 406, data: 100)
2026-01-21 19:28:40 - spektroskopi - WARNING - RealTimePanel: IR_940nm calibrated data uzunluk uyumsuzluğu (timestamps: 406, data: 100)
2026-01-21 19:28:40 - spektroskopi - INFO - PyQt veri başarıyla güncellendi: raw_data
2026-01-21 19:28:40 - spektroskopi - INFO - Raspberry Pi'dan veri alındı: 6e400004-b5a3-f393-e0a9-e50e24dcca9e (Handle: 11): Unknown, uzunluk: 2
2026-01-21 19:28:40 - spektroskopi - INFO - Raspberry Pi verisi: Ham=1427, Voltaj=1427.000V
2026-01-21 19:28:40 - spektroskopi - INFO - Raspberry Pi verisi işlendi: SENSOR_7 = 1427.000V
2026-01-21 19:28:40 - spektroskopi - INFO - Raspberry Pi'dan veri alındı: 6e400003-b5a3-f393-e0a9-e50e24dcca9e (Handle: 8): Nordic UART TX, uzunluk: 2
2026-01-21 19:28:40 - spektroskopi - INFO - Raspberry Pi verisi: Ham=941, Voltaj=941.000V
2026-01-21 19:28:40 - spektroskopi - INFO - Raspberry Pi verisi işlendi: SENSOR_5 = 941.000V
2026-01-21 19:28:40 - spektroskopi - INFO - Raspberry Pi'dan veri alındı: 6e400002-b5a3-f393-e0a9-e50e24dcca9e (Handle: 19): Nordic UART RX, uzunluk: 2
2026-01-21 19:28:40 - spektroskopi - INFO - Raspberry Pi verisi: Ham=3252, Voltaj=3252.000V
2026-01-21 19:28:40 - spektroskopi - INFO - Raspberry Pi verisi işlendi: SENSOR_2 = 3252.000V
2026-01-21 19:28:40 - spektroskopi - INFO - Raspberry Pi'dan veri alındı: 6e400005-b5a3-f393-e0a9-e50e24dcca9e (Handle: 16): Unknown, uzunluk: 2
2026-01-21 19:28:40 - spektroskopi - INFO - Raspberry Pi verisi: Ham=3253, Voltaj=3253.000V
2026-01-21 19:28:40 - spektroskopi - INFO - Raspberry Pi verisi işlendi: SENSOR_EXTRA = 3253.000V
2026-01-21 19:28:41 - spektroskopi - INFO - Raspberry Pi'dan veri alındı: 6e400004-b5a3-f393-e0a9-e50e24dcca9e (Handle: 11): Unknown, uzunluk: 2
2026-01-21 19:28:41 - spektroskopi - INFO - Raspberry Pi verisi: Ham=1430, Voltaj=1430.000V
2026-01-21 19:28:41 - spektroskopi - INFO - Raspberry Pi verisi işlendi: SENSOR_7 = 1430.000V
2026-01-21 19:28:41 - spektroskopi - WARNING - Zaman sıralama düzeltildi (averaged): 2026-01-21 19:28:41.041478
2026-01-21 19:28:41 - spektroskopi - WARNING - Zaman sıralama düzeltildi (averaged): 2026-01-21 19:28:41.042478
2026-01-21 19:28:41 - spektroskopi - WARNING - Zaman sıralama düzeltildi (averaged): 2026-01-21 19:28:41.043478
2026-01-21 19:28:41 - spektroskopi - WARNING - Zaman sıralama düzeltildi (averaged): 2026-01-21 19:28:41.044478
2026-01-21 19:28:41 - spektroskopi - WARNING - Zaman sıralama düzeltildi (averaged): 2026-01-21 19:28:41.045478
2026-01-21 19:28:41 - spektroskopi - WARNING - RealTimePanel: UV_360nm raw data uzunluk uyumsuzluğu (timestamps: 416, data: 106)
2026-01-21 19:28:41 - spektroskopi - WARNING - RealTimePanel: UV_360nm calibrated data uzunluk uyumsuzluğu (timestamps: 416, data: 106)
2026-01-21 19:28:41 - spektroskopi - WARNING - RealTimePanel: Blue_450nm raw data uzunluk uyumsuzluğu (timestamps: 416, data: 104)
2026-01-21 19:28:41 - spektroskopi - WARNING - RealTimePanel: Blue_450nm calibrated data uzunluk uyumsuzluğu (timestamps: 416, data: 104)
2026-01-21 19:28:41 - spektroskopi - WARNING - RealTimePanel: IR_850nm raw data uzunluk uyumsuzluğu (timestamps: 416, data: 104)
2026-01-21 19:28:41 - spektroskopi - WARNING - RealTimePanel: IR_850nm calibrated data uzunluk uyumsuzluğu (timestamps: 416, data: 104)
2026-01-21 19:28:41 - spektroskopi - WARNING - RealTimePanel: IR_940nm raw data uzunluk uyumsuzluğu (timestamps: 416, data: 102)
2026-01-21 19:28:41 - spektroskopi - WARNING - RealTimePanel: IR_940nm calibrated data uzunluk uyumsuzluğu (timestamps: 416, data: 102)
2026-01-21 19:28:41 - spektroskopi - INFO - PyQt veri başarıyla güncellendi: raw_data
2026-01-21 19:28:41 - spektroskopi - INFO - Raspberry Pi'dan veri alındı: 6e400003-b5a3-f393-e0a9-e50e24dcca9e (Handle: 8): Nordic UART TX, uzunluk: 2
2026-01-21 19:28:41 - spektroskopi - INFO - Raspberry Pi verisi: Ham=942, Voltaj=942.000V
2026-01-21 19:28:41 - spektroskopi - INFO - Raspberry Pi verisi işlendi: SENSOR_5 = 942.000V
2026-01-21 19:28:41 - spektroskopi - INFO - Raspberry Pi'dan veri alındı: 6e400002-b5a3-f393-e0a9-e50e24dcca9e (Handle: 19): Nordic UART RX, uzunluk: 2
2026-01-21 19:28:41 - spektroskopi - INFO - Raspberry Pi verisi: Ham=3253, Voltaj=3253.000V
2026-01-21 19:28:41 - spektroskopi - INFO - Raspberry Pi verisi işlendi: SENSOR_2 = 3253.000V
2026-01-21 19:28:41 - spektroskopi - INFO - Raspberry Pi'dan veri alındı: 6e400005-b5a3-f393-e0a9-e50e24dcca9e (Handle: 16): Unknown, uzunluk: 2
2026-01-21 19:28:41 - spektroskopi - INFO - Raspberry Pi verisi: Ham=3254, Voltaj=3254.000V
2026-01-21 19:28:41 - spektroskopi - INFO - Raspberry Pi verisi işlendi: SENSOR_EXTRA = 3254.000V
2026-01-21 19:28:41 - spektroskopi - INFO - Raspberry Pi'dan veri alındı: 6e400004-b5a3-f393-e0a9-e50e24dcca9e (Handle: 11): Unknown, uzunluk: 2
2026-01-21 19:28:41 - spektroskopi - INFO - Raspberry Pi verisi: Ham=1428, Voltaj=1428.000V
2026-01-21 19:28:41 - spektroskopi - INFO - Raspberry Pi verisi işlendi: SENSOR_7 = 1428.000V
2026-01-21 19:28:42 - spektroskopi - WARNING - Zaman sıralama düzeltildi (averaged): 2026-01-21 19:28:41.914906
2026-01-21 19:28:42 - spektroskopi - WARNING - Zaman sıralama düzeltildi (averaged): 2026-01-21 19:28:41.915906
2026-01-21 19:28:42 - spektroskopi - WARNING - Zaman sıralama düzeltildi (averaged): 2026-01-21 19:28:41.916906
2026-01-21 19:28:42 - spektroskopi - WARNING - Zaman sıralama düzeltildi (averaged): 2026-01-21 19:28:41.917906
2026-01-21 19:28:42 - spektroskopi - WARNING - RealTimePanel: UV_360nm raw data uzunluk uyumsuzluğu (timestamps: 424, data: 108)
2026-01-21 19:28:42 - spektroskopi - WARNING - RealTimePanel: UV_360nm calibrated data uzunluk uyumsuzluğu (timestamps: 424, data: 108)
2026-01-21 19:28:42 - spektroskopi - WARNING - RealTimePanel: Blue_450nm raw data uzunluk uyumsuzluğu (timestamps: 424, data: 106)
2026-01-21 19:28:42 - spektroskopi - WARNING - RealTimePanel: Blue_450nm calibrated data uzunluk uyumsuzluğu (timestamps: 424, data: 106)
2026-01-21 19:28:42 - spektroskopi - WARNING - RealTimePanel: IR_850nm raw data uzunluk uyumsuzluğu (timestamps: 424, data: 106)
2026-01-21 19:28:42 - spektroskopi - WARNING - RealTimePanel: IR_850nm calibrated data uzunluk uyumsuzluğu (timestamps: 424, data: 106)
2026-01-21 19:28:42 - spektroskopi - WARNING - RealTimePanel: IR_940nm raw data uzunluk uyumsuzluğu (timestamps: 424, data: 104)
2026-01-21 19:28:42 - spektroskopi - WARNING - RealTimePanel: IR_940nm calibrated data uzunluk uyumsuzluğu (timestamps: 424, data: 104)
2026-01-21 19:28:42 - spektroskopi - INFO - PyQt veri başarıyla güncellendi: raw_data
2026-01-21 19:28:42 - spektroskopi - INFO - Raspberry Pi'dan veri alındı: 6e400003-b5a3-f393-e0a9-e50e24dcca9e (Handle: 8): Nordic UART TX, uzunluk: 2
2026-01-21 19:28:42 - spektroskopi - INFO - Raspberry Pi verisi: Ham=938, Voltaj=938.000V
2026-01-21 19:28:42 - spektroskopi - INFO - Raspberry Pi verisi işlendi: SENSOR_5 = 938.000V
2026-01-21 19:28:42 - spektroskopi - INFO - Raspberry Pi'dan veri alındı: 6e400002-b5a3-f393-e0a9-e50e24dcca9e (Handle: 19): Nordic UART RX, uzunluk: 2
2026-01-21 19:28:42 - spektroskopi - INFO - Raspberry Pi verisi: Ham=3254, Voltaj=3254.000V
2026-01-21 19:28:42 - spektroskopi - INFO - Raspberry Pi verisi işlendi: SENSOR_2 = 3254.000V
2026-01-21 19:28:42 - spektroskopi - INFO - Raspberry Pi'dan veri alındı: 6e400005-b5a3-f393-e0a9-e50e24dcca9e (Handle: 16): Unknown, uzunluk: 2
2026-01-21 19:28:42 - spektroskopi - INFO - Raspberry Pi verisi: Ham=3254, Voltaj=3254.000V
2026-01-21 19:28:42 - spektroskopi - INFO - Raspberry Pi verisi işlendi: SENSOR_EXTRA = 3254.000V
2026-01-21 19:28:42 - spektroskopi - INFO - Raspberry Pi'dan veri alındı: 6e400004-b5a3-f393-e0a9-e50e24dcca9e (Handle: 11): Unknown, uzunluk: 2
2026-01-21 19:28:42 - spektroskopi - INFO - Raspberry Pi verisi: Ham=1428, Voltaj=1428.000V
2026-01-21 19:28:42 - spektroskopi - INFO - Raspberry Pi verisi işlendi: SENSOR_7 = 1428.000V
2026-01-21 19:28:43 - spektroskopi - WARNING - Zaman sıralama düzeltildi (averaged): 2026-01-21 19:28:42.810606
2026-01-21 19:28:43 - spektroskopi - WARNING - Zaman sıralama düzeltildi (averaged): 2026-01-21 19:28:42.811606
2026-01-21 19:28:43 - spektroskopi - WARNING - Zaman sıralama düzeltildi (averaged): 2026-01-21 19:28:42.812606
2026-01-21 19:28:43 - spektroskopi - WARNING - Zaman sıralama düzeltildi (averaged): 2026-01-21 19:28:42.813606
2026-01-21 19:28:43 - spektroskopi - WARNING - RealTimePanel: UV_360nm raw data uzunluk uyumsuzluğu (timestamps: 432, data: 110)
2026-01-21 19:28:43 - spektroskopi - WARNING - RealTimePanel: UV_360nm calibrated data uzunluk uyumsuzluğu (timestamps: 432, data: 110)
2026-01-21 19:28:43 - spektroskopi - WARNING - RealTimePanel: Blue_450nm raw data uzunluk uyumsuzluğu (timestamps: 432, data: 108)
2026-01-21 19:28:43 - spektroskopi - WARNING - RealTimePanel: Blue_450nm calibrated data uzunluk uyumsuzluğu (timestamps: 432, data: 108)
2026-01-21 19:28:43 - spektroskopi - WARNING - RealTimePanel: IR_850nm raw data uzunluk uyumsuzluğu (timestamps: 432, data: 108)
2026-01-21 19:28:43 - spektroskopi - WARNING - RealTimePanel: IR_850nm calibrated data uzunluk uyumsuzluğu (timestamps: 432, data: 108)
2026-01-21 19:28:43 - spektroskopi - WARNING - RealTimePanel: IR_940nm raw data uzunluk uyumsuzluğu (timestamps: 432, data: 106)
2026-01-21 19:28:43 - spektroskopi - WARNING - RealTimePanel: IR_940nm calibrated data uzunluk uyumsuzluğu (timestamps: 432, data: 106)
2026-01-21 19:28:43 - spektroskopi - INFO - Raspberry Pi'dan veri alındı: 6e400003-b5a3-f393-e0a9-e50e24dcca9e (Handle: 8): Nordic UART TX, uzunluk: 2
2026-01-21 19:28:43 - spektroskopi - INFO - Raspberry Pi verisi: Ham=941, Voltaj=941.000V
2026-01-21 19:28:43 - spektroskopi - INFO - Raspberry Pi verisi işlendi: SENSOR_5 = 941.000V
2026-01-21 19:28:43 - spektroskopi - INFO - Raspberry Pi'dan veri alındı: 6e400002-b5a3-f393-e0a9-e50e24dcca9e (Handle: 19): Nordic UART RX, uzunluk: 2
2026-01-21 19:28:43 - spektroskopi - INFO - Raspberry Pi verisi: Ham=3252, Voltaj=3252.000V
2026-01-21 19:28:43 - spektroskopi - INFO - Raspberry Pi verisi işlendi: SENSOR_2 = 3252.000V
2026-01-21 19:28:43 - spektroskopi - INFO - Raspberry Pi'dan veri alındı: 6e400005-b5a3-f393-e0a9-e50e24dcca9e (Handle: 16): Unknown, uzunluk: 2
2026-01-21 19:28:43 - spektroskopi - INFO - Raspberry Pi verisi: Ham=3254, Voltaj=3254.000V
2026-01-21 19:28:43 - spektroskopi - INFO - Raspberry Pi verisi işlendi: SENSOR_EXTRA = 3254.000V
2026-01-21 19:28:43 - spektroskopi - INFO - Raspberry Pi'dan veri alındı: 6e400004-b5a3-f393-e0a9-e50e24dcca9e (Handle: 11): Unknown, uzunluk: 2
2026-01-21 19:28:43 - spektroskopi - INFO - Raspberry Pi verisi: Ham=1427, Voltaj=1427.000V
2026-01-21 19:28:43 - spektroskopi - INFO - Raspberry Pi verisi işlendi: SENSOR_7 = 1427.000V
2026-01-21 19:28:43 - spektroskopi - INFO - Raspberry Pi'dan veri alındı: 6e400003-b5a3-f393-e0a9-e50e24dcca9e (Handle: 8): Nordic UART TX, uzunluk: 2
2026-01-21 19:28:43 - spektroskopi - INFO - Raspberry Pi verisi: Ham=943, Voltaj=943.000V
2026-01-21 19:28:43 - spektroskopi - INFO - Raspberry Pi verisi işlendi: SENSOR_5 = 943.000V
2026-01-21 19:28:44 - spektroskopi - INFO - Raspberry Pi'dan veri alındı: 6e400002-b5a3-f393-e0a9-e50e24dcca9e (Handle: 19): Nordic UART RX, uzunluk: 2
2026-01-21 19:28:44 - spektroskopi - INFO - Raspberry Pi verisi: Ham=3253, Voltaj=3253.000V
2026-01-21 19:28:44 - spektroskopi - INFO - Raspberry Pi verisi işlendi: SENSOR_2 = 3253.000V
2026-01-21 19:28:44 - spektroskopi - WARNING - Zaman sıralama düzeltildi (averaged): 2026-01-21 19:28:44.041558
2026-01-21 19:28:44 - spektroskopi - WARNING - Zaman sıralama düzeltildi (averaged): 2026-01-21 19:28:44.042558
2026-01-21 19:28:44 - spektroskopi - WARNING - Zaman sıralama düzeltildi (averaged): 2026-01-21 19:28:44.043558
2026-01-21 19:28:44 - spektroskopi - WARNING - Zaman sıralama düzeltildi (averaged): 2026-01-21 19:28:44.044558
2026-01-21 19:28:44 - spektroskopi - WARNING - Zaman sıralama düzeltildi (averaged): 2026-01-21 19:28:44.045558
2026-01-21 19:28:44 - spektroskopi - WARNING - Zaman sıralama düzeltildi (averaged): 2026-01-21 19:28:44.046558
2026-01-21 19:28:44 - spektroskopi - WARNING - RealTimePanel: UV_360nm raw data uzunluk uyumsuzluğu (timestamps: 444, data: 114)
2026-01-21 19:28:44 - spektroskopi - WARNING - RealTimePanel: UV_360nm calibrated data uzunluk uyumsuzluğu (timestamps: 444, data: 114)
2026-01-21 19:28:44 - spektroskopi - WARNING - RealTimePanel: Blue_450nm raw data uzunluk uyumsuzluğu (timestamps: 444, data: 110)
2026-01-21 19:28:44 - spektroskopi - WARNING - RealTimePanel: Blue_450nm calibrated data uzunluk uyumsuzluğu (timestamps: 444, data: 110)
2026-01-21 19:28:44 - spektroskopi - WARNING - RealTimePanel: IR_850nm raw data uzunluk uyumsuzluğu (timestamps: 444, data: 110)
2026-01-21 19:28:44 - spektroskopi - WARNING - RealTimePanel: IR_850nm calibrated data uzunluk uyumsuzluğu (timestamps: 444, data: 110)
2026-01-21 19:28:44 - spektroskopi - WARNING - RealTimePanel: IR_940nm raw data uzunluk uyumsuzluğu (timestamps: 444, data: 110)
2026-01-21 19:28:44 - spektroskopi - WARNING - RealTimePanel: IR_940nm calibrated data uzunluk uyumsuzluğu (timestamps: 444, data: 110)
2026-01-21 19:28:44 - spektroskopi - INFO - Raspberry Pi'dan veri alındı: 6e400005-b5a3-f393-e0a9-e50e24dcca9e (Handle: 16): Unknown, uzunluk: 2
2026-01-21 19:28:44 - spektroskopi - INFO - Raspberry Pi verisi: Ham=3254, Voltaj=3254.000V
2026-01-21 19:28:44 - spektroskopi - INFO - Raspberry Pi verisi işlendi: SENSOR_EXTRA = 3254.000V
2026-01-21 19:28:44 - spektroskopi - INFO - Raspberry Pi'dan veri alındı: 6e400004-b5a3-f393-e0a9-e50e24dcca9e (Handle: 11): Unknown, uzunluk: 2
2026-01-21 19:28:44 - spektroskopi - INFO - Raspberry Pi verisi: Ham=1429, Voltaj=1429.000V
2026-01-21 19:28:44 - spektroskopi - INFO - Raspberry Pi verisi işlendi: SENSOR_7 = 1429.000V
2026-01-21 19:28:44 - spektroskopi - INFO - Raspberry Pi'dan veri alındı: 6e400003-b5a3-f393-e0a9-e50e24dcca9e (Handle: 8): Nordic UART TX, uzunluk: 2
2026-01-21 19:28:44 - spektroskopi - INFO - Raspberry Pi verisi: Ham=940, Voltaj=940.000V
2026-01-21 19:28:44 - spektroskopi - INFO - Raspberry Pi verisi işlendi: SENSOR_5 = 940.000V
2026-01-21 19:28:44 - spektroskopi - INFO - Raspberry Pi'dan veri alındı: 6e400002-b5a3-f393-e0a9-e50e24dcca9e (Handle: 19): Nordic UART RX, uzunluk: 2
2026-01-21 19:28:44 - spektroskopi - INFO - Raspberry Pi verisi: Ham=3253, Voltaj=3253.000V
2026-01-21 19:28:44 - spektroskopi - INFO - Raspberry Pi verisi işlendi: SENSOR_2 = 3253.000V
2026-01-21 19:28:45 - spektroskopi - WARNING - Zaman sıralama düzeltildi (averaged): 2026-01-21 19:28:44.941580
2026-01-21 19:28:45 - spektroskopi - WARNING - Zaman sıralama düzeltildi (averaged): 2026-01-21 19:28:44.942580
2026-01-21 19:28:45 - spektroskopi - WARNING - Zaman sıralama düzeltildi (averaged): 2026-01-21 19:28:44.943580
2026-01-21 19:28:45 - spektroskopi - WARNING - Zaman sıralama düzeltildi (averaged): 2026-01-21 19:28:44.944580
2026-01-21 19:28:45 - spektroskopi - WARNING - RealTimePanel: UV_360nm raw data uzunluk uyumsuzluğu (timestamps: 452, data: 116)
2026-01-21 19:28:45 - spektroskopi - WARNING - RealTimePanel: UV_360nm calibrated data uzunluk uyumsuzluğu (timestamps: 452, data: 116)
2026-01-21 19:28:45 - spektroskopi - WARNING - RealTimePanel: Blue_450nm raw data uzunluk uyumsuzluğu (timestamps: 452, data: 112)
2026-01-21 19:28:45 - spektroskopi - WARNING - RealTimePanel: Blue_450nm calibrated data uzunluk uyumsuzluğu (timestamps: 452, data: 112)
2026-01-21 19:28:45 - spektroskopi - WARNING - RealTimePanel: IR_850nm raw data uzunluk uyumsuzluğu (timestamps: 452, data: 112)
2026-01-21 19:28:45 - spektroskopi - WARNING - RealTimePanel: IR_850nm calibrated data uzunluk uyumsuzluğu (timestamps: 452, data: 112)
2026-01-21 19:28:45 - spektroskopi - WARNING - RealTimePanel: IR_940nm raw data uzunluk uyumsuzluğu (timestamps: 452, data: 112)
2026-01-21 19:28:45 - spektroskopi - WARNING - RealTimePanel: IR_940nm calibrated data uzunluk uyumsuzluğu (timestamps: 452, data: 112)
2026-01-21 19:28:45 - spektroskopi - INFO - Raspberry Pi'dan veri alındı: 6e400005-b5a3-f393-e0a9-e50e24dcca9e (Handle: 16): Unknown, uzunluk: 2
2026-01-21 19:28:45 - spektroskopi - INFO - Raspberry Pi verisi: Ham=3255, Voltaj=3255.000V
2026-01-21 19:28:45 - spektroskopi - INFO - Raspberry Pi verisi işlendi: SENSOR_EXTRA = 3255.000V
2026-01-21 19:28:45 - spektroskopi - INFO - Raspberry Pi'dan veri alındı: 6e400004-b5a3-f393-e0a9-e50e24dcca9e (Handle: 11): Unknown, uzunluk: 2
2026-01-21 19:28:45 - spektroskopi - INFO - Raspberry Pi verisi: Ham=1427, Voltaj=1427.000V
2026-01-21 19:28:45 - spektroskopi - INFO - Raspberry Pi verisi işlendi: SENSOR_7 = 1427.000V
2026-01-21 19:28:45 - spektroskopi - INFO - Raspberry Pi'dan veri alındı: 6e400003-b5a3-f393-e0a9-e50e24dcca9e (Handle: 8): Nordic UART TX, uzunluk: 2
2026-01-21 19:28:45 - spektroskopi - INFO - Raspberry Pi verisi: Ham=916, Voltaj=916.000V
2026-01-21 19:28:45 - spektroskopi - INFO - Raspberry Pi verisi işlendi: SENSOR_5 = 916.000V
2026-01-21 19:28:45 - spektroskopi - INFO - Raspberry Pi'dan veri alındı: 6e400002-b5a3-f393-e0a9-e50e24dcca9e (Handle: 19): Nordic UART RX, uzunluk: 2
2026-01-21 19:28:45 - spektroskopi - INFO - Raspberry Pi verisi: Ham=3252, Voltaj=3252.000V
2026-01-21 19:28:45 - spektroskopi - INFO - Raspberry Pi verisi işlendi: SENSOR_2 = 3252.000V
2026-01-21 19:28:46 - spektroskopi - WARNING - Zaman sıralama düzeltildi (averaged): 2026-01-21 19:28:45.830862
2026-01-21 19:28:46 - spektroskopi - WARNING - Zaman sıralama düzeltildi (averaged): 2026-01-21 19:28:45.831862
2026-01-21 19:28:46 - spektroskopi - WARNING - Zaman sıralama düzeltildi (averaged): 2026-01-21 19:28:45.832862
2026-01-21 19:28:46 - spektroskopi - WARNING - Zaman sıralama düzeltildi (averaged): 2026-01-21 19:28:45.833862
2026-01-21 19:28:46 - spektroskopi - WARNING - RealTimePanel: UV_360nm raw data uzunluk uyumsuzluğu (timestamps: 460, data: 118)
2026-01-21 19:28:46 - spektroskopi - WARNING - RealTimePanel: UV_360nm calibrated data uzunluk uyumsuzluğu (timestamps: 460, data: 118)
2026-01-21 19:28:46 - spektroskopi - WARNING - RealTimePanel: Blue_450nm raw data uzunluk uyumsuzluğu (timestamps: 460, data: 114)
2026-01-21 19:28:46 - spektroskopi - WARNING - RealTimePanel: Blue_450nm calibrated data uzunluk uyumsuzluğu (timestamps: 460, data: 114)
2026-01-21 19:28:46 - spektroskopi - WARNING - RealTimePanel: IR_850nm raw data uzunluk uyumsuzluğu (timestamps: 460, data: 114)
2026-01-21 19:28:46 - spektroskopi - WARNING - RealTimePanel: IR_850nm calibrated data uzunluk uyumsuzluğu (timestamps: 460, data: 114)
2026-01-21 19:28:46 - spektroskopi - WARNING - RealTimePanel: IR_940nm raw data uzunluk uyumsuzluğu (timestamps: 460, data: 114)
2026-01-21 19:28:46 - spektroskopi - WARNING - RealTimePanel: IR_940nm calibrated data uzunluk uyumsuzluğu (timestamps: 460, data: 114)
2026-01-21 19:28:46 - spektroskopi - INFO - Raspberry Pi'dan veri alındı: 6e400005-b5a3-f393-e0a9-e50e24dcca9e (Handle: 16): Unknown, uzunluk: 2
2026-01-21 19:28:46 - spektroskopi - INFO - Raspberry Pi verisi: Ham=3254, Voltaj=3254.000V
2026-01-21 19:28:46 - spektroskopi - INFO - Raspberry Pi verisi işlendi: SENSOR_EXTRA = 3254.000V
2026-01-21 19:28:46 - spektroskopi - INFO - Raspberry Pi'dan veri alındı: 6e400004-b5a3-f393-e0a9-e50e24dcca9e (Handle: 11): Unknown, uzunluk: 2
2026-01-21 19:28:46 - spektroskopi - INFO - Raspberry Pi verisi: Ham=1431, Voltaj=1431.000V
2026-01-21 19:28:46 - spektroskopi - INFO - Raspberry Pi verisi işlendi: SENSOR_7 = 1431.000V
2026-01-21 19:28:46 - spektroskopi - INFO - Raspberry Pi'dan veri alındı: 6e400003-b5a3-f393-e0a9-e50e24dcca9e (Handle: 8): Nordic UART TX, uzunluk: 2
2026-01-21 19:28:46 - spektroskopi - INFO - Raspberry Pi verisi: Ham=943, Voltaj=943.000V
2026-01-21 19:28:46 - spektroskopi - INFO - Raspberry Pi verisi işlendi: SENSOR_5 = 943.000V
2026-01-21 19:28:46 - spektroskopi - INFO - Raspberry Pi'dan veri alındı: 6e400002-b5a3-f393-e0a9-e50e24dcca9e (Handle: 19): Nordic UART RX, uzunluk: 2
2026-01-21 19:28:46 - spektroskopi - INFO - Raspberry Pi verisi: Ham=3252, Voltaj=3252.000V
2026-01-21 19:28:46 - spektroskopi - INFO - Raspberry Pi verisi işlendi: SENSOR_2 = 3252.000V
2026-01-21 19:28:46 - spektroskopi - INFO - Raspberry Pi'dan veri alındı: 6e400005-b5a3-f393-e0a9-e50e24dcca9e (Handle: 16): Unknown, uzunluk: 2
2026-01-21 19:28:46 - spektroskopi - INFO - Raspberry Pi verisi: Ham=3254, Voltaj=3254.000V
2026-01-21 19:28:46 - spektroskopi - INFO - Raspberry Pi verisi işlendi: SENSOR_EXTRA = 3254.000V
2026-01-21 19:28:47 - spektroskopi - WARNING - Zaman sıralama düzeltildi (averaged): 2026-01-21 19:28:46.952390
2026-01-21 19:28:47 - spektroskopi - WARNING - Zaman sıralama düzeltildi (averaged): 2026-01-21 19:28:46.953390
2026-01-21 19:28:47 - spektroskopi - WARNING - Zaman sıralama düzeltildi (averaged): 2026-01-21 19:28:46.954390
2026-01-21 19:28:47 - spektroskopi - WARNING - Zaman sıralama düzeltildi (averaged): 2026-01-21 19:28:46.955390
2026-01-21 19:28:47 - spektroskopi - WARNING - Zaman sıralama düzeltildi (averaged): 2026-01-21 19:28:46.956390
2026-01-21 19:28:47 - spektroskopi - WARNING - RealTimePanel: UV_360nm raw data uzunluk uyumsuzluğu (timestamps: 470, data: 120)
2026-01-21 19:28:47 - spektroskopi - WARNING - RealTimePanel: UV_360nm calibrated data uzunluk uyumsuzluğu (timestamps: 470, data: 120)
2026-01-21 19:28:47 - spektroskopi - WARNING - RealTimePanel: Blue_450nm raw data uzunluk uyumsuzluğu (timestamps: 470, data: 118)
2026-01-21 19:28:47 - spektroskopi - WARNING - RealTimePanel: Blue_450nm calibrated data uzunluk uyumsuzluğu (timestamps: 470, data: 118)
2026-01-21 19:28:47 - spektroskopi - WARNING - RealTimePanel: IR_850nm raw data uzunluk uyumsuzluğu (timestamps: 470, data: 116)
2026-01-21 19:28:47 - spektroskopi - WARNING - RealTimePanel: IR_850nm calibrated data uzunluk uyumsuzluğu (timestamps: 470, data: 116)
2026-01-21 19:28:47 - spektroskopi - WARNING - RealTimePanel: IR_940nm raw data uzunluk uyumsuzluğu (timestamps: 470, data: 116)
2026-01-21 19:28:47 - spektroskopi - WARNING - RealTimePanel: IR_940nm calibrated data uzunluk uyumsuzluğu (timestamps: 470, data: 116)
2026-01-21 19:28:47 - spektroskopi - INFO - Raspberry Pi'dan veri alındı: 6e400004-b5a3-f393-e0a9-e50e24dcca9e (Handle: 11): Unknown, uzunluk: 2
2026-01-21 19:28:47 - spektroskopi - INFO - Raspberry Pi verisi: Ham=1430, Voltaj=1430.000V
2026-01-21 19:28:47 - spektroskopi - INFO - Raspberry Pi verisi işlendi: SENSOR_7 = 1430.000V
2026-01-21 19:28:47 - spektroskopi - INFO - Raspberry Pi'dan veri alındı: 6e400003-b5a3-f393-e0a9-e50e24dcca9e (Handle: 8): Nordic UART TX, uzunluk: 2
2026-01-21 19:28:47 - spektroskopi - INFO - Raspberry Pi verisi: Ham=941, Voltaj=941.000V
2026-01-21 19:28:47 - spektroskopi - INFO - Raspberry Pi verisi işlendi: SENSOR_5 = 941.000V
2026-01-21 19:28:47 - spektroskopi - INFO - Raspberry Pi'dan veri alındı: 6e400002-b5a3-f393-e0a9-e50e24dcca9e (Handle: 19): Nordic UART RX, uzunluk: 2
2026-01-21 19:28:47 - spektroskopi - INFO - Raspberry Pi verisi: Ham=3252, Voltaj=3252.000V
2026-01-21 19:28:47 - spektroskopi - INFO - Raspberry Pi verisi işlendi: SENSOR_2 = 3252.000V
2026-01-21 19:28:47 - spektroskopi - INFO - Raspberry Pi'dan veri alındı: 6e400005-b5a3-f393-e0a9-e50e24dcca9e (Handle: 16): Unknown, uzunluk: 2
2026-01-21 19:28:47 - spektroskopi - INFO - Raspberry Pi verisi: Ham=3254, Voltaj=3254.000V
2026-01-21 19:28:47 - spektroskopi - INFO - Raspberry Pi verisi işlendi: SENSOR_EXTRA = 3254.000V
2026-01-21 19:28:48 - spektroskopi - WARNING - Zaman sıralama düzeltildi (averaged): 2026-01-21 19:28:47.821245
2026-01-21 19:28:48 - spektroskopi - WARNING - Zaman sıralama düzeltildi (averaged): 2026-01-21 19:28:47.822245
2026-01-21 19:28:48 - spektroskopi - WARNING - Zaman sıralama düzeltildi (averaged): 2026-01-21 19:28:47.823245
2026-01-21 19:28:48 - spektroskopi - WARNING - Zaman sıralama düzeltildi (averaged): 2026-01-21 19:28:47.824245
2026-01-21 19:28:48 - spektroskopi - WARNING - RealTimePanel: UV_360nm raw data uzunluk uyumsuzluğu (timestamps: 478, data: 122)
2026-01-21 19:28:48 - spektroskopi - WARNING - RealTimePanel: UV_360nm calibrated data uzunluk uyumsuzluğu (timestamps: 478, data: 122)
2026-01-21 19:28:48 - spektroskopi - WARNING - RealTimePanel: Blue_450nm raw data uzunluk uyumsuzluğu (timestamps: 478, data: 120)
2026-01-21 19:28:48 - spektroskopi - WARNING - RealTimePanel: Blue_450nm calibrated data uzunluk uyumsuzluğu (timestamps: 478, data: 120)
2026-01-21 19:28:48 - spektroskopi - WARNING - RealTimePanel: IR_850nm raw data uzunluk uyumsuzluğu (timestamps: 478, data: 118)
2026-01-21 19:28:48 - spektroskopi - WARNING - RealTimePanel: IR_850nm calibrated data uzunluk uyumsuzluğu (timestamps: 478, data: 118)
2026-01-21 19:28:48 - spektroskopi - WARNING - RealTimePanel: IR_940nm raw data uzunluk uyumsuzluğu (timestamps: 478, data: 118)
2026-01-21 19:28:48 - spektroskopi - WARNING - RealTimePanel: IR_940nm calibrated data uzunluk uyumsuzluğu (timestamps: 478, data: 118)
2026-01-21 19:28:48 - spektroskopi - INFO - Raspberry Pi'dan veri alındı: 6e400004-b5a3-f393-e0a9-e50e24dcca9e (Handle: 11): Unknown, uzunluk: 2
2026-01-21 19:28:48 - spektroskopi - INFO - Raspberry Pi verisi: Ham=1428, Voltaj=1428.000V
2026-01-21 19:28:48 - spektroskopi - INFO - Raspberry Pi verisi işlendi: SENSOR_7 = 1428.000V
2026-01-21 19:28:48 - spektroskopi - INFO - Raspberry Pi'dan veri alındı: 6e400003-b5a3-f393-e0a9-e50e24dcca9e (Handle: 8): Nordic UART TX, uzunluk: 2
2026-01-21 19:28:48 - spektroskopi - INFO - Raspberry Pi verisi: Ham=942, Voltaj=942.000V
2026-01-21 19:28:48 - spektroskopi - INFO - Raspberry Pi verisi işlendi: SENSOR_5 = 942.000V
2026-01-21 19:28:48 - spektroskopi - INFO - Raspberry Pi'dan veri alındı: 6e400002-b5a3-f393-e0a9-e50e24dcca9e (Handle: 19): Nordic UART RX, uzunluk: 2
2026-01-21 19:28:48 - spektroskopi - INFO - Raspberry Pi verisi: Ham=3254, Voltaj=3254.000V
2026-01-21 19:28:48 - spektroskopi - INFO - Raspberry Pi verisi işlendi: SENSOR_2 = 3254.000V
2026-01-21 19:28:48 - spektroskopi - INFO - Raspberry Pi'dan veri alındı: 6e400005-b5a3-f393-e0a9-e50e24dcca9e (Handle: 16): Unknown, uzunluk: 2
2026-01-21 19:28:48 - spektroskopi - INFO - Raspberry Pi verisi: Ham=3254, Voltaj=3254.000V
2026-01-21 19:28:48 - spektroskopi - INFO - Raspberry Pi verisi işlendi: SENSOR_EXTRA = 3254.000V
2026-01-21 19:28:48 - spektroskopi - INFO - Raspberry Pi'dan veri alındı: 6e400004-b5a3-f393-e0a9-e50e24dcca9e (Handle: 11): Unknown, uzunluk: 2
2026-01-21 19:28:48 - spektroskopi - INFO - Raspberry Pi verisi: Ham=1427, Voltaj=1427.000V
2026-01-21 19:28:48 - spektroskopi - INFO - Raspberry Pi verisi işlendi: SENSOR_7 = 1427.000V
2026-01-21 19:28:49 - spektroskopi - WARNING - Zaman sıralama düzeltildi (averaged): 2026-01-21 19:28:48.961511
2026-01-21 19:28:49 - spektroskopi - WARNING - Zaman sıralama düzeltildi (averaged): 2026-01-21 19:28:48.962511
2026-01-21 19:28:49 - spektroskopi - WARNING - Zaman sıralama düzeltildi (averaged): 2026-01-21 19:28:48.963511
2026-01-21 19:28:49 - spektroskopi - WARNING - Zaman sıralama düzeltildi (averaged): 2026-01-21 19:28:48.964511
2026-01-21 19:28:49 - spektroskopi - WARNING - Zaman sıralama düzeltildi (averaged): 2026-01-21 19:28:48.965511
2026-01-21 19:28:49 - spektroskopi - WARNING - RealTimePanel: UV_360nm raw data uzunluk uyumsuzluğu (timestamps: 488, data: 124)
2026-01-21 19:28:49 - spektroskopi - WARNING - RealTimePanel: UV_360nm calibrated data uzunluk uyumsuzluğu (timestamps: 488, data: 124)
2026-01-21 19:28:49 - spektroskopi - WARNING - RealTimePanel: Blue_450nm raw data uzunluk uyumsuzluğu (timestamps: 488, data: 122)
2026-01-21 19:28:49 - spektroskopi - WARNING - RealTimePanel: Blue_450nm calibrated data uzunluk uyumsuzluğu (timestamps: 488, data: 122)
2026-01-21 19:28:49 - spektroskopi - WARNING - RealTimePanel: IR_850nm raw data uzunluk uyumsuzluğu (timestamps: 488, data: 122)
2026-01-21 19:28:49 - spektroskopi - WARNING - RealTimePanel: IR_850nm calibrated data uzunluk uyumsuzluğu (timestamps: 488, data: 122)
2026-01-21 19:28:49 - spektroskopi - WARNING - RealTimePanel: IR_940nm raw data uzunluk uyumsuzluğu (timestamps: 488, data: 120)
2026-01-21 19:28:49 - spektroskopi - WARNING - RealTimePanel: IR_940nm calibrated data uzunluk uyumsuzluğu (timestamps: 488, data: 120)
2026-01-21 19:28:49 - spektroskopi - INFO - Raspberry Pi'dan veri alındı: 6e400003-b5a3-f393-e0a9-e50e24dcca9e (Handle: 8): Nordic UART TX, uzunluk: 2
2026-01-21 19:28:49 - spektroskopi - INFO - Raspberry Pi verisi: Ham=945, Voltaj=945.000V
2026-01-21 19:28:49 - spektroskopi - INFO - Raspberry Pi verisi işlendi: SENSOR_5 = 945.000V
2026-01-21 19:28:49 - spektroskopi - INFO - Raspberry Pi'dan veri alındı: 6e400002-b5a3-f393-e0a9-e50e24dcca9e (Handle: 19): Nordic UART RX, uzunluk: 2
2026-01-21 19:28:49 - spektroskopi - INFO - Raspberry Pi verisi: Ham=3253, Voltaj=3253.000V
2026-01-21 19:28:49 - spektroskopi - INFO - Raspberry Pi verisi işlendi: SENSOR_2 = 3253.000V
2026-01-21 19:28:49 - spektroskopi - INFO - Raspberry Pi'dan veri alındı: 6e400005-b5a3-f393-e0a9-e50e24dcca9e (Handle: 16): Unknown, uzunluk: 2
2026-01-21 19:28:49 - spektroskopi - INFO - Raspberry Pi verisi: Ham=3254, Voltaj=3254.000V
2026-01-21 19:28:49 - spektroskopi - INFO - Raspberry Pi verisi işlendi: SENSOR_EXTRA = 3254.000V
2026-01-21 19:28:49 - spektroskopi - INFO - Raspberry Pi'dan veri alındı: 6e400004-b5a3-f393-e0a9-e50e24dcca9e (Handle: 11): Unknown, uzunluk: 2
2026-01-21 19:28:49 - spektroskopi - INFO - Raspberry Pi verisi: Ham=1428, Voltaj=1428.000V
2026-01-21 19:28:49 - spektroskopi - INFO - Raspberry Pi verisi işlendi: SENSOR_7 = 1428.000V
2026-01-21 19:28:50 - spektroskopi - WARNING - Zaman sıralama düzeltildi (averaged): 2026-01-21 19:28:49.863023
2026-01-21 19:28:50 - spektroskopi - WARNING - Zaman sıralama düzeltildi (averaged): 2026-01-21 19:28:49.864023
2026-01-21 19:28:50 - spektroskopi - WARNING - Zaman sıralama düzeltildi (averaged): 2026-01-21 19:28:49.865023
2026-01-21 19:28:50 - spektroskopi - WARNING - Zaman sıralama düzeltildi (averaged): 2026-01-21 19:28:49.866023
2026-01-21 19:28:50 - spektroskopi - WARNING - RealTimePanel: UV_360nm raw data uzunluk uyumsuzluğu (timestamps: 496, data: 126)
2026-01-21 19:28:50 - spektroskopi - WARNING - RealTimePanel: UV_360nm calibrated data uzunluk uyumsuzluğu (timestamps: 496, data: 126)
2026-01-21 19:28:50 - spektroskopi - WARNING - RealTimePanel: Blue_450nm raw data uzunluk uyumsuzluğu (timestamps: 496, data: 124)
2026-01-21 19:28:50 - spektroskopi - WARNING - RealTimePanel: Blue_450nm calibrated data uzunluk uyumsuzluğu (timestamps: 496, data: 124)
2026-01-21 19:28:50 - spektroskopi - WARNING - RealTimePanel: IR_850nm raw data uzunluk uyumsuzluğu (timestamps: 496, data: 124)
2026-01-21 19:28:50 - spektroskopi - WARNING - RealTimePanel: IR_850nm calibrated data uzunluk uyumsuzluğu (timestamps: 496, data: 124)
2026-01-21 19:28:50 - spektroskopi - WARNING - RealTimePanel: IR_940nm raw data uzunluk uyumsuzluğu (timestamps: 496, data: 122)
2026-01-21 19:28:50 - spektroskopi - WARNING - RealTimePanel: IR_940nm calibrated data uzunluk uyumsuzluğu (timestamps: 496, data: 122)
2026-01-21 19:28:50 - spektroskopi - INFO - Raspberry Pi'dan veri alındı: 6e400003-b5a3-f393-e0a9-e50e24dcca9e (Handle: 8): Nordic UART TX, uzunluk: 2
2026-01-21 19:28:50 - spektroskopi - INFO - Raspberry Pi verisi: Ham=944, Voltaj=944.000V
2026-01-21 19:28:50 - spektroskopi - INFO - Raspberry Pi verisi işlendi: SENSOR_5 = 944.000V
2026-01-21 19:28:50 - spektroskopi - INFO - Raspberry Pi'dan veri alındı: 6e400002-b5a3-f393-e0a9-e50e24dcca9e (Handle: 19): Nordic UART RX, uzunluk: 2
2026-01-21 19:28:50 - spektroskopi - INFO - Raspberry Pi verisi: Ham=3253, Voltaj=3253.000V
2026-01-21 19:28:50 - spektroskopi - INFO - Raspberry Pi verisi işlendi: SENSOR_2 = 3253.000V
2026-01-21 19:28:50 - spektroskopi - INFO - Raspberry Pi'dan veri alındı: 6e400005-b5a3-f393-e0a9-e50e24dcca9e (Handle: 16): Unknown, uzunluk: 2
2026-01-21 19:28:50 - spektroskopi - INFO - Raspberry Pi verisi: Ham=2166, Voltaj=2166.000V
2026-01-21 19:28:50 - spektroskopi - INFO - Raspberry Pi verisi işlendi: SENSOR_EXTRA = 2166.000V
2026-01-21 19:28:50 - spektroskopi - INFO - Raspberry Pi'dan veri alındı: 6e400004-b5a3-f393-e0a9-e50e24dcca9e (Handle: 11): Unknown, uzunluk: 2
2026-01-21 19:28:50 - spektroskopi - INFO - Raspberry Pi verisi: Ham=670, Voltaj=670.000V
2026-01-21 19:28:50 - spektroskopi - INFO - Raspberry Pi verisi işlendi: SENSOR_7 = 670.000V
2026-01-21 19:28:51 - spektroskopi - INFO - Raspberry Pi'dan veri alındı: 6e400003-b5a3-f393-e0a9-e50e24dcca9e (Handle: 8): Nordic UART TX, uzunluk: 2
2026-01-21 19:28:51 - spektroskopi - INFO - Raspberry Pi verisi: Ham=308, Voltaj=308.000V
2026-01-21 19:28:51 - spektroskopi - INFO - Raspberry Pi verisi işlendi: SENSOR_5 = 308.000V
2026-01-21 19:28:51 - spektroskopi - WARNING - Zaman sıralama düzeltildi (averaged): 2026-01-21 19:28:51.001529
2026-01-21 19:28:51 - spektroskopi - WARNING - Zaman sıralama düzeltildi (averaged): 2026-01-21 19:28:51.002529
2026-01-21 19:28:51 - spektroskopi - WARNING - Zaman sıralama düzeltildi (averaged): 2026-01-21 19:28:51.003529
2026-01-21 19:28:51 - spektroskopi - WARNING - Zaman sıralama düzeltildi (averaged): 2026-01-21 19:28:51.004529
2026-01-21 19:28:51 - spektroskopi - WARNING - Zaman sıralama düzeltildi (averaged): 2026-01-21 19:28:51.005529
2026-01-21 19:28:51 - spektroskopi - WARNING - RealTimePanel: UV_360nm raw data uzunluk uyumsuzluğu (timestamps: 506, data: 128)
2026-01-21 19:28:51 - spektroskopi - WARNING - RealTimePanel: UV_360nm calibrated data uzunluk uyumsuzluğu (timestamps: 506, data: 128)
2026-01-21 19:28:51 - spektroskopi - WARNING - RealTimePanel: Blue_450nm raw data uzunluk uyumsuzluğu (timestamps: 506, data: 126)
2026-01-21 19:28:51 - spektroskopi - WARNING - RealTimePanel: Blue_450nm calibrated data uzunluk uyumsuzluğu (timestamps: 506, data: 126)
2026-01-21 19:28:51 - spektroskopi - WARNING - RealTimePanel: IR_850nm raw data uzunluk uyumsuzluğu (timestamps: 506, data: 126)
2026-01-21 19:28:51 - spektroskopi - WARNING - RealTimePanel: IR_850nm calibrated data uzunluk uyumsuzluğu (timestamps: 506, data: 126)
2026-01-21 19:28:51 - spektroskopi - WARNING - RealTimePanel: IR_940nm raw data uzunluk uyumsuzluğu (timestamps: 506, data: 126)
2026-01-21 19:28:51 - spektroskopi - WARNING - RealTimePanel: IR_940nm calibrated data uzunluk uyumsuzluğu (timestamps: 506, data: 126)
2026-01-21 19:28:51 - spektroskopi - INFO - Raspberry Pi'dan veri alındı: 6e400002-b5a3-f393-e0a9-e50e24dcca9e (Handle: 19): Nordic UART RX, uzunluk: 2
2026-01-21 19:28:51 - spektroskopi - INFO - Raspberry Pi verisi: Ham=823, Voltaj=823.000V
2026-01-21 19:28:51 - spektroskopi - INFO - Raspberry Pi verisi işlendi: SENSOR_2 = 823.000V
2026-01-21 19:28:51 - spektroskopi - INFO - Raspberry Pi'dan veri alındı: 6e400005-b5a3-f393-e0a9-e50e24dcca9e (Handle: 16): Unknown, uzunluk: 2
2026-01-21 19:28:51 - spektroskopi - INFO - Raspberry Pi verisi: Ham=513, Voltaj=513.000V
2026-01-21 19:28:51 - spektroskopi - INFO - Raspberry Pi verisi işlendi: SENSOR_EXTRA = 513.000V
2026-01-21 19:28:51 - spektroskopi - INFO - Raspberry Pi'dan veri alındı: 6e400004-b5a3-f393-e0a9-e50e24dcca9e (Handle: 11): Unknown, uzunluk: 2
2026-01-21 19:28:51 - spektroskopi - INFO - Raspberry Pi verisi: Ham=51, Voltaj=51.000V
2026-01-21 19:28:51 - spektroskopi - INFO - Raspberry Pi verisi işlendi: SENSOR_7 = 51.000V
2026-01-21 19:28:51 - spektroskopi - INFO - Raspberry Pi'dan veri alındı: 6e400003-b5a3-f393-e0a9-e50e24dcca9e (Handle: 8): Nordic UART TX, uzunluk: 2
2026-01-21 19:28:51 - spektroskopi - INFO - Raspberry Pi verisi: Ham=47, Voltaj=47.000V
2026-01-21 19:28:51 - spektroskopi - INFO - Raspberry Pi verisi işlendi: SENSOR_5 = 47.000V
2026-01-21 19:28:51 - spektroskopi - INFO - Raspberry Pi'dan veri alındı: 6e400002-b5a3-f393-e0a9-e50e24dcca9e (Handle: 19): Nordic UART RX, uzunluk: 2
2026-01-21 19:28:51 - spektroskopi - INFO - Raspberry Pi verisi: Ham=1101, Voltaj=1101.000V
2026-01-21 19:28:51 - spektroskopi - INFO - Raspberry Pi verisi işlendi: SENSOR_2 = 1101.000V
2026-01-21 19:28:52 - spektroskopi - WARNING - Zaman sıralama düzeltildi (averaged): 2026-01-21 19:28:51.991541
2026-01-21 19:28:52 - spektroskopi - WARNING - Zaman sıralama düzeltildi (averaged): 2026-01-21 19:28:51.992541
2026-01-21 19:28:52 - spektroskopi - WARNING - Zaman sıralama düzeltildi (averaged): 2026-01-21 19:28:51.993541
2026-01-21 19:28:52 - spektroskopi - WARNING - Zaman sıralama düzeltildi (averaged): 2026-01-21 19:28:51.994541
2026-01-21 19:28:52 - spektroskopi - WARNING - Zaman sıralama düzeltildi (averaged): 2026-01-21 19:28:51.995541
2026-01-21 19:28:52 - spektroskopi - WARNING - RealTimePanel: UV_360nm raw data uzunluk uyumsuzluğu (timestamps: 516, data: 132)
2026-01-21 19:28:52 - spektroskopi - WARNING - RealTimePanel: UV_360nm calibrated data uzunluk uyumsuzluğu (timestamps: 516, data: 132)
2026-01-21 19:28:52 - spektroskopi - WARNING - RealTimePanel: Blue_450nm raw data uzunluk uyumsuzluğu (timestamps: 516, data: 128)
2026-01-21 19:28:52 - spektroskopi - WARNING - RealTimePanel: Blue_450nm calibrated data uzunluk uyumsuzluğu (timestamps: 516, data: 128)
2026-01-21 19:28:52 - spektroskopi - WARNING - RealTimePanel: IR_850nm raw data uzunluk uyumsuzluğu (timestamps: 516, data: 128)
2026-01-21 19:28:52 - spektroskopi - WARNING - RealTimePanel: IR_850nm calibrated data uzunluk uyumsuzluğu (timestamps: 516, data: 128)
2026-01-21 19:28:52 - spektroskopi - WARNING - RealTimePanel: IR_940nm raw data uzunluk uyumsuzluğu (timestamps: 516, data: 128)
2026-01-21 19:28:52 - spektroskopi - WARNING - RealTimePanel: IR_940nm calibrated data uzunluk uyumsuzluğu (timestamps: 516, data: 128)
2026-01-21 19:28:52 - spektroskopi - INFO - Raspberry Pi'dan veri alındı: 6e400005-b5a3-f393-e0a9-e50e24dcca9e (Handle: 16): Unknown, uzunluk: 2
2026-01-21 19:28:52 - spektroskopi - INFO - Raspberry Pi verisi: Ham=684, Voltaj=684.000V
2026-01-21 19:28:52 - spektroskopi - INFO - Raspberry Pi verisi işlendi: SENSOR_EXTRA = 684.000V
2026-01-21 19:28:52 - spektroskopi - INFO - Raspberry Pi'dan veri alındı: 6e400004-b5a3-f393-e0a9-e50e24dcca9e (Handle: 11): Unknown, uzunluk: 2
2026-01-21 19:28:52 - spektroskopi - INFO - Raspberry Pi verisi: Ham=49, Voltaj=49.000V
2026-01-21 19:28:52 - spektroskopi - INFO - Raspberry Pi verisi işlendi: SENSOR_7 = 49.000V
2026-01-21 19:28:52 - spektroskopi - INFO - Raspberry Pi'dan veri alındı: 6e400003-b5a3-f393-e0a9-e50e24dcca9e (Handle: 8): Nordic UART TX, uzunluk: 2
2026-01-21 19:28:52 - spektroskopi - INFO - Raspberry Pi verisi: Ham=49, Voltaj=49.000V
2026-01-21 19:28:52 - spektroskopi - INFO - Raspberry Pi verisi işlendi: SENSOR_5 = 49.000V
2026-01-21 19:28:52 - spektroskopi - INFO - Raspberry Pi'dan veri alındı: 6e400002-b5a3-f393-e0a9-e50e24dcca9e (Handle: 19): Nordic UART RX, uzunluk: 2
2026-01-21 19:28:52 - spektroskopi - INFO - Raspberry Pi verisi: Ham=1000, Voltaj=1000.000V
2026-01-21 19:28:52 - spektroskopi - INFO - Raspberry Pi verisi işlendi: SENSOR_2 = 1000.000V
2026-01-21 19:28:53 - spektroskopi - WARNING - Zaman sıralama düzeltildi (averaged): 2026-01-21 19:28:52.862393
2026-01-21 19:28:53 - spektroskopi - WARNING - Zaman sıralama düzeltildi (averaged): 2026-01-21 19:28:52.863393
2026-01-21 19:28:53 - spektroskopi - WARNING - Zaman sıralama düzeltildi (averaged): 2026-01-21 19:28:52.864393
2026-01-21 19:28:53 - spektroskopi - WARNING - Zaman sıralama düzeltildi (averaged): 2026-01-21 19:28:52.865393
2026-01-21 19:28:53 - spektroskopi - WARNING - RealTimePanel: UV_360nm raw data uzunluk uyumsuzluğu (timestamps: 524, data: 134)
2026-01-21 19:28:53 - spektroskopi - WARNING - RealTimePanel: UV_360nm calibrated data uzunluk uyumsuzluğu (timestamps: 524, data: 134)
2026-01-21 19:28:53 - spektroskopi - WARNING - RealTimePanel: Blue_450nm raw data uzunluk uyumsuzluğu (timestamps: 524, data: 130)
2026-01-21 19:28:53 - spektroskopi - WARNING - RealTimePanel: Blue_450nm calibrated data uzunluk uyumsuzluğu (timestamps: 524, data: 130)
2026-01-21 19:28:53 - spektroskopi - WARNING - RealTimePanel: IR_850nm raw data uzunluk uyumsuzluğu (timestamps: 524, data: 130)
2026-01-21 19:28:53 - spektroskopi - WARNING - RealTimePanel: IR_850nm calibrated data uzunluk uyumsuzluğu (timestamps: 524, data: 130)
2026-01-21 19:28:53 - spektroskopi - WARNING - RealTimePanel: IR_940nm raw data uzunluk uyumsuzluğu (timestamps: 524, data: 130)
2026-01-21 19:28:53 - spektroskopi - WARNING - RealTimePanel: IR_940nm calibrated data uzunluk uyumsuzluğu (timestamps: 524, data: 130)
2026-01-21 19:28:53 - spektroskopi - INFO - Raspberry Pi'dan veri alındı: 6e400005-b5a3-f393-e0a9-e50e24dcca9e (Handle: 16): Unknown, uzunluk: 2
2026-01-21 19:28:53 - spektroskopi - INFO - Raspberry Pi verisi: Ham=742, Voltaj=742.000V
2026-01-21 19:28:53 - spektroskopi - INFO - Raspberry Pi verisi işlendi: SENSOR_EXTRA = 742.000V
2026-01-21 19:28:53 - spektroskopi - INFO - Raspberry Pi'dan veri alındı: 6e400004-b5a3-f393-e0a9-e50e24dcca9e (Handle: 11): Unknown, uzunluk: 2
2026-01-21 19:28:53 - spektroskopi - INFO - Raspberry Pi verisi: Ham=50, Voltaj=50.000V
2026-01-21 19:28:53 - spektroskopi - INFO - Raspberry Pi verisi işlendi: SENSOR_7 = 50.000V
2026-01-21 19:28:53 - spektroskopi - INFO - Raspberry Pi'dan veri alındı: 6e400003-b5a3-f393-e0a9-e50e24dcca9e (Handle: 8): Nordic UART TX, uzunluk: 2
2026-01-21 19:28:53 - spektroskopi - INFO - Raspberry Pi verisi: Ham=49, Voltaj=49.000V
2026-01-21 19:28:53 - spektroskopi - INFO - Raspberry Pi verisi işlendi: SENSOR_5 = 49.000V
2026-01-21 19:28:53 - spektroskopi - INFO - Raspberry Pi'dan veri alındı: 6e400002-b5a3-f393-e0a9-e50e24dcca9e (Handle: 19): Nordic UART RX, uzunluk: 2
2026-01-21 19:28:53 - spektroskopi - INFO - Raspberry Pi verisi: Ham=969, Voltaj=969.000V
2026-01-21 19:28:53 - spektroskopi - INFO - Raspberry Pi verisi işlendi: SENSOR_2 = 969.000V
2026-01-21 19:28:54 - spektroskopi - INFO - Raspberry Pi'dan veri alındı: 6e400005-b5a3-f393-e0a9-e50e24dcca9e (Handle: 16): Unknown, uzunluk: 2
2026-01-21 19:28:54 - spektroskopi - INFO - Raspberry Pi verisi: Ham=717, Voltaj=717.000V
2026-01-21 19:28:54 - spektroskopi - INFO - Raspberry Pi verisi işlendi: SENSOR_EXTRA = 717.000V
2026-01-21 19:28:54 - spektroskopi - WARNING - Zaman sıralama düzeltildi (averaged): 2026-01-21 19:28:54.001517
2026-01-21 19:28:54 - spektroskopi - WARNING - Zaman sıralama düzeltildi (averaged): 2026-01-21 19:28:54.002517
2026-01-21 19:28:54 - spektroskopi - WARNING - Zaman sıralama düzeltildi (averaged): 2026-01-21 19:28:54.003517
2026-01-21 19:28:54 - spektroskopi - WARNING - Zaman sıralama düzeltildi (averaged): 2026-01-21 19:28:54.004517
2026-01-21 19:28:54 - spektroskopi - WARNING - Zaman sıralama düzeltildi (averaged): 2026-01-21 19:28:54.005517
2026-01-21 19:28:54 - spektroskopi - WARNING - RealTimePanel: UV_360nm raw data uzunluk uyumsuzluğu (timestamps: 534, data: 136)
2026-01-21 19:28:54 - spektroskopi - WARNING - RealTimePanel: UV_360nm calibrated data uzunluk uyumsuzluğu (timestamps: 534, data: 136)
2026-01-21 19:28:54 - spektroskopi - WARNING - RealTimePanel: Blue_450nm raw data uzunluk uyumsuzluğu (timestamps: 534, data: 134)
2026-01-21 19:28:54 - spektroskopi - WARNING - RealTimePanel: Blue_450nm calibrated data uzunluk uyumsuzluğu (timestamps: 534, data: 134)
2026-01-21 19:28:54 - spektroskopi - WARNING - RealTimePanel: IR_850nm raw data uzunluk uyumsuzluğu (timestamps: 534, data: 132)
2026-01-21 19:28:54 - spektroskopi - WARNING - RealTimePanel: IR_850nm calibrated data uzunluk uyumsuzluğu (timestamps: 534, data: 132)
2026-01-21 19:28:54 - spektroskopi - WARNING - RealTimePanel: IR_940nm raw data uzunluk uyumsuzluğu (timestamps: 534, data: 132)
2026-01-21 19:28:54 - spektroskopi - WARNING - RealTimePanel: IR_940nm calibrated data uzunluk uyumsuzluğu (timestamps: 534, data: 132)
2026-01-21 19:28:54 - spektroskopi - INFO - Raspberry Pi'dan veri alındı: 6e400004-b5a3-f393-e0a9-e50e24dcca9e (Handle: 11): Unknown, uzunluk: 2
2026-01-21 19:28:54 - spektroskopi - INFO - Raspberry Pi verisi: Ham=50, Voltaj=50.000V
2026-01-21 19:28:54 - spektroskopi - INFO - Raspberry Pi verisi işlendi: SENSOR_7 = 50.000V
2026-01-21 19:28:54 - spektroskopi - INFO - Raspberry Pi'dan veri alındı: 6e400003-b5a3-f393-e0a9-e50e24dcca9e (Handle: 8): Nordic UART TX, uzunluk: 2
2026-01-21 19:28:54 - spektroskopi - INFO - Raspberry Pi verisi: Ham=47, Voltaj=47.000V
2026-01-21 19:28:54 - spektroskopi - INFO - Raspberry Pi verisi işlendi: SENSOR_5 = 47.000V
2026-01-21 19:28:54 - spektroskopi - INFO - Raspberry Pi'dan veri alındı: 6e400002-b5a3-f393-e0a9-e50e24dcca9e (Handle: 19): Nordic UART RX, uzunluk: 2
2026-01-21 19:28:54 - spektroskopi - INFO - Raspberry Pi verisi: Ham=995, Voltaj=995.000V
2026-01-21 19:28:54 - spektroskopi - INFO - Raspberry Pi verisi işlendi: SENSOR_2 = 995.000V
2026-01-21 19:28:54 - spektroskopi - INFO - Raspberry Pi'dan veri alındı: 6e400005-b5a3-f393-e0a9-e50e24dcca9e (Handle: 16): Unknown, uzunluk: 2
2026-01-21 19:28:54 - spektroskopi - INFO - Raspberry Pi verisi: Ham=783, Voltaj=783.000V
2026-01-21 19:28:54 - spektroskopi - INFO - Raspberry Pi verisi işlendi: SENSOR_EXTRA = 783.000V
2026-01-21 19:28:55 - spektroskopi - WARNING - Zaman sıralama düzeltildi (averaged): 2026-01-21 19:28:54.871472
2026-01-21 19:28:55 - spektroskopi - WARNING - Zaman sıralama düzeltildi (averaged): 2026-01-21 19:28:54.872472
2026-01-21 19:28:55 - spektroskopi - WARNING - Zaman sıralama düzeltildi (averaged): 2026-01-21 19:28:54.873472
2026-01-21 19:28:55 - spektroskopi - WARNING - Zaman sıralama düzeltildi (averaged): 2026-01-21 19:28:54.874472
2026-01-21 19:28:55 - spektroskopi - WARNING - RealTimePanel: UV_360nm raw data uzunluk uyumsuzluğu (timestamps: 542, data: 138)
2026-01-21 19:28:55 - spektroskopi - WARNING - RealTimePanel: UV_360nm calibrated data uzunluk uyumsuzluğu (timestamps: 542, data: 138)
2026-01-21 19:28:55 - spektroskopi - WARNING - RealTimePanel: Blue_450nm raw data uzunluk uyumsuzluğu (timestamps: 542, data: 136)
2026-01-21 19:28:55 - spektroskopi - WARNING - RealTimePanel: Blue_450nm calibrated data uzunluk uyumsuzluğu (timestamps: 542, data: 136)
2026-01-21 19:28:55 - spektroskopi - WARNING - RealTimePanel: IR_850nm raw data uzunluk uyumsuzluğu (timestamps: 542, data: 134)
2026-01-21 19:28:55 - spektroskopi - WARNING - RealTimePanel: IR_850nm calibrated data uzunluk uyumsuzluğu (timestamps: 542, data: 134)
2026-01-21 19:28:55 - spektroskopi - WARNING - RealTimePanel: IR_940nm raw data uzunluk uyumsuzluğu (timestamps: 542, data: 134)
2026-01-21 19:28:55 - spektroskopi - WARNING - RealTimePanel: IR_940nm calibrated data uzunluk uyumsuzluğu (timestamps: 542, data: 134)
2026-01-21 19:28:55 - spektroskopi - INFO - Raspberry Pi'dan veri alındı: 6e400004-b5a3-f393-e0a9-e50e24dcca9e (Handle: 11): Unknown, uzunluk: 2
2026-01-21 19:28:55 - spektroskopi - INFO - Raspberry Pi verisi: Ham=52, Voltaj=52.000V
2026-01-21 19:28:55 - spektroskopi - INFO - Raspberry Pi verisi işlendi: SENSOR_7 = 52.000V
2026-01-21 19:28:55 - spektroskopi - INFO - Raspberry Pi'dan veri alındı: 6e400003-b5a3-f393-e0a9-e50e24dcca9e (Handle: 8): Nordic UART TX, uzunluk: 2
2026-01-21 19:28:55 - spektroskopi - INFO - Raspberry Pi verisi: Ham=49, Voltaj=49.000V
2026-01-21 19:28:55 - spektroskopi - INFO - Raspberry Pi verisi işlendi: SENSOR_5 = 49.000V
2026-01-21 19:28:55 - spektroskopi - INFO - Raspberry Pi'dan veri alındı: 6e400002-b5a3-f393-e0a9-e50e24dcca9e (Handle: 19): Nordic UART RX, uzunluk: 2
2026-01-21 19:28:55 - spektroskopi - INFO - Raspberry Pi verisi: Ham=958, Voltaj=958.000V
2026-01-21 19:28:55 - spektroskopi - INFO - Raspberry Pi verisi işlendi: SENSOR_2 = 958.000V
2026-01-21 19:28:55 - spektroskopi - INFO - Raspberry Pi'dan veri alındı: 6e400005-b5a3-f393-e0a9-e50e24dcca9e (Handle: 16): Unknown, uzunluk: 2
2026-01-21 19:28:55 - spektroskopi - INFO - Raspberry Pi verisi: Ham=723, Voltaj=723.000V
2026-01-21 19:28:55 - spektroskopi - INFO - Raspberry Pi verisi işlendi: SENSOR_EXTRA = 723.000V
2026-01-21 19:28:56 - spektroskopi - INFO - Raspberry Pi'dan veri alındı: 6e400004-b5a3-f393-e0a9-e50e24dcca9e (Handle: 11): Unknown, uzunluk: 2
2026-01-21 19:28:56 - spektroskopi - INFO - Raspberry Pi verisi: Ham=50, Voltaj=50.000V
2026-01-21 19:28:56 - spektroskopi - INFO - Raspberry Pi verisi işlendi: SENSOR_7 = 50.000V
2026-01-21 19:28:56 - spektroskopi - WARNING - Zaman sıralama düzeltildi (averaged): 2026-01-21 19:28:56.013199
2026-01-21 19:28:56 - spektroskopi - WARNING - Zaman sıralama düzeltildi (averaged): 2026-01-21 19:28:56.014199
2026-01-21 19:28:56 - spektroskopi - WARNING - Zaman sıralama düzeltildi (averaged): 2026-01-21 19:28:56.015199
2026-01-21 19:28:56 - spektroskopi - WARNING - Zaman sıralama düzeltildi (averaged): 2026-01-21 19:28:56.016199
2026-01-21 19:28:56 - spektroskopi - WARNING - Zaman sıralama düzeltildi (averaged): 2026-01-21 19:28:56.017199
2026-01-21 19:28:56 - spektroskopi - WARNING - RealTimePanel: UV_360nm raw data uzunluk uyumsuzluğu (timestamps: 552, data: 140)
2026-01-21 19:28:56 - spektroskopi - WARNING - RealTimePanel: UV_360nm calibrated data uzunluk uyumsuzluğu (timestamps: 552, data: 140)
2026-01-21 19:28:56 - spektroskopi - WARNING - RealTimePanel: Blue_450nm raw data uzunluk uyumsuzluğu (timestamps: 552, data: 138)
2026-01-21 19:28:56 - spektroskopi - WARNING - RealTimePanel: Blue_450nm calibrated data uzunluk uyumsuzluğu (timestamps: 552, data: 138)
2026-01-21 19:28:56 - spektroskopi - WARNING - RealTimePanel: IR_850nm raw data uzunluk uyumsuzluğu (timestamps: 552, data: 138)
2026-01-21 19:28:56 - spektroskopi - WARNING - RealTimePanel: IR_850nm calibrated data uzunluk uyumsuzluğu (timestamps: 552, data: 138)
2026-01-21 19:28:56 - spektroskopi - WARNING - RealTimePanel: IR_940nm raw data uzunluk uyumsuzluğu (timestamps: 552, data: 136)
2026-01-21 19:28:56 - spektroskopi - WARNING - RealTimePanel: IR_940nm calibrated data uzunluk uyumsuzluğu (timestamps: 552, data: 136)
2026-01-21 19:28:56 - spektroskopi - INFO - Raspberry Pi'dan veri alındı: 6e400003-b5a3-f393-e0a9-e50e24dcca9e (Handle: 8): Nordic UART TX, uzunluk: 2
2026-01-21 19:28:56 - spektroskopi - INFO - Raspberry Pi verisi: Ham=48, Voltaj=48.000V
2026-01-21 19:28:56 - spektroskopi - INFO - Raspberry Pi verisi işlendi: SENSOR_5 = 48.000V
2026-01-21 19:28:56 - spektroskopi - INFO - Raspberry Pi'dan veri alındı: 6e400002-b5a3-f393-e0a9-e50e24dcca9e (Handle: 19): Nordic UART RX, uzunluk: 2
2026-01-21 19:28:56 - spektroskopi - INFO - Raspberry Pi verisi: Ham=979, Voltaj=979.000V
2026-01-21 19:28:56 - spektroskopi - INFO - Raspberry Pi verisi işlendi: SENSOR_2 = 979.000V
2026-01-21 19:28:56 - spektroskopi - INFO - Raspberry Pi'dan veri alındı: 6e400005-b5a3-f393-e0a9-e50e24dcca9e (Handle: 16): Unknown, uzunluk: 2
2026-01-21 19:28:56 - spektroskopi - INFO - Raspberry Pi verisi: Ham=765, Voltaj=765.000V
2026-01-21 19:28:56 - spektroskopi - INFO - Raspberry Pi verisi işlendi: SENSOR_EXTRA = 765.000V
2026-01-21 19:28:56 - spektroskopi - INFO - Raspberry Pi'dan veri alındı: 6e400004-b5a3-f393-e0a9-e50e24dcca9e (Handle: 11): Unknown, uzunluk: 2
2026-01-21 19:28:56 - spektroskopi - INFO - Raspberry Pi verisi: Ham=50, Voltaj=50.000V
2026-01-21 19:28:56 - spektroskopi - INFO - Raspberry Pi verisi işlendi: SENSOR_7 = 50.000V
2026-01-21 19:28:57 - spektroskopi - WARNING - Zaman sıralama düzeltildi (averaged): 2026-01-21 19:28:56.911453
2026-01-21 19:28:57 - spektroskopi - WARNING - Zaman sıralama düzeltildi (averaged): 2026-01-21 19:28:56.912453
2026-01-21 19:28:57 - spektroskopi - WARNING - Zaman sıralama düzeltildi (averaged): 2026-01-21 19:28:56.913453
2026-01-21 19:28:57 - spektroskopi - WARNING - Zaman sıralama düzeltildi (averaged): 2026-01-21 19:28:56.914453
2026-01-21 19:28:57 - spektroskopi - WARNING - RealTimePanel: UV_360nm raw data uzunluk uyumsuzluğu (timestamps: 560, data: 142)
2026-01-21 19:28:57 - spektroskopi - WARNING - RealTimePanel: UV_360nm calibrated data uzunluk uyumsuzluğu (timestamps: 560, data: 142)
2026-01-21 19:28:57 - spektroskopi - WARNING - RealTimePanel: Blue_450nm raw data uzunluk uyumsuzluğu (timestamps: 560, data: 140)
2026-01-21 19:28:57 - spektroskopi - WARNING - RealTimePanel: Blue_450nm calibrated data uzunluk uyumsuzluğu (timestamps: 560, data: 140)
2026-01-21 19:28:57 - spektroskopi - WARNING - RealTimePanel: IR_850nm raw data uzunluk uyumsuzluğu (timestamps: 560, data: 140)
2026-01-21 19:28:57 - spektroskopi - WARNING - RealTimePanel: IR_850nm calibrated data uzunluk uyumsuzluğu (timestamps: 560, data: 140)
2026-01-21 19:28:57 - spektroskopi - WARNING - RealTimePanel: IR_940nm raw data uzunluk uyumsuzluğu (timestamps: 560, data: 138)
2026-01-21 19:28:57 - spektroskopi - WARNING - RealTimePanel: IR_940nm calibrated data uzunluk uyumsuzluğu (timestamps: 560, data: 138)
2026-01-21 19:28:57 - spektroskopi - INFO - Raspberry Pi'dan veri alındı: 6e400003-b5a3-f393-e0a9-e50e24dcca9e (Handle: 8): Nordic UART TX, uzunluk: 2
2026-01-21 19:28:57 - spektroskopi - INFO - Raspberry Pi verisi: Ham=51, Voltaj=51.000V
2026-01-21 19:28:57 - spektroskopi - INFO - Raspberry Pi verisi işlendi: SENSOR_5 = 51.000V
2026-01-21 19:28:57 - spektroskopi - INFO - Raspberry Pi'dan veri alındı: 6e400002-b5a3-f393-e0a9-e50e24dcca9e (Handle: 19): Nordic UART RX, uzunluk: 2
2026-01-21 19:28:57 - spektroskopi - INFO - Raspberry Pi verisi: Ham=1018, Voltaj=1018.000V
2026-01-21 19:28:57 - spektroskopi - INFO - Raspberry Pi verisi işlendi: SENSOR_2 = 1018.000V
2026-01-21 19:28:57 - spektroskopi - INFO - Raspberry Pi'dan veri alındı: 6e400005-b5a3-f393-e0a9-e50e24dcca9e (Handle: 16): Unknown, uzunluk: 2
2026-01-21 19:28:57 - spektroskopi - INFO - Raspberry Pi verisi: Ham=734, Voltaj=734.000V
2026-01-21 19:28:57 - spektroskopi - INFO - Raspberry Pi verisi işlendi: SENSOR_EXTRA = 734.000V
2026-01-21 19:28:57 - spektroskopi - INFO - Raspberry Pi'dan veri alındı: 6e400004-b5a3-f393-e0a9-e50e24dcca9e (Handle: 11): Unknown, uzunluk: 2
2026-01-21 19:28:57 - spektroskopi - INFO - Raspberry Pi verisi: Ham=52, Voltaj=52.000V
2026-01-21 19:28:57 - spektroskopi - INFO - Raspberry Pi verisi işlendi: SENSOR_7 = 52.000V
2026-01-21 19:28:58 - spektroskopi - INFO - Raspberry Pi'dan veri alındı: 6e400003-b5a3-f393-e0a9-e50e24dcca9e (Handle: 8): Nordic UART TX, uzunluk: 2
2026-01-21 19:28:58 - spektroskopi - INFO - Raspberry Pi verisi: Ham=50, Voltaj=50.000V
2026-01-21 19:28:58 - spektroskopi - INFO - Raspberry Pi verisi işlendi: SENSOR_5 = 50.000V
2026-01-21 19:28:58 - spektroskopi - WARNING - Zaman sıralama düzeltildi (averaged): 2026-01-21 19:28:58.052683
2026-01-21 19:28:58 - spektroskopi - WARNING - Zaman sıralama düzeltildi (averaged): 2026-01-21 19:28:58.053683
2026-01-21 19:28:58 - spektroskopi - WARNING - Zaman sıralama düzeltildi (averaged): 2026-01-21 19:28:58.054683
2026-01-21 19:28:58 - spektroskopi - WARNING - Zaman sıralama düzeltildi (averaged): 2026-01-21 19:28:58.055683
2026-01-21 19:28:58 - spektroskopi - WARNING - Zaman sıralama düzeltildi (averaged): 2026-01-21 19:28:58.056683
2026-01-21 19:28:58 - spektroskopi - WARNING - RealTimePanel: UV_360nm raw data uzunluk uyumsuzluğu (timestamps: 570, data: 144)
2026-01-21 19:28:58 - spektroskopi - WARNING - RealTimePanel: UV_360nm calibrated data uzunluk uyumsuzluğu (timestamps: 570, data: 144)
2026-01-21 19:28:58 - spektroskopi - WARNING - RealTimePanel: Blue_450nm raw data uzunluk uyumsuzluğu (timestamps: 570, data: 142)
2026-01-21 19:28:58 - spektroskopi - WARNING - RealTimePanel: Blue_450nm calibrated data uzunluk uyumsuzluğu (timestamps: 570, data: 142)
2026-01-21 19:28:58 - spektroskopi - WARNING - RealTimePanel: IR_850nm raw data uzunluk uyumsuzluğu (timestamps: 570, data: 142)
2026-01-21 19:28:58 - spektroskopi - WARNING - RealTimePanel: IR_850nm calibrated data uzunluk uyumsuzluğu (timestamps: 570, data: 142)
2026-01-21 19:28:58 - spektroskopi - WARNING - RealTimePanel: IR_940nm raw data uzunluk uyumsuzluğu (timestamps: 570, data: 142)
2026-01-21 19:28:58 - spektroskopi - WARNING - RealTimePanel: IR_940nm calibrated data uzunluk uyumsuzluğu (timestamps: 570, data: 142)
2026-01-21 19:28:58 - spektroskopi - INFO - Raspberry Pi'dan veri alındı: 6e400002-b5a3-f393-e0a9-e50e24dcca9e (Handle: 19): Nordic UART RX, uzunluk: 2
2026-01-21 19:28:58 - spektroskopi - INFO - Raspberry Pi verisi: Ham=979, Voltaj=979.000V
2026-01-21 19:28:58 - spektroskopi - INFO - Raspberry Pi verisi işlendi: SENSOR_2 = 979.000V
2026-01-21 19:28:58 - spektroskopi - INFO - Raspberry Pi'dan veri alındı: 6e400005-b5a3-f393-e0a9-e50e24dcca9e (Handle: 16): Unknown, uzunluk: 2
2026-01-21 19:28:58 - spektroskopi - INFO - Raspberry Pi verisi: Ham=742, Voltaj=742.000V
2026-01-21 19:28:58 - spektroskopi - INFO - Raspberry Pi verisi işlendi: SENSOR_EXTRA = 742.000V
2026-01-21 19:28:58 - spektroskopi - INFO - Raspberry Pi'dan veri alındı: 6e400004-b5a3-f393-e0a9-e50e24dcca9e (Handle: 11): Unknown, uzunluk: 2
2026-01-21 19:28:58 - spektroskopi - INFO - Raspberry Pi verisi: Ham=51, Voltaj=51.000V
2026-01-21 19:28:58 - spektroskopi - INFO - Raspberry Pi verisi işlendi: SENSOR_7 = 51.000V
2026-01-21 19:28:58 - spektroskopi - INFO - Raspberry Pi'dan veri alındı: 6e400003-b5a3-f393-e0a9-e50e24dcca9e (Handle: 8): Nordic UART TX, uzunluk: 2
2026-01-21 19:28:58 - spektroskopi - INFO - Raspberry Pi verisi: Ham=48, Voltaj=48.000V
2026-01-21 19:28:58 - spektroskopi - INFO - Raspberry Pi verisi işlendi: SENSOR_5 = 48.000V
2026-01-21 19:28:59 - spektroskopi - INFO - Raspberry Pi'dan veri alındı: 6e400002-b5a3-f393-e0a9-e50e24dcca9e (Handle: 19): Nordic UART RX, uzunluk: 2
2026-01-21 19:28:59 - spektroskopi - INFO - Raspberry Pi verisi: Ham=1011, Voltaj=1011.000V
2026-01-21 19:28:59 - spektroskopi - INFO - Raspberry Pi verisi işlendi: SENSOR_2 = 1011.000V
2026-01-21 19:28:59 - spektroskopi - WARNING - Zaman sıralama düzeltildi (averaged): 2026-01-21 19:28:59.042398
2026-01-21 19:28:59 - spektroskopi - WARNING - Zaman sıralama düzeltildi (averaged): 2026-01-21 19:28:59.043398
2026-01-21 19:28:59 - spektroskopi - WARNING - Zaman sıralama düzeltildi (averaged): 2026-01-21 19:28:59.044398
2026-01-21 19:28:59 - spektroskopi - WARNING - Zaman sıralama düzeltildi (averaged): 2026-01-21 19:28:59.045398
2026-01-21 19:28:59 - spektroskopi - WARNING - Zaman sıralama düzeltildi (averaged): 2026-01-21 19:28:59.046398
2026-01-21 19:28:59 - spektroskopi - WARNING - RealTimePanel: UV_360nm raw data uzunluk uyumsuzluğu (timestamps: 580, data: 148)
2026-01-21 19:28:59 - spektroskopi - WARNING - RealTimePanel: UV_360nm calibrated data uzunluk uyumsuzluğu (timestamps: 580, data: 148)
2026-01-21 19:28:59 - spektroskopi - WARNING - RealTimePanel: Blue_450nm raw data uzunluk uyumsuzluğu (timestamps: 580, data: 144)
2026-01-21 19:28:59 - spektroskopi - WARNING - RealTimePanel: Blue_450nm calibrated data uzunluk uyumsuzluğu (timestamps: 580, data: 144)
2026-01-21 19:28:59 - spektroskopi - WARNING - RealTimePanel: IR_850nm raw data uzunluk uyumsuzluğu (timestamps: 580, data: 144)
2026-01-21 19:28:59 - spektroskopi - WARNING - RealTimePanel: IR_850nm calibrated data uzunluk uyumsuzluğu (timestamps: 580, data: 144)
2026-01-21 19:28:59 - spektroskopi - WARNING - RealTimePanel: IR_940nm raw data uzunluk uyumsuzluğu (timestamps: 580, data: 144)
2026-01-21 19:28:59 - spektroskopi - WARNING - RealTimePanel: IR_940nm calibrated data uzunluk uyumsuzluğu (timestamps: 580, data: 144)
2026-01-21 19:28:59 - spektroskopi - INFO - Raspberry Pi'dan veri alındı: 6e400005-b5a3-f393-e0a9-e50e24dcca9e (Handle: 16): Unknown, uzunluk: 2
2026-01-21 19:28:59 - spektroskopi - INFO - Raspberry Pi verisi: Ham=710, Voltaj=710.000V
2026-01-21 19:28:59 - spektroskopi - INFO - Raspberry Pi verisi işlendi: SENSOR_EXTRA = 710.000V
2026-01-21 19:28:59 - spektroskopi - INFO - Raspberry Pi'dan veri alındı: 6e400004-b5a3-f393-e0a9-e50e24dcca9e (Handle: 11): Unknown, uzunluk: 2
2026-01-21 19:28:59 - spektroskopi - INFO - Raspberry Pi verisi: Ham=50, Voltaj=50.000V
2026-01-21 19:28:59 - spektroskopi - INFO - Raspberry Pi verisi işlendi: SENSOR_7 = 50.000V
2026-01-21 19:28:59 - spektroskopi - INFO - Raspberry Pi'dan veri alındı: 6e400003-b5a3-f393-e0a9-e50e24dcca9e (Handle: 8): Nordic UART TX, uzunluk: 2
2026-01-21 19:28:59 - spektroskopi - INFO - Raspberry Pi verisi: Ham=51, Voltaj=51.000V
2026-01-21 19:28:59 - spektroskopi - INFO - Raspberry Pi verisi işlendi: SENSOR_5 = 51.000V
2026-01-21 19:28:59 - spektroskopi - INFO - Raspberry Pi'dan veri alındı: 6e400002-b5a3-f393-e0a9-e50e24dcca9e (Handle: 19): Nordic UART RX, uzunluk: 2
2026-01-21 19:28:59 - spektroskopi - INFO - Raspberry Pi verisi: Ham=978, Voltaj=978.000V
2026-01-21 19:28:59 - spektroskopi - INFO - Raspberry Pi verisi işlendi: SENSOR_2 = 978.000V
2026-01-21 19:29:00 - spektroskopi - WARNING - Zaman sıralama düzeltildi (averaged): 2026-01-21 19:28:59.911536
2026-01-21 19:29:00 - spektroskopi - WARNING - Zaman sıralama düzeltildi (averaged): 2026-01-21 19:28:59.912536
2026-01-21 19:29:00 - spektroskopi - WARNING - Zaman sıralama düzeltildi (averaged): 2026-01-21 19:28:59.913536
2026-01-21 19:29:00 - spektroskopi - WARNING - Zaman sıralama düzeltildi (averaged): 2026-01-21 19:28:59.914536
2026-01-21 19:29:00 - spektroskopi - WARNING - RealTimePanel: UV_360nm raw data uzunluk uyumsuzluğu (timestamps: 588, data: 150)
2026-01-21 19:29:00 - spektroskopi - WARNING - RealTimePanel: UV_360nm calibrated data uzunluk uyumsuzluğu (timestamps: 588, data: 150)
2026-01-21 19:29:00 - spektroskopi - WARNING - RealTimePanel: Blue_450nm raw data uzunluk uyumsuzluğu (timestamps: 588, data: 146)
2026-01-21 19:29:00 - spektroskopi - WARNING - RealTimePanel: Blue_450nm calibrated data uzunluk uyumsuzluğu (timestamps: 588, data: 146)
2026-01-21 19:29:00 - spektroskopi - WARNING - RealTimePanel: IR_850nm raw data uzunluk uyumsuzluğu (timestamps: 588, data: 146)
2026-01-21 19:29:00 - spektroskopi - WARNING - RealTimePanel: IR_850nm calibrated data uzunluk uyumsuzluğu (timestamps: 588, data: 146)
2026-01-21 19:29:00 - spektroskopi - WARNING - RealTimePanel: IR_940nm raw data uzunluk uyumsuzluğu (timestamps: 588, data: 146)
2026-01-21 19:29:00 - spektroskopi - WARNING - RealTimePanel: IR_940nm calibrated data uzunluk uyumsuzluğu (timestamps: 588, data: 146)
2026-01-21 19:29:00 - spektroskopi - INFO - Raspberry Pi'dan veri alındı: 6e400005-b5a3-f393-e0a9-e50e24dcca9e (Handle: 16): Unknown, uzunluk: 2
2026-01-21 19:29:00 - spektroskopi - INFO - Raspberry Pi verisi: Ham=749, Voltaj=749.000V
2026-01-21 19:29:00 - spektroskopi - INFO - Raspberry Pi verisi işlendi: SENSOR_EXTRA = 749.000V
2026-01-21 19:29:00 - spektroskopi - INFO - Raspberry Pi'dan veri alındı: 6e400004-b5a3-f393-e0a9-e50e24dcca9e (Handle: 11): Unknown, uzunluk: 2
2026-01-21 19:29:00 - spektroskopi - INFO - Raspberry Pi verisi: Ham=52, Voltaj=52.000V
2026-01-21 19:29:00 - spektroskopi - INFO - Raspberry Pi verisi işlendi: SENSOR_7 = 52.000V
2026-01-21 19:29:00 - spektroskopi - INFO - Raspberry Pi'dan veri alındı: 6e400003-b5a3-f393-e0a9-e50e24dcca9e (Handle: 8): Nordic UART TX, uzunluk: 2
2026-01-21 19:29:00 - spektroskopi - INFO - Raspberry Pi verisi: Ham=49, Voltaj=49.000V
2026-01-21 19:29:00 - spektroskopi - INFO - Raspberry Pi verisi işlendi: SENSOR_5 = 49.000V
2026-01-21 19:29:00 - spektroskopi - INFO - Raspberry Pi'dan veri alındı: 6e400002-b5a3-f393-e0a9-e50e24dcca9e (Handle: 19): Nordic UART RX, uzunluk: 2
2026-01-21 19:29:00 - spektroskopi - INFO - Raspberry Pi verisi: Ham=988, Voltaj=988.000V
2026-01-21 19:29:00 - spektroskopi - INFO - Raspberry Pi verisi işlendi: SENSOR_2 = 988.000V
2026-01-21 19:29:01 - spektroskopi - INFO - Raspberry Pi'dan veri alındı: 6e400005-b5a3-f393-e0a9-e50e24dcca9e (Handle: 16): Unknown, uzunluk: 2
2026-01-21 19:29:01 - spektroskopi - INFO - Raspberry Pi verisi: Ham=710, Voltaj=710.000V
2026-01-21 19:29:01 - spektroskopi - INFO - Raspberry Pi verisi işlendi: SENSOR_EXTRA = 710.000V
2026-01-21 19:29:01 - spektroskopi - WARNING - Zaman sıralama düzeltildi (averaged): 2026-01-21 19:29:01.051534
2026-01-21 19:29:01 - spektroskopi - WARNING - Zaman sıralama düzeltildi (averaged): 2026-01-21 19:29:01.052534
2026-01-21 19:29:01 - spektroskopi - WARNING - Zaman sıralama düzeltildi (averaged): 2026-01-21 19:29:01.053534
2026-01-21 19:29:01 - spektroskopi - WARNING - Zaman sıralama düzeltildi (averaged): 2026-01-21 19:29:01.054534
2026-01-21 19:29:01 - spektroskopi - WARNING - Zaman sıralama düzeltildi (averaged): 2026-01-21 19:29:01.055534
2026-01-21 19:29:01 - spektroskopi - WARNING - RealTimePanel: UV_360nm raw data uzunluk uyumsuzluğu (timestamps: 598, data: 152)
2026-01-21 19:29:01 - spektroskopi - WARNING - RealTimePanel: UV_360nm calibrated data uzunluk uyumsuzluğu (timestamps: 598, data: 152)
2026-01-21 19:29:01 - spektroskopi - WARNING - RealTimePanel: Blue_450nm raw data uzunluk uyumsuzluğu (timestamps: 598, data: 150)
2026-01-21 19:29:01 - spektroskopi - WARNING - RealTimePanel: Blue_450nm calibrated data uzunluk uyumsuzluğu (timestamps: 598, data: 150)
2026-01-21 19:29:01 - spektroskopi - WARNING - RealTimePanel: IR_850nm raw data uzunluk uyumsuzluğu (timestamps: 598, data: 148)
2026-01-21 19:29:01 - spektroskopi - WARNING - RealTimePanel: IR_850nm calibrated data uzunluk uyumsuzluğu (timestamps: 598, data: 148)
2026-01-21 19:29:01 - spektroskopi - WARNING - RealTimePanel: IR_940nm raw data uzunluk uyumsuzluğu (timestamps: 598, data: 148)
2026-01-21 19:29:01 - spektroskopi - WARNING - RealTimePanel: IR_940nm calibrated data uzunluk uyumsuzluğu (timestamps: 598, data: 148)
2026-01-21 19:29:01 - spektroskopi - INFO - Raspberry Pi'dan veri alındı: 6e400004-b5a3-f393-e0a9-e50e24dcca9e (Handle: 11): Unknown, uzunluk: 2
2026-01-21 19:29:01 - spektroskopi - INFO - Raspberry Pi verisi: Ham=50, Voltaj=50.000V
2026-01-21 19:29:01 - spektroskopi - INFO - Raspberry Pi verisi işlendi: SENSOR_7 = 50.000V
2026-01-21 19:29:01 - spektroskopi - INFO - Raspberry Pi'dan veri alındı: 6e400003-b5a3-f393-e0a9-e50e24dcca9e (Handle: 8): Nordic UART TX, uzunluk: 2
2026-01-21 19:29:01 - spektroskopi - INFO - Raspberry Pi verisi: Ham=50, Voltaj=50.000V
2026-01-21 19:29:01 - spektroskopi - INFO - Raspberry Pi verisi işlendi: SENSOR_5 = 50.000V
2026-01-21 19:29:01 - spektroskopi - INFO - Raspberry Pi'dan veri alındı: 6e400002-b5a3-f393-e0a9-e50e24dcca9e (Handle: 19): Nordic UART RX, uzunluk: 2
2026-01-21 19:29:01 - spektroskopi - INFO - Raspberry Pi verisi: Ham=958, Voltaj=958.000V
2026-01-21 19:29:01 - spektroskopi - INFO - Raspberry Pi verisi işlendi: SENSOR_2 = 958.000V
2026-01-21 19:29:01 - spektroskopi - INFO - Raspberry Pi'dan veri alındı: 6e400005-b5a3-f393-e0a9-e50e24dcca9e (Handle: 16): Unknown, uzunluk: 2
2026-01-21 19:29:01 - spektroskopi - INFO - Raspberry Pi verisi: Ham=714, Voltaj=714.000V
2026-01-21 19:29:01 - spektroskopi - INFO - Raspberry Pi verisi işlendi: SENSOR_EXTRA = 714.000V
2026-01-21 19:29:02 - spektroskopi - WARNING - Zaman sıralama düzeltildi (averaged): 2026-01-21 19:29:01.921535
2026-01-21 19:29:02 - spektroskopi - WARNING - Zaman sıralama düzeltildi (averaged): 2026-01-21 19:29:01.922535
2026-01-21 19:29:02 - spektroskopi - WARNING - Zaman sıralama düzeltildi (averaged): 2026-01-21 19:29:01.923535
2026-01-21 19:29:02 - spektroskopi - WARNING - Zaman sıralama düzeltildi (averaged): 2026-01-21 19:29:01.924535
2026-01-21 19:29:02 - spektroskopi - WARNING - RealTimePanel: UV_360nm raw data uzunluk uyumsuzluğu (timestamps: 606, data: 154)
2026-01-21 19:29:02 - spektroskopi - WARNING - RealTimePanel: UV_360nm calibrated data uzunluk uyumsuzluğu (timestamps: 606, data: 154)
2026-01-21 19:29:02 - spektroskopi - WARNING - RealTimePanel: Blue_450nm raw data uzunluk uyumsuzluğu (timestamps: 606, data: 152)
2026-01-21 19:29:02 - spektroskopi - WARNING - RealTimePanel: Blue_450nm calibrated data uzunluk uyumsuzluğu (timestamps: 606, data: 152)
2026-01-21 19:29:02 - spektroskopi - WARNING - RealTimePanel: IR_850nm raw data uzunluk uyumsuzluğu (timestamps: 606, data: 150)
2026-01-21 19:29:02 - spektroskopi - WARNING - RealTimePanel: IR_850nm calibrated data uzunluk uyumsuzluğu (timestamps: 606, data: 150)
2026-01-21 19:29:02 - spektroskopi - WARNING - RealTimePanel: IR_940nm raw data uzunluk uyumsuzluğu (timestamps: 606, data: 150)
2026-01-21 19:29:02 - spektroskopi - WARNING - RealTimePanel: IR_940nm calibrated data uzunluk uyumsuzluğu (timestamps: 606, data: 150)
2026-01-21 19:29:02 - spektroskopi - INFO - Raspberry Pi'dan veri alındı: 6e400004-b5a3-f393-e0a9-e50e24dcca9e (Handle: 11): Unknown, uzunluk: 2
2026-01-21 19:29:02 - spektroskopi - INFO - Raspberry Pi verisi: Ham=51, Voltaj=51.000V
2026-01-21 19:29:02 - spektroskopi - INFO - Raspberry Pi verisi işlendi: SENSOR_7 = 51.000V
2026-01-21 19:29:02 - spektroskopi - INFO - Raspberry Pi'dan veri alındı: 6e400003-b5a3-f393-e0a9-e50e24dcca9e (Handle: 8): Nordic UART TX, uzunluk: 2
2026-01-21 19:29:02 - spektroskopi - INFO - Raspberry Pi verisi: Ham=48, Voltaj=48.000V
2026-01-21 19:29:02 - spektroskopi - INFO - Raspberry Pi verisi işlendi: SENSOR_5 = 48.000V
2026-01-21 19:29:02 - spektroskopi - INFO - Raspberry Pi'dan veri alındı: 6e400002-b5a3-f393-e0a9-e50e24dcca9e (Handle: 19): Nordic UART RX, uzunluk: 2
2026-01-21 19:29:02 - spektroskopi - INFO - Raspberry Pi verisi: Ham=1165, Voltaj=1165.000V
2026-01-21 19:29:02 - spektroskopi - INFO - Raspberry Pi verisi işlendi: SENSOR_2 = 1165.000V
2026-01-21 19:29:02 - spektroskopi - INFO - Raspberry Pi'dan veri alındı: 6e400005-b5a3-f393-e0a9-e50e24dcca9e (Handle: 16): Unknown, uzunluk: 2
2026-01-21 19:29:02 - spektroskopi - INFO - Raspberry Pi verisi: Ham=494, Voltaj=494.000V
2026-01-21 19:29:02 - spektroskopi - INFO - Raspberry Pi verisi işlendi: SENSOR_EXTRA = 494.000V
2026-01-21 19:29:03 - spektroskopi - INFO - Raspberry Pi'dan veri alındı: 6e400004-b5a3-f393-e0a9-e50e24dcca9e (Handle: 11): Unknown, uzunluk: 2
2026-01-21 19:29:03 - spektroskopi - INFO - Raspberry Pi verisi: Ham=51, Voltaj=51.000V
2026-01-21 19:29:03 - spektroskopi - INFO - Raspberry Pi verisi işlendi: SENSOR_7 = 51.000V
2026-01-21 19:29:03 - spektroskopi - WARNING - Zaman sıralama düzeltildi (averaged): 2026-01-21 19:29:03.061461
2026-01-21 19:29:03 - spektroskopi - WARNING - Zaman sıralama düzeltildi (averaged): 2026-01-21 19:29:03.062461
2026-01-21 19:29:03 - spektroskopi - WARNING - Zaman sıralama düzeltildi (averaged): 2026-01-21 19:29:03.063461
2026-01-21 19:29:03 - spektroskopi - WARNING - Zaman sıralama düzeltildi (averaged): 2026-01-21 19:29:03.064461
2026-01-21 19:29:03 - spektroskopi - WARNING - Zaman sıralama düzeltildi (averaged): 2026-01-21 19:29:03.065461
2026-01-21 19:29:03 - spektroskopi - WARNING - RealTimePanel: UV_360nm raw data uzunluk uyumsuzluğu (timestamps: 616, data: 156)
2026-01-21 19:29:03 - spektroskopi - WARNING - RealTimePanel: UV_360nm calibrated data uzunluk uyumsuzluğu (timestamps: 616, data: 156)
2026-01-21 19:29:03 - spektroskopi - WARNING - RealTimePanel: Blue_450nm raw data uzunluk uyumsuzluğu (timestamps: 616, data: 154)
2026-01-21 19:29:03 - spektroskopi - WARNING - RealTimePanel: Blue_450nm calibrated data uzunluk uyumsuzluğu (timestamps: 616, data: 154)
2026-01-21 19:29:03 - spektroskopi - WARNING - RealTimePanel: IR_850nm raw data uzunluk uyumsuzluğu (timestamps: 616, data: 154)
2026-01-21 19:29:03 - spektroskopi - WARNING - RealTimePanel: IR_850nm calibrated data uzunluk uyumsuzluğu (timestamps: 616, data: 154)
2026-01-21 19:29:03 - spektroskopi - WARNING - RealTimePanel: IR_940nm raw data uzunluk uyumsuzluğu (timestamps: 616, data: 152)
2026-01-21 19:29:03 - spektroskopi - WARNING - RealTimePanel: IR_940nm calibrated data uzunluk uyumsuzluğu (timestamps: 616, data: 152)
2026-01-21 19:29:03 - spektroskopi - INFO - Raspberry Pi'dan veri alındı: 6e400003-b5a3-f393-e0a9-e50e24dcca9e (Handle: 8): Nordic UART TX, uzunluk: 2
2026-01-21 19:29:03 - spektroskopi - INFO - Raspberry Pi verisi: Ham=51, Voltaj=51.000V
2026-01-21 19:29:03 - spektroskopi - INFO - Raspberry Pi verisi işlendi: SENSOR_5 = 51.000V
2026-01-21 19:29:03 - spektroskopi - INFO - Raspberry Pi'dan veri alındı: 6e400002-b5a3-f393-e0a9-e50e24dcca9e (Handle: 19): Nordic UART RX, uzunluk: 2
2026-01-21 19:29:03 - spektroskopi - INFO - Raspberry Pi verisi: Ham=1033, Voltaj=1033.000V
2026-01-21 19:29:03 - spektroskopi - INFO - Raspberry Pi verisi işlendi: SENSOR_2 = 1033.000V
2026-01-21 19:29:03 - spektroskopi - INFO - Raspberry Pi'dan veri alındı: 6e400005-b5a3-f393-e0a9-e50e24dcca9e (Handle: 16): Unknown, uzunluk: 2
2026-01-21 19:29:03 - spektroskopi - INFO - Raspberry Pi verisi: Ham=407, Voltaj=407.000V
2026-01-21 19:29:03 - spektroskopi - INFO - Raspberry Pi verisi işlendi: SENSOR_EXTRA = 407.000V
2026-01-21 19:29:03 - spektroskopi - INFO - Raspberry Pi'dan veri alındı: 6e400004-b5a3-f393-e0a9-e50e24dcca9e (Handle: 11): Unknown, uzunluk: 2
2026-01-21 19:29:03 - spektroskopi - INFO - Raspberry Pi verisi: Ham=52, Voltaj=52.000V
2026-01-21 19:29:03 - spektroskopi - INFO - Raspberry Pi verisi işlendi: SENSOR_7 = 52.000V
2026-01-21 19:29:04 - spektroskopi - WARNING - Zaman sıralama düzeltildi (averaged): 2026-01-21 19:29:03.961404
2026-01-21 19:29:04 - spektroskopi - WARNING - Zaman sıralama düzeltildi (averaged): 2026-01-21 19:29:03.962404
2026-01-21 19:29:04 - spektroskopi - WARNING - Zaman sıralama düzeltildi (averaged): 2026-01-21 19:29:03.963404
2026-01-21 19:29:04 - spektroskopi - WARNING - Zaman sıralama düzeltildi (averaged): 2026-01-21 19:29:03.964404
2026-01-21 19:29:04 - spektroskopi - WARNING - RealTimePanel: UV_360nm raw data uzunluk uyumsuzluğu (timestamps: 624, data: 158)
2026-01-21 19:29:04 - spektroskopi - WARNING - RealTimePanel: UV_360nm calibrated data uzunluk uyumsuzluğu (timestamps: 624, data: 158)
2026-01-21 19:29:04 - spektroskopi - WARNING - RealTimePanel: Blue_450nm raw data uzunluk uyumsuzluğu (timestamps: 624, data: 156)
2026-01-21 19:29:04 - spektroskopi - WARNING - RealTimePanel: Blue_450nm calibrated data uzunluk uyumsuzluğu (timestamps: 624, data: 156)
2026-01-21 19:29:04 - spektroskopi - WARNING - RealTimePanel: IR_850nm raw data uzunluk uyumsuzluğu (timestamps: 624, data: 156)
2026-01-21 19:29:04 - spektroskopi - WARNING - RealTimePanel: IR_850nm calibrated data uzunluk uyumsuzluğu (timestamps: 624, data: 156)
2026-01-21 19:29:04 - spektroskopi - WARNING - RealTimePanel: IR_940nm raw data uzunluk uyumsuzluğu (timestamps: 624, data: 154)
2026-01-21 19:29:04 - spektroskopi - WARNING - RealTimePanel: IR_940nm calibrated data uzunluk uyumsuzluğu (timestamps: 624, data: 154)
2026-01-21 19:29:04 - spektroskopi - INFO - Raspberry Pi'dan veri alındı: 6e400003-b5a3-f393-e0a9-e50e24dcca9e (Handle: 8): Nordic UART TX, uzunluk: 2
2026-01-21 19:29:04 - spektroskopi - INFO - Raspberry Pi verisi: Ham=50, Voltaj=50.000V
2026-01-21 19:29:04 - spektroskopi - INFO - Raspberry Pi verisi işlendi: SENSOR_5 = 50.000V
2026-01-21 19:29:04 - spektroskopi - INFO - Raspberry Pi'dan veri alındı: 6e400002-b5a3-f393-e0a9-e50e24dcca9e (Handle: 19): Nordic UART RX, uzunluk: 2
2026-01-21 19:29:04 - spektroskopi - INFO - Raspberry Pi verisi: Ham=1065, Voltaj=1065.000V
2026-01-21 19:29:04 - spektroskopi - INFO - Raspberry Pi verisi işlendi: SENSOR_2 = 1065.000V
2026-01-21 19:29:04 - spektroskopi - INFO - Raspberry Pi'dan veri alındı: 6e400005-b5a3-f393-e0a9-e50e24dcca9e (Handle: 16): Unknown, uzunluk: 2
2026-01-21 19:29:04 - spektroskopi - INFO - Raspberry Pi verisi: Ham=479, Voltaj=479.000V
2026-01-21 19:29:04 - spektroskopi - INFO - Raspberry Pi verisi işlendi: SENSOR_EXTRA = 479.000V
2026-01-21 19:29:04 - spektroskopi - INFO - Raspberry Pi'dan veri alındı: 6e400004-b5a3-f393-e0a9-e50e24dcca9e (Handle: 11): Unknown, uzunluk: 2
2026-01-21 19:29:04 - spektroskopi - INFO - Raspberry Pi verisi: Ham=51, Voltaj=51.000V
2026-01-21 19:29:04 - spektroskopi - INFO - Raspberry Pi verisi işlendi: SENSOR_7 = 51.000V
2026-01-21 19:29:05 - spektroskopi - INFO - Raspberry Pi'dan veri alındı: 6e400003-b5a3-f393-e0a9-e50e24dcca9e (Handle: 8): Nordic UART TX, uzunluk: 2
2026-01-21 19:29:05 - spektroskopi - INFO - Raspberry Pi verisi: Ham=49, Voltaj=49.000V
2026-01-21 19:29:05 - spektroskopi - INFO - Raspberry Pi verisi işlendi: SENSOR_5 = 49.000V
2026-01-21 19:29:05 - spektroskopi - WARNING - Zaman sıralama düzeltildi (averaged): 2026-01-21 19:29:05.101474
2026-01-21 19:29:05 - spektroskopi - WARNING - Zaman sıralama düzeltildi (averaged): 2026-01-21 19:29:05.102474
2026-01-21 19:29:05 - spektroskopi - WARNING - Zaman sıralama düzeltildi (averaged): 2026-01-21 19:29:05.103474
2026-01-21 19:29:05 - spektroskopi - WARNING - Zaman sıralama düzeltildi (averaged): 2026-01-21 19:29:05.104474
2026-01-21 19:29:05 - spektroskopi - WARNING - Zaman sıralama düzeltildi (averaged): 2026-01-21 19:29:05.105474
2026-01-21 19:29:05 - spektroskopi - WARNING - RealTimePanel: UV_360nm raw data uzunluk uyumsuzluğu (timestamps: 634, data: 160)
2026-01-21 19:29:05 - spektroskopi - WARNING - RealTimePanel: UV_360nm calibrated data uzunluk uyumsuzluğu (timestamps: 634, data: 160)
2026-01-21 19:29:05 - spektroskopi - WARNING - RealTimePanel: Blue_450nm raw data uzunluk uyumsuzluğu (timestamps: 634, data: 158)
2026-01-21 19:29:05 - spektroskopi - WARNING - RealTimePanel: Blue_450nm calibrated data uzunluk uyumsuzluğu (timestamps: 634, data: 158)
2026-01-21 19:29:05 - spektroskopi - WARNING - RealTimePanel: IR_850nm raw data uzunluk uyumsuzluğu (timestamps: 634, data: 158)
2026-01-21 19:29:05 - spektroskopi - WARNING - RealTimePanel: IR_850nm calibrated data uzunluk uyumsuzluğu (timestamps: 634, data: 158)
2026-01-21 19:29:05 - spektroskopi - WARNING - RealTimePanel: IR_940nm raw data uzunluk uyumsuzluğu (timestamps: 634, data: 158)
2026-01-21 19:29:05 - spektroskopi - WARNING - RealTimePanel: IR_940nm calibrated data uzunluk uyumsuzluğu (timestamps: 634, data: 158)
2026-01-21 19:29:05 - spektroskopi - INFO - Raspberry Pi'dan veri alındı: 6e400002-b5a3-f393-e0a9-e50e24dcca9e (Handle: 19): Nordic UART RX, uzunluk: 2
2026-01-21 19:29:05 - spektroskopi - INFO - Raspberry Pi verisi: Ham=1115, Voltaj=1115.000V
2026-01-21 19:29:05 - spektroskopi - INFO - Raspberry Pi verisi işlendi: SENSOR_2 = 1115.000V
2026-01-21 19:29:05 - spektroskopi - INFO - Raspberry Pi'dan veri alındı: 6e400005-b5a3-f393-e0a9-e50e24dcca9e (Handle: 16): Unknown, uzunluk: 2
2026-01-21 19:29:05 - spektroskopi - INFO - Raspberry Pi verisi: Ham=656, Voltaj=656.000V
2026-01-21 19:29:05 - spektroskopi - INFO - Raspberry Pi verisi işlendi: SENSOR_EXTRA = 656.000V
2026-01-21 19:29:05 - spektroskopi - INFO - Raspberry Pi'dan veri alındı: 6e400004-b5a3-f393-e0a9-e50e24dcca9e (Handle: 11): Unknown, uzunluk: 2
2026-01-21 19:29:05 - spektroskopi - INFO - Raspberry Pi verisi: Ham=51, Voltaj=51.000V
2026-01-21 19:29:05 - spektroskopi - INFO - Raspberry Pi verisi işlendi: SENSOR_7 = 51.000V
2026-01-21 19:29:05 - spektroskopi - INFO - Raspberry Pi'dan veri alındı: 6e400003-b5a3-f393-e0a9-e50e24dcca9e (Handle: 8): Nordic UART TX, uzunluk: 2
2026-01-21 19:29:05 - spektroskopi - INFO - Raspberry Pi verisi: Ham=50, Voltaj=50.000V
2026-01-21 19:29:05 - spektroskopi - INFO - Raspberry Pi verisi işlendi: SENSOR_5 = 50.000V
2026-01-21 19:29:06 - spektroskopi - INFO - Raspberry Pi'dan veri alındı: 6e400002-b5a3-f393-e0a9-e50e24dcca9e (Handle: 19): Nordic UART RX, uzunluk: 2
2026-01-21 19:29:06 - spektroskopi - INFO - Raspberry Pi verisi: Ham=886, Voltaj=886.000V
2026-01-21 19:29:06 - spektroskopi - INFO - Raspberry Pi verisi işlendi: SENSOR_2 = 886.000V
2026-01-21 19:29:06 - spektroskopi - WARNING - Zaman sıralama düzeltildi (averaged): 2026-01-21 19:29:06.092547
2026-01-21 19:29:06 - spektroskopi - WARNING - Zaman sıralama düzeltildi (averaged): 2026-01-21 19:29:06.093547
2026-01-21 19:29:06 - spektroskopi - WARNING - Zaman sıralama düzeltildi (averaged): 2026-01-21 19:29:06.094547
2026-01-21 19:29:06 - spektroskopi - WARNING - Zaman sıralama düzeltildi (averaged): 2026-01-21 19:29:06.095547
2026-01-21 19:29:06 - spektroskopi - WARNING - Zaman sıralama düzeltildi (averaged): 2026-01-21 19:29:06.096547
2026-01-21 19:29:06 - spektroskopi - WARNING - RealTimePanel: UV_360nm raw data uzunluk uyumsuzluğu (timestamps: 644, data: 164)
2026-01-21 19:29:06 - spektroskopi - WARNING - RealTimePanel: UV_360nm calibrated data uzunluk uyumsuzluğu (timestamps: 644, data: 164)
2026-01-21 19:29:06 - spektroskopi - WARNING - RealTimePanel: Blue_450nm raw data uzunluk uyumsuzluğu (timestamps: 644, data: 160)
2026-01-21 19:29:06 - spektroskopi - WARNING - RealTimePanel: Blue_450nm calibrated data uzunluk uyumsuzluğu (timestamps: 644, data: 160)
2026-01-21 19:29:06 - spektroskopi - WARNING - RealTimePanel: IR_850nm raw data uzunluk uyumsuzluğu (timestamps: 644, data: 160)
2026-01-21 19:29:06 - spektroskopi - WARNING - RealTimePanel: IR_850nm calibrated data uzunluk uyumsuzluğu (timestamps: 644, data: 160)
2026-01-21 19:29:06 - spektroskopi - WARNING - RealTimePanel: IR_940nm raw data uzunluk uyumsuzluğu (timestamps: 644, data: 160)
2026-01-21 19:29:06 - spektroskopi - WARNING - RealTimePanel: IR_940nm calibrated data uzunluk uyumsuzluğu (timestamps: 644, data: 160)
2026-01-21 19:29:06 - spektroskopi - INFO - Raspberry Pi'dan veri alındı: 6e400005-b5a3-f393-e0a9-e50e24dcca9e (Handle: 16): Unknown, uzunluk: 2
2026-01-21 19:29:06 - spektroskopi - INFO - Raspberry Pi verisi: Ham=623, Voltaj=623.000V
2026-01-21 19:29:06 - spektroskopi - INFO - Raspberry Pi verisi işlendi: SENSOR_EXTRA = 623.000V
2026-01-21 19:29:06 - spektroskopi - INFO - Raspberry Pi'dan veri alındı: 6e400004-b5a3-f393-e0a9-e50e24dcca9e (Handle: 11): Unknown, uzunluk: 2
2026-01-21 19:29:06 - spektroskopi - INFO - Raspberry Pi verisi: Ham=53, Voltaj=53.000V
2026-01-21 19:29:06 - spektroskopi - INFO - Raspberry Pi verisi işlendi: SENSOR_7 = 53.000V
2026-01-21 19:29:06 - spektroskopi - INFO - Raspberry Pi'dan veri alındı: 6e400003-b5a3-f393-e0a9-e50e24dcca9e (Handle: 8): Nordic UART TX, uzunluk: 2
2026-01-21 19:29:06 - spektroskopi - INFO - Raspberry Pi verisi: Ham=50, Voltaj=50.000V
2026-01-21 19:29:06 - spektroskopi - INFO - Raspberry Pi verisi işlendi: SENSOR_5 = 50.000V
2026-01-21 19:29:06 - spektroskopi - INFO - Raspberry Pi'dan veri alındı: 6e400002-b5a3-f393-e0a9-e50e24dcca9e (Handle: 19): Nordic UART RX, uzunluk: 2
2026-01-21 19:29:06 - spektroskopi - INFO - Raspberry Pi verisi: Ham=890, Voltaj=890.000V
2026-01-21 19:29:06 - spektroskopi - INFO - Raspberry Pi verisi işlendi: SENSOR_2 = 890.000V
2026-01-21 19:29:07 - spektroskopi - WARNING - Zaman sıralama düzeltildi (averaged): 2026-01-21 19:29:06.961520
2026-01-21 19:29:07 - spektroskopi - WARNING - Zaman sıralama düzeltildi (averaged): 2026-01-21 19:29:06.962520
2026-01-21 19:29:07 - spektroskopi - WARNING - Zaman sıralama düzeltildi (averaged): 2026-01-21 19:29:06.963520
2026-01-21 19:29:07 - spektroskopi - WARNING - Zaman sıralama düzeltildi (averaged): 2026-01-21 19:29:06.964520
2026-01-21 19:29:07 - spektroskopi - WARNING - RealTimePanel: UV_360nm raw data uzunluk uyumsuzluğu (timestamps: 652, data: 166)
2026-01-21 19:29:07 - spektroskopi - WARNING - RealTimePanel: UV_360nm calibrated data uzunluk uyumsuzluğu (timestamps: 652, data: 166)
2026-01-21 19:29:07 - spektroskopi - WARNING - RealTimePanel: Blue_450nm raw data uzunluk uyumsuzluğu (timestamps: 652, data: 162)
2026-01-21 19:29:07 - spektroskopi - WARNING - RealTimePanel: Blue_450nm calibrated data uzunluk uyumsuzluğu (timestamps: 652, data: 162)
2026-01-21 19:29:07 - spektroskopi - WARNING - RealTimePanel: IR_850nm raw data uzunluk uyumsuzluğu (timestamps: 652, data: 162)
2026-01-21 19:29:07 - spektroskopi - WARNING - RealTimePanel: IR_850nm calibrated data uzunluk uyumsuzluğu (timestamps: 652, data: 162)
2026-01-21 19:29:07 - spektroskopi - WARNING - RealTimePanel: IR_940nm raw data uzunluk uyumsuzluğu (timestamps: 652, data: 162)
2026-01-21 19:29:07 - spektroskopi - WARNING - RealTimePanel: IR_940nm calibrated data uzunluk uyumsuzluğu (timestamps: 652, data: 162)
2026-01-21 19:29:07 - spektroskopi - INFO - Raspberry Pi'dan veri alındı: 6e400005-b5a3-f393-e0a9-e50e24dcca9e (Handle: 16): Unknown, uzunluk: 2
2026-01-21 19:29:07 - spektroskopi - INFO - Raspberry Pi verisi: Ham=658, Voltaj=658.000V
2026-01-21 19:29:07 - spektroskopi - INFO - Raspberry Pi verisi işlendi: SENSOR_EXTRA = 658.000V
2026-01-21 19:29:07 - spektroskopi - INFO - Raspberry Pi'dan veri alındı: 6e400004-b5a3-f393-e0a9-e50e24dcca9e (Handle: 11): Unknown, uzunluk: 2
2026-01-21 19:29:07 - spektroskopi - INFO - Raspberry Pi verisi: Ham=1204, Voltaj=1204.000V
2026-01-21 19:29:07 - spektroskopi - INFO - Raspberry Pi verisi işlendi: SENSOR_7 = 1204.000V
2026-01-21 19:29:07 - spektroskopi - INFO - Raspberry Pi'dan veri alındı: 6e400003-b5a3-f393-e0a9-e50e24dcca9e (Handle: 8): Nordic UART TX, uzunluk: 2
2026-01-21 19:29:07 - spektroskopi - INFO - Raspberry Pi verisi: Ham=922, Voltaj=922.000V
2026-01-21 19:29:07 - spektroskopi - INFO - Raspberry Pi verisi işlendi: SENSOR_5 = 922.000V
2026-01-21 19:29:07 - spektroskopi - INFO - Raspberry Pi'dan veri alındı: 6e400002-b5a3-f393-e0a9-e50e24dcca9e (Handle: 19): Nordic UART RX, uzunluk: 2
2026-01-21 19:29:07 - spektroskopi - INFO - Raspberry Pi verisi: Ham=3253, Voltaj=3253.000V
2026-01-21 19:29:07 - spektroskopi - INFO - Raspberry Pi verisi işlendi: SENSOR_2 = 3253.000V
2026-01-21 19:29:08 - spektroskopi - INFO - Raspberry Pi'dan veri alındı: 6e400005-b5a3-f393-e0a9-e50e24dcca9e (Handle: 16): Unknown, uzunluk: 2
2026-01-21 19:29:08 - spektroskopi - INFO - Raspberry Pi verisi: Ham=2713, Voltaj=2713.000V
2026-01-21 19:29:08 - spektroskopi - INFO - Raspberry Pi verisi işlendi: SENSOR_EXTRA = 2713.000V
2026-01-21 19:29:08 - spektroskopi - WARNING - Zaman sıralama düzeltildi (averaged): 2026-01-21 19:29:08.101505
2026-01-21 19:29:08 - spektroskopi - WARNING - Zaman sıralama düzeltildi (averaged): 2026-01-21 19:29:08.102505
2026-01-21 19:29:08 - spektroskopi - WARNING - Zaman sıralama düzeltildi (averaged): 2026-01-21 19:29:08.103505
2026-01-21 19:29:08 - spektroskopi - WARNING - Zaman sıralama düzeltildi (averaged): 2026-01-21 19:29:08.104505
2026-01-21 19:29:08 - spektroskopi - WARNING - Zaman sıralama düzeltildi (averaged): 2026-01-21 19:29:08.105505
2026-01-21 19:29:08 - spektroskopi - WARNING - RealTimePanel: UV_360nm raw data uzunluk uyumsuzluğu (timestamps: 662, data: 168)
2026-01-21 19:29:08 - spektroskopi - WARNING - RealTimePanel: UV_360nm calibrated data uzunluk uyumsuzluğu (timestamps: 662, data: 168)
2026-01-21 19:29:08 - spektroskopi - WARNING - RealTimePanel: Blue_450nm raw data uzunluk uyumsuzluğu (timestamps: 662, data: 166)
2026-01-21 19:29:08 - spektroskopi - WARNING - RealTimePanel: Blue_450nm calibrated data uzunluk uyumsuzluğu (timestamps: 662, data: 166)
2026-01-21 19:29:08 - spektroskopi - WARNING - RealTimePanel: IR_850nm raw data uzunluk uyumsuzluğu (timestamps: 662, data: 164)
2026-01-21 19:29:08 - spektroskopi - WARNING - RealTimePanel: IR_850nm calibrated data uzunluk uyumsuzluğu (timestamps: 662, data: 164)
2026-01-21 19:29:08 - spektroskopi - WARNING - RealTimePanel: IR_940nm raw data uzunluk uyumsuzluğu (timestamps: 662, data: 164)
2026-01-21 19:29:08 - spektroskopi - WARNING - RealTimePanel: IR_940nm calibrated data uzunluk uyumsuzluğu (timestamps: 662, data: 164)
2026-01-21 19:29:08 - spektroskopi - INFO - Raspberry Pi'dan veri alındı: 6e400004-b5a3-f393-e0a9-e50e24dcca9e (Handle: 11): Unknown, uzunluk: 2
2026-01-21 19:29:08 - spektroskopi - INFO - Raspberry Pi verisi: Ham=1451, Voltaj=1451.000V
2026-01-21 19:29:08 - spektroskopi - INFO - Raspberry Pi verisi işlendi: SENSOR_7 = 1451.000V
2026-01-21 19:29:08 - spektroskopi - INFO - Raspberry Pi'dan veri alındı: 6e400003-b5a3-f393-e0a9-e50e24dcca9e (Handle: 8): Nordic UART TX, uzunluk: 2
2026-01-21 19:29:08 - spektroskopi - INFO - Raspberry Pi verisi: Ham=916, Voltaj=916.000V
2026-01-21 19:29:08 - spektroskopi - INFO - Raspberry Pi verisi işlendi: SENSOR_5 = 916.000V
2026-01-21 19:29:08 - spektroskopi - INFO - Raspberry Pi'dan veri alındı: 6e400002-b5a3-f393-e0a9-e50e24dcca9e (Handle: 19): Nordic UART RX, uzunluk: 2
2026-01-21 19:29:08 - spektroskopi - INFO - Raspberry Pi verisi: Ham=3249, Voltaj=3249.000V
2026-01-21 19:29:08 - spektroskopi - INFO - Raspberry Pi verisi işlendi: SENSOR_2 = 3249.000V
2026-01-21 19:29:08 - spektroskopi - INFO - Raspberry Pi'dan veri alındı: 6e400005-b5a3-f393-e0a9-e50e24dcca9e (Handle: 16): Unknown, uzunluk: 2
2026-01-21 19:29:08 - spektroskopi - INFO - Raspberry Pi verisi: Ham=3083, Voltaj=3083.000V
2026-01-21 19:29:08 - spektroskopi - INFO - Raspberry Pi verisi işlendi: SENSOR_EXTRA = 3083.000V
2026-01-21 19:29:09 - spektroskopi - WARNING - Zaman sıralama düzeltildi (averaged): 2026-01-21 19:29:08.972440
2026-01-21 19:29:09 - spektroskopi - WARNING - Zaman sıralama düzeltildi (averaged): 2026-01-21 19:29:08.973440
2026-01-21 19:29:09 - spektroskopi - WARNING - Zaman sıralama düzeltildi (averaged): 2026-01-21 19:29:08.974440
2026-01-21 19:29:09 - spektroskopi - WARNING - Zaman sıralama düzeltildi (averaged): 2026-01-21 19:29:08.975440
2026-01-21 19:29:09 - spektroskopi - WARNING - RealTimePanel: UV_360nm raw data uzunluk uyumsuzluğu (timestamps: 670, data: 170)
2026-01-21 19:29:09 - spektroskopi - WARNING - RealTimePanel: UV_360nm calibrated data uzunluk uyumsuzluğu (timestamps: 670, data: 170)
2026-01-21 19:29:09 - spektroskopi - WARNING - RealTimePanel: Blue_450nm raw data uzunluk uyumsuzluğu (timestamps: 670, data: 168)
2026-01-21 19:29:09 - spektroskopi - WARNING - RealTimePanel: Blue_450nm calibrated data uzunluk uyumsuzluğu (timestamps: 670, data: 168)
2026-01-21 19:29:09 - spektroskopi - WARNING - RealTimePanel: IR_850nm raw data uzunluk uyumsuzluğu (timestamps: 670, data: 166)
2026-01-21 19:29:09 - spektroskopi - WARNING - RealTimePanel: IR_850nm calibrated data uzunluk uyumsuzluğu (timestamps: 670, data: 166)
2026-01-21 19:29:09 - spektroskopi - WARNING - RealTimePanel: IR_940nm raw data uzunluk uyumsuzluğu (timestamps: 670, data: 166)
2026-01-21 19:29:09 - spektroskopi - WARNING - RealTimePanel: IR_940nm calibrated data uzunluk uyumsuzluğu (timestamps: 670, data: 166)
2026-01-21 19:29:09 - spektroskopi - INFO - Raspberry Pi'dan veri alındı: 6e400004-b5a3-f393-e0a9-e50e24dcca9e (Handle: 11): Unknown, uzunluk: 2
2026-01-21 19:29:09 - spektroskopi - INFO - Raspberry Pi verisi: Ham=1394, Voltaj=1394.000V
2026-01-21 19:29:09 - spektroskopi - INFO - Raspberry Pi verisi işlendi: SENSOR_7 = 1394.000V
2026-01-21 19:29:09 - spektroskopi - INFO - Raspberry Pi'dan veri alındı: 6e400003-b5a3-f393-e0a9-e50e24dcca9e (Handle: 8): Nordic UART TX, uzunluk: 2
2026-01-21 19:29:09 - spektroskopi - INFO - Raspberry Pi verisi: Ham=565, Voltaj=565.000V
2026-01-21 19:29:09 - spektroskopi - INFO - Raspberry Pi verisi işlendi: SENSOR_5 = 565.000V
2026-01-21 19:29:09 - spektroskopi - INFO - Raspberry Pi'dan veri alındı: 6e400002-b5a3-f393-e0a9-e50e24dcca9e (Handle: 19): Nordic UART RX, uzunluk: 2
2026-01-21 19:29:09 - spektroskopi - INFO - Raspberry Pi verisi: Ham=3247, Voltaj=3247.000V
2026-01-21 19:29:09 - spektroskopi - INFO - Raspberry Pi verisi işlendi: SENSOR_2 = 3247.000V
2026-01-21 19:29:09 - spektroskopi - INFO - Raspberry Pi'dan veri alındı: 6e400005-b5a3-f393-e0a9-e50e24dcca9e (Handle: 16): Unknown, uzunluk: 2
2026-01-21 19:29:09 - spektroskopi - INFO - Raspberry Pi verisi: Ham=2250, Voltaj=2250.000V
2026-01-21 19:29:09 - spektroskopi - INFO - Raspberry Pi verisi işlendi: SENSOR_EXTRA = 2250.000V
2026-01-21 19:29:10 - spektroskopi - INFO - Raspberry Pi'dan veri alındı: 6e400004-b5a3-f393-e0a9-e50e24dcca9e (Handle: 11): Unknown, uzunluk: 2
2026-01-21 19:29:10 - spektroskopi - INFO - Raspberry Pi verisi: Ham=1218, Voltaj=1218.000V
2026-01-21 19:29:10 - spektroskopi - INFO - Raspberry Pi verisi işlendi: SENSOR_7 = 1218.000V
2026-01-21 19:29:10 - spektroskopi - WARNING - Zaman sıralama düzeltildi (averaged): 2026-01-21 19:29:10.114954
2026-01-21 19:29:10 - spektroskopi - WARNING - Zaman sıralama düzeltildi (averaged): 2026-01-21 19:29:10.115954
2026-01-21 19:29:10 - spektroskopi - WARNING - Zaman sıralama düzeltildi (averaged): 2026-01-21 19:29:10.116954
2026-01-21 19:29:10 - spektroskopi - WARNING - Zaman sıralama düzeltildi (averaged): 2026-01-21 19:29:10.117954
2026-01-21 19:29:10 - spektroskopi - WARNING - Zaman sıralama düzeltildi (averaged): 2026-01-21 19:29:10.118954
2026-01-21 19:29:10 - spektroskopi - WARNING - RealTimePanel: UV_360nm raw data uzunluk uyumsuzluğu (timestamps: 680, data: 172)
2026-01-21 19:29:10 - spektroskopi - WARNING - RealTimePanel: UV_360nm calibrated data uzunluk uyumsuzluğu (timestamps: 680, data: 172)
2026-01-21 19:29:10 - spektroskopi - WARNING - RealTimePanel: Blue_450nm raw data uzunluk uyumsuzluğu (timestamps: 680, data: 170)
2026-01-21 19:29:10 - spektroskopi - WARNING - RealTimePanel: Blue_450nm calibrated data uzunluk uyumsuzluğu (timestamps: 680, data: 170)
2026-01-21 19:29:10 - spektroskopi - WARNING - RealTimePanel: IR_850nm raw data uzunluk uyumsuzluğu (timestamps: 680, data: 170)
2026-01-21 19:29:10 - spektroskopi - WARNING - RealTimePanel: IR_850nm calibrated data uzunluk uyumsuzluğu (timestamps: 680, data: 170)
2026-01-21 19:29:10 - spektroskopi - WARNING - RealTimePanel: IR_940nm raw data uzunluk uyumsuzluğu (timestamps: 680, data: 168)
2026-01-21 19:29:10 - spektroskopi - WARNING - RealTimePanel: IR_940nm calibrated data uzunluk uyumsuzluğu (timestamps: 680, data: 168)
2026-01-21 19:29:10 - spektroskopi - INFO - Raspberry Pi'dan veri alındı: 6e400003-b5a3-f393-e0a9-e50e24dcca9e (Handle: 8): Nordic UART TX, uzunluk: 2
2026-01-21 19:29:10 - spektroskopi - INFO - Raspberry Pi verisi: Ham=383, Voltaj=383.000V
2026-01-21 19:29:10 - spektroskopi - INFO - Raspberry Pi verisi işlendi: SENSOR_5 = 383.000V
2026-01-21 19:29:10 - spektroskopi - INFO - Raspberry Pi'dan veri alındı: 6e400002-b5a3-f393-e0a9-e50e24dcca9e (Handle: 19): Nordic UART RX, uzunluk: 2
2026-01-21 19:29:10 - spektroskopi - INFO - Raspberry Pi verisi: Ham=916, Voltaj=916.000V
2026-01-21 19:29:10 - spektroskopi - INFO - Raspberry Pi verisi işlendi: SENSOR_2 = 916.000V
2026-01-21 19:29:10 - spektroskopi - INFO - Raspberry Pi'dan veri alındı: 6e400005-b5a3-f393-e0a9-e50e24dcca9e (Handle: 16): Unknown, uzunluk: 2
2026-01-21 19:29:10 - spektroskopi - INFO - Raspberry Pi verisi: Ham=607, Voltaj=607.000V
2026-01-21 19:29:10 - spektroskopi - INFO - Raspberry Pi verisi işlendi: SENSOR_EXTRA = 607.000V
2026-01-21 19:29:11 - spektroskopi - INFO - Raspberry Pi'dan veri alındı: 6e400004-b5a3-f393-e0a9-e50e24dcca9e (Handle: 11): Unknown, uzunluk: 2
2026-01-21 19:29:11 - spektroskopi - INFO - Raspberry Pi verisi: Ham=52, Voltaj=52.000V
2026-01-21 19:29:11 - spektroskopi - INFO - Raspberry Pi verisi işlendi: SENSOR_7 = 52.000V
2026-01-21 19:29:11 - spektroskopi - WARNING - Zaman sıralama düzeltildi (averaged): 2026-01-21 19:29:11.013144
2026-01-21 19:29:11 - spektroskopi - WARNING - Zaman sıralama düzeltildi (averaged): 2026-01-21 19:29:11.014144
2026-01-21 19:29:11 - spektroskopi - WARNING - Zaman sıralama düzeltildi (averaged): 2026-01-21 19:29:11.015144
2026-01-21 19:29:11 - spektroskopi - WARNING - Zaman sıralama düzeltildi (averaged): 2026-01-21 19:29:11.016144
2026-01-21 19:29:11 - spektroskopi - WARNING - RealTimePanel: UV_360nm raw data uzunluk uyumsuzluğu (timestamps: 688, data: 174)
2026-01-21 19:29:11 - spektroskopi - WARNING - RealTimePanel: UV_360nm calibrated data uzunluk uyumsuzluğu (timestamps: 688, data: 174)
2026-01-21 19:29:11 - spektroskopi - WARNING - RealTimePanel: Blue_450nm raw data uzunluk uyumsuzluğu (timestamps: 688, data: 172)
2026-01-21 19:29:11 - spektroskopi - WARNING - RealTimePanel: Blue_450nm calibrated data uzunluk uyumsuzluğu (timestamps: 688, data: 172)
2026-01-21 19:29:11 - spektroskopi - WARNING - RealTimePanel: IR_850nm raw data uzunluk uyumsuzluğu (timestamps: 688, data: 172)
2026-01-21 19:29:11 - spektroskopi - WARNING - RealTimePanel: IR_850nm calibrated data uzunluk uyumsuzluğu (timestamps: 688, data: 172)
2026-01-21 19:29:11 - spektroskopi - WARNING - RealTimePanel: IR_940nm raw data uzunluk uyumsuzluğu (timestamps: 688, data: 170)
2026-01-21 19:29:11 - spektroskopi - WARNING - RealTimePanel: IR_940nm calibrated data uzunluk uyumsuzluğu (timestamps: 688, data: 170)
2026-01-21 19:29:11 - spektroskopi - INFO - Raspberry Pi'dan veri alındı: 6e400003-b5a3-f393-e0a9-e50e24dcca9e (Handle: 8): Nordic UART TX, uzunluk: 2
2026-01-21 19:29:11 - spektroskopi - INFO - Raspberry Pi verisi: Ham=49, Voltaj=49.000V
2026-01-21 19:29:11 - spektroskopi - INFO - Raspberry Pi verisi işlendi: SENSOR_5 = 49.000V
2026-01-21 19:29:11 - spektroskopi - INFO - Raspberry Pi'dan veri alındı: 6e400002-b5a3-f393-e0a9-e50e24dcca9e (Handle: 19): Nordic UART RX, uzunluk: 2
2026-01-21 19:29:11 - spektroskopi - INFO - Raspberry Pi verisi: Ham=1137, Voltaj=1137.000V
2026-01-21 19:29:11 - spektroskopi - INFO - Raspberry Pi verisi işlendi: SENSOR_2 = 1137.000V
2026-01-21 19:29:11 - spektroskopi - INFO - Raspberry Pi'dan veri alındı: 6e400005-b5a3-f393-e0a9-e50e24dcca9e (Handle: 16): Unknown, uzunluk: 2
2026-01-21 19:29:11 - spektroskopi - INFO - Raspberry Pi verisi: Ham=686, Voltaj=686.000V
2026-01-21 19:29:11 - spektroskopi - INFO - Raspberry Pi verisi işlendi: SENSOR_EXTRA = 686.000V
2026-01-21 19:29:11 - spektroskopi - INFO - Raspberry Pi'dan veri alındı: 6e400004-b5a3-f393-e0a9-e50e24dcca9e (Handle: 11): Unknown, uzunluk: 2
2026-01-21 19:29:11 - spektroskopi - INFO - Raspberry Pi verisi: Ham=51, Voltaj=51.000V
2026-01-21 19:29:11 - spektroskopi - INFO - Raspberry Pi verisi işlendi: SENSOR_7 = 51.000V
2026-01-21 19:29:12 - spektroskopi - INFO - Raspberry Pi'dan veri alındı: 6e400003-b5a3-f393-e0a9-e50e24dcca9e (Handle: 8): Nordic UART TX, uzunluk: 2
2026-01-21 19:29:12 - spektroskopi - INFO - Raspberry Pi verisi: Ham=52, Voltaj=52.000V
2026-01-21 19:29:12 - spektroskopi - INFO - Raspberry Pi verisi işlendi: SENSOR_5 = 52.000V
2026-01-21 19:29:12 - spektroskopi - WARNING - Zaman sıralama düzeltildi (averaged): 2026-01-21 19:29:12.152244
2026-01-21 19:29:12 - spektroskopi - WARNING - Zaman sıralama düzeltildi (averaged): 2026-01-21 19:29:12.153244
2026-01-21 19:29:12 - spektroskopi - WARNING - Zaman sıralama düzeltildi (averaged): 2026-01-21 19:29:12.154244
2026-01-21 19:29:12 - spektroskopi - WARNING - Zaman sıralama düzeltildi (averaged): 2026-01-21 19:29:12.155244
2026-01-21 19:29:12 - spektroskopi - WARNING - Zaman sıralama düzeltildi (averaged): 2026-01-21 19:29:12.156244
2026-01-21 19:29:12 - spektroskopi - WARNING - RealTimePanel: UV_360nm raw data uzunluk uyumsuzluğu (timestamps: 698, data: 176)
2026-01-21 19:29:12 - spektroskopi - WARNING - RealTimePanel: UV_360nm calibrated data uzunluk uyumsuzluğu (timestamps: 698, data: 176)
2026-01-21 19:29:12 - spektroskopi - WARNING - RealTimePanel: Blue_450nm raw data uzunluk uyumsuzluğu (timestamps: 698, data: 174)
2026-01-21 19:29:12 - spektroskopi - WARNING - RealTimePanel: Blue_450nm calibrated data uzunluk uyumsuzluğu (timestamps: 698, data: 174)
2026-01-21 19:29:12 - spektroskopi - WARNING - RealTimePanel: IR_850nm raw data uzunluk uyumsuzluğu (timestamps: 698, data: 174)
2026-01-21 19:29:12 - spektroskopi - WARNING - RealTimePanel: IR_850nm calibrated data uzunluk uyumsuzluğu (timestamps: 698, data: 174)
2026-01-21 19:29:12 - spektroskopi - WARNING - RealTimePanel: IR_940nm raw data uzunluk uyumsuzluğu (timestamps: 698, data: 174)
2026-01-21 19:29:12 - spektroskopi - WARNING - RealTimePanel: IR_940nm calibrated data uzunluk uyumsuzluğu (timestamps: 698, data: 174)
2026-01-21 19:29:12 - spektroskopi - INFO - Raspberry Pi'dan veri alındı: 6e400002-b5a3-f393-e0a9-e50e24dcca9e (Handle: 19): Nordic UART RX, uzunluk: 2
2026-01-21 19:29:12 - spektroskopi - INFO - Raspberry Pi verisi: Ham=1137, Voltaj=1137.000V
2026-01-21 19:29:12 - spektroskopi - INFO - Raspberry Pi verisi işlendi: SENSOR_2 = 1137.000V
2026-01-21 19:29:12 - spektroskopi - INFO - Raspberry Pi'dan veri alındı: 6e400005-b5a3-f393-e0a9-e50e24dcca9e (Handle: 16): Unknown, uzunluk: 2
2026-01-21 19:29:12 - spektroskopi - INFO - Raspberry Pi verisi: Ham=652, Voltaj=652.000V
2026-01-21 19:29:12 - spektroskopi - INFO - Raspberry Pi verisi işlendi: SENSOR_EXTRA = 652.000V
2026-01-21 19:29:12 - spektroskopi - INFO - Raspberry Pi'dan veri alındı: 6e400004-b5a3-f393-e0a9-e50e24dcca9e (Handle: 11): Unknown, uzunluk: 2
2026-01-21 19:29:12 - spektroskopi - INFO - Raspberry Pi verisi: Ham=51, Voltaj=51.000V
2026-01-21 19:29:12 - spektroskopi - INFO - Raspberry Pi verisi işlendi: SENSOR_7 = 51.000V
2026-01-21 19:29:13 - spektroskopi - INFO - Raspberry Pi'dan veri alındı: 6e400003-b5a3-f393-e0a9-e50e24dcca9e (Handle: 8): Nordic UART TX, uzunluk: 2
2026-01-21 19:29:13 - spektroskopi - INFO - Raspberry Pi verisi: Ham=50, Voltaj=50.000V
2026-01-21 19:29:13 - spektroskopi - INFO - Raspberry Pi verisi işlendi: SENSOR_5 = 50.000V
2026-01-21 19:29:13 - spektroskopi - INFO - Raspberry Pi'dan veri alındı: 6e400002-b5a3-f393-e0a9-e50e24dcca9e (Handle: 19): Nordic UART RX, uzunluk: 2
2026-01-21 19:29:13 - spektroskopi - INFO - Raspberry Pi verisi: Ham=1164, Voltaj=1164.000V
2026-01-21 19:29:13 - spektroskopi - INFO - Raspberry Pi verisi işlendi: SENSOR_2 = 1164.000V
2026-01-21 19:29:13 - spektroskopi - WARNING - Zaman sıralama düzeltildi (averaged): 2026-01-21 19:29:13.141632
2026-01-21 19:29:13 - spektroskopi - WARNING - Zaman sıralama düzeltildi (averaged): 2026-01-21 19:29:13.142632
2026-01-21 19:29:13 - spektroskopi - WARNING - Zaman sıralama düzeltildi (averaged): 2026-01-21 19:29:13.143632
2026-01-21 19:29:13 - spektroskopi - WARNING - Zaman sıralama düzeltildi (averaged): 2026-01-21 19:29:13.144632
2026-01-21 19:29:13 - spektroskopi - WARNING - Zaman sıralama düzeltildi (averaged): 2026-01-21 19:29:13.145632
2026-01-21 19:29:13 - spektroskopi - WARNING - RealTimePanel: UV_360nm raw data uzunluk uyumsuzluğu (timestamps: 708, data: 180)
2026-01-21 19:29:13 - spektroskopi - WARNING - RealTimePanel: UV_360nm calibrated data uzunluk uyumsuzluğu (timestamps: 708, data: 180)
2026-01-21 19:29:13 - spektroskopi - WARNING - RealTimePanel: Blue_450nm raw data uzunluk uyumsuzluğu (timestamps: 708, data: 176)
2026-01-21 19:29:13 - spektroskopi - WARNING - RealTimePanel: Blue_450nm calibrated data uzunluk uyumsuzluğu (timestamps: 708, data: 176)
2026-01-21 19:29:13 - spektroskopi - WARNING - RealTimePanel: IR_850nm raw data uzunluk uyumsuzluğu (timestamps: 708, data: 176)
2026-01-21 19:29:13 - spektroskopi - WARNING - RealTimePanel: IR_850nm calibrated data uzunluk uyumsuzluğu (timestamps: 708, data: 176)
2026-01-21 19:29:13 - spektroskopi - WARNING - RealTimePanel: IR_940nm raw data uzunluk uyumsuzluğu (timestamps: 708, data: 176)
2026-01-21 19:29:13 - spektroskopi - WARNING - RealTimePanel: IR_940nm calibrated data uzunluk uyumsuzluğu (timestamps: 708, data: 176)
2026-01-21 19:29:13 - spektroskopi - INFO - Raspberry Pi'dan veri alındı: 6e400005-b5a3-f393-e0a9-e50e24dcca9e (Handle: 16): Unknown, uzunluk: 2
2026-01-21 19:29:13 - spektroskopi - INFO - Raspberry Pi verisi: Ham=612, Voltaj=612.000V
2026-01-21 19:29:13 - spektroskopi - INFO - Raspberry Pi verisi işlendi: SENSOR_EXTRA = 612.000V
2026-01-21 19:29:13 - spektroskopi - INFO - Raspberry Pi'dan veri alındı: 6e400004-b5a3-f393-e0a9-e50e24dcca9e (Handle: 11): Unknown, uzunluk: 2
2026-01-21 19:29:13 - spektroskopi - INFO - Raspberry Pi verisi: Ham=1407, Voltaj=1407.000V
2026-01-21 19:29:13 - spektroskopi - INFO - Raspberry Pi verisi işlendi: SENSOR_7 = 1407.000V
2026-01-21 19:29:13 - spektroskopi - INFO - Raspberry Pi'dan veri alındı: 6e400003-b5a3-f393-e0a9-e50e24dcca9e (Handle: 8): Nordic UART TX, uzunluk: 2
2026-01-21 19:29:13 - spektroskopi - INFO - Raspberry Pi verisi: Ham=951, Voltaj=951.000V
2026-01-21 19:29:13 - spektroskopi - INFO - Raspberry Pi verisi işlendi: SENSOR_5 = 951.000V
2026-01-21 19:29:14 - spektroskopi - INFO - Raspberry Pi'dan veri alındı: 6e400002-b5a3-f393-e0a9-e50e24dcca9e (Handle: 19): Nordic UART RX, uzunluk: 2
2026-01-21 19:29:14 - spektroskopi - INFO - Raspberry Pi verisi: Ham=3253, Voltaj=3253.000V
2026-01-21 19:29:14 - spektroskopi - INFO - Raspberry Pi verisi işlendi: SENSOR_2 = 3253.000V
2026-01-21 19:29:14 - spektroskopi - WARNING - Zaman sıralama düzeltildi (averaged): 2026-01-21 19:29:14.011483
2026-01-21 19:29:14 - spektroskopi - WARNING - Zaman sıralama düzeltildi (averaged): 2026-01-21 19:29:14.012483
2026-01-21 19:29:14 - spektroskopi - WARNING - Zaman sıralama düzeltildi (averaged): 2026-01-21 19:29:14.013483
2026-01-21 19:29:14 - spektroskopi - WARNING - Zaman sıralama düzeltildi (averaged): 2026-01-21 19:29:14.014483
2026-01-21 19:29:14 - spektroskopi - WARNING - RealTimePanel: UV_360nm raw data uzunluk uyumsuzluğu (timestamps: 716, data: 182)
2026-01-21 19:29:14 - spektroskopi - WARNING - RealTimePanel: UV_360nm calibrated data uzunluk uyumsuzluğu (timestamps: 716, data: 182)
2026-01-21 19:29:14 - spektroskopi - WARNING - RealTimePanel: Blue_450nm raw data uzunluk uyumsuzluğu (timestamps: 716, data: 178)
2026-01-21 19:29:14 - spektroskopi - WARNING - RealTimePanel: Blue_450nm calibrated data uzunluk uyumsuzluğu (timestamps: 716, data: 178)
2026-01-21 19:29:14 - spektroskopi - WARNING - RealTimePanel: IR_850nm raw data uzunluk uyumsuzluğu (timestamps: 716, data: 178)
2026-01-21 19:29:14 - spektroskopi - WARNING - RealTimePanel: IR_850nm calibrated data uzunluk uyumsuzluğu (timestamps: 716, data: 178)
2026-01-21 19:29:14 - spektroskopi - WARNING - RealTimePanel: IR_940nm raw data uzunluk uyumsuzluğu (timestamps: 716, data: 178)
2026-01-21 19:29:14 - spektroskopi - WARNING - RealTimePanel: IR_940nm calibrated data uzunluk uyumsuzluğu (timestamps: 716, data: 178)
2026-01-21 19:29:14 - spektroskopi - INFO - Raspberry Pi'dan veri alındı: 6e400005-b5a3-f393-e0a9-e50e24dcca9e (Handle: 16): Unknown, uzunluk: 2
2026-01-21 19:29:14 - spektroskopi - INFO - Raspberry Pi verisi: Ham=3253, Voltaj=3253.000V
2026-01-21 19:29:14 - spektroskopi - INFO - Raspberry Pi verisi işlendi: SENSOR_EXTRA = 3253.000V
2026-01-21 19:29:14 - spektroskopi - INFO - Raspberry Pi'dan veri alındı: 6e400004-b5a3-f393-e0a9-e50e24dcca9e (Handle: 11): Unknown, uzunluk: 2
2026-01-21 19:29:14 - spektroskopi - INFO - Raspberry Pi verisi: Ham=1452, Voltaj=1452.000V
2026-01-21 19:29:14 - spektroskopi - INFO - Raspberry Pi verisi işlendi: SENSOR_7 = 1452.000V
2026-01-21 19:29:14 - spektroskopi - INFO - Raspberry Pi'dan veri alındı: 6e400003-b5a3-f393-e0a9-e50e24dcca9e (Handle: 8): Nordic UART TX, uzunluk: 2
2026-01-21 19:29:14 - spektroskopi - INFO - Raspberry Pi verisi: Ham=539, Voltaj=539.000V
2026-01-21 19:29:14 - spektroskopi - INFO - Raspberry Pi verisi işlendi: SENSOR_5 = 539.000V
2026-01-21 19:29:14 - spektroskopi - INFO - Raspberry Pi'dan veri alındı: 6e400002-b5a3-f393-e0a9-e50e24dcca9e (Handle: 19): Nordic UART RX, uzunluk: 2
2026-01-21 19:29:14 - spektroskopi - INFO - Raspberry Pi verisi: Ham=2406, Voltaj=2406.000V
2026-01-21 19:29:14 - spektroskopi - INFO - Raspberry Pi verisi işlendi: SENSOR_2 = 2406.000V
2026-01-21 19:29:15 - spektroskopi - INFO - Raspberry Pi'dan veri alındı: 6e400005-b5a3-f393-e0a9-e50e24dcca9e (Handle: 16): Unknown, uzunluk: 2
2026-01-21 19:29:15 - spektroskopi - INFO - Raspberry Pi verisi: Ham=2203, Voltaj=2203.000V
2026-01-21 19:29:15 - spektroskopi - INFO - Raspberry Pi verisi işlendi: SENSOR_EXTRA = 2203.000V
2026-01-21 19:29:15 - spektroskopi - WARNING - Zaman sıralama düzeltildi (averaged): 2026-01-21 19:29:15.151989
2026-01-21 19:29:15 - spektroskopi - WARNING - Zaman sıralama düzeltildi (averaged): 2026-01-21 19:29:15.152989
2026-01-21 19:29:15 - spektroskopi - WARNING - Zaman sıralama düzeltildi (averaged): 2026-01-21 19:29:15.153989
2026-01-21 19:29:15 - spektroskopi - WARNING - Zaman sıralama düzeltildi (averaged): 2026-01-21 19:29:15.154989
2026-01-21 19:29:15 - spektroskopi - WARNING - Zaman sıralama düzeltildi (averaged): 2026-01-21 19:29:15.155989
2026-01-21 19:29:15 - spektroskopi - WARNING - RealTimePanel: UV_360nm raw data uzunluk uyumsuzluğu (timestamps: 726, data: 184)
2026-01-21 19:29:15 - spektroskopi - WARNING - RealTimePanel: UV_360nm calibrated data uzunluk uyumsuzluğu (timestamps: 726, data: 184)
2026-01-21 19:29:15 - spektroskopi - WARNING - RealTimePanel: Blue_450nm raw data uzunluk uyumsuzluğu (timestamps: 726, data: 182)
2026-01-21 19:29:15 - spektroskopi - WARNING - RealTimePanel: Blue_450nm calibrated data uzunluk uyumsuzluğu (timestamps: 726, data: 182)
2026-01-21 19:29:15 - spektroskopi - WARNING - RealTimePanel: IR_850nm raw data uzunluk uyumsuzluğu (timestamps: 726, data: 180)
2026-01-21 19:29:15 - spektroskopi - WARNING - RealTimePanel: IR_850nm calibrated data uzunluk uyumsuzluğu (timestamps: 726, data: 180)
2026-01-21 19:29:15 - spektroskopi - WARNING - RealTimePanel: IR_940nm raw data uzunluk uyumsuzluğu (timestamps: 726, data: 180)
2026-01-21 19:29:15 - spektroskopi - WARNING - RealTimePanel: IR_940nm calibrated data uzunluk uyumsuzluğu (timestamps: 726, data: 180)
2026-01-21 19:29:15 - spektroskopi - INFO - Raspberry Pi'dan veri alındı: 6e400004-b5a3-f393-e0a9-e50e24dcca9e (Handle: 11): Unknown, uzunluk: 2
2026-01-21 19:29:15 - spektroskopi - INFO - Raspberry Pi verisi: Ham=795, Voltaj=795.000V
2026-01-21 19:29:15 - spektroskopi - INFO - Raspberry Pi verisi işlendi: SENSOR_7 = 795.000V
2026-01-21 19:29:15 - spektroskopi - INFO - Raspberry Pi'dan veri alındı: 6e400003-b5a3-f393-e0a9-e50e24dcca9e (Handle: 8): Nordic UART TX, uzunluk: 2
2026-01-21 19:29:15 - spektroskopi - INFO - Raspberry Pi verisi: Ham=530, Voltaj=530.000V
2026-01-21 19:29:15 - spektroskopi - INFO - Raspberry Pi verisi işlendi: SENSOR_5 = 530.000V
2026-01-21 19:29:15 - spektroskopi - INFO - Raspberry Pi'dan veri alındı: 6e400002-b5a3-f393-e0a9-e50e24dcca9e (Handle: 19): Nordic UART RX, uzunluk: 2
2026-01-21 19:29:15 - spektroskopi - INFO - Raspberry Pi verisi: Ham=2636, Voltaj=2636.000V
2026-01-21 19:29:15 - spektroskopi - INFO - Raspberry Pi verisi işlendi: SENSOR_2 = 2636.000V
2026-01-21 19:29:16 - spektroskopi - INFO - Raspberry Pi'dan veri alındı: 6e400005-b5a3-f393-e0a9-e50e24dcca9e (Handle: 16): Unknown, uzunluk: 2
2026-01-21 19:29:16 - spektroskopi - INFO - Raspberry Pi verisi: Ham=1321, Voltaj=1321.000V
2026-01-21 19:29:16 - spektroskopi - INFO - Raspberry Pi verisi işlendi: SENSOR_EXTRA = 1321.000V
2026-01-21 19:29:16 - spektroskopi - WARNING - Zaman sıralama düzeltildi (averaged): 2026-01-21 19:29:16.021382
2026-01-21 19:29:16 - spektroskopi - WARNING - Zaman sıralama düzeltildi (averaged): 2026-01-21 19:29:16.022382
2026-01-21 19:29:16 - spektroskopi - WARNING - Zaman sıralama düzeltildi (averaged): 2026-01-21 19:29:16.023382
2026-01-21 19:29:16 - spektroskopi - WARNING - Zaman sıralama düzeltildi (averaged): 2026-01-21 19:29:16.024382
2026-01-21 19:29:16 - spektroskopi - WARNING - RealTimePanel: UV_360nm raw data uzunluk uyumsuzluğu (timestamps: 734, data: 186)
2026-01-21 19:29:16 - spektroskopi - WARNING - RealTimePanel: UV_360nm calibrated data uzunluk uyumsuzluğu (timestamps: 734, data: 186)
2026-01-21 19:29:16 - spektroskopi - WARNING - RealTimePanel: Blue_450nm raw data uzunluk uyumsuzluğu (timestamps: 734, data: 184)
2026-01-21 19:29:16 - spektroskopi - WARNING - RealTimePanel: Blue_450nm calibrated data uzunluk uyumsuzluğu (timestamps: 734, data: 184)
2026-01-21 19:29:16 - spektroskopi - WARNING - RealTimePanel: IR_850nm raw data uzunluk uyumsuzluğu (timestamps: 734, data: 182)
2026-01-21 19:29:16 - spektroskopi - WARNING - RealTimePanel: IR_850nm calibrated data uzunluk uyumsuzluğu (timestamps: 734, data: 182)
2026-01-21 19:29:16 - spektroskopi - WARNING - RealTimePanel: IR_940nm raw data uzunluk uyumsuzluğu (timestamps: 734, data: 182)
2026-01-21 19:29:16 - spektroskopi - WARNING - RealTimePanel: IR_940nm calibrated data uzunluk uyumsuzluğu (timestamps: 734, data: 182)
2026-01-21 19:29:16 - spektroskopi - INFO - Raspberry Pi'dan veri alındı: 6e400004-b5a3-f393-e0a9-e50e24dcca9e (Handle: 11): Unknown, uzunluk: 2
2026-01-21 19:29:16 - spektroskopi - INFO - Raspberry Pi verisi: Ham=803, Voltaj=803.000V
2026-01-21 19:29:16 - spektroskopi - INFO - Raspberry Pi verisi işlendi: SENSOR_7 = 803.000V
2026-01-21 19:29:16 - spektroskopi - INFO - Raspberry Pi'dan veri alındı: 6e400003-b5a3-f393-e0a9-e50e24dcca9e (Handle: 8): Nordic UART TX, uzunluk: 2
2026-01-21 19:29:16 - spektroskopi - INFO - Raspberry Pi verisi: Ham=524, Voltaj=524.000V
2026-01-21 19:29:16 - spektroskopi - INFO - Raspberry Pi verisi işlendi: SENSOR_5 = 524.000V
2026-01-21 19:29:16 - spektroskopi - INFO - Raspberry Pi'dan veri alındı: 6e400002-b5a3-f393-e0a9-e50e24dcca9e (Handle: 19): Nordic UART RX, uzunluk: 2
2026-01-21 19:29:16 - spektroskopi - INFO - Raspberry Pi verisi: Ham=1495, Voltaj=1495.000V
2026-01-21 19:29:16 - spektroskopi - INFO - Raspberry Pi verisi işlendi: SENSOR_2 = 1495.000V
2026-01-21 19:29:16 - spektroskopi - INFO - Raspberry Pi'dan veri alındı: 6e400005-b5a3-f393-e0a9-e50e24dcca9e (Handle: 16): Unknown, uzunluk: 2
2026-01-21 19:29:16 - spektroskopi - INFO - Raspberry Pi verisi: Ham=1236, Voltaj=1236.000V
2026-01-21 19:29:16 - spektroskopi - INFO - Raspberry Pi verisi işlendi: SENSOR_EXTRA = 1236.000V
2026-01-21 19:29:17 - spektroskopi - INFO - Raspberry Pi'dan veri alındı: 6e400004-b5a3-f393-e0a9-e50e24dcca9e (Handle: 11): Unknown, uzunluk: 2
2026-01-21 19:29:17 - spektroskopi - INFO - Raspberry Pi verisi: Ham=789, Voltaj=789.000V
2026-01-21 19:29:17 - spektroskopi - INFO - Raspberry Pi verisi işlendi: SENSOR_7 = 789.000V
2026-01-21 19:29:17 - spektroskopi - WARNING - Zaman sıralama düzeltildi (averaged): 2026-01-21 19:29:17.161569
2026-01-21 19:29:17 - spektroskopi - WARNING - Zaman sıralama düzeltildi (averaged): 2026-01-21 19:29:17.162569
2026-01-21 19:29:17 - spektroskopi - WARNING - Zaman sıralama düzeltildi (averaged): 2026-01-21 19:29:17.163569
2026-01-21 19:29:17 - spektroskopi - WARNING - Zaman sıralama düzeltildi (averaged): 2026-01-21 19:29:17.164569
2026-01-21 19:29:17 - spektroskopi - WARNING - Zaman sıralama düzeltildi (averaged): 2026-01-21 19:29:17.165569
2026-01-21 19:29:17 - spektroskopi - WARNING - RealTimePanel: UV_360nm raw data uzunluk uyumsuzluğu (timestamps: 744, data: 188)
2026-01-21 19:29:17 - spektroskopi - WARNING - RealTimePanel: UV_360nm calibrated data uzunluk uyumsuzluğu (timestamps: 744, data: 188)
2026-01-21 19:29:17 - spektroskopi - WARNING - RealTimePanel: Blue_450nm raw data uzunluk uyumsuzluğu (timestamps: 744, data: 186)
2026-01-21 19:29:17 - spektroskopi - WARNING - RealTimePanel: Blue_450nm calibrated data uzunluk uyumsuzluğu (timestamps: 744, data: 186)
2026-01-21 19:29:17 - spektroskopi - WARNING - RealTimePanel: IR_850nm raw data uzunluk uyumsuzluğu (timestamps: 744, data: 186)
2026-01-21 19:29:17 - spektroskopi - WARNING - RealTimePanel: IR_850nm calibrated data uzunluk uyumsuzluğu (timestamps: 744, data: 186)
2026-01-21 19:29:17 - spektroskopi - WARNING - RealTimePanel: IR_940nm raw data uzunluk uyumsuzluğu (timestamps: 744, data: 184)
2026-01-21 19:29:17 - spektroskopi - WARNING - RealTimePanel: IR_940nm calibrated data uzunluk uyumsuzluğu (timestamps: 744, data: 184)
2026-01-21 19:29:17 - spektroskopi - INFO - Raspberry Pi'dan veri alındı: 6e400003-b5a3-f393-e0a9-e50e24dcca9e (Handle: 8): Nordic UART TX, uzunluk: 2
2026-01-21 19:29:17 - spektroskopi - INFO - Raspberry Pi verisi: Ham=521, Voltaj=521.000V
2026-01-21 19:29:17 - spektroskopi - INFO - Raspberry Pi verisi işlendi: SENSOR_5 = 521.000V
2026-01-21 19:29:17 - spektroskopi - INFO - Raspberry Pi'dan veri alındı: 6e400002-b5a3-f393-e0a9-e50e24dcca9e (Handle: 19): Nordic UART RX, uzunluk: 2
2026-01-21 19:29:17 - spektroskopi - INFO - Raspberry Pi verisi: Ham=1384, Voltaj=1384.000V
2026-01-21 19:29:17 - spektroskopi - INFO - Raspberry Pi verisi işlendi: SENSOR_2 = 1384.000V
2026-01-21 19:29:17 - spektroskopi - INFO - Raspberry Pi'dan veri alındı: 6e400005-b5a3-f393-e0a9-e50e24dcca9e (Handle: 16): Unknown, uzunluk: 2
2026-01-21 19:29:17 - spektroskopi - INFO - Raspberry Pi verisi: Ham=1168, Voltaj=1168.000V
2026-01-21 19:29:17 - spektroskopi - INFO - Raspberry Pi verisi işlendi: SENSOR_EXTRA = 1168.000V
2026-01-21 19:29:18 - spektroskopi - INFO - Raspberry Pi'dan veri alındı: 6e400004-b5a3-f393-e0a9-e50e24dcca9e (Handle: 11): Unknown, uzunluk: 2
2026-01-21 19:29:18 - spektroskopi - INFO - Raspberry Pi verisi: Ham=774, Voltaj=774.000V
2026-01-21 19:29:18 - spektroskopi - INFO - Raspberry Pi verisi işlendi: SENSOR_7 = 774.000V
2026-01-21 19:29:18 - spektroskopi - WARNING - Zaman sıralama düzeltildi (averaged): 2026-01-21 19:29:18.061787
2026-01-21 19:29:18 - spektroskopi - WARNING - Zaman sıralama düzeltildi (averaged): 2026-01-21 19:29:18.062787
2026-01-21 19:29:18 - spektroskopi - WARNING - Zaman sıralama düzeltildi (averaged): 2026-01-21 19:29:18.063787
2026-01-21 19:29:18 - spektroskopi - WARNING - Zaman sıralama düzeltildi (averaged): 2026-01-21 19:29:18.064787
2026-01-21 19:29:18 - spektroskopi - WARNING - RealTimePanel: UV_360nm raw data uzunluk uyumsuzluğu (timestamps: 752, data: 190)
2026-01-21 19:29:18 - spektroskopi - WARNING - RealTimePanel: UV_360nm calibrated data uzunluk uyumsuzluğu (timestamps: 752, data: 190)
2026-01-21 19:29:18 - spektroskopi - WARNING - RealTimePanel: Blue_450nm raw data uzunluk uyumsuzluğu (timestamps: 752, data: 188)
2026-01-21 19:29:18 - spektroskopi - WARNING - RealTimePanel: Blue_450nm calibrated data uzunluk uyumsuzluğu (timestamps: 752, data: 188)
2026-01-21 19:29:18 - spektroskopi - WARNING - RealTimePanel: IR_850nm raw data uzunluk uyumsuzluğu (timestamps: 752, data: 188)
2026-01-21 19:29:18 - spektroskopi - WARNING - RealTimePanel: IR_850nm calibrated data uzunluk uyumsuzluğu (timestamps: 752, data: 188)
2026-01-21 19:29:18 - spektroskopi - WARNING - RealTimePanel: IR_940nm raw data uzunluk uyumsuzluğu (timestamps: 752, data: 186)
2026-01-21 19:29:18 - spektroskopi - WARNING - RealTimePanel: IR_940nm calibrated data uzunluk uyumsuzluğu (timestamps: 752, data: 186)
2026-01-21 19:29:18 - spektroskopi - INFO - Raspberry Pi'dan veri alındı: 6e400003-b5a3-f393-e0a9-e50e24dcca9e (Handle: 8): Nordic UART TX, uzunluk: 2
2026-01-21 19:29:18 - spektroskopi - INFO - Raspberry Pi verisi: Ham=509, Voltaj=509.000V
2026-01-21 19:29:18 - spektroskopi - INFO - Raspberry Pi verisi işlendi: SENSOR_5 = 509.000V
2026-01-21 19:29:18 - spektroskopi - INFO - Raspberry Pi'dan veri alındı: 6e400002-b5a3-f393-e0a9-e50e24dcca9e (Handle: 19): Nordic UART RX, uzunluk: 2
2026-01-21 19:29:18 - spektroskopi - INFO - Raspberry Pi verisi: Ham=1409, Voltaj=1409.000V
2026-01-21 19:29:18 - spektroskopi - INFO - Raspberry Pi verisi işlendi: SENSOR_2 = 1409.000V
2026-01-21 19:29:18 - spektroskopi - INFO - Raspberry Pi'dan veri alındı: 6e400005-b5a3-f393-e0a9-e50e24dcca9e (Handle: 16): Unknown, uzunluk: 2
2026-01-21 19:29:18 - spektroskopi - INFO - Raspberry Pi verisi: Ham=1283, Voltaj=1283.000V
2026-01-21 19:29:18 - spektroskopi - INFO - Raspberry Pi verisi işlendi: SENSOR_EXTRA = 1283.000V
2026-01-21 19:29:18 - spektroskopi - INFO - Raspberry Pi'dan veri alındı: 6e400004-b5a3-f393-e0a9-e50e24dcca9e (Handle: 11): Unknown, uzunluk: 2
2026-01-21 19:29:18 - spektroskopi - INFO - Raspberry Pi verisi: Ham=780, Voltaj=780.000V
2026-01-21 19:29:18 - spektroskopi - INFO - Raspberry Pi verisi işlendi: SENSOR_7 = 780.000V
2026-01-21 19:29:19 - spektroskopi - WARNING - Zaman sıralama düzeltildi (averaged): 2026-01-21 19:29:18.931676
2026-01-21 19:29:19 - spektroskopi - WARNING - Zaman sıralama düzeltildi (averaged): 2026-01-21 19:29:18.932676
2026-01-21 19:29:19 - spektroskopi - WARNING - Zaman sıralama düzeltildi (averaged): 2026-01-21 19:29:18.933676
2026-01-21 19:29:19 - spektroskopi - WARNING - Zaman sıralama düzeltildi (averaged): 2026-01-21 19:29:18.934676
2026-01-21 19:29:19 - spektroskopi - WARNING - RealTimePanel: UV_360nm raw data uzunluk uyumsuzluğu (timestamps: 760, data: 192)
2026-01-21 19:29:19 - spektroskopi - WARNING - RealTimePanel: UV_360nm calibrated data uzunluk uyumsuzluğu (timestamps: 760, data: 192)
2026-01-21 19:29:19 - spektroskopi - WARNING - RealTimePanel: Blue_450nm raw data uzunluk uyumsuzluğu (timestamps: 760, data: 190)
2026-01-21 19:29:19 - spektroskopi - WARNING - RealTimePanel: Blue_450nm calibrated data uzunluk uyumsuzluğu (timestamps: 760, data: 190)
2026-01-21 19:29:19 - spektroskopi - WARNING - RealTimePanel: IR_850nm raw data uzunluk uyumsuzluğu (timestamps: 760, data: 190)
2026-01-21 19:29:19 - spektroskopi - WARNING - RealTimePanel: IR_850nm calibrated data uzunluk uyumsuzluğu (timestamps: 760, data: 190)
2026-01-21 19:29:19 - spektroskopi - WARNING - RealTimePanel: IR_940nm raw data uzunluk uyumsuzluğu (timestamps: 760, data: 188)
2026-01-21 19:29:19 - spektroskopi - WARNING - RealTimePanel: IR_940nm calibrated data uzunluk uyumsuzluğu (timestamps: 760, data: 188)
2026-01-21 19:29:19 - spektroskopi - INFO - Raspberry Pi'dan veri alındı: 6e400003-b5a3-f393-e0a9-e50e24dcca9e (Handle: 8): Nordic UART TX, uzunluk: 2
2026-01-21 19:29:19 - spektroskopi - INFO - Raspberry Pi verisi: Ham=843, Voltaj=843.000V
2026-01-21 19:29:19 - spektroskopi - INFO - Raspberry Pi verisi işlendi: SENSOR_5 = 843.000V
2026-01-21 19:29:19 - spektroskopi - INFO - Raspberry Pi'dan veri alındı: 6e400002-b5a3-f393-e0a9-e50e24dcca9e (Handle: 19): Nordic UART RX, uzunluk: 2
2026-01-21 19:29:19 - spektroskopi - INFO - Raspberry Pi verisi: Ham=1823, Voltaj=1823.000V
2026-01-21 19:29:19 - spektroskopi - INFO - Raspberry Pi verisi işlendi: SENSOR_2 = 1823.000V
2026-01-21 19:29:19 - spektroskopi - INFO - Raspberry Pi'dan veri alındı: 6e400005-b5a3-f393-e0a9-e50e24dcca9e (Handle: 16): Unknown, uzunluk: 2
2026-01-21 19:29:19 - spektroskopi - INFO - Raspberry Pi verisi: Ham=1402, Voltaj=1402.000V
2026-01-21 19:29:19 - spektroskopi - INFO - Raspberry Pi verisi işlendi: SENSOR_EXTRA = 1402.000V
2026-01-21 19:29:19 - spektroskopi - INFO - Raspberry Pi'dan veri alındı: 6e400004-b5a3-f393-e0a9-e50e24dcca9e (Handle: 11): Unknown, uzunluk: 2
2026-01-21 19:29:19 - spektroskopi - INFO - Raspberry Pi verisi: Ham=1390, Voltaj=1390.000V
2026-01-21 19:29:19 - spektroskopi - INFO - Raspberry Pi verisi işlendi: SENSOR_7 = 1390.000V
2026-01-21 19:29:20 - spektroskopi - INFO - Raspberry Pi'dan veri alındı: 6e400003-b5a3-f393-e0a9-e50e24dcca9e (Handle: 8): Nordic UART TX, uzunluk: 2
2026-01-21 19:29:20 - spektroskopi - INFO - Raspberry Pi verisi: Ham=836, Voltaj=836.000V
2026-01-21 19:29:20 - spektroskopi - INFO - Raspberry Pi verisi işlendi: SENSOR_5 = 836.000V
2026-01-21 19:29:20 - spektroskopi - WARNING - Zaman sıralama düzeltildi (averaged): 2026-01-21 19:29:20.072578
2026-01-21 19:29:20 - spektroskopi - WARNING - Zaman sıralama düzeltildi (averaged): 2026-01-21 19:29:20.073578
2026-01-21 19:29:20 - spektroskopi - WARNING - Zaman sıralama düzeltildi (averaged): 2026-01-21 19:29:20.074578
2026-01-21 19:29:20 - spektroskopi - WARNING - Zaman sıralama düzeltildi (averaged): 2026-01-21 19:29:20.075578
2026-01-21 19:29:20 - spektroskopi - WARNING - Zaman sıralama düzeltildi (averaged): 2026-01-21 19:29:20.076578
2026-01-21 19:29:20 - spektroskopi - WARNING - RealTimePanel: UV_360nm raw data uzunluk uyumsuzluğu (timestamps: 770, data: 194)
2026-01-21 19:29:20 - spektroskopi - WARNING - RealTimePanel: UV_360nm calibrated data uzunluk uyumsuzluğu (timestamps: 770, data: 194)
2026-01-21 19:29:20 - spektroskopi - WARNING - RealTimePanel: Blue_450nm raw data uzunluk uyumsuzluğu (timestamps: 770, data: 192)
2026-01-21 19:29:20 - spektroskopi - WARNING - RealTimePanel: Blue_450nm calibrated data uzunluk uyumsuzluğu (timestamps: 770, data: 192)
2026-01-21 19:29:20 - spektroskopi - WARNING - RealTimePanel: IR_850nm raw data uzunluk uyumsuzluğu (timestamps: 770, data: 192)
2026-01-21 19:29:20 - spektroskopi - WARNING - RealTimePanel: IR_850nm calibrated data uzunluk uyumsuzluğu (timestamps: 770, data: 192)
2026-01-21 19:29:20 - spektroskopi - WARNING - RealTimePanel: IR_940nm raw data uzunluk uyumsuzluğu (timestamps: 770, data: 192)
2026-01-21 19:29:20 - spektroskopi - WARNING - RealTimePanel: IR_940nm calibrated data uzunluk uyumsuzluğu (timestamps: 770, data: 192)
2026-01-21 19:29:20 - spektroskopi - INFO - Raspberry Pi'dan veri alındı: 6e400002-b5a3-f393-e0a9-e50e24dcca9e (Handle: 19): Nordic UART RX, uzunluk: 2
2026-01-21 19:29:20 - spektroskopi - INFO - Raspberry Pi verisi: Ham=1522, Voltaj=1522.000V
2026-01-21 19:29:20 - spektroskopi - INFO - Raspberry Pi verisi işlendi: SENSOR_2 = 1522.000V
2026-01-21 19:29:20 - spektroskopi - INFO - Raspberry Pi'dan veri alındı: 6e400005-b5a3-f393-e0a9-e50e24dcca9e (Handle: 16): Unknown, uzunluk: 2
2026-01-21 19:29:20 - spektroskopi - INFO - Raspberry Pi verisi: Ham=1320, Voltaj=1320.000V
2026-01-21 19:29:20 - spektroskopi - INFO - Raspberry Pi verisi işlendi: SENSOR_EXTRA = 1320.000V
2026-01-21 19:29:20 - spektroskopi - INFO - Raspberry Pi'dan veri alındı: 6e400004-b5a3-f393-e0a9-e50e24dcca9e (Handle: 11): Unknown, uzunluk: 2
2026-01-21 19:29:20 - spektroskopi - INFO - Raspberry Pi verisi: Ham=842, Voltaj=842.000V
2026-01-21 19:29:20 - spektroskopi - INFO - Raspberry Pi verisi işlendi: SENSOR_7 = 842.000V
2026-01-21 19:29:20 - spektroskopi - INFO - Raspberry Pi'dan veri alındı: 6e400003-b5a3-f393-e0a9-e50e24dcca9e (Handle: 8): Nordic UART TX, uzunluk: 2
2026-01-21 19:29:20 - spektroskopi - INFO - Raspberry Pi verisi: Ham=531, Voltaj=531.000V
2026-01-21 19:29:20 - spektroskopi - INFO - Raspberry Pi verisi işlendi: SENSOR_5 = 531.000V
2026-01-21 19:29:21 - spektroskopi - INFO - Raspberry Pi'dan veri alındı: 6e400002-b5a3-f393-e0a9-e50e24dcca9e (Handle: 19): Nordic UART RX, uzunluk: 2
2026-01-21 19:29:21 - spektroskopi - INFO - Raspberry Pi verisi: Ham=3077, Voltaj=3077.000V
2026-01-21 19:29:21 - spektroskopi - INFO - Raspberry Pi verisi işlendi: SENSOR_2 = 3077.000V
2026-01-21 19:29:21 - spektroskopi - WARNING - Zaman sıralama düzeltildi (averaged): 2026-01-21 19:29:21.063784
2026-01-21 19:29:21 - spektroskopi - WARNING - Zaman sıralama düzeltildi (averaged): 2026-01-21 19:29:21.064784
2026-01-21 19:29:21 - spektroskopi - WARNING - Zaman sıralama düzeltildi (averaged): 2026-01-21 19:29:21.065784
2026-01-21 19:29:21 - spektroskopi - WARNING - Zaman sıralama düzeltildi (averaged): 2026-01-21 19:29:21.066784
2026-01-21 19:29:21 - spektroskopi - WARNING - Zaman sıralama düzeltildi (averaged): 2026-01-21 19:29:21.067784
2026-01-21 19:29:21 - spektroskopi - WARNING - RealTimePanel: UV_360nm raw data uzunluk uyumsuzluğu (timestamps: 780, data: 198)
2026-01-21 19:29:21 - spektroskopi - WARNING - RealTimePanel: UV_360nm calibrated data uzunluk uyumsuzluğu (timestamps: 780, data: 198)
2026-01-21 19:29:21 - spektroskopi - WARNING - RealTimePanel: Blue_450nm raw data uzunluk uyumsuzluğu (timestamps: 780, data: 194)
2026-01-21 19:29:21 - spektroskopi - WARNING - RealTimePanel: Blue_450nm calibrated data uzunluk uyumsuzluğu (timestamps: 780, data: 194)
2026-01-21 19:29:21 - spektroskopi - WARNING - RealTimePanel: IR_850nm raw data uzunluk uyumsuzluğu (timestamps: 780, data: 194)
2026-01-21 19:29:21 - spektroskopi - WARNING - RealTimePanel: IR_850nm calibrated data uzunluk uyumsuzluğu (timestamps: 780, data: 194)
2026-01-21 19:29:21 - spektroskopi - WARNING - RealTimePanel: IR_940nm raw data uzunluk uyumsuzluğu (timestamps: 780, data: 194)
2026-01-21 19:29:21 - spektroskopi - WARNING - RealTimePanel: IR_940nm calibrated data uzunluk uyumsuzluğu (timestamps: 780, data: 194)
2026-01-21 19:29:21 - spektroskopi - INFO - Raspberry Pi'dan veri alındı: 6e400005-b5a3-f393-e0a9-e50e24dcca9e (Handle: 16): Unknown, uzunluk: 2
2026-01-21 19:29:21 - spektroskopi - INFO - Raspberry Pi verisi: Ham=2163, Voltaj=2163.000V
2026-01-21 19:29:21 - spektroskopi - INFO - Raspberry Pi verisi işlendi: SENSOR_EXTRA = 2163.000V
2026-01-21 19:29:21 - spektroskopi - INFO - Raspberry Pi'dan veri alındı: 6e400004-b5a3-f393-e0a9-e50e24dcca9e (Handle: 11): Unknown, uzunluk: 2
2026-01-21 19:29:21 - spektroskopi - INFO - Raspberry Pi verisi: Ham=788, Voltaj=788.000V
2026-01-21 19:29:21 - spektroskopi - INFO - Raspberry Pi verisi işlendi: SENSOR_7 = 788.000V
2026-01-21 19:29:21 - spektroskopi - INFO - Raspberry Pi'dan veri alındı: 6e400003-b5a3-f393-e0a9-e50e24dcca9e (Handle: 8): Nordic UART TX, uzunluk: 2
2026-01-21 19:29:21 - spektroskopi - INFO - Raspberry Pi verisi: Ham=541, Voltaj=541.000V
2026-01-21 19:29:21 - spektroskopi - INFO - Raspberry Pi verisi işlendi: SENSOR_5 = 541.000V
2026-01-21 19:29:21 - spektroskopi - INFO - Raspberry Pi'dan veri alındı: 6e400002-b5a3-f393-e0a9-e50e24dcca9e (Handle: 19): Nordic UART RX, uzunluk: 2
2026-01-21 19:29:21 - spektroskopi - INFO - Raspberry Pi verisi: Ham=2606, Voltaj=2606.000V
2026-01-21 19:29:21 - spektroskopi - INFO - Raspberry Pi verisi işlendi: SENSOR_2 = 2606.000V
2026-01-21 19:29:22 - spektroskopi - WARNING - Zaman sıralama düzeltildi (averaged): 2026-01-21 19:29:21.931620
2026-01-21 19:29:22 - spektroskopi - WARNING - Zaman sıralama düzeltildi (averaged): 2026-01-21 19:29:21.932620
2026-01-21 19:29:22 - spektroskopi - WARNING - Zaman sıralama düzeltildi (averaged): 2026-01-21 19:29:21.933620
2026-01-21 19:29:22 - spektroskopi - WARNING - Zaman sıralama düzeltildi (averaged): 2026-01-21 19:29:21.934620
2026-01-21 19:29:22 - spektroskopi - WARNING - RealTimePanel: UV_360nm raw data uzunluk uyumsuzluğu (timestamps: 788, data: 200)
2026-01-21 19:29:22 - spektroskopi - WARNING - RealTimePanel: UV_360nm calibrated data uzunluk uyumsuzluğu (timestamps: 788, data: 200)
2026-01-21 19:29:22 - spektroskopi - WARNING - RealTimePanel: Blue_450nm raw data uzunluk uyumsuzluğu (timestamps: 788, data: 196)
2026-01-21 19:29:22 - spektroskopi - WARNING - RealTimePanel: Blue_450nm calibrated data uzunluk uyumsuzluğu (timestamps: 788, data: 196)
2026-01-21 19:29:22 - spektroskopi - WARNING - RealTimePanel: IR_850nm raw data uzunluk uyumsuzluğu (timestamps: 788, data: 196)
2026-01-21 19:29:22 - spektroskopi - WARNING - RealTimePanel: IR_850nm calibrated data uzunluk uyumsuzluğu (timestamps: 788, data: 196)
2026-01-21 19:29:22 - spektroskopi - WARNING - RealTimePanel: IR_940nm raw data uzunluk uyumsuzluğu (timestamps: 788, data: 196)
2026-01-21 19:29:22 - spektroskopi - WARNING - RealTimePanel: IR_940nm calibrated data uzunluk uyumsuzluğu (timestamps: 788, data: 196)
2026-01-21 19:29:22 - spektroskopi - INFO - Raspberry Pi'dan veri alındı: 6e400005-b5a3-f393-e0a9-e50e24dcca9e (Handle: 16): Unknown, uzunluk: 2
2026-01-21 19:29:22 - spektroskopi - INFO - Raspberry Pi verisi: Ham=3253, Voltaj=3253.000V
2026-01-21 19:29:22 - spektroskopi - INFO - Raspberry Pi verisi işlendi: SENSOR_EXTRA = 3253.000V
2026-01-21 19:29:22 - spektroskopi - INFO - Raspberry Pi'dan veri alındı: 6e400004-b5a3-f393-e0a9-e50e24dcca9e (Handle: 11): Unknown, uzunluk: 2
2026-01-21 19:29:22 - spektroskopi - INFO - Raspberry Pi verisi: Ham=872, Voltaj=872.000V
2026-01-21 19:29:22 - spektroskopi - INFO - Raspberry Pi verisi işlendi: SENSOR_7 = 872.000V
2026-01-21 19:29:22 - spektroskopi - INFO - Raspberry Pi'dan veri alındı: 6e400003-b5a3-f393-e0a9-e50e24dcca9e (Handle: 8): Nordic UART TX, uzunluk: 2
2026-01-21 19:29:22 - spektroskopi - INFO - Raspberry Pi verisi: Ham=779, Voltaj=779.000V
2026-01-21 19:29:22 - spektroskopi - INFO - Raspberry Pi verisi işlendi: SENSOR_5 = 779.000V
2026-01-21 19:29:22 - spektroskopi - INFO - Raspberry Pi'dan veri alındı: 6e400002-b5a3-f393-e0a9-e50e24dcca9e (Handle: 19): Nordic UART RX, uzunluk: 2
2026-01-21 19:29:22 - spektroskopi - INFO - Raspberry Pi verisi: Ham=3250, Voltaj=3250.000V
2026-01-21 19:29:22 - spektroskopi - INFO - Raspberry Pi verisi işlendi: SENSOR_2 = 3250.000V
2026-01-21 19:29:23 - spektroskopi - INFO - Raspberry Pi'dan veri alındı: 6e400005-b5a3-f393-e0a9-e50e24dcca9e (Handle: 16): Unknown, uzunluk: 2
2026-01-21 19:29:23 - spektroskopi - INFO - Raspberry Pi verisi: Ham=3172, Voltaj=3172.000V
2026-01-21 19:29:23 - spektroskopi - INFO - Raspberry Pi verisi işlendi: SENSOR_EXTRA = 3172.000V
2026-01-21 19:29:23 - spektroskopi - WARNING - Zaman sıralama düzeltildi (averaged): 2026-01-21 19:29:23.071610
2026-01-21 19:29:23 - spektroskopi - WARNING - Zaman sıralama düzeltildi (averaged): 2026-01-21 19:29:23.072610
2026-01-21 19:29:23 - spektroskopi - WARNING - Zaman sıralama düzeltildi (averaged): 2026-01-21 19:29:23.073610
2026-01-21 19:29:23 - spektroskopi - WARNING - Zaman sıralama düzeltildi (averaged): 2026-01-21 19:29:23.074610
2026-01-21 19:29:23 - spektroskopi - WARNING - Zaman sıralama düzeltildi (averaged): 2026-01-21 19:29:23.075610
2026-01-21 19:29:23 - spektroskopi - WARNING - RealTimePanel: UV_360nm raw data uzunluk uyumsuzluğu (timestamps: 798, data: 202)
2026-01-21 19:29:23 - spektroskopi - WARNING - RealTimePanel: UV_360nm calibrated data uzunluk uyumsuzluğu (timestamps: 798, data: 202)
2026-01-21 19:29:23 - spektroskopi - WARNING - RealTimePanel: Blue_450nm raw data uzunluk uyumsuzluğu (timestamps: 798, data: 200)
2026-01-21 19:29:23 - spektroskopi - WARNING - RealTimePanel: Blue_450nm calibrated data uzunluk uyumsuzluğu (timestamps: 798, data: 200)
2026-01-21 19:29:23 - spektroskopi - WARNING - RealTimePanel: IR_850nm raw data uzunluk uyumsuzluğu (timestamps: 798, data: 198)
2026-01-21 19:29:23 - spektroskopi - WARNING - RealTimePanel: IR_850nm calibrated data uzunluk uyumsuzluğu (timestamps: 798, data: 198)
2026-01-21 19:29:23 - spektroskopi - WARNING - RealTimePanel: IR_940nm raw data uzunluk uyumsuzluğu (timestamps: 798, data: 198)
2026-01-21 19:29:23 - spektroskopi - WARNING - RealTimePanel: IR_940nm calibrated data uzunluk uyumsuzluğu (timestamps: 798, data: 198)
2026-01-21 19:29:24 - spektroskopi - WARNING - BLE cihazı bağlantısı kesildi
2026-01-21 19:29:24 - spektroskopi - INFO - CONNECTION SUCCESS: sensor-1 - DISCONNECTED
2026-01-21 19:29:24 - spektroskopi - INFO - BLE bağlantısı kesildi
2026-01-21 19:29:24 - spektroskopi - INFO - Bağlantı koptu - LED kontrolleri devre dışı bırakıldı
2026-01-21 19:29:24 - spektroskopi - INFO - BLE bağlantı kopma callback çağrıldı: sensor-1
2026-01-21 19:29:24 - spektroskopi - WARNING - RealTimePanel: UV_360nm raw data uzunluk uyumsuzluğu (timestamps: 798, data: 202)
2026-01-21 19:29:24 - spektroskopi - WARNING - RealTimePanel: UV_360nm calibrated data uzunluk uyumsuzluğu (timestamps: 798, data: 202)
2026-01-21 19:29:24 - spektroskopi - WARNING - RealTimePanel: Blue_450nm raw data uzunluk uyumsuzluğu (timestamps: 798, data: 200)
2026-01-21 19:29:24 - spektroskopi - WARNING - RealTimePanel: Blue_450nm calibrated data uzunluk uyumsuzluğu (timestamps: 798, data: 200)
2026-01-21 19:29:24 - spektroskopi - WARNING - RealTimePanel: IR_850nm raw data uzunluk uyumsuzluğu (timestamps: 798, data: 198)
2026-01-21 19:29:24 - spektroskopi - WARNING - RealTimePanel: IR_850nm calibrated data uzunluk uyumsuzluğu (timestamps: 798, data: 198)
2026-01-21 19:29:24 - spektroskopi - WARNING - RealTimePanel: IR_940nm raw data uzunluk uyumsuzluğu (timestamps: 798, data: 198)
2026-01-21 19:29:24 - spektroskopi - WARNING - RealTimePanel: IR_940nm calibrated data uzunluk uyumsuzluğu (timestamps: 798, data: 198)
2026-01-21 19:29:25 - spektroskopi - WARNING - RealTimePanel: UV_360nm raw data uzunluk uyumsuzluğu (timestamps: 798, data: 202)
2026-01-21 19:29:25 - spektroskopi - WARNING - RealTimePanel: UV_360nm calibrated data uzunluk uyumsuzluğu (timestamps: 798, data: 202)
2026-01-21 19:29:25 - spektroskopi - WARNING - RealTimePanel: Blue_450nm raw data uzunluk uyumsuzluğu (timestamps: 798, data: 200)
2026-01-21 19:29:25 - spektroskopi - WARNING - RealTimePanel: Blue_450nm calibrated data uzunluk uyumsuzluğu (timestamps: 798, data: 200)
2026-01-21 19:29:25 - spektroskopi - WARNING - RealTimePanel: IR_850nm raw data uzunluk uyumsuzluğu (timestamps: 798, data: 198)
2026-01-21 19:29:25 - spektroskopi - WARNING - RealTimePanel: IR_850nm calibrated data uzunluk uyumsuzluğu (timestamps: 798, data: 198)
2026-01-21 19:29:25 - spektroskopi - WARNING - RealTimePanel: IR_940nm raw data uzunluk uyumsuzluğu (timestamps: 798, data: 198)
2026-01-21 19:29:25 - spektroskopi - WARNING - RealTimePanel: IR_940nm calibrated data uzunluk uyumsuzluğu (timestamps: 798, data: 198)
2026-01-21 19:29:26 - spektroskopi - WARNING - RealTimePanel: UV_360nm raw data uzunluk uyumsuzluğu (timestamps: 798, data: 202)
2026-01-21 19:29:26 - spektroskopi - WARNING - RealTimePanel: UV_360nm calibrated data uzunluk uyumsuzluğu (timestamps: 798, data: 202)
2026-01-21 19:29:26 - spektroskopi - WARNING - RealTimePanel: Blue_450nm raw data uzunluk uyumsuzluğu (timestamps: 798, data: 200)
2026-01-21 19:29:26 - spektroskopi - WARNING - RealTimePanel: Blue_450nm calibrated data uzunluk uyumsuzluğu (timestamps: 798, data: 200)
2026-01-21 19:29:26 - spektroskopi - WARNING - RealTimePanel: IR_850nm raw data uzunluk uyumsuzluğu (timestamps: 798, data: 198)
2026-01-21 19:29:26 - spektroskopi - WARNING - RealTimePanel: IR_850nm calibrated data uzunluk uyumsuzluğu (timestamps: 798, data: 198)
2026-01-21 19:29:26 - spektroskopi - WARNING - RealTimePanel: IR_940nm raw data uzunluk uyumsuzluğu (timestamps: 798, data: 198)
2026-01-21 19:29:26 - spektroskopi - WARNING - RealTimePanel: IR_940nm calibrated data uzunluk uyumsuzluğu (timestamps: 798, data: 198)
2026-01-21 19:29:27 - spektroskopi - WARNING - RealTimePanel: UV_360nm raw data uzunluk uyumsuzluğu (timestamps: 798, data: 202)
2026-01-21 19:29:27 - spektroskopi - WARNING - RealTimePanel: UV_360nm calibrated data uzunluk uyumsuzluğu (timestamps: 798, data: 202)
2026-01-21 19:29:27 - spektroskopi - WARNING - RealTimePanel: Blue_450nm raw data uzunluk uyumsuzluğu (timestamps: 798, data: 200)
2026-01-21 19:29:27 - spektroskopi - WARNING - RealTimePanel: Blue_450nm calibrated data uzunluk uyumsuzluğu (timestamps: 798, data: 200)
2026-01-21 19:29:27 - spektroskopi - WARNING - RealTimePanel: IR_850nm raw data uzunluk uyumsuzluğu (timestamps: 798, data: 198)
2026-01-21 19:29:27 - spektroskopi - WARNING - RealTimePanel: IR_850nm calibrated data uzunluk uyumsuzluğu (timestamps: 798, data: 198)
2026-01-21 19:29:27 - spektroskopi - WARNING - RealTimePanel: IR_940nm raw data uzunluk uyumsuzluğu (timestamps: 798, data: 198)
2026-01-21 19:29:27 - spektroskopi - WARNING - RealTimePanel: IR_940nm calibrated data uzunluk uyumsuzluğu (timestamps: 798, data: 198)
2026-01-21 19:29:28 - spektroskopi - WARNING - RealTimePanel: UV_360nm raw data uzunluk uyumsuzluğu (timestamps: 798, data: 202)
2026-01-21 19:29:28 - spektroskopi - WARNING - RealTimePanel: UV_360nm calibrated data uzunluk uyumsuzluğu (timestamps: 798, data: 202)
2026-01-21 19:29:28 - spektroskopi - WARNING - RealTimePanel: Blue_450nm raw data uzunluk uyumsuzluğu (timestamps: 798, data: 200)
2026-01-21 19:29:28 - spektroskopi - WARNING - RealTimePanel: Blue_450nm calibrated data uzunluk uyumsuzluğu (timestamps: 798, data: 200)
2026-01-21 19:29:28 - spektroskopi - WARNING - RealTimePanel: IR_850nm raw data uzunluk uyumsuzluğu (timestamps: 798, data: 198)
2026-01-21 19:29:28 - spektroskopi - WARNING - RealTimePanel: IR_850nm calibrated data uzunluk uyumsuzluğu (timestamps: 798, data: 198)
2026-01-21 19:29:28 - spektroskopi - WARNING - RealTimePanel: IR_940nm raw data uzunluk uyumsuzluğu (timestamps: 798, data: 198)
2026-01-21 19:29:28 - spektroskopi - WARNING - RealTimePanel: IR_940nm calibrated data uzunluk uyumsuzluğu (timestamps: 798, data: 198)
2026-01-21 19:29:29 - spektroskopi - WARNING - RealTimePanel: UV_360nm raw data uzunluk uyumsuzluğu (timestamps: 798, data: 202)
2026-01-21 19:29:29 - spektroskopi - WARNING - RealTimePanel: UV_360nm calibrated data uzunluk uyumsuzluğu (timestamps: 798, data: 202)
2026-01-21 19:29:29 - spektroskopi - WARNING - RealTimePanel: Blue_450nm raw data uzunluk uyumsuzluğu (timestamps: 798, data: 200)
2026-01-21 19:29:29 - spektroskopi - WARNING - RealTimePanel: Blue_450nm calibrated data uzunluk uyumsuzluğu (timestamps: 798, data: 200)
2026-01-21 19:29:29 - spektroskopi - WARNING - RealTimePanel: IR_850nm raw data uzunluk uyumsuzluğu (timestamps: 798, data: 198)
2026-01-21 19:29:29 - spektroskopi - WARNING - RealTimePanel: IR_850nm calibrated data uzunluk uyumsuzluğu (timestamps: 798, data: 198)
2026-01-21 19:29:29 - spektroskopi - WARNING - RealTimePanel: IR_940nm raw data uzunluk uyumsuzluğu (timestamps: 798, data: 198)
2026-01-21 19:29:29 - spektroskopi - WARNING - RealTimePanel: IR_940nm calibrated data uzunluk uyumsuzluğu (timestamps: 798, data: 198)
2026-01-21 19:29:30 - spektroskopi - WARNING - RealTimePanel: UV_360nm raw data uzunluk uyumsuzluğu (timestamps: 798, data: 202)
2026-01-21 19:29:30 - spektroskopi - WARNING - RealTimePanel: UV_360nm calibrated data uzunluk uyumsuzluğu (timestamps: 798, data: 202)
2026-01-21 19:29:30 - spektroskopi - WARNING - RealTimePanel: Blue_450nm raw data uzunluk uyumsuzluğu (timestamps: 798, data: 200)
2026-01-21 19:29:30 - spektroskopi - WARNING - RealTimePanel: Blue_450nm calibrated data uzunluk uyumsuzluğu (timestamps: 798, data: 200)
2026-01-21 19:29:30 - spektroskopi - WARNING - RealTimePanel: IR_850nm raw data uzunluk uyumsuzluğu (timestamps: 798, data: 198)
2026-01-21 19:29:30 - spektroskopi - WARNING - RealTimePanel: IR_850nm calibrated data uzunluk uyumsuzluğu (timestamps: 798, data: 198)
2026-01-21 19:29:30 - spektroskopi - WARNING - RealTimePanel: IR_940nm raw data uzunluk uyumsuzluğu (timestamps: 798, data: 198)
2026-01-21 19:29:30 - spektroskopi - WARNING - RealTimePanel: IR_940nm calibrated data uzunluk uyumsuzluğu (timestamps: 798, data: 198)
2026-01-21 19:29:31 - spektroskopi - WARNING - RealTimePanel: UV_360nm raw data uzunluk uyumsuzluğu (timestamps: 798, data: 202)
2026-01-21 19:29:31 - spektroskopi - WARNING - RealTimePanel: UV_360nm calibrated data uzunluk uyumsuzluğu (timestamps: 798, data: 202)
2026-01-21 19:29:31 - spektroskopi - WARNING - RealTimePanel: Blue_450nm raw data uzunluk uyumsuzluğu (timestamps: 798, data: 200)
2026-01-21 19:29:31 - spektroskopi - WARNING - RealTimePanel: Blue_450nm calibrated data uzunluk uyumsuzluğu (timestamps: 798, data: 200)
2026-01-21 19:29:31 - spektroskopi - WARNING - RealTimePanel: IR_850nm raw data uzunluk uyumsuzluğu (timestamps: 798, data: 198)
2026-01-21 19:29:31 - spektroskopi - WARNING - RealTimePanel: IR_850nm calibrated data uzunluk uyumsuzluğu (timestamps: 798, data: 198)
2026-01-21 19:29:31 - spektroskopi - WARNING - RealTimePanel: IR_940nm raw data uzunluk uyumsuzluğu (timestamps: 798, data: 198)
2026-01-21 19:29:31 - spektroskopi - WARNING - RealTimePanel: IR_940nm calibrated data uzunluk uyumsuzluğu (timestamps: 798, data: 198)
2026-01-21 19:29:32 - spektroskopi - WARNING - RealTimePanel: UV_360nm raw data uzunluk uyumsuzluğu (timestamps: 798, data: 202)
2026-01-21 19:29:32 - spektroskopi - WARNING - RealTimePanel: UV_360nm calibrated data uzunluk uyumsuzluğu (timestamps: 798, data: 202)
2026-01-21 19:29:32 - spektroskopi - WARNING - RealTimePanel: Blue_450nm raw data uzunluk uyumsuzluğu (timestamps: 798, data: 200)
2026-01-21 19:29:32 - spektroskopi - WARNING - RealTimePanel: Blue_450nm calibrated data uzunluk uyumsuzluğu (timestamps: 798, data: 200)
2026-01-21 19:29:32 - spektroskopi - WARNING - RealTimePanel: IR_850nm raw data uzunluk uyumsuzluğu (timestamps: 798, data: 198)
2026-01-21 19:29:32 - spektroskopi - WARNING - RealTimePanel: IR_850nm calibrated data uzunluk uyumsuzluğu (timestamps: 798, data: 198)
2026-01-21 19:29:32 - spektroskopi - WARNING - RealTimePanel: IR_940nm raw data uzunluk uyumsuzluğu (timestamps: 798, data: 198)
2026-01-21 19:29:32 - spektroskopi - WARNING - RealTimePanel: IR_940nm calibrated data uzunluk uyumsuzluğu (timestamps: 798, data: 198)
2026-01-21 19:29:33 - spektroskopi - WARNING - RealTimePanel: UV_360nm raw data uzunluk uyumsuzluğu (timestamps: 798, data: 202)
2026-01-21 19:29:33 - spektroskopi - WARNING - RealTimePanel: UV_360nm calibrated data uzunluk uyumsuzluğu (timestamps: 798, data: 202)
2026-01-21 19:29:33 - spektroskopi - WARNING - RealTimePanel: Blue_450nm raw data uzunluk uyumsuzluğu (timestamps: 798, data: 200)
2026-01-21 19:29:33 - spektroskopi - WARNING - RealTimePanel: Blue_450nm calibrated data uzunluk uyumsuzluğu (timestamps: 798, data: 200)
2026-01-21 19:29:33 - spektroskopi - WARNING - RealTimePanel: IR_850nm raw data uzunluk uyumsuzluğu (timestamps: 798, data: 198)
2026-01-21 19:29:33 - spektroskopi - WARNING - RealTimePanel: IR_850nm calibrated data uzunluk uyumsuzluğu (timestamps: 798, data: 198)
2026-01-21 19:29:33 - spektroskopi - WARNING - RealTimePanel: IR_940nm raw data uzunluk uyumsuzluğu (timestamps: 798, data: 198)
2026-01-21 19:29:33 - spektroskopi - WARNING - RealTimePanel: IR_940nm calibrated data uzunluk uyumsuzluğu (timestamps: 798, data: 198)
2026-01-21 19:29:34 - spektroskopi - WARNING - RealTimePanel: UV_360nm raw data uzunluk uyumsuzluğu (timestamps: 798, data: 202)
2026-01-21 19:29:34 - spektroskopi - WARNING - RealTimePanel: UV_360nm calibrated data uzunluk uyumsuzluğu (timestamps: 798, data: 202)
2026-01-21 19:29:34 - spektroskopi - WARNING - RealTimePanel: Blue_450nm raw data uzunluk uyumsuzluğu (timestamps: 798, data: 200)
2026-01-21 19:29:34 - spektroskopi - WARNING - RealTimePanel: Blue_450nm calibrated data uzunluk uyumsuzluğu (timestamps: 798, data: 200)
2026-01-21 19:29:34 - spektroskopi - WARNING - RealTimePanel: IR_850nm raw data uzunluk uyumsuzluğu (timestamps: 798, data: 198)
2026-01-21 19:29:34 - spektroskopi - WARNING - RealTimePanel: IR_850nm calibrated data uzunluk uyumsuzluğu (timestamps: 798, data: 198)
2026-01-21 19:29:34 - spektroskopi - WARNING - RealTimePanel: IR_940nm raw data uzunluk uyumsuzluğu (timestamps: 798, data: 198)
2026-01-21 19:29:34 - spektroskopi - WARNING - RealTimePanel: IR_940nm calibrated data uzunluk uyumsuzluğu (timestamps: 798, data: 198)
2026-01-21 19:29:35 - spektroskopi - WARNING - RealTimePanel: UV_360nm raw data uzunluk uyumsuzluğu (timestamps: 798, data: 202)
2026-01-21 19:29:35 - spektroskopi - WARNING - RealTimePanel: UV_360nm calibrated data uzunluk uyumsuzluğu (timestamps: 798, data: 202)
2026-01-21 19:29:35 - spektroskopi - WARNING - RealTimePanel: Blue_450nm raw data uzunluk uyumsuzluğu (timestamps: 798, data: 200)
2026-01-21 19:29:35 - spektroskopi - WARNING - RealTimePanel: Blue_450nm calibrated data uzunluk uyumsuzluğu (timestamps: 798, data: 200)
2026-01-21 19:29:35 - spektroskopi - WARNING - RealTimePanel: IR_850nm raw data uzunluk uyumsuzluğu (timestamps: 798, data: 198)
2026-01-21 19:29:35 - spektroskopi - WARNING - RealTimePanel: IR_850nm calibrated data uzunluk uyumsuzluğu (timestamps: 798, data: 198)
2026-01-21 19:29:35 - spektroskopi - WARNING - RealTimePanel: IR_940nm raw data uzunluk uyumsuzluğu (timestamps: 798, data: 198)
2026-01-21 19:29:35 - spektroskopi - WARNING - RealTimePanel: IR_940nm calibrated data uzunluk uyumsuzluğu (timestamps: 798, data: 198)
2026-01-21 19:29:36 - spektroskopi - WARNING - RealTimePanel: UV_360nm raw data uzunluk uyumsuzluğu (timestamps: 798, data: 202)
2026-01-21 19:29:36 - spektroskopi - WARNING - RealTimePanel: UV_360nm calibrated data uzunluk uyumsuzluğu (timestamps: 798, data: 202)
2026-01-21 19:29:36 - spektroskopi - WARNING - RealTimePanel: Blue_450nm raw data uzunluk uyumsuzluğu (timestamps: 798, data: 200)
2026-01-21 19:29:36 - spektroskopi - WARNING - RealTimePanel: Blue_450nm calibrated data uzunluk uyumsuzluğu (timestamps: 798, data: 200)
2026-01-21 19:29:36 - spektroskopi - WARNING - RealTimePanel: IR_850nm raw data uzunluk uyumsuzluğu (timestamps: 798, data: 198)
2026-01-21 19:29:36 - spektroskopi - WARNING - RealTimePanel: IR_850nm calibrated data uzunluk uyumsuzluğu (timestamps: 798, data: 198)
2026-01-21 19:29:36 - spektroskopi - WARNING - RealTimePanel: IR_940nm raw data uzunluk uyumsuzluğu (timestamps: 798, data: 198)
2026-01-21 19:29:36 - spektroskopi - WARNING - RealTimePanel: IR_940nm calibrated data uzunluk uyumsuzluğu (timestamps: 798, data: 198)
2026-01-21 19:29:37 - spektroskopi - WARNING - RealTimePanel: UV_360nm raw data uzunluk uyumsuzluğu (timestamps: 798, data: 202)
2026-01-21 19:29:37 - spektroskopi - WARNING - RealTimePanel: UV_360nm calibrated data uzunluk uyumsuzluğu (timestamps: 798, data: 202)
2026-01-21 19:29:37 - spektroskopi - WARNING - RealTimePanel: Blue_450nm raw data uzunluk uyumsuzluğu (timestamps: 798, data: 200)
2026-01-21 19:29:37 - spektroskopi - WARNING - RealTimePanel: Blue_450nm calibrated data uzunluk uyumsuzluğu (timestamps: 798, data: 200)
2026-01-21 19:29:37 - spektroskopi - WARNING - RealTimePanel: IR_850nm raw data uzunluk uyumsuzluğu (timestamps: 798, data: 198)
2026-01-21 19:29:37 - spektroskopi - WARNING - RealTimePanel: IR_850nm calibrated data uzunluk uyumsuzluğu (timestamps: 798, data: 198)
2026-01-21 19:29:37 - spektroskopi - WARNING - RealTimePanel: IR_940nm raw data uzunluk uyumsuzluğu (timestamps: 798, data: 198)
2026-01-21 19:29:37 - spektroskopi - WARNING - RealTimePanel: IR_940nm calibrated data uzunluk uyumsuzluğu (timestamps: 798, data: 198)
2026-01-21 19:29:38 - spektroskopi - WARNING - RealTimePanel: UV_360nm raw data uzunluk uyumsuzluğu (timestamps: 798, data: 202)
2026-01-21 19:29:38 - spektroskopi - WARNING - RealTimePanel: UV_360nm calibrated data uzunluk uyumsuzluğu (timestamps: 798, data: 202)
2026-01-21 19:29:38 - spektroskopi - WARNING - RealTimePanel: Blue_450nm raw data uzunluk uyumsuzluğu (timestamps: 798, data: 200)
2026-01-21 19:29:38 - spektroskopi - WARNING - RealTimePanel: Blue_450nm calibrated data uzunluk uyumsuzluğu (timestamps: 798, data: 200)
2026-01-21 19:29:38 - spektroskopi - WARNING - RealTimePanel: IR_850nm raw data uzunluk uyumsuzluğu (timestamps: 798, data: 198)
2026-01-21 19:29:38 - spektroskopi - WARNING - RealTimePanel: IR_850nm calibrated data uzunluk uyumsuzluğu (timestamps: 798, data: 198)
2026-01-21 19:29:38 - spektroskopi - WARNING - RealTimePanel: IR_940nm raw data uzunluk uyumsuzluğu (timestamps: 798, data: 198)
2026-01-21 19:29:38 - spektroskopi - WARNING - RealTimePanel: IR_940nm calibrated data uzunluk uyumsuzluğu (timestamps: 798, data: 198)
2026-01-21 19:29:39 - spektroskopi - WARNING - RealTimePanel: UV_360nm raw data uzunluk uyumsuzluğu (timestamps: 798, data: 202)
2026-01-21 19:29:39 - spektroskopi - WARNING - RealTimePanel: UV_360nm calibrated data uzunluk uyumsuzluğu (timestamps: 798, data: 202)
2026-01-21 19:29:39 - spektroskopi - WARNING - RealTimePanel: Blue_450nm raw data uzunluk uyumsuzluğu (timestamps: 798, data: 200)
2026-01-21 19:29:39 - spektroskopi - WARNING - RealTimePanel: Blue_450nm calibrated data uzunluk uyumsuzluğu (timestamps: 798, data: 200)
2026-01-21 19:29:39 - spektroskopi - WARNING - RealTimePanel: IR_850nm raw data uzunluk uyumsuzluğu (timestamps: 798, data: 198)
2026-01-21 19:29:39 - spektroskopi - WARNING - RealTimePanel: IR_850nm calibrated data uzunluk uyumsuzluğu (timestamps: 798, data: 198)
2026-01-21 19:29:39 - spektroskopi - WARNING - RealTimePanel: IR_940nm raw data uzunluk uyumsuzluğu (timestamps: 798, data: 198)
2026-01-21 19:29:39 - spektroskopi - WARNING - RealTimePanel: IR_940nm calibrated data uzunluk uyumsuzluğu (timestamps: 798, data: 198)
2026-01-21 19:29:40 - spektroskopi - WARNING - RealTimePanel: UV_360nm raw data uzunluk uyumsuzluğu (timestamps: 798, data: 202)
2026-01-21 19:29:40 - spektroskopi - WARNING - RealTimePanel: UV_360nm calibrated data uzunluk uyumsuzluğu (timestamps: 798, data: 202)
2026-01-21 19:29:40 - spektroskopi - WARNING - RealTimePanel: Blue_450nm raw data uzunluk uyumsuzluğu (timestamps: 798, data: 200)
2026-01-21 19:29:40 - spektroskopi - WARNING - RealTimePanel: Blue_450nm calibrated data uzunluk uyumsuzluğu (timestamps: 798, data: 200)
2026-01-21 19:29:40 - spektroskopi - WARNING - RealTimePanel: IR_850nm raw data uzunluk uyumsuzluğu (timestamps: 798, data: 198)
2026-01-21 19:29:40 - spektroskopi - WARNING - RealTimePanel: IR_850nm calibrated data uzunluk uyumsuzluğu (timestamps: 798, data: 198)
2026-01-21 19:29:40 - spektroskopi - WARNING - RealTimePanel: IR_940nm raw data uzunluk uyumsuzluğu (timestamps: 798, data: 198)
2026-01-21 19:29:40 - spektroskopi - WARNING - RealTimePanel: IR_940nm calibrated data uzunluk uyumsuzluğu (timestamps: 798, data: 198)
2026-01-21 19:29:41 - spektroskopi - WARNING - RealTimePanel: UV_360nm raw data uzunluk uyumsuzluğu (timestamps: 798, data: 202)
2026-01-21 19:29:41 - spektroskopi - WARNING - RealTimePanel: UV_360nm calibrated data uzunluk uyumsuzluğu (timestamps: 798, data: 202)
2026-01-21 19:29:41 - spektroskopi - WARNING - RealTimePanel: Blue_450nm raw data uzunluk uyumsuzluğu (timestamps: 798, data: 200)
2026-01-21 19:29:41 - spektroskopi - WARNING - RealTimePanel: Blue_450nm calibrated data uzunluk uyumsuzluğu (timestamps: 798, data: 200)
2026-01-21 19:29:41 - spektroskopi - WARNING - RealTimePanel: IR_850nm raw data uzunluk uyumsuzluğu (timestamps: 798, data: 198)
2026-01-21 19:29:41 - spektroskopi - WARNING - RealTimePanel: IR_850nm calibrated data uzunluk uyumsuzluğu (timestamps: 798, data: 198)
2026-01-21 19:29:41 - spektroskopi - WARNING - RealTimePanel: IR_940nm raw data uzunluk uyumsuzluğu (timestamps: 798, data: 198)
2026-01-21 19:29:41 - spektroskopi - WARNING - RealTimePanel: IR_940nm calibrated data uzunluk uyumsuzluğu (timestamps: 798, data: 198)
2026-01-21 19:29:42 - spektroskopi - WARNING - RealTimePanel: UV_360nm raw data uzunluk uyumsuzluğu (timestamps: 798, data: 202)
2026-01-21 19:29:42 - spektroskopi - WARNING - RealTimePanel: UV_360nm calibrated data uzunluk uyumsuzluğu (timestamps: 798, data: 202)
2026-01-21 19:29:42 - spektroskopi - WARNING - RealTimePanel: Blue_450nm raw data uzunluk uyumsuzluğu (timestamps: 798, data: 200)
2026-01-21 19:29:42 - spektroskopi - WARNING - RealTimePanel: Blue_450nm calibrated data uzunluk uyumsuzluğu (timestamps: 798, data: 200)
2026-01-21 19:29:42 - spektroskopi - WARNING - RealTimePanel: IR_850nm raw data uzunluk uyumsuzluğu (timestamps: 798, data: 198)
2026-01-21 19:29:42 - spektroskopi - WARNING - RealTimePanel: IR_850nm calibrated data uzunluk uyumsuzluğu (timestamps: 798, data: 198)
2026-01-21 19:29:42 - spektroskopi - WARNING - RealTimePanel: IR_940nm raw data uzunluk uyumsuzluğu (timestamps: 798, data: 198)
2026-01-21 19:29:42 - spektroskopi - WARNING - RealTimePanel: IR_940nm calibrated data uzunluk uyumsuzluğu (timestamps: 798, data: 198)
2026-01-21 19:29:43 - spektroskopi - WARNING - RealTimePanel: UV_360nm raw data uzunluk uyumsuzluğu (timestamps: 798, data: 202)
2026-01-21 19:29:43 - spektroskopi - WARNING - RealTimePanel: UV_360nm calibrated data uzunluk uyumsuzluğu (timestamps: 798, data: 202)
2026-01-21 19:29:43 - spektroskopi - WARNING - RealTimePanel: Blue_450nm raw data uzunluk uyumsuzluğu (timestamps: 798, data: 200)
2026-01-21 19:29:43 - spektroskopi - WARNING - RealTimePanel: Blue_450nm calibrated data uzunluk uyumsuzluğu (timestamps: 798, data: 200)
2026-01-21 19:29:43 - spektroskopi - WARNING - RealTimePanel: IR_850nm raw data uzunluk uyumsuzluğu (timestamps: 798, data: 198)
2026-01-21 19:29:43 - spektroskopi - WARNING - RealTimePanel: IR_850nm calibrated data uzunluk uyumsuzluğu (timestamps: 798, data: 198)
2026-01-21 19:29:43 - spektroskopi - WARNING - RealTimePanel: IR_940nm raw data uzunluk uyumsuzluğu (timestamps: 798, data: 198)
2026-01-21 19:29:43 - spektroskopi - WARNING - RealTimePanel: IR_940nm calibrated data uzunluk uyumsuzluğu (timestamps: 798, data: 198)
2026-01-21 19:29:44 - spektroskopi - WARNING - RealTimePanel: UV_360nm raw data uzunluk uyumsuzluğu (timestamps: 798, data: 202)
2026-01-21 19:29:44 - spektroskopi - WARNING - RealTimePanel: UV_360nm calibrated data uzunluk uyumsuzluğu (timestamps: 798, data: 202)
2026-01-21 19:29:44 - spektroskopi - WARNING - RealTimePanel: Blue_450nm raw data uzunluk uyumsuzluğu (timestamps: 798, data: 200)
2026-01-21 19:29:44 - spektroskopi - WARNING - RealTimePanel: Blue_450nm calibrated data uzunluk uyumsuzluğu (timestamps: 798, data: 200)
2026-01-21 19:29:44 - spektroskopi - WARNING - RealTimePanel: IR_850nm raw data uzunluk uyumsuzluğu (timestamps: 798, data: 198)
2026-01-21 19:29:44 - spektroskopi - WARNING - RealTimePanel: IR_850nm calibrated data uzunluk uyumsuzluğu (timestamps: 798, data: 198)
2026-01-21 19:29:44 - spektroskopi - WARNING - RealTimePanel: IR_940nm raw data uzunluk uyumsuzluğu (timestamps: 798, data: 198)
2026-01-21 19:29:44 - spektroskopi - WARNING - RealTimePanel: IR_940nm calibrated data uzunluk uyumsuzluğu (timestamps: 798, data: 198)
2026-01-21 19:29:45 - spektroskopi - WARNING - RealTimePanel: UV_360nm raw data uzunluk uyumsuzluğu (timestamps: 798, data: 202)
2026-01-21 19:29:45 - spektroskopi - WARNING - RealTimePanel: UV_360nm calibrated data uzunluk uyumsuzluğu (timestamps: 798, data: 202)
2026-01-21 19:29:45 - spektroskopi - WARNING - RealTimePanel: Blue_450nm raw data uzunluk uyumsuzluğu (timestamps: 798, data: 200)
2026-01-21 19:29:45 - spektroskopi - WARNING - RealTimePanel: Blue_450nm calibrated data uzunluk uyumsuzluğu (timestamps: 798, data: 200)
2026-01-21 19:29:45 - spektroskopi - WARNING - RealTimePanel: IR_850nm raw data uzunluk uyumsuzluğu (timestamps: 798, data: 198)
2026-01-21 19:29:45 - spektroskopi - WARNING - RealTimePanel: IR_850nm calibrated data uzunluk uyumsuzluğu (timestamps: 798, data: 198)
2026-01-21 19:29:45 - spektroskopi - WARNING - RealTimePanel: IR_940nm raw data uzunluk uyumsuzluğu (timestamps: 798, data: 198)
2026-01-21 19:29:45 - spektroskopi - WARNING - RealTimePanel: IR_940nm calibrated data uzunluk uyumsuzluğu (timestamps: 798, data: 198)
2026-01-21 19:29:46 - spektroskopi - WARNING - RealTimePanel: UV_360nm raw data uzunluk uyumsuzluğu (timestamps: 798, data: 202)
2026-01-21 19:29:46 - spektroskopi - WARNING - RealTimePanel: UV_360nm calibrated data uzunluk uyumsuzluğu (timestamps: 798, data: 202)
2026-01-21 19:29:46 - spektroskopi - WARNING - RealTimePanel: Blue_450nm raw data uzunluk uyumsuzluğu (timestamps: 798, data: 200)
2026-01-21 19:29:46 - spektroskopi - WARNING - RealTimePanel: Blue_450nm calibrated data uzunluk uyumsuzluğu (timestamps: 798, data: 200)
2026-01-21 19:29:46 - spektroskopi - WARNING - RealTimePanel: IR_850nm raw data uzunluk uyumsuzluğu (timestamps: 798, data: 198)
2026-01-21 19:29:46 - spektroskopi - WARNING - RealTimePanel: IR_850nm calibrated data uzunluk uyumsuzluğu (timestamps: 798, data: 198)
2026-01-21 19:29:46 - spektroskopi - WARNING - RealTimePanel: IR_940nm raw data uzunluk uyumsuzluğu (timestamps: 798, data: 198)
2026-01-21 19:29:46 - spektroskopi - WARNING - RealTimePanel: IR_940nm calibrated data uzunluk uyumsuzluğu (timestamps: 798, data: 198)
2026-01-21 19:29:47 - spektroskopi - WARNING - RealTimePanel: UV_360nm raw data uzunluk uyumsuzluğu (timestamps: 798, data: 202)
2026-01-21 19:29:47 - spektroskopi - WARNING - RealTimePanel: UV_360nm calibrated data uzunluk uyumsuzluğu (timestamps: 798, data: 202)
2026-01-21 19:29:47 - spektroskopi - WARNING - RealTimePanel: Blue_450nm raw data uzunluk uyumsuzluğu (timestamps: 798, data: 200)
2026-01-21 19:29:47 - spektroskopi - WARNING - RealTimePanel: Blue_450nm calibrated data uzunluk uyumsuzluğu (timestamps: 798, data: 200)
2026-01-21 19:29:47 - spektroskopi - WARNING - RealTimePanel: IR_850nm raw data uzunluk uyumsuzluğu (timestamps: 798, data: 198)
2026-01-21 19:29:47 - spektroskopi - WARNING - RealTimePanel: IR_850nm calibrated data uzunluk uyumsuzluğu (timestamps: 798, data: 198)
2026-01-21 19:29:47 - spektroskopi - WARNING - RealTimePanel: IR_940nm raw data uzunluk uyumsuzluğu (timestamps: 798, data: 198)
2026-01-21 19:29:47 - spektroskopi - WARNING - RealTimePanel: IR_940nm calibrated data uzunluk uyumsuzluğu (timestamps: 798, data: 198)
2026-01-21 19:29:48 - spektroskopi - WARNING - RealTimePanel: UV_360nm raw data uzunluk uyumsuzluğu (timestamps: 798, data: 202)
2026-01-21 19:29:48 - spektroskopi - WARNING - RealTimePanel: UV_360nm calibrated data uzunluk uyumsuzluğu (timestamps: 798, data: 202)
2026-01-21 19:29:48 - spektroskopi - WARNING - RealTimePanel: Blue_450nm raw data uzunluk uyumsuzluğu (timestamps: 798, data: 200)
2026-01-21 19:29:48 - spektroskopi - WARNING - RealTimePanel: Blue_450nm calibrated data uzunluk uyumsuzluğu (timestamps: 798, data: 200)
2026-01-21 19:29:48 - spektroskopi - WARNING - RealTimePanel: IR_850nm raw data uzunluk uyumsuzluğu (timestamps: 798, data: 198)
2026-01-21 19:29:48 - spektroskopi - WARNING - RealTimePanel: IR_850nm calibrated data uzunluk uyumsuzluğu (timestamps: 798, data: 198)
2026-01-21 19:29:48 - spektroskopi - WARNING - RealTimePanel: IR_940nm raw data uzunluk uyumsuzluğu (timestamps: 798, data: 198)
2026-01-21 19:29:48 - spektroskopi - WARNING - RealTimePanel: IR_940nm calibrated data uzunluk uyumsuzluğu (timestamps: 798, data: 198)
2026-01-21 19:29:49 - spektroskopi - WARNING - RealTimePanel: UV_360nm raw data uzunluk uyumsuzluğu (timestamps: 798, data: 202)
2026-01-21 19:29:49 - spektroskopi - WARNING - RealTimePanel: UV_360nm calibrated data uzunluk uyumsuzluğu (timestamps: 798, data: 202)
2026-01-21 19:29:49 - spektroskopi - WARNING - RealTimePanel: Blue_450nm raw data uzunluk uyumsuzluğu (timestamps: 798, data: 200)
2026-01-21 19:29:49 - spektroskopi - WARNING - RealTimePanel: Blue_450nm calibrated data uzunluk uyumsuzluğu (timestamps: 798, data: 200)
2026-01-21 19:29:49 - spektroskopi - WARNING - RealTimePanel: IR_850nm raw data uzunluk uyumsuzluğu (timestamps: 798, data: 198)
2026-01-21 19:29:49 - spektroskopi - WARNING - RealTimePanel: IR_850nm calibrated data uzunluk uyumsuzluğu (timestamps: 798, data: 198)
2026-01-21 19:29:49 - spektroskopi - WARNING - RealTimePanel: IR_940nm raw data uzunluk uyumsuzluğu (timestamps: 798, data: 198)
2026-01-21 19:29:49 - spektroskopi - WARNING - RealTimePanel: IR_940nm calibrated data uzunluk uyumsuzluğu (timestamps: 798, data: 198)
2026-01-21 19:29:50 - spektroskopi - WARNING - RealTimePanel: UV_360nm raw data uzunluk uyumsuzluğu (timestamps: 798, data: 202)
2026-01-21 19:29:50 - spektroskopi - WARNING - RealTimePanel: UV_360nm calibrated data uzunluk uyumsuzluğu (timestamps: 798, data: 202)
2026-01-21 19:29:50 - spektroskopi - WARNING - RealTimePanel: Blue_450nm raw data uzunluk uyumsuzluğu (timestamps: 798, data: 200)
2026-01-21 19:29:50 - spektroskopi - WARNING - RealTimePanel: Blue_450nm calibrated data uzunluk uyumsuzluğu (timestamps: 798, data: 200)
2026-01-21 19:29:50 - spektroskopi - WARNING - RealTimePanel: IR_850nm raw data uzunluk uyumsuzluğu (timestamps: 798, data: 198)
2026-01-21 19:29:50 - spektroskopi - WARNING - RealTimePanel: IR_850nm calibrated data uzunluk uyumsuzluğu (timestamps: 798, data: 198)
2026-01-21 19:29:50 - spektroskopi - WARNING - RealTimePanel: IR_940nm raw data uzunluk uyumsuzluğu (timestamps: 798, data: 198)
2026-01-21 19:29:50 - spektroskopi - WARNING - RealTimePanel: IR_940nm calibrated data uzunluk uyumsuzluğu (timestamps: 798, data: 198)
2026-01-21 19:29:51 - spektroskopi - WARNING - RealTimePanel: UV_360nm raw data uzunluk uyumsuzluğu (timestamps: 798, data: 202)
2026-01-21 19:29:51 - spektroskopi - WARNING - RealTimePanel: UV_360nm calibrated data uzunluk uyumsuzluğu (timestamps: 798, data: 202)
2026-01-21 19:29:51 - spektroskopi - WARNING - RealTimePanel: Blue_450nm raw data uzunluk uyumsuzluğu (timestamps: 798, data: 200)
2026-01-21 19:29:51 - spektroskopi - WARNING - RealTimePanel: Blue_450nm calibrated data uzunluk uyumsuzluğu (timestamps: 798, data: 200)
2026-01-21 19:29:51 - spektroskopi - WARNING - RealTimePanel: IR_850nm raw data uzunluk uyumsuzluğu (timestamps: 798, data: 198)
2026-01-21 19:29:51 - spektroskopi - WARNING - RealTimePanel: IR_850nm calibrated data uzunluk uyumsuzluğu (timestamps: 798, data: 198)
2026-01-21 19:29:51 - spektroskopi - WARNING - RealTimePanel: IR_940nm raw data uzunluk uyumsuzluğu (timestamps: 798, data: 198)
2026-01-21 19:29:51 - spektroskopi - WARNING - RealTimePanel: IR_940nm calibrated data uzunluk uyumsuzluğu (timestamps: 798, data: 198)
2026-01-21 19:29:52 - spektroskopi - WARNING - RealTimePanel: UV_360nm raw data uzunluk uyumsuzluğu (timestamps: 798, data: 202)
2026-01-21 19:29:52 - spektroskopi - WARNING - RealTimePanel: UV_360nm calibrated data uzunluk uyumsuzluğu (timestamps: 798, data: 202)
2026-01-21 19:29:52 - spektroskopi - WARNING - RealTimePanel: Blue_450nm raw data uzunluk uyumsuzluğu (timestamps: 798, data: 200)
2026-01-21 19:29:52 - spektroskopi - WARNING - RealTimePanel: Blue_450nm calibrated data uzunluk uyumsuzluğu (timestamps: 798, data: 200)
2026-01-21 19:29:52 - spektroskopi - WARNING - RealTimePanel: IR_850nm raw data uzunluk uyumsuzluğu (timestamps: 798, data: 198)
2026-01-21 19:29:52 - spektroskopi - WARNING - RealTimePanel: IR_850nm calibrated data uzunluk uyumsuzluğu (timestamps: 798, data: 198)
2026-01-21 19:29:52 - spektroskopi - WARNING - RealTimePanel: IR_940nm raw data uzunluk uyumsuzluğu (timestamps: 798, data: 198)
2026-01-21 19:29:52 - spektroskopi - WARNING - RealTimePanel: IR_940nm calibrated data uzunluk uyumsuzluğu (timestamps: 798, data: 198)
2026-01-21 19:29:53 - spektroskopi - WARNING - RealTimePanel: UV_360nm raw data uzunluk uyumsuzluğu (timestamps: 798, data: 202)
2026-01-21 19:29:53 - spektroskopi - WARNING - RealTimePanel: UV_360nm calibrated data uzunluk uyumsuzluğu (timestamps: 798, data: 202)
2026-01-21 19:29:53 - spektroskopi - WARNING - RealTimePanel: Blue_450nm raw data uzunluk uyumsuzluğu (timestamps: 798, data: 200)
2026-01-21 19:29:53 - spektroskopi - WARNING - RealTimePanel: Blue_450nm calibrated data uzunluk uyumsuzluğu (timestamps: 798, data: 200)
2026-01-21 19:29:53 - spektroskopi - WARNING - RealTimePanel: IR_850nm raw data uzunluk uyumsuzluğu (timestamps: 798, data: 198)
2026-01-21 19:29:53 - spektroskopi - WARNING - RealTimePanel: IR_850nm calibrated data uzunluk uyumsuzluğu (timestamps: 798, data: 198)
2026-01-21 19:29:53 - spektroskopi - WARNING - RealTimePanel: IR_940nm raw data uzunluk uyumsuzluğu (timestamps: 798, data: 198)
2026-01-21 19:29:53 - spektroskopi - WARNING - RealTimePanel: IR_940nm calibrated data uzunluk uyumsuzluğu (timestamps: 798, data: 198)
2026-01-21 19:29:54 - spektroskopi - WARNING - RealTimePanel: UV_360nm raw data uzunluk uyumsuzluğu (timestamps: 798, data: 202)
2026-01-21 19:29:54 - spektroskopi - WARNING - RealTimePanel: UV_360nm calibrated data uzunluk uyumsuzluğu (timestamps: 798, data: 202)
2026-01-21 19:29:54 - spektroskopi - WARNING - RealTimePanel: Blue_450nm raw data uzunluk uyumsuzluğu (timestamps: 798, data: 200)
2026-01-21 19:29:54 - spektroskopi - WARNING - RealTimePanel: Blue_450nm calibrated data uzunluk uyumsuzluğu (timestamps: 798, data: 200)
2026-01-21 19:29:54 - spektroskopi - WARNING - RealTimePanel: IR_850nm raw data uzunluk uyumsuzluğu (timestamps: 798, data: 198)
2026-01-21 19:29:54 - spektroskopi - WARNING - RealTimePanel: IR_850nm calibrated data uzunluk uyumsuzluğu (timestamps: 798, data: 198)
2026-01-21 19:29:54 - spektroskopi - WARNING - RealTimePanel: IR_940nm raw data uzunluk uyumsuzluğu (timestamps: 798, data: 198)
2026-01-21 19:29:54 - spektroskopi - WARNING - RealTimePanel: IR_940nm calibrated data uzunluk uyumsuzluğu (timestamps: 798, data: 198)
2026-01-21 19:29:55 - spektroskopi - WARNING - RealTimePanel: UV_360nm raw data uzunluk uyumsuzluğu (timestamps: 798, data: 202)
2026-01-21 19:29:55 - spektroskopi - WARNING - RealTimePanel: UV_360nm calibrated data uzunluk uyumsuzluğu (timestamps: 798, data: 202)
2026-01-21 19:29:55 - spektroskopi - WARNING - RealTimePanel: Blue_450nm raw data uzunluk uyumsuzluğu (timestamps: 798, data: 200)
2026-01-21 19:29:55 - spektroskopi - WARNING - RealTimePanel: Blue_450nm calibrated data uzunluk uyumsuzluğu (timestamps: 798, data: 200)
2026-01-21 19:29:55 - spektroskopi - WARNING - RealTimePanel: IR_850nm raw data uzunluk uyumsuzluğu (timestamps: 798, data: 198)
2026-01-21 19:29:55 - spektroskopi - WARNING - RealTimePanel: IR_850nm calibrated data uzunluk uyumsuzluğu (timestamps: 798, data: 198)
2026-01-21 19:29:55 - spektroskopi - WARNING - RealTimePanel: IR_940nm raw data uzunluk uyumsuzluğu (timestamps: 798, data: 198)
2026-01-21 19:29:55 - spektroskopi - WARNING - RealTimePanel: IR_940nm calibrated data uzunluk uyumsuzluğu (timestamps: 798, data: 198)
2026-01-21 19:29:56 - spektroskopi - WARNING - RealTimePanel: UV_360nm raw data uzunluk uyumsuzluğu (timestamps: 798, data: 202)
2026-01-21 19:29:56 - spektroskopi - WARNING - RealTimePanel: UV_360nm calibrated data uzunluk uyumsuzluğu (timestamps: 798, data: 202)
2026-01-21 19:29:56 - spektroskopi - WARNING - RealTimePanel: Blue_450nm raw data uzunluk uyumsuzluğu (timestamps: 798, data: 200)
2026-01-21 19:29:56 - spektroskopi - WARNING - RealTimePanel: Blue_450nm calibrated data uzunluk uyumsuzluğu (timestamps: 798, data: 200)
2026-01-21 19:29:56 - spektroskopi - WARNING - RealTimePanel: IR_850nm raw data uzunluk uyumsuzluğu (timestamps: 798, data: 198)
2026-01-21 19:29:56 - spektroskopi - WARNING - RealTimePanel: IR_850nm calibrated data uzunluk uyumsuzluğu (timestamps: 798, data: 198)
2026-01-21 19:29:56 - spektroskopi - WARNING - RealTimePanel: IR_940nm raw data uzunluk uyumsuzluğu (timestamps: 798, data: 198)
2026-01-21 19:29:56 - spektroskopi - WARNING - RealTimePanel: IR_940nm calibrated data uzunluk uyumsuzluğu (timestamps: 798, data: 198)
2026-01-21 19:29:57 - spektroskopi - WARNING - RealTimePanel: UV_360nm raw data uzunluk uyumsuzluğu (timestamps: 798, data: 202)
2026-01-21 19:29:57 - spektroskopi - WARNING - RealTimePanel: UV_360nm calibrated data uzunluk uyumsuzluğu (timestamps: 798, data: 202)
2026-01-21 19:29:57 - spektroskopi - WARNING - RealTimePanel: Blue_450nm raw data uzunluk uyumsuzluğu (timestamps: 798, data: 200)
2026-01-21 19:29:57 - spektroskopi - WARNING - RealTimePanel: Blue_450nm calibrated data uzunluk uyumsuzluğu (timestamps: 798, data: 200)
2026-01-21 19:29:57 - spektroskopi - WARNING - RealTimePanel: IR_850nm raw data uzunluk uyumsuzluğu (timestamps: 798, data: 198)
2026-01-21 19:29:57 - spektroskopi - WARNING - RealTimePanel: IR_850nm calibrated data uzunluk uyumsuzluğu (timestamps: 798, data: 198)
2026-01-21 19:29:57 - spektroskopi - WARNING - RealTimePanel: IR_940nm raw data uzunluk uyumsuzluğu (timestamps: 798, data: 198)
2026-01-21 19:29:57 - spektroskopi - WARNING - RealTimePanel: IR_940nm calibrated data uzunluk uyumsuzluğu (timestamps: 798, data: 198)
2026-01-21 19:29:58 - spektroskopi - WARNING - RealTimePanel: UV_360nm raw data uzunluk uyumsuzluğu (timestamps: 798, data: 202)
2026-01-21 19:29:58 - spektroskopi - WARNING - RealTimePanel: UV_360nm calibrated data uzunluk uyumsuzluğu (timestamps: 798, data: 202)
2026-01-21 19:29:58 - spektroskopi - WARNING - RealTimePanel: Blue_450nm raw data uzunluk uyumsuzluğu (timestamps: 798, data: 200)
2026-01-21 19:29:58 - spektroskopi - WARNING - RealTimePanel: Blue_450nm calibrated data uzunluk uyumsuzluğu (timestamps: 798, data: 200)
2026-01-21 19:29:58 - spektroskopi - WARNING - RealTimePanel: IR_850nm raw data uzunluk uyumsuzluğu (timestamps: 798, data: 198)
2026-01-21 19:29:58 - spektroskopi - WARNING - RealTimePanel: IR_850nm calibrated data uzunluk uyumsuzluğu (timestamps: 798, data: 198)
2026-01-21 19:29:58 - spektroskopi - WARNING - RealTimePanel: IR_940nm raw data uzunluk uyumsuzluğu (timestamps: 798, data: 198)
2026-01-21 19:29:58 - spektroskopi - WARNING - RealTimePanel: IR_940nm calibrated data uzunluk uyumsuzluğu (timestamps: 798, data: 198)
2026-01-21 19:29:59 - spektroskopi - WARNING - RealTimePanel: UV_360nm raw data uzunluk uyumsuzluğu (timestamps: 798, data: 202)
2026-01-21 19:29:59 - spektroskopi - WARNING - RealTimePanel: UV_360nm calibrated data uzunluk uyumsuzluğu (timestamps: 798, data: 202)
2026-01-21 19:29:59 - spektroskopi - WARNING - RealTimePanel: Blue_450nm raw data uzunluk uyumsuzluğu (timestamps: 798, data: 200)
2026-01-21 19:29:59 - spektroskopi - WARNING - RealTimePanel: Blue_450nm calibrated data uzunluk uyumsuzluğu (timestamps: 798, data: 200)
2026-01-21 19:29:59 - spektroskopi - WARNING - RealTimePanel: IR_850nm raw data uzunluk uyumsuzluğu (timestamps: 798, data: 198)
2026-01-21 19:29:59 - spektroskopi - WARNING - RealTimePanel: IR_850nm calibrated data uzunluk uyumsuzluğu (timestamps: 798, data: 198)
2026-01-21 19:29:59 - spektroskopi - WARNING - RealTimePanel: IR_940nm raw data uzunluk uyumsuzluğu (timestamps: 798, data: 198)
2026-01-21 19:29:59 - spektroskopi - WARNING - RealTimePanel: IR_940nm calibrated data uzunluk uyumsuzluğu (timestamps: 798, data: 198)
2026-01-21 19:30:00 - spektroskopi - WARNING - RealTimePanel: UV_360nm raw data uzunluk uyumsuzluğu (timestamps: 798, data: 202)
2026-01-21 19:30:00 - spektroskopi - WARNING - RealTimePanel: UV_360nm calibrated data uzunluk uyumsuzluğu (timestamps: 798, data: 202)
2026-01-21 19:30:00 - spektroskopi - WARNING - RealTimePanel: Blue_450nm raw data uzunluk uyumsuzluğu (timestamps: 798, data: 200)
2026-01-21 19:30:00 - spektroskopi - WARNING - RealTimePanel: Blue_450nm calibrated data uzunluk uyumsuzluğu (timestamps: 798, data: 200)
2026-01-21 19:30:00 - spektroskopi - WARNING - RealTimePanel: IR_850nm raw data uzunluk uyumsuzluğu (timestamps: 798, data: 198)
2026-01-21 19:30:00 - spektroskopi - WARNING - RealTimePanel: IR_850nm calibrated data uzunluk uyumsuzluğu (timestamps: 798, data: 198)
2026-01-21 19:30:00 - spektroskopi - WARNING - RealTimePanel: IR_940nm raw data uzunluk uyumsuzluğu (timestamps: 798, data: 198)
2026-01-21 19:30:00 - spektroskopi - WARNING - RealTimePanel: IR_940nm calibrated data uzunluk uyumsuzluğu (timestamps: 798, data: 198)
2026-01-21 19:30:01 - spektroskopi - WARNING - RealTimePanel: UV_360nm raw data uzunluk uyumsuzluğu (timestamps: 798, data: 202)
2026-01-21 19:30:01 - spektroskopi - WARNING - RealTimePanel: UV_360nm calibrated data uzunluk uyumsuzluğu (timestamps: 798, data: 202)
2026-01-21 19:30:01 - spektroskopi - WARNING - RealTimePanel: Blue_450nm raw data uzunluk uyumsuzluğu (timestamps: 798, data: 200)
2026-01-21 19:30:01 - spektroskopi - WARNING - RealTimePanel: Blue_450nm calibrated data uzunluk uyumsuzluğu (timestamps: 798, data: 200)
2026-01-21 19:30:01 - spektroskopi - WARNING - RealTimePanel: IR_850nm raw data uzunluk uyumsuzluğu (timestamps: 798, data: 198)
2026-01-21 19:30:01 - spektroskopi - WARNING - RealTimePanel: IR_850nm calibrated data uzunluk uyumsuzluğu (timestamps: 798, data: 198)
2026-01-21 19:30:01 - spektroskopi - WARNING - RealTimePanel: IR_940nm raw data uzunluk uyumsuzluğu (timestamps: 798, data: 198)
2026-01-21 19:30:01 - spektroskopi - WARNING - RealTimePanel: IR_940nm calibrated data uzunluk uyumsuzluğu (timestamps: 798, data: 198)
2026-01-21 19:30:02 - spektroskopi - WARNING - RealTimePanel: UV_360nm raw data uzunluk uyumsuzluğu (timestamps: 798, data: 202)
2026-01-21 19:30:02 - spektroskopi - WARNING - RealTimePanel: UV_360nm calibrated data uzunluk uyumsuzluğu (timestamps: 798, data: 202)
2026-01-21 19:30:02 - spektroskopi - WARNING - RealTimePanel: Blue_450nm raw data uzunluk uyumsuzluğu (timestamps: 798, data: 200)
2026-01-21 19:30:02 - spektroskopi - WARNING - RealTimePanel: Blue_450nm calibrated data uzunluk uyumsuzluğu (timestamps: 798, data: 200)
2026-01-21 19:30:02 - spektroskopi - WARNING - RealTimePanel: IR_850nm raw data uzunluk uyumsuzluğu (timestamps: 798, data: 198)
2026-01-21 19:30:02 - spektroskopi - WARNING - RealTimePanel: IR_850nm calibrated data uzunluk uyumsuzluğu (timestamps: 798, data: 198)
2026-01-21 19:30:02 - spektroskopi - WARNING - RealTimePanel: IR_940nm raw data uzunluk uyumsuzluğu (timestamps: 798, data: 198)
2026-01-21 19:30:02 - spektroskopi - WARNING - RealTimePanel: IR_940nm calibrated data uzunluk uyumsuzluğu (timestamps: 798, data: 198)
2026-01-21 19:30:03 - spektroskopi - WARNING - RealTimePanel: UV_360nm raw data uzunluk uyumsuzluğu (timestamps: 798, data: 202)
2026-01-21 19:30:03 - spektroskopi - WARNING - RealTimePanel: UV_360nm calibrated data uzunluk uyumsuzluğu (timestamps: 798, data: 202)
2026-01-21 19:30:03 - spektroskopi - WARNING - RealTimePanel: Blue_450nm raw data uzunluk uyumsuzluğu (timestamps: 798, data: 200)
2026-01-21 19:30:03 - spektroskopi - WARNING - RealTimePanel: Blue_450nm calibrated data uzunluk uyumsuzluğu (timestamps: 798, data: 200)
2026-01-21 19:30:03 - spektroskopi - WARNING - RealTimePanel: IR_850nm raw data uzunluk uyumsuzluğu (timestamps: 798, data: 198)
2026-01-21 19:30:03 - spektroskopi - WARNING - RealTimePanel: IR_850nm calibrated data uzunluk uyumsuzluğu (timestamps: 798, data: 198)
2026-01-21 19:30:03 - spektroskopi - WARNING - RealTimePanel: IR_940nm raw data uzunluk uyumsuzluğu (timestamps: 798, data: 198)
2026-01-21 19:30:03 - spektroskopi - WARNING - RealTimePanel: IR_940nm calibrated data uzunluk uyumsuzluğu (timestamps: 798, data: 198)
2026-01-21 19:30:04 - spektroskopi - WARNING - RealTimePanel: UV_360nm raw data uzunluk uyumsuzluğu (timestamps: 798, data: 202)
2026-01-21 19:30:04 - spektroskopi - WARNING - RealTimePanel: UV_360nm calibrated data uzunluk uyumsuzluğu (timestamps: 798, data: 202)
2026-01-21 19:30:04 - spektroskopi - WARNING - RealTimePanel: Blue_450nm raw data uzunluk uyumsuzluğu (timestamps: 798, data: 200)
2026-01-21 19:30:04 - spektroskopi - WARNING - RealTimePanel: Blue_450nm calibrated data uzunluk uyumsuzluğu (timestamps: 798, data: 200)
2026-01-21 19:30:04 - spektroskopi - WARNING - RealTimePanel: IR_850nm raw data uzunluk uyumsuzluğu (timestamps: 798, data: 198)
2026-01-21 19:30:04 - spektroskopi - WARNING - RealTimePanel: IR_850nm calibrated data uzunluk uyumsuzluğu (timestamps: 798, data: 198)
2026-01-21 19:30:04 - spektroskopi - WARNING - RealTimePanel: IR_940nm raw data uzunluk uyumsuzluğu (timestamps: 798, data: 198)
2026-01-21 19:30:04 - spektroskopi - WARNING - RealTimePanel: IR_940nm calibrated data uzunluk uyumsuzluğu (timestamps: 798, data: 198)
2026-01-21 19:30:05 - spektroskopi - WARNING - RealTimePanel: UV_360nm raw data uzunluk uyumsuzluğu (timestamps: 798, data: 202)
2026-01-21 19:30:05 - spektroskopi - WARNING - RealTimePanel: UV_360nm calibrated data uzunluk uyumsuzluğu (timestamps: 798, data: 202)
2026-01-21 19:30:05 - spektroskopi - WARNING - RealTimePanel: Blue_450nm raw data uzunluk uyumsuzluğu (timestamps: 798, data: 200)
2026-01-21 19:30:05 - spektroskopi - WARNING - RealTimePanel: Blue_450nm calibrated data uzunluk uyumsuzluğu (timestamps: 798, data: 200)
2026-01-21 19:30:05 - spektroskopi - WARNING - RealTimePanel: IR_850nm raw data uzunluk uyumsuzluğu (timestamps: 798, data: 198)
2026-01-21 19:30:05 - spektroskopi - WARNING - RealTimePanel: IR_850nm calibrated data uzunluk uyumsuzluğu (timestamps: 798, data: 198)
2026-01-21 19:30:05 - spektroskopi - WARNING - RealTimePanel: IR_940nm raw data uzunluk uyumsuzluğu (timestamps: 798, data: 198)
2026-01-21 19:30:05 - spektroskopi - WARNING - RealTimePanel: IR_940nm calibrated data uzunluk uyumsuzluğu (timestamps: 798, data: 198)
2026-01-21 19:30:06 - spektroskopi - WARNING - RealTimePanel: UV_360nm raw data uzunluk uyumsuzluğu (timestamps: 798, data: 202)
2026-01-21 19:30:06 - spektroskopi - WARNING - RealTimePanel: UV_360nm calibrated data uzunluk uyumsuzluğu (timestamps: 798, data: 202)
2026-01-21 19:30:06 - spektroskopi - WARNING - RealTimePanel: Blue_450nm raw data uzunluk uyumsuzluğu (timestamps: 798, data: 200)
2026-01-21 19:30:06 - spektroskopi - WARNING - RealTimePanel: Blue_450nm calibrated data uzunluk uyumsuzluğu (timestamps: 798, data: 200)
2026-01-21 19:30:06 - spektroskopi - WARNING - RealTimePanel: IR_850nm raw data uzunluk uyumsuzluğu (timestamps: 798, data: 198)
2026-01-21 19:30:06 - spektroskopi - WARNING - RealTimePanel: IR_850nm calibrated data uzunluk uyumsuzluğu (timestamps: 798, data: 198)
2026-01-21 19:30:06 - spektroskopi - WARNING - RealTimePanel: IR_940nm raw data uzunluk uyumsuzluğu (timestamps: 798, data: 198)
2026-01-21 19:30:06 - spektroskopi - WARNING - RealTimePanel: IR_940nm calibrated data uzunluk uyumsuzluğu (timestamps: 798, data: 198)
2026-01-21 19:30:07 - spektroskopi - WARNING - RealTimePanel: UV_360nm raw data uzunluk uyumsuzluğu (timestamps: 798, data: 202)
2026-01-21 19:30:07 - spektroskopi - WARNING - RealTimePanel: UV_360nm calibrated data uzunluk uyumsuzluğu (timestamps: 798, data: 202)
2026-01-21 19:30:07 - spektroskopi - WARNING - RealTimePanel: Blue_450nm raw data uzunluk uyumsuzluğu (timestamps: 798, data: 200)
2026-01-21 19:30:07 - spektroskopi - WARNING - RealTimePanel: Blue_450nm calibrated data uzunluk uyumsuzluğu (timestamps: 798, data: 200)
2026-01-21 19:30:07 - spektroskopi - WARNING - RealTimePanel: IR_850nm raw data uzunluk uyumsuzluğu (timestamps: 798, data: 198)
2026-01-21 19:30:07 - spektroskopi - WARNING - RealTimePanel: IR_850nm calibrated data uzunluk uyumsuzluğu (timestamps: 798, data: 198)
2026-01-21 19:30:07 - spektroskopi - WARNING - RealTimePanel: IR_940nm raw data uzunluk uyumsuzluğu (timestamps: 798, data: 198)
2026-01-21 19:30:07 - spektroskopi - WARNING - RealTimePanel: IR_940nm calibrated data uzunluk uyumsuzluğu (timestamps: 798, data: 198)
2026-01-21 19:30:08 - spektroskopi - WARNING - RealTimePanel: UV_360nm raw data uzunluk uyumsuzluğu (timestamps: 798, data: 202)
2026-01-21 19:30:08 - spektroskopi - WARNING - RealTimePanel: UV_360nm calibrated data uzunluk uyumsuzluğu (timestamps: 798, data: 202)
2026-01-21 19:30:08 - spektroskopi - WARNING - RealTimePanel: Blue_450nm raw data uzunluk uyumsuzluğu (timestamps: 798, data: 200)
2026-01-21 19:30:08 - spektroskopi - WARNING - RealTimePanel: Blue_450nm calibrated data uzunluk uyumsuzluğu (timestamps: 798, data: 200)
2026-01-21 19:30:08 - spektroskopi - WARNING - RealTimePanel: IR_850nm raw data uzunluk uyumsuzluğu (timestamps: 798, data: 198)
2026-01-21 19:30:08 - spektroskopi - WARNING - RealTimePanel: IR_850nm calibrated data uzunluk uyumsuzluğu (timestamps: 798, data: 198)
2026-01-21 19:30:08 - spektroskopi - WARNING - RealTimePanel: IR_940nm raw data uzunluk uyumsuzluğu (timestamps: 798, data: 198)
2026-01-21 19:30:08 - spektroskopi - WARNING - RealTimePanel: IR_940nm calibrated data uzunluk uyumsuzluğu (timestamps: 798, data: 198)
2026-01-21 19:30:09 - spektroskopi - WARNING - RealTimePanel: UV_360nm raw data uzunluk uyumsuzluğu (timestamps: 798, data: 202)
2026-01-21 19:30:09 - spektroskopi - WARNING - RealTimePanel: UV_360nm calibrated data uzunluk uyumsuzluğu (timestamps: 798, data: 202)
2026-01-21 19:30:09 - spektroskopi - WARNING - RealTimePanel: Blue_450nm raw data uzunluk uyumsuzluğu (timestamps: 798, data: 200)
2026-01-21 19:30:09 - spektroskopi - WARNING - RealTimePanel: Blue_450nm calibrated data uzunluk uyumsuzluğu (timestamps: 798, data: 200)
2026-01-21 19:30:09 - spektroskopi - WARNING - RealTimePanel: IR_850nm raw data uzunluk uyumsuzluğu (timestamps: 798, data: 198)
2026-01-21 19:30:09 - spektroskopi - WARNING - RealTimePanel: IR_850nm calibrated data uzunluk uyumsuzluğu (timestamps: 798, data: 198)
2026-01-21 19:30:09 - spektroskopi - WARNING - RealTimePanel: IR_940nm raw data uzunluk uyumsuzluğu (timestamps: 798, data: 198)
2026-01-21 19:30:09 - spektroskopi - WARNING - RealTimePanel: IR_940nm calibrated data uzunluk uyumsuzluğu (timestamps: 798, data: 198)
2026-01-21 19:30:10 - spektroskopi - WARNING - RealTimePanel: UV_360nm raw data uzunluk uyumsuzluğu (timestamps: 798, data: 202)
2026-01-21 19:30:10 - spektroskopi - WARNING - RealTimePanel: UV_360nm calibrated data uzunluk uyumsuzluğu (timestamps: 798, data: 202)
2026-01-21 19:30:10 - spektroskopi - WARNING - RealTimePanel: Blue_450nm raw data uzunluk uyumsuzluğu (timestamps: 798, data: 200)
2026-01-21 19:30:10 - spektroskopi - WARNING - RealTimePanel: Blue_450nm calibrated data uzunluk uyumsuzluğu (timestamps: 798, data: 200)
2026-01-21 19:30:10 - spektroskopi - WARNING - RealTimePanel: IR_850nm raw data uzunluk uyumsuzluğu (timestamps: 798, data: 198)
2026-01-21 19:30:10 - spektroskopi - WARNING - RealTimePanel: IR_850nm calibrated data uzunluk uyumsuzluğu (timestamps: 798, data: 198)
2026-01-21 19:30:10 - spektroskopi - WARNING - RealTimePanel: IR_940nm raw data uzunluk uyumsuzluğu (timestamps: 798, data: 198)
2026-01-21 19:30:10 - spektroskopi - WARNING - RealTimePanel: IR_940nm calibrated data uzunluk uyumsuzluğu (timestamps: 798, data: 198)
2026-01-21 19:30:11 - spektroskopi - WARNING - RealTimePanel: UV_360nm raw data uzunluk uyumsuzluğu (timestamps: 798, data: 202)
2026-01-21 19:30:11 - spektroskopi - WARNING - RealTimePanel: UV_360nm calibrated data uzunluk uyumsuzluğu (timestamps: 798, data: 202)
2026-01-21 19:30:11 - spektroskopi - WARNING - RealTimePanel: Blue_450nm raw data uzunluk uyumsuzluğu (timestamps: 798, data: 200)
2026-01-21 19:30:11 - spektroskopi - WARNING - RealTimePanel: Blue_450nm calibrated data uzunluk uyumsuzluğu (timestamps: 798, data: 200)
2026-01-21 19:30:11 - spektroskopi - WARNING - RealTimePanel: IR_850nm raw data uzunluk uyumsuzluğu (timestamps: 798, data: 198)
2026-01-21 19:30:11 - spektroskopi - WARNING - RealTimePanel: IR_850nm calibrated data uzunluk uyumsuzluğu (timestamps: 798, data: 198)
2026-01-21 19:30:11 - spektroskopi - WARNING - RealTimePanel: IR_940nm raw data uzunluk uyumsuzluğu (timestamps: 798, data: 198)
2026-01-21 19:30:11 - spektroskopi - WARNING - RealTimePanel: IR_940nm calibrated data uzunluk uyumsuzluğu (timestamps: 798, data: 198)
2026-01-21 19:30:12 - spektroskopi - WARNING - RealTimePanel: UV_360nm raw data uzunluk uyumsuzluğu (timestamps: 798, data: 202)
2026-01-21 19:30:12 - spektroskopi - WARNING - RealTimePanel: UV_360nm calibrated data uzunluk uyumsuzluğu (timestamps: 798, data: 202)
2026-01-21 19:30:12 - spektroskopi - WARNING - RealTimePanel: Blue_450nm raw data uzunluk uyumsuzluğu (timestamps: 798, data: 200)
2026-01-21 19:30:12 - spektroskopi - WARNING - RealTimePanel: Blue_450nm calibrated data uzunluk uyumsuzluğu (timestamps: 798, data: 200)
2026-01-21 19:30:12 - spektroskopi - WARNING - RealTimePanel: IR_850nm raw data uzunluk uyumsuzluğu (timestamps: 798, data: 198)
2026-01-21 19:30:12 - spektroskopi - WARNING - RealTimePanel: IR_850nm calibrated data uzunluk uyumsuzluğu (timestamps: 798, data: 198)
2026-01-21 19:30:12 - spektroskopi - WARNING - RealTimePanel: IR_940nm raw data uzunluk uyumsuzluğu (timestamps: 798, data: 198)
2026-01-21 19:30:12 - spektroskopi - WARNING - RealTimePanel: IR_940nm calibrated data uzunluk uyumsuzluğu (timestamps: 798, data: 198)
2026-01-21 19:30:13 - spektroskopi - WARNING - RealTimePanel: UV_360nm raw data uzunluk uyumsuzluğu (timestamps: 798, data: 202)
2026-01-21 19:30:13 - spektroskopi - WARNING - RealTimePanel: UV_360nm calibrated data uzunluk uyumsuzluğu (timestamps: 798, data: 202)
2026-01-21 19:30:13 - spektroskopi - WARNING - RealTimePanel: Blue_450nm raw data uzunluk uyumsuzluğu (timestamps: 798, data: 200)
2026-01-21 19:30:13 - spektroskopi - WARNING - RealTimePanel: Blue_450nm calibrated data uzunluk uyumsuzluğu (timestamps: 798, data: 200)
2026-01-21 19:30:13 - spektroskopi - WARNING - RealTimePanel: IR_850nm raw data uzunluk uyumsuzluğu (timestamps: 798, data: 198)
2026-01-21 19:30:13 - spektroskopi - WARNING - RealTimePanel: IR_850nm calibrated data uzunluk uyumsuzluğu (timestamps: 798, data: 198)
2026-01-21 19:30:13 - spektroskopi - WARNING - RealTimePanel: IR_940nm raw data uzunluk uyumsuzluğu (timestamps: 798, data: 198)
2026-01-21 19:30:13 - spektroskopi - WARNING - RealTimePanel: IR_940nm calibrated data uzunluk uyumsuzluğu (timestamps: 798, data: 198)
2026-01-21 19:30:14 - spektroskopi - WARNING - RealTimePanel: UV_360nm raw data uzunluk uyumsuzluğu (timestamps: 798, data: 202)
2026-01-21 19:30:14 - spektroskopi - WARNING - RealTimePanel: UV_360nm calibrated data uzunluk uyumsuzluğu (timestamps: 798, data: 202)
2026-01-21 19:30:14 - spektroskopi - WARNING - RealTimePanel: Blue_450nm raw data uzunluk uyumsuzluğu (timestamps: 798, data: 200)
2026-01-21 19:30:14 - spektroskopi - WARNING - RealTimePanel: Blue_450nm calibrated data uzunluk uyumsuzluğu (timestamps: 798, data: 200)
2026-01-21 19:30:14 - spektroskopi - WARNING - RealTimePanel: IR_850nm raw data uzunluk uyumsuzluğu (timestamps: 798, data: 198)
2026-01-21 19:30:14 - spektroskopi - WARNING - RealTimePanel: IR_850nm calibrated data uzunluk uyumsuzluğu (timestamps: 798, data: 198)
2026-01-21 19:30:14 - spektroskopi - WARNING - RealTimePanel: IR_940nm raw data uzunluk uyumsuzluğu (timestamps: 798, data: 198)
2026-01-21 19:30:14 - spektroskopi - WARNING - RealTimePanel: IR_940nm calibrated data uzunluk uyumsuzluğu (timestamps: 798, data: 198)
2026-01-21 19:30:15 - spektroskopi - WARNING - RealTimePanel: UV_360nm raw data uzunluk uyumsuzluğu (timestamps: 798, data: 202)
2026-01-21 19:30:15 - spektroskopi - WARNING - RealTimePanel: UV_360nm calibrated data uzunluk uyumsuzluğu (timestamps: 798, data: 202)
2026-01-21 19:30:15 - spektroskopi - WARNING - RealTimePanel: Blue_450nm raw data uzunluk uyumsuzluğu (timestamps: 798, data: 200)
2026-01-21 19:30:15 - spektroskopi - WARNING - RealTimePanel: Blue_450nm calibrated data uzunluk uyumsuzluğu (timestamps: 798, data: 200)
2026-01-21 19:30:15 - spektroskopi - WARNING - RealTimePanel: IR_850nm raw data uzunluk uyumsuzluğu (timestamps: 798, data: 198)
2026-01-21 19:30:15 - spektroskopi - WARNING - RealTimePanel: IR_850nm calibrated data uzunluk uyumsuzluğu (timestamps: 798, data: 198)
2026-01-21 19:30:15 - spektroskopi - WARNING - RealTimePanel: IR_940nm raw data uzunluk uyumsuzluğu (timestamps: 798, data: 198)
2026-01-21 19:30:15 - spektroskopi - WARNING - RealTimePanel: IR_940nm calibrated data uzunluk uyumsuzluğu (timestamps: 798, data: 198)
2026-01-21 19:30:16 - spektroskopi - WARNING - RealTimePanel: UV_360nm raw data uzunluk uyumsuzluğu (timestamps: 798, data: 202)
2026-01-21 19:30:16 - spektroskopi - WARNING - RealTimePanel: UV_360nm calibrated data uzunluk uyumsuzluğu (timestamps: 798, data: 202)
2026-01-21 19:30:16 - spektroskopi - WARNING - RealTimePanel: Blue_450nm raw data uzunluk uyumsuzluğu (timestamps: 798, data: 200)
2026-01-21 19:30:16 - spektroskopi - WARNING - RealTimePanel: Blue_450nm calibrated data uzunluk uyumsuzluğu (timestamps: 798, data: 200)
2026-01-21 19:30:16 - spektroskopi - WARNING - RealTimePanel: IR_850nm raw data uzunluk uyumsuzluğu (timestamps: 798, data: 198)
2026-01-21 19:30:16 - spektroskopi - WARNING - RealTimePanel: IR_850nm calibrated data uzunluk uyumsuzluğu (timestamps: 798, data: 198)
2026-01-21 19:30:16 - spektroskopi - WARNING - RealTimePanel: IR_940nm raw data uzunluk uyumsuzluğu (timestamps: 798, data: 198)
2026-01-21 19:30:16 - spektroskopi - WARNING - RealTimePanel: IR_940nm calibrated data uzunluk uyumsuzluğu (timestamps: 798, data: 198)
2026-01-21 19:30:17 - spektroskopi - WARNING - RealTimePanel: UV_360nm raw data uzunluk uyumsuzluğu (timestamps: 798, data: 202)
2026-01-21 19:30:17 - spektroskopi - WARNING - RealTimePanel: UV_360nm calibrated data uzunluk uyumsuzluğu (timestamps: 798, data: 202)
2026-01-21 19:30:17 - spektroskopi - WARNING - RealTimePanel: Blue_450nm raw data uzunluk uyumsuzluğu (timestamps: 798, data: 200)
2026-01-21 19:30:17 - spektroskopi - WARNING - RealTimePanel: Blue_450nm calibrated data uzunluk uyumsuzluğu (timestamps: 798, data: 200)
2026-01-21 19:30:17 - spektroskopi - WARNING - RealTimePanel: IR_850nm raw data uzunluk uyumsuzluğu (timestamps: 798, data: 198)
2026-01-21 19:30:17 - spektroskopi - WARNING - RealTimePanel: IR_850nm calibrated data uzunluk uyumsuzluğu (timestamps: 798, data: 198)
2026-01-21 19:30:17 - spektroskopi - WARNING - RealTimePanel: IR_940nm raw data uzunluk uyumsuzluğu (timestamps: 798, data: 198)
2026-01-21 19:30:17 - spektroskopi - WARNING - RealTimePanel: IR_940nm calibrated data uzunluk uyumsuzluğu (timestamps: 798, data: 198)
2026-01-21 19:30:18 - spektroskopi - WARNING - RealTimePanel: UV_360nm raw data uzunluk uyumsuzluğu (timestamps: 798, data: 202)
2026-01-21 19:30:18 - spektroskopi - WARNING - RealTimePanel: UV_360nm calibrated data uzunluk uyumsuzluğu (timestamps: 798, data: 202)
2026-01-21 19:30:18 - spektroskopi - WARNING - RealTimePanel: Blue_450nm raw data uzunluk uyumsuzluğu (timestamps: 798, data: 200)
2026-01-21 19:30:18 - spektroskopi - WARNING - RealTimePanel: Blue_450nm calibrated data uzunluk uyumsuzluğu (timestamps: 798, data: 200)
2026-01-21 19:30:18 - spektroskopi - WARNING - RealTimePanel: IR_850nm raw data uzunluk uyumsuzluğu (timestamps: 798, data: 198)
2026-01-21 19:30:18 - spektroskopi - WARNING - RealTimePanel: IR_850nm calibrated data uzunluk uyumsuzluğu (timestamps: 798, data: 198)
2026-01-21 19:30:18 - spektroskopi - WARNING - RealTimePanel: IR_940nm raw data uzunluk uyumsuzluğu (timestamps: 798, data: 198)
2026-01-21 19:30:18 - spektroskopi - WARNING - RealTimePanel: IR_940nm calibrated data uzunluk uyumsuzluğu (timestamps: 798, data: 198)
2026-01-21 19:30:19 - spektroskopi - WARNING - RealTimePanel: UV_360nm raw data uzunluk uyumsuzluğu (timestamps: 798, data: 202)
2026-01-21 19:30:19 - spektroskopi - WARNING - RealTimePanel: UV_360nm calibrated data uzunluk uyumsuzluğu (timestamps: 798, data: 202)
2026-01-21 19:30:19 - spektroskopi - WARNING - RealTimePanel: Blue_450nm raw data uzunluk uyumsuzluğu (timestamps: 798, data: 200)
2026-01-21 19:30:19 - spektroskopi - WARNING - RealTimePanel: Blue_450nm calibrated data uzunluk uyumsuzluğu (timestamps: 798, data: 200)
2026-01-21 19:30:19 - spektroskopi - WARNING - RealTimePanel: IR_850nm raw data uzunluk uyumsuzluğu (timestamps: 798, data: 198)
2026-01-21 19:30:19 - spektroskopi - WARNING - RealTimePanel: IR_850nm calibrated data uzunluk uyumsuzluğu (timestamps: 798, data: 198)
2026-01-21 19:30:19 - spektroskopi - WARNING - RealTimePanel: IR_940nm raw data uzunluk uyumsuzluğu (timestamps: 798, data: 198)
2026-01-21 19:30:19 - spektroskopi - WARNING - RealTimePanel: IR_940nm calibrated data uzunluk uyumsuzluğu (timestamps: 798, data: 198)
2026-01-21 19:30:20 - spektroskopi - WARNING - RealTimePanel: UV_360nm raw data uzunluk uyumsuzluğu (timestamps: 798, data: 202)
2026-01-21 19:30:20 - spektroskopi - WARNING - RealTimePanel: UV_360nm calibrated data uzunluk uyumsuzluğu (timestamps: 798, data: 202)
2026-01-21 19:30:20 - spektroskopi - WARNING - RealTimePanel: Blue_450nm raw data uzunluk uyumsuzluğu (timestamps: 798, data: 200)
2026-01-21 19:30:20 - spektroskopi - WARNING - RealTimePanel: Blue_450nm calibrated data uzunluk uyumsuzluğu (timestamps: 798, data: 200)
2026-01-21 19:30:20 - spektroskopi - WARNING - RealTimePanel: IR_850nm raw data uzunluk uyumsuzluğu (timestamps: 798, data: 198)
2026-01-21 19:30:20 - spektroskopi - WARNING - RealTimePanel: IR_850nm calibrated data uzunluk uyumsuzluğu (timestamps: 798, data: 198)
2026-01-21 19:30:20 - spektroskopi - WARNING - RealTimePanel: IR_940nm raw data uzunluk uyumsuzluğu (timestamps: 798, data: 198)
2026-01-21 19:30:20 - spektroskopi - WARNING - RealTimePanel: IR_940nm calibrated data uzunluk uyumsuzluğu (timestamps: 798, data: 198)
2026-01-21 19:30:21 - spektroskopi - WARNING - RealTimePanel: UV_360nm raw data uzunluk uyumsuzluğu (timestamps: 798, data: 202)
2026-01-21 19:30:21 - spektroskopi - WARNING - RealTimePanel: UV_360nm calibrated data uzunluk uyumsuzluğu (timestamps: 798, data: 202)
2026-01-21 19:30:21 - spektroskopi - WARNING - RealTimePanel: Blue_450nm raw data uzunluk uyumsuzluğu (timestamps: 798, data: 200)
2026-01-21 19:30:21 - spektroskopi - WARNING - RealTimePanel: Blue_450nm calibrated data uzunluk uyumsuzluğu (timestamps: 798, data: 200)
2026-01-21 19:30:21 - spektroskopi - WARNING - RealTimePanel: IR_850nm raw data uzunluk uyumsuzluğu (timestamps: 798, data: 198)
2026-01-21 19:30:21 - spektroskopi - WARNING - RealTimePanel: IR_850nm calibrated data uzunluk uyumsuzluğu (timestamps: 798, data: 198)
2026-01-21 19:30:21 - spektroskopi - WARNING - RealTimePanel: IR_940nm raw data uzunluk uyumsuzluğu (timestamps: 798, data: 198)
2026-01-21 19:30:21 - spektroskopi - WARNING - RealTimePanel: IR_940nm calibrated data uzunluk uyumsuzluğu (timestamps: 798, data: 198)
2026-01-21 19:30:22 - spektroskopi - WARNING - RealTimePanel: UV_360nm raw data uzunluk uyumsuzluğu (timestamps: 798, data: 202)
2026-01-21 19:30:22 - spektroskopi - WARNING - RealTimePanel: UV_360nm calibrated data uzunluk uyumsuzluğu (timestamps: 798, data: 202)
2026-01-21 19:30:22 - spektroskopi - WARNING - RealTimePanel: Blue_450nm raw data uzunluk uyumsuzluğu (timestamps: 798, data: 200)
2026-01-21 19:30:22 - spektroskopi - WARNING - RealTimePanel: Blue_450nm calibrated data uzunluk uyumsuzluğu (timestamps: 798, data: 200)
2026-01-21 19:30:22 - spektroskopi - WARNING - RealTimePanel: IR_850nm raw data uzunluk uyumsuzluğu (timestamps: 798, data: 198)
2026-01-21 19:30:22 - spektroskopi - WARNING - RealTimePanel: IR_850nm calibrated data uzunluk uyumsuzluğu (timestamps: 798, data: 198)
2026-01-21 19:30:22 - spektroskopi - WARNING - RealTimePanel: IR_940nm raw data uzunluk uyumsuzluğu (timestamps: 798, data: 198)
2026-01-21 19:30:22 - spektroskopi - WARNING - RealTimePanel: IR_940nm calibrated data uzunluk uyumsuzluğu (timestamps: 798, data: 198)
2026-01-21 19:30:23 - spektroskopi - WARNING - RealTimePanel: UV_360nm raw data uzunluk uyumsuzluğu (timestamps: 798, data: 202)
2026-01-21 19:30:23 - spektroskopi - WARNING - RealTimePanel: UV_360nm calibrated data uzunluk uyumsuzluğu (timestamps: 798, data: 202)
2026-01-21 19:30:23 - spektroskopi - WARNING - RealTimePanel: Blue_450nm raw data uzunluk uyumsuzluğu (timestamps: 798, data: 200)
2026-01-21 19:30:23 - spektroskopi - WARNING - RealTimePanel: Blue_450nm calibrated data uzunluk uyumsuzluğu (timestamps: 798, data: 200)
2026-01-21 19:30:23 - spektroskopi - WARNING - RealTimePanel: IR_850nm raw data uzunluk uyumsuzluğu (timestamps: 798, data: 198)
2026-01-21 19:30:23 - spektroskopi - WARNING - RealTimePanel: IR_850nm calibrated data uzunluk uyumsuzluğu (timestamps: 798, data: 198)
2026-01-21 19:30:23 - spektroskopi - WARNING - RealTimePanel: IR_940nm raw data uzunluk uyumsuzluğu (timestamps: 798, data: 198)
2026-01-21 19:30:23 - spektroskopi - WARNING - RealTimePanel: IR_940nm calibrated data uzunluk uyumsuzluğu (timestamps: 798, data: 198)
2026-01-21 19:30:24 - spektroskopi - WARNING - RealTimePanel: UV_360nm raw data uzunluk uyumsuzluğu (timestamps: 798, data: 202)
2026-01-21 19:30:24 - spektroskopi - WARNING - RealTimePanel: UV_360nm calibrated data uzunluk uyumsuzluğu (timestamps: 798, data: 202)
2026-01-21 19:30:24 - spektroskopi - WARNING - RealTimePanel: Blue_450nm raw data uzunluk uyumsuzluğu (timestamps: 798, data: 200)
2026-01-21 19:30:24 - spektroskopi - WARNING - RealTimePanel: Blue_450nm calibrated data uzunluk uyumsuzluğu (timestamps: 798, data: 200)
2026-01-21 19:30:24 - spektroskopi - WARNING - RealTimePanel: IR_850nm raw data uzunluk uyumsuzluğu (timestamps: 798, data: 198)
2026-01-21 19:30:24 - spektroskopi - WARNING - RealTimePanel: IR_850nm calibrated data uzunluk uyumsuzluğu (timestamps: 798, data: 198)
2026-01-21 19:30:24 - spektroskopi - WARNING - RealTimePanel: IR_940nm raw data uzunluk uyumsuzluğu (timestamps: 798, data: 198)
2026-01-21 19:30:24 - spektroskopi - WARNING - RealTimePanel: IR_940nm calibrated data uzunluk uyumsuzluğu (timestamps: 798, data: 198)
2026-01-21 19:30:25 - spektroskopi - WARNING - RealTimePanel: UV_360nm raw data uzunluk uyumsuzluğu (timestamps: 798, data: 202)
2026-01-21 19:30:25 - spektroskopi - WARNING - RealTimePanel: UV_360nm calibrated data uzunluk uyumsuzluğu (timestamps: 798, data: 202)
2026-01-21 19:30:25 - spektroskopi - WARNING - RealTimePanel: Blue_450nm raw data uzunluk uyumsuzluğu (timestamps: 798, data: 200)
2026-01-21 19:30:25 - spektroskopi - WARNING - RealTimePanel: Blue_450nm calibrated data uzunluk uyumsuzluğu (timestamps: 798, data: 200)
2026-01-21 19:30:25 - spektroskopi - WARNING - RealTimePanel: IR_850nm raw data uzunluk uyumsuzluğu (timestamps: 798, data: 198)
2026-01-21 19:30:25 - spektroskopi - WARNING - RealTimePanel: IR_850nm calibrated data uzunluk uyumsuzluğu (timestamps: 798, data: 198)
2026-01-21 19:30:25 - spektroskopi - WARNING - RealTimePanel: IR_940nm raw data uzunluk uyumsuzluğu (timestamps: 798, data: 198)
2026-01-21 19:30:25 - spektroskopi - WARNING - RealTimePanel: IR_940nm calibrated data uzunluk uyumsuzluğu (timestamps: 798, data: 198)
2026-01-21 19:30:26 - spektroskopi - WARNING - RealTimePanel: UV_360nm raw data uzunluk uyumsuzluğu (timestamps: 798, data: 202)
2026-01-21 19:30:26 - spektroskopi - WARNING - RealTimePanel: UV_360nm calibrated data uzunluk uyumsuzluğu (timestamps: 798, data: 202)
2026-01-21 19:30:26 - spektroskopi - WARNING - RealTimePanel: Blue_450nm raw data uzunluk uyumsuzluğu (timestamps: 798, data: 200)
2026-01-21 19:30:26 - spektroskopi - WARNING - RealTimePanel: Blue_450nm calibrated data uzunluk uyumsuzluğu (timestamps: 798, data: 200)
2026-01-21 19:30:26 - spektroskopi - WARNING - RealTimePanel: IR_850nm raw data uzunluk uyumsuzluğu (timestamps: 798, data: 198)
2026-01-21 19:30:26 - spektroskopi - WARNING - RealTimePanel: IR_850nm calibrated data uzunluk uyumsuzluğu (timestamps: 798, data: 198)
2026-01-21 19:30:26 - spektroskopi - WARNING - RealTimePanel: IR_940nm raw data uzunluk uyumsuzluğu (timestamps: 798, data: 198)
2026-01-21 19:30:26 - spektroskopi - WARNING - RealTimePanel: IR_940nm calibrated data uzunluk uyumsuzluğu (timestamps: 798, data: 198)
2026-01-21 19:30:27 - spektroskopi - WARNING - RealTimePanel: UV_360nm raw data uzunluk uyumsuzluğu (timestamps: 798, data: 202)
2026-01-21 19:30:27 - spektroskopi - WARNING - RealTimePanel: UV_360nm calibrated data uzunluk uyumsuzluğu (timestamps: 798, data: 202)
2026-01-21 19:30:27 - spektroskopi - WARNING - RealTimePanel: Blue_450nm raw data uzunluk uyumsuzluğu (timestamps: 798, data: 200)
2026-01-21 19:30:27 - spektroskopi - WARNING - RealTimePanel: Blue_450nm calibrated data uzunluk uyumsuzluğu (timestamps: 798, data: 200)
2026-01-21 19:30:27 - spektroskopi - WARNING - RealTimePanel: IR_850nm raw data uzunluk uyumsuzluğu (timestamps: 798, data: 198)
2026-01-21 19:30:27 - spektroskopi - WARNING - RealTimePanel: IR_850nm calibrated data uzunluk uyumsuzluğu (timestamps: 798, data: 198)
2026-01-21 19:30:27 - spektroskopi - WARNING - RealTimePanel: IR_940nm raw data uzunluk uyumsuzluğu (timestamps: 798, data: 198)
2026-01-21 19:30:27 - spektroskopi - WARNING - RealTimePanel: IR_940nm calibrated data uzunluk uyumsuzluğu (timestamps: 798, data: 198)
2026-01-21 19:30:28 - spektroskopi - WARNING - RealTimePanel: UV_360nm raw data uzunluk uyumsuzluğu (timestamps: 798, data: 202)
2026-01-21 19:30:28 - spektroskopi - WARNING - RealTimePanel: UV_360nm calibrated data uzunluk uyumsuzluğu (timestamps: 798, data: 202)
2026-01-21 19:30:28 - spektroskopi - WARNING - RealTimePanel: Blue_450nm raw data uzunluk uyumsuzluğu (timestamps: 798, data: 200)
2026-01-21 19:30:28 - spektroskopi - WARNING - RealTimePanel: Blue_450nm calibrated data uzunluk uyumsuzluğu (timestamps: 798, data: 200)
2026-01-21 19:30:28 - spektroskopi - WARNING - RealTimePanel: IR_850nm raw data uzunluk uyumsuzluğu (timestamps: 798, data: 198)
2026-01-21 19:30:28 - spektroskopi - WARNING - RealTimePanel: IR_850nm calibrated data uzunluk uyumsuzluğu (timestamps: 798, data: 198)
2026-01-21 19:30:28 - spektroskopi - WARNING - RealTimePanel: IR_940nm raw data uzunluk uyumsuzluğu (timestamps: 798, data: 198)
2026-01-21 19:30:28 - spektroskopi - WARNING - RealTimePanel: IR_940nm calibrated data uzunluk uyumsuzluğu (timestamps: 798, data: 198)
2026-01-21 19:30:29 - spektroskopi - WARNING - RealTimePanel: UV_360nm raw data uzunluk uyumsuzluğu (timestamps: 798, data: 202)
2026-01-21 19:30:29 - spektroskopi - WARNING - RealTimePanel: UV_360nm calibrated data uzunluk uyumsuzluğu (timestamps: 798, data: 202)
2026-01-21 19:30:29 - spektroskopi - WARNING - RealTimePanel: Blue_450nm raw data uzunluk uyumsuzluğu (timestamps: 798, data: 200)
2026-01-21 19:30:29 - spektroskopi - WARNING - RealTimePanel: Blue_450nm calibrated data uzunluk uyumsuzluğu (timestamps: 798, data: 200)
2026-01-21 19:30:29 - spektroskopi - WARNING - RealTimePanel: IR_850nm raw data uzunluk uyumsuzluğu (timestamps: 798, data: 198)
2026-01-21 19:30:29 - spektroskopi - WARNING - RealTimePanel: IR_850nm calibrated data uzunluk uyumsuzluğu (timestamps: 798, data: 198)
2026-01-21 19:30:29 - spektroskopi - WARNING - RealTimePanel: IR_940nm raw data uzunluk uyumsuzluğu (timestamps: 798, data: 198)
2026-01-21 19:30:29 - spektroskopi - WARNING - RealTimePanel: IR_940nm calibrated data uzunluk uyumsuzluğu (timestamps: 798, data: 198)
2026-01-21 19:30:30 - spektroskopi - WARNING - RealTimePanel: UV_360nm raw data uzunluk uyumsuzluğu (timestamps: 798, data: 202)
2026-01-21 19:30:30 - spektroskopi - WARNING - RealTimePanel: UV_360nm calibrated data uzunluk uyumsuzluğu (timestamps: 798, data: 202)
2026-01-21 19:30:30 - spektroskopi - WARNING - RealTimePanel: Blue_450nm raw data uzunluk uyumsuzluğu (timestamps: 798, data: 200)
2026-01-21 19:30:30 - spektroskopi - WARNING - RealTimePanel: Blue_450nm calibrated data uzunluk uyumsuzluğu (timestamps: 798, data: 200)
2026-01-21 19:30:30 - spektroskopi - WARNING - RealTimePanel: IR_850nm raw data uzunluk uyumsuzluğu (timestamps: 798, data: 198)
2026-01-21 19:30:30 - spektroskopi - WARNING - RealTimePanel: IR_850nm calibrated data uzunluk uyumsuzluğu (timestamps: 798, data: 198)
2026-01-21 19:30:30 - spektroskopi - WARNING - RealTimePanel: IR_940nm raw data uzunluk uyumsuzluğu (timestamps: 798, data: 198)
2026-01-21 19:30:30 - spektroskopi - WARNING - RealTimePanel: IR_940nm calibrated data uzunluk uyumsuzluğu (timestamps: 798, data: 198)
2026-01-21 19:30:31 - spektroskopi - WARNING - RealTimePanel: UV_360nm raw data uzunluk uyumsuzluğu (timestamps: 798, data: 202)
2026-01-21 19:30:31 - spektroskopi - WARNING - RealTimePanel: UV_360nm calibrated data uzunluk uyumsuzluğu (timestamps: 798, data: 202)
2026-01-21 19:30:31 - spektroskopi - WARNING - RealTimePanel: Blue_450nm raw data uzunluk uyumsuzluğu (timestamps: 798, data: 200)
2026-01-21 19:30:31 - spektroskopi - WARNING - RealTimePanel: Blue_450nm calibrated data uzunluk uyumsuzluğu (timestamps: 798, data: 200)
2026-01-21 19:30:31 - spektroskopi - WARNING - RealTimePanel: IR_850nm raw data uzunluk uyumsuzluğu (timestamps: 798, data: 198)
2026-01-21 19:30:31 - spektroskopi - WARNING - RealTimePanel: IR_850nm calibrated data uzunluk uyumsuzluğu (timestamps: 798, data: 198)
2026-01-21 19:30:31 - spektroskopi - WARNING - RealTimePanel: IR_940nm raw data uzunluk uyumsuzluğu (timestamps: 798, data: 198)
2026-01-21 19:30:31 - spektroskopi - WARNING - RealTimePanel: IR_940nm calibrated data uzunluk uyumsuzluğu (timestamps: 798, data: 198)
2026-01-21 19:30:32 - spektroskopi - WARNING - RealTimePanel: UV_360nm raw data uzunluk uyumsuzluğu (timestamps: 798, data: 202)
2026-01-21 19:30:32 - spektroskopi - WARNING - RealTimePanel: UV_360nm calibrated data uzunluk uyumsuzluğu (timestamps: 798, data: 202)
2026-01-21 19:30:32 - spektroskopi - WARNING - RealTimePanel: Blue_450nm raw data uzunluk uyumsuzluğu (timestamps: 798, data: 200)
2026-01-21 19:30:32 - spektroskopi - WARNING - RealTimePanel: Blue_450nm calibrated data uzunluk uyumsuzluğu (timestamps: 798, data: 200)
2026-01-21 19:30:32 - spektroskopi - WARNING - RealTimePanel: IR_850nm raw data uzunluk uyumsuzluğu (timestamps: 798, data: 198)
2026-01-21 19:30:32 - spektroskopi - WARNING - RealTimePanel: IR_850nm calibrated data uzunluk uyumsuzluğu (timestamps: 798, data: 198)
2026-01-21 19:30:32 - spektroskopi - WARNING - RealTimePanel: IR_940nm raw data uzunluk uyumsuzluğu (timestamps: 798, data: 198)
2026-01-21 19:30:32 - spektroskopi - WARNING - RealTimePanel: IR_940nm calibrated data uzunluk uyumsuzluğu (timestamps: 798, data: 198)
2026-01-21 19:30:33 - spektroskopi - WARNING - RealTimePanel: UV_360nm raw data uzunluk uyumsuzluğu (timestamps: 798, data: 202)
2026-01-21 19:30:33 - spektroskopi - WARNING - RealTimePanel: UV_360nm calibrated data uzunluk uyumsuzluğu (timestamps: 798, data: 202)
2026-01-21 19:30:33 - spektroskopi - WARNING - RealTimePanel: Blue_450nm raw data uzunluk uyumsuzluğu (timestamps: 798, data: 200)
2026-01-21 19:30:33 - spektroskopi - WARNING - RealTimePanel: Blue_450nm calibrated data uzunluk uyumsuzluğu (timestamps: 798, data: 200)
2026-01-21 19:30:33 - spektroskopi - WARNING - RealTimePanel: IR_850nm raw data uzunluk uyumsuzluğu (timestamps: 798, data: 198)
2026-01-21 19:30:33 - spektroskopi - WARNING - RealTimePanel: IR_850nm calibrated data uzunluk uyumsuzluğu (timestamps: 798, data: 198)
2026-01-21 19:30:33 - spektroskopi - WARNING - RealTimePanel: IR_940nm raw data uzunluk uyumsuzluğu (timestamps: 798, data: 198)
2026-01-21 19:30:33 - spektroskopi - WARNING - RealTimePanel: IR_940nm calibrated data uzunluk uyumsuzluğu (timestamps: 798, data: 198)
2026-01-21 19:30:34 - spektroskopi - WARNING - RealTimePanel: UV_360nm raw data uzunluk uyumsuzluğu (timestamps: 798, data: 202)
2026-01-21 19:30:34 - spektroskopi - WARNING - RealTimePanel: UV_360nm calibrated data uzunluk uyumsuzluğu (timestamps: 798, data: 202)
2026-01-21 19:30:34 - spektroskopi - WARNING - RealTimePanel: Blue_450nm raw data uzunluk uyumsuzluğu (timestamps: 798, data: 200)
2026-01-21 19:30:34 - spektroskopi - WARNING - RealTimePanel: Blue_450nm calibrated data uzunluk uyumsuzluğu (timestamps: 798, data: 200)
2026-01-21 19:30:34 - spektroskopi - WARNING - RealTimePanel: IR_850nm raw data uzunluk uyumsuzluğu (timestamps: 798, data: 198)
2026-01-21 19:30:34 - spektroskopi - WARNING - RealTimePanel: IR_850nm calibrated data uzunluk uyumsuzluğu (timestamps: 798, data: 198)
2026-01-21 19:30:34 - spektroskopi - WARNING - RealTimePanel: IR_940nm raw data uzunluk uyumsuzluğu (timestamps: 798, data: 198)
2026-01-21 19:30:34 - spektroskopi - WARNING - RealTimePanel: IR_940nm calibrated data uzunluk uyumsuzluğu (timestamps: 798, data: 198)
2026-01-21 19:30:35 - spektroskopi - WARNING - RealTimePanel: UV_360nm raw data uzunluk uyumsuzluğu (timestamps: 798, data: 202)
2026-01-21 19:30:35 - spektroskopi - WARNING - RealTimePanel: UV_360nm calibrated data uzunluk uyumsuzluğu (timestamps: 798, data: 202)
2026-01-21 19:30:35 - spektroskopi - WARNING - RealTimePanel: Blue_450nm raw data uzunluk uyumsuzluğu (timestamps: 798, data: 200)
2026-01-21 19:30:35 - spektroskopi - WARNING - RealTimePanel: Blue_450nm calibrated data uzunluk uyumsuzluğu (timestamps: 798, data: 200)
2026-01-21 19:30:35 - spektroskopi - WARNING - RealTimePanel: IR_850nm raw data uzunluk uyumsuzluğu (timestamps: 798, data: 198)
2026-01-21 19:30:35 - spektroskopi - WARNING - RealTimePanel: IR_850nm calibrated data uzunluk uyumsuzluğu (timestamps: 798, data: 198)
2026-01-21 19:30:35 - spektroskopi - WARNING - RealTimePanel: IR_940nm raw data uzunluk uyumsuzluğu (timestamps: 798, data: 198)
2026-01-21 19:30:35 - spektroskopi - WARNING - RealTimePanel: IR_940nm calibrated data uzunluk uyumsuzluğu (timestamps: 798, data: 198)
2026-01-21 19:30:36 - spektroskopi - WARNING - RealTimePanel: UV_360nm raw data uzunluk uyumsuzluğu (timestamps: 798, data: 202)
2026-01-21 19:30:36 - spektroskopi - WARNING - RealTimePanel: UV_360nm calibrated data uzunluk uyumsuzluğu (timestamps: 798, data: 202)
2026-01-21 19:30:36 - spektroskopi - WARNING - RealTimePanel: Blue_450nm raw data uzunluk uyumsuzluğu (timestamps: 798, data: 200)
2026-01-21 19:30:36 - spektroskopi - WARNING - RealTimePanel: Blue_450nm calibrated data uzunluk uyumsuzluğu (timestamps: 798, data: 200)
2026-01-21 19:30:36 - spektroskopi - WARNING - RealTimePanel: IR_850nm raw data uzunluk uyumsuzluğu (timestamps: 798, data: 198)
2026-01-21 19:30:36 - spektroskopi - WARNING - RealTimePanel: IR_850nm calibrated data uzunluk uyumsuzluğu (timestamps: 798, data: 198)
2026-01-21 19:30:36 - spektroskopi - WARNING - RealTimePanel: IR_940nm raw data uzunluk uyumsuzluğu (timestamps: 798, data: 198)
2026-01-21 19:30:36 - spektroskopi - WARNING - RealTimePanel: IR_940nm calibrated data uzunluk uyumsuzluğu (timestamps: 798, data: 198)
2026-01-21 19:30:37 - spektroskopi - WARNING - RealTimePanel: UV_360nm raw data uzunluk uyumsuzluğu (timestamps: 798, data: 202)
2026-01-21 19:30:37 - spektroskopi - WARNING - RealTimePanel: UV_360nm calibrated data uzunluk uyumsuzluğu (timestamps: 798, data: 202)
2026-01-21 19:30:37 - spektroskopi - WARNING - RealTimePanel: Blue_450nm raw data uzunluk uyumsuzluğu (timestamps: 798, data: 200)
2026-01-21 19:30:37 - spektroskopi - WARNING - RealTimePanel: Blue_450nm calibrated data uzunluk uyumsuzluğu (timestamps: 798, data: 200)
2026-01-21 19:30:37 - spektroskopi - WARNING - RealTimePanel: IR_850nm raw data uzunluk uyumsuzluğu (timestamps: 798, data: 198)
2026-01-21 19:30:37 - spektroskopi - WARNING - RealTimePanel: IR_850nm calibrated data uzunluk uyumsuzluğu (timestamps: 798, data: 198)
2026-01-21 19:30:37 - spektroskopi - WARNING - RealTimePanel: IR_940nm raw data uzunluk uyumsuzluğu (timestamps: 798, data: 198)
2026-01-21 19:30:37 - spektroskopi - WARNING - RealTimePanel: IR_940nm calibrated data uzunluk uyumsuzluğu (timestamps: 798, data: 198)
2026-01-21 19:30:38 - spektroskopi - WARNING - RealTimePanel: UV_360nm raw data uzunluk uyumsuzluğu (timestamps: 798, data: 202)
2026-01-21 19:30:38 - spektroskopi - WARNING - RealTimePanel: UV_360nm calibrated data uzunluk uyumsuzluğu (timestamps: 798, data: 202)
2026-01-21 19:30:38 - spektroskopi - WARNING - RealTimePanel: Blue_450nm raw data uzunluk uyumsuzluğu (timestamps: 798, data: 200)
2026-01-21 19:30:38 - spektroskopi - WARNING - RealTimePanel: Blue_450nm calibrated data uzunluk uyumsuzluğu (timestamps: 798, data: 200)
2026-01-21 19:30:38 - spektroskopi - WARNING - RealTimePanel: IR_850nm raw data uzunluk uyumsuzluğu (timestamps: 798, data: 198)
2026-01-21 19:30:38 - spektroskopi - WARNING - RealTimePanel: IR_850nm calibrated data uzunluk uyumsuzluğu (timestamps: 798, data: 198)
2026-01-21 19:30:38 - spektroskopi - WARNING - RealTimePanel: IR_940nm raw data uzunluk uyumsuzluğu (timestamps: 798, data: 198)
2026-01-21 19:30:38 - spektroskopi - WARNING - RealTimePanel: IR_940nm calibrated data uzunluk uyumsuzluğu (timestamps: 798, data: 198)
2026-01-21 19:30:39 - spektroskopi - WARNING - RealTimePanel: UV_360nm raw data uzunluk uyumsuzluğu (timestamps: 798, data: 202)
2026-01-21 19:30:39 - spektroskopi - WARNING - RealTimePanel: UV_360nm calibrated data uzunluk uyumsuzluğu (timestamps: 798, data: 202)
2026-01-21 19:30:39 - spektroskopi - WARNING - RealTimePanel: Blue_450nm raw data uzunluk uyumsuzluğu (timestamps: 798, data: 200)
2026-01-21 19:30:39 - spektroskopi - WARNING - RealTimePanel: Blue_450nm calibrated data uzunluk uyumsuzluğu (timestamps: 798, data: 200)
2026-01-21 19:30:39 - spektroskopi - WARNING - RealTimePanel: IR_850nm raw data uzunluk uyumsuzluğu (timestamps: 798, data: 198)
2026-01-21 19:30:39 - spektroskopi - WARNING - RealTimePanel: IR_850nm calibrated data uzunluk uyumsuzluğu (timestamps: 798, data: 198)
2026-01-21 19:30:39 - spektroskopi - WARNING - RealTimePanel: IR_940nm raw data uzunluk uyumsuzluğu (timestamps: 798, data: 198)
2026-01-21 19:30:39 - spektroskopi - WARNING - RealTimePanel: IR_940nm calibrated data uzunluk uyumsuzluğu (timestamps: 798, data: 198)
2026-01-21 19:30:40 - spektroskopi - WARNING - RealTimePanel: UV_360nm raw data uzunluk uyumsuzluğu (timestamps: 798, data: 202)
2026-01-21 19:30:40 - spektroskopi - WARNING - RealTimePanel: UV_360nm calibrated data uzunluk uyumsuzluğu (timestamps: 798, data: 202)
2026-01-21 19:30:40 - spektroskopi - WARNING - RealTimePanel: Blue_450nm raw data uzunluk uyumsuzluğu (timestamps: 798, data: 200)
2026-01-21 19:30:40 - spektroskopi - WARNING - RealTimePanel: Blue_450nm calibrated data uzunluk uyumsuzluğu (timestamps: 798, data: 200)
2026-01-21 19:30:40 - spektroskopi - WARNING - RealTimePanel: IR_850nm raw data uzunluk uyumsuzluğu (timestamps: 798, data: 198)
2026-01-21 19:30:40 - spektroskopi - WARNING - RealTimePanel: IR_850nm calibrated data uzunluk uyumsuzluğu (timestamps: 798, data: 198)
2026-01-21 19:30:40 - spektroskopi - WARNING - RealTimePanel: IR_940nm raw data uzunluk uyumsuzluğu (timestamps: 798, data: 198)
2026-01-21 19:30:40 - spektroskopi - WARNING - RealTimePanel: IR_940nm calibrated data uzunluk uyumsuzluğu (timestamps: 798, data: 198)
2026-01-21 19:30:41 - spektroskopi - WARNING - RealTimePanel: UV_360nm raw data uzunluk uyumsuzluğu (timestamps: 798, data: 202)
2026-01-21 19:30:41 - spektroskopi - WARNING - RealTimePanel: UV_360nm calibrated data uzunluk uyumsuzluğu (timestamps: 798, data: 202)
2026-01-21 19:30:41 - spektroskopi - WARNING - RealTimePanel: Blue_450nm raw data uzunluk uyumsuzluğu (timestamps: 798, data: 200)
2026-01-21 19:30:41 - spektroskopi - WARNING - RealTimePanel: Blue_450nm calibrated data uzunluk uyumsuzluğu (timestamps: 798, data: 200)
2026-01-21 19:30:41 - spektroskopi - WARNING - RealTimePanel: IR_850nm raw data uzunluk uyumsuzluğu (timestamps: 798, data: 198)
2026-01-21 19:30:41 - spektroskopi - WARNING - RealTimePanel: IR_850nm calibrated data uzunluk uyumsuzluğu (timestamps: 798, data: 198)
2026-01-21 19:30:41 - spektroskopi - WARNING - RealTimePanel: IR_940nm raw data uzunluk uyumsuzluğu (timestamps: 798, data: 198)
2026-01-21 19:30:41 - spektroskopi - WARNING - RealTimePanel: IR_940nm calibrated data uzunluk uyumsuzluğu (timestamps: 798, data: 198)
2026-01-21 19:30:42 - spektroskopi - WARNING - RealTimePanel: UV_360nm raw data uzunluk uyumsuzluğu (timestamps: 798, data: 202)
2026-01-21 19:30:42 - spektroskopi - WARNING - RealTimePanel: UV_360nm calibrated data uzunluk uyumsuzluğu (timestamps: 798, data: 202)
2026-01-21 19:30:42 - spektroskopi - WARNING - RealTimePanel: Blue_450nm raw data uzunluk uyumsuzluğu (timestamps: 798, data: 200)
2026-01-21 19:30:42 - spektroskopi - WARNING - RealTimePanel: Blue_450nm calibrated data uzunluk uyumsuzluğu (timestamps: 798, data: 200)
2026-01-21 19:30:42 - spektroskopi - WARNING - RealTimePanel: IR_850nm raw data uzunluk uyumsuzluğu (timestamps: 798, data: 198)
2026-01-21 19:30:42 - spektroskopi - WARNING - RealTimePanel: IR_850nm calibrated data uzunluk uyumsuzluğu (timestamps: 798, data: 198)
2026-01-21 19:30:42 - spektroskopi - WARNING - RealTimePanel: IR_940nm raw data uzunluk uyumsuzluğu (timestamps: 798, data: 198)
2026-01-21 19:30:42 - spektroskopi - WARNING - RealTimePanel: IR_940nm calibrated data uzunluk uyumsuzluğu (timestamps: 798, data: 198)
2026-01-21 19:30:43 - spektroskopi - WARNING - RealTimePanel: UV_360nm raw data uzunluk uyumsuzluğu (timestamps: 798, data: 202)
2026-01-21 19:30:43 - spektroskopi - WARNING - RealTimePanel: UV_360nm calibrated data uzunluk uyumsuzluğu (timestamps: 798, data: 202)
2026-01-21 19:30:43 - spektroskopi - WARNING - RealTimePanel: Blue_450nm raw data uzunluk uyumsuzluğu (timestamps: 798, data: 200)
2026-01-21 19:30:43 - spektroskopi - WARNING - RealTimePanel: Blue_450nm calibrated data uzunluk uyumsuzluğu (timestamps: 798, data: 200)
2026-01-21 19:30:43 - spektroskopi - WARNING - RealTimePanel: IR_850nm raw data uzunluk uyumsuzluğu (timestamps: 798, data: 198)
2026-01-21 19:30:43 - spektroskopi - WARNING - RealTimePanel: IR_850nm calibrated data uzunluk uyumsuzluğu (timestamps: 798, data: 198)
2026-01-21 19:30:43 - spektroskopi - WARNING - RealTimePanel: IR_940nm raw data uzunluk uyumsuzluğu (timestamps: 798, data: 198)
2026-01-21 19:30:43 - spektroskopi - WARNING - RealTimePanel: IR_940nm calibrated data uzunluk uyumsuzluğu (timestamps: 798, data: 198)
2026-01-21 19:30:44 - spektroskopi - WARNING - RealTimePanel: UV_360nm raw data uzunluk uyumsuzluğu (timestamps: 798, data: 202)
2026-01-21 19:30:44 - spektroskopi - WARNING - RealTimePanel: UV_360nm calibrated data uzunluk uyumsuzluğu (timestamps: 798, data: 202)
2026-01-21 19:30:44 - spektroskopi - WARNING - RealTimePanel: Blue_450nm raw data uzunluk uyumsuzluğu (timestamps: 798, data: 200)
2026-01-21 19:30:44 - spektroskopi - WARNING - RealTimePanel: Blue_450nm calibrated data uzunluk uyumsuzluğu (timestamps: 798, data: 200)
2026-01-21 19:30:44 - spektroskopi - WARNING - RealTimePanel: IR_850nm raw data uzunluk uyumsuzluğu (timestamps: 798, data: 198)
2026-01-21 19:30:44 - spektroskopi - WARNING - RealTimePanel: IR_850nm calibrated data uzunluk uyumsuzluğu (timestamps: 798, data: 198)
2026-01-21 19:30:44 - spektroskopi - WARNING - RealTimePanel: IR_940nm raw data uzunluk uyumsuzluğu (timestamps: 798, data: 198)
2026-01-21 19:30:44 - spektroskopi - WARNING - RealTimePanel: IR_940nm calibrated data uzunluk uyumsuzluğu (timestamps: 798, data: 198)
2026-01-21 19:30:45 - spektroskopi - WARNING - RealTimePanel: UV_360nm raw data uzunluk uyumsuzluğu (timestamps: 798, data: 202)
2026-01-21 19:30:45 - spektroskopi - WARNING - RealTimePanel: UV_360nm calibrated data uzunluk uyumsuzluğu (timestamps: 798, data: 202)
2026-01-21 19:30:45 - spektroskopi - WARNING - RealTimePanel: Blue_450nm raw data uzunluk uyumsuzluğu (timestamps: 798, data: 200)
2026-01-21 19:30:45 - spektroskopi - WARNING - RealTimePanel: Blue_450nm calibrated data uzunluk uyumsuzluğu (timestamps: 798, data: 200)
2026-01-21 19:30:45 - spektroskopi - WARNING - RealTimePanel: IR_850nm raw data uzunluk uyumsuzluğu (timestamps: 798, data: 198)
2026-01-21 19:30:45 - spektroskopi - WARNING - RealTimePanel: IR_850nm calibrated data uzunluk uyumsuzluğu (timestamps: 798, data: 198)
2026-01-21 19:30:45 - spektroskopi - WARNING - RealTimePanel: IR_940nm raw data uzunluk uyumsuzluğu (timestamps: 798, data: 198)
2026-01-21 19:30:45 - spektroskopi - WARNING - RealTimePanel: IR_940nm calibrated data uzunluk uyumsuzluğu (timestamps: 798, data: 198)
2026-01-21 19:30:46 - spektroskopi - WARNING - RealTimePanel: UV_360nm raw data uzunluk uyumsuzluğu (timestamps: 798, data: 202)
2026-01-21 19:30:46 - spektroskopi - WARNING - RealTimePanel: UV_360nm calibrated data uzunluk uyumsuzluğu (timestamps: 798, data: 202)
2026-01-21 19:30:46 - spektroskopi - WARNING - RealTimePanel: Blue_450nm raw data uzunluk uyumsuzluğu (timestamps: 798, data: 200)
2026-01-21 19:30:46 - spektroskopi - WARNING - RealTimePanel: Blue_450nm calibrated data uzunluk uyumsuzluğu (timestamps: 798, data: 200)
2026-01-21 19:30:46 - spektroskopi - WARNING - RealTimePanel: IR_850nm raw data uzunluk uyumsuzluğu (timestamps: 798, data: 198)
2026-01-21 19:30:46 - spektroskopi - WARNING - RealTimePanel: IR_850nm calibrated data uzunluk uyumsuzluğu (timestamps: 798, data: 198)
2026-01-21 19:30:46 - spektroskopi - WARNING - RealTimePanel: IR_940nm raw data uzunluk uyumsuzluğu (timestamps: 798, data: 198)
2026-01-21 19:30:46 - spektroskopi - WARNING - RealTimePanel: IR_940nm calibrated data uzunluk uyumsuzluğu (timestamps: 798, data: 198)
2026-01-21 19:30:47 - spektroskopi - WARNING - RealTimePanel: UV_360nm raw data uzunluk uyumsuzluğu (timestamps: 798, data: 202)
2026-01-21 19:30:47 - spektroskopi - WARNING - RealTimePanel: UV_360nm calibrated data uzunluk uyumsuzluğu (timestamps: 798, data: 202)
2026-01-21 19:30:47 - spektroskopi - WARNING - RealTimePanel: Blue_450nm raw data uzunluk uyumsuzluğu (timestamps: 798, data: 200)
2026-01-21 19:30:47 - spektroskopi - WARNING - RealTimePanel: Blue_450nm calibrated data uzunluk uyumsuzluğu (timestamps: 798, data: 200)
2026-01-21 19:30:47 - spektroskopi - WARNING - RealTimePanel: IR_850nm raw data uzunluk uyumsuzluğu (timestamps: 798, data: 198)
2026-01-21 19:30:47 - spektroskopi - WARNING - RealTimePanel: IR_850nm calibrated data uzunluk uyumsuzluğu (timestamps: 798, data: 198)
2026-01-21 19:30:47 - spektroskopi - WARNING - RealTimePanel: IR_940nm raw data uzunluk uyumsuzluğu (timestamps: 798, data: 198)
2026-01-21 19:30:47 - spektroskopi - WARNING - RealTimePanel: IR_940nm calibrated data uzunluk uyumsuzluğu (timestamps: 798, data: 198)
2026-01-21 19:30:48 - spektroskopi - WARNING - RealTimePanel: UV_360nm raw data uzunluk uyumsuzluğu (timestamps: 798, data: 202)
2026-01-21 19:30:48 - spektroskopi - WARNING - RealTimePanel: UV_360nm calibrated data uzunluk uyumsuzluğu (timestamps: 798, data: 202)
2026-01-21 19:30:48 - spektroskopi - WARNING - RealTimePanel: Blue_450nm raw data uzunluk uyumsuzluğu (timestamps: 798, data: 200)
2026-01-21 19:30:48 - spektroskopi - WARNING - RealTimePanel: Blue_450nm calibrated data uzunluk uyumsuzluğu (timestamps: 798, data: 200)
2026-01-21 19:30:48 - spektroskopi - WARNING - RealTimePanel: IR_850nm raw data uzunluk uyumsuzluğu (timestamps: 798, data: 198)
2026-01-21 19:30:48 - spektroskopi - WARNING - RealTimePanel: IR_850nm calibrated data uzunluk uyumsuzluğu (timestamps: 798, data: 198)
2026-01-21 19:30:48 - spektroskopi - WARNING - RealTimePanel: IR_940nm raw data uzunluk uyumsuzluğu (timestamps: 798, data: 198)
2026-01-21 19:30:48 - spektroskopi - WARNING - RealTimePanel: IR_940nm calibrated data uzunluk uyumsuzluğu (timestamps: 798, data: 198)
2026-01-21 19:30:49 - spektroskopi - WARNING - RealTimePanel: UV_360nm raw data uzunluk uyumsuzluğu (timestamps: 798, data: 202)
2026-01-21 19:30:49 - spektroskopi - WARNING - RealTimePanel: UV_360nm calibrated data uzunluk uyumsuzluğu (timestamps: 798, data: 202)
2026-01-21 19:30:49 - spektroskopi - WARNING - RealTimePanel: Blue_450nm raw data uzunluk uyumsuzluğu (timestamps: 798, data: 200)
2026-01-21 19:30:49 - spektroskopi - WARNING - RealTimePanel: Blue_450nm calibrated data uzunluk uyumsuzluğu (timestamps: 798, data: 200)
2026-01-21 19:30:49 - spektroskopi - WARNING - RealTimePanel: IR_850nm raw data uzunluk uyumsuzluğu (timestamps: 798, data: 198)
2026-01-21 19:30:49 - spektroskopi - WARNING - RealTimePanel: IR_850nm calibrated data uzunluk uyumsuzluğu (timestamps: 798, data: 198)
2026-01-21 19:30:49 - spektroskopi - WARNING - RealTimePanel: IR_940nm raw data uzunluk uyumsuzluğu (timestamps: 798, data: 198)
2026-01-21 19:30:49 - spektroskopi - WARNING - RealTimePanel: IR_940nm calibrated data uzunluk uyumsuzluğu (timestamps: 798, data: 198)
2026-01-21 19:30:50 - spektroskopi - WARNING - RealTimePanel: UV_360nm raw data uzunluk uyumsuzluğu (timestamps: 798, data: 202)
2026-01-21 19:30:50 - spektroskopi - WARNING - RealTimePanel: UV_360nm calibrated data uzunluk uyumsuzluğu (timestamps: 798, data: 202)
2026-01-21 19:30:50 - spektroskopi - WARNING - RealTimePanel: Blue_450nm raw data uzunluk uyumsuzluğu (timestamps: 798, data: 200)
2026-01-21 19:30:50 - spektroskopi - WARNING - RealTimePanel: Blue_450nm calibrated data uzunluk uyumsuzluğu (timestamps: 798, data: 200)
2026-01-21 19:30:50 - spektroskopi - WARNING - RealTimePanel: IR_850nm raw data uzunluk uyumsuzluğu (timestamps: 798, data: 198)
2026-01-21 19:30:50 - spektroskopi - WARNING - RealTimePanel: IR_850nm calibrated data uzunluk uyumsuzluğu (timestamps: 798, data: 198)
2026-01-21 19:30:50 - spektroskopi - WARNING - RealTimePanel: IR_940nm raw data uzunluk uyumsuzluğu (timestamps: 798, data: 198)
2026-01-21 19:30:50 - spektroskopi - WARNING - RealTimePanel: IR_940nm calibrated data uzunluk uyumsuzluğu (timestamps: 798, data: 198)
2026-01-21 19:30:51 - spektroskopi - WARNING - RealTimePanel: UV_360nm raw data uzunluk uyumsuzluğu (timestamps: 798, data: 202)
2026-01-21 19:30:51 - spektroskopi - WARNING - RealTimePanel: UV_360nm calibrated data uzunluk uyumsuzluğu (timestamps: 798, data: 202)
2026-01-21 19:30:51 - spektroskopi - WARNING - RealTimePanel: Blue_450nm raw data uzunluk uyumsuzluğu (timestamps: 798, data: 200)
2026-01-21 19:30:51 - spektroskopi - WARNING - RealTimePanel: Blue_450nm calibrated data uzunluk uyumsuzluğu (timestamps: 798, data: 200)
2026-01-21 19:30:51 - spektroskopi - WARNING - RealTimePanel: IR_850nm raw data uzunluk uyumsuzluğu (timestamps: 798, data: 198)
2026-01-21 19:30:51 - spektroskopi - WARNING - RealTimePanel: IR_850nm calibrated data uzunluk uyumsuzluğu (timestamps: 798, data: 198)
2026-01-21 19:30:51 - spektroskopi - WARNING - RealTimePanel: IR_940nm raw data uzunluk uyumsuzluğu (timestamps: 798, data: 198)
2026-01-21 19:30:51 - spektroskopi - WARNING - RealTimePanel: IR_940nm calibrated data uzunluk uyumsuzluğu (timestamps: 798, data: 198)
2026-01-21 19:30:52 - spektroskopi - WARNING - RealTimePanel: UV_360nm raw data uzunluk uyumsuzluğu (timestamps: 798, data: 202)
2026-01-21 19:30:52 - spektroskopi - WARNING - RealTimePanel: UV_360nm calibrated data uzunluk uyumsuzluğu (timestamps: 798, data: 202)
2026-01-21 19:30:52 - spektroskopi - WARNING - RealTimePanel: Blue_450nm raw data uzunluk uyumsuzluğu (timestamps: 798, data: 200)
2026-01-21 19:30:52 - spektroskopi - WARNING - RealTimePanel: Blue_450nm calibrated data uzunluk uyumsuzluğu (timestamps: 798, data: 200)
2026-01-21 19:30:52 - spektroskopi - WARNING - RealTimePanel: IR_850nm raw data uzunluk uyumsuzluğu (timestamps: 798, data: 198)
2026-01-21 19:30:52 - spektroskopi - WARNING - RealTimePanel: IR_850nm calibrated data uzunluk uyumsuzluğu (timestamps: 798, data: 198)
2026-01-21 19:30:52 - spektroskopi - WARNING - RealTimePanel: IR_940nm raw data uzunluk uyumsuzluğu (timestamps: 798, data: 198)
2026-01-21 19:30:52 - spektroskopi - WARNING - RealTimePanel: IR_940nm calibrated data uzunluk uyumsuzluğu (timestamps: 798, data: 198)
2026-01-21 19:30:53 - spektroskopi - WARNING - RealTimePanel: UV_360nm raw data uzunluk uyumsuzluğu (timestamps: 798, data: 202)
2026-01-21 19:30:53 - spektroskopi - WARNING - RealTimePanel: UV_360nm calibrated data uzunluk uyumsuzluğu (timestamps: 798, data: 202)
2026-01-21 19:30:53 - spektroskopi - WARNING - RealTimePanel: Blue_450nm raw data uzunluk uyumsuzluğu (timestamps: 798, data: 200)
2026-01-21 19:30:53 - spektroskopi - WARNING - RealTimePanel: Blue_450nm calibrated data uzunluk uyumsuzluğu (timestamps: 798, data: 200)
2026-01-21 19:30:53 - spektroskopi - WARNING - RealTimePanel: IR_850nm raw data uzunluk uyumsuzluğu (timestamps: 798, data: 198)
2026-01-21 19:30:53 - spektroskopi - WARNING - RealTimePanel: IR_850nm calibrated data uzunluk uyumsuzluğu (timestamps: 798, data: 198)
2026-01-21 19:30:53 - spektroskopi - WARNING - RealTimePanel: IR_940nm raw data uzunluk uyumsuzluğu (timestamps: 798, data: 198)
2026-01-21 19:30:53 - spektroskopi - WARNING - RealTimePanel: IR_940nm calibrated data uzunluk uyumsuzluğu (timestamps: 798, data: 198)
2026-01-21 19:30:54 - spektroskopi - WARNING - RealTimePanel: UV_360nm raw data uzunluk uyumsuzluğu (timestamps: 798, data: 202)
2026-01-21 19:30:54 - spektroskopi - WARNING - RealTimePanel: UV_360nm calibrated data uzunluk uyumsuzluğu (timestamps: 798, data: 202)
2026-01-21 19:30:54 - spektroskopi - WARNING - RealTimePanel: Blue_450nm raw data uzunluk uyumsuzluğu (timestamps: 798, data: 200)
2026-01-21 19:30:54 - spektroskopi - WARNING - RealTimePanel: Blue_450nm calibrated data uzunluk uyumsuzluğu (timestamps: 798, data: 200)
2026-01-21 19:30:54 - spektroskopi - WARNING - RealTimePanel: IR_850nm raw data uzunluk uyumsuzluğu (timestamps: 798, data: 198)
2026-01-21 19:30:54 - spektroskopi - WARNING - RealTimePanel: IR_850nm calibrated data uzunluk uyumsuzluğu (timestamps: 798, data: 198)
2026-01-21 19:30:54 - spektroskopi - WARNING - RealTimePanel: IR_940nm raw data uzunluk uyumsuzluğu (timestamps: 798, data: 198)
2026-01-21 19:30:54 - spektroskopi - WARNING - RealTimePanel: IR_940nm calibrated data uzunluk uyumsuzluğu (timestamps: 798, data: 198)
2026-01-21 19:30:55 - spektroskopi - WARNING - RealTimePanel: UV_360nm raw data uzunluk uyumsuzluğu (timestamps: 798, data: 202)
2026-01-21 19:30:55 - spektroskopi - WARNING - RealTimePanel: UV_360nm calibrated data uzunluk uyumsuzluğu (timestamps: 798, data: 202)
2026-01-21 19:30:55 - spektroskopi - WARNING - RealTimePanel: Blue_450nm raw data uzunluk uyumsuzluğu (timestamps: 798, data: 200)
2026-01-21 19:30:55 - spektroskopi - WARNING - RealTimePanel: Blue_450nm calibrated data uzunluk uyumsuzluğu (timestamps: 798, data: 200)
2026-01-21 19:30:55 - spektroskopi - WARNING - RealTimePanel: IR_850nm raw data uzunluk uyumsuzluğu (timestamps: 798, data: 198)
2026-01-21 19:30:55 - spektroskopi - WARNING - RealTimePanel: IR_850nm calibrated data uzunluk uyumsuzluğu (timestamps: 798, data: 198)
2026-01-21 19:30:55 - spektroskopi - WARNING - RealTimePanel: IR_940nm raw data uzunluk uyumsuzluğu (timestamps: 798, data: 198)
2026-01-21 19:30:55 - spektroskopi - WARNING - RealTimePanel: IR_940nm calibrated data uzunluk uyumsuzluğu (timestamps: 798, data: 198)
2026-01-21 19:30:56 - spektroskopi - WARNING - RealTimePanel: UV_360nm raw data uzunluk uyumsuzluğu (timestamps: 798, data: 202)
2026-01-21 19:30:56 - spektroskopi - WARNING - RealTimePanel: UV_360nm calibrated data uzunluk uyumsuzluğu (timestamps: 798, data: 202)
2026-01-21 19:30:56 - spektroskopi - WARNING - RealTimePanel: Blue_450nm raw data uzunluk uyumsuzluğu (timestamps: 798, data: 200)
2026-01-21 19:30:56 - spektroskopi - WARNING - RealTimePanel: Blue_450nm calibrated data uzunluk uyumsuzluğu (timestamps: 798, data: 200)
2026-01-21 19:30:56 - spektroskopi - WARNING - RealTimePanel: IR_850nm raw data uzunluk uyumsuzluğu (timestamps: 798, data: 198)
2026-01-21 19:30:56 - spektroskopi - WARNING - RealTimePanel: IR_850nm calibrated data uzunluk uyumsuzluğu (timestamps: 798, data: 198)
2026-01-21 19:30:56 - spektroskopi - WARNING - RealTimePanel: IR_940nm raw data uzunluk uyumsuzluğu (timestamps: 798, data: 198)
2026-01-21 19:30:56 - spektroskopi - WARNING - RealTimePanel: IR_940nm calibrated data uzunluk uyumsuzluğu (timestamps: 798, data: 198)
2026-01-21 19:30:57 - spektroskopi - WARNING - RealTimePanel: UV_360nm raw data uzunluk uyumsuzluğu (timestamps: 798, data: 202)
2026-01-21 19:30:57 - spektroskopi - WARNING - RealTimePanel: UV_360nm calibrated data uzunluk uyumsuzluğu (timestamps: 798, data: 202)
2026-01-21 19:30:57 - spektroskopi - WARNING - RealTimePanel: Blue_450nm raw data uzunluk uyumsuzluğu (timestamps: 798, data: 200)
2026-01-21 19:30:57 - spektroskopi - WARNING - RealTimePanel: Blue_450nm calibrated data uzunluk uyumsuzluğu (timestamps: 798, data: 200)
2026-01-21 19:30:57 - spektroskopi - WARNING - RealTimePanel: IR_850nm raw data uzunluk uyumsuzluğu (timestamps: 798, data: 198)
2026-01-21 19:30:57 - spektroskopi - WARNING - RealTimePanel: IR_850nm calibrated data uzunluk uyumsuzluğu (timestamps: 798, data: 198)
2026-01-21 19:30:57 - spektroskopi - WARNING - RealTimePanel: IR_940nm raw data uzunluk uyumsuzluğu (timestamps: 798, data: 198)
2026-01-21 19:30:57 - spektroskopi - WARNING - RealTimePanel: IR_940nm calibrated data uzunluk uyumsuzluğu (timestamps: 798, data: 198)
2026-01-21 19:30:58 - spektroskopi - WARNING - RealTimePanel: UV_360nm raw data uzunluk uyumsuzluğu (timestamps: 798, data: 202)
2026-01-21 19:30:58 - spektroskopi - WARNING - RealTimePanel: UV_360nm calibrated data uzunluk uyumsuzluğu (timestamps: 798, data: 202)
2026-01-21 19:30:58 - spektroskopi - WARNING - RealTimePanel: Blue_450nm raw data uzunluk uyumsuzluğu (timestamps: 798, data: 200)
2026-01-21 19:30:58 - spektroskopi - WARNING - RealTimePanel: Blue_450nm calibrated data uzunluk uyumsuzluğu (timestamps: 798, data: 200)
2026-01-21 19:30:58 - spektroskopi - WARNING - RealTimePanel: IR_850nm raw data uzunluk uyumsuzluğu (timestamps: 798, data: 198)
2026-01-21 19:30:58 - spektroskopi - WARNING - RealTimePanel: IR_850nm calibrated data uzunluk uyumsuzluğu (timestamps: 798, data: 198)
2026-01-21 19:30:58 - spektroskopi - WARNING - RealTimePanel: IR_940nm raw data uzunluk uyumsuzluğu (timestamps: 798, data: 198)
2026-01-21 19:30:58 - spektroskopi - WARNING - RealTimePanel: IR_940nm calibrated data uzunluk uyumsuzluğu (timestamps: 798, data: 198)
2026-01-21 19:30:59 - spektroskopi - WARNING - RealTimePanel: UV_360nm raw data uzunluk uyumsuzluğu (timestamps: 798, data: 202)
2026-01-21 19:30:59 - spektroskopi - WARNING - RealTimePanel: UV_360nm calibrated data uzunluk uyumsuzluğu (timestamps: 798, data: 202)
2026-01-21 19:30:59 - spektroskopi - WARNING - RealTimePanel: Blue_450nm raw data uzunluk uyumsuzluğu (timestamps: 798, data: 200)
2026-01-21 19:30:59 - spektroskopi - WARNING - RealTimePanel: Blue_450nm calibrated data uzunluk uyumsuzluğu (timestamps: 798, data: 200)
2026-01-21 19:30:59 - spektroskopi - WARNING - RealTimePanel: IR_850nm raw data uzunluk uyumsuzluğu (timestamps: 798, data: 198)
2026-01-21 19:30:59 - spektroskopi - WARNING - RealTimePanel: IR_850nm calibrated data uzunluk uyumsuzluğu (timestamps: 798, data: 198)
2026-01-21 19:30:59 - spektroskopi - WARNING - RealTimePanel: IR_940nm raw data uzunluk uyumsuzluğu (timestamps: 798, data: 198)
2026-01-21 19:30:59 - spektroskopi - WARNING - RealTimePanel: IR_940nm calibrated data uzunluk uyumsuzluğu (timestamps: 798, data: 198)
2026-01-21 19:31:00 - spektroskopi - WARNING - RealTimePanel: UV_360nm raw data uzunluk uyumsuzluğu (timestamps: 798, data: 202)
2026-01-21 19:31:00 - spektroskopi - WARNING - RealTimePanel: UV_360nm calibrated data uzunluk uyumsuzluğu (timestamps: 798, data: 202)
2026-01-21 19:31:00 - spektroskopi - WARNING - RealTimePanel: Blue_450nm raw data uzunluk uyumsuzluğu (timestamps: 798, data: 200)
2026-01-21 19:31:00 - spektroskopi - WARNING - RealTimePanel: Blue_450nm calibrated data uzunluk uyumsuzluğu (timestamps: 798, data: 200)
2026-01-21 19:31:00 - spektroskopi - WARNING - RealTimePanel: IR_850nm raw data uzunluk uyumsuzluğu (timestamps: 798, data: 198)
2026-01-21 19:31:00 - spektroskopi - WARNING - RealTimePanel: IR_850nm calibrated data uzunluk uyumsuzluğu (timestamps: 798, data: 198)
2026-01-21 19:31:00 - spektroskopi - WARNING - RealTimePanel: IR_940nm raw data uzunluk uyumsuzluğu (timestamps: 798, data: 198)
2026-01-21 19:31:00 - spektroskopi - WARNING - RealTimePanel: IR_940nm calibrated data uzunluk uyumsuzluğu (timestamps: 798, data: 198)
2026-01-21 19:31:01 - spektroskopi - WARNING - RealTimePanel: UV_360nm raw data uzunluk uyumsuzluğu (timestamps: 798, data: 202)
2026-01-21 19:31:01 - spektroskopi - WARNING - RealTimePanel: UV_360nm calibrated data uzunluk uyumsuzluğu (timestamps: 798, data: 202)
2026-01-21 19:31:01 - spektroskopi - WARNING - RealTimePanel: Blue_450nm raw data uzunluk uyumsuzluğu (timestamps: 798, data: 200)
2026-01-21 19:31:01 - spektroskopi - WARNING - RealTimePanel: Blue_450nm calibrated data uzunluk uyumsuzluğu (timestamps: 798, data: 200)
2026-01-21 19:31:01 - spektroskopi - WARNING - RealTimePanel: IR_850nm raw data uzunluk uyumsuzluğu (timestamps: 798, data: 198)
2026-01-21 19:31:01 - spektroskopi - WARNING - RealTimePanel: IR_850nm calibrated data uzunluk uyumsuzluğu (timestamps: 798, data: 198)
2026-01-21 19:31:01 - spektroskopi - WARNING - RealTimePanel: IR_940nm raw data uzunluk uyumsuzluğu (timestamps: 798, data: 198)
2026-01-21 19:31:01 - spektroskopi - WARNING - RealTimePanel: IR_940nm calibrated data uzunluk uyumsuzluğu (timestamps: 798, data: 198)
2026-01-21 19:31:02 - spektroskopi - WARNING - RealTimePanel: UV_360nm raw data uzunluk uyumsuzluğu (timestamps: 798, data: 202)
2026-01-21 19:31:02 - spektroskopi - WARNING - RealTimePanel: UV_360nm calibrated data uzunluk uyumsuzluğu (timestamps: 798, data: 202)
2026-01-21 19:31:02 - spektroskopi - WARNING - RealTimePanel: Blue_450nm raw data uzunluk uyumsuzluğu (timestamps: 798, data: 200)
2026-01-21 19:31:02 - spektroskopi - WARNING - RealTimePanel: Blue_450nm calibrated data uzunluk uyumsuzluğu (timestamps: 798, data: 200)
2026-01-21 19:31:02 - spektroskopi - WARNING - RealTimePanel: IR_850nm raw data uzunluk uyumsuzluğu (timestamps: 798, data: 198)
2026-01-21 19:31:02 - spektroskopi - WARNING - RealTimePanel: IR_850nm calibrated data uzunluk uyumsuzluğu (timestamps: 798, data: 198)
2026-01-21 19:31:02 - spektroskopi - WARNING - RealTimePanel: IR_940nm raw data uzunluk uyumsuzluğu (timestamps: 798, data: 198)
2026-01-21 19:31:02 - spektroskopi - WARNING - RealTimePanel: IR_940nm calibrated data uzunluk uyumsuzluğu (timestamps: 798, data: 198)
2026-01-21 19:31:03 - spektroskopi - WARNING - RealTimePanel: UV_360nm raw data uzunluk uyumsuzluğu (timestamps: 798, data: 202)
2026-01-21 19:31:03 - spektroskopi - WARNING - RealTimePanel: UV_360nm calibrated data uzunluk uyumsuzluğu (timestamps: 798, data: 202)
2026-01-21 19:31:03 - spektroskopi - WARNING - RealTimePanel: Blue_450nm raw data uzunluk uyumsuzluğu (timestamps: 798, data: 200)
2026-01-21 19:31:03 - spektroskopi - WARNING - RealTimePanel: Blue_450nm calibrated data uzunluk uyumsuzluğu (timestamps: 798, data: 200)
2026-01-21 19:31:03 - spektroskopi - WARNING - RealTimePanel: IR_850nm raw data uzunluk uyumsuzluğu (timestamps: 798, data: 198)
2026-01-21 19:31:03 - spektroskopi - WARNING - RealTimePanel: IR_850nm calibrated data uzunluk uyumsuzluğu (timestamps: 798, data: 198)
2026-01-21 19:31:03 - spektroskopi - WARNING - RealTimePanel: IR_940nm raw data uzunluk uyumsuzluğu (timestamps: 798, data: 198)
2026-01-21 19:31:03 - spektroskopi - WARNING - RealTimePanel: IR_940nm calibrated data uzunluk uyumsuzluğu (timestamps: 798, data: 198)
2026-01-21 19:31:04 - spektroskopi - WARNING - RealTimePanel: UV_360nm raw data uzunluk uyumsuzluğu (timestamps: 798, data: 202)
2026-01-21 19:31:04 - spektroskopi - WARNING - RealTimePanel: UV_360nm calibrated data uzunluk uyumsuzluğu (timestamps: 798, data: 202)
2026-01-21 19:31:04 - spektroskopi - WARNING - RealTimePanel: Blue_450nm raw data uzunluk uyumsuzluğu (timestamps: 798, data: 200)
2026-01-21 19:31:04 - spektroskopi - WARNING - RealTimePanel: Blue_450nm calibrated data uzunluk uyumsuzluğu (timestamps: 798, data: 200)
2026-01-21 19:31:04 - spektroskopi - WARNING - RealTimePanel: IR_850nm raw data uzunluk uyumsuzluğu (timestamps: 798, data: 198)
2026-01-21 19:31:04 - spektroskopi - WARNING - RealTimePanel: IR_850nm calibrated data uzunluk uyumsuzluğu (timestamps: 798, data: 198)
2026-01-21 19:31:04 - spektroskopi - WARNING - RealTimePanel: IR_940nm raw data uzunluk uyumsuzluğu (timestamps: 798, data: 198)
2026-01-21 19:31:04 - spektroskopi - WARNING - RealTimePanel: IR_940nm calibrated data uzunluk uyumsuzluğu (timestamps: 798, data: 198)
2026-01-21 19:31:05 - spektroskopi - WARNING - RealTimePanel: UV_360nm raw data uzunluk uyumsuzluğu (timestamps: 798, data: 202)
2026-01-21 19:31:05 - spektroskopi - WARNING - RealTimePanel: UV_360nm calibrated data uzunluk uyumsuzluğu (timestamps: 798, data: 202)
2026-01-21 19:31:05 - spektroskopi - WARNING - RealTimePanel: Blue_450nm raw data uzunluk uyumsuzluğu (timestamps: 798, data: 200)
2026-01-21 19:31:05 - spektroskopi - WARNING - RealTimePanel: Blue_450nm calibrated data uzunluk uyumsuzluğu (timestamps: 798, data: 200)
2026-01-21 19:31:05 - spektroskopi - WARNING - RealTimePanel: IR_850nm raw data uzunluk uyumsuzluğu (timestamps: 798, data: 198)
2026-01-21 19:31:05 - spektroskopi - WARNING - RealTimePanel: IR_850nm calibrated data uzunluk uyumsuzluğu (timestamps: 798, data: 198)
2026-01-21 19:31:05 - spektroskopi - WARNING - RealTimePanel: IR_940nm raw data uzunluk uyumsuzluğu (timestamps: 798, data: 198)
2026-01-21 19:31:05 - spektroskopi - WARNING - RealTimePanel: IR_940nm calibrated data uzunluk uyumsuzluğu (timestamps: 798, data: 198)
2026-01-21 19:31:06 - spektroskopi - WARNING - RealTimePanel: UV_360nm raw data uzunluk uyumsuzluğu (timestamps: 798, data: 202)
2026-01-21 19:31:06 - spektroskopi - WARNING - RealTimePanel: UV_360nm calibrated data uzunluk uyumsuzluğu (timestamps: 798, data: 202)
2026-01-21 19:31:06 - spektroskopi - WARNING - RealTimePanel: Blue_450nm raw data uzunluk uyumsuzluğu (timestamps: 798, data: 200)
2026-01-21 19:31:06 - spektroskopi - WARNING - RealTimePanel: Blue_450nm calibrated data uzunluk uyumsuzluğu (timestamps: 798, data: 200)
2026-01-21 19:31:06 - spektroskopi - WARNING - RealTimePanel: IR_850nm raw data uzunluk uyumsuzluğu (timestamps: 798, data: 198)
2026-01-21 19:31:06 - spektroskopi - WARNING - RealTimePanel: IR_850nm calibrated data uzunluk uyumsuzluğu (timestamps: 798, data: 198)
2026-01-21 19:31:06 - spektroskopi - WARNING - RealTimePanel: IR_940nm raw data uzunluk uyumsuzluğu (timestamps: 798, data: 198)
2026-01-21 19:31:06 - spektroskopi - WARNING - RealTimePanel: IR_940nm calibrated data uzunluk uyumsuzluğu (timestamps: 798, data: 198)
2026-01-21 19:31:07 - spektroskopi - WARNING - RealTimePanel: UV_360nm raw data uzunluk uyumsuzluğu (timestamps: 798, data: 202)
2026-01-21 19:31:07 - spektroskopi - WARNING - RealTimePanel: UV_360nm calibrated data uzunluk uyumsuzluğu (timestamps: 798, data: 202)
2026-01-21 19:31:07 - spektroskopi - WARNING - RealTimePanel: Blue_450nm raw data uzunluk uyumsuzluğu (timestamps: 798, data: 200)
2026-01-21 19:31:07 - spektroskopi - WARNING - RealTimePanel: Blue_450nm calibrated data uzunluk uyumsuzluğu (timestamps: 798, data: 200)
2026-01-21 19:31:07 - spektroskopi - WARNING - RealTimePanel: IR_850nm raw data uzunluk uyumsuzluğu (timestamps: 798, data: 198)
2026-01-21 19:31:07 - spektroskopi - WARNING - RealTimePanel: IR_850nm calibrated data uzunluk uyumsuzluğu (timestamps: 798, data: 198)
2026-01-21 19:31:07 - spektroskopi - WARNING - RealTimePanel: IR_940nm raw data uzunluk uyumsuzluğu (timestamps: 798, data: 198)
2026-01-21 19:31:07 - spektroskopi - WARNING - RealTimePanel: IR_940nm calibrated data uzunluk uyumsuzluğu (timestamps: 798, data: 198)
2026-01-21 19:31:08 - spektroskopi - WARNING - RealTimePanel: UV_360nm raw data uzunluk uyumsuzluğu (timestamps: 798, data: 202)
2026-01-21 19:31:08 - spektroskopi - WARNING - RealTimePanel: UV_360nm calibrated data uzunluk uyumsuzluğu (timestamps: 798, data: 202)
2026-01-21 19:31:08 - spektroskopi - WARNING - RealTimePanel: Blue_450nm raw data uzunluk uyumsuzluğu (timestamps: 798, data: 200)
2026-01-21 19:31:08 - spektroskopi - WARNING - RealTimePanel: Blue_450nm calibrated data uzunluk uyumsuzluğu (timestamps: 798, data: 200)
2026-01-21 19:31:08 - spektroskopi - WARNING - RealTimePanel: IR_850nm raw data uzunluk uyumsuzluğu (timestamps: 798, data: 198)
2026-01-21 19:31:08 - spektroskopi - WARNING - RealTimePanel: IR_850nm calibrated data uzunluk uyumsuzluğu (timestamps: 798, data: 198)
2026-01-21 19:31:08 - spektroskopi - WARNING - RealTimePanel: IR_940nm raw data uzunluk uyumsuzluğu (timestamps: 798, data: 198)
2026-01-21 19:31:08 - spektroskopi - WARNING - RealTimePanel: IR_940nm calibrated data uzunluk uyumsuzluğu (timestamps: 798, data: 198)
2026-01-21 19:31:09 - spektroskopi - WARNING - RealTimePanel: UV_360nm raw data uzunluk uyumsuzluğu (timestamps: 798, data: 202)
2026-01-21 19:31:09 - spektroskopi - WARNING - RealTimePanel: UV_360nm calibrated data uzunluk uyumsuzluğu (timestamps: 798, data: 202)
2026-01-21 19:31:09 - spektroskopi - WARNING - RealTimePanel: Blue_450nm raw data uzunluk uyumsuzluğu (timestamps: 798, data: 200)
2026-01-21 19:31:09 - spektroskopi - WARNING - RealTimePanel: Blue_450nm calibrated data uzunluk uyumsuzluğu (timestamps: 798, data: 200)
2026-01-21 19:31:09 - spektroskopi - WARNING - RealTimePanel: IR_850nm raw data uzunluk uyumsuzluğu (timestamps: 798, data: 198)
2026-01-21 19:31:09 - spektroskopi - WARNING - RealTimePanel: IR_850nm calibrated data uzunluk uyumsuzluğu (timestamps: 798, data: 198)
2026-01-21 19:31:09 - spektroskopi - WARNING - RealTimePanel: IR_940nm raw data uzunluk uyumsuzluğu (timestamps: 798, data: 198)
2026-01-21 19:31:09 - spektroskopi - WARNING - RealTimePanel: IR_940nm calibrated data uzunluk uyumsuzluğu (timestamps: 798, data: 198)
2026-01-21 19:31:10 - spektroskopi - WARNING - RealTimePanel: UV_360nm raw data uzunluk uyumsuzluğu (timestamps: 798, data: 202)
2026-01-21 19:31:10 - spektroskopi - WARNING - RealTimePanel: UV_360nm calibrated data uzunluk uyumsuzluğu (timestamps: 798, data: 202)
2026-01-21 19:31:10 - spektroskopi - WARNING - RealTimePanel: Blue_450nm raw data uzunluk uyumsuzluğu (timestamps: 798, data: 200)
2026-01-21 19:31:10 - spektroskopi - WARNING - RealTimePanel: Blue_450nm calibrated data uzunluk uyumsuzluğu (timestamps: 798, data: 200)
2026-01-21 19:31:10 - spektroskopi - WARNING - RealTimePanel: IR_850nm raw data uzunluk uyumsuzluğu (timestamps: 798, data: 198)
2026-01-21 19:31:10 - spektroskopi - WARNING - RealTimePanel: IR_850nm calibrated data uzunluk uyumsuzluğu (timestamps: 798, data: 198)
2026-01-21 19:31:10 - spektroskopi - WARNING - RealTimePanel: IR_940nm raw data uzunluk uyumsuzluğu (timestamps: 798, data: 198)
2026-01-21 19:31:10 - spektroskopi - WARNING - RealTimePanel: IR_940nm calibrated data uzunluk uyumsuzluğu (timestamps: 798, data: 198)
2026-01-21 19:31:11 - spektroskopi - WARNING - RealTimePanel: UV_360nm raw data uzunluk uyumsuzluğu (timestamps: 798, data: 202)
2026-01-21 19:31:11 - spektroskopi - WARNING - RealTimePanel: UV_360nm calibrated data uzunluk uyumsuzluğu (timestamps: 798, data: 202)
2026-01-21 19:31:11 - spektroskopi - WARNING - RealTimePanel: Blue_450nm raw data uzunluk uyumsuzluğu (timestamps: 798, data: 200)
2026-01-21 19:31:11 - spektroskopi - WARNING - RealTimePanel: Blue_450nm calibrated data uzunluk uyumsuzluğu (timestamps: 798, data: 200)
2026-01-21 19:31:11 - spektroskopi - WARNING - RealTimePanel: IR_850nm raw data uzunluk uyumsuzluğu (timestamps: 798, data: 198)
2026-01-21 19:31:11 - spektroskopi - WARNING - RealTimePanel: IR_850nm calibrated data uzunluk uyumsuzluğu (timestamps: 798, data: 198)
2026-01-21 19:31:11 - spektroskopi - WARNING - RealTimePanel: IR_940nm raw data uzunluk uyumsuzluğu (timestamps: 798, data: 198)
2026-01-21 19:31:11 - spektroskopi - WARNING - RealTimePanel: IR_940nm calibrated data uzunluk uyumsuzluğu (timestamps: 798, data: 198)
2026-01-21 19:31:12 - spektroskopi - WARNING - RealTimePanel: UV_360nm raw data uzunluk uyumsuzluğu (timestamps: 798, data: 202)
2026-01-21 19:31:12 - spektroskopi - WARNING - RealTimePanel: UV_360nm calibrated data uzunluk uyumsuzluğu (timestamps: 798, data: 202)
2026-01-21 19:31:12 - spektroskopi - WARNING - RealTimePanel: Blue_450nm raw data uzunluk uyumsuzluğu (timestamps: 798, data: 200)
2026-01-21 19:31:12 - spektroskopi - WARNING - RealTimePanel: Blue_450nm calibrated data uzunluk uyumsuzluğu (timestamps: 798, data: 200)
2026-01-21 19:31:12 - spektroskopi - WARNING - RealTimePanel: IR_850nm raw data uzunluk uyumsuzluğu (timestamps: 798, data: 198)
2026-01-21 19:31:12 - spektroskopi - WARNING - RealTimePanel: IR_850nm calibrated data uzunluk uyumsuzluğu (timestamps: 798, data: 198)
2026-01-21 19:31:12 - spektroskopi - WARNING - RealTimePanel: IR_940nm raw data uzunluk uyumsuzluğu (timestamps: 798, data: 198)
2026-01-21 19:31:12 - spektroskopi - WARNING - RealTimePanel: IR_940nm calibrated data uzunluk uyumsuzluğu (timestamps: 798, data: 198)
2026-01-21 19:31:13 - spektroskopi - WARNING - RealTimePanel: UV_360nm raw data uzunluk uyumsuzluğu (timestamps: 798, data: 202)
2026-01-21 19:31:13 - spektroskopi - WARNING - RealTimePanel: UV_360nm calibrated data uzunluk uyumsuzluğu (timestamps: 798, data: 202)
2026-01-21 19:31:13 - spektroskopi - WARNING - RealTimePanel: Blue_450nm raw data uzunluk uyumsuzluğu (timestamps: 798, data: 200)
2026-01-21 19:31:13 - spektroskopi - WARNING - RealTimePanel: Blue_450nm calibrated data uzunluk uyumsuzluğu (timestamps: 798, data: 200)
2026-01-21 19:31:13 - spektroskopi - WARNING - RealTimePanel: IR_850nm raw data uzunluk uyumsuzluğu (timestamps: 798, data: 198)
2026-01-21 19:31:13 - spektroskopi - WARNING - RealTimePanel: IR_850nm calibrated data uzunluk uyumsuzluğu (timestamps: 798, data: 198)
2026-01-21 19:31:13 - spektroskopi - WARNING - RealTimePanel: IR_940nm raw data uzunluk uyumsuzluğu (timestamps: 798, data: 198)
2026-01-21 19:31:13 - spektroskopi - WARNING - RealTimePanel: IR_940nm calibrated data uzunluk uyumsuzluğu (timestamps: 798, data: 198)
2026-01-21 19:31:14 - spektroskopi - WARNING - RealTimePanel: UV_360nm raw data uzunluk uyumsuzluğu (timestamps: 798, data: 202)
2026-01-21 19:31:14 - spektroskopi - WARNING - RealTimePanel: UV_360nm calibrated data uzunluk uyumsuzluğu (timestamps: 798, data: 202)
2026-01-21 19:31:14 - spektroskopi - WARNING - RealTimePanel: Blue_450nm raw data uzunluk uyumsuzluğu (timestamps: 798, data: 200)
2026-01-21 19:31:14 - spektroskopi - WARNING - RealTimePanel: Blue_450nm calibrated data uzunluk uyumsuzluğu (timestamps: 798, data: 200)
2026-01-21 19:31:14 - spektroskopi - WARNING - RealTimePanel: IR_850nm raw data uzunluk uyumsuzluğu (timestamps: 798, data: 198)
2026-01-21 19:31:14 - spektroskopi - WARNING - RealTimePanel: IR_850nm calibrated data uzunluk uyumsuzluğu (timestamps: 798, data: 198)
2026-01-21 19:31:14 - spektroskopi - WARNING - RealTimePanel: IR_940nm raw data uzunluk uyumsuzluğu (timestamps: 798, data: 198)
2026-01-21 19:31:14 - spektroskopi - WARNING - RealTimePanel: IR_940nm calibrated data uzunluk uyumsuzluğu (timestamps: 798, data: 198)
2026-01-21 19:31:15 - spektroskopi - WARNING - RealTimePanel: UV_360nm raw data uzunluk uyumsuzluğu (timestamps: 798, data: 202)
2026-01-21 19:31:15 - spektroskopi - WARNING - RealTimePanel: UV_360nm calibrated data uzunluk uyumsuzluğu (timestamps: 798, data: 202)
2026-01-21 19:31:15 - spektroskopi - WARNING - RealTimePanel: Blue_450nm raw data uzunluk uyumsuzluğu (timestamps: 798, data: 200)
2026-01-21 19:31:15 - spektroskopi - WARNING - RealTimePanel: Blue_450nm calibrated data uzunluk uyumsuzluğu (timestamps: 798, data: 200)
2026-01-21 19:31:15 - spektroskopi - WARNING - RealTimePanel: IR_850nm raw data uzunluk uyumsuzluğu (timestamps: 798, data: 198)
2026-01-21 19:31:15 - spektroskopi - WARNING - RealTimePanel: IR_850nm calibrated data uzunluk uyumsuzluğu (timestamps: 798, data: 198)
2026-01-21 19:31:15 - spektroskopi - WARNING - RealTimePanel: IR_940nm raw data uzunluk uyumsuzluğu (timestamps: 798, data: 198)
2026-01-21 19:31:15 - spektroskopi - WARNING - RealTimePanel: IR_940nm calibrated data uzunluk uyumsuzluğu (timestamps: 798, data: 198)
2026-01-21 19:31:16 - spektroskopi - WARNING - RealTimePanel: UV_360nm raw data uzunluk uyumsuzluğu (timestamps: 798, data: 202)
2026-01-21 19:31:16 - spektroskopi - WARNING - RealTimePanel: UV_360nm calibrated data uzunluk uyumsuzluğu (timestamps: 798, data: 202)
2026-01-21 19:31:16 - spektroskopi - WARNING - RealTimePanel: Blue_450nm raw data uzunluk uyumsuzluğu (timestamps: 798, data: 200)
2026-01-21 19:31:16 - spektroskopi - WARNING - RealTimePanel: Blue_450nm calibrated data uzunluk uyumsuzluğu (timestamps: 798, data: 200)
2026-01-21 19:31:16 - spektroskopi - WARNING - RealTimePanel: IR_850nm raw data uzunluk uyumsuzluğu (timestamps: 798, data: 198)
2026-01-21 19:31:16 - spektroskopi - WARNING - RealTimePanel: IR_850nm calibrated data uzunluk uyumsuzluğu (timestamps: 798, data: 198)
2026-01-21 19:31:16 - spektroskopi - WARNING - RealTimePanel: IR_940nm raw data uzunluk uyumsuzluğu (timestamps: 798, data: 198)
2026-01-21 19:31:16 - spektroskopi - WARNING - RealTimePanel: IR_940nm calibrated data uzunluk uyumsuzluğu (timestamps: 798, data: 198)
2026-01-21 19:31:17 - spektroskopi - WARNING - RealTimePanel: UV_360nm raw data uzunluk uyumsuzluğu (timestamps: 798, data: 202)
2026-01-21 19:31:17 - spektroskopi - WARNING - RealTimePanel: UV_360nm calibrated data uzunluk uyumsuzluğu (timestamps: 798, data: 202)
2026-01-21 19:31:17 - spektroskopi - WARNING - RealTimePanel: Blue_450nm raw data uzunluk uyumsuzluğu (timestamps: 798, data: 200)
2026-01-21 19:31:17 - spektroskopi - WARNING - RealTimePanel: Blue_450nm calibrated data uzunluk uyumsuzluğu (timestamps: 798, data: 200)
2026-01-21 19:31:17 - spektroskopi - WARNING - RealTimePanel: IR_850nm raw data uzunluk uyumsuzluğu (timestamps: 798, data: 198)
2026-01-21 19:31:17 - spektroskopi - WARNING - RealTimePanel: IR_850nm calibrated data uzunluk uyumsuzluğu (timestamps: 798, data: 198)
2026-01-21 19:31:17 - spektroskopi - WARNING - RealTimePanel: IR_940nm raw data uzunluk uyumsuzluğu (timestamps: 798, data: 198)
2026-01-21 19:31:17 - spektroskopi - WARNING - RealTimePanel: IR_940nm calibrated data uzunluk uyumsuzluğu (timestamps: 798, data: 198)
2026-01-21 19:31:18 - spektroskopi - WARNING - RealTimePanel: UV_360nm raw data uzunluk uyumsuzluğu (timestamps: 798, data: 202)
2026-01-21 19:31:18 - spektroskopi - WARNING - RealTimePanel: UV_360nm calibrated data uzunluk uyumsuzluğu (timestamps: 798, data: 202)
2026-01-21 19:31:18 - spektroskopi - WARNING - RealTimePanel: Blue_450nm raw data uzunluk uyumsuzluğu (timestamps: 798, data: 200)
2026-01-21 19:31:18 - spektroskopi - WARNING - RealTimePanel: Blue_450nm calibrated data uzunluk uyumsuzluğu (timestamps: 798, data: 200)
2026-01-21 19:31:18 - spektroskopi - WARNING - RealTimePanel: IR_850nm raw data uzunluk uyumsuzluğu (timestamps: 798, data: 198)
2026-01-21 19:31:18 - spektroskopi - WARNING - RealTimePanel: IR_850nm calibrated data uzunluk uyumsuzluğu (timestamps: 798, data: 198)
2026-01-21 19:31:18 - spektroskopi - WARNING - RealTimePanel: IR_940nm raw data uzunluk uyumsuzluğu (timestamps: 798, data: 198)
2026-01-21 19:31:18 - spektroskopi - WARNING - RealTimePanel: IR_940nm calibrated data uzunluk uyumsuzluğu (timestamps: 798, data: 198)
2026-01-21 19:31:19 - spektroskopi - WARNING - RealTimePanel: UV_360nm raw data uzunluk uyumsuzluğu (timestamps: 798, data: 202)
2026-01-21 19:31:19 - spektroskopi - WARNING - RealTimePanel: UV_360nm calibrated data uzunluk uyumsuzluğu (timestamps: 798, data: 202)
2026-01-21 19:31:19 - spektroskopi - WARNING - RealTimePanel: Blue_450nm raw data uzunluk uyumsuzluğu (timestamps: 798, data: 200)
2026-01-21 19:31:19 - spektroskopi - WARNING - RealTimePanel: Blue_450nm calibrated data uzunluk uyumsuzluğu (timestamps: 798, data: 200)
2026-01-21 19:31:19 - spektroskopi - WARNING - RealTimePanel: IR_850nm raw data uzunluk uyumsuzluğu (timestamps: 798, data: 198)
2026-01-21 19:31:19 - spektroskopi - WARNING - RealTimePanel: IR_850nm calibrated data uzunluk uyumsuzluğu (timestamps: 798, data: 198)
2026-01-21 19:31:19 - spektroskopi - WARNING - RealTimePanel: IR_940nm raw data uzunluk uyumsuzluğu (timestamps: 798, data: 198)
2026-01-21 19:31:19 - spektroskopi - WARNING - RealTimePanel: IR_940nm calibrated data uzunluk uyumsuzluğu (timestamps: 798, data: 198)
2026-01-21 19:31:20 - spektroskopi - WARNING - RealTimePanel: UV_360nm raw data uzunluk uyumsuzluğu (timestamps: 798, data: 202)
2026-01-21 19:31:20 - spektroskopi - WARNING - RealTimePanel: UV_360nm calibrated data uzunluk uyumsuzluğu (timestamps: 798, data: 202)
2026-01-21 19:31:20 - spektroskopi - WARNING - RealTimePanel: Blue_450nm raw data uzunluk uyumsuzluğu (timestamps: 798, data: 200)
2026-01-21 19:31:20 - spektroskopi - WARNING - RealTimePanel: Blue_450nm calibrated data uzunluk uyumsuzluğu (timestamps: 798, data: 200)
2026-01-21 19:31:20 - spektroskopi - WARNING - RealTimePanel: IR_850nm raw data uzunluk uyumsuzluğu (timestamps: 798, data: 198)
2026-01-21 19:31:20 - spektroskopi - WARNING - RealTimePanel: IR_850nm calibrated data uzunluk uyumsuzluğu (timestamps: 798, data: 198)
2026-01-21 19:31:20 - spektroskopi - WARNING - RealTimePanel: IR_940nm raw data uzunluk uyumsuzluğu (timestamps: 798, data: 198)
2026-01-21 19:31:20 - spektroskopi - WARNING - RealTimePanel: IR_940nm calibrated data uzunluk uyumsuzluğu (timestamps: 798, data: 198)
2026-01-21 19:31:21 - spektroskopi - WARNING - RealTimePanel: UV_360nm raw data uzunluk uyumsuzluğu (timestamps: 798, data: 202)
2026-01-21 19:31:21 - spektroskopi - WARNING - RealTimePanel: UV_360nm calibrated data uzunluk uyumsuzluğu (timestamps: 798, data: 202)
2026-01-21 19:31:21 - spektroskopi - WARNING - RealTimePanel: Blue_450nm raw data uzunluk uyumsuzluğu (timestamps: 798, data: 200)
2026-01-21 19:31:21 - spektroskopi - WARNING - RealTimePanel: Blue_450nm calibrated data uzunluk uyumsuzluğu (timestamps: 798, data: 200)
2026-01-21 19:31:21 - spektroskopi - WARNING - RealTimePanel: IR_850nm raw data uzunluk uyumsuzluğu (timestamps: 798, data: 198)
2026-01-21 19:31:21 - spektroskopi - WARNING - RealTimePanel: IR_850nm calibrated data uzunluk uyumsuzluğu (timestamps: 798, data: 198)
2026-01-21 19:31:21 - spektroskopi - WARNING - RealTimePanel: IR_940nm raw data uzunluk uyumsuzluğu (timestamps: 798, data: 198)
2026-01-21 19:31:21 - spektroskopi - WARNING - RealTimePanel: IR_940nm calibrated data uzunluk uyumsuzluğu (timestamps: 798, data: 198)
2026-01-21 19:31:22 - spektroskopi - WARNING - RealTimePanel: UV_360nm raw data uzunluk uyumsuzluğu (timestamps: 798, data: 202)
2026-01-21 19:31:22 - spektroskopi - WARNING - RealTimePanel: UV_360nm calibrated data uzunluk uyumsuzluğu (timestamps: 798, data: 202)
2026-01-21 19:31:22 - spektroskopi - WARNING - RealTimePanel: Blue_450nm raw data uzunluk uyumsuzluğu (timestamps: 798, data: 200)
2026-01-21 19:31:22 - spektroskopi - WARNING - RealTimePanel: Blue_450nm calibrated data uzunluk uyumsuzluğu (timestamps: 798, data: 200)
2026-01-21 19:31:22 - spektroskopi - WARNING - RealTimePanel: IR_850nm raw data uzunluk uyumsuzluğu (timestamps: 798, data: 198)
2026-01-21 19:31:22 - spektroskopi - WARNING - RealTimePanel: IR_850nm calibrated data uzunluk uyumsuzluğu (timestamps: 798, data: 198)
2026-01-21 19:31:22 - spektroskopi - WARNING - RealTimePanel: IR_940nm raw data uzunluk uyumsuzluğu (timestamps: 798, data: 198)
2026-01-21 19:31:22 - spektroskopi - WARNING - RealTimePanel: IR_940nm calibrated data uzunluk uyumsuzluğu (timestamps: 798, data: 198)
2026-01-21 19:31:23 - spektroskopi - WARNING - RealTimePanel: UV_360nm raw data uzunluk uyumsuzluğu (timestamps: 798, data: 202)
2026-01-21 19:31:23 - spektroskopi - WARNING - RealTimePanel: UV_360nm calibrated data uzunluk uyumsuzluğu (timestamps: 798, data: 202)
2026-01-21 19:31:23 - spektroskopi - WARNING - RealTimePanel: Blue_450nm raw data uzunluk uyumsuzluğu (timestamps: 798, data: 200)
2026-01-21 19:31:23 - spektroskopi - WARNING - RealTimePanel: Blue_450nm calibrated data uzunluk uyumsuzluğu (timestamps: 798, data: 200)
2026-01-21 19:31:23 - spektroskopi - WARNING - RealTimePanel: IR_850nm raw data uzunluk uyumsuzluğu (timestamps: 798, data: 198)
2026-01-21 19:31:23 - spektroskopi - WARNING - RealTimePanel: IR_850nm calibrated data uzunluk uyumsuzluğu (timestamps: 798, data: 198)
2026-01-21 19:31:23 - spektroskopi - WARNING - RealTimePanel: IR_940nm raw data uzunluk uyumsuzluğu (timestamps: 798, data: 198)
2026-01-21 19:31:23 - spektroskopi - WARNING - RealTimePanel: IR_940nm calibrated data uzunluk uyumsuzluğu (timestamps: 798, data: 198)
2026-01-21 19:31:24 - spektroskopi - WARNING - RealTimePanel: UV_360nm raw data uzunluk uyumsuzluğu (timestamps: 798, data: 202)
2026-01-21 19:31:24 - spektroskopi - WARNING - RealTimePanel: UV_360nm calibrated data uzunluk uyumsuzluğu (timestamps: 798, data: 202)
2026-01-21 19:31:24 - spektroskopi - WARNING - RealTimePanel: Blue_450nm raw data uzunluk uyumsuzluğu (timestamps: 798, data: 200)
2026-01-21 19:31:24 - spektroskopi - WARNING - RealTimePanel: Blue_450nm calibrated data uzunluk uyumsuzluğu (timestamps: 798, data: 200)
2026-01-21 19:31:24 - spektroskopi - WARNING - RealTimePanel: IR_850nm raw data uzunluk uyumsuzluğu (timestamps: 798, data: 198)
2026-01-21 19:31:24 - spektroskopi - WARNING - RealTimePanel: IR_850nm calibrated data uzunluk uyumsuzluğu (timestamps: 798, data: 198)
2026-01-21 19:31:24 - spektroskopi - WARNING - RealTimePanel: IR_940nm raw data uzunluk uyumsuzluğu (timestamps: 798, data: 198)
2026-01-21 19:31:24 - spektroskopi - WARNING - RealTimePanel: IR_940nm calibrated data uzunluk uyumsuzluğu (timestamps: 798, data: 198)
2026-01-21 19:31:25 - spektroskopi - WARNING - RealTimePanel: UV_360nm raw data uzunluk uyumsuzluğu (timestamps: 798, data: 202)
2026-01-21 19:31:25 - spektroskopi - WARNING - RealTimePanel: UV_360nm calibrated data uzunluk uyumsuzluğu (timestamps: 798, data: 202)
2026-01-21 19:31:25 - spektroskopi - WARNING - RealTimePanel: Blue_450nm raw data uzunluk uyumsuzluğu (timestamps: 798, data: 200)
2026-01-21 19:31:25 - spektroskopi - WARNING - RealTimePanel: Blue_450nm calibrated data uzunluk uyumsuzluğu (timestamps: 798, data: 200)
2026-01-21 19:31:25 - spektroskopi - WARNING - RealTimePanel: IR_850nm raw data uzunluk uyumsuzluğu (timestamps: 798, data: 198)
2026-01-21 19:31:25 - spektroskopi - WARNING - RealTimePanel: IR_850nm calibrated data uzunluk uyumsuzluğu (timestamps: 798, data: 198)
2026-01-21 19:31:25 - spektroskopi - WARNING - RealTimePanel: IR_940nm raw data uzunluk uyumsuzluğu (timestamps: 798, data: 198)
2026-01-21 19:31:25 - spektroskopi - WARNING - RealTimePanel: IR_940nm calibrated data uzunluk uyumsuzluğu (timestamps: 798, data: 198)
2026-01-21 19:31:26 - spektroskopi - WARNING - RealTimePanel: UV_360nm raw data uzunluk uyumsuzluğu (timestamps: 798, data: 202)
2026-01-21 19:31:26 - spektroskopi - WARNING - RealTimePanel: UV_360nm calibrated data uzunluk uyumsuzluğu (timestamps: 798, data: 202)
2026-01-21 19:31:26 - spektroskopi - WARNING - RealTimePanel: Blue_450nm raw data uzunluk uyumsuzluğu (timestamps: 798, data: 200)
2026-01-21 19:31:26 - spektroskopi - WARNING - RealTimePanel: Blue_450nm calibrated data uzunluk uyumsuzluğu (timestamps: 798, data: 200)
2026-01-21 19:31:26 - spektroskopi - WARNING - RealTimePanel: IR_850nm raw data uzunluk uyumsuzluğu (timestamps: 798, data: 198)
2026-01-21 19:31:26 - spektroskopi - WARNING - RealTimePanel: IR_850nm calibrated data uzunluk uyumsuzluğu (timestamps: 798, data: 198)
2026-01-21 19:31:26 - spektroskopi - WARNING - RealTimePanel: IR_940nm raw data uzunluk uyumsuzluğu (timestamps: 798, data: 198)
2026-01-21 19:31:26 - spektroskopi - WARNING - RealTimePanel: IR_940nm calibrated data uzunluk uyumsuzluğu (timestamps: 798, data: 198)
2026-01-21 19:31:27 - spektroskopi - WARNING - RealTimePanel: UV_360nm raw data uzunluk uyumsuzluğu (timestamps: 798, data: 202)
2026-01-21 19:31:27 - spektroskopi - WARNING - RealTimePanel: UV_360nm calibrated data uzunluk uyumsuzluğu (timestamps: 798, data: 202)
2026-01-21 19:31:27 - spektroskopi - WARNING - RealTimePanel: Blue_450nm raw data uzunluk uyumsuzluğu (timestamps: 798, data: 200)
2026-01-21 19:31:27 - spektroskopi - WARNING - RealTimePanel: Blue_450nm calibrated data uzunluk uyumsuzluğu (timestamps: 798, data: 200)
2026-01-21 19:31:27 - spektroskopi - WARNING - RealTimePanel: IR_850nm raw data uzunluk uyumsuzluğu (timestamps: 798, data: 198)
2026-01-21 19:31:27 - spektroskopi - WARNING - RealTimePanel: IR_850nm calibrated data uzunluk uyumsuzluğu (timestamps: 798, data: 198)
2026-01-21 19:31:27 - spektroskopi - WARNING - RealTimePanel: IR_940nm raw data uzunluk uyumsuzluğu (timestamps: 798, data: 198)
2026-01-21 19:31:27 - spektroskopi - WARNING - RealTimePanel: IR_940nm calibrated data uzunluk uyumsuzluğu (timestamps: 798, data: 198)
2026-01-21 19:31:28 - spektroskopi - WARNING - RealTimePanel: UV_360nm raw data uzunluk uyumsuzluğu (timestamps: 798, data: 202)
2026-01-21 19:31:28 - spektroskopi - WARNING - RealTimePanel: UV_360nm calibrated data uzunluk uyumsuzluğu (timestamps: 798, data: 202)
2026-01-21 19:31:28 - spektroskopi - WARNING - RealTimePanel: Blue_450nm raw data uzunluk uyumsuzluğu (timestamps: 798, data: 200)
2026-01-21 19:31:28 - spektroskopi - WARNING - RealTimePanel: Blue_450nm calibrated data uzunluk uyumsuzluğu (timestamps: 798, data: 200)
2026-01-21 19:31:28 - spektroskopi - WARNING - RealTimePanel: IR_850nm raw data uzunluk uyumsuzluğu (timestamps: 798, data: 198)
2026-01-21 19:31:28 - spektroskopi - WARNING - RealTimePanel: IR_850nm calibrated data uzunluk uyumsuzluğu (timestamps: 798, data: 198)
2026-01-21 19:31:28 - spektroskopi - WARNING - RealTimePanel: IR_940nm raw data uzunluk uyumsuzluğu (timestamps: 798, data: 198)
2026-01-21 19:31:28 - spektroskopi - WARNING - RealTimePanel: IR_940nm calibrated data uzunluk uyumsuzluğu (timestamps: 798, data: 198)
2026-01-21 19:31:29 - spektroskopi - WARNING - RealTimePanel: UV_360nm raw data uzunluk uyumsuzluğu (timestamps: 798, data: 202)
2026-01-21 19:31:29 - spektroskopi - WARNING - RealTimePanel: UV_360nm calibrated data uzunluk uyumsuzluğu (timestamps: 798, data: 202)
2026-01-21 19:31:29 - spektroskopi - WARNING - RealTimePanel: Blue_450nm raw data uzunluk uyumsuzluğu (timestamps: 798, data: 200)
2026-01-21 19:31:29 - spektroskopi - WARNING - RealTimePanel: Blue_450nm calibrated data uzunluk uyumsuzluğu (timestamps: 798, data: 200)
2026-01-21 19:31:29 - spektroskopi - WARNING - RealTimePanel: IR_850nm raw data uzunluk uyumsuzluğu (timestamps: 798, data: 198)
2026-01-21 19:31:29 - spektroskopi - WARNING - RealTimePanel: IR_850nm calibrated data uzunluk uyumsuzluğu (timestamps: 798, data: 198)
2026-01-21 19:31:29 - spektroskopi - WARNING - RealTimePanel: IR_940nm raw data uzunluk uyumsuzluğu (timestamps: 798, data: 198)
2026-01-21 19:31:29 - spektroskopi - WARNING - RealTimePanel: IR_940nm calibrated data uzunluk uyumsuzluğu (timestamps: 798, data: 198)
2026-01-21 19:31:30 - spektroskopi - WARNING - RealTimePanel: UV_360nm raw data uzunluk uyumsuzluğu (timestamps: 798, data: 202)
2026-01-21 19:31:30 - spektroskopi - WARNING - RealTimePanel: UV_360nm calibrated data uzunluk uyumsuzluğu (timestamps: 798, data: 202)
2026-01-21 19:31:30 - spektroskopi - WARNING - RealTimePanel: Blue_450nm raw data uzunluk uyumsuzluğu (timestamps: 798, data: 200)
2026-01-21 19:31:30 - spektroskopi - WARNING - RealTimePanel: Blue_450nm calibrated data uzunluk uyumsuzluğu (timestamps: 798, data: 200)
2026-01-21 19:31:30 - spektroskopi - WARNING - RealTimePanel: IR_850nm raw data uzunluk uyumsuzluğu (timestamps: 798, data: 198)
2026-01-21 19:31:30 - spektroskopi - WARNING - RealTimePanel: IR_850nm calibrated data uzunluk uyumsuzluğu (timestamps: 798, data: 198)
2026-01-21 19:31:30 - spektroskopi - WARNING - RealTimePanel: IR_940nm raw data uzunluk uyumsuzluğu (timestamps: 798, data: 198)
2026-01-21 19:31:30 - spektroskopi - WARNING - RealTimePanel: IR_940nm calibrated data uzunluk uyumsuzluğu (timestamps: 798, data: 198)
2026-01-21 19:31:31 - spektroskopi - WARNING - RealTimePanel: UV_360nm raw data uzunluk uyumsuzluğu (timestamps: 798, data: 202)
2026-01-21 19:31:31 - spektroskopi - WARNING - RealTimePanel: UV_360nm calibrated data uzunluk uyumsuzluğu (timestamps: 798, data: 202)
2026-01-21 19:31:31 - spektroskopi - WARNING - RealTimePanel: Blue_450nm raw data uzunluk uyumsuzluğu (timestamps: 798, data: 200)
2026-01-21 19:31:31 - spektroskopi - WARNING - RealTimePanel: Blue_450nm calibrated data uzunluk uyumsuzluğu (timestamps: 798, data: 200)
2026-01-21 19:31:31 - spektroskopi - WARNING - RealTimePanel: IR_850nm raw data uzunluk uyumsuzluğu (timestamps: 798, data: 198)
2026-01-21 19:31:31 - spektroskopi - WARNING - RealTimePanel: IR_850nm calibrated data uzunluk uyumsuzluğu (timestamps: 798, data: 198)
2026-01-21 19:31:31 - spektroskopi - WARNING - RealTimePanel: IR_940nm raw data uzunluk uyumsuzluğu (timestamps: 798, data: 198)
2026-01-21 19:31:31 - spektroskopi - WARNING - RealTimePanel: IR_940nm calibrated data uzunluk uyumsuzluğu (timestamps: 798, data: 198)
2026-01-21 19:31:32 - spektroskopi - WARNING - RealTimePanel: UV_360nm raw data uzunluk uyumsuzluğu (timestamps: 798, data: 202)
2026-01-21 19:31:32 - spektroskopi - WARNING - RealTimePanel: UV_360nm calibrated data uzunluk uyumsuzluğu (timestamps: 798, data: 202)
2026-01-21 19:31:32 - spektroskopi - WARNING - RealTimePanel: Blue_450nm raw data uzunluk uyumsuzluğu (timestamps: 798, data: 200)
2026-01-21 19:31:32 - spektroskopi - WARNING - RealTimePanel: Blue_450nm calibrated data uzunluk uyumsuzluğu (timestamps: 798, data: 200)
2026-01-21 19:31:32 - spektroskopi - WARNING - RealTimePanel: IR_850nm raw data uzunluk uyumsuzluğu (timestamps: 798, data: 198)
2026-01-21 19:31:32 - spektroskopi - WARNING - RealTimePanel: IR_850nm calibrated data uzunluk uyumsuzluğu (timestamps: 798, data: 198)
2026-01-21 19:31:32 - spektroskopi - WARNING - RealTimePanel: IR_940nm raw data uzunluk uyumsuzluğu (timestamps: 798, data: 198)
2026-01-21 19:31:32 - spektroskopi - WARNING - RealTimePanel: IR_940nm calibrated data uzunluk uyumsuzluğu (timestamps: 798, data: 198)
2026-01-21 19:31:33 - spektroskopi - WARNING - RealTimePanel: UV_360nm raw data uzunluk uyumsuzluğu (timestamps: 798, data: 202)
2026-01-21 19:31:33 - spektroskopi - WARNING - RealTimePanel: UV_360nm calibrated data uzunluk uyumsuzluğu (timestamps: 798, data: 202)
2026-01-21 19:31:33 - spektroskopi - WARNING - RealTimePanel: Blue_450nm raw data uzunluk uyumsuzluğu (timestamps: 798, data: 200)
2026-01-21 19:31:33 - spektroskopi - WARNING - RealTimePanel: Blue_450nm calibrated data uzunluk uyumsuzluğu (timestamps: 798, data: 200)
2026-01-21 19:31:33 - spektroskopi - WARNING - RealTimePanel: IR_850nm raw data uzunluk uyumsuzluğu (timestamps: 798, data: 198)
2026-01-21 19:31:33 - spektroskopi - WARNING - RealTimePanel: IR_850nm calibrated data uzunluk uyumsuzluğu (timestamps: 798, data: 198)
2026-01-21 19:31:33 - spektroskopi - WARNING - RealTimePanel: IR_940nm raw data uzunluk uyumsuzluğu (timestamps: 798, data: 198)
2026-01-21 19:31:33 - spektroskopi - WARNING - RealTimePanel: IR_940nm calibrated data uzunluk uyumsuzluğu (timestamps: 798, data: 198)
2026-01-21 19:31:34 - spektroskopi - WARNING - RealTimePanel: UV_360nm raw data uzunluk uyumsuzluğu (timestamps: 798, data: 202)
2026-01-21 19:31:34 - spektroskopi - WARNING - RealTimePanel: UV_360nm calibrated data uzunluk uyumsuzluğu (timestamps: 798, data: 202)
2026-01-21 19:31:34 - spektroskopi - WARNING - RealTimePanel: Blue_450nm raw data uzunluk uyumsuzluğu (timestamps: 798, data: 200)
2026-01-21 19:31:34 - spektroskopi - WARNING - RealTimePanel: Blue_450nm calibrated data uzunluk uyumsuzluğu (timestamps: 798, data: 200)
2026-01-21 19:31:34 - spektroskopi - WARNING - RealTimePanel: IR_850nm raw data uzunluk uyumsuzluğu (timestamps: 798, data: 198)
2026-01-21 19:31:34 - spektroskopi - WARNING - RealTimePanel: IR_850nm calibrated data uzunluk uyumsuzluğu (timestamps: 798, data: 198)
2026-01-21 19:31:34 - spektroskopi - WARNING - RealTimePanel: IR_940nm raw data uzunluk uyumsuzluğu (timestamps: 798, data: 198)
2026-01-21 19:31:34 - spektroskopi - WARNING - RealTimePanel: IR_940nm calibrated data uzunluk uyumsuzluğu (timestamps: 798, data: 198)
2026-01-21 19:31:35 - spektroskopi - WARNING - RealTimePanel: UV_360nm raw data uzunluk uyumsuzluğu (timestamps: 798, data: 202)
2026-01-21 19:31:35 - spektroskopi - WARNING - RealTimePanel: UV_360nm calibrated data uzunluk uyumsuzluğu (timestamps: 798, data: 202)
2026-01-21 19:31:35 - spektroskopi - WARNING - RealTimePanel: Blue_450nm raw data uzunluk uyumsuzluğu (timestamps: 798, data: 200)
2026-01-21 19:31:35 - spektroskopi - WARNING - RealTimePanel: Blue_450nm calibrated data uzunluk uyumsuzluğu (timestamps: 798, data: 200)
2026-01-21 19:31:35 - spektroskopi - WARNING - RealTimePanel: IR_850nm raw data uzunluk uyumsuzluğu (timestamps: 798, data: 198)
2026-01-21 19:31:35 - spektroskopi - WARNING - RealTimePanel: IR_850nm calibrated data uzunluk uyumsuzluğu (timestamps: 798, data: 198)
2026-01-21 19:31:35 - spektroskopi - WARNING - RealTimePanel: IR_940nm raw data uzunluk uyumsuzluğu (timestamps: 798, data: 198)
2026-01-21 19:31:35 - spektroskopi - WARNING - RealTimePanel: IR_940nm calibrated data uzunluk uyumsuzluğu (timestamps: 798, data: 198)
2026-01-21 19:31:36 - spektroskopi - WARNING - RealTimePanel: UV_360nm raw data uzunluk uyumsuzluğu (timestamps: 798, data: 202)
2026-01-21 19:31:36 - spektroskopi - WARNING - RealTimePanel: UV_360nm calibrated data uzunluk uyumsuzluğu (timestamps: 798, data: 202)
2026-01-21 19:31:36 - spektroskopi - WARNING - RealTimePanel: Blue_450nm raw data uzunluk uyumsuzluğu (timestamps: 798, data: 200)
2026-01-21 19:31:36 - spektroskopi - WARNING - RealTimePanel: Blue_450nm calibrated data uzunluk uyumsuzluğu (timestamps: 798, data: 200)
2026-01-21 19:31:36 - spektroskopi - WARNING - RealTimePanel: IR_850nm raw data uzunluk uyumsuzluğu (timestamps: 798, data: 198)
2026-01-21 19:31:36 - spektroskopi - WARNING - RealTimePanel: IR_850nm calibrated data uzunluk uyumsuzluğu (timestamps: 798, data: 198)
2026-01-21 19:31:36 - spektroskopi - WARNING - RealTimePanel: IR_940nm raw data uzunluk uyumsuzluğu (timestamps: 798, data: 198)
2026-01-21 19:31:36 - spektroskopi - WARNING - RealTimePanel: IR_940nm calibrated data uzunluk uyumsuzluğu (timestamps: 798, data: 198)
2026-01-21 19:31:37 - spektroskopi - WARNING - RealTimePanel: UV_360nm raw data uzunluk uyumsuzluğu (timestamps: 798, data: 202)
2026-01-21 19:31:37 - spektroskopi - WARNING - RealTimePanel: UV_360nm calibrated data uzunluk uyumsuzluğu (timestamps: 798, data: 202)
2026-01-21 19:31:37 - spektroskopi - WARNING - RealTimePanel: Blue_450nm raw data uzunluk uyumsuzluğu (timestamps: 798, data: 200)
2026-01-21 19:31:37 - spektroskopi - WARNING - RealTimePanel: Blue_450nm calibrated data uzunluk uyumsuzluğu (timestamps: 798, data: 200)
2026-01-21 19:31:37 - spektroskopi - WARNING - RealTimePanel: IR_850nm raw data uzunluk uyumsuzluğu (timestamps: 798, data: 198)
2026-01-21 19:31:37 - spektroskopi - WARNING - RealTimePanel: IR_850nm calibrated data uzunluk uyumsuzluğu (timestamps: 798, data: 198)
2026-01-21 19:31:37 - spektroskopi - WARNING - RealTimePanel: IR_940nm raw data uzunluk uyumsuzluğu (timestamps: 798, data: 198)
2026-01-21 19:31:37 - spektroskopi - WARNING - RealTimePanel: IR_940nm calibrated data uzunluk uyumsuzluğu (timestamps: 798, data: 198)
2026-01-21 19:31:38 - spektroskopi - WARNING - RealTimePanel: UV_360nm raw data uzunluk uyumsuzluğu (timestamps: 798, data: 202)
2026-01-21 19:31:38 - spektroskopi - WARNING - RealTimePanel: UV_360nm calibrated data uzunluk uyumsuzluğu (timestamps: 798, data: 202)
2026-01-21 19:31:38 - spektroskopi - WARNING - RealTimePanel: Blue_450nm raw data uzunluk uyumsuzluğu (timestamps: 798, data: 200)
2026-01-21 19:31:38 - spektroskopi - WARNING - RealTimePanel: Blue_450nm calibrated data uzunluk uyumsuzluğu (timestamps: 798, data: 200)
2026-01-21 19:31:38 - spektroskopi - WARNING - RealTimePanel: IR_850nm raw data uzunluk uyumsuzluğu (timestamps: 798, data: 198)
2026-01-21 19:31:38 - spektroskopi - WARNING - RealTimePanel: IR_850nm calibrated data uzunluk uyumsuzluğu (timestamps: 798, data: 198)
2026-01-21 19:31:38 - spektroskopi - WARNING - RealTimePanel: IR_940nm raw data uzunluk uyumsuzluğu (timestamps: 798, data: 198)
2026-01-21 19:31:38 - spektroskopi - WARNING - RealTimePanel: IR_940nm calibrated data uzunluk uyumsuzluğu (timestamps: 798, data: 198)
2026-01-21 19:31:39 - spektroskopi - WARNING - RealTimePanel: UV_360nm raw data uzunluk uyumsuzluğu (timestamps: 798, data: 202)
2026-01-21 19:31:39 - spektroskopi - WARNING - RealTimePanel: UV_360nm calibrated data uzunluk uyumsuzluğu (timestamps: 798, data: 202)
2026-01-21 19:31:39 - spektroskopi - WARNING - RealTimePanel: Blue_450nm raw data uzunluk uyumsuzluğu (timestamps: 798, data: 200)
2026-01-21 19:31:39 - spektroskopi - WARNING - RealTimePanel: Blue_450nm calibrated data uzunluk uyumsuzluğu (timestamps: 798, data: 200)
2026-01-21 19:31:39 - spektroskopi - WARNING - RealTimePanel: IR_850nm raw data uzunluk uyumsuzluğu (timestamps: 798, data: 198)
2026-01-21 19:31:39 - spektroskopi - WARNING - RealTimePanel: IR_850nm calibrated data uzunluk uyumsuzluğu (timestamps: 798, data: 198)
2026-01-21 19:31:39 - spektroskopi - WARNING - RealTimePanel: IR_940nm raw data uzunluk uyumsuzluğu (timestamps: 798, data: 198)
2026-01-21 19:31:39 - spektroskopi - WARNING - RealTimePanel: IR_940nm calibrated data uzunluk uyumsuzluğu (timestamps: 798, data: 198)
2026-01-21 19:31:40 - spektroskopi - WARNING - RealTimePanel: UV_360nm raw data uzunluk uyumsuzluğu (timestamps: 798, data: 202)
2026-01-21 19:31:40 - spektroskopi - WARNING - RealTimePanel: UV_360nm calibrated data uzunluk uyumsuzluğu (timestamps: 798, data: 202)
2026-01-21 19:31:40 - spektroskopi - WARNING - RealTimePanel: Blue_450nm raw data uzunluk uyumsuzluğu (timestamps: 798, data: 200)
2026-01-21 19:31:40 - spektroskopi - WARNING - RealTimePanel: Blue_450nm calibrated data uzunluk uyumsuzluğu (timestamps: 798, data: 200)
2026-01-21 19:31:40 - spektroskopi - WARNING - RealTimePanel: IR_850nm raw data uzunluk uyumsuzluğu (timestamps: 798, data: 198)
2026-01-21 19:31:40 - spektroskopi - WARNING - RealTimePanel: IR_850nm calibrated data uzunluk uyumsuzluğu (timestamps: 798, data: 198)
2026-01-21 19:31:40 - spektroskopi - WARNING - RealTimePanel: IR_940nm raw data uzunluk uyumsuzluğu (timestamps: 798, data: 198)
2026-01-21 19:31:40 - spektroskopi - WARNING - RealTimePanel: IR_940nm calibrated data uzunluk uyumsuzluğu (timestamps: 798, data: 198)
2026-01-21 19:31:41 - spektroskopi - WARNING - RealTimePanel: UV_360nm raw data uzunluk uyumsuzluğu (timestamps: 798, data: 202)
2026-01-21 19:31:41 - spektroskopi - WARNING - RealTimePanel: UV_360nm calibrated data uzunluk uyumsuzluğu (timestamps: 798, data: 202)
2026-01-21 19:31:41 - spektroskopi - WARNING - RealTimePanel: Blue_450nm raw data uzunluk uyumsuzluğu (timestamps: 798, data: 200)
2026-01-21 19:31:41 - spektroskopi - WARNING - RealTimePanel: Blue_450nm calibrated data uzunluk uyumsuzluğu (timestamps: 798, data: 200)
2026-01-21 19:31:41 - spektroskopi - WARNING - RealTimePanel: IR_850nm raw data uzunluk uyumsuzluğu (timestamps: 798, data: 198)
2026-01-21 19:31:41 - spektroskopi - WARNING - RealTimePanel: IR_850nm calibrated data uzunluk uyumsuzluğu (timestamps: 798, data: 198)
2026-01-21 19:31:41 - spektroskopi - WARNING - RealTimePanel: IR_940nm raw data uzunluk uyumsuzluğu (timestamps: 798, data: 198)
2026-01-21 19:31:41 - spektroskopi - WARNING - RealTimePanel: IR_940nm calibrated data uzunluk uyumsuzluğu (timestamps: 798, data: 198)
2026-01-21 19:31:42 - spektroskopi - WARNING - RealTimePanel: UV_360nm raw data uzunluk uyumsuzluğu (timestamps: 798, data: 202)
2026-01-21 19:31:42 - spektroskopi - WARNING - RealTimePanel: UV_360nm calibrated data uzunluk uyumsuzluğu (timestamps: 798, data: 202)
2026-01-21 19:31:42 - spektroskopi - WARNING - RealTimePanel: Blue_450nm raw data uzunluk uyumsuzluğu (timestamps: 798, data: 200)
2026-01-21 19:31:42 - spektroskopi - WARNING - RealTimePanel: Blue_450nm calibrated data uzunluk uyumsuzluğu (timestamps: 798, data: 200)
2026-01-21 19:31:42 - spektroskopi - WARNING - RealTimePanel: IR_850nm raw data uzunluk uyumsuzluğu (timestamps: 798, data: 198)
2026-01-21 19:31:42 - spektroskopi - WARNING - RealTimePanel: IR_850nm calibrated data uzunluk uyumsuzluğu (timestamps: 798, data: 198)
2026-01-21 19:31:42 - spektroskopi - WARNING - RealTimePanel: IR_940nm raw data uzunluk uyumsuzluğu (timestamps: 798, data: 198)
2026-01-21 19:31:42 - spektroskopi - WARNING - RealTimePanel: IR_940nm calibrated data uzunluk uyumsuzluğu (timestamps: 798, data: 198)
2026-01-21 19:31:43 - spektroskopi - WARNING - RealTimePanel: UV_360nm raw data uzunluk uyumsuzluğu (timestamps: 798, data: 202)
2026-01-21 19:31:43 - spektroskopi - WARNING - RealTimePanel: UV_360nm calibrated data uzunluk uyumsuzluğu (timestamps: 798, data: 202)
2026-01-21 19:31:43 - spektroskopi - WARNING - RealTimePanel: Blue_450nm raw data uzunluk uyumsuzluğu (timestamps: 798, data: 200)
2026-01-21 19:31:43 - spektroskopi - WARNING - RealTimePanel: Blue_450nm calibrated data uzunluk uyumsuzluğu (timestamps: 798, data: 200)
2026-01-21 19:31:43 - spektroskopi - WARNING - RealTimePanel: IR_850nm raw data uzunluk uyumsuzluğu (timestamps: 798, data: 198)
2026-01-21 19:31:43 - spektroskopi - WARNING - RealTimePanel: IR_850nm calibrated data uzunluk uyumsuzluğu (timestamps: 798, data: 198)
2026-01-21 19:31:43 - spektroskopi - WARNING - RealTimePanel: IR_940nm raw data uzunluk uyumsuzluğu (timestamps: 798, data: 198)
2026-01-21 19:31:43 - spektroskopi - WARNING - RealTimePanel: IR_940nm calibrated data uzunluk uyumsuzluğu (timestamps: 798, data: 198)
2026-01-21 19:31:44 - spektroskopi - WARNING - RealTimePanel: UV_360nm raw data uzunluk uyumsuzluğu (timestamps: 798, data: 202)
2026-01-21 19:31:44 - spektroskopi - WARNING - RealTimePanel: UV_360nm calibrated data uzunluk uyumsuzluğu (timestamps: 798, data: 202)
2026-01-21 19:31:44 - spektroskopi - WARNING - RealTimePanel: Blue_450nm raw data uzunluk uyumsuzluğu (timestamps: 798, data: 200)
2026-01-21 19:31:44 - spektroskopi - WARNING - RealTimePanel: Blue_450nm calibrated data uzunluk uyumsuzluğu (timestamps: 798, data: 200)
2026-01-21 19:31:44 - spektroskopi - WARNING - RealTimePanel: IR_850nm raw data uzunluk uyumsuzluğu (timestamps: 798, data: 198)
2026-01-21 19:31:44 - spektroskopi - WARNING - RealTimePanel: IR_850nm calibrated data uzunluk uyumsuzluğu (timestamps: 798, data: 198)
2026-01-21 19:31:44 - spektroskopi - WARNING - RealTimePanel: IR_940nm raw data uzunluk uyumsuzluğu (timestamps: 798, data: 198)
2026-01-21 19:31:44 - spektroskopi - WARNING - RealTimePanel: IR_940nm calibrated data uzunluk uyumsuzluğu (timestamps: 798, data: 198)
2026-01-21 19:31:45 - spektroskopi - WARNING - RealTimePanel: UV_360nm raw data uzunluk uyumsuzluğu (timestamps: 798, data: 202)
2026-01-21 19:31:45 - spektroskopi - WARNING - RealTimePanel: UV_360nm calibrated data uzunluk uyumsuzluğu (timestamps: 798, data: 202)
2026-01-21 19:31:45 - spektroskopi - WARNING - RealTimePanel: Blue_450nm raw data uzunluk uyumsuzluğu (timestamps: 798, data: 200)
2026-01-21 19:31:45 - spektroskopi - WARNING - RealTimePanel: Blue_450nm calibrated data uzunluk uyumsuzluğu (timestamps: 798, data: 200)
2026-01-21 19:31:45 - spektroskopi - WARNING - RealTimePanel: IR_850nm raw data uzunluk uyumsuzluğu (timestamps: 798, data: 198)
2026-01-21 19:31:45 - spektroskopi - WARNING - RealTimePanel: IR_850nm calibrated data uzunluk uyumsuzluğu (timestamps: 798, data: 198)
2026-01-21 19:31:45 - spektroskopi - WARNING - RealTimePanel: IR_940nm raw data uzunluk uyumsuzluğu (timestamps: 798, data: 198)
2026-01-21 19:31:45 - spektroskopi - WARNING - RealTimePanel: IR_940nm calibrated data uzunluk uyumsuzluğu (timestamps: 798, data: 198)
2026-01-21 19:31:46 - spektroskopi - WARNING - RealTimePanel: UV_360nm raw data uzunluk uyumsuzluğu (timestamps: 798, data: 202)
2026-01-21 19:31:46 - spektroskopi - WARNING - RealTimePanel: UV_360nm calibrated data uzunluk uyumsuzluğu (timestamps: 798, data: 202)
2026-01-21 19:31:46 - spektroskopi - WARNING - RealTimePanel: Blue_450nm raw data uzunluk uyumsuzluğu (timestamps: 798, data: 200)
2026-01-21 19:31:46 - spektroskopi - WARNING - RealTimePanel: Blue_450nm calibrated data uzunluk uyumsuzluğu (timestamps: 798, data: 200)
2026-01-21 19:31:46 - spektroskopi - WARNING - RealTimePanel: IR_850nm raw data uzunluk uyumsuzluğu (timestamps: 798, data: 198)
2026-01-21 19:31:46 - spektroskopi - WARNING - RealTimePanel: IR_850nm calibrated data uzunluk uyumsuzluğu (timestamps: 798, data: 198)
2026-01-21 19:31:46 - spektroskopi - WARNING - RealTimePanel: IR_940nm raw data uzunluk uyumsuzluğu (timestamps: 798, data: 198)
2026-01-21 19:31:46 - spektroskopi - WARNING - RealTimePanel: IR_940nm calibrated data uzunluk uyumsuzluğu (timestamps: 798, data: 198)
2026-01-21 19:31:47 - spektroskopi - WARNING - RealTimePanel: UV_360nm raw data uzunluk uyumsuzluğu (timestamps: 798, data: 202)
2026-01-21 19:31:47 - spektroskopi - WARNING - RealTimePanel: UV_360nm calibrated data uzunluk uyumsuzluğu (timestamps: 798, data: 202)
2026-01-21 19:31:47 - spektroskopi - WARNING - RealTimePanel: Blue_450nm raw data uzunluk uyumsuzluğu (timestamps: 798, data: 200)
2026-01-21 19:31:47 - spektroskopi - WARNING - RealTimePanel: Blue_450nm calibrated data uzunluk uyumsuzluğu (timestamps: 798, data: 200)
2026-01-21 19:31:47 - spektroskopi - WARNING - RealTimePanel: IR_850nm raw data uzunluk uyumsuzluğu (timestamps: 798, data: 198)
2026-01-21 19:31:47 - spektroskopi - WARNING - RealTimePanel: IR_850nm calibrated data uzunluk uyumsuzluğu (timestamps: 798, data: 198)
2026-01-21 19:31:47 - spektroskopi - WARNING - RealTimePanel: IR_940nm raw data uzunluk uyumsuzluğu (timestamps: 798, data: 198)
2026-01-21 19:31:47 - spektroskopi - WARNING - RealTimePanel: IR_940nm calibrated data uzunluk uyumsuzluğu (timestamps: 798, data: 198)
2026-01-21 19:31:48 - spektroskopi - WARNING - RealTimePanel: UV_360nm raw data uzunluk uyumsuzluğu (timestamps: 798, data: 202)
2026-01-21 19:31:48 - spektroskopi - WARNING - RealTimePanel: UV_360nm calibrated data uzunluk uyumsuzluğu (timestamps: 798, data: 202)
2026-01-21 19:31:48 - spektroskopi - WARNING - RealTimePanel: Blue_450nm raw data uzunluk uyumsuzluğu (timestamps: 798, data: 200)
2026-01-21 19:31:48 - spektroskopi - WARNING - RealTimePanel: Blue_450nm calibrated data uzunluk uyumsuzluğu (timestamps: 798, data: 200)
2026-01-21 19:31:48 - spektroskopi - WARNING - RealTimePanel: IR_850nm raw data uzunluk uyumsuzluğu (timestamps: 798, data: 198)
2026-01-21 19:31:48 - spektroskopi - WARNING - RealTimePanel: IR_850nm calibrated data uzunluk uyumsuzluğu (timestamps: 798, data: 198)
2026-01-21 19:31:48 - spektroskopi - WARNING - RealTimePanel: IR_940nm raw data uzunluk uyumsuzluğu (timestamps: 798, data: 198)
2026-01-21 19:31:48 - spektroskopi - WARNING - RealTimePanel: IR_940nm calibrated data uzunluk uyumsuzluğu (timestamps: 798, data: 198)
2026-01-21 19:31:49 - spektroskopi - WARNING - RealTimePanel: UV_360nm raw data uzunluk uyumsuzluğu (timestamps: 798, data: 202)
2026-01-21 19:31:49 - spektroskopi - WARNING - RealTimePanel: UV_360nm calibrated data uzunluk uyumsuzluğu (timestamps: 798, data: 202)
2026-01-21 19:31:49 - spektroskopi - WARNING - RealTimePanel: Blue_450nm raw data uzunluk uyumsuzluğu (timestamps: 798, data: 200)
2026-01-21 19:31:49 - spektroskopi - WARNING - RealTimePanel: Blue_450nm calibrated data uzunluk uyumsuzluğu (timestamps: 798, data: 200)
2026-01-21 19:31:49 - spektroskopi - WARNING - RealTimePanel: IR_850nm raw data uzunluk uyumsuzluğu (timestamps: 798, data: 198)
2026-01-21 19:31:49 - spektroskopi - WARNING - RealTimePanel: IR_850nm calibrated data uzunluk uyumsuzluğu (timestamps: 798, data: 198)
2026-01-21 19:31:49 - spektroskopi - WARNING - RealTimePanel: IR_940nm raw data uzunluk uyumsuzluğu (timestamps: 798, data: 198)
2026-01-21 19:31:49 - spektroskopi - WARNING - RealTimePanel: IR_940nm calibrated data uzunluk uyumsuzluğu (timestamps: 798, data: 198)
2026-01-21 19:31:50 - spektroskopi - WARNING - RealTimePanel: UV_360nm raw data uzunluk uyumsuzluğu (timestamps: 798, data: 202)
2026-01-21 19:31:50 - spektroskopi - WARNING - RealTimePanel: UV_360nm calibrated data uzunluk uyumsuzluğu (timestamps: 798, data: 202)
2026-01-21 19:31:50 - spektroskopi - WARNING - RealTimePanel: Blue_450nm raw data uzunluk uyumsuzluğu (timestamps: 798, data: 200)
2026-01-21 19:31:50 - spektroskopi - WARNING - RealTimePanel: Blue_450nm calibrated data uzunluk uyumsuzluğu (timestamps: 798, data: 200)
2026-01-21 19:31:50 - spektroskopi - WARNING - RealTimePanel: IR_850nm raw data uzunluk uyumsuzluğu (timestamps: 798, data: 198)
2026-01-21 19:31:50 - spektroskopi - WARNING - RealTimePanel: IR_850nm calibrated data uzunluk uyumsuzluğu (timestamps: 798, data: 198)
2026-01-21 19:31:50 - spektroskopi - WARNING - RealTimePanel: IR_940nm raw data uzunluk uyumsuzluğu (timestamps: 798, data: 198)
2026-01-21 19:31:50 - spektroskopi - WARNING - RealTimePanel: IR_940nm calibrated data uzunluk uyumsuzluğu (timestamps: 798, data: 198)
2026-01-21 19:31:51 - spektroskopi - WARNING - RealTimePanel: UV_360nm raw data uzunluk uyumsuzluğu (timestamps: 798, data: 202)
2026-01-21 19:31:51 - spektroskopi - WARNING - RealTimePanel: UV_360nm calibrated data uzunluk uyumsuzluğu (timestamps: 798, data: 202)
2026-01-21 19:31:51 - spektroskopi - WARNING - RealTimePanel: Blue_450nm raw data uzunluk uyumsuzluğu (timestamps: 798, data: 200)
2026-01-21 19:31:51 - spektroskopi - WARNING - RealTimePanel: Blue_450nm calibrated data uzunluk uyumsuzluğu (timestamps: 798, data: 200)
2026-01-21 19:31:51 - spektroskopi - WARNING - RealTimePanel: IR_850nm raw data uzunluk uyumsuzluğu (timestamps: 798, data: 198)
2026-01-21 19:31:51 - spektroskopi - WARNING - RealTimePanel: IR_850nm calibrated data uzunluk uyumsuzluğu (timestamps: 798, data: 198)
2026-01-21 19:31:51 - spektroskopi - WARNING - RealTimePanel: IR_940nm raw data uzunluk uyumsuzluğu (timestamps: 798, data: 198)
2026-01-21 19:31:51 - spektroskopi - WARNING - RealTimePanel: IR_940nm calibrated data uzunluk uyumsuzluğu (timestamps: 798, data: 198)
2026-01-21 19:31:52 - spektroskopi - WARNING - RealTimePanel: UV_360nm raw data uzunluk uyumsuzluğu (timestamps: 798, data: 202)
2026-01-21 19:31:52 - spektroskopi - WARNING - RealTimePanel: UV_360nm calibrated data uzunluk uyumsuzluğu (timestamps: 798, data: 202)
2026-01-21 19:31:52 - spektroskopi - WARNING - RealTimePanel: Blue_450nm raw data uzunluk uyumsuzluğu (timestamps: 798, data: 200)
2026-01-21 19:31:52 - spektroskopi - WARNING - RealTimePanel: Blue_450nm calibrated data uzunluk uyumsuzluğu (timestamps: 798, data: 200)
2026-01-21 19:31:52 - spektroskopi - WARNING - RealTimePanel: IR_850nm raw data uzunluk uyumsuzluğu (timestamps: 798, data: 198)
2026-01-21 19:31:52 - spektroskopi - WARNING - RealTimePanel: IR_850nm calibrated data uzunluk uyumsuzluğu (timestamps: 798, data: 198)
2026-01-21 19:31:52 - spektroskopi - WARNING - RealTimePanel: IR_940nm raw data uzunluk uyumsuzluğu (timestamps: 798, data: 198)
2026-01-21 19:31:52 - spektroskopi - WARNING - RealTimePanel: IR_940nm calibrated data uzunluk uyumsuzluğu (timestamps: 798, data: 198)
2026-01-21 19:31:53 - spektroskopi - WARNING - RealTimePanel: UV_360nm raw data uzunluk uyumsuzluğu (timestamps: 798, data: 202)
2026-01-21 19:31:53 - spektroskopi - WARNING - RealTimePanel: UV_360nm calibrated data uzunluk uyumsuzluğu (timestamps: 798, data: 202)
2026-01-21 19:31:53 - spektroskopi - WARNING - RealTimePanel: Blue_450nm raw data uzunluk uyumsuzluğu (timestamps: 798, data: 200)
2026-01-21 19:31:53 - spektroskopi - WARNING - RealTimePanel: Blue_450nm calibrated data uzunluk uyumsuzluğu (timestamps: 798, data: 200)
2026-01-21 19:31:53 - spektroskopi - WARNING - RealTimePanel: IR_850nm raw data uzunluk uyumsuzluğu (timestamps: 798, data: 198)
2026-01-21 19:31:53 - spektroskopi - WARNING - RealTimePanel: IR_850nm calibrated data uzunluk uyumsuzluğu (timestamps: 798, data: 198)
2026-01-21 19:31:53 - spektroskopi - WARNING - RealTimePanel: IR_940nm raw data uzunluk uyumsuzluğu (timestamps: 798, data: 198)
2026-01-21 19:31:53 - spektroskopi - WARNING - RealTimePanel: IR_940nm calibrated data uzunluk uyumsuzluğu (timestamps: 798, data: 198)
2026-01-21 19:31:54 - spektroskopi - WARNING - RealTimePanel: UV_360nm raw data uzunluk uyumsuzluğu (timestamps: 798, data: 202)
2026-01-21 19:31:54 - spektroskopi - WARNING - RealTimePanel: UV_360nm calibrated data uzunluk uyumsuzluğu (timestamps: 798, data: 202)
2026-01-21 19:31:54 - spektroskopi - WARNING - RealTimePanel: Blue_450nm raw data uzunluk uyumsuzluğu (timestamps: 798, data: 200)
2026-01-21 19:31:54 - spektroskopi - WARNING - RealTimePanel: Blue_450nm calibrated data uzunluk uyumsuzluğu (timestamps: 798, data: 200)
2026-01-21 19:31:54 - spektroskopi - WARNING - RealTimePanel: IR_850nm raw data uzunluk uyumsuzluğu (timestamps: 798, data: 198)
2026-01-21 19:31:54 - spektroskopi - WARNING - RealTimePanel: IR_850nm calibrated data uzunluk uyumsuzluğu (timestamps: 798, data: 198)
2026-01-21 19:31:54 - spektroskopi - WARNING - RealTimePanel: IR_940nm raw data uzunluk uyumsuzluğu (timestamps: 798, data: 198)
2026-01-21 19:31:54 - spektroskopi - WARNING - RealTimePanel: IR_940nm calibrated data uzunluk uyumsuzluğu (timestamps: 798, data: 198)
2026-01-21 19:31:55 - spektroskopi - WARNING - RealTimePanel: UV_360nm raw data uzunluk uyumsuzluğu (timestamps: 798, data: 202)
2026-01-21 19:31:55 - spektroskopi - WARNING - RealTimePanel: UV_360nm calibrated data uzunluk uyumsuzluğu (timestamps: 798, data: 202)
2026-01-21 19:31:55 - spektroskopi - WARNING - RealTimePanel: Blue_450nm raw data uzunluk uyumsuzluğu (timestamps: 798, data: 200)
2026-01-21 19:31:55 - spektroskopi - WARNING - RealTimePanel: Blue_450nm calibrated data uzunluk uyumsuzluğu (timestamps: 798, data: 200)
2026-01-21 19:31:55 - spektroskopi - WARNING - RealTimePanel: IR_850nm raw data uzunluk uyumsuzluğu (timestamps: 798, data: 198)
2026-01-21 19:31:55 - spektroskopi - WARNING - RealTimePanel: IR_850nm calibrated data uzunluk uyumsuzluğu (timestamps: 798, data: 198)
2026-01-21 19:31:55 - spektroskopi - WARNING - RealTimePanel: IR_940nm raw data uzunluk uyumsuzluğu (timestamps: 798, data: 198)
2026-01-21 19:31:55 - spektroskopi - WARNING - RealTimePanel: IR_940nm calibrated data uzunluk uyumsuzluğu (timestamps: 798, data: 198)
2026-01-21 19:31:56 - spektroskopi - WARNING - RealTimePanel: UV_360nm raw data uzunluk uyumsuzluğu (timestamps: 798, data: 202)
2026-01-21 19:31:56 - spektroskopi - WARNING - RealTimePanel: UV_360nm calibrated data uzunluk uyumsuzluğu (timestamps: 798, data: 202)
2026-01-21 19:31:56 - spektroskopi - WARNING - RealTimePanel: Blue_450nm raw data uzunluk uyumsuzluğu (timestamps: 798, data: 200)
2026-01-21 19:31:56 - spektroskopi - WARNING - RealTimePanel: Blue_450nm calibrated data uzunluk uyumsuzluğu (timestamps: 798, data: 200)
2026-01-21 19:31:56 - spektroskopi - WARNING - RealTimePanel: IR_850nm raw data uzunluk uyumsuzluğu (timestamps: 798, data: 198)
2026-01-21 19:31:56 - spektroskopi - WARNING - RealTimePanel: IR_850nm calibrated data uzunluk uyumsuzluğu (timestamps: 798, data: 198)
2026-01-21 19:31:56 - spektroskopi - WARNING - RealTimePanel: IR_940nm raw data uzunluk uyumsuzluğu (timestamps: 798, data: 198)
2026-01-21 19:31:56 - spektroskopi - WARNING - RealTimePanel: IR_940nm calibrated data uzunluk uyumsuzluğu (timestamps: 798, data: 198)
2026-01-21 19:31:57 - spektroskopi - WARNING - RealTimePanel: UV_360nm raw data uzunluk uyumsuzluğu (timestamps: 798, data: 202)
2026-01-21 19:31:57 - spektroskopi - WARNING - RealTimePanel: UV_360nm calibrated data uzunluk uyumsuzluğu (timestamps: 798, data: 202)
2026-01-21 19:31:57 - spektroskopi - WARNING - RealTimePanel: Blue_450nm raw data uzunluk uyumsuzluğu (timestamps: 798, data: 200)
2026-01-21 19:31:57 - spektroskopi - WARNING - RealTimePanel: Blue_450nm calibrated data uzunluk uyumsuzluğu (timestamps: 798, data: 200)
2026-01-21 19:31:57 - spektroskopi - WARNING - RealTimePanel: IR_850nm raw data uzunluk uyumsuzluğu (timestamps: 798, data: 198)
2026-01-21 19:31:57 - spektroskopi - WARNING - RealTimePanel: IR_850nm calibrated data uzunluk uyumsuzluğu (timestamps: 798, data: 198)
2026-01-21 19:31:57 - spektroskopi - WARNING - RealTimePanel: IR_940nm raw data uzunluk uyumsuzluğu (timestamps: 798, data: 198)
2026-01-21 19:31:57 - spektroskopi - WARNING - RealTimePanel: IR_940nm calibrated data uzunluk uyumsuzluğu (timestamps: 798, data: 198)
2026-01-21 19:31:58 - spektroskopi - WARNING - RealTimePanel: UV_360nm raw data uzunluk uyumsuzluğu (timestamps: 798, data: 202)
2026-01-21 19:31:58 - spektroskopi - WARNING - RealTimePanel: UV_360nm calibrated data uzunluk uyumsuzluğu (timestamps: 798, data: 202)
2026-01-21 19:31:58 - spektroskopi - WARNING - RealTimePanel: Blue_450nm raw data uzunluk uyumsuzluğu (timestamps: 798, data: 200)
2026-01-21 19:31:58 - spektroskopi - WARNING - RealTimePanel: Blue_450nm calibrated data uzunluk uyumsuzluğu (timestamps: 798, data: 200)
2026-01-21 19:31:58 - spektroskopi - WARNING - RealTimePanel: IR_850nm raw data uzunluk uyumsuzluğu (timestamps: 798, data: 198)
2026-01-21 19:31:58 - spektroskopi - WARNING - RealTimePanel: IR_850nm calibrated data uzunluk uyumsuzluğu (timestamps: 798, data: 198)
2026-01-21 19:31:58 - spektroskopi - WARNING - RealTimePanel: IR_940nm raw data uzunluk uyumsuzluğu (timestamps: 798, data: 198)
2026-01-21 19:31:58 - spektroskopi - WARNING - RealTimePanel: IR_940nm calibrated data uzunluk uyumsuzluğu (timestamps: 798, data: 198)
2026-01-21 19:31:59 - spektroskopi - WARNING - RealTimePanel: UV_360nm raw data uzunluk uyumsuzluğu (timestamps: 798, data: 202)
2026-01-21 19:31:59 - spektroskopi - WARNING - RealTimePanel: UV_360nm calibrated data uzunluk uyumsuzluğu (timestamps: 798, data: 202)
2026-01-21 19:31:59 - spektroskopi - WARNING - RealTimePanel: Blue_450nm raw data uzunluk uyumsuzluğu (timestamps: 798, data: 200)
2026-01-21 19:31:59 - spektroskopi - WARNING - RealTimePanel: Blue_450nm calibrated data uzunluk uyumsuzluğu (timestamps: 798, data: 200)
2026-01-21 19:31:59 - spektroskopi - WARNING - RealTimePanel: IR_850nm raw data uzunluk uyumsuzluğu (timestamps: 798, data: 198)
2026-01-21 19:31:59 - spektroskopi - WARNING - RealTimePanel: IR_850nm calibrated data uzunluk uyumsuzluğu (timestamps: 798, data: 198)
2026-01-21 19:31:59 - spektroskopi - WARNING - RealTimePanel: IR_940nm raw data uzunluk uyumsuzluğu (timestamps: 798, data: 198)
2026-01-21 19:31:59 - spektroskopi - WARNING - RealTimePanel: IR_940nm calibrated data uzunluk uyumsuzluğu (timestamps: 798, data: 198)
2026-01-21 19:32:00 - spektroskopi - WARNING - RealTimePanel: UV_360nm raw data uzunluk uyumsuzluğu (timestamps: 798, data: 202)
2026-01-21 19:32:00 - spektroskopi - WARNING - RealTimePanel: UV_360nm calibrated data uzunluk uyumsuzluğu (timestamps: 798, data: 202)
2026-01-21 19:32:00 - spektroskopi - WARNING - RealTimePanel: Blue_450nm raw data uzunluk uyumsuzluğu (timestamps: 798, data: 200)
2026-01-21 19:32:00 - spektroskopi - WARNING - RealTimePanel: Blue_450nm calibrated data uzunluk uyumsuzluğu (timestamps: 798, data: 200)
2026-01-21 19:32:00 - spektroskopi - WARNING - RealTimePanel: IR_850nm raw data uzunluk uyumsuzluğu (timestamps: 798, data: 198)
2026-01-21 19:32:00 - spektroskopi - WARNING - RealTimePanel: IR_850nm calibrated data uzunluk uyumsuzluğu (timestamps: 798, data: 198)
2026-01-21 19:32:00 - spektroskopi - WARNING - RealTimePanel: IR_940nm raw data uzunluk uyumsuzluğu (timestamps: 798, data: 198)
2026-01-21 19:32:00 - spektroskopi - WARNING - RealTimePanel: IR_940nm calibrated data uzunluk uyumsuzluğu (timestamps: 798, data: 198)
2026-01-21 19:32:01 - spektroskopi - WARNING - RealTimePanel: UV_360nm raw data uzunluk uyumsuzluğu (timestamps: 798, data: 202)
2026-01-21 19:32:01 - spektroskopi - WARNING - RealTimePanel: UV_360nm calibrated data uzunluk uyumsuzluğu (timestamps: 798, data: 202)
2026-01-21 19:32:01 - spektroskopi - WARNING - RealTimePanel: Blue_450nm raw data uzunluk uyumsuzluğu (timestamps: 798, data: 200)
2026-01-21 19:32:01 - spektroskopi - WARNING - RealTimePanel: Blue_450nm calibrated data uzunluk uyumsuzluğu (timestamps: 798, data: 200)
2026-01-21 19:32:01 - spektroskopi - WARNING - RealTimePanel: IR_850nm raw data uzunluk uyumsuzluğu (timestamps: 798, data: 198)
2026-01-21 19:32:01 - spektroskopi - WARNING - RealTimePanel: IR_850nm calibrated data uzunluk uyumsuzluğu (timestamps: 798, data: 198)
2026-01-21 19:32:01 - spektroskopi - WARNING - RealTimePanel: IR_940nm raw data uzunluk uyumsuzluğu (timestamps: 798, data: 198)
2026-01-21 19:32:01 - spektroskopi - WARNING - RealTimePanel: IR_940nm calibrated data uzunluk uyumsuzluğu (timestamps: 798, data: 198)
2026-01-21 19:32:02 - spektroskopi - WARNING - RealTimePanel: UV_360nm raw data uzunluk uyumsuzluğu (timestamps: 798, data: 202)
2026-01-21 19:32:02 - spektroskopi - WARNING - RealTimePanel: UV_360nm calibrated data uzunluk uyumsuzluğu (timestamps: 798, data: 202)
2026-01-21 19:32:02 - spektroskopi - WARNING - RealTimePanel: Blue_450nm raw data uzunluk uyumsuzluğu (timestamps: 798, data: 200)
2026-01-21 19:32:02 - spektroskopi - WARNING - RealTimePanel: Blue_450nm calibrated data uzunluk uyumsuzluğu (timestamps: 798, data: 200)
2026-01-21 19:32:02 - spektroskopi - WARNING - RealTimePanel: IR_850nm raw data uzunluk uyumsuzluğu (timestamps: 798, data: 198)
2026-01-21 19:32:02 - spektroskopi - WARNING - RealTimePanel: IR_850nm calibrated data uzunluk uyumsuzluğu (timestamps: 798, data: 198)
2026-01-21 19:32:02 - spektroskopi - WARNING - RealTimePanel: IR_940nm raw data uzunluk uyumsuzluğu (timestamps: 798, data: 198)
2026-01-21 19:32:02 - spektroskopi - WARNING - RealTimePanel: IR_940nm calibrated data uzunluk uyumsuzluğu (timestamps: 798, data: 198)
2026-01-21 19:32:03 - spektroskopi - WARNING - RealTimePanel: UV_360nm raw data uzunluk uyumsuzluğu (timestamps: 798, data: 202)
2026-01-21 19:32:03 - spektroskopi - WARNING - RealTimePanel: UV_360nm calibrated data uzunluk uyumsuzluğu (timestamps: 798, data: 202)
2026-01-21 19:32:03 - spektroskopi - WARNING - RealTimePanel: Blue_450nm raw data uzunluk uyumsuzluğu (timestamps: 798, data: 200)
2026-01-21 19:32:03 - spektroskopi - WARNING - RealTimePanel: Blue_450nm calibrated data uzunluk uyumsuzluğu (timestamps: 798, data: 200)
2026-01-21 19:32:03 - spektroskopi - WARNING - RealTimePanel: IR_850nm raw data uzunluk uyumsuzluğu (timestamps: 798, data: 198)
2026-01-21 19:32:03 - spektroskopi - WARNING - RealTimePanel: IR_850nm calibrated data uzunluk uyumsuzluğu (timestamps: 798, data: 198)
2026-01-21 19:32:03 - spektroskopi - WARNING - RealTimePanel: IR_940nm raw data uzunluk uyumsuzluğu (timestamps: 798, data: 198)
2026-01-21 19:32:03 - spektroskopi - WARNING - RealTimePanel: IR_940nm calibrated data uzunluk uyumsuzluğu (timestamps: 798, data: 198)
2026-01-21 19:32:04 - spektroskopi - WARNING - RealTimePanel: UV_360nm raw data uzunluk uyumsuzluğu (timestamps: 798, data: 202)
2026-01-21 19:32:04 - spektroskopi - WARNING - RealTimePanel: UV_360nm calibrated data uzunluk uyumsuzluğu (timestamps: 798, data: 202)
2026-01-21 19:32:04 - spektroskopi - WARNING - RealTimePanel: Blue_450nm raw data uzunluk uyumsuzluğu (timestamps: 798, data: 200)
2026-01-21 19:32:04 - spektroskopi - WARNING - RealTimePanel: Blue_450nm calibrated data uzunluk uyumsuzluğu (timestamps: 798, data: 200)
2026-01-21 19:32:04 - spektroskopi - WARNING - RealTimePanel: IR_850nm raw data uzunluk uyumsuzluğu (timestamps: 798, data: 198)
2026-01-21 19:32:04 - spektroskopi - WARNING - RealTimePanel: IR_850nm calibrated data uzunluk uyumsuzluğu (timestamps: 798, data: 198)
2026-01-21 19:32:04 - spektroskopi - WARNING - RealTimePanel: IR_940nm raw data uzunluk uyumsuzluğu (timestamps: 798, data: 198)
2026-01-21 19:32:04 - spektroskopi - WARNING - RealTimePanel: IR_940nm calibrated data uzunluk uyumsuzluğu (timestamps: 798, data: 198)
2026-01-21 19:32:05 - spektroskopi - WARNING - RealTimePanel: UV_360nm raw data uzunluk uyumsuzluğu (timestamps: 798, data: 202)
2026-01-21 19:32:05 - spektroskopi - WARNING - RealTimePanel: UV_360nm calibrated data uzunluk uyumsuzluğu (timestamps: 798, data: 202)
2026-01-21 19:32:05 - spektroskopi - WARNING - RealTimePanel: Blue_450nm raw data uzunluk uyumsuzluğu (timestamps: 798, data: 200)
2026-01-21 19:32:05 - spektroskopi - WARNING - RealTimePanel: Blue_450nm calibrated data uzunluk uyumsuzluğu (timestamps: 798, data: 200)
2026-01-21 19:32:05 - spektroskopi - WARNING - RealTimePanel: IR_850nm raw data uzunluk uyumsuzluğu (timestamps: 798, data: 198)
2026-01-21 19:32:05 - spektroskopi - WARNING - RealTimePanel: IR_850nm calibrated data uzunluk uyumsuzluğu (timestamps: 798, data: 198)
2026-01-21 19:32:05 - spektroskopi - WARNING - RealTimePanel: IR_940nm raw data uzunluk uyumsuzluğu (timestamps: 798, data: 198)
2026-01-21 19:32:05 - spektroskopi - WARNING - RealTimePanel: IR_940nm calibrated data uzunluk uyumsuzluğu (timestamps: 798, data: 198)
2026-01-21 19:32:06 - spektroskopi - WARNING - RealTimePanel: UV_360nm raw data uzunluk uyumsuzluğu (timestamps: 798, data: 202)
2026-01-21 19:32:06 - spektroskopi - WARNING - RealTimePanel: UV_360nm calibrated data uzunluk uyumsuzluğu (timestamps: 798, data: 202)
2026-01-21 19:32:06 - spektroskopi - WARNING - RealTimePanel: Blue_450nm raw data uzunluk uyumsuzluğu (timestamps: 798, data: 200)
2026-01-21 19:32:06 - spektroskopi - WARNING - RealTimePanel: Blue_450nm calibrated data uzunluk uyumsuzluğu (timestamps: 798, data: 200)
2026-01-21 19:32:06 - spektroskopi - WARNING - RealTimePanel: IR_850nm raw data uzunluk uyumsuzluğu (timestamps: 798, data: 198)
2026-01-21 19:32:06 - spektroskopi - WARNING - RealTimePanel: IR_850nm calibrated data uzunluk uyumsuzluğu (timestamps: 798, data: 198)
2026-01-21 19:32:06 - spektroskopi - WARNING - RealTimePanel: IR_940nm raw data uzunluk uyumsuzluğu (timestamps: 798, data: 198)
2026-01-21 19:32:06 - spektroskopi - WARNING - RealTimePanel: IR_940nm calibrated data uzunluk uyumsuzluğu (timestamps: 798, data: 198)
2026-01-21 19:32:07 - spektroskopi - WARNING - RealTimePanel: UV_360nm raw data uzunluk uyumsuzluğu (timestamps: 798, data: 202)
2026-01-21 19:32:07 - spektroskopi - WARNING - RealTimePanel: UV_360nm calibrated data uzunluk uyumsuzluğu (timestamps: 798, data: 202)
2026-01-21 19:32:07 - spektroskopi - WARNING - RealTimePanel: Blue_450nm raw data uzunluk uyumsuzluğu (timestamps: 798, data: 200)
2026-01-21 19:32:07 - spektroskopi - WARNING - RealTimePanel: Blue_450nm calibrated data uzunluk uyumsuzluğu (timestamps: 798, data: 200)
2026-01-21 19:32:07 - spektroskopi - WARNING - RealTimePanel: IR_850nm raw data uzunluk uyumsuzluğu (timestamps: 798, data: 198)
2026-01-21 19:32:07 - spektroskopi - WARNING - RealTimePanel: IR_850nm calibrated data uzunluk uyumsuzluğu (timestamps: 798, data: 198)
2026-01-21 19:32:07 - spektroskopi - WARNING - RealTimePanel: IR_940nm raw data uzunluk uyumsuzluğu (timestamps: 798, data: 198)
2026-01-21 19:32:07 - spektroskopi - WARNING - RealTimePanel: IR_940nm calibrated data uzunluk uyumsuzluğu (timestamps: 798, data: 198)
2026-01-21 19:32:08 - spektroskopi - WARNING - RealTimePanel: UV_360nm raw data uzunluk uyumsuzluğu (timestamps: 798, data: 202)
2026-01-21 19:32:08 - spektroskopi - WARNING - RealTimePanel: UV_360nm calibrated data uzunluk uyumsuzluğu (timestamps: 798, data: 202)
2026-01-21 19:32:08 - spektroskopi - WARNING - RealTimePanel: Blue_450nm raw data uzunluk uyumsuzluğu (timestamps: 798, data: 200)
2026-01-21 19:32:08 - spektroskopi - WARNING - RealTimePanel: Blue_450nm calibrated data uzunluk uyumsuzluğu (timestamps: 798, data: 200)
2026-01-21 19:32:08 - spektroskopi - WARNING - RealTimePanel: IR_850nm raw data uzunluk uyumsuzluğu (timestamps: 798, data: 198)
2026-01-21 19:32:08 - spektroskopi - WARNING - RealTimePanel: IR_850nm calibrated data uzunluk uyumsuzluğu (timestamps: 798, data: 198)
2026-01-21 19:32:08 - spektroskopi - WARNING - RealTimePanel: IR_940nm raw data uzunluk uyumsuzluğu (timestamps: 798, data: 198)
2026-01-21 19:32:08 - spektroskopi - WARNING - RealTimePanel: IR_940nm calibrated data uzunluk uyumsuzluğu (timestamps: 798, data: 198)
2026-01-21 19:32:09 - spektroskopi - WARNING - RealTimePanel: UV_360nm raw data uzunluk uyumsuzluğu (timestamps: 798, data: 202)
2026-01-21 19:32:09 - spektroskopi - WARNING - RealTimePanel: UV_360nm calibrated data uzunluk uyumsuzluğu (timestamps: 798, data: 202)
2026-01-21 19:32:09 - spektroskopi - WARNING - RealTimePanel: Blue_450nm raw data uzunluk uyumsuzluğu (timestamps: 798, data: 200)
2026-01-21 19:32:09 - spektroskopi - WARNING - RealTimePanel: Blue_450nm calibrated data uzunluk uyumsuzluğu (timestamps: 798, data: 200)
2026-01-21 19:32:09 - spektroskopi - WARNING - RealTimePanel: IR_850nm raw data uzunluk uyumsuzluğu (timestamps: 798, data: 198)
2026-01-21 19:32:09 - spektroskopi - WARNING - RealTimePanel: IR_850nm calibrated data uzunluk uyumsuzluğu (timestamps: 798, data: 198)
2026-01-21 19:32:09 - spektroskopi - WARNING - RealTimePanel: IR_940nm raw data uzunluk uyumsuzluğu (timestamps: 798, data: 198)
2026-01-21 19:32:09 - spektroskopi - WARNING - RealTimePanel: IR_940nm calibrated data uzunluk uyumsuzluğu (timestamps: 798, data: 198)
2026-01-21 19:32:10 - spektroskopi - WARNING - RealTimePanel: UV_360nm raw data uzunluk uyumsuzluğu (timestamps: 798, data: 202)
2026-01-21 19:32:10 - spektroskopi - WARNING - RealTimePanel: UV_360nm calibrated data uzunluk uyumsuzluğu (timestamps: 798, data: 202)
2026-01-21 19:32:10 - spektroskopi - WARNING - RealTimePanel: Blue_450nm raw data uzunluk uyumsuzluğu (timestamps: 798, data: 200)
2026-01-21 19:32:10 - spektroskopi - WARNING - RealTimePanel: Blue_450nm calibrated data uzunluk uyumsuzluğu (timestamps: 798, data: 200)
2026-01-21 19:32:10 - spektroskopi - WARNING - RealTimePanel: IR_850nm raw data uzunluk uyumsuzluğu (timestamps: 798, data: 198)
2026-01-21 19:32:10 - spektroskopi - WARNING - RealTimePanel: IR_850nm calibrated data uzunluk uyumsuzluğu (timestamps: 798, data: 198)
2026-01-21 19:32:10 - spektroskopi - WARNING - RealTimePanel: IR_940nm raw data uzunluk uyumsuzluğu (timestamps: 798, data: 198)
2026-01-21 19:32:10 - spektroskopi - WARNING - RealTimePanel: IR_940nm calibrated data uzunluk uyumsuzluğu (timestamps: 798, data: 198)
2026-01-21 19:32:11 - spektroskopi - WARNING - RealTimePanel: UV_360nm raw data uzunluk uyumsuzluğu (timestamps: 798, data: 202)
2026-01-21 19:32:11 - spektroskopi - WARNING - RealTimePanel: UV_360nm calibrated data uzunluk uyumsuzluğu (timestamps: 798, data: 202)
2026-01-21 19:32:11 - spektroskopi - WARNING - RealTimePanel: Blue_450nm raw data uzunluk uyumsuzluğu (timestamps: 798, data: 200)
2026-01-21 19:32:11 - spektroskopi - WARNING - RealTimePanel: Blue_450nm calibrated data uzunluk uyumsuzluğu (timestamps: 798, data: 200)
2026-01-21 19:32:11 - spektroskopi - WARNING - RealTimePanel: IR_850nm raw data uzunluk uyumsuzluğu (timestamps: 798, data: 198)
2026-01-21 19:32:11 - spektroskopi - WARNING - RealTimePanel: IR_850nm calibrated data uzunluk uyumsuzluğu (timestamps: 798, data: 198)
2026-01-21 19:32:11 - spektroskopi - WARNING - RealTimePanel: IR_940nm raw data uzunluk uyumsuzluğu (timestamps: 798, data: 198)
2026-01-21 19:32:11 - spektroskopi - WARNING - RealTimePanel: IR_940nm calibrated data uzunluk uyumsuzluğu (timestamps: 798, data: 198)
2026-01-21 19:32:12 - spektroskopi - WARNING - RealTimePanel: UV_360nm raw data uzunluk uyumsuzluğu (timestamps: 798, data: 202)
2026-01-21 19:32:12 - spektroskopi - WARNING - RealTimePanel: UV_360nm calibrated data uzunluk uyumsuzluğu (timestamps: 798, data: 202)
2026-01-21 19:32:12 - spektroskopi - WARNING - RealTimePanel: Blue_450nm raw data uzunluk uyumsuzluğu (timestamps: 798, data: 200)
2026-01-21 19:32:12 - spektroskopi - WARNING - RealTimePanel: Blue_450nm calibrated data uzunluk uyumsuzluğu (timestamps: 798, data: 200)
2026-01-21 19:32:12 - spektroskopi - WARNING - RealTimePanel: IR_850nm raw data uzunluk uyumsuzluğu (timestamps: 798, data: 198)
2026-01-21 19:32:12 - spektroskopi - WARNING - RealTimePanel: IR_850nm calibrated data uzunluk uyumsuzluğu (timestamps: 798, data: 198)
2026-01-21 19:32:12 - spektroskopi - WARNING - RealTimePanel: IR_940nm raw data uzunluk uyumsuzluğu (timestamps: 798, data: 198)
2026-01-21 19:32:12 - spektroskopi - WARNING - RealTimePanel: IR_940nm calibrated data uzunluk uyumsuzluğu (timestamps: 798, data: 198)
2026-01-21 19:32:13 - spektroskopi - WARNING - RealTimePanel: UV_360nm raw data uzunluk uyumsuzluğu (timestamps: 798, data: 202)
2026-01-21 19:32:13 - spektroskopi - WARNING - RealTimePanel: UV_360nm calibrated data uzunluk uyumsuzluğu (timestamps: 798, data: 202)
2026-01-21 19:32:13 - spektroskopi - WARNING - RealTimePanel: Blue_450nm raw data uzunluk uyumsuzluğu (timestamps: 798, data: 200)
2026-01-21 19:32:13 - spektroskopi - WARNING - RealTimePanel: Blue_450nm calibrated data uzunluk uyumsuzluğu (timestamps: 798, data: 200)
2026-01-21 19:32:13 - spektroskopi - WARNING - RealTimePanel: IR_850nm raw data uzunluk uyumsuzluğu (timestamps: 798, data: 198)
2026-01-21 19:32:13 - spektroskopi - WARNING - RealTimePanel: IR_850nm calibrated data uzunluk uyumsuzluğu (timestamps: 798, data: 198)
2026-01-21 19:32:13 - spektroskopi - WARNING - RealTimePanel: IR_940nm raw data uzunluk uyumsuzluğu (timestamps: 798, data: 198)
2026-01-21 19:32:13 - spektroskopi - WARNING - RealTimePanel: IR_940nm calibrated data uzunluk uyumsuzluğu (timestamps: 798, data: 198)
2026-01-21 19:32:14 - spektroskopi - WARNING - RealTimePanel: UV_360nm raw data uzunluk uyumsuzluğu (timestamps: 798, data: 202)
2026-01-21 19:32:14 - spektroskopi - WARNING - RealTimePanel: UV_360nm calibrated data uzunluk uyumsuzluğu (timestamps: 798, data: 202)
2026-01-21 19:32:14 - spektroskopi - WARNING - RealTimePanel: Blue_450nm raw data uzunluk uyumsuzluğu (timestamps: 798, data: 200)
2026-01-21 19:32:14 - spektroskopi - WARNING - RealTimePanel: Blue_450nm calibrated data uzunluk uyumsuzluğu (timestamps: 798, data: 200)
2026-01-21 19:32:14 - spektroskopi - WARNING - RealTimePanel: IR_850nm raw data uzunluk uyumsuzluğu (timestamps: 798, data: 198)
2026-01-21 19:32:14 - spektroskopi - WARNING - RealTimePanel: IR_850nm calibrated data uzunluk uyumsuzluğu (timestamps: 798, data: 198)
2026-01-21 19:32:14 - spektroskopi - WARNING - RealTimePanel: IR_940nm raw data uzunluk uyumsuzluğu (timestamps: 798, data: 198)
2026-01-21 19:32:14 - spektroskopi - WARNING - RealTimePanel: IR_940nm calibrated data uzunluk uyumsuzluğu (timestamps: 798, data: 198)
2026-01-21 19:32:15 - spektroskopi - WARNING - RealTimePanel: UV_360nm raw data uzunluk uyumsuzluğu (timestamps: 798, data: 202)
2026-01-21 19:32:15 - spektroskopi - WARNING - RealTimePanel: UV_360nm calibrated data uzunluk uyumsuzluğu (timestamps: 798, data: 202)
2026-01-21 19:32:15 - spektroskopi - WARNING - RealTimePanel: Blue_450nm raw data uzunluk uyumsuzluğu (timestamps: 798, data: 200)
2026-01-21 19:32:15 - spektroskopi - WARNING - RealTimePanel: Blue_450nm calibrated data uzunluk uyumsuzluğu (timestamps: 798, data: 200)
2026-01-21 19:32:15 - spektroskopi - WARNING - RealTimePanel: IR_850nm raw data uzunluk uyumsuzluğu (timestamps: 798, data: 198)
2026-01-21 19:32:15 - spektroskopi - WARNING - RealTimePanel: IR_850nm calibrated data uzunluk uyumsuzluğu (timestamps: 798, data: 198)
2026-01-21 19:32:15 - spektroskopi - WARNING - RealTimePanel: IR_940nm raw data uzunluk uyumsuzluğu (timestamps: 798, data: 198)
2026-01-21 19:32:15 - spektroskopi - WARNING - RealTimePanel: IR_940nm calibrated data uzunluk uyumsuzluğu (timestamps: 798, data: 198)
2026-01-21 19:32:16 - spektroskopi - WARNING - RealTimePanel: UV_360nm raw data uzunluk uyumsuzluğu (timestamps: 798, data: 202)
2026-01-21 19:32:16 - spektroskopi - WARNING - RealTimePanel: UV_360nm calibrated data uzunluk uyumsuzluğu (timestamps: 798, data: 202)
2026-01-21 19:32:16 - spektroskopi - WARNING - RealTimePanel: Blue_450nm raw data uzunluk uyumsuzluğu (timestamps: 798, data: 200)
2026-01-21 19:32:16 - spektroskopi - WARNING - RealTimePanel: Blue_450nm calibrated data uzunluk uyumsuzluğu (timestamps: 798, data: 200)
2026-01-21 19:32:16 - spektroskopi - WARNING - RealTimePanel: IR_850nm raw data uzunluk uyumsuzluğu (timestamps: 798, data: 198)
2026-01-21 19:32:16 - spektroskopi - WARNING - RealTimePanel: IR_850nm calibrated data uzunluk uyumsuzluğu (timestamps: 798, data: 198)
2026-01-21 19:32:16 - spektroskopi - WARNING - RealTimePanel: IR_940nm raw data uzunluk uyumsuzluğu (timestamps: 798, data: 198)
2026-01-21 19:32:16 - spektroskopi - WARNING - RealTimePanel: IR_940nm calibrated data uzunluk uyumsuzluğu (timestamps: 798, data: 198)
2026-01-21 19:32:17 - spektroskopi - WARNING - RealTimePanel: UV_360nm raw data uzunluk uyumsuzluğu (timestamps: 798, data: 202)
2026-01-21 19:32:17 - spektroskopi - WARNING - RealTimePanel: UV_360nm calibrated data uzunluk uyumsuzluğu (timestamps: 798, data: 202)
2026-01-21 19:32:17 - spektroskopi - WARNING - RealTimePanel: Blue_450nm raw data uzunluk uyumsuzluğu (timestamps: 798, data: 200)
2026-01-21 19:32:17 - spektroskopi - WARNING - RealTimePanel: Blue_450nm calibrated data uzunluk uyumsuzluğu (timestamps: 798, data: 200)
2026-01-21 19:32:17 - spektroskopi - WARNING - RealTimePanel: IR_850nm raw data uzunluk uyumsuzluğu (timestamps: 798, data: 198)
2026-01-21 19:32:17 - spektroskopi - WARNING - RealTimePanel: IR_850nm calibrated data uzunluk uyumsuzluğu (timestamps: 798, data: 198)
2026-01-21 19:32:17 - spektroskopi - WARNING - RealTimePanel: IR_940nm raw data uzunluk uyumsuzluğu (timestamps: 798, data: 198)
2026-01-21 19:32:17 - spektroskopi - WARNING - RealTimePanel: IR_940nm calibrated data uzunluk uyumsuzluğu (timestamps: 798, data: 198)
2026-01-21 19:32:18 - spektroskopi - WARNING - RealTimePanel: UV_360nm raw data uzunluk uyumsuzluğu (timestamps: 798, data: 202)
2026-01-21 19:32:18 - spektroskopi - WARNING - RealTimePanel: UV_360nm calibrated data uzunluk uyumsuzluğu (timestamps: 798, data: 202)
2026-01-21 19:32:18 - spektroskopi - WARNING - RealTimePanel: Blue_450nm raw data uzunluk uyumsuzluğu (timestamps: 798, data: 200)
2026-01-21 19:32:18 - spektroskopi - WARNING - RealTimePanel: Blue_450nm calibrated data uzunluk uyumsuzluğu (timestamps: 798, data: 200)
2026-01-21 19:32:18 - spektroskopi - WARNING - RealTimePanel: IR_850nm raw data uzunluk uyumsuzluğu (timestamps: 798, data: 198)
2026-01-21 19:32:18 - spektroskopi - WARNING - RealTimePanel: IR_850nm calibrated data uzunluk uyumsuzluğu (timestamps: 798, data: 198)
2026-01-21 19:32:18 - spektroskopi - WARNING - RealTimePanel: IR_940nm raw data uzunluk uyumsuzluğu (timestamps: 798, data: 198)
2026-01-21 19:32:18 - spektroskopi - WARNING - RealTimePanel: IR_940nm calibrated data uzunluk uyumsuzluğu (timestamps: 798, data: 198)
2026-01-21 19:32:19 - spektroskopi - WARNING - RealTimePanel: UV_360nm raw data uzunluk uyumsuzluğu (timestamps: 798, data: 202)
2026-01-21 19:32:19 - spektroskopi - WARNING - RealTimePanel: UV_360nm calibrated data uzunluk uyumsuzluğu (timestamps: 798, data: 202)
2026-01-21 19:32:19 - spektroskopi - WARNING - RealTimePanel: Blue_450nm raw data uzunluk uyumsuzluğu (timestamps: 798, data: 200)
2026-01-21 19:32:19 - spektroskopi - WARNING - RealTimePanel: Blue_450nm calibrated data uzunluk uyumsuzluğu (timestamps: 798, data: 200)
2026-01-21 19:32:19 - spektroskopi - WARNING - RealTimePanel: IR_850nm raw data uzunluk uyumsuzluğu (timestamps: 798, data: 198)
2026-01-21 19:32:19 - spektroskopi - WARNING - RealTimePanel: IR_850nm calibrated data uzunluk uyumsuzluğu (timestamps: 798, data: 198)
2026-01-21 19:32:19 - spektroskopi - WARNING - RealTimePanel: IR_940nm raw data uzunluk uyumsuzluğu (timestamps: 798, data: 198)
2026-01-21 19:32:19 - spektroskopi - WARNING - RealTimePanel: IR_940nm calibrated data uzunluk uyumsuzluğu (timestamps: 798, data: 198)
2026-01-21 19:32:20 - spektroskopi - WARNING - RealTimePanel: UV_360nm raw data uzunluk uyumsuzluğu (timestamps: 798, data: 202)
2026-01-21 19:32:20 - spektroskopi - WARNING - RealTimePanel: UV_360nm calibrated data uzunluk uyumsuzluğu (timestamps: 798, data: 202)
2026-01-21 19:32:20 - spektroskopi - WARNING - RealTimePanel: Blue_450nm raw data uzunluk uyumsuzluğu (timestamps: 798, data: 200)
2026-01-21 19:32:20 - spektroskopi - WARNING - RealTimePanel: Blue_450nm calibrated data uzunluk uyumsuzluğu (timestamps: 798, data: 200)
2026-01-21 19:32:20 - spektroskopi - WARNING - RealTimePanel: IR_850nm raw data uzunluk uyumsuzluğu (timestamps: 798, data: 198)
2026-01-21 19:32:20 - spektroskopi - WARNING - RealTimePanel: IR_850nm calibrated data uzunluk uyumsuzluğu (timestamps: 798, data: 198)
2026-01-21 19:32:20 - spektroskopi - WARNING - RealTimePanel: IR_940nm raw data uzunluk uyumsuzluğu (timestamps: 798, data: 198)
2026-01-21 19:32:20 - spektroskopi - WARNING - RealTimePanel: IR_940nm calibrated data uzunluk uyumsuzluğu (timestamps: 798, data: 198)
2026-01-21 19:32:21 - spektroskopi - WARNING - RealTimePanel: UV_360nm raw data uzunluk uyumsuzluğu (timestamps: 798, data: 202)
2026-01-21 19:32:21 - spektroskopi - WARNING - RealTimePanel: UV_360nm calibrated data uzunluk uyumsuzluğu (timestamps: 798, data: 202)
2026-01-21 19:32:21 - spektroskopi - WARNING - RealTimePanel: Blue_450nm raw data uzunluk uyumsuzluğu (timestamps: 798, data: 200)
2026-01-21 19:32:21 - spektroskopi - WARNING - RealTimePanel: Blue_450nm calibrated data uzunluk uyumsuzluğu (timestamps: 798, data: 200)
2026-01-21 19:32:21 - spektroskopi - WARNING - RealTimePanel: IR_850nm raw data uzunluk uyumsuzluğu (timestamps: 798, data: 198)
2026-01-21 19:32:21 - spektroskopi - WARNING - RealTimePanel: IR_850nm calibrated data uzunluk uyumsuzluğu (timestamps: 798, data: 198)
2026-01-21 19:32:21 - spektroskopi - WARNING - RealTimePanel: IR_940nm raw data uzunluk uyumsuzluğu (timestamps: 798, data: 198)
2026-01-21 19:32:21 - spektroskopi - WARNING - RealTimePanel: IR_940nm calibrated data uzunluk uyumsuzluğu (timestamps: 798, data: 198)
2026-01-21 19:32:22 - spektroskopi - WARNING - RealTimePanel: UV_360nm raw data uzunluk uyumsuzluğu (timestamps: 798, data: 202)
2026-01-21 19:32:22 - spektroskopi - WARNING - RealTimePanel: UV_360nm calibrated data uzunluk uyumsuzluğu (timestamps: 798, data: 202)
2026-01-21 19:32:22 - spektroskopi - WARNING - RealTimePanel: Blue_450nm raw data uzunluk uyumsuzluğu (timestamps: 798, data: 200)
2026-01-21 19:32:22 - spektroskopi - WARNING - RealTimePanel: Blue_450nm calibrated data uzunluk uyumsuzluğu (timestamps: 798, data: 200)
2026-01-21 19:32:22 - spektroskopi - WARNING - RealTimePanel: IR_850nm raw data uzunluk uyumsuzluğu (timestamps: 798, data: 198)
2026-01-21 19:32:22 - spektroskopi - WARNING - RealTimePanel: IR_850nm calibrated data uzunluk uyumsuzluğu (timestamps: 798, data: 198)
2026-01-21 19:32:22 - spektroskopi - WARNING - RealTimePanel: IR_940nm raw data uzunluk uyumsuzluğu (timestamps: 798, data: 198)
2026-01-21 19:32:22 - spektroskopi - WARNING - RealTimePanel: IR_940nm calibrated data uzunluk uyumsuzluğu (timestamps: 798, data: 198)
2026-01-21 19:32:23 - spektroskopi - WARNING - RealTimePanel: UV_360nm raw data uzunluk uyumsuzluğu (timestamps: 798, data: 202)
2026-01-21 19:32:23 - spektroskopi - WARNING - RealTimePanel: UV_360nm calibrated data uzunluk uyumsuzluğu (timestamps: 798, data: 202)
2026-01-21 19:32:23 - spektroskopi - WARNING - RealTimePanel: Blue_450nm raw data uzunluk uyumsuzluğu (timestamps: 798, data: 200)
2026-01-21 19:32:23 - spektroskopi - WARNING - RealTimePanel: Blue_450nm calibrated data uzunluk uyumsuzluğu (timestamps: 798, data: 200)
2026-01-21 19:32:23 - spektroskopi - WARNING - RealTimePanel: IR_850nm raw data uzunluk uyumsuzluğu (timestamps: 798, data: 198)
2026-01-21 19:32:23 - spektroskopi - WARNING - RealTimePanel: IR_850nm calibrated data uzunluk uyumsuzluğu (timestamps: 798, data: 198)
2026-01-21 19:32:23 - spektroskopi - WARNING - RealTimePanel: IR_940nm raw data uzunluk uyumsuzluğu (timestamps: 798, data: 198)
2026-01-21 19:32:23 - spektroskopi - WARNING - RealTimePanel: IR_940nm calibrated data uzunluk uyumsuzluğu (timestamps: 798, data: 198)
2026-01-21 19:32:24 - spektroskopi - WARNING - RealTimePanel: UV_360nm raw data uzunluk uyumsuzluğu (timestamps: 798, data: 202)
2026-01-21 19:32:24 - spektroskopi - WARNING - RealTimePanel: UV_360nm calibrated data uzunluk uyumsuzluğu (timestamps: 798, data: 202)
2026-01-21 19:32:24 - spektroskopi - WARNING - RealTimePanel: Blue_450nm raw data uzunluk uyumsuzluğu (timestamps: 798, data: 200)
2026-01-21 19:32:24 - spektroskopi - WARNING - RealTimePanel: Blue_450nm calibrated data uzunluk uyumsuzluğu (timestamps: 798, data: 200)
2026-01-21 19:32:24 - spektroskopi - WARNING - RealTimePanel: IR_850nm raw data uzunluk uyumsuzluğu (timestamps: 798, data: 198)
2026-01-21 19:32:24 - spektroskopi - WARNING - RealTimePanel: IR_850nm calibrated data uzunluk uyumsuzluğu (timestamps: 798, data: 198)
2026-01-21 19:32:24 - spektroskopi - WARNING - RealTimePanel: IR_940nm raw data uzunluk uyumsuzluğu (timestamps: 798, data: 198)
2026-01-21 19:32:24 - spektroskopi - WARNING - RealTimePanel: IR_940nm calibrated data uzunluk uyumsuzluğu (timestamps: 798, data: 198)
2026-01-21 19:32:25 - spektroskopi - WARNING - RealTimePanel: UV_360nm raw data uzunluk uyumsuzluğu (timestamps: 798, data: 202)
2026-01-21 19:32:25 - spektroskopi - WARNING - RealTimePanel: UV_360nm calibrated data uzunluk uyumsuzluğu (timestamps: 798, data: 202)
2026-01-21 19:32:25 - spektroskopi - WARNING - RealTimePanel: Blue_450nm raw data uzunluk uyumsuzluğu (timestamps: 798, data: 200)
2026-01-21 19:32:25 - spektroskopi - WARNING - RealTimePanel: Blue_450nm calibrated data uzunluk uyumsuzluğu (timestamps: 798, data: 200)
2026-01-21 19:32:25 - spektroskopi - WARNING - RealTimePanel: IR_850nm raw data uzunluk uyumsuzluğu (timestamps: 798, data: 198)
2026-01-21 19:32:25 - spektroskopi - WARNING - RealTimePanel: IR_850nm calibrated data uzunluk uyumsuzluğu (timestamps: 798, data: 198)
2026-01-21 19:32:25 - spektroskopi - WARNING - RealTimePanel: IR_940nm raw data uzunluk uyumsuzluğu (timestamps: 798, data: 198)
2026-01-21 19:32:25 - spektroskopi - WARNING - RealTimePanel: IR_940nm calibrated data uzunluk uyumsuzluğu (timestamps: 798, data: 198)
2026-01-21 19:32:26 - spektroskopi - WARNING - RealTimePanel: UV_360nm raw data uzunluk uyumsuzluğu (timestamps: 798, data: 202)
2026-01-21 19:32:26 - spektroskopi - WARNING - RealTimePanel: UV_360nm calibrated data uzunluk uyumsuzluğu (timestamps: 798, data: 202)
2026-01-21 19:32:26 - spektroskopi - WARNING - RealTimePanel: Blue_450nm raw data uzunluk uyumsuzluğu (timestamps: 798, data: 200)
2026-01-21 19:32:26 - spektroskopi - WARNING - RealTimePanel: Blue_450nm calibrated data uzunluk uyumsuzluğu (timestamps: 798, data: 200)
2026-01-21 19:32:26 - spektroskopi - WARNING - RealTimePanel: IR_850nm raw data uzunluk uyumsuzluğu (timestamps: 798, data: 198)
2026-01-21 19:32:26 - spektroskopi - WARNING - RealTimePanel: IR_850nm calibrated data uzunluk uyumsuzluğu (timestamps: 798, data: 198)
2026-01-21 19:32:26 - spektroskopi - WARNING - RealTimePanel: IR_940nm raw data uzunluk uyumsuzluğu (timestamps: 798, data: 198)
2026-01-21 19:32:26 - spektroskopi - WARNING - RealTimePanel: IR_940nm calibrated data uzunluk uyumsuzluğu (timestamps: 798, data: 198)
2026-01-21 19:32:27 - spektroskopi - WARNING - RealTimePanel: UV_360nm raw data uzunluk uyumsuzluğu (timestamps: 798, data: 202)
2026-01-21 19:32:27 - spektroskopi - WARNING - RealTimePanel: UV_360nm calibrated data uzunluk uyumsuzluğu (timestamps: 798, data: 202)
2026-01-21 19:32:27 - spektroskopi - WARNING - RealTimePanel: Blue_450nm raw data uzunluk uyumsuzluğu (timestamps: 798, data: 200)
2026-01-21 19:32:27 - spektroskopi - WARNING - RealTimePanel: Blue_450nm calibrated data uzunluk uyumsuzluğu (timestamps: 798, data: 200)
2026-01-21 19:32:27 - spektroskopi - WARNING - RealTimePanel: IR_850nm raw data uzunluk uyumsuzluğu (timestamps: 798, data: 198)
2026-01-21 19:32:27 - spektroskopi - WARNING - RealTimePanel: IR_850nm calibrated data uzunluk uyumsuzluğu (timestamps: 798, data: 198)
2026-01-21 19:32:27 - spektroskopi - WARNING - RealTimePanel: IR_940nm raw data uzunluk uyumsuzluğu (timestamps: 798, data: 198)
2026-01-21 19:32:27 - spektroskopi - WARNING - RealTimePanel: IR_940nm calibrated data uzunluk uyumsuzluğu (timestamps: 798, data: 198)
2026-01-21 19:32:28 - spektroskopi - WARNING - RealTimePanel: UV_360nm raw data uzunluk uyumsuzluğu (timestamps: 798, data: 202)
2026-01-21 19:32:28 - spektroskopi - WARNING - RealTimePanel: UV_360nm calibrated data uzunluk uyumsuzluğu (timestamps: 798, data: 202)
2026-01-21 19:32:28 - spektroskopi - WARNING - RealTimePanel: Blue_450nm raw data uzunluk uyumsuzluğu (timestamps: 798, data: 200)
2026-01-21 19:32:28 - spektroskopi - WARNING - RealTimePanel: Blue_450nm calibrated data uzunluk uyumsuzluğu (timestamps: 798, data: 200)
2026-01-21 19:32:28 - spektroskopi - WARNING - RealTimePanel: IR_850nm raw data uzunluk uyumsuzluğu (timestamps: 798, data: 198)
2026-01-21 19:32:28 - spektroskopi - WARNING - RealTimePanel: IR_850nm calibrated data uzunluk uyumsuzluğu (timestamps: 798, data: 198)
2026-01-21 19:32:28 - spektroskopi - WARNING - RealTimePanel: IR_940nm raw data uzunluk uyumsuzluğu (timestamps: 798, data: 198)
2026-01-21 19:32:28 - spektroskopi - WARNING - RealTimePanel: IR_940nm calibrated data uzunluk uyumsuzluğu (timestamps: 798, data: 198)
2026-01-21 19:32:29 - spektroskopi - WARNING - RealTimePanel: UV_360nm raw data uzunluk uyumsuzluğu (timestamps: 798, data: 202)
2026-01-21 19:32:29 - spektroskopi - WARNING - RealTimePanel: UV_360nm calibrated data uzunluk uyumsuzluğu (timestamps: 798, data: 202)
2026-01-21 19:32:29 - spektroskopi - WARNING - RealTimePanel: Blue_450nm raw data uzunluk uyumsuzluğu (timestamps: 798, data: 200)
2026-01-21 19:32:29 - spektroskopi - WARNING - RealTimePanel: Blue_450nm calibrated data uzunluk uyumsuzluğu (timestamps: 798, data: 200)
2026-01-21 19:32:29 - spektroskopi - WARNING - RealTimePanel: IR_850nm raw data uzunluk uyumsuzluğu (timestamps: 798, data: 198)
2026-01-21 19:32:29 - spektroskopi - WARNING - RealTimePanel: IR_850nm calibrated data uzunluk uyumsuzluğu (timestamps: 798, data: 198)
2026-01-21 19:32:29 - spektroskopi - WARNING - RealTimePanel: IR_940nm raw data uzunluk uyumsuzluğu (timestamps: 798, data: 198)
2026-01-21 19:32:29 - spektroskopi - WARNING - RealTimePanel: IR_940nm calibrated data uzunluk uyumsuzluğu (timestamps: 798, data: 198)
2026-01-21 19:32:30 - spektroskopi - WARNING - RealTimePanel: UV_360nm raw data uzunluk uyumsuzluğu (timestamps: 798, data: 202)
2026-01-21 19:32:30 - spektroskopi - WARNING - RealTimePanel: UV_360nm calibrated data uzunluk uyumsuzluğu (timestamps: 798, data: 202)
2026-01-21 19:32:30 - spektroskopi - WARNING - RealTimePanel: Blue_450nm raw data uzunluk uyumsuzluğu (timestamps: 798, data: 200)
2026-01-21 19:32:30 - spektroskopi - WARNING - RealTimePanel: Blue_450nm calibrated data uzunluk uyumsuzluğu (timestamps: 798, data: 200)
2026-01-21 19:32:30 - spektroskopi - WARNING - RealTimePanel: IR_850nm raw data uzunluk uyumsuzluğu (timestamps: 798, data: 198)
2026-01-21 19:32:30 - spektroskopi - WARNING - RealTimePanel: IR_850nm calibrated data uzunluk uyumsuzluğu (timestamps: 798, data: 198)
2026-01-21 19:32:30 - spektroskopi - WARNING - RealTimePanel: IR_940nm raw data uzunluk uyumsuzluğu (timestamps: 798, data: 198)
2026-01-21 19:32:30 - spektroskopi - WARNING - RealTimePanel: IR_940nm calibrated data uzunluk uyumsuzluğu (timestamps: 798, data: 198)
2026-01-21 19:32:31 - spektroskopi - WARNING - RealTimePanel: UV_360nm raw data uzunluk uyumsuzluğu (timestamps: 798, data: 202)
2026-01-21 19:32:31 - spektroskopi - WARNING - RealTimePanel: UV_360nm calibrated data uzunluk uyumsuzluğu (timestamps: 798, data: 202)
2026-01-21 19:32:31 - spektroskopi - WARNING - RealTimePanel: Blue_450nm raw data uzunluk uyumsuzluğu (timestamps: 798, data: 200)
2026-01-21 19:32:31 - spektroskopi - WARNING - RealTimePanel: Blue_450nm calibrated data uzunluk uyumsuzluğu (timestamps: 798, data: 200)
2026-01-21 19:32:31 - spektroskopi - WARNING - RealTimePanel: IR_850nm raw data uzunluk uyumsuzluğu (timestamps: 798, data: 198)
2026-01-21 19:32:31 - spektroskopi - WARNING - RealTimePanel: IR_850nm calibrated data uzunluk uyumsuzluğu (timestamps: 798, data: 198)
2026-01-21 19:32:31 - spektroskopi - WARNING - RealTimePanel: IR_940nm raw data uzunluk uyumsuzluğu (timestamps: 798, data: 198)
2026-01-21 19:32:31 - spektroskopi - WARNING - RealTimePanel: IR_940nm calibrated data uzunluk uyumsuzluğu (timestamps: 798, data: 198)
2026-01-21 19:32:32 - spektroskopi - WARNING - RealTimePanel: UV_360nm raw data uzunluk uyumsuzluğu (timestamps: 798, data: 202)
2026-01-21 19:32:32 - spektroskopi - WARNING - RealTimePanel: UV_360nm calibrated data uzunluk uyumsuzluğu (timestamps: 798, data: 202)
2026-01-21 19:32:32 - spektroskopi - WARNING - RealTimePanel: Blue_450nm raw data uzunluk uyumsuzluğu (timestamps: 798, data: 200)
2026-01-21 19:32:32 - spektroskopi - WARNING - RealTimePanel: Blue_450nm calibrated data uzunluk uyumsuzluğu (timestamps: 798, data: 200)
2026-01-21 19:32:32 - spektroskopi - WARNING - RealTimePanel: IR_850nm raw data uzunluk uyumsuzluğu (timestamps: 798, data: 198)
2026-01-21 19:32:32 - spektroskopi - WARNING - RealTimePanel: IR_850nm calibrated data uzunluk uyumsuzluğu (timestamps: 798, data: 198)
2026-01-21 19:32:32 - spektroskopi - WARNING - RealTimePanel: IR_940nm raw data uzunluk uyumsuzluğu (timestamps: 798, data: 198)
2026-01-21 19:32:32 - spektroskopi - WARNING - RealTimePanel: IR_940nm calibrated data uzunluk uyumsuzluğu (timestamps: 798, data: 198)
2026-01-21 19:32:33 - spektroskopi - WARNING - RealTimePanel: UV_360nm raw data uzunluk uyumsuzluğu (timestamps: 798, data: 202)
2026-01-21 19:32:33 - spektroskopi - WARNING - RealTimePanel: UV_360nm calibrated data uzunluk uyumsuzluğu (timestamps: 798, data: 202)
2026-01-21 19:32:33 - spektroskopi - WARNING - RealTimePanel: Blue_450nm raw data uzunluk uyumsuzluğu (timestamps: 798, data: 200)
2026-01-21 19:32:33 - spektroskopi - WARNING - RealTimePanel: Blue_450nm calibrated data uzunluk uyumsuzluğu (timestamps: 798, data: 200)
2026-01-21 19:32:33 - spektroskopi - WARNING - RealTimePanel: IR_850nm raw data uzunluk uyumsuzluğu (timestamps: 798, data: 198)
2026-01-21 19:32:33 - spektroskopi - WARNING - RealTimePanel: IR_850nm calibrated data uzunluk uyumsuzluğu (timestamps: 798, data: 198)
2026-01-21 19:32:33 - spektroskopi - WARNING - RealTimePanel: IR_940nm raw data uzunluk uyumsuzluğu (timestamps: 798, data: 198)
2026-01-21 19:32:33 - spektroskopi - WARNING - RealTimePanel: IR_940nm calibrated data uzunluk uyumsuzluğu (timestamps: 798, data: 198)
2026-01-21 19:32:34 - spektroskopi - WARNING - RealTimePanel: UV_360nm raw data uzunluk uyumsuzluğu (timestamps: 798, data: 202)
2026-01-21 19:32:34 - spektroskopi - WARNING - RealTimePanel: UV_360nm calibrated data uzunluk uyumsuzluğu (timestamps: 798, data: 202)
2026-01-21 19:32:34 - spektroskopi - WARNING - RealTimePanel: Blue_450nm raw data uzunluk uyumsuzluğu (timestamps: 798, data: 200)
2026-01-21 19:32:34 - spektroskopi - WARNING - RealTimePanel: Blue_450nm calibrated data uzunluk uyumsuzluğu (timestamps: 798, data: 200)
2026-01-21 19:32:34 - spektroskopi - WARNING - RealTimePanel: IR_850nm raw data uzunluk uyumsuzluğu (timestamps: 798, data: 198)
2026-01-21 19:32:34 - spektroskopi - WARNING - RealTimePanel: IR_850nm calibrated data uzunluk uyumsuzluğu (timestamps: 798, data: 198)
2026-01-21 19:32:34 - spektroskopi - WARNING - RealTimePanel: IR_940nm raw data uzunluk uyumsuzluğu (timestamps: 798, data: 198)
2026-01-21 19:32:34 - spektroskopi - WARNING - RealTimePanel: IR_940nm calibrated data uzunluk uyumsuzluğu (timestamps: 798, data: 198)
2026-01-21 19:32:35 - spektroskopi - WARNING - RealTimePanel: UV_360nm raw data uzunluk uyumsuzluğu (timestamps: 798, data: 202)
2026-01-21 19:32:35 - spektroskopi - WARNING - RealTimePanel: UV_360nm calibrated data uzunluk uyumsuzluğu (timestamps: 798, data: 202)
2026-01-21 19:32:35 - spektroskopi - WARNING - RealTimePanel: Blue_450nm raw data uzunluk uyumsuzluğu (timestamps: 798, data: 200)
2026-01-21 19:32:35 - spektroskopi - WARNING - RealTimePanel: Blue_450nm calibrated data uzunluk uyumsuzluğu (timestamps: 798, data: 200)
2026-01-21 19:32:35 - spektroskopi - WARNING - RealTimePanel: IR_850nm raw data uzunluk uyumsuzluğu (timestamps: 798, data: 198)
2026-01-21 19:32:35 - spektroskopi - WARNING - RealTimePanel: IR_850nm calibrated data uzunluk uyumsuzluğu (timestamps: 798, data: 198)
2026-01-21 19:32:35 - spektroskopi - WARNING - RealTimePanel: IR_940nm raw data uzunluk uyumsuzluğu (timestamps: 798, data: 198)
2026-01-21 19:32:35 - spektroskopi - WARNING - RealTimePanel: IR_940nm calibrated data uzunluk uyumsuzluğu (timestamps: 798, data: 198)
2026-01-21 19:32:36 - spektroskopi - WARNING - RealTimePanel: UV_360nm raw data uzunluk uyumsuzluğu (timestamps: 798, data: 202)
2026-01-21 19:32:36 - spektroskopi - WARNING - RealTimePanel: UV_360nm calibrated data uzunluk uyumsuzluğu (timestamps: 798, data: 202)
2026-01-21 19:32:36 - spektroskopi - WARNING - RealTimePanel: Blue_450nm raw data uzunluk uyumsuzluğu (timestamps: 798, data: 200)
2026-01-21 19:32:36 - spektroskopi - WARNING - RealTimePanel: Blue_450nm calibrated data uzunluk uyumsuzluğu (timestamps: 798, data: 200)
2026-01-21 19:32:36 - spektroskopi - WARNING - RealTimePanel: IR_850nm raw data uzunluk uyumsuzluğu (timestamps: 798, data: 198)
2026-01-21 19:32:36 - spektroskopi - WARNING - RealTimePanel: IR_850nm calibrated data uzunluk uyumsuzluğu (timestamps: 798, data: 198)
2026-01-21 19:32:36 - spektroskopi - WARNING - RealTimePanel: IR_940nm raw data uzunluk uyumsuzluğu (timestamps: 798, data: 198)
2026-01-21 19:32:36 - spektroskopi - WARNING - RealTimePanel: IR_940nm calibrated data uzunluk uyumsuzluğu (timestamps: 798, data: 198)
2026-01-21 19:32:37 - spektroskopi - WARNING - RealTimePanel: UV_360nm raw data uzunluk uyumsuzluğu (timestamps: 798, data: 202)
2026-01-21 19:32:37 - spektroskopi - WARNING - RealTimePanel: UV_360nm calibrated data uzunluk uyumsuzluğu (timestamps: 798, data: 202)
2026-01-21 19:32:37 - spektroskopi - WARNING - RealTimePanel: Blue_450nm raw data uzunluk uyumsuzluğu (timestamps: 798, data: 200)
2026-01-21 19:32:37 - spektroskopi - WARNING - RealTimePanel: Blue_450nm calibrated data uzunluk uyumsuzluğu (timestamps: 798, data: 200)
2026-01-21 19:32:37 - spektroskopi - WARNING - RealTimePanel: IR_850nm raw data uzunluk uyumsuzluğu (timestamps: 798, data: 198)
2026-01-21 19:32:37 - spektroskopi - WARNING - RealTimePanel: IR_850nm calibrated data uzunluk uyumsuzluğu (timestamps: 798, data: 198)
2026-01-21 19:32:37 - spektroskopi - WARNING - RealTimePanel: IR_940nm raw data uzunluk uyumsuzluğu (timestamps: 798, data: 198)
2026-01-21 19:32:37 - spektroskopi - WARNING - RealTimePanel: IR_940nm calibrated data uzunluk uyumsuzluğu (timestamps: 798, data: 198)
2026-01-21 19:32:38 - spektroskopi - WARNING - RealTimePanel: UV_360nm raw data uzunluk uyumsuzluğu (timestamps: 798, data: 202)
2026-01-21 19:32:38 - spektroskopi - WARNING - RealTimePanel: UV_360nm calibrated data uzunluk uyumsuzluğu (timestamps: 798, data: 202)
2026-01-21 19:32:38 - spektroskopi - WARNING - RealTimePanel: Blue_450nm raw data uzunluk uyumsuzluğu (timestamps: 798, data: 200)
2026-01-21 19:32:38 - spektroskopi - WARNING - RealTimePanel: Blue_450nm calibrated data uzunluk uyumsuzluğu (timestamps: 798, data: 200)
2026-01-21 19:32:38 - spektroskopi - WARNING - RealTimePanel: IR_850nm raw data uzunluk uyumsuzluğu (timestamps: 798, data: 198)
2026-01-21 19:32:38 - spektroskopi - WARNING - RealTimePanel: IR_850nm calibrated data uzunluk uyumsuzluğu (timestamps: 798, data: 198)
2026-01-21 19:32:38 - spektroskopi - WARNING - RealTimePanel: IR_940nm raw data uzunluk uyumsuzluğu (timestamps: 798, data: 198)
2026-01-21 19:32:38 - spektroskopi - WARNING - RealTimePanel: IR_940nm calibrated data uzunluk uyumsuzluğu (timestamps: 798, data: 198)
2026-01-21 19:32:39 - spektroskopi - WARNING - RealTimePanel: UV_360nm raw data uzunluk uyumsuzluğu (timestamps: 798, data: 202)
2026-01-21 19:32:39 - spektroskopi - WARNING - RealTimePanel: UV_360nm calibrated data uzunluk uyumsuzluğu (timestamps: 798, data: 202)
2026-01-21 19:32:39 - spektroskopi - WARNING - RealTimePanel: Blue_450nm raw data uzunluk uyumsuzluğu (timestamps: 798, data: 200)
2026-01-21 19:32:39 - spektroskopi - WARNING - RealTimePanel: Blue_450nm calibrated data uzunluk uyumsuzluğu (timestamps: 798, data: 200)
2026-01-21 19:32:39 - spektroskopi - WARNING - RealTimePanel: IR_850nm raw data uzunluk uyumsuzluğu (timestamps: 798, data: 198)
2026-01-21 19:32:39 - spektroskopi - WARNING - RealTimePanel: IR_850nm calibrated data uzunluk uyumsuzluğu (timestamps: 798, data: 198)
2026-01-21 19:32:39 - spektroskopi - WARNING - RealTimePanel: IR_940nm raw data uzunluk uyumsuzluğu (timestamps: 798, data: 198)
2026-01-21 19:32:39 - spektroskopi - WARNING - RealTimePanel: IR_940nm calibrated data uzunluk uyumsuzluğu (timestamps: 798, data: 198)
2026-01-21 19:32:40 - spektroskopi - WARNING - RealTimePanel: UV_360nm raw data uzunluk uyumsuzluğu (timestamps: 798, data: 202)
2026-01-21 19:32:40 - spektroskopi - WARNING - RealTimePanel: UV_360nm calibrated data uzunluk uyumsuzluğu (timestamps: 798, data: 202)
2026-01-21 19:32:40 - spektroskopi - WARNING - RealTimePanel: Blue_450nm raw data uzunluk uyumsuzluğu (timestamps: 798, data: 200)
2026-01-21 19:32:40 - spektroskopi - WARNING - RealTimePanel: Blue_450nm calibrated data uzunluk uyumsuzluğu (timestamps: 798, data: 200)
2026-01-21 19:32:40 - spektroskopi - WARNING - RealTimePanel: IR_850nm raw data uzunluk uyumsuzluğu (timestamps: 798, data: 198)
2026-01-21 19:32:40 - spektroskopi - WARNING - RealTimePanel: IR_850nm calibrated data uzunluk uyumsuzluğu (timestamps: 798, data: 198)
2026-01-21 19:32:40 - spektroskopi - WARNING - RealTimePanel: IR_940nm raw data uzunluk uyumsuzluğu (timestamps: 798, data: 198)
2026-01-21 19:32:40 - spektroskopi - WARNING - RealTimePanel: IR_940nm calibrated data uzunluk uyumsuzluğu (timestamps: 798, data: 198)
2026-01-21 19:32:41 - spektroskopi - WARNING - RealTimePanel: UV_360nm raw data uzunluk uyumsuzluğu (timestamps: 798, data: 202)
2026-01-21 19:32:41 - spektroskopi - WARNING - RealTimePanel: UV_360nm calibrated data uzunluk uyumsuzluğu (timestamps: 798, data: 202)
2026-01-21 19:32:41 - spektroskopi - WARNING - RealTimePanel: Blue_450nm raw data uzunluk uyumsuzluğu (timestamps: 798, data: 200)
2026-01-21 19:32:41 - spektroskopi - WARNING - RealTimePanel: Blue_450nm calibrated data uzunluk uyumsuzluğu (timestamps: 798, data: 200)
2026-01-21 19:32:41 - spektroskopi - WARNING - RealTimePanel: IR_850nm raw data uzunluk uyumsuzluğu (timestamps: 798, data: 198)
2026-01-21 19:32:41 - spektroskopi - WARNING - RealTimePanel: IR_850nm calibrated data uzunluk uyumsuzluğu (timestamps: 798, data: 198)
2026-01-21 19:32:41 - spektroskopi - WARNING - RealTimePanel: IR_940nm raw data uzunluk uyumsuzluğu (timestamps: 798, data: 198)
2026-01-21 19:32:41 - spektroskopi - WARNING - RealTimePanel: IR_940nm calibrated data uzunluk uyumsuzluğu (timestamps: 798, data: 198)
2026-01-21 19:32:42 - spektroskopi - WARNING - RealTimePanel: UV_360nm raw data uzunluk uyumsuzluğu (timestamps: 798, data: 202)
2026-01-21 19:32:42 - spektroskopi - WARNING - RealTimePanel: UV_360nm calibrated data uzunluk uyumsuzluğu (timestamps: 798, data: 202)
2026-01-21 19:32:42 - spektroskopi - WARNING - RealTimePanel: Blue_450nm raw data uzunluk uyumsuzluğu (timestamps: 798, data: 200)
2026-01-21 19:32:42 - spektroskopi - WARNING - RealTimePanel: Blue_450nm calibrated data uzunluk uyumsuzluğu (timestamps: 798, data: 200)
2026-01-21 19:32:42 - spektroskopi - WARNING - RealTimePanel: IR_850nm raw data uzunluk uyumsuzluğu (timestamps: 798, data: 198)
2026-01-21 19:32:42 - spektroskopi - WARNING - RealTimePanel: IR_850nm calibrated data uzunluk uyumsuzluğu (timestamps: 798, data: 198)
2026-01-21 19:32:42 - spektroskopi - WARNING - RealTimePanel: IR_940nm raw data uzunluk uyumsuzluğu (timestamps: 798, data: 198)
2026-01-21 19:32:42 - spektroskopi - WARNING - RealTimePanel: IR_940nm calibrated data uzunluk uyumsuzluğu (timestamps: 798, data: 198)
2026-01-21 19:32:43 - spektroskopi - WARNING - RealTimePanel: UV_360nm raw data uzunluk uyumsuzluğu (timestamps: 798, data: 202)
2026-01-21 19:32:43 - spektroskopi - WARNING - RealTimePanel: UV_360nm calibrated data uzunluk uyumsuzluğu (timestamps: 798, data: 202)
2026-01-21 19:32:43 - spektroskopi - WARNING - RealTimePanel: Blue_450nm raw data uzunluk uyumsuzluğu (timestamps: 798, data: 200)
2026-01-21 19:32:43 - spektroskopi - WARNING - RealTimePanel: Blue_450nm calibrated data uzunluk uyumsuzluğu (timestamps: 798, data: 200)
2026-01-21 19:32:43 - spektroskopi - WARNING - RealTimePanel: IR_850nm raw data uzunluk uyumsuzluğu (timestamps: 798, data: 198)
2026-01-21 19:32:43 - spektroskopi - WARNING - RealTimePanel: IR_850nm calibrated data uzunluk uyumsuzluğu (timestamps: 798, data: 198)
2026-01-21 19:32:43 - spektroskopi - WARNING - RealTimePanel: IR_940nm raw data uzunluk uyumsuzluğu (timestamps: 798, data: 198)
2026-01-21 19:32:43 - spektroskopi - WARNING - RealTimePanel: IR_940nm calibrated data uzunluk uyumsuzluğu (timestamps: 798, data: 198)
2026-01-21 19:32:44 - spektroskopi - WARNING - RealTimePanel: UV_360nm raw data uzunluk uyumsuzluğu (timestamps: 798, data: 202)
2026-01-21 19:32:44 - spektroskopi - WARNING - RealTimePanel: UV_360nm calibrated data uzunluk uyumsuzluğu (timestamps: 798, data: 202)
2026-01-21 19:32:44 - spektroskopi - WARNING - RealTimePanel: Blue_450nm raw data uzunluk uyumsuzluğu (timestamps: 798, data: 200)
2026-01-21 19:32:44 - spektroskopi - WARNING - RealTimePanel: Blue_450nm calibrated data uzunluk uyumsuzluğu (timestamps: 798, data: 200)
2026-01-21 19:32:44 - spektroskopi - WARNING - RealTimePanel: IR_850nm raw data uzunluk uyumsuzluğu (timestamps: 798, data: 198)
2026-01-21 19:32:44 - spektroskopi - WARNING - RealTimePanel: IR_850nm calibrated data uzunluk uyumsuzluğu (timestamps: 798, data: 198)
2026-01-21 19:32:44 - spektroskopi - WARNING - RealTimePanel: IR_940nm raw data uzunluk uyumsuzluğu (timestamps: 798, data: 198)
2026-01-21 19:32:44 - spektroskopi - WARNING - RealTimePanel: IR_940nm calibrated data uzunluk uyumsuzluğu (timestamps: 798, data: 198)
2026-01-21 19:32:45 - spektroskopi - WARNING - RealTimePanel: UV_360nm raw data uzunluk uyumsuzluğu (timestamps: 798, data: 202)
2026-01-21 19:32:45 - spektroskopi - WARNING - RealTimePanel: UV_360nm calibrated data uzunluk uyumsuzluğu (timestamps: 798, data: 202)
2026-01-21 19:32:45 - spektroskopi - WARNING - RealTimePanel: Blue_450nm raw data uzunluk uyumsuzluğu (timestamps: 798, data: 200)
2026-01-21 19:32:45 - spektroskopi - WARNING - RealTimePanel: Blue_450nm calibrated data uzunluk uyumsuzluğu (timestamps: 798, data: 200)
2026-01-21 19:32:45 - spektroskopi - WARNING - RealTimePanel: IR_850nm raw data uzunluk uyumsuzluğu (timestamps: 798, data: 198)
2026-01-21 19:32:45 - spektroskopi - WARNING - RealTimePanel: IR_850nm calibrated data uzunluk uyumsuzluğu (timestamps: 798, data: 198)
2026-01-21 19:32:45 - spektroskopi - WARNING - RealTimePanel: IR_940nm raw data uzunluk uyumsuzluğu (timestamps: 798, data: 198)
2026-01-21 19:32:45 - spektroskopi - WARNING - RealTimePanel: IR_940nm calibrated data uzunluk uyumsuzluğu (timestamps: 798, data: 198)
2026-01-21 19:32:46 - spektroskopi - WARNING - RealTimePanel: UV_360nm raw data uzunluk uyumsuzluğu (timestamps: 798, data: 202)
2026-01-21 19:32:46 - spektroskopi - WARNING - RealTimePanel: UV_360nm calibrated data uzunluk uyumsuzluğu (timestamps: 798, data: 202)
2026-01-21 19:32:46 - spektroskopi - WARNING - RealTimePanel: Blue_450nm raw data uzunluk uyumsuzluğu (timestamps: 798, data: 200)
2026-01-21 19:32:46 - spektroskopi - WARNING - RealTimePanel: Blue_450nm calibrated data uzunluk uyumsuzluğu (timestamps: 798, data: 200)
2026-01-21 19:32:46 - spektroskopi - WARNING - RealTimePanel: IR_850nm raw data uzunluk uyumsuzluğu (timestamps: 798, data: 198)
2026-01-21 19:32:46 - spektroskopi - WARNING - RealTimePanel: IR_850nm calibrated data uzunluk uyumsuzluğu (timestamps: 798, data: 198)
2026-01-21 19:32:46 - spektroskopi - WARNING - RealTimePanel: IR_940nm raw data uzunluk uyumsuzluğu (timestamps: 798, data: 198)
2026-01-21 19:32:46 - spektroskopi - WARNING - RealTimePanel: IR_940nm calibrated data uzunluk uyumsuzluğu (timestamps: 798, data: 198)
2026-01-21 19:32:47 - spektroskopi - WARNING - RealTimePanel: UV_360nm raw data uzunluk uyumsuzluğu (timestamps: 798, data: 202)
2026-01-21 19:32:47 - spektroskopi - WARNING - RealTimePanel: UV_360nm calibrated data uzunluk uyumsuzluğu (timestamps: 798, data: 202)
2026-01-21 19:32:47 - spektroskopi - WARNING - RealTimePanel: Blue_450nm raw data uzunluk uyumsuzluğu (timestamps: 798, data: 200)
2026-01-21 19:32:47 - spektroskopi - WARNING - RealTimePanel: Blue_450nm calibrated data uzunluk uyumsuzluğu (timestamps: 798, data: 200)
2026-01-21 19:32:47 - spektroskopi - WARNING - RealTimePanel: IR_850nm raw data uzunluk uyumsuzluğu (timestamps: 798, data: 198)
2026-01-21 19:32:47 - spektroskopi - WARNING - RealTimePanel: IR_850nm calibrated data uzunluk uyumsuzluğu (timestamps: 798, data: 198)
2026-01-21 19:32:47 - spektroskopi - WARNING - RealTimePanel: IR_940nm raw data uzunluk uyumsuzluğu (timestamps: 798, data: 198)
2026-01-21 19:32:47 - spektroskopi - WARNING - RealTimePanel: IR_940nm calibrated data uzunluk uyumsuzluğu (timestamps: 798, data: 198)
2026-01-21 19:32:48 - spektroskopi - WARNING - RealTimePanel: UV_360nm raw data uzunluk uyumsuzluğu (timestamps: 798, data: 202)
2026-01-21 19:32:48 - spektroskopi - WARNING - RealTimePanel: UV_360nm calibrated data uzunluk uyumsuzluğu (timestamps: 798, data: 202)
2026-01-21 19:32:48 - spektroskopi - WARNING - RealTimePanel: Blue_450nm raw data uzunluk uyumsuzluğu (timestamps: 798, data: 200)
2026-01-21 19:32:48 - spektroskopi - WARNING - RealTimePanel: Blue_450nm calibrated data uzunluk uyumsuzluğu (timestamps: 798, data: 200)
2026-01-21 19:32:48 - spektroskopi - WARNING - RealTimePanel: IR_850nm raw data uzunluk uyumsuzluğu (timestamps: 798, data: 198)
2026-01-21 19:32:48 - spektroskopi - WARNING - RealTimePanel: IR_850nm calibrated data uzunluk uyumsuzluğu (timestamps: 798, data: 198)
2026-01-21 19:32:48 - spektroskopi - WARNING - RealTimePanel: IR_940nm raw data uzunluk uyumsuzluğu (timestamps: 798, data: 198)
2026-01-21 19:32:48 - spektroskopi - WARNING - RealTimePanel: IR_940nm calibrated data uzunluk uyumsuzluğu (timestamps: 798, data: 198)
2026-01-21 19:32:49 - spektroskopi - WARNING - RealTimePanel: UV_360nm raw data uzunluk uyumsuzluğu (timestamps: 798, data: 202)
2026-01-21 19:32:49 - spektroskopi - WARNING - RealTimePanel: UV_360nm calibrated data uzunluk uyumsuzluğu (timestamps: 798, data: 202)
2026-01-21 19:32:49 - spektroskopi - WARNING - RealTimePanel: Blue_450nm raw data uzunluk uyumsuzluğu (timestamps: 798, data: 200)
2026-01-21 19:32:49 - spektroskopi - WARNING - RealTimePanel: Blue_450nm calibrated data uzunluk uyumsuzluğu (timestamps: 798, data: 200)
2026-01-21 19:32:49 - spektroskopi - WARNING - RealTimePanel: IR_850nm raw data uzunluk uyumsuzluğu (timestamps: 798, data: 198)
2026-01-21 19:32:49 - spektroskopi - WARNING - RealTimePanel: IR_850nm calibrated data uzunluk uyumsuzluğu (timestamps: 798, data: 198)
2026-01-21 19:32:49 - spektroskopi - WARNING - RealTimePanel: IR_940nm raw data uzunluk uyumsuzluğu (timestamps: 798, data: 198)
2026-01-21 19:32:49 - spektroskopi - WARNING - RealTimePanel: IR_940nm calibrated data uzunluk uyumsuzluğu (timestamps: 798, data: 198)
2026-01-21 19:32:50 - spektroskopi - WARNING - RealTimePanel: UV_360nm raw data uzunluk uyumsuzluğu (timestamps: 798, data: 202)
2026-01-21 19:32:50 - spektroskopi - WARNING - RealTimePanel: UV_360nm calibrated data uzunluk uyumsuzluğu (timestamps: 798, data: 202)
2026-01-21 19:32:50 - spektroskopi - WARNING - RealTimePanel: Blue_450nm raw data uzunluk uyumsuzluğu (timestamps: 798, data: 200)
2026-01-21 19:32:50 - spektroskopi - WARNING - RealTimePanel: Blue_450nm calibrated data uzunluk uyumsuzluğu (timestamps: 798, data: 200)
2026-01-21 19:32:50 - spektroskopi - WARNING - RealTimePanel: IR_850nm raw data uzunluk uyumsuzluğu (timestamps: 798, data: 198)
2026-01-21 19:32:50 - spektroskopi - WARNING - RealTimePanel: IR_850nm calibrated data uzunluk uyumsuzluğu (timestamps: 798, data: 198)
2026-01-21 19:32:50 - spektroskopi - WARNING - RealTimePanel: IR_940nm raw data uzunluk uyumsuzluğu (timestamps: 798, data: 198)
2026-01-21 19:32:50 - spektroskopi - WARNING - RealTimePanel: IR_940nm calibrated data uzunluk uyumsuzluğu (timestamps: 798, data: 198)
2026-01-21 19:32:51 - spektroskopi - WARNING - RealTimePanel: UV_360nm raw data uzunluk uyumsuzluğu (timestamps: 798, data: 202)
2026-01-21 19:32:51 - spektroskopi - WARNING - RealTimePanel: UV_360nm calibrated data uzunluk uyumsuzluğu (timestamps: 798, data: 202)
2026-01-21 19:32:51 - spektroskopi - WARNING - RealTimePanel: Blue_450nm raw data uzunluk uyumsuzluğu (timestamps: 798, data: 200)
2026-01-21 19:32:51 - spektroskopi - WARNING - RealTimePanel: Blue_450nm calibrated data uzunluk uyumsuzluğu (timestamps: 798, data: 200)
2026-01-21 19:32:51 - spektroskopi - WARNING - RealTimePanel: IR_850nm raw data uzunluk uyumsuzluğu (timestamps: 798, data: 198)
2026-01-21 19:32:51 - spektroskopi - WARNING - RealTimePanel: IR_850nm calibrated data uzunluk uyumsuzluğu (timestamps: 798, data: 198)
2026-01-21 19:32:51 - spektroskopi - WARNING - RealTimePanel: IR_940nm raw data uzunluk uyumsuzluğu (timestamps: 798, data: 198)
2026-01-21 19:32:51 - spektroskopi - WARNING - RealTimePanel: IR_940nm calibrated data uzunluk uyumsuzluğu (timestamps: 798, data: 198)
2026-01-21 19:32:52 - spektroskopi - WARNING - RealTimePanel: UV_360nm raw data uzunluk uyumsuzluğu (timestamps: 798, data: 202)
2026-01-21 19:32:52 - spektroskopi - WARNING - RealTimePanel: UV_360nm calibrated data uzunluk uyumsuzluğu (timestamps: 798, data: 202)
2026-01-21 19:32:52 - spektroskopi - WARNING - RealTimePanel: Blue_450nm raw data uzunluk uyumsuzluğu (timestamps: 798, data: 200)
2026-01-21 19:32:52 - spektroskopi - WARNING - RealTimePanel: Blue_450nm calibrated data uzunluk uyumsuzluğu (timestamps: 798, data: 200)
2026-01-21 19:32:52 - spektroskopi - WARNING - RealTimePanel: IR_850nm raw data uzunluk uyumsuzluğu (timestamps: 798, data: 198)
2026-01-21 19:32:52 - spektroskopi - WARNING - RealTimePanel: IR_850nm calibrated data uzunluk uyumsuzluğu (timestamps: 798, data: 198)
2026-01-21 19:32:52 - spektroskopi - WARNING - RealTimePanel: IR_940nm raw data uzunluk uyumsuzluğu (timestamps: 798, data: 198)
2026-01-21 19:32:52 - spektroskopi - WARNING - RealTimePanel: IR_940nm calibrated data uzunluk uyumsuzluğu (timestamps: 798, data: 198)
2026-01-21 19:32:53 - spektroskopi - WARNING - RealTimePanel: UV_360nm raw data uzunluk uyumsuzluğu (timestamps: 798, data: 202)
2026-01-21 19:32:53 - spektroskopi - WARNING - RealTimePanel: UV_360nm calibrated data uzunluk uyumsuzluğu (timestamps: 798, data: 202)
2026-01-21 19:32:53 - spektroskopi - WARNING - RealTimePanel: Blue_450nm raw data uzunluk uyumsuzluğu (timestamps: 798, data: 200)
2026-01-21 19:32:53 - spektroskopi - WARNING - RealTimePanel: Blue_450nm calibrated data uzunluk uyumsuzluğu (timestamps: 798, data: 200)
2026-01-21 19:32:53 - spektroskopi - WARNING - RealTimePanel: IR_850nm raw data uzunluk uyumsuzluğu (timestamps: 798, data: 198)
2026-01-21 19:32:53 - spektroskopi - WARNING - RealTimePanel: IR_850nm calibrated data uzunluk uyumsuzluğu (timestamps: 798, data: 198)
2026-01-21 19:32:53 - spektroskopi - WARNING - RealTimePanel: IR_940nm raw data uzunluk uyumsuzluğu (timestamps: 798, data: 198)
2026-01-21 19:32:53 - spektroskopi - WARNING - RealTimePanel: IR_940nm calibrated data uzunluk uyumsuzluğu (timestamps: 798, data: 198)
2026-01-21 19:32:54 - spektroskopi - WARNING - RealTimePanel: UV_360nm raw data uzunluk uyumsuzluğu (timestamps: 798, data: 202)
2026-01-21 19:32:54 - spektroskopi - WARNING - RealTimePanel: UV_360nm calibrated data uzunluk uyumsuzluğu (timestamps: 798, data: 202)
2026-01-21 19:32:54 - spektroskopi - WARNING - RealTimePanel: Blue_450nm raw data uzunluk uyumsuzluğu (timestamps: 798, data: 200)
2026-01-21 19:32:54 - spektroskopi - WARNING - RealTimePanel: Blue_450nm calibrated data uzunluk uyumsuzluğu (timestamps: 798, data: 200)
2026-01-21 19:32:54 - spektroskopi - WARNING - RealTimePanel: IR_850nm raw data uzunluk uyumsuzluğu (timestamps: 798, data: 198)
2026-01-21 19:32:54 - spektroskopi - WARNING - RealTimePanel: IR_850nm calibrated data uzunluk uyumsuzluğu (timestamps: 798, data: 198)
2026-01-21 19:32:54 - spektroskopi - WARNING - RealTimePanel: IR_940nm raw data uzunluk uyumsuzluğu (timestamps: 798, data: 198)
2026-01-21 19:32:54 - spektroskopi - WARNING - RealTimePanel: IR_940nm calibrated data uzunluk uyumsuzluğu (timestamps: 798, data: 198)
2026-01-21 19:32:55 - spektroskopi - WARNING - RealTimePanel: UV_360nm raw data uzunluk uyumsuzluğu (timestamps: 798, data: 202)
2026-01-21 19:32:55 - spektroskopi - WARNING - RealTimePanel: UV_360nm calibrated data uzunluk uyumsuzluğu (timestamps: 798, data: 202)
2026-01-21 19:32:55 - spektroskopi - WARNING - RealTimePanel: Blue_450nm raw data uzunluk uyumsuzluğu (timestamps: 798, data: 200)
2026-01-21 19:32:55 - spektroskopi - WARNING - RealTimePanel: Blue_450nm calibrated data uzunluk uyumsuzluğu (timestamps: 798, data: 200)
2026-01-21 19:32:55 - spektroskopi - WARNING - RealTimePanel: IR_850nm raw data uzunluk uyumsuzluğu (timestamps: 798, data: 198)
2026-01-21 19:32:55 - spektroskopi - WARNING - RealTimePanel: IR_850nm calibrated data uzunluk uyumsuzluğu (timestamps: 798, data: 198)
2026-01-21 19:32:55 - spektroskopi - WARNING - RealTimePanel: IR_940nm raw data uzunluk uyumsuzluğu (timestamps: 798, data: 198)
2026-01-21 19:32:55 - spektroskopi - WARNING - RealTimePanel: IR_940nm calibrated data uzunluk uyumsuzluğu (timestamps: 798, data: 198)
2026-01-21 19:32:56 - spektroskopi - WARNING - RealTimePanel: UV_360nm raw data uzunluk uyumsuzluğu (timestamps: 798, data: 202)
2026-01-21 19:32:56 - spektroskopi - WARNING - RealTimePanel: UV_360nm calibrated data uzunluk uyumsuzluğu (timestamps: 798, data: 202)
2026-01-21 19:32:56 - spektroskopi - WARNING - RealTimePanel: Blue_450nm raw data uzunluk uyumsuzluğu (timestamps: 798, data: 200)
2026-01-21 19:32:56 - spektroskopi - WARNING - RealTimePanel: Blue_450nm calibrated data uzunluk uyumsuzluğu (timestamps: 798, data: 200)
2026-01-21 19:32:56 - spektroskopi - WARNING - RealTimePanel: IR_850nm raw data uzunluk uyumsuzluğu (timestamps: 798, data: 198)
2026-01-21 19:32:56 - spektroskopi - WARNING - RealTimePanel: IR_850nm calibrated data uzunluk uyumsuzluğu (timestamps: 798, data: 198)
2026-01-21 19:32:56 - spektroskopi - WARNING - RealTimePanel: IR_940nm raw data uzunluk uyumsuzluğu (timestamps: 798, data: 198)
2026-01-21 19:32:56 - spektroskopi - WARNING - RealTimePanel: IR_940nm calibrated data uzunluk uyumsuzluğu (timestamps: 798, data: 198)
2026-01-21 19:32:57 - spektroskopi - WARNING - RealTimePanel: UV_360nm raw data uzunluk uyumsuzluğu (timestamps: 798, data: 202)
2026-01-21 19:32:57 - spektroskopi - WARNING - RealTimePanel: UV_360nm calibrated data uzunluk uyumsuzluğu (timestamps: 798, data: 202)
2026-01-21 19:32:57 - spektroskopi - WARNING - RealTimePanel: Blue_450nm raw data uzunluk uyumsuzluğu (timestamps: 798, data: 200)
2026-01-21 19:32:57 - spektroskopi - WARNING - RealTimePanel: Blue_450nm calibrated data uzunluk uyumsuzluğu (timestamps: 798, data: 200)
2026-01-21 19:32:57 - spektroskopi - WARNING - RealTimePanel: IR_850nm raw data uzunluk uyumsuzluğu (timestamps: 798, data: 198)
2026-01-21 19:32:57 - spektroskopi - WARNING - RealTimePanel: IR_850nm calibrated data uzunluk uyumsuzluğu (timestamps: 798, data: 198)
2026-01-21 19:32:57 - spektroskopi - WARNING - RealTimePanel: IR_940nm raw data uzunluk uyumsuzluğu (timestamps: 798, data: 198)
2026-01-21 19:32:57 - spektroskopi - WARNING - RealTimePanel: IR_940nm calibrated data uzunluk uyumsuzluğu (timestamps: 798, data: 198)
2026-01-21 19:32:58 - spektroskopi - WARNING - RealTimePanel: UV_360nm raw data uzunluk uyumsuzluğu (timestamps: 798, data: 202)
2026-01-21 19:32:58 - spektroskopi - WARNING - RealTimePanel: UV_360nm calibrated data uzunluk uyumsuzluğu (timestamps: 798, data: 202)
2026-01-21 19:32:58 - spektroskopi - WARNING - RealTimePanel: Blue_450nm raw data uzunluk uyumsuzluğu (timestamps: 798, data: 200)
2026-01-21 19:32:58 - spektroskopi - WARNING - RealTimePanel: Blue_450nm calibrated data uzunluk uyumsuzluğu (timestamps: 798, data: 200)
2026-01-21 19:32:58 - spektroskopi - WARNING - RealTimePanel: IR_850nm raw data uzunluk uyumsuzluğu (timestamps: 798, data: 198)
2026-01-21 19:32:58 - spektroskopi - WARNING - RealTimePanel: IR_850nm calibrated data uzunluk uyumsuzluğu (timestamps: 798, data: 198)
2026-01-21 19:32:58 - spektroskopi - WARNING - RealTimePanel: IR_940nm raw data uzunluk uyumsuzluğu (timestamps: 798, data: 198)
2026-01-21 19:32:58 - spektroskopi - WARNING - RealTimePanel: IR_940nm calibrated data uzunluk uyumsuzluğu (timestamps: 798, data: 198)
2026-01-21 19:32:59 - spektroskopi - WARNING - RealTimePanel: UV_360nm raw data uzunluk uyumsuzluğu (timestamps: 798, data: 202)
2026-01-21 19:32:59 - spektroskopi - WARNING - RealTimePanel: UV_360nm calibrated data uzunluk uyumsuzluğu (timestamps: 798, data: 202)
2026-01-21 19:32:59 - spektroskopi - WARNING - RealTimePanel: Blue_450nm raw data uzunluk uyumsuzluğu (timestamps: 798, data: 200)
2026-01-21 19:32:59 - spektroskopi - WARNING - RealTimePanel: Blue_450nm calibrated data uzunluk uyumsuzluğu (timestamps: 798, data: 200)
2026-01-21 19:32:59 - spektroskopi - WARNING - RealTimePanel: IR_850nm raw data uzunluk uyumsuzluğu (timestamps: 798, data: 198)
2026-01-21 19:32:59 - spektroskopi - WARNING - RealTimePanel: IR_850nm calibrated data uzunluk uyumsuzluğu (timestamps: 798, data: 198)
2026-01-21 19:32:59 - spektroskopi - WARNING - RealTimePanel: IR_940nm raw data uzunluk uyumsuzluğu (timestamps: 798, data: 198)
2026-01-21 19:32:59 - spektroskopi - WARNING - RealTimePanel: IR_940nm calibrated data uzunluk uyumsuzluğu (timestamps: 798, data: 198)
2026-01-21 19:33:00 - spektroskopi - WARNING - RealTimePanel: UV_360nm raw data uzunluk uyumsuzluğu (timestamps: 798, data: 202)
2026-01-21 19:33:00 - spektroskopi - WARNING - RealTimePanel: UV_360nm calibrated data uzunluk uyumsuzluğu (timestamps: 798, data: 202)
2026-01-21 19:33:00 - spektroskopi - WARNING - RealTimePanel: Blue_450nm raw data uzunluk uyumsuzluğu (timestamps: 798, data: 200)
2026-01-21 19:33:00 - spektroskopi - WARNING - RealTimePanel: Blue_450nm calibrated data uzunluk uyumsuzluğu (timestamps: 798, data: 200)
2026-01-21 19:33:00 - spektroskopi - WARNING - RealTimePanel: IR_850nm raw data uzunluk uyumsuzluğu (timestamps: 798, data: 198)
2026-01-21 19:33:00 - spektroskopi - WARNING - RealTimePanel: IR_850nm calibrated data uzunluk uyumsuzluğu (timestamps: 798, data: 198)
2026-01-21 19:33:00 - spektroskopi - WARNING - RealTimePanel: IR_940nm raw data uzunluk uyumsuzluğu (timestamps: 798, data: 198)
2026-01-21 19:33:00 - spektroskopi - WARNING - RealTimePanel: IR_940nm calibrated data uzunluk uyumsuzluğu (timestamps: 798, data: 198)
2026-01-21 19:33:01 - spektroskopi - WARNING - RealTimePanel: UV_360nm raw data uzunluk uyumsuzluğu (timestamps: 798, data: 202)
2026-01-21 19:33:01 - spektroskopi - WARNING - RealTimePanel: UV_360nm calibrated data uzunluk uyumsuzluğu (timestamps: 798, data: 202)
2026-01-21 19:33:01 - spektroskopi - WARNING - RealTimePanel: Blue_450nm raw data uzunluk uyumsuzluğu (timestamps: 798, data: 200)
2026-01-21 19:33:01 - spektroskopi - WARNING - RealTimePanel: Blue_450nm calibrated data uzunluk uyumsuzluğu (timestamps: 798, data: 200)
2026-01-21 19:33:01 - spektroskopi - WARNING - RealTimePanel: IR_850nm raw data uzunluk uyumsuzluğu (timestamps: 798, data: 198)
2026-01-21 19:33:01 - spektroskopi - WARNING - RealTimePanel: IR_850nm calibrated data uzunluk uyumsuzluğu (timestamps: 798, data: 198)
2026-01-21 19:33:01 - spektroskopi - WARNING - RealTimePanel: IR_940nm raw data uzunluk uyumsuzluğu (timestamps: 798, data: 198)
2026-01-21 19:33:01 - spektroskopi - WARNING - RealTimePanel: IR_940nm calibrated data uzunluk uyumsuzluğu (timestamps: 798, data: 198)
2026-01-21 19:33:02 - spektroskopi - WARNING - RealTimePanel: UV_360nm raw data uzunluk uyumsuzluğu (timestamps: 798, data: 202)
2026-01-21 19:33:02 - spektroskopi - WARNING - RealTimePanel: UV_360nm calibrated data uzunluk uyumsuzluğu (timestamps: 798, data: 202)
2026-01-21 19:33:02 - spektroskopi - WARNING - RealTimePanel: Blue_450nm raw data uzunluk uyumsuzluğu (timestamps: 798, data: 200)
2026-01-21 19:33:02 - spektroskopi - WARNING - RealTimePanel: Blue_450nm calibrated data uzunluk uyumsuzluğu (timestamps: 798, data: 200)
2026-01-21 19:33:02 - spektroskopi - WARNING - RealTimePanel: IR_850nm raw data uzunluk uyumsuzluğu (timestamps: 798, data: 198)
2026-01-21 19:33:02 - spektroskopi - WARNING - RealTimePanel: IR_850nm calibrated data uzunluk uyumsuzluğu (timestamps: 798, data: 198)
2026-01-21 19:33:02 - spektroskopi - WARNING - RealTimePanel: IR_940nm raw data uzunluk uyumsuzluğu (timestamps: 798, data: 198)
2026-01-21 19:33:02 - spektroskopi - WARNING - RealTimePanel: IR_940nm calibrated data uzunluk uyumsuzluğu (timestamps: 798, data: 198)
2026-01-21 19:33:03 - spektroskopi - WARNING - RealTimePanel: UV_360nm raw data uzunluk uyumsuzluğu (timestamps: 798, data: 202)
2026-01-21 19:33:03 - spektroskopi - WARNING - RealTimePanel: UV_360nm calibrated data uzunluk uyumsuzluğu (timestamps: 798, data: 202)
2026-01-21 19:33:03 - spektroskopi - WARNING - RealTimePanel: Blue_450nm raw data uzunluk uyumsuzluğu (timestamps: 798, data: 200)
2026-01-21 19:33:03 - spektroskopi - WARNING - RealTimePanel: Blue_450nm calibrated data uzunluk uyumsuzluğu (timestamps: 798, data: 200)
2026-01-21 19:33:03 - spektroskopi - WARNING - RealTimePanel: IR_850nm raw data uzunluk uyumsuzluğu (timestamps: 798, data: 198)
2026-01-21 19:33:03 - spektroskopi - WARNING - RealTimePanel: IR_850nm calibrated data uzunluk uyumsuzluğu (timestamps: 798, data: 198)
2026-01-21 19:33:03 - spektroskopi - WARNING - RealTimePanel: IR_940nm raw data uzunluk uyumsuzluğu (timestamps: 798, data: 198)
2026-01-21 19:33:03 - spektroskopi - WARNING - RealTimePanel: IR_940nm calibrated data uzunluk uyumsuzluğu (timestamps: 798, data: 198)
2026-01-21 19:33:04 - spektroskopi - WARNING - RealTimePanel: UV_360nm raw data uzunluk uyumsuzluğu (timestamps: 798, data: 202)
2026-01-21 19:33:04 - spektroskopi - WARNING - RealTimePanel: UV_360nm calibrated data uzunluk uyumsuzluğu (timestamps: 798, data: 202)
2026-01-21 19:33:04 - spektroskopi - WARNING - RealTimePanel: Blue_450nm raw data uzunluk uyumsuzluğu (timestamps: 798, data: 200)
2026-01-21 19:33:04 - spektroskopi - WARNING - RealTimePanel: Blue_450nm calibrated data uzunluk uyumsuzluğu (timestamps: 798, data: 200)
2026-01-21 19:33:04 - spektroskopi - WARNING - RealTimePanel: IR_850nm raw data uzunluk uyumsuzluğu (timestamps: 798, data: 198)
2026-01-21 19:33:04 - spektroskopi - WARNING - RealTimePanel: IR_850nm calibrated data uzunluk uyumsuzluğu (timestamps: 798, data: 198)
2026-01-21 19:33:04 - spektroskopi - WARNING - RealTimePanel: IR_940nm raw data uzunluk uyumsuzluğu (timestamps: 798, data: 198)
2026-01-21 19:33:04 - spektroskopi - WARNING - RealTimePanel: IR_940nm calibrated data uzunluk uyumsuzluğu (timestamps: 798, data: 198)
2026-01-21 19:33:05 - spektroskopi - WARNING - RealTimePanel: UV_360nm raw data uzunluk uyumsuzluğu (timestamps: 798, data: 202)
2026-01-21 19:33:05 - spektroskopi - WARNING - RealTimePanel: UV_360nm calibrated data uzunluk uyumsuzluğu (timestamps: 798, data: 202)
2026-01-21 19:33:05 - spektroskopi - WARNING - RealTimePanel: Blue_450nm raw data uzunluk uyumsuzluğu (timestamps: 798, data: 200)
2026-01-21 19:33:05 - spektroskopi - WARNING - RealTimePanel: Blue_450nm calibrated data uzunluk uyumsuzluğu (timestamps: 798, data: 200)
2026-01-21 19:33:05 - spektroskopi - WARNING - RealTimePanel: IR_850nm raw data uzunluk uyumsuzluğu (timestamps: 798, data: 198)
2026-01-21 19:33:05 - spektroskopi - WARNING - RealTimePanel: IR_850nm calibrated data uzunluk uyumsuzluğu (timestamps: 798, data: 198)
2026-01-21 19:33:05 - spektroskopi - WARNING - RealTimePanel: IR_940nm raw data uzunluk uyumsuzluğu (timestamps: 798, data: 198)
2026-01-21 19:33:05 - spektroskopi - WARNING - RealTimePanel: IR_940nm calibrated data uzunluk uyumsuzluğu (timestamps: 798, data: 198)
