2025-12-23 10:25:10 - spektroskopi - INFO - Spektroskopi uygulaması başlatılıyor...
2025-12-23 10:25:10 - spektroskopi - INFO - Export için 1 formül yüklendi
2025-12-23 10:25:10 - spektroskopi - INFO - Uygulama ayarları yüklendi
2025-12-23 10:25:10 - spektroskopi - INFO - 1 formül içe aktarıldı
2025-12-23 10:25:10 - spektroskopi - INFO - Uygulama başlangıcında formüller yüklendi: 1
2025-12-23 10:25:10 - spektroskopi - WARNING - Error loading record Record_20251022_185402.json: Expecting value: line 515 column 9 (char 10867)
2025-12-23 10:25:10 - spektroskopi - INFO - Tema uygulandı: light (sistem: dark)
2025-12-23 10:25:10 - spektroskopi - INFO - Sensör bilgileri güncellendi
2025-12-23 10:25:10 - spektroskopi - INFO - Otomatik bağlantı başlatılıyor...
2025-12-23 10:25:10 - spektroskopi - INFO - Ana GUI başlatıldı
2025-12-23 10:25:11 - spektroskopi - INFO - BLE tarama başlatılıyor (timeout: 10.0s)
2025-12-23 10:25:21 - spektroskopi - INFO - Tarama tamamlandı: 0 cihaz bulundu
2025-12-23 10:25:38 - spektroskopi - INFO - BLE tarama başlatılıyor (timeout: 10.0s)
2025-12-23 10:25:48 - spektroskopi - INFO - Hedef cihaz bulundu: sensor-2 (7CDE3AD7-9E89-0DF9-28E4-1D56CA03E138)
2025-12-23 10:25:48 - spektroskopi - INFO - Tarama tamamlandı: 1 cihaz bulundu
2025-12-23 10:25:48 - spektroskopi - INFO - sensor-2 cihazına bağlanılıyor...
2025-12-23 10:25:48 - spektroskopi - INFO - BLE bağlantısı kuruluyor: sensor-2 (7CDE3AD7-9E89-0DF9-28E4-1D56CA03E138)
2025-12-23 10:25:48 - spektroskopi - INFO - Bağlantı kuruldu: sensor-2
2025-12-23 10:25:48 - spektroskopi - INFO - LED kontrolleri aktifleştirildi
2025-12-23 10:25:48 - spektroskopi - INFO - Tarama tamamlandı: 1 cihaz bulundu
2025-12-23 10:25:50 - spektroskopi - INFO - CONNECTION SUCCESS: sensor-2 - CONNECTED
2025-12-23 10:25:50 - spektroskopi - INFO - BLE bağlantısı sonsuz mod aktif - timeout yok
2025-12-23 10:25:52 - spektroskopi - INFO - Tüm Raw Data sensörleri seçildi, grafik oluşturuluyor...
2025-12-23 10:25:52 - spektroskopi - INFO - PyQt subprocess başlatıldı (PIPE-safe): raw_data
2025-12-23 10:25:52 - spektroskopi - INFO - Raw Data PyQt grafiği oluşturuldu: ['UV_360nm', 'Blue_450nm', 'IR_850nm', 'IR_940nm']
2025-12-23 10:25:58 - spektroskopi - INFO - LED bireysel kontrol komutu gönderildi: 0b10
2025-12-23 10:25:58 - spektroskopi - INFO - LED durumları güncellendi: ['led_3']
2025-12-23 10:25:58 - spektroskopi - INFO - LED kontrol komutu gönderildi: LED durumları: L1=False, L3=True, L4=False, L6=False
2025-12-23 10:26:09 - spektroskopi - INFO - Veri buffer'ları temizlendi
2025-12-23 10:26:09 - spektroskopi - INFO - Sistem başlatıldı - veri işleme aktif
2025-12-23 10:26:09 - spektroskopi - INFO - Live mod aktifleştirildi
2025-12-23 10:26:09 - spektroskopi - INFO - Sistem başlatıldı - Custom data hesaplamaları otomatik başlatıldı
2025-12-23 10:26:09 - spektroskopi - INFO - START komutu gönderildi: l_d=4, a_d=3, r_d=250, LEDs=0b10
2025-12-23 10:26:09 - spektroskopi - INFO - SYSTEM EVENT: SYSTEM_STARTED - l_d=4, a_d=3, r_d=250
2025-12-23 10:26:22 - spektroskopi - INFO - Sistem durduruldu - veri işleme pasif
2025-12-23 10:26:22 - spektroskopi - INFO - Live mod deaktifleştirildi
2025-12-23 10:26:22 - spektroskopi - INFO - Sistem durduruldu - Custom data hesaplamaları durduruldu
2025-12-23 10:26:22 - spektroskopi - INFO - LED KAPATMA komutu queue'ya eklendi
2025-12-23 10:26:22 - spektroskopi - INFO - SYSTEM EVENT: SYSTEM_STOPPED
2025-12-23 10:26:24 - spektroskopi - INFO - LED bireysel kontrol komutu gönderildi: 0b1010
2025-12-23 10:26:24 - spektroskopi - INFO - LED durumları güncellendi: ['led_3', 'led_6']
2025-12-23 10:26:25 - spektroskopi - INFO - LED bireysel kontrol komutu gönderildi: 0b1011
2025-12-23 10:26:25 - spektroskopi - INFO - LED durumları güncellendi: ['led_1', 'led_3', 'led_6']
2025-12-23 10:26:26 - spektroskopi - INFO - LED bireysel kontrol komutu gönderildi: 0b1010
2025-12-23 10:26:26 - spektroskopi - INFO - LED durumları güncellendi: ['led_3', 'led_6']
2025-12-23 10:26:27 - spektroskopi - INFO - LED AÇMA komutu queue'ya eklendi
2025-12-23 10:26:27 - spektroskopi - INFO - Tüm LED'ler açıldı
2025-12-23 10:26:29 - spektroskopi - INFO - Veri buffer'ları temizlendi
2025-12-23 10:26:29 - spektroskopi - INFO - Sistem başlatıldı - veri işleme aktif
2025-12-23 10:26:29 - spektroskopi - INFO - Live mod aktifleştirildi
2025-12-23 10:26:29 - spektroskopi - INFO - Sistem başlatıldı - Custom data hesaplamaları otomatik başlatıldı
2025-12-23 10:26:29 - spektroskopi - INFO - START komutu gönderildi: l_d=4, a_d=3, r_d=250, LEDs=0b1111
2025-12-23 10:26:29 - spektroskopi - INFO - SYSTEM EVENT: SYSTEM_STARTED - l_d=4, a_d=3, r_d=250
2025-12-23 10:26:39 - spektroskopi - ERROR - LED komut gönderme hatası: disconnected
2025-12-23 10:26:39 - spektroskopi - WARNING - BLE cihazı bağlantısı kesildi
2025-12-23 10:26:39 - spektroskopi - INFO - CONNECTION SUCCESS: sensor-2 - DISCONNECTED
2025-12-23 10:26:39 - spektroskopi - INFO - BLE bağlantısı kesildi
2025-12-23 10:26:39 - spektroskopi - INFO - Bağlantı koptu - LED kontrolleri devre dışı bırakıldı
2025-12-23 10:26:39 - spektroskopi - INFO - BLE bağlantı kopma callback çağrıldı: sensor-2
2025-12-23 10:27:17 - spektroskopi - INFO - BLE tarama başlatılıyor (timeout: 10.0s)
2025-12-23 10:27:26 - spektroskopi - INFO - Sistem durduruldu - veri işleme pasif
2025-12-23 10:27:26 - spektroskopi - INFO - Live mod deaktifleştirildi
2025-12-23 10:27:26 - spektroskopi - INFO - Sistem durduruldu - Custom data hesaplamaları durduruldu
2025-12-23 10:27:26 - spektroskopi - WARNING - BLE bağlantısı yok, LED komutu gönderilemedi
2025-12-23 10:27:26 - spektroskopi - INFO - SYSTEM EVENT: SYSTEM_STOPPED
2025-12-23 10:27:27 - spektroskopi - INFO - Hedef cihaz bulundu: sensor-2 (7CDE3AD7-9E89-0DF9-28E4-1D56CA03E138)
2025-12-23 10:27:27 - spektroskopi - INFO - Tarama tamamlandı: 1 cihaz bulundu
2025-12-23 10:27:27 - spektroskopi - INFO - sensor-2 cihazına bağlanılıyor...
2025-12-23 10:27:27 - spektroskopi - INFO - BLE bağlantısı kuruluyor: sensor-2 (7CDE3AD7-9E89-0DF9-28E4-1D56CA03E138)
2025-12-23 10:27:27 - spektroskopi - INFO - Bağlantı kuruldu: sensor-2
2025-12-23 10:27:27 - spektroskopi - INFO - LED kontrolleri aktifleştirildi
2025-12-23 10:27:27 - spektroskopi - INFO - Tarama tamamlandı: 1 cihaz bulundu
2025-12-23 10:27:29 - spektroskopi - INFO - CONNECTION SUCCESS: sensor-2 - CONNECTED
2025-12-23 10:27:29 - spektroskopi - INFO - BLE bağlantısı sonsuz mod aktif - timeout yok
2025-12-23 10:27:29 - spektroskopi - INFO - LED bireysel kontrol komutu gönderildi: 0b1
2025-12-23 10:27:29 - spektroskopi - INFO - LED durumları güncellendi: ['led_1']
2025-12-23 10:27:29 - spektroskopi - INFO - LED kontrol komutu gönderildi: LED durumları: L1=True, L3=False, L4=False, L6=False
2025-12-23 10:27:30 - spektroskopi - INFO - Veri buffer'ları temizlendi
2025-12-23 10:27:30 - spektroskopi - INFO - Sistem başlatıldı - veri işleme aktif
2025-12-23 10:27:30 - spektroskopi - INFO - Live mod aktifleştirildi
2025-12-23 10:27:30 - spektroskopi - INFO - Sistem başlatıldı - Custom data hesaplamaları otomatik başlatıldı
2025-12-23 10:27:30 - spektroskopi - INFO - START komutu gönderildi: l_d=4, a_d=3, r_d=250, LEDs=0b1
2025-12-23 10:27:30 - spektroskopi - INFO - SYSTEM EVENT: SYSTEM_STARTED - l_d=4, a_d=3, r_d=250
2025-12-23 10:27:30 - spektroskopi - INFO - LED kontrol komutu gönderildi: LED durumları: L1=False, L3=False, L4=True, L6=False
2025-12-23 10:27:30 - spektroskopi - INFO - Raspberry Pi'dan veri alındı: 6e400002-b5a3-f393-e0a9-e50e24dcca9e (Handle: 19): Nordic UART RX, uzunluk: 2
2025-12-23 10:27:30 - spektroskopi - INFO - Raspberry Pi verisi: Ham=263, Voltaj=263.000V
2025-12-23 10:27:30 - spektroskopi - INFO - Raspberry Pi verisi işlendi: SENSOR_2 = 263.000V
2025-12-23 10:27:30 - spektroskopi - INFO - Raspberry Pi'dan veri alındı: 6e400005-b5a3-f393-e0a9-e50e24dcca9e (Handle: 16): Unknown, uzunluk: 2
2025-12-23 10:27:30 - spektroskopi - INFO - Raspberry Pi verisi: Ham=243, Voltaj=243.000V
2025-12-23 10:27:30 - spektroskopi - INFO - Raspberry Pi verisi işlendi: SENSOR_EXTRA = 243.000V
2025-12-23 10:27:30 - spektroskopi - INFO - Raspberry Pi'dan veri alındı: 6e400003-b5a3-f393-e0a9-e50e24dcca9e (Handle: 8): Nordic UART TX, uzunluk: 2
2025-12-23 10:27:30 - spektroskopi - INFO - Raspberry Pi verisi: Ham=3205, Voltaj=3205.000V
2025-12-23 10:27:30 - spektroskopi - INFO - Raspberry Pi verisi işlendi: SENSOR_5 = 3205.000V
2025-12-23 10:27:31 - spektroskopi - WARNING - Zaman sıralama düzeltildi (averaged): 2025-12-23 10:27:30.940216
2025-12-23 10:27:31 - spektroskopi - WARNING - Zaman sıralama düzeltildi (averaged): 2025-12-23 10:27:30.941216
2025-12-23 10:27:31 - spektroskopi - WARNING - Zaman sıralama düzeltildi (averaged): 2025-12-23 10:27:30.942216
2025-12-23 10:27:31 - spektroskopi - WARNING - RealTimePanel: UV_360nm raw data uzunluk uyumsuzluğu (timestamps: 6, data: 2)
2025-12-23 10:27:31 - spektroskopi - WARNING - RealTimePanel: UV_360nm calibrated data uzunluk uyumsuzluğu (timestamps: 6, data: 2)
2025-12-23 10:27:31 - spektroskopi - WARNING - RealTimePanel: Blue_450nm raw data uzunluk uyumsuzluğu (timestamps: 6, data: 2)
2025-12-23 10:27:31 - spektroskopi - WARNING - RealTimePanel: Blue_450nm calibrated data uzunluk uyumsuzluğu (timestamps: 6, data: 2)
2025-12-23 10:27:31 - spektroskopi - WARNING - RealTimePanel: IR_940nm raw data uzunluk uyumsuzluğu (timestamps: 6, data: 2)
2025-12-23 10:27:31 - spektroskopi - WARNING - RealTimePanel: IR_940nm calibrated data uzunluk uyumsuzluğu (timestamps: 6, data: 2)
2025-12-23 10:27:31 - spektroskopi - INFO - PyQt veri başarıyla güncellendi: raw_data
2025-12-23 10:27:31 - spektroskopi - INFO - Raspberry Pi'dan veri alındı: 6e400004-b5a3-f393-e0a9-e50e24dcca9e (Handle: 11): Unknown, uzunluk: 2
2025-12-23 10:27:31 - spektroskopi - INFO - Raspberry Pi verisi: Ham=3183, Voltaj=3183.000V
2025-12-23 10:27:31 - spektroskopi - INFO - Raspberry Pi verisi işlendi: SENSOR_7 = 3183.000V
2025-12-23 10:27:31 - spektroskopi - INFO - Raspberry Pi'dan veri alındı: 6e400002-b5a3-f393-e0a9-e50e24dcca9e (Handle: 19): Nordic UART RX, uzunluk: 2
2025-12-23 10:27:31 - spektroskopi - INFO - Raspberry Pi verisi: Ham=257, Voltaj=257.000V
2025-12-23 10:27:31 - spektroskopi - INFO - Raspberry Pi verisi işlendi: SENSOR_2 = 257.000V
2025-12-23 10:27:31 - spektroskopi - INFO - Raspberry Pi'dan veri alındı: 6e400005-b5a3-f393-e0a9-e50e24dcca9e (Handle: 16): Unknown, uzunluk: 2
2025-12-23 10:27:31 - spektroskopi - INFO - Raspberry Pi verisi: Ham=241, Voltaj=241.000V
2025-12-23 10:27:31 - spektroskopi - INFO - Raspberry Pi verisi işlendi: SENSOR_EXTRA = 241.000V
2025-12-23 10:27:31 - spektroskopi - INFO - Raspberry Pi'dan veri alındı: 6e400003-b5a3-f393-e0a9-e50e24dcca9e (Handle: 8): Nordic UART TX, uzunluk: 2
2025-12-23 10:27:31 - spektroskopi - INFO - Raspberry Pi verisi: Ham=3226, Voltaj=3226.000V
2025-12-23 10:27:31 - spektroskopi - INFO - Raspberry Pi verisi işlendi: SENSOR_5 = 3226.000V
2025-12-23 10:27:32 - spektroskopi - INFO - Raspberry Pi'dan veri alındı: 6e400004-b5a3-f393-e0a9-e50e24dcca9e (Handle: 11): Unknown, uzunluk: 2
2025-12-23 10:27:32 - spektroskopi - INFO - Raspberry Pi verisi: Ham=3171, Voltaj=3171.000V
2025-12-23 10:27:32 - spektroskopi - INFO - Raspberry Pi verisi işlendi: SENSOR_7 = 3171.000V
2025-12-23 10:27:32 - spektroskopi - WARNING - Zaman sıralama düzeltildi (averaged): 2025-12-23 10:27:32.083353
2025-12-23 10:27:32 - spektroskopi - WARNING - Zaman sıralama düzeltildi (averaged): 2025-12-23 10:27:32.084353
2025-12-23 10:27:32 - spektroskopi - WARNING - Zaman sıralama düzeltildi (averaged): 2025-12-23 10:27:32.085353
2025-12-23 10:27:32 - spektroskopi - WARNING - Zaman sıralama düzeltildi (averaged): 2025-12-23 10:27:32.086353
2025-12-23 10:27:32 - spektroskopi - WARNING - Zaman sıralama düzeltildi (averaged): 2025-12-23 10:27:32.087353
2025-12-23 10:27:32 - spektroskopi - WARNING - RealTimePanel: UV_360nm raw data uzunluk uyumsuzluğu (timestamps: 16, data: 4)
2025-12-23 10:27:32 - spektroskopi - WARNING - RealTimePanel: UV_360nm calibrated data uzunluk uyumsuzluğu (timestamps: 16, data: 4)
2025-12-23 10:27:32 - spektroskopi - WARNING - RealTimePanel: Blue_450nm raw data uzunluk uyumsuzluğu (timestamps: 16, data: 4)
2025-12-23 10:27:32 - spektroskopi - WARNING - RealTimePanel: Blue_450nm calibrated data uzunluk uyumsuzluğu (timestamps: 16, data: 4)
2025-12-23 10:27:32 - spektroskopi - WARNING - RealTimePanel: IR_850nm raw data uzunluk uyumsuzluğu (timestamps: 16, data: 4)
2025-12-23 10:27:32 - spektroskopi - WARNING - RealTimePanel: IR_850nm calibrated data uzunluk uyumsuzluğu (timestamps: 16, data: 4)
2025-12-23 10:27:32 - spektroskopi - WARNING - RealTimePanel: IR_940nm raw data uzunluk uyumsuzluğu (timestamps: 16, data: 4)
2025-12-23 10:27:32 - spektroskopi - WARNING - RealTimePanel: IR_940nm calibrated data uzunluk uyumsuzluğu (timestamps: 16, data: 4)
2025-12-23 10:27:32 - spektroskopi - INFO - PyQt veri başarıyla güncellendi: raw_data
2025-12-23 10:27:32 - spektroskopi - INFO - Raspberry Pi'dan veri alındı: 6e400002-b5a3-f393-e0a9-e50e24dcca9e (Handle: 19): Nordic UART RX, uzunluk: 2
2025-12-23 10:27:32 - spektroskopi - INFO - Raspberry Pi verisi: Ham=258, Voltaj=258.000V
2025-12-23 10:27:32 - spektroskopi - INFO - Raspberry Pi verisi işlendi: SENSOR_2 = 258.000V
2025-12-23 10:27:32 - spektroskopi - INFO - Raspberry Pi'dan veri alındı: 6e400005-b5a3-f393-e0a9-e50e24dcca9e (Handle: 16): Unknown, uzunluk: 2
2025-12-23 10:27:32 - spektroskopi - INFO - Raspberry Pi verisi: Ham=241, Voltaj=241.000V
2025-12-23 10:27:32 - spektroskopi - INFO - Raspberry Pi verisi işlendi: SENSOR_EXTRA = 241.000V
2025-12-23 10:27:32 - spektroskopi - INFO - Raspberry Pi'dan veri alındı: 6e400003-b5a3-f393-e0a9-e50e24dcca9e (Handle: 8): Nordic UART TX, uzunluk: 2
2025-12-23 10:27:32 - spektroskopi - INFO - Raspberry Pi verisi: Ham=3211, Voltaj=3211.000V
2025-12-23 10:27:32 - spektroskopi - INFO - Raspberry Pi verisi işlendi: SENSOR_5 = 3211.000V
2025-12-23 10:27:32 - spektroskopi - INFO - Raspberry Pi'dan veri alındı: 6e400004-b5a3-f393-e0a9-e50e24dcca9e (Handle: 11): Unknown, uzunluk: 2
2025-12-23 10:27:32 - spektroskopi - INFO - Raspberry Pi verisi: Ham=3173, Voltaj=3173.000V
2025-12-23 10:27:32 - spektroskopi - INFO - Raspberry Pi verisi işlendi: SENSOR_7 = 3173.000V
2025-12-23 10:27:33 - spektroskopi - INFO - Raspberry Pi'dan veri alındı: 6e400002-b5a3-f393-e0a9-e50e24dcca9e (Handle: 19): Nordic UART RX, uzunluk: 2
2025-12-23 10:27:33 - spektroskopi - INFO - Raspberry Pi verisi: Ham=257, Voltaj=257.000V
2025-12-23 10:27:33 - spektroskopi - INFO - Raspberry Pi verisi işlendi: SENSOR_2 = 257.000V
2025-12-23 10:27:33 - spektroskopi - WARNING - Zaman sıralama düzeltildi (averaged): 2025-12-23 10:27:33.070700
2025-12-23 10:27:33 - spektroskopi - WARNING - Zaman sıralama düzeltildi (averaged): 2025-12-23 10:27:33.071700
2025-12-23 10:27:33 - spektroskopi - WARNING - Zaman sıralama düzeltildi (averaged): 2025-12-23 10:27:33.072700
2025-12-23 10:27:33 - spektroskopi - WARNING - Zaman sıralama düzeltildi (averaged): 2025-12-23 10:27:33.073700
2025-12-23 10:27:33 - spektroskopi - WARNING - Zaman sıralama düzeltildi (averaged): 2025-12-23 10:27:33.074700
2025-12-23 10:27:33 - spektroskopi - WARNING - RealTimePanel: UV_360nm raw data uzunluk uyumsuzluğu (timestamps: 26, data: 8)
2025-12-23 10:27:33 - spektroskopi - WARNING - RealTimePanel: UV_360nm calibrated data uzunluk uyumsuzluğu (timestamps: 26, data: 8)
2025-12-23 10:27:33 - spektroskopi - WARNING - RealTimePanel: Blue_450nm raw data uzunluk uyumsuzluğu (timestamps: 26, data: 6)
2025-12-23 10:27:33 - spektroskopi - WARNING - RealTimePanel: Blue_450nm calibrated data uzunluk uyumsuzluğu (timestamps: 26, data: 6)
2025-12-23 10:27:33 - spektroskopi - WARNING - RealTimePanel: IR_850nm raw data uzunluk uyumsuzluğu (timestamps: 26, data: 6)
2025-12-23 10:27:33 - spektroskopi - WARNING - RealTimePanel: IR_850nm calibrated data uzunluk uyumsuzluğu (timestamps: 26, data: 6)
2025-12-23 10:27:33 - spektroskopi - WARNING - RealTimePanel: IR_940nm raw data uzunluk uyumsuzluğu (timestamps: 26, data: 6)
2025-12-23 10:27:33 - spektroskopi - WARNING - RealTimePanel: IR_940nm calibrated data uzunluk uyumsuzluğu (timestamps: 26, data: 6)
2025-12-23 10:27:33 - spektroskopi - INFO - PyQt veri başarıyla güncellendi: raw_data
2025-12-23 10:27:33 - spektroskopi - INFO - Raspberry Pi'dan veri alındı: 6e400005-b5a3-f393-e0a9-e50e24dcca9e (Handle: 16): Unknown, uzunluk: 2
2025-12-23 10:27:33 - spektroskopi - INFO - Raspberry Pi verisi: Ham=239, Voltaj=239.000V
2025-12-23 10:27:33 - spektroskopi - INFO - Raspberry Pi verisi işlendi: SENSOR_EXTRA = 239.000V
2025-12-23 10:27:33 - spektroskopi - INFO - Raspberry Pi'dan veri alındı: 6e400003-b5a3-f393-e0a9-e50e24dcca9e (Handle: 8): Nordic UART TX, uzunluk: 2
2025-12-23 10:27:33 - spektroskopi - INFO - Raspberry Pi verisi: Ham=3193, Voltaj=3193.000V
2025-12-23 10:27:33 - spektroskopi - INFO - Raspberry Pi verisi işlendi: SENSOR_5 = 3193.000V
2025-12-23 10:27:33 - spektroskopi - INFO - Raspberry Pi'dan veri alındı: 6e400004-b5a3-f393-e0a9-e50e24dcca9e (Handle: 11): Unknown, uzunluk: 2
2025-12-23 10:27:33 - spektroskopi - INFO - Raspberry Pi verisi: Ham=3175, Voltaj=3175.000V
2025-12-23 10:27:33 - spektroskopi - INFO - Raspberry Pi verisi işlendi: SENSOR_7 = 3175.000V
2025-12-23 10:27:33 - spektroskopi - INFO - Raspberry Pi'dan veri alındı: 6e400002-b5a3-f393-e0a9-e50e24dcca9e (Handle: 19): Nordic UART RX, uzunluk: 2
2025-12-23 10:27:33 - spektroskopi - INFO - Raspberry Pi verisi: Ham=267, Voltaj=267.000V
2025-12-23 10:27:33 - spektroskopi - INFO - Raspberry Pi verisi işlendi: SENSOR_2 = 267.000V
2025-12-23 10:27:34 - spektroskopi - WARNING - Zaman sıralama düzeltildi (averaged): 2025-12-23 10:27:33.942200
2025-12-23 10:27:34 - spektroskopi - WARNING - Zaman sıralama düzeltildi (averaged): 2025-12-23 10:27:33.943200
2025-12-23 10:27:34 - spektroskopi - WARNING - Zaman sıralama düzeltildi (averaged): 2025-12-23 10:27:33.944200
2025-12-23 10:27:34 - spektroskopi - WARNING - Zaman sıralama düzeltildi (averaged): 2025-12-23 10:27:33.945200
2025-12-23 10:27:34 - spektroskopi - WARNING - RealTimePanel: UV_360nm raw data uzunluk uyumsuzluğu (timestamps: 34, data: 10)
2025-12-23 10:27:34 - spektroskopi - WARNING - RealTimePanel: UV_360nm calibrated data uzunluk uyumsuzluğu (timestamps: 34, data: 10)
2025-12-23 10:27:34 - spektroskopi - WARNING - RealTimePanel: Blue_450nm raw data uzunluk uyumsuzluğu (timestamps: 34, data: 8)
2025-12-23 10:27:34 - spektroskopi - WARNING - RealTimePanel: Blue_450nm calibrated data uzunluk uyumsuzluğu (timestamps: 34, data: 8)
2025-12-23 10:27:34 - spektroskopi - WARNING - RealTimePanel: IR_850nm raw data uzunluk uyumsuzluğu (timestamps: 34, data: 8)
2025-12-23 10:27:34 - spektroskopi - WARNING - RealTimePanel: IR_850nm calibrated data uzunluk uyumsuzluğu (timestamps: 34, data: 8)
2025-12-23 10:27:34 - spektroskopi - WARNING - RealTimePanel: IR_940nm raw data uzunluk uyumsuzluğu (timestamps: 34, data: 8)
2025-12-23 10:27:34 - spektroskopi - WARNING - RealTimePanel: IR_940nm calibrated data uzunluk uyumsuzluğu (timestamps: 34, data: 8)
2025-12-23 10:27:34 - spektroskopi - INFO - PyQt veri başarıyla güncellendi: raw_data
2025-12-23 10:27:34 - spektroskopi - INFO - Raspberry Pi'dan veri alındı: 6e400005-b5a3-f393-e0a9-e50e24dcca9e (Handle: 16): Unknown, uzunluk: 2
2025-12-23 10:27:34 - spektroskopi - INFO - Raspberry Pi verisi: Ham=242, Voltaj=242.000V
2025-12-23 10:27:34 - spektroskopi - INFO - Raspberry Pi verisi işlendi: SENSOR_EXTRA = 242.000V
2025-12-23 10:27:34 - spektroskopi - INFO - Raspberry Pi'dan veri alındı: 6e400003-b5a3-f393-e0a9-e50e24dcca9e (Handle: 8): Nordic UART TX, uzunluk: 2
2025-12-23 10:27:34 - spektroskopi - INFO - Raspberry Pi verisi: Ham=3207, Voltaj=3207.000V
2025-12-23 10:27:34 - spektroskopi - INFO - Raspberry Pi verisi işlendi: SENSOR_5 = 3207.000V
2025-12-23 10:27:34 - spektroskopi - INFO - Raspberry Pi'dan veri alındı: 6e400004-b5a3-f393-e0a9-e50e24dcca9e (Handle: 11): Unknown, uzunluk: 2
2025-12-23 10:27:34 - spektroskopi - INFO - Raspberry Pi verisi: Ham=3205, Voltaj=3205.000V
2025-12-23 10:27:34 - spektroskopi - INFO - Raspberry Pi verisi işlendi: SENSOR_7 = 3205.000V
2025-12-23 10:27:34 - spektroskopi - INFO - Raspberry Pi'dan veri alındı: 6e400002-b5a3-f393-e0a9-e50e24dcca9e (Handle: 19): Nordic UART RX, uzunluk: 2
2025-12-23 10:27:34 - spektroskopi - INFO - Raspberry Pi verisi: Ham=266, Voltaj=266.000V
2025-12-23 10:27:34 - spektroskopi - INFO - Raspberry Pi verisi işlendi: SENSOR_2 = 266.000V
2025-12-23 10:27:35 - spektroskopi - INFO - Raspberry Pi'dan veri alındı: 6e400005-b5a3-f393-e0a9-e50e24dcca9e (Handle: 16): Unknown, uzunluk: 2
2025-12-23 10:27:35 - spektroskopi - INFO - Raspberry Pi verisi: Ham=241, Voltaj=241.000V
2025-12-23 10:27:35 - spektroskopi - INFO - Raspberry Pi verisi işlendi: SENSOR_EXTRA = 241.000V
2025-12-23 10:27:35 - spektroskopi - WARNING - Zaman sıralama düzeltildi (averaged): 2025-12-23 10:27:35.080516
2025-12-23 10:27:35 - spektroskopi - WARNING - Zaman sıralama düzeltildi (averaged): 2025-12-23 10:27:35.081516
2025-12-23 10:27:35 - spektroskopi - WARNING - Zaman sıralama düzeltildi (averaged): 2025-12-23 10:27:35.082516
2025-12-23 10:27:35 - spektroskopi - WARNING - Zaman sıralama düzeltildi (averaged): 2025-12-23 10:27:35.083516
2025-12-23 10:27:35 - spektroskopi - WARNING - Zaman sıralama düzeltildi (averaged): 2025-12-23 10:27:35.084516
2025-12-23 10:27:35 - spektroskopi - WARNING - RealTimePanel: UV_360nm raw data uzunluk uyumsuzluğu (timestamps: 44, data: 12)
2025-12-23 10:27:35 - spektroskopi - WARNING - RealTimePanel: UV_360nm calibrated data uzunluk uyumsuzluğu (timestamps: 44, data: 12)
2025-12-23 10:27:35 - spektroskopi - WARNING - RealTimePanel: Blue_450nm raw data uzunluk uyumsuzluğu (timestamps: 44, data: 12)
2025-12-23 10:27:35 - spektroskopi - WARNING - RealTimePanel: Blue_450nm calibrated data uzunluk uyumsuzluğu (timestamps: 44, data: 12)
2025-12-23 10:27:35 - spektroskopi - WARNING - RealTimePanel: IR_850nm raw data uzunluk uyumsuzluğu (timestamps: 44, data: 10)
2025-12-23 10:27:35 - spektroskopi - WARNING - RealTimePanel: IR_850nm calibrated data uzunluk uyumsuzluğu (timestamps: 44, data: 10)
2025-12-23 10:27:35 - spektroskopi - WARNING - RealTimePanel: IR_940nm raw data uzunluk uyumsuzluğu (timestamps: 44, data: 10)
2025-12-23 10:27:35 - spektroskopi - WARNING - RealTimePanel: IR_940nm calibrated data uzunluk uyumsuzluğu (timestamps: 44, data: 10)
2025-12-23 10:27:35 - spektroskopi - INFO - PyQt veri başarıyla güncellendi: raw_data
2025-12-23 10:27:35 - spektroskopi - INFO - Raspberry Pi'dan veri alındı: 6e400003-b5a3-f393-e0a9-e50e24dcca9e (Handle: 8): Nordic UART TX, uzunluk: 2
2025-12-23 10:27:35 - spektroskopi - INFO - Raspberry Pi verisi: Ham=3200, Voltaj=3200.000V
2025-12-23 10:27:35 - spektroskopi - INFO - Raspberry Pi verisi işlendi: SENSOR_5 = 3200.000V
2025-12-23 10:27:35 - spektroskopi - INFO - Raspberry Pi'dan veri alındı: 6e400004-b5a3-f393-e0a9-e50e24dcca9e (Handle: 11): Unknown, uzunluk: 2
2025-12-23 10:27:35 - spektroskopi - INFO - Raspberry Pi verisi: Ham=3159, Voltaj=3159.000V
2025-12-23 10:27:35 - spektroskopi - INFO - Raspberry Pi verisi işlendi: SENSOR_7 = 3159.000V
2025-12-23 10:27:35 - spektroskopi - INFO - Raspberry Pi'dan veri alındı: 6e400002-b5a3-f393-e0a9-e50e24dcca9e (Handle: 19): Nordic UART RX, uzunluk: 2
2025-12-23 10:27:35 - spektroskopi - INFO - Raspberry Pi verisi: Ham=252, Voltaj=252.000V
2025-12-23 10:27:35 - spektroskopi - INFO - Raspberry Pi verisi işlendi: SENSOR_2 = 252.000V
2025-12-23 10:27:35 - spektroskopi - INFO - Raspberry Pi'dan veri alındı: 6e400005-b5a3-f393-e0a9-e50e24dcca9e (Handle: 16): Unknown, uzunluk: 2
2025-12-23 10:27:35 - spektroskopi - INFO - Raspberry Pi verisi: Ham=221, Voltaj=221.000V
2025-12-23 10:27:35 - spektroskopi - INFO - Raspberry Pi verisi işlendi: SENSOR_EXTRA = 221.000V
2025-12-23 10:27:36 - spektroskopi - WARNING - Zaman sıralama düzeltildi (averaged): 2025-12-23 10:27:35.950637
2025-12-23 10:27:36 - spektroskopi - WARNING - Zaman sıralama düzeltildi (averaged): 2025-12-23 10:27:35.951637
2025-12-23 10:27:36 - spektroskopi - WARNING - Zaman sıralama düzeltildi (averaged): 2025-12-23 10:27:35.952637
2025-12-23 10:27:36 - spektroskopi - WARNING - Zaman sıralama düzeltildi (averaged): 2025-12-23 10:27:35.953637
2025-12-23 10:27:36 - spektroskopi - WARNING - RealTimePanel: UV_360nm raw data uzunluk uyumsuzluğu (timestamps: 52, data: 14)
2025-12-23 10:27:36 - spektroskopi - WARNING - RealTimePanel: UV_360nm calibrated data uzunluk uyumsuzluğu (timestamps: 52, data: 14)
2025-12-23 10:27:36 - spektroskopi - WARNING - RealTimePanel: Blue_450nm raw data uzunluk uyumsuzluğu (timestamps: 52, data: 14)
2025-12-23 10:27:36 - spektroskopi - WARNING - RealTimePanel: Blue_450nm calibrated data uzunluk uyumsuzluğu (timestamps: 52, data: 14)
2025-12-23 10:27:36 - spektroskopi - WARNING - RealTimePanel: IR_850nm raw data uzunluk uyumsuzluğu (timestamps: 52, data: 12)
2025-12-23 10:27:36 - spektroskopi - WARNING - RealTimePanel: IR_850nm calibrated data uzunluk uyumsuzluğu (timestamps: 52, data: 12)
2025-12-23 10:27:36 - spektroskopi - WARNING - RealTimePanel: IR_940nm raw data uzunluk uyumsuzluğu (timestamps: 52, data: 12)
2025-12-23 10:27:36 - spektroskopi - WARNING - RealTimePanel: IR_940nm calibrated data uzunluk uyumsuzluğu (timestamps: 52, data: 12)
2025-12-23 10:27:36 - spektroskopi - INFO - PyQt veri başarıyla güncellendi: raw_data
2025-12-23 10:27:36 - spektroskopi - INFO - Raspberry Pi'dan veri alındı: 6e400003-b5a3-f393-e0a9-e50e24dcca9e (Handle: 8): Nordic UART TX, uzunluk: 2
2025-12-23 10:27:36 - spektroskopi - INFO - Raspberry Pi verisi: Ham=3193, Voltaj=3193.000V
2025-12-23 10:27:36 - spektroskopi - INFO - Raspberry Pi verisi işlendi: SENSOR_5 = 3193.000V
2025-12-23 10:27:36 - spektroskopi - INFO - Raspberry Pi'dan veri alındı: 6e400004-b5a3-f393-e0a9-e50e24dcca9e (Handle: 11): Unknown, uzunluk: 2
2025-12-23 10:27:36 - spektroskopi - INFO - Raspberry Pi verisi: Ham=3182, Voltaj=3182.000V
2025-12-23 10:27:36 - spektroskopi - INFO - Raspberry Pi verisi işlendi: SENSOR_7 = 3182.000V
2025-12-23 10:27:36 - spektroskopi - INFO - Raspberry Pi'dan veri alındı: 6e400002-b5a3-f393-e0a9-e50e24dcca9e (Handle: 19): Nordic UART RX, uzunluk: 2
2025-12-23 10:27:36 - spektroskopi - INFO - Raspberry Pi verisi: Ham=261, Voltaj=261.000V
2025-12-23 10:27:36 - spektroskopi - INFO - Raspberry Pi verisi işlendi: SENSOR_2 = 261.000V
2025-12-23 10:27:36 - spektroskopi - INFO - Raspberry Pi'dan veri alındı: 6e400005-b5a3-f393-e0a9-e50e24dcca9e (Handle: 16): Unknown, uzunluk: 2
2025-12-23 10:27:36 - spektroskopi - INFO - Raspberry Pi verisi: Ham=226, Voltaj=226.000V
2025-12-23 10:27:36 - spektroskopi - INFO - Raspberry Pi verisi işlendi: SENSOR_EXTRA = 226.000V
2025-12-23 10:27:37 - spektroskopi - INFO - Raspberry Pi'dan veri alındı: 6e400003-b5a3-f393-e0a9-e50e24dcca9e (Handle: 8): Nordic UART TX, uzunluk: 2
2025-12-23 10:27:37 - spektroskopi - INFO - Raspberry Pi verisi: Ham=3271, Voltaj=3271.000V
2025-12-23 10:27:37 - spektroskopi - INFO - Raspberry Pi verisi işlendi: SENSOR_5 = 3271.000V
2025-12-23 10:27:37 - spektroskopi - WARNING - Zaman sıralama düzeltildi (averaged): 2025-12-23 10:27:37.090650
2025-12-23 10:27:37 - spektroskopi - WARNING - Zaman sıralama düzeltildi (averaged): 2025-12-23 10:27:37.091650
2025-12-23 10:27:37 - spektroskopi - WARNING - Zaman sıralama düzeltildi (averaged): 2025-12-23 10:27:37.092650
2025-12-23 10:27:37 - spektroskopi - WARNING - Zaman sıralama düzeltildi (averaged): 2025-12-23 10:27:37.093650
2025-12-23 10:27:37 - spektroskopi - WARNING - Zaman sıralama düzeltildi (averaged): 2025-12-23 10:27:37.094650
2025-12-23 10:27:37 - spektroskopi - WARNING - RealTimePanel: UV_360nm raw data uzunluk uyumsuzluğu (timestamps: 62, data: 16)
2025-12-23 10:27:37 - spektroskopi - WARNING - RealTimePanel: UV_360nm calibrated data uzunluk uyumsuzluğu (timestamps: 62, data: 16)
2025-12-23 10:27:37 - spektroskopi - WARNING - RealTimePanel: Blue_450nm raw data uzunluk uyumsuzluğu (timestamps: 62, data: 16)
2025-12-23 10:27:37 - spektroskopi - WARNING - RealTimePanel: Blue_450nm calibrated data uzunluk uyumsuzluğu (timestamps: 62, data: 16)
2025-12-23 10:27:37 - spektroskopi - WARNING - RealTimePanel: IR_850nm raw data uzunluk uyumsuzluğu (timestamps: 62, data: 14)
2025-12-23 10:27:37 - spektroskopi - WARNING - RealTimePanel: IR_850nm calibrated data uzunluk uyumsuzluğu (timestamps: 62, data: 14)
2025-12-23 10:27:37 - spektroskopi - WARNING - RealTimePanel: IR_940nm raw data uzunluk uyumsuzluğu (timestamps: 62, data: 16)
2025-12-23 10:27:37 - spektroskopi - WARNING - RealTimePanel: IR_940nm calibrated data uzunluk uyumsuzluğu (timestamps: 62, data: 16)
2025-12-23 10:27:37 - spektroskopi - INFO - PyQt veri başarıyla güncellendi: raw_data
2025-12-23 10:27:37 - spektroskopi - INFO - Raspberry Pi'dan veri alındı: 6e400004-b5a3-f393-e0a9-e50e24dcca9e (Handle: 11): Unknown, uzunluk: 2
2025-12-23 10:27:37 - spektroskopi - INFO - Raspberry Pi verisi: Ham=3283, Voltaj=3283.000V
2025-12-23 10:27:37 - spektroskopi - INFO - Raspberry Pi verisi işlendi: SENSOR_7 = 3283.000V
2025-12-23 10:27:37 - spektroskopi - INFO - Raspberry Pi'dan veri alındı: 6e400002-b5a3-f393-e0a9-e50e24dcca9e (Handle: 19): Nordic UART RX, uzunluk: 2
2025-12-23 10:27:37 - spektroskopi - INFO - Raspberry Pi verisi: Ham=3231, Voltaj=3231.000V
2025-12-23 10:27:37 - spektroskopi - INFO - Raspberry Pi verisi işlendi: SENSOR_2 = 3231.000V
2025-12-23 10:27:37 - spektroskopi - INFO - Raspberry Pi'dan veri alındı: 6e400005-b5a3-f393-e0a9-e50e24dcca9e (Handle: 16): Unknown, uzunluk: 2
2025-12-23 10:27:37 - spektroskopi - INFO - Raspberry Pi verisi: Ham=15, Voltaj=15.000V
2025-12-23 10:27:37 - spektroskopi - INFO - Raspberry Pi verisi işlendi: SENSOR_EXTRA = 15.000V
2025-12-23 10:27:37 - spektroskopi - INFO - Raspberry Pi'dan veri alındı: 6e400003-b5a3-f393-e0a9-e50e24dcca9e (Handle: 8): Nordic UART TX, uzunluk: 2
2025-12-23 10:27:37 - spektroskopi - INFO - Raspberry Pi verisi: Ham=3285, Voltaj=3285.000V
2025-12-23 10:27:37 - spektroskopi - INFO - Raspberry Pi verisi işlendi: SENSOR_5 = 3285.000V
2025-12-23 10:27:38 - spektroskopi - WARNING - Zaman sıralama düzeltildi (averaged): 2025-12-23 10:27:37.960768
2025-12-23 10:27:38 - spektroskopi - WARNING - Zaman sıralama düzeltildi (averaged): 2025-12-23 10:27:37.961768
2025-12-23 10:27:38 - spektroskopi - WARNING - Zaman sıralama düzeltildi (averaged): 2025-12-23 10:27:37.962768
2025-12-23 10:27:38 - spektroskopi - WARNING - Zaman sıralama düzeltildi (averaged): 2025-12-23 10:27:37.963768
2025-12-23 10:27:38 - spektroskopi - WARNING - RealTimePanel: UV_360nm raw data uzunluk uyumsuzluğu (timestamps: 70, data: 18)
2025-12-23 10:27:38 - spektroskopi - WARNING - RealTimePanel: UV_360nm calibrated data uzunluk uyumsuzluğu (timestamps: 70, data: 18)
2025-12-23 10:27:38 - spektroskopi - WARNING - RealTimePanel: Blue_450nm raw data uzunluk uyumsuzluğu (timestamps: 70, data: 18)
2025-12-23 10:27:38 - spektroskopi - WARNING - RealTimePanel: Blue_450nm calibrated data uzunluk uyumsuzluğu (timestamps: 70, data: 18)
2025-12-23 10:27:38 - spektroskopi - WARNING - RealTimePanel: IR_850nm raw data uzunluk uyumsuzluğu (timestamps: 70, data: 16)
2025-12-23 10:27:38 - spektroskopi - WARNING - RealTimePanel: IR_850nm calibrated data uzunluk uyumsuzluğu (timestamps: 70, data: 16)
2025-12-23 10:27:38 - spektroskopi - WARNING - RealTimePanel: IR_940nm raw data uzunluk uyumsuzluğu (timestamps: 70, data: 18)
2025-12-23 10:27:38 - spektroskopi - WARNING - RealTimePanel: IR_940nm calibrated data uzunluk uyumsuzluğu (timestamps: 70, data: 18)
2025-12-23 10:27:38 - spektroskopi - INFO - PyQt veri başarıyla güncellendi: raw_data
2025-12-23 10:27:38 - spektroskopi - INFO - Raspberry Pi'dan veri alındı: 6e400004-b5a3-f393-e0a9-e50e24dcca9e (Handle: 11): Unknown, uzunluk: 2
2025-12-23 10:27:38 - spektroskopi - INFO - Raspberry Pi verisi: Ham=3285, Voltaj=3285.000V
2025-12-23 10:27:38 - spektroskopi - INFO - Raspberry Pi verisi işlendi: SENSOR_7 = 3285.000V
2025-12-23 10:27:38 - spektroskopi - INFO - Raspberry Pi'dan veri alındı: 6e400002-b5a3-f393-e0a9-e50e24dcca9e (Handle: 19): Nordic UART RX, uzunluk: 2
2025-12-23 10:27:38 - spektroskopi - INFO - Raspberry Pi verisi: Ham=3230, Voltaj=3230.000V
2025-12-23 10:27:38 - spektroskopi - INFO - Raspberry Pi verisi işlendi: SENSOR_2 = 3230.000V
2025-12-23 10:27:38 - spektroskopi - INFO - Raspberry Pi'dan veri alındı: 6e400005-b5a3-f393-e0a9-e50e24dcca9e (Handle: 16): Unknown, uzunluk: 2
2025-12-23 10:27:38 - spektroskopi - INFO - Raspberry Pi verisi: Ham=15, Voltaj=15.000V
2025-12-23 10:27:38 - spektroskopi - INFO - Raspberry Pi verisi işlendi: SENSOR_EXTRA = 15.000V
2025-12-23 10:27:38 - spektroskopi - INFO - Raspberry Pi'dan veri alındı: 6e400003-b5a3-f393-e0a9-e50e24dcca9e (Handle: 8): Nordic UART TX, uzunluk: 2
2025-12-23 10:27:38 - spektroskopi - INFO - Raspberry Pi verisi: Ham=3285, Voltaj=3285.000V
2025-12-23 10:27:38 - spektroskopi - INFO - Raspberry Pi verisi işlendi: SENSOR_5 = 3285.000V
2025-12-23 10:27:39 - spektroskopi - INFO - Raspberry Pi'dan veri alındı: 6e400004-b5a3-f393-e0a9-e50e24dcca9e (Handle: 11): Unknown, uzunluk: 2
2025-12-23 10:27:39 - spektroskopi - INFO - Raspberry Pi verisi: Ham=3285, Voltaj=3285.000V
2025-12-23 10:27:39 - spektroskopi - INFO - Raspberry Pi verisi işlendi: SENSOR_7 = 3285.000V
2025-12-23 10:27:39 - spektroskopi - WARNING - Zaman sıralama düzeltildi (averaged): 2025-12-23 10:27:39.100651
2025-12-23 10:27:39 - spektroskopi - WARNING - Zaman sıralama düzeltildi (averaged): 2025-12-23 10:27:39.101651
2025-12-23 10:27:39 - spektroskopi - WARNING - Zaman sıralama düzeltildi (averaged): 2025-12-23 10:27:39.102651
2025-12-23 10:27:39 - spektroskopi - WARNING - Zaman sıralama düzeltildi (averaged): 2025-12-23 10:27:39.103651
2025-12-23 10:27:39 - spektroskopi - WARNING - Zaman sıralama düzeltildi (averaged): 2025-12-23 10:27:39.104651
2025-12-23 10:27:39 - spektroskopi - WARNING - RealTimePanel: UV_360nm raw data uzunluk uyumsuzluğu (timestamps: 80, data: 20)
2025-12-23 10:27:39 - spektroskopi - WARNING - RealTimePanel: UV_360nm calibrated data uzunluk uyumsuzluğu (timestamps: 80, data: 20)
2025-12-23 10:27:39 - spektroskopi - WARNING - RealTimePanel: Blue_450nm raw data uzunluk uyumsuzluğu (timestamps: 80, data: 20)
2025-12-23 10:27:39 - spektroskopi - WARNING - RealTimePanel: Blue_450nm calibrated data uzunluk uyumsuzluğu (timestamps: 80, data: 20)
2025-12-23 10:27:39 - spektroskopi - WARNING - RealTimePanel: IR_850nm raw data uzunluk uyumsuzluğu (timestamps: 80, data: 20)
2025-12-23 10:27:39 - spektroskopi - WARNING - RealTimePanel: IR_850nm calibrated data uzunluk uyumsuzluğu (timestamps: 80, data: 20)
2025-12-23 10:27:39 - spektroskopi - WARNING - RealTimePanel: IR_940nm raw data uzunluk uyumsuzluğu (timestamps: 80, data: 20)
2025-12-23 10:27:39 - spektroskopi - WARNING - RealTimePanel: IR_940nm calibrated data uzunluk uyumsuzluğu (timestamps: 80, data: 20)
2025-12-23 10:27:39 - spektroskopi - INFO - PyQt veri başarıyla güncellendi: raw_data
2025-12-23 10:27:39 - spektroskopi - INFO - Raspberry Pi'dan veri alındı: 6e400002-b5a3-f393-e0a9-e50e24dcca9e (Handle: 19): Nordic UART RX, uzunluk: 2
2025-12-23 10:27:39 - spektroskopi - INFO - Raspberry Pi verisi: Ham=3152, Voltaj=3152.000V
2025-12-23 10:27:39 - spektroskopi - INFO - Raspberry Pi verisi işlendi: SENSOR_2 = 3152.000V
2025-12-23 10:27:39 - spektroskopi - INFO - Raspberry Pi'dan veri alındı: 6e400005-b5a3-f393-e0a9-e50e24dcca9e (Handle: 16): Unknown, uzunluk: 2
2025-12-23 10:27:39 - spektroskopi - INFO - Raspberry Pi verisi: Ham=15, Voltaj=15.000V
2025-12-23 10:27:39 - spektroskopi - INFO - Raspberry Pi verisi işlendi: SENSOR_EXTRA = 15.000V
2025-12-23 10:27:39 - spektroskopi - INFO - Raspberry Pi'dan veri alındı: 6e400003-b5a3-f393-e0a9-e50e24dcca9e (Handle: 8): Nordic UART TX, uzunluk: 2
2025-12-23 10:27:39 - spektroskopi - INFO - Raspberry Pi verisi: Ham=3285, Voltaj=3285.000V
2025-12-23 10:27:39 - spektroskopi - INFO - Raspberry Pi verisi işlendi: SENSOR_5 = 3285.000V
2025-12-23 10:27:39 - spektroskopi - INFO - Raspberry Pi'dan veri alındı: 6e400004-b5a3-f393-e0a9-e50e24dcca9e (Handle: 11): Unknown, uzunluk: 2
2025-12-23 10:27:39 - spektroskopi - INFO - Raspberry Pi verisi: Ham=3285, Voltaj=3285.000V
2025-12-23 10:27:39 - spektroskopi - INFO - Raspberry Pi verisi işlendi: SENSOR_7 = 3285.000V
2025-12-23 10:27:40 - spektroskopi - INFO - Raspberry Pi'dan veri alındı: 6e400002-b5a3-f393-e0a9-e50e24dcca9e (Handle: 19): Nordic UART RX, uzunluk: 2
2025-12-23 10:27:40 - spektroskopi - INFO - Raspberry Pi verisi: Ham=2909, Voltaj=2909.000V
2025-12-23 10:27:40 - spektroskopi - INFO - Raspberry Pi verisi işlendi: SENSOR_2 = 2909.000V
2025-12-23 10:27:40 - spektroskopi - WARNING - Zaman sıralama düzeltildi (averaged): 2025-12-23 10:27:40.090692
2025-12-23 10:27:40 - spektroskopi - WARNING - Zaman sıralama düzeltildi (averaged): 2025-12-23 10:27:40.091692
2025-12-23 10:27:40 - spektroskopi - WARNING - Zaman sıralama düzeltildi (averaged): 2025-12-23 10:27:40.092692
2025-12-23 10:27:40 - spektroskopi - WARNING - Zaman sıralama düzeltildi (averaged): 2025-12-23 10:27:40.093692
2025-12-23 10:27:40 - spektroskopi - WARNING - Zaman sıralama düzeltildi (averaged): 2025-12-23 10:27:40.094692
2025-12-23 10:27:40 - spektroskopi - WARNING - RealTimePanel: UV_360nm raw data uzunluk uyumsuzluğu (timestamps: 90, data: 24)
2025-12-23 10:27:40 - spektroskopi - WARNING - RealTimePanel: UV_360nm calibrated data uzunluk uyumsuzluğu (timestamps: 90, data: 24)
2025-12-23 10:27:40 - spektroskopi - WARNING - RealTimePanel: Blue_450nm raw data uzunluk uyumsuzluğu (timestamps: 90, data: 22)
2025-12-23 10:27:40 - spektroskopi - WARNING - RealTimePanel: Blue_450nm calibrated data uzunluk uyumsuzluğu (timestamps: 90, data: 22)
2025-12-23 10:27:40 - spektroskopi - WARNING - RealTimePanel: IR_850nm raw data uzunluk uyumsuzluğu (timestamps: 90, data: 22)
2025-12-23 10:27:40 - spektroskopi - WARNING - RealTimePanel: IR_850nm calibrated data uzunluk uyumsuzluğu (timestamps: 90, data: 22)
2025-12-23 10:27:40 - spektroskopi - WARNING - RealTimePanel: IR_940nm raw data uzunluk uyumsuzluğu (timestamps: 90, data: 22)
2025-12-23 10:27:40 - spektroskopi - WARNING - RealTimePanel: IR_940nm calibrated data uzunluk uyumsuzluğu (timestamps: 90, data: 22)
2025-12-23 10:27:40 - spektroskopi - INFO - PyQt veri başarıyla güncellendi: raw_data
2025-12-23 10:27:40 - spektroskopi - INFO - Raspberry Pi'dan veri alındı: 6e400005-b5a3-f393-e0a9-e50e24dcca9e (Handle: 16): Unknown, uzunluk: 2
2025-12-23 10:27:40 - spektroskopi - INFO - Raspberry Pi verisi: Ham=15, Voltaj=15.000V
2025-12-23 10:27:40 - spektroskopi - INFO - Raspberry Pi verisi işlendi: SENSOR_EXTRA = 15.000V
2025-12-23 10:27:40 - spektroskopi - INFO - Raspberry Pi'dan veri alındı: 6e400003-b5a3-f393-e0a9-e50e24dcca9e (Handle: 8): Nordic UART TX, uzunluk: 2
2025-12-23 10:27:40 - spektroskopi - INFO - Raspberry Pi verisi: Ham=3285, Voltaj=3285.000V
2025-12-23 10:27:40 - spektroskopi - INFO - Raspberry Pi verisi işlendi: SENSOR_5 = 3285.000V
2025-12-23 10:27:40 - spektroskopi - INFO - Raspberry Pi'dan veri alındı: 6e400004-b5a3-f393-e0a9-e50e24dcca9e (Handle: 11): Unknown, uzunluk: 2
2025-12-23 10:27:40 - spektroskopi - INFO - Raspberry Pi verisi: Ham=3285, Voltaj=3285.000V
2025-12-23 10:27:40 - spektroskopi - INFO - Raspberry Pi verisi işlendi: SENSOR_7 = 3285.000V
2025-12-23 10:27:40 - spektroskopi - INFO - Raspberry Pi'dan veri alındı: 6e400002-b5a3-f393-e0a9-e50e24dcca9e (Handle: 19): Nordic UART RX, uzunluk: 2
2025-12-23 10:27:40 - spektroskopi - INFO - Raspberry Pi verisi: Ham=3026, Voltaj=3026.000V
2025-12-23 10:27:40 - spektroskopi - INFO - Raspberry Pi verisi işlendi: SENSOR_2 = 3026.000V
2025-12-23 10:27:41 - spektroskopi - WARNING - Zaman sıralama düzeltildi (averaged): 2025-12-23 10:27:40.959638
2025-12-23 10:27:41 - spektroskopi - WARNING - Zaman sıralama düzeltildi (averaged): 2025-12-23 10:27:40.960638
2025-12-23 10:27:41 - spektroskopi - WARNING - Zaman sıralama düzeltildi (averaged): 2025-12-23 10:27:40.961638
2025-12-23 10:27:41 - spektroskopi - WARNING - Zaman sıralama düzeltildi (averaged): 2025-12-23 10:27:40.962638
2025-12-23 10:27:41 - spektroskopi - WARNING - RealTimePanel: UV_360nm raw data uzunluk uyumsuzluğu (timestamps: 98, data: 26)
2025-12-23 10:27:41 - spektroskopi - WARNING - RealTimePanel: UV_360nm calibrated data uzunluk uyumsuzluğu (timestamps: 98, data: 26)
2025-12-23 10:27:41 - spektroskopi - WARNING - RealTimePanel: Blue_450nm raw data uzunluk uyumsuzluğu (timestamps: 98, data: 24)
2025-12-23 10:27:41 - spektroskopi - WARNING - RealTimePanel: Blue_450nm calibrated data uzunluk uyumsuzluğu (timestamps: 98, data: 24)
2025-12-23 10:27:41 - spektroskopi - WARNING - RealTimePanel: IR_850nm raw data uzunluk uyumsuzluğu (timestamps: 98, data: 24)
2025-12-23 10:27:41 - spektroskopi - WARNING - RealTimePanel: IR_850nm calibrated data uzunluk uyumsuzluğu (timestamps: 98, data: 24)
2025-12-23 10:27:41 - spektroskopi - WARNING - RealTimePanel: IR_940nm raw data uzunluk uyumsuzluğu (timestamps: 98, data: 24)
2025-12-23 10:27:41 - spektroskopi - WARNING - RealTimePanel: IR_940nm calibrated data uzunluk uyumsuzluğu (timestamps: 98, data: 24)
2025-12-23 10:27:41 - spektroskopi - INFO - PyQt veri başarıyla güncellendi: raw_data
2025-12-23 10:27:41 - spektroskopi - INFO - Raspberry Pi'dan veri alındı: 6e400005-b5a3-f393-e0a9-e50e24dcca9e (Handle: 16): Unknown, uzunluk: 2
2025-12-23 10:27:41 - spektroskopi - INFO - Raspberry Pi verisi: Ham=98, Voltaj=98.000V
2025-12-23 10:27:41 - spektroskopi - INFO - Raspberry Pi verisi işlendi: SENSOR_EXTRA = 98.000V
2025-12-23 10:27:41 - spektroskopi - INFO - Raspberry Pi'dan veri alındı: 6e400003-b5a3-f393-e0a9-e50e24dcca9e (Handle: 8): Nordic UART TX, uzunluk: 2
2025-12-23 10:27:41 - spektroskopi - INFO - Raspberry Pi verisi: Ham=3196, Voltaj=3196.000V
2025-12-23 10:27:41 - spektroskopi - INFO - Raspberry Pi verisi işlendi: SENSOR_5 = 3196.000V
2025-12-23 10:27:41 - spektroskopi - INFO - Raspberry Pi'dan veri alındı: 6e400004-b5a3-f393-e0a9-e50e24dcca9e (Handle: 11): Unknown, uzunluk: 2
2025-12-23 10:27:41 - spektroskopi - INFO - Raspberry Pi verisi: Ham=3172, Voltaj=3172.000V
2025-12-23 10:27:41 - spektroskopi - INFO - Raspberry Pi verisi işlendi: SENSOR_7 = 3172.000V
2025-12-23 10:27:41 - spektroskopi - INFO - Raspberry Pi'dan veri alındı: 6e400002-b5a3-f393-e0a9-e50e24dcca9e (Handle: 19): Nordic UART RX, uzunluk: 2
2025-12-23 10:27:41 - spektroskopi - INFO - Raspberry Pi verisi: Ham=271, Voltaj=271.000V
2025-12-23 10:27:41 - spektroskopi - INFO - Raspberry Pi verisi işlendi: SENSOR_2 = 271.000V
2025-12-23 10:27:42 - spektroskopi - INFO - Raspberry Pi'dan veri alındı: 6e400005-b5a3-f393-e0a9-e50e24dcca9e (Handle: 16): Unknown, uzunluk: 2
2025-12-23 10:27:42 - spektroskopi - INFO - Raspberry Pi verisi: Ham=246, Voltaj=246.000V
2025-12-23 10:27:42 - spektroskopi - INFO - Raspberry Pi verisi işlendi: SENSOR_EXTRA = 246.000V
2025-12-23 10:27:42 - spektroskopi - WARNING - Zaman sıralama düzeltildi (averaged): 2025-12-23 10:27:42.101985
2025-12-23 10:27:42 - spektroskopi - WARNING - Zaman sıralama düzeltildi (averaged): 2025-12-23 10:27:42.102985
2025-12-23 10:27:42 - spektroskopi - WARNING - Zaman sıralama düzeltildi (averaged): 2025-12-23 10:27:42.103985
2025-12-23 10:27:42 - spektroskopi - WARNING - Zaman sıralama düzeltildi (averaged): 2025-12-23 10:27:42.104985
2025-12-23 10:27:42 - spektroskopi - WARNING - Zaman sıralama düzeltildi (averaged): 2025-12-23 10:27:42.105985
2025-12-23 10:27:42 - spektroskopi - WARNING - RealTimePanel: UV_360nm raw data uzunluk uyumsuzluğu (timestamps: 108, data: 28)
2025-12-23 10:27:42 - spektroskopi - WARNING - RealTimePanel: UV_360nm calibrated data uzunluk uyumsuzluğu (timestamps: 108, data: 28)
2025-12-23 10:27:42 - spektroskopi - WARNING - RealTimePanel: Blue_450nm raw data uzunluk uyumsuzluğu (timestamps: 108, data: 28)
2025-12-23 10:27:42 - spektroskopi - WARNING - RealTimePanel: Blue_450nm calibrated data uzunluk uyumsuzluğu (timestamps: 108, data: 28)
2025-12-23 10:27:42 - spektroskopi - WARNING - RealTimePanel: IR_850nm raw data uzunluk uyumsuzluğu (timestamps: 108, data: 26)
2025-12-23 10:27:42 - spektroskopi - WARNING - RealTimePanel: IR_850nm calibrated data uzunluk uyumsuzluğu (timestamps: 108, data: 26)
2025-12-23 10:27:42 - spektroskopi - WARNING - RealTimePanel: IR_940nm raw data uzunluk uyumsuzluğu (timestamps: 108, data: 26)
2025-12-23 10:27:42 - spektroskopi - WARNING - RealTimePanel: IR_940nm calibrated data uzunluk uyumsuzluğu (timestamps: 108, data: 26)
2025-12-23 10:27:42 - spektroskopi - INFO - PyQt veri başarıyla güncellendi: raw_data
2025-12-23 10:27:42 - spektroskopi - INFO - Raspberry Pi'dan veri alındı: 6e400003-b5a3-f393-e0a9-e50e24dcca9e (Handle: 8): Nordic UART TX, uzunluk: 2
2025-12-23 10:27:42 - spektroskopi - INFO - Raspberry Pi verisi: Ham=3197, Voltaj=3197.000V
2025-12-23 10:27:42 - spektroskopi - INFO - Raspberry Pi verisi işlendi: SENSOR_5 = 3197.000V
2025-12-23 10:27:42 - spektroskopi - INFO - Raspberry Pi'dan veri alındı: 6e400004-b5a3-f393-e0a9-e50e24dcca9e (Handle: 11): Unknown, uzunluk: 2
2025-12-23 10:27:42 - spektroskopi - INFO - Raspberry Pi verisi: Ham=3180, Voltaj=3180.000V
2025-12-23 10:27:42 - spektroskopi - INFO - Raspberry Pi verisi işlendi: SENSOR_7 = 3180.000V
2025-12-23 10:27:42 - spektroskopi - INFO - Raspberry Pi'dan veri alındı: 6e400002-b5a3-f393-e0a9-e50e24dcca9e (Handle: 19): Nordic UART RX, uzunluk: 2
2025-12-23 10:27:42 - spektroskopi - INFO - Raspberry Pi verisi: Ham=259, Voltaj=259.000V
2025-12-23 10:27:42 - spektroskopi - INFO - Raspberry Pi verisi işlendi: SENSOR_2 = 259.000V
2025-12-23 10:27:42 - spektroskopi - INFO - Raspberry Pi'dan veri alındı: 6e400005-b5a3-f393-e0a9-e50e24dcca9e (Handle: 16): Unknown, uzunluk: 2
2025-12-23 10:27:42 - spektroskopi - INFO - Raspberry Pi verisi: Ham=247, Voltaj=247.000V
2025-12-23 10:27:42 - spektroskopi - INFO - Raspberry Pi verisi işlendi: SENSOR_EXTRA = 247.000V
2025-12-23 10:27:43 - spektroskopi - WARNING - Zaman sıralama düzeltildi (averaged): 2025-12-23 10:27:42.971149
2025-12-23 10:27:43 - spektroskopi - WARNING - Zaman sıralama düzeltildi (averaged): 2025-12-23 10:27:42.972149
2025-12-23 10:27:43 - spektroskopi - WARNING - Zaman sıralama düzeltildi (averaged): 2025-12-23 10:27:42.973149
2025-12-23 10:27:43 - spektroskopi - WARNING - Zaman sıralama düzeltildi (averaged): 2025-12-23 10:27:42.974149
2025-12-23 10:27:43 - spektroskopi - WARNING - RealTimePanel: UV_360nm raw data uzunluk uyumsuzluğu (timestamps: 116, data: 30)
2025-12-23 10:27:43 - spektroskopi - WARNING - RealTimePanel: UV_360nm calibrated data uzunluk uyumsuzluğu (timestamps: 116, data: 30)
2025-12-23 10:27:43 - spektroskopi - WARNING - RealTimePanel: Blue_450nm raw data uzunluk uyumsuzluğu (timestamps: 116, data: 30)
2025-12-23 10:27:43 - spektroskopi - WARNING - RealTimePanel: Blue_450nm calibrated data uzunluk uyumsuzluğu (timestamps: 116, data: 30)
2025-12-23 10:27:43 - spektroskopi - WARNING - RealTimePanel: IR_850nm raw data uzunluk uyumsuzluğu (timestamps: 116, data: 28)
2025-12-23 10:27:43 - spektroskopi - WARNING - RealTimePanel: IR_850nm calibrated data uzunluk uyumsuzluğu (timestamps: 116, data: 28)
2025-12-23 10:27:43 - spektroskopi - WARNING - RealTimePanel: IR_940nm raw data uzunluk uyumsuzluğu (timestamps: 116, data: 28)
2025-12-23 10:27:43 - spektroskopi - WARNING - RealTimePanel: IR_940nm calibrated data uzunluk uyumsuzluğu (timestamps: 116, data: 28)
2025-12-23 10:27:43 - spektroskopi - INFO - PyQt veri başarıyla güncellendi: raw_data
2025-12-23 10:27:43 - spektroskopi - INFO - Raspberry Pi'dan veri alındı: 6e400003-b5a3-f393-e0a9-e50e24dcca9e (Handle: 8): Nordic UART TX, uzunluk: 2
2025-12-23 10:27:43 - spektroskopi - INFO - Raspberry Pi verisi: Ham=3203, Voltaj=3203.000V
2025-12-23 10:27:43 - spektroskopi - INFO - Raspberry Pi verisi işlendi: SENSOR_5 = 3203.000V
2025-12-23 10:27:43 - spektroskopi - INFO - Raspberry Pi'dan veri alındı: 6e400004-b5a3-f393-e0a9-e50e24dcca9e (Handle: 11): Unknown, uzunluk: 2
2025-12-23 10:27:43 - spektroskopi - INFO - Raspberry Pi verisi: Ham=3171, Voltaj=3171.000V
2025-12-23 10:27:43 - spektroskopi - INFO - Raspberry Pi verisi işlendi: SENSOR_7 = 3171.000V
2025-12-23 10:27:43 - spektroskopi - INFO - Raspberry Pi'dan veri alındı: 6e400002-b5a3-f393-e0a9-e50e24dcca9e (Handle: 19): Nordic UART RX, uzunluk: 2
2025-12-23 10:27:43 - spektroskopi - INFO - Raspberry Pi verisi: Ham=262, Voltaj=262.000V
2025-12-23 10:27:43 - spektroskopi - INFO - Raspberry Pi verisi işlendi: SENSOR_2 = 262.000V
2025-12-23 10:27:43 - spektroskopi - INFO - Sistem durduruldu - veri işleme pasif
2025-12-23 10:27:43 - spektroskopi - INFO - Live mod deaktifleştirildi
2025-12-23 10:27:43 - spektroskopi - INFO - Sistem durduruldu - Custom data hesaplamaları durduruldu
2025-12-23 10:27:43 - spektroskopi - INFO - LED KAPATMA komutu queue'ya eklendi
2025-12-23 10:27:43 - spektroskopi - INFO - SYSTEM EVENT: SYSTEM_STOPPED
2025-12-23 10:27:43 - spektroskopi - INFO - Raspberry Pi'dan veri alındı: 6e400005-b5a3-f393-e0a9-e50e24dcca9e (Handle: 16): Unknown, uzunluk: 2
2025-12-23 10:27:43 - spektroskopi - INFO - Raspberry Pi verisi: Ham=241, Voltaj=241.000V
2025-12-23 10:27:43 - spektroskopi - INFO - Raspberry Pi verisi işlendi: SENSOR_EXTRA = 241.000V
2025-12-23 10:27:43 - spektroskopi - INFO - LED kontrol komutu gönderildi: TÜM LED'LER KAPATILDI
2025-12-23 10:27:44 - spektroskopi - INFO - Raspberry Pi'dan veri alındı: 6e400003-b5a3-f393-e0a9-e50e24dcca9e (Handle: 8): Nordic UART TX, uzunluk: 2
2025-12-23 10:27:44 - spektroskopi - INFO - Raspberry Pi verisi: Ham=3196, Voltaj=3196.000V
2025-12-23 10:27:44 - spektroskopi - INFO - Raspberry Pi verisi işlendi: SENSOR_5 = 3196.000V
2025-12-23 10:27:44 - spektroskopi - INFO - Raspberry Pi'dan veri alındı: 6e400004-b5a3-f393-e0a9-e50e24dcca9e (Handle: 11): Unknown, uzunluk: 2
2025-12-23 10:27:44 - spektroskopi - INFO - Raspberry Pi verisi: Ham=3171, Voltaj=3171.000V
2025-12-23 10:27:44 - spektroskopi - INFO - Raspberry Pi verisi işlendi: SENSOR_7 = 3171.000V
2025-12-23 10:27:45 - spektroskopi - WARNING - Zaman sıralama düzeltildi: 2025-12-23 10:27:44.352131
2025-12-23 10:27:45 - spektroskopi - WARNING - Zaman sıralama düzeltildi: 2025-12-23 10:27:44.353131
2025-12-23 10:27:45 - spektroskopi - WARNING - Zaman sıralama düzeltildi: 2025-12-23 10:27:44.354131
2025-12-23 10:27:45 - spektroskopi - WARNING - Zaman sıralama düzeltildi: 2025-12-23 10:27:44.355131
2025-12-23 10:27:45 - spektroskopi - WARNING - Zaman sıralama düzeltildi: 2025-12-23 10:27:44.356131
2025-12-23 10:27:45 - spektroskopi - WARNING - Zaman sıralama düzeltildi: 2025-12-23 10:27:44.357131
2025-12-23 10:27:46 - spektroskopi - INFO - LED bireysel kontrol komutu gönderildi: 0b1001
2025-12-23 10:27:46 - spektroskopi - INFO - LED durumları güncellendi: ['led_1', 'led_6']
2025-12-23 10:27:46 - spektroskopi - INFO - LED kontrol komutu gönderildi: LED durumları: L1=True, L3=False, L4=False, L6=True
2025-12-23 10:27:46 - spektroskopi - INFO - LED bireysel kontrol komutu gönderildi: 0b1101
2025-12-23 10:27:46 - spektroskopi - INFO - LED durumları güncellendi: ['led_1', 'led_4', 'led_6']
2025-12-23 10:27:47 - spektroskopi - INFO - LED kontrol komutu gönderildi: LED durumları: L1=True, L3=False, L4=True, L6=True
2025-12-23 10:27:47 - spektroskopi - INFO - LED bireysel kontrol komutu gönderildi: 0b1100
2025-12-23 10:27:47 - spektroskopi - INFO - LED durumları güncellendi: ['led_4', 'led_6']
2025-12-23 10:27:47 - spektroskopi - INFO - LED kontrol komutu gönderildi: LED durumları: L1=False, L3=False, L4=True, L6=True
2025-12-23 10:27:48 - spektroskopi - INFO - Veri buffer'ları temizlendi
2025-12-23 10:27:48 - spektroskopi - INFO - Sistem başlatıldı - veri işleme aktif
2025-12-23 10:27:48 - spektroskopi - INFO - Live mod aktifleştirildi
2025-12-23 10:27:48 - spektroskopi - INFO - Sistem başlatıldı - Custom data hesaplamaları otomatik başlatıldı
2025-12-23 10:27:48 - spektroskopi - INFO - START komutu gönderildi: l_d=4, a_d=3, r_d=250, LEDs=0b1100
2025-12-23 10:27:48 - spektroskopi - INFO - SYSTEM EVENT: SYSTEM_STARTED - l_d=4, a_d=3, r_d=250
2025-12-23 10:27:48 - spektroskopi - INFO - LED kontrol komutu gönderildi: LED durumları: L1=False, L3=False, L4=True, L6=False
2025-12-23 10:27:48 - spektroskopi - INFO - Raspberry Pi'dan veri alındı: 6e400002-b5a3-f393-e0a9-e50e24dcca9e (Handle: 19): Nordic UART RX, uzunluk: 2
2025-12-23 10:27:48 - spektroskopi - INFO - Raspberry Pi verisi: Ham=238, Voltaj=238.000V
2025-12-23 10:27:48 - spektroskopi - INFO - Raspberry Pi verisi işlendi: SENSOR_2 = 238.000V
2025-12-23 10:27:48 - spektroskopi - INFO - Raspberry Pi'dan veri alındı: 6e400005-b5a3-f393-e0a9-e50e24dcca9e (Handle: 16): Unknown, uzunluk: 2
2025-12-23 10:27:48 - spektroskopi - INFO - Raspberry Pi verisi: Ham=243, Voltaj=243.000V
2025-12-23 10:27:48 - spektroskopi - INFO - Raspberry Pi verisi işlendi: SENSOR_EXTRA = 243.000V
2025-12-23 10:27:49 - spektroskopi - INFO - Raspberry Pi'dan veri alındı: 6e400003-b5a3-f393-e0a9-e50e24dcca9e (Handle: 8): Nordic UART TX, uzunluk: 2
2025-12-23 10:27:49 - spektroskopi - INFO - Raspberry Pi verisi: Ham=3107, Voltaj=3107.000V
2025-12-23 10:27:49 - spektroskopi - INFO - Raspberry Pi verisi işlendi: SENSOR_5 = 3107.000V
2025-12-23 10:27:49 - spektroskopi - WARNING - Zaman sıralama düzeltildi (averaged): 2025-12-23 10:27:49.213278
2025-12-23 10:27:49 - spektroskopi - WARNING - Zaman sıralama düzeltildi (averaged): 2025-12-23 10:27:49.214278
2025-12-23 10:27:49 - spektroskopi - WARNING - Zaman sıralama düzeltildi (averaged): 2025-12-23 10:27:49.215278
2025-12-23 10:27:49 - spektroskopi - WARNING - RealTimePanel: UV_360nm raw data uzunluk uyumsuzluğu (timestamps: 125, data: 33)
2025-12-23 10:27:49 - spektroskopi - WARNING - RealTimePanel: UV_360nm calibrated data uzunluk uyumsuzluğu (timestamps: 125, data: 33)
2025-12-23 10:27:49 - spektroskopi - WARNING - RealTimePanel: Blue_450nm raw data uzunluk uyumsuzluğu (timestamps: 125, data: 32)
2025-12-23 10:27:49 - spektroskopi - WARNING - RealTimePanel: Blue_450nm calibrated data uzunluk uyumsuzluğu (timestamps: 125, data: 32)
2025-12-23 10:27:49 - spektroskopi - WARNING - RealTimePanel: IR_850nm raw data uzunluk uyumsuzluğu (timestamps: 125, data: 29)
2025-12-23 10:27:49 - spektroskopi - WARNING - RealTimePanel: IR_850nm calibrated data uzunluk uyumsuzluğu (timestamps: 125, data: 29)
2025-12-23 10:27:49 - spektroskopi - WARNING - RealTimePanel: IR_940nm raw data uzunluk uyumsuzluğu (timestamps: 125, data: 31)
2025-12-23 10:27:49 - spektroskopi - WARNING - RealTimePanel: IR_940nm calibrated data uzunluk uyumsuzluğu (timestamps: 125, data: 31)
2025-12-23 10:27:49 - spektroskopi - INFO - PyQt veri başarıyla güncellendi: raw_data
2025-12-23 10:27:49 - spektroskopi - INFO - Raspberry Pi'dan veri alındı: 6e400004-b5a3-f393-e0a9-e50e24dcca9e (Handle: 11): Unknown, uzunluk: 2
2025-12-23 10:27:49 - spektroskopi - INFO - Raspberry Pi verisi: Ham=3010, Voltaj=3010.000V
2025-12-23 10:27:49 - spektroskopi - INFO - Raspberry Pi verisi işlendi: SENSOR_7 = 3010.000V
2025-12-23 10:27:49 - spektroskopi - INFO - Raspberry Pi'dan veri alındı: 6e400002-b5a3-f393-e0a9-e50e24dcca9e (Handle: 19): Nordic UART RX, uzunluk: 2
2025-12-23 10:27:49 - spektroskopi - INFO - Raspberry Pi verisi: Ham=247, Voltaj=247.000V
2025-12-23 10:27:49 - spektroskopi - INFO - Raspberry Pi verisi işlendi: SENSOR_2 = 247.000V
2025-12-23 10:27:49 - spektroskopi - INFO - Raspberry Pi'dan veri alındı: 6e400005-b5a3-f393-e0a9-e50e24dcca9e (Handle: 16): Unknown, uzunluk: 2
2025-12-23 10:27:49 - spektroskopi - INFO - Raspberry Pi verisi: Ham=239, Voltaj=239.000V
2025-12-23 10:27:49 - spektroskopi - INFO - Raspberry Pi verisi işlendi: SENSOR_EXTRA = 239.000V
2025-12-23 10:27:50 - spektroskopi - INFO - Raspberry Pi'dan veri alındı: 6e400003-b5a3-f393-e0a9-e50e24dcca9e (Handle: 8): Nordic UART TX, uzunluk: 2
2025-12-23 10:27:50 - spektroskopi - INFO - Raspberry Pi verisi: Ham=3107, Voltaj=3107.000V
2025-12-23 10:27:50 - spektroskopi - INFO - Raspberry Pi verisi işlendi: SENSOR_5 = 3107.000V
2025-12-23 10:27:50 - spektroskopi - INFO - Raspberry Pi'dan veri alındı: 6e400004-b5a3-f393-e0a9-e50e24dcca9e (Handle: 11): Unknown, uzunluk: 2
2025-12-23 10:27:50 - spektroskopi - INFO - Raspberry Pi verisi: Ham=3013, Voltaj=3013.000V
2025-12-23 10:27:50 - spektroskopi - INFO - Raspberry Pi verisi işlendi: SENSOR_7 = 3013.000V
2025-12-23 10:27:50 - spektroskopi - WARNING - Zaman sıralama düzeltildi (averaged): 2025-12-23 10:27:50.321303
2025-12-23 10:27:50 - spektroskopi - WARNING - Zaman sıralama düzeltildi (averaged): 2025-12-23 10:27:50.322303
2025-12-23 10:27:50 - spektroskopi - WARNING - Zaman sıralama düzeltildi (averaged): 2025-12-23 10:27:50.323303
2025-12-23 10:27:50 - spektroskopi - WARNING - Zaman sıralama düzeltildi (averaged): 2025-12-23 10:27:50.324303
2025-12-23 10:27:50 - spektroskopi - WARNING - Zaman sıralama düzeltildi (averaged): 2025-12-23 10:27:50.325303
2025-12-23 10:27:50 - spektroskopi - WARNING - RealTimePanel: UV_360nm raw data uzunluk uyumsuzluğu (timestamps: 135, data: 35)
2025-12-23 10:27:50 - spektroskopi - WARNING - RealTimePanel: UV_360nm calibrated data uzunluk uyumsuzluğu (timestamps: 135, data: 35)
2025-12-23 10:27:50 - spektroskopi - WARNING - RealTimePanel: Blue_450nm raw data uzunluk uyumsuzluğu (timestamps: 135, data: 34)
2025-12-23 10:27:50 - spektroskopi - WARNING - RealTimePanel: Blue_450nm calibrated data uzunluk uyumsuzluğu (timestamps: 135, data: 34)
2025-12-23 10:27:50 - spektroskopi - WARNING - RealTimePanel: IR_850nm raw data uzunluk uyumsuzluğu (timestamps: 135, data: 33)
2025-12-23 10:27:50 - spektroskopi - WARNING - RealTimePanel: IR_850nm calibrated data uzunluk uyumsuzluğu (timestamps: 135, data: 33)
2025-12-23 10:27:50 - spektroskopi - WARNING - RealTimePanel: IR_940nm raw data uzunluk uyumsuzluğu (timestamps: 135, data: 33)
2025-12-23 10:27:50 - spektroskopi - WARNING - RealTimePanel: IR_940nm calibrated data uzunluk uyumsuzluğu (timestamps: 135, data: 33)
2025-12-23 10:27:50 - spektroskopi - INFO - PyQt veri başarıyla güncellendi: raw_data
2025-12-23 10:27:50 - spektroskopi - INFO - Raspberry Pi'dan veri alındı: 6e400002-b5a3-f393-e0a9-e50e24dcca9e (Handle: 19): Nordic UART RX, uzunluk: 2
2025-12-23 10:27:50 - spektroskopi - INFO - Raspberry Pi verisi: Ham=239, Voltaj=239.000V
2025-12-23 10:27:50 - spektroskopi - INFO - Raspberry Pi verisi işlendi: SENSOR_2 = 239.000V
2025-12-23 10:27:50 - spektroskopi - INFO - Raspberry Pi'dan veri alındı: 6e400005-b5a3-f393-e0a9-e50e24dcca9e (Handle: 16): Unknown, uzunluk: 2
2025-12-23 10:27:50 - spektroskopi - INFO - Raspberry Pi verisi: Ham=233, Voltaj=233.000V
2025-12-23 10:27:50 - spektroskopi - INFO - Raspberry Pi verisi işlendi: SENSOR_EXTRA = 233.000V
2025-12-23 10:27:50 - spektroskopi - INFO - Raspberry Pi'dan veri alındı: 6e400003-b5a3-f393-e0a9-e50e24dcca9e (Handle: 8): Nordic UART TX, uzunluk: 2
2025-12-23 10:27:50 - spektroskopi - INFO - Raspberry Pi verisi: Ham=3107, Voltaj=3107.000V
2025-12-23 10:27:50 - spektroskopi - INFO - Raspberry Pi verisi işlendi: SENSOR_5 = 3107.000V
2025-12-23 10:27:51 - spektroskopi - INFO - Raspberry Pi'dan veri alındı: 6e400004-b5a3-f393-e0a9-e50e24dcca9e (Handle: 11): Unknown, uzunluk: 2
2025-12-23 10:27:51 - spektroskopi - INFO - Raspberry Pi verisi: Ham=3022, Voltaj=3022.000V
2025-12-23 10:27:51 - spektroskopi - INFO - Raspberry Pi verisi işlendi: SENSOR_7 = 3022.000V
2025-12-23 10:27:51 - spektroskopi - INFO - Raspberry Pi'dan veri alındı: 6e400002-b5a3-f393-e0a9-e50e24dcca9e (Handle: 19): Nordic UART RX, uzunluk: 2
2025-12-23 10:27:51 - spektroskopi - INFO - Raspberry Pi verisi: Ham=236, Voltaj=236.000V
2025-12-23 10:27:51 - spektroskopi - INFO - Raspberry Pi verisi işlendi: SENSOR_2 = 236.000V
2025-12-23 10:27:51 - spektroskopi - WARNING - Zaman sıralama düzeltildi (averaged): 2025-12-23 10:27:51.312754
2025-12-23 10:27:51 - spektroskopi - WARNING - Zaman sıralama düzeltildi (averaged): 2025-12-23 10:27:51.313754
2025-12-23 10:27:51 - spektroskopi - WARNING - Zaman sıralama düzeltildi (averaged): 2025-12-23 10:27:51.314754
2025-12-23 10:27:51 - spektroskopi - WARNING - Zaman sıralama düzeltildi (averaged): 2025-12-23 10:27:51.315754
2025-12-23 10:27:51 - spektroskopi - WARNING - Zaman sıralama düzeltildi (averaged): 2025-12-23 10:27:51.316754
2025-12-23 10:27:51 - spektroskopi - WARNING - RealTimePanel: UV_360nm raw data uzunluk uyumsuzluğu (timestamps: 145, data: 39)
2025-12-23 10:27:51 - spektroskopi - WARNING - RealTimePanel: UV_360nm calibrated data uzunluk uyumsuzluğu (timestamps: 145, data: 39)
2025-12-23 10:27:51 - spektroskopi - WARNING - RealTimePanel: Blue_450nm raw data uzunluk uyumsuzluğu (timestamps: 145, data: 36)
2025-12-23 10:27:51 - spektroskopi - WARNING - RealTimePanel: Blue_450nm calibrated data uzunluk uyumsuzluğu (timestamps: 145, data: 36)
2025-12-23 10:27:51 - spektroskopi - WARNING - RealTimePanel: IR_850nm raw data uzunluk uyumsuzluğu (timestamps: 145, data: 35)
2025-12-23 10:27:51 - spektroskopi - WARNING - RealTimePanel: IR_850nm calibrated data uzunluk uyumsuzluğu (timestamps: 145, data: 35)
2025-12-23 10:27:51 - spektroskopi - WARNING - RealTimePanel: IR_940nm raw data uzunluk uyumsuzluğu (timestamps: 145, data: 35)
2025-12-23 10:27:51 - spektroskopi - WARNING - RealTimePanel: IR_940nm calibrated data uzunluk uyumsuzluğu (timestamps: 145, data: 35)
2025-12-23 10:27:51 - spektroskopi - INFO - PyQt veri başarıyla güncellendi: raw_data
2025-12-23 10:27:51 - spektroskopi - INFO - Raspberry Pi'dan veri alındı: 6e400005-b5a3-f393-e0a9-e50e24dcca9e (Handle: 16): Unknown, uzunluk: 2
2025-12-23 10:27:51 - spektroskopi - INFO - Raspberry Pi verisi: Ham=239, Voltaj=239.000V
2025-12-23 10:27:51 - spektroskopi - INFO - Raspberry Pi verisi işlendi: SENSOR_EXTRA = 239.000V
2025-12-23 10:27:51 - spektroskopi - INFO - Raspberry Pi'dan veri alındı: 6e400003-b5a3-f393-e0a9-e50e24dcca9e (Handle: 8): Nordic UART TX, uzunluk: 2
2025-12-23 10:27:51 - spektroskopi - INFO - Raspberry Pi verisi: Ham=3101, Voltaj=3101.000V
2025-12-23 10:27:51 - spektroskopi - INFO - Raspberry Pi verisi işlendi: SENSOR_5 = 3101.000V
2025-12-23 10:27:52 - spektroskopi - INFO - Raspberry Pi'dan veri alındı: 6e400004-b5a3-f393-e0a9-e50e24dcca9e (Handle: 11): Unknown, uzunluk: 2
2025-12-23 10:27:52 - spektroskopi - INFO - Raspberry Pi verisi: Ham=3026, Voltaj=3026.000V
2025-12-23 10:27:52 - spektroskopi - INFO - Raspberry Pi verisi işlendi: SENSOR_7 = 3026.000V
2025-12-23 10:27:52 - spektroskopi - INFO - Raspberry Pi'dan veri alındı: 6e400002-b5a3-f393-e0a9-e50e24dcca9e (Handle: 19): Nordic UART RX, uzunluk: 2
2025-12-23 10:27:52 - spektroskopi - INFO - Raspberry Pi verisi: Ham=241, Voltaj=241.000V
2025-12-23 10:27:52 - spektroskopi - INFO - Raspberry Pi verisi işlendi: SENSOR_2 = 241.000V
2025-12-23 10:27:52 - spektroskopi - WARNING - Zaman sıralama düzeltildi (averaged): 2025-12-23 10:27:52.210663
2025-12-23 10:27:52 - spektroskopi - WARNING - Zaman sıralama düzeltildi (averaged): 2025-12-23 10:27:52.211663
2025-12-23 10:27:52 - spektroskopi - WARNING - Zaman sıralama düzeltildi (averaged): 2025-12-23 10:27:52.212663
2025-12-23 10:27:52 - spektroskopi - WARNING - Zaman sıralama düzeltildi (averaged): 2025-12-23 10:27:52.213663
2025-12-23 10:27:52 - spektroskopi - WARNING - RealTimePanel: UV_360nm raw data uzunluk uyumsuzluğu (timestamps: 153, data: 41)
2025-12-23 10:27:52 - spektroskopi - WARNING - RealTimePanel: UV_360nm calibrated data uzunluk uyumsuzluğu (timestamps: 153, data: 41)
2025-12-23 10:27:52 - spektroskopi - WARNING - RealTimePanel: Blue_450nm raw data uzunluk uyumsuzluğu (timestamps: 153, data: 38)
2025-12-23 10:27:52 - spektroskopi - WARNING - RealTimePanel: Blue_450nm calibrated data uzunluk uyumsuzluğu (timestamps: 153, data: 38)
2025-12-23 10:27:52 - spektroskopi - WARNING - RealTimePanel: IR_850nm raw data uzunluk uyumsuzluğu (timestamps: 153, data: 37)
2025-12-23 10:27:52 - spektroskopi - WARNING - RealTimePanel: IR_850nm calibrated data uzunluk uyumsuzluğu (timestamps: 153, data: 37)
2025-12-23 10:27:52 - spektroskopi - WARNING - RealTimePanel: IR_940nm raw data uzunluk uyumsuzluğu (timestamps: 153, data: 37)
2025-12-23 10:27:52 - spektroskopi - WARNING - RealTimePanel: IR_940nm calibrated data uzunluk uyumsuzluğu (timestamps: 153, data: 37)
2025-12-23 10:27:52 - spektroskopi - INFO - PyQt veri başarıyla güncellendi: raw_data
2025-12-23 10:27:52 - spektroskopi - INFO - Raspberry Pi'dan veri alındı: 6e400005-b5a3-f393-e0a9-e50e24dcca9e (Handle: 16): Unknown, uzunluk: 2
2025-12-23 10:27:52 - spektroskopi - INFO - Raspberry Pi verisi: Ham=188, Voltaj=188.000V
2025-12-23 10:27:52 - spektroskopi - INFO - Raspberry Pi verisi işlendi: SENSOR_EXTRA = 188.000V
2025-12-23 10:27:52 - spektroskopi - INFO - Raspberry Pi'dan veri alındı: 6e400003-b5a3-f393-e0a9-e50e24dcca9e (Handle: 8): Nordic UART TX, uzunluk: 2
2025-12-23 10:27:52 - spektroskopi - INFO - Raspberry Pi verisi: Ham=2973, Voltaj=2973.000V
2025-12-23 10:27:52 - spektroskopi - INFO - Raspberry Pi verisi işlendi: SENSOR_5 = 2973.000V
2025-12-23 10:27:52 - spektroskopi - INFO - Raspberry Pi'dan veri alındı: 6e400004-b5a3-f393-e0a9-e50e24dcca9e (Handle: 11): Unknown, uzunluk: 2
2025-12-23 10:27:52 - spektroskopi - INFO - Raspberry Pi verisi: Ham=2846, Voltaj=2846.000V
2025-12-23 10:27:52 - spektroskopi - INFO - Raspberry Pi verisi işlendi: SENSOR_7 = 2846.000V
2025-12-23 10:27:53 - spektroskopi - INFO - Raspberry Pi'dan veri alındı: 6e400002-b5a3-f393-e0a9-e50e24dcca9e (Handle: 19): Nordic UART RX, uzunluk: 2
2025-12-23 10:27:53 - spektroskopi - INFO - Raspberry Pi verisi: Ham=251, Voltaj=251.000V
2025-12-23 10:27:53 - spektroskopi - INFO - Raspberry Pi verisi işlendi: SENSOR_2 = 251.000V
2025-12-23 10:27:53 - spektroskopi - INFO - Raspberry Pi'dan veri alındı: 6e400005-b5a3-f393-e0a9-e50e24dcca9e (Handle: 16): Unknown, uzunluk: 2
2025-12-23 10:27:53 - spektroskopi - INFO - Raspberry Pi verisi: Ham=252, Voltaj=252.000V
2025-12-23 10:27:53 - spektroskopi - INFO - Raspberry Pi verisi işlendi: SENSOR_EXTRA = 252.000V
2025-12-23 10:27:53 - spektroskopi - WARNING - Zaman sıralama düzeltildi (averaged): 2025-12-23 10:27:53.323523
2025-12-23 10:27:53 - spektroskopi - WARNING - Zaman sıralama düzeltildi (averaged): 2025-12-23 10:27:53.324523
2025-12-23 10:27:53 - spektroskopi - WARNING - Zaman sıralama düzeltildi (averaged): 2025-12-23 10:27:53.325523
2025-12-23 10:27:53 - spektroskopi - WARNING - Zaman sıralama düzeltildi (averaged): 2025-12-23 10:27:53.326523
2025-12-23 10:27:53 - spektroskopi - WARNING - Zaman sıralama düzeltildi (averaged): 2025-12-23 10:27:53.327523
2025-12-23 10:27:53 - spektroskopi - WARNING - RealTimePanel: UV_360nm raw data uzunluk uyumsuzluğu (timestamps: 163, data: 43)
2025-12-23 10:27:53 - spektroskopi - WARNING - RealTimePanel: UV_360nm calibrated data uzunluk uyumsuzluğu (timestamps: 163, data: 43)
2025-12-23 10:27:53 - spektroskopi - WARNING - RealTimePanel: Blue_450nm raw data uzunluk uyumsuzluğu (timestamps: 163, data: 42)
2025-12-23 10:27:53 - spektroskopi - WARNING - RealTimePanel: Blue_450nm calibrated data uzunluk uyumsuzluğu (timestamps: 163, data: 42)
2025-12-23 10:27:53 - spektroskopi - WARNING - RealTimePanel: IR_850nm raw data uzunluk uyumsuzluğu (timestamps: 163, data: 39)
2025-12-23 10:27:53 - spektroskopi - WARNING - RealTimePanel: IR_850nm calibrated data uzunluk uyumsuzluğu (timestamps: 163, data: 39)
2025-12-23 10:27:53 - spektroskopi - WARNING - RealTimePanel: IR_940nm raw data uzunluk uyumsuzluğu (timestamps: 163, data: 39)
2025-12-23 10:27:53 - spektroskopi - WARNING - RealTimePanel: IR_940nm calibrated data uzunluk uyumsuzluğu (timestamps: 163, data: 39)
2025-12-23 10:27:53 - spektroskopi - INFO - PyQt veri başarıyla güncellendi: raw_data
2025-12-23 10:27:53 - spektroskopi - INFO - Raspberry Pi'dan veri alındı: 6e400003-b5a3-f393-e0a9-e50e24dcca9e (Handle: 8): Nordic UART TX, uzunluk: 2
2025-12-23 10:27:53 - spektroskopi - INFO - Raspberry Pi verisi: Ham=3027, Voltaj=3027.000V
2025-12-23 10:27:53 - spektroskopi - INFO - Raspberry Pi verisi işlendi: SENSOR_5 = 3027.000V
2025-12-23 10:27:53 - spektroskopi - INFO - Raspberry Pi'dan veri alındı: 6e400004-b5a3-f393-e0a9-e50e24dcca9e (Handle: 11): Unknown, uzunluk: 2
2025-12-23 10:27:53 - spektroskopi - INFO - Raspberry Pi verisi: Ham=2827, Voltaj=2827.000V
2025-12-23 10:27:53 - spektroskopi - INFO - Raspberry Pi verisi işlendi: SENSOR_7 = 2827.000V
2025-12-23 10:27:53 - spektroskopi - INFO - Raspberry Pi'dan veri alındı: 6e400002-b5a3-f393-e0a9-e50e24dcca9e (Handle: 19): Nordic UART RX, uzunluk: 2
2025-12-23 10:27:53 - spektroskopi - INFO - Raspberry Pi verisi: Ham=200, Voltaj=200.000V
2025-12-23 10:27:53 - spektroskopi - INFO - Raspberry Pi verisi işlendi: SENSOR_2 = 200.000V
2025-12-23 10:27:54 - spektroskopi - INFO - Raspberry Pi'dan veri alındı: 6e400005-b5a3-f393-e0a9-e50e24dcca9e (Handle: 16): Unknown, uzunluk: 2
2025-12-23 10:27:54 - spektroskopi - INFO - Raspberry Pi verisi: Ham=244, Voltaj=244.000V
2025-12-23 10:27:54 - spektroskopi - INFO - Raspberry Pi verisi işlendi: SENSOR_EXTRA = 244.000V
2025-12-23 10:27:54 - spektroskopi - WARNING - Zaman sıralama düzeltildi (averaged): 2025-12-23 10:27:54.220781
2025-12-23 10:27:54 - spektroskopi - WARNING - Zaman sıralama düzeltildi (averaged): 2025-12-23 10:27:54.221781
2025-12-23 10:27:54 - spektroskopi - WARNING - Zaman sıralama düzeltildi (averaged): 2025-12-23 10:27:54.222781
2025-12-23 10:27:54 - spektroskopi - WARNING - Zaman sıralama düzeltildi (averaged): 2025-12-23 10:27:54.223781
2025-12-23 10:27:54 - spektroskopi - WARNING - RealTimePanel: UV_360nm raw data uzunluk uyumsuzluğu (timestamps: 171, data: 45)
2025-12-23 10:27:54 - spektroskopi - WARNING - RealTimePanel: UV_360nm calibrated data uzunluk uyumsuzluğu (timestamps: 171, data: 45)
2025-12-23 10:27:54 - spektroskopi - WARNING - RealTimePanel: Blue_450nm raw data uzunluk uyumsuzluğu (timestamps: 171, data: 44)
2025-12-23 10:27:54 - spektroskopi - WARNING - RealTimePanel: Blue_450nm calibrated data uzunluk uyumsuzluğu (timestamps: 171, data: 44)
2025-12-23 10:27:54 - spektroskopi - WARNING - RealTimePanel: IR_850nm raw data uzunluk uyumsuzluğu (timestamps: 171, data: 41)
2025-12-23 10:27:54 - spektroskopi - WARNING - RealTimePanel: IR_850nm calibrated data uzunluk uyumsuzluğu (timestamps: 171, data: 41)
2025-12-23 10:27:54 - spektroskopi - WARNING - RealTimePanel: IR_940nm raw data uzunluk uyumsuzluğu (timestamps: 171, data: 41)
2025-12-23 10:27:54 - spektroskopi - WARNING - RealTimePanel: IR_940nm calibrated data uzunluk uyumsuzluğu (timestamps: 171, data: 41)
2025-12-23 10:27:54 - spektroskopi - INFO - PyQt veri başarıyla güncellendi: raw_data
2025-12-23 10:27:54 - spektroskopi - INFO - Raspberry Pi'dan veri alındı: 6e400003-b5a3-f393-e0a9-e50e24dcca9e (Handle: 8): Nordic UART TX, uzunluk: 2
2025-12-23 10:27:54 - spektroskopi - INFO - Raspberry Pi verisi: Ham=3107, Voltaj=3107.000V
2025-12-23 10:27:54 - spektroskopi - INFO - Raspberry Pi verisi işlendi: SENSOR_5 = 3107.000V
2025-12-23 10:27:54 - spektroskopi - INFO - Raspberry Pi'dan veri alındı: 6e400004-b5a3-f393-e0a9-e50e24dcca9e (Handle: 11): Unknown, uzunluk: 2
2025-12-23 10:27:54 - spektroskopi - INFO - Raspberry Pi verisi: Ham=3013, Voltaj=3013.000V
2025-12-23 10:27:54 - spektroskopi - INFO - Raspberry Pi verisi işlendi: SENSOR_7 = 3013.000V
2025-12-23 10:27:54 - spektroskopi - INFO - Raspberry Pi'dan veri alındı: 6e400002-b5a3-f393-e0a9-e50e24dcca9e (Handle: 19): Nordic UART RX, uzunluk: 2
2025-12-23 10:27:54 - spektroskopi - INFO - Raspberry Pi verisi: Ham=241, Voltaj=241.000V
2025-12-23 10:27:54 - spektroskopi - INFO - Raspberry Pi verisi işlendi: SENSOR_2 = 241.000V
2025-12-23 10:27:55 - spektroskopi - INFO - Raspberry Pi'dan veri alındı: 6e400005-b5a3-f393-e0a9-e50e24dcca9e (Handle: 16): Unknown, uzunluk: 2
2025-12-23 10:27:55 - spektroskopi - INFO - Raspberry Pi verisi: Ham=239, Voltaj=239.000V
2025-12-23 10:27:55 - spektroskopi - INFO - Raspberry Pi verisi işlendi: SENSOR_EXTRA = 239.000V
2025-12-23 10:27:55 - spektroskopi - WARNING - Zaman sıralama düzeltildi (averaged): 2025-12-23 10:27:55.090044
2025-12-23 10:27:55 - spektroskopi - WARNING - Zaman sıralama düzeltildi (averaged): 2025-12-23 10:27:55.091044
2025-12-23 10:27:55 - spektroskopi - WARNING - Zaman sıralama düzeltildi (averaged): 2025-12-23 10:27:55.092044
2025-12-23 10:27:55 - spektroskopi - WARNING - Zaman sıralama düzeltildi (averaged): 2025-12-23 10:27:55.093044
2025-12-23 10:27:55 - spektroskopi - WARNING - RealTimePanel: UV_360nm raw data uzunluk uyumsuzluğu (timestamps: 179, data: 47)
2025-12-23 10:27:55 - spektroskopi - WARNING - RealTimePanel: UV_360nm calibrated data uzunluk uyumsuzluğu (timestamps: 179, data: 47)
2025-12-23 10:27:55 - spektroskopi - WARNING - RealTimePanel: Blue_450nm raw data uzunluk uyumsuzluğu (timestamps: 179, data: 46)
2025-12-23 10:27:55 - spektroskopi - WARNING - RealTimePanel: Blue_450nm calibrated data uzunluk uyumsuzluğu (timestamps: 179, data: 46)
2025-12-23 10:27:55 - spektroskopi - WARNING - RealTimePanel: IR_850nm raw data uzunluk uyumsuzluğu (timestamps: 179, data: 43)
2025-12-23 10:27:55 - spektroskopi - WARNING - RealTimePanel: IR_850nm calibrated data uzunluk uyumsuzluğu (timestamps: 179, data: 43)
2025-12-23 10:27:55 - spektroskopi - WARNING - RealTimePanel: IR_940nm raw data uzunluk uyumsuzluğu (timestamps: 179, data: 43)
2025-12-23 10:27:55 - spektroskopi - WARNING - RealTimePanel: IR_940nm calibrated data uzunluk uyumsuzluğu (timestamps: 179, data: 43)
2025-12-23 10:27:55 - spektroskopi - INFO - PyQt veri başarıyla güncellendi: raw_data
2025-12-23 10:27:55 - spektroskopi - INFO - Raspberry Pi'dan veri alındı: 6e400003-b5a3-f393-e0a9-e50e24dcca9e (Handle: 8): Nordic UART TX, uzunluk: 2
2025-12-23 10:27:55 - spektroskopi - INFO - Raspberry Pi verisi: Ham=3108, Voltaj=3108.000V
2025-12-23 10:27:55 - spektroskopi - INFO - Raspberry Pi verisi işlendi: SENSOR_5 = 3108.000V
2025-12-23 10:27:55 - spektroskopi - INFO - Raspberry Pi'dan veri alındı: 6e400004-b5a3-f393-e0a9-e50e24dcca9e (Handle: 11): Unknown, uzunluk: 2
2025-12-23 10:27:55 - spektroskopi - INFO - Raspberry Pi verisi: Ham=3019, Voltaj=3019.000V
2025-12-23 10:27:55 - spektroskopi - INFO - Raspberry Pi verisi işlendi: SENSOR_7 = 3019.000V
2025-12-23 10:27:55 - spektroskopi - INFO - Raspberry Pi'dan veri alındı: 6e400002-b5a3-f393-e0a9-e50e24dcca9e (Handle: 19): Nordic UART RX, uzunluk: 2
2025-12-23 10:27:55 - spektroskopi - INFO - Raspberry Pi verisi: Ham=246, Voltaj=246.000V
2025-12-23 10:27:55 - spektroskopi - INFO - Raspberry Pi verisi işlendi: SENSOR_2 = 246.000V
2025-12-23 10:27:55 - spektroskopi - INFO - Raspberry Pi'dan veri alındı: 6e400005-b5a3-f393-e0a9-e50e24dcca9e (Handle: 16): Unknown, uzunluk: 2
2025-12-23 10:27:55 - spektroskopi - INFO - Raspberry Pi verisi: Ham=240, Voltaj=240.000V
2025-12-23 10:27:55 - spektroskopi - INFO - Raspberry Pi verisi işlendi: SENSOR_EXTRA = 240.000V
2025-12-23 10:27:56 - spektroskopi - INFO - Raspberry Pi'dan veri alındı: 6e400003-b5a3-f393-e0a9-e50e24dcca9e (Handle: 8): Nordic UART TX, uzunluk: 2
2025-12-23 10:27:56 - spektroskopi - INFO - Raspberry Pi verisi: Ham=3096, Voltaj=3096.000V
2025-12-23 10:27:56 - spektroskopi - INFO - Raspberry Pi verisi işlendi: SENSOR_5 = 3096.000V
2025-12-23 10:27:56 - spektroskopi - WARNING - Zaman sıralama düzeltildi (averaged): 2025-12-23 10:27:56.229847
2025-12-23 10:27:56 - spektroskopi - WARNING - Zaman sıralama düzeltildi (averaged): 2025-12-23 10:27:56.230847
2025-12-23 10:27:56 - spektroskopi - WARNING - Zaman sıralama düzeltildi (averaged): 2025-12-23 10:27:56.231847
2025-12-23 10:27:56 - spektroskopi - WARNING - Zaman sıralama düzeltildi (averaged): 2025-12-23 10:27:56.232847
2025-12-23 10:27:56 - spektroskopi - WARNING - Zaman sıralama düzeltildi (averaged): 2025-12-23 10:27:56.233847
2025-12-23 10:27:56 - spektroskopi - WARNING - RealTimePanel: UV_360nm raw data uzunluk uyumsuzluğu (timestamps: 189, data: 49)
2025-12-23 10:27:56 - spektroskopi - WARNING - RealTimePanel: UV_360nm calibrated data uzunluk uyumsuzluğu (timestamps: 189, data: 49)
2025-12-23 10:27:56 - spektroskopi - WARNING - RealTimePanel: Blue_450nm raw data uzunluk uyumsuzluğu (timestamps: 189, data: 48)
2025-12-23 10:27:56 - spektroskopi - WARNING - RealTimePanel: Blue_450nm calibrated data uzunluk uyumsuzluğu (timestamps: 189, data: 48)
2025-12-23 10:27:56 - spektroskopi - WARNING - RealTimePanel: IR_850nm raw data uzunluk uyumsuzluğu (timestamps: 189, data: 45)
2025-12-23 10:27:56 - spektroskopi - WARNING - RealTimePanel: IR_850nm calibrated data uzunluk uyumsuzluğu (timestamps: 189, data: 45)
2025-12-23 10:27:56 - spektroskopi - WARNING - RealTimePanel: IR_940nm raw data uzunluk uyumsuzluğu (timestamps: 189, data: 47)
2025-12-23 10:27:56 - spektroskopi - WARNING - RealTimePanel: IR_940nm calibrated data uzunluk uyumsuzluğu (timestamps: 189, data: 47)
2025-12-23 10:27:56 - spektroskopi - INFO - PyQt veri başarıyla güncellendi: raw_data
2025-12-23 10:27:56 - spektroskopi - INFO - Raspberry Pi'dan veri alındı: 6e400004-b5a3-f393-e0a9-e50e24dcca9e (Handle: 11): Unknown, uzunluk: 2
2025-12-23 10:27:56 - spektroskopi - INFO - Raspberry Pi verisi: Ham=3002, Voltaj=3002.000V
2025-12-23 10:27:56 - spektroskopi - INFO - Raspberry Pi verisi işlendi: SENSOR_7 = 3002.000V
2025-12-23 10:27:56 - spektroskopi - INFO - Raspberry Pi'dan veri alındı: 6e400002-b5a3-f393-e0a9-e50e24dcca9e (Handle: 19): Nordic UART RX, uzunluk: 2
2025-12-23 10:27:56 - spektroskopi - INFO - Raspberry Pi verisi: Ham=262, Voltaj=262.000V
2025-12-23 10:27:56 - spektroskopi - INFO - Raspberry Pi verisi işlendi: SENSOR_2 = 262.000V
2025-12-23 10:27:56 - spektroskopi - INFO - Raspberry Pi'dan veri alındı: 6e400005-b5a3-f393-e0a9-e50e24dcca9e (Handle: 16): Unknown, uzunluk: 2
2025-12-23 10:27:56 - spektroskopi - INFO - Raspberry Pi verisi: Ham=270, Voltaj=270.000V
2025-12-23 10:27:56 - spektroskopi - INFO - Raspberry Pi verisi işlendi: SENSOR_EXTRA = 270.000V
2025-12-23 10:27:57 - spektroskopi - INFO - Raspberry Pi'dan veri alındı: 6e400003-b5a3-f393-e0a9-e50e24dcca9e (Handle: 8): Nordic UART TX, uzunluk: 2
2025-12-23 10:27:57 - spektroskopi - INFO - Raspberry Pi verisi: Ham=3095, Voltaj=3095.000V
2025-12-23 10:27:57 - spektroskopi - INFO - Raspberry Pi verisi işlendi: SENSOR_5 = 3095.000V
2025-12-23 10:27:57 - spektroskopi - WARNING - Zaman sıralama düzeltildi (averaged): 2025-12-23 10:27:57.101475
2025-12-23 10:27:57 - spektroskopi - WARNING - Zaman sıralama düzeltildi (averaged): 2025-12-23 10:27:57.102475
2025-12-23 10:27:57 - spektroskopi - WARNING - Zaman sıralama düzeltildi (averaged): 2025-12-23 10:27:57.103475
2025-12-23 10:27:57 - spektroskopi - WARNING - Zaman sıralama düzeltildi (averaged): 2025-12-23 10:27:57.104475
2025-12-23 10:27:57 - spektroskopi - WARNING - RealTimePanel: UV_360nm raw data uzunluk uyumsuzluğu (timestamps: 197, data: 51)
2025-12-23 10:27:57 - spektroskopi - WARNING - RealTimePanel: UV_360nm calibrated data uzunluk uyumsuzluğu (timestamps: 197, data: 51)
2025-12-23 10:27:57 - spektroskopi - WARNING - RealTimePanel: Blue_450nm raw data uzunluk uyumsuzluğu (timestamps: 197, data: 50)
2025-12-23 10:27:57 - spektroskopi - WARNING - RealTimePanel: Blue_450nm calibrated data uzunluk uyumsuzluğu (timestamps: 197, data: 50)
2025-12-23 10:27:57 - spektroskopi - WARNING - RealTimePanel: IR_850nm raw data uzunluk uyumsuzluğu (timestamps: 197, data: 47)
2025-12-23 10:27:57 - spektroskopi - WARNING - RealTimePanel: IR_850nm calibrated data uzunluk uyumsuzluğu (timestamps: 197, data: 47)
2025-12-23 10:27:57 - spektroskopi - WARNING - RealTimePanel: IR_940nm raw data uzunluk uyumsuzluğu (timestamps: 197, data: 49)
2025-12-23 10:27:57 - spektroskopi - WARNING - RealTimePanel: IR_940nm calibrated data uzunluk uyumsuzluğu (timestamps: 197, data: 49)
2025-12-23 10:27:57 - spektroskopi - INFO - PyQt veri başarıyla güncellendi: raw_data
2025-12-23 10:27:57 - spektroskopi - INFO - Raspberry Pi'dan veri alındı: 6e400004-b5a3-f393-e0a9-e50e24dcca9e (Handle: 11): Unknown, uzunluk: 2
2025-12-23 10:27:57 - spektroskopi - INFO - Raspberry Pi verisi: Ham=2994, Voltaj=2994.000V
2025-12-23 10:27:57 - spektroskopi - INFO - Raspberry Pi verisi işlendi: SENSOR_7 = 2994.000V
2025-12-23 10:27:57 - spektroskopi - INFO - Raspberry Pi'dan veri alındı: 6e400002-b5a3-f393-e0a9-e50e24dcca9e (Handle: 19): Nordic UART RX, uzunluk: 2
2025-12-23 10:27:57 - spektroskopi - INFO - Raspberry Pi verisi: Ham=286, Voltaj=286.000V
2025-12-23 10:27:57 - spektroskopi - INFO - Raspberry Pi verisi işlendi: SENSOR_2 = 286.000V
2025-12-23 10:27:57 - spektroskopi - INFO - Raspberry Pi'dan veri alındı: 6e400005-b5a3-f393-e0a9-e50e24dcca9e (Handle: 16): Unknown, uzunluk: 2
2025-12-23 10:27:57 - spektroskopi - INFO - Raspberry Pi verisi: Ham=297, Voltaj=297.000V
2025-12-23 10:27:57 - spektroskopi - INFO - Raspberry Pi verisi işlendi: SENSOR_EXTRA = 297.000V
2025-12-23 10:27:57 - spektroskopi - INFO - Raspberry Pi'dan veri alındı: 6e400003-b5a3-f393-e0a9-e50e24dcca9e (Handle: 8): Nordic UART TX, uzunluk: 2
2025-12-23 10:27:57 - spektroskopi - INFO - Raspberry Pi verisi: Ham=3082, Voltaj=3082.000V
2025-12-23 10:27:57 - spektroskopi - INFO - Raspberry Pi verisi işlendi: SENSOR_5 = 3082.000V
2025-12-23 10:27:58 - spektroskopi - INFO - Raspberry Pi'dan veri alındı: 6e400004-b5a3-f393-e0a9-e50e24dcca9e (Handle: 11): Unknown, uzunluk: 2
2025-12-23 10:27:58 - spektroskopi - INFO - Raspberry Pi verisi: Ham=2984, Voltaj=2984.000V
2025-12-23 10:27:58 - spektroskopi - INFO - Raspberry Pi verisi işlendi: SENSOR_7 = 2984.000V
2025-12-23 10:27:58 - spektroskopi - INFO - Raspberry Pi'dan veri alındı: 6e400002-b5a3-f393-e0a9-e50e24dcca9e (Handle: 19): Nordic UART RX, uzunluk: 2
2025-12-23 10:27:58 - spektroskopi - INFO - Raspberry Pi verisi: Ham=313, Voltaj=313.000V
2025-12-23 10:27:58 - spektroskopi - INFO - Raspberry Pi verisi işlendi: SENSOR_2 = 313.000V
2025-12-23 10:27:58 - spektroskopi - WARNING - Zaman sıralama düzeltildi (averaged): 2025-12-23 10:27:58.359955
2025-12-23 10:27:58 - spektroskopi - WARNING - Zaman sıralama düzeltildi (averaged): 2025-12-23 10:27:58.360955
2025-12-23 10:27:58 - spektroskopi - WARNING - Zaman sıralama düzeltildi (averaged): 2025-12-23 10:27:58.361955
2025-12-23 10:27:58 - spektroskopi - WARNING - Zaman sıralama düzeltildi (averaged): 2025-12-23 10:27:58.362955
2025-12-23 10:27:58 - spektroskopi - WARNING - Zaman sıralama düzeltildi (averaged): 2025-12-23 10:27:58.363955
2025-12-23 10:27:58 - spektroskopi - WARNING - Zaman sıralama düzeltildi (averaged): 2025-12-23 10:27:58.364955
2025-12-23 10:27:58 - spektroskopi - WARNING - RealTimePanel: UV_360nm raw data uzunluk uyumsuzluğu (timestamps: 209, data: 55)
2025-12-23 10:27:58 - spektroskopi - WARNING - RealTimePanel: UV_360nm calibrated data uzunluk uyumsuzluğu (timestamps: 209, data: 55)
2025-12-23 10:27:58 - spektroskopi - WARNING - RealTimePanel: Blue_450nm raw data uzunluk uyumsuzluğu (timestamps: 209, data: 52)
2025-12-23 10:27:58 - spektroskopi - WARNING - RealTimePanel: Blue_450nm calibrated data uzunluk uyumsuzluğu (timestamps: 209, data: 52)
2025-12-23 10:27:58 - spektroskopi - WARNING - RealTimePanel: IR_850nm raw data uzunluk uyumsuzluğu (timestamps: 209, data: 51)
2025-12-23 10:27:58 - spektroskopi - WARNING - RealTimePanel: IR_850nm calibrated data uzunluk uyumsuzluğu (timestamps: 209, data: 51)
2025-12-23 10:27:58 - spektroskopi - WARNING - RealTimePanel: IR_940nm raw data uzunluk uyumsuzluğu (timestamps: 209, data: 51)
2025-12-23 10:27:58 - spektroskopi - WARNING - RealTimePanel: IR_940nm calibrated data uzunluk uyumsuzluğu (timestamps: 209, data: 51)
2025-12-23 10:27:58 - spektroskopi - INFO - PyQt veri başarıyla güncellendi: raw_data
2025-12-23 10:27:58 - spektroskopi - INFO - Raspberry Pi'dan veri alındı: 6e400005-b5a3-f393-e0a9-e50e24dcca9e (Handle: 16): Unknown, uzunluk: 2
2025-12-23 10:27:58 - spektroskopi - INFO - Raspberry Pi verisi: Ham=312, Voltaj=312.000V
2025-12-23 10:27:58 - spektroskopi - INFO - Raspberry Pi verisi işlendi: SENSOR_EXTRA = 312.000V
2025-12-23 10:27:58 - spektroskopi - INFO - LED bireysel kontrol komutu gönderildi: 0b100
2025-12-23 10:27:58 - spektroskopi - INFO - LED durumları güncellendi: ['led_4']
2025-12-23 10:27:58 - spektroskopi - INFO - Raspberry Pi'dan veri alındı: 6e400003-b5a3-f393-e0a9-e50e24dcca9e (Handle: 8): Nordic UART TX, uzunluk: 2
2025-12-23 10:27:58 - spektroskopi - INFO - Raspberry Pi verisi: Ham=3077, Voltaj=3077.000V
2025-12-23 10:27:58 - spektroskopi - INFO - Raspberry Pi verisi işlendi: SENSOR_5 = 3077.000V
2025-12-23 10:27:59 - spektroskopi - INFO - Raspberry Pi'dan veri alındı: 6e400004-b5a3-f393-e0a9-e50e24dcca9e (Handle: 11): Unknown, uzunluk: 2
2025-12-23 10:27:59 - spektroskopi - INFO - Raspberry Pi verisi: Ham=2989, Voltaj=2989.000V
2025-12-23 10:27:59 - spektroskopi - INFO - Raspberry Pi verisi işlendi: SENSOR_7 = 2989.000V
2025-12-23 10:27:59 - spektroskopi - INFO - Raspberry Pi'dan veri alındı: 6e400002-b5a3-f393-e0a9-e50e24dcca9e (Handle: 19): Nordic UART RX, uzunluk: 2
2025-12-23 10:27:59 - spektroskopi - INFO - Raspberry Pi verisi: Ham=308, Voltaj=308.000V
2025-12-23 10:27:59 - spektroskopi - INFO - Raspberry Pi verisi işlendi: SENSOR_2 = 308.000V
2025-12-23 10:27:59 - spektroskopi - INFO - LED kontrol komutu gönderildi: LED durumları: L1=False, L3=False, L4=True, L6=False
2025-12-23 10:27:59 - spektroskopi - WARNING - Zaman sıralama düzeltildi (averaged): 2025-12-23 10:27:59.231168
2025-12-23 10:27:59 - spektroskopi - WARNING - Zaman sıralama düzeltildi (averaged): 2025-12-23 10:27:59.232168
2025-12-23 10:27:59 - spektroskopi - WARNING - Zaman sıralama düzeltildi (averaged): 2025-12-23 10:27:59.233168
2025-12-23 10:27:59 - spektroskopi - WARNING - Zaman sıralama düzeltildi (averaged): 2025-12-23 10:27:59.234168
2025-12-23 10:27:59 - spektroskopi - WARNING - RealTimePanel: UV_360nm raw data uzunluk uyumsuzluğu (timestamps: 217, data: 57)
2025-12-23 10:27:59 - spektroskopi - WARNING - RealTimePanel: UV_360nm calibrated data uzunluk uyumsuzluğu (timestamps: 217, data: 57)
2025-12-23 10:27:59 - spektroskopi - WARNING - RealTimePanel: Blue_450nm raw data uzunluk uyumsuzluğu (timestamps: 217, data: 54)
2025-12-23 10:27:59 - spektroskopi - WARNING - RealTimePanel: Blue_450nm calibrated data uzunluk uyumsuzluğu (timestamps: 217, data: 54)
2025-12-23 10:27:59 - spektroskopi - WARNING - RealTimePanel: IR_850nm raw data uzunluk uyumsuzluğu (timestamps: 217, data: 53)
2025-12-23 10:27:59 - spektroskopi - WARNING - RealTimePanel: IR_850nm calibrated data uzunluk uyumsuzluğu (timestamps: 217, data: 53)
2025-12-23 10:27:59 - spektroskopi - WARNING - RealTimePanel: IR_940nm raw data uzunluk uyumsuzluğu (timestamps: 217, data: 53)
2025-12-23 10:27:59 - spektroskopi - WARNING - RealTimePanel: IR_940nm calibrated data uzunluk uyumsuzluğu (timestamps: 217, data: 53)
2025-12-23 10:27:59 - spektroskopi - INFO - PyQt veri başarıyla güncellendi: raw_data
2025-12-23 10:27:59 - spektroskopi - INFO - Raspberry Pi'dan veri alındı: 6e400005-b5a3-f393-e0a9-e50e24dcca9e (Handle: 16): Unknown, uzunluk: 2
2025-12-23 10:27:59 - spektroskopi - INFO - Raspberry Pi verisi: Ham=309, Voltaj=309.000V
2025-12-23 10:27:59 - spektroskopi - INFO - Raspberry Pi verisi işlendi: SENSOR_EXTRA = 309.000V
2025-12-23 10:27:59 - spektroskopi - INFO - Raspberry Pi'dan veri alındı: 6e400003-b5a3-f393-e0a9-e50e24dcca9e (Handle: 8): Nordic UART TX, uzunluk: 2
2025-12-23 10:27:59 - spektroskopi - INFO - Raspberry Pi verisi: Ham=3078, Voltaj=3078.000V
2025-12-23 10:27:59 - spektroskopi - INFO - Raspberry Pi verisi işlendi: SENSOR_5 = 3078.000V
2025-12-23 10:28:00 - spektroskopi - INFO - Raspberry Pi'dan veri alındı: 6e400004-b5a3-f393-e0a9-e50e24dcca9e (Handle: 11): Unknown, uzunluk: 2
2025-12-23 10:28:00 - spektroskopi - INFO - Raspberry Pi verisi: Ham=2985, Voltaj=2985.000V
2025-12-23 10:28:00 - spektroskopi - INFO - Raspberry Pi verisi işlendi: SENSOR_7 = 2985.000V
2025-12-23 10:28:00 - spektroskopi - INFO - Raspberry Pi'dan veri alındı: 6e400002-b5a3-f393-e0a9-e50e24dcca9e (Handle: 19): Nordic UART RX, uzunluk: 2
2025-12-23 10:28:00 - spektroskopi - INFO - Raspberry Pi verisi: Ham=315, Voltaj=315.000V
2025-12-23 10:28:00 - spektroskopi - INFO - Raspberry Pi verisi işlendi: SENSOR_2 = 315.000V
2025-12-23 10:28:00 - spektroskopi - INFO - Raspberry Pi'dan veri alındı: 6e400005-b5a3-f393-e0a9-e50e24dcca9e (Handle: 16): Unknown, uzunluk: 2
2025-12-23 10:28:00 - spektroskopi - INFO - Raspberry Pi verisi: Ham=310, Voltaj=310.000V
2025-12-23 10:28:00 - spektroskopi - INFO - Raspberry Pi verisi işlendi: SENSOR_EXTRA = 310.000V
2025-12-23 10:28:00 - spektroskopi - WARNING - Zaman sıralama düzeltildi (averaged): 2025-12-23 10:28:00.370277
2025-12-23 10:28:00 - spektroskopi - WARNING - Zaman sıralama düzeltildi (averaged): 2025-12-23 10:28:00.371277
2025-12-23 10:28:00 - spektroskopi - WARNING - Zaman sıralama düzeltildi (averaged): 2025-12-23 10:28:00.372277
2025-12-23 10:28:00 - spektroskopi - WARNING - Zaman sıralama düzeltildi (averaged): 2025-12-23 10:28:00.373277
2025-12-23 10:28:00 - spektroskopi - WARNING - Zaman sıralama düzeltildi (averaged): 2025-12-23 10:28:00.374277
2025-12-23 10:28:00 - spektroskopi - WARNING - RealTimePanel: UV_360nm raw data uzunluk uyumsuzluğu (timestamps: 227, data: 59)
2025-12-23 10:28:00 - spektroskopi - WARNING - RealTimePanel: UV_360nm calibrated data uzunluk uyumsuzluğu (timestamps: 227, data: 59)
2025-12-23 10:28:00 - spektroskopi - WARNING - RealTimePanel: Blue_450nm raw data uzunluk uyumsuzluğu (timestamps: 227, data: 58)
2025-12-23 10:28:00 - spektroskopi - WARNING - RealTimePanel: Blue_450nm calibrated data uzunluk uyumsuzluğu (timestamps: 227, data: 58)
2025-12-23 10:28:00 - spektroskopi - WARNING - RealTimePanel: IR_850nm raw data uzunluk uyumsuzluğu (timestamps: 227, data: 55)
2025-12-23 10:28:00 - spektroskopi - WARNING - RealTimePanel: IR_850nm calibrated data uzunluk uyumsuzluğu (timestamps: 227, data: 55)
2025-12-23 10:28:00 - spektroskopi - WARNING - RealTimePanel: IR_940nm raw data uzunluk uyumsuzluğu (timestamps: 227, data: 55)
2025-12-23 10:28:00 - spektroskopi - WARNING - RealTimePanel: IR_940nm calibrated data uzunluk uyumsuzluğu (timestamps: 227, data: 55)
2025-12-23 10:28:00 - spektroskopi - INFO - PyQt veri başarıyla güncellendi: raw_data
2025-12-23 10:28:00 - spektroskopi - INFO - Raspberry Pi'dan veri alındı: 6e400003-b5a3-f393-e0a9-e50e24dcca9e (Handle: 8): Nordic UART TX, uzunluk: 2
2025-12-23 10:28:00 - spektroskopi - INFO - Raspberry Pi verisi: Ham=3073, Voltaj=3073.000V
2025-12-23 10:28:00 - spektroskopi - INFO - Raspberry Pi verisi işlendi: SENSOR_5 = 3073.000V
2025-12-23 10:28:00 - spektroskopi - INFO - LED bireysel kontrol komutu gönderildi: 0b0
2025-12-23 10:28:00 - spektroskopi - INFO - LED durumları güncellendi: []
2025-12-23 10:28:00 - spektroskopi - INFO - LED kontrol komutu gönderildi: TÜM LED'LER KAPATILDI
2025-12-23 10:28:00 - spektroskopi - INFO - Raspberry Pi'dan veri alındı: 6e400004-b5a3-f393-e0a9-e50e24dcca9e (Handle: 11): Unknown, uzunluk: 2
2025-12-23 10:28:00 - spektroskopi - INFO - Raspberry Pi verisi: Ham=3135, Voltaj=3135.000V
2025-12-23 10:28:00 - spektroskopi - INFO - Raspberry Pi verisi işlendi: SENSOR_7 = 3135.000V
2025-12-23 10:28:01 - spektroskopi - WARNING - Zaman sıralama düzeltildi (averaged): 2025-12-23 10:28:00.882139
2025-12-23 10:28:01 - spektroskopi - WARNING - Zaman sıralama düzeltildi (averaged): 2025-12-23 10:28:00.883139
2025-12-23 10:28:01 - spektroskopi - WARNING - RealTimePanel: UV_360nm raw data uzunluk uyumsuzluğu (timestamps: 231, data: 59)
2025-12-23 10:28:01 - spektroskopi - WARNING - RealTimePanel: UV_360nm calibrated data uzunluk uyumsuzluğu (timestamps: 231, data: 59)
2025-12-23 10:28:01 - spektroskopi - WARNING - RealTimePanel: Blue_450nm raw data uzunluk uyumsuzluğu (timestamps: 231, data: 58)
2025-12-23 10:28:01 - spektroskopi - WARNING - RealTimePanel: Blue_450nm calibrated data uzunluk uyumsuzluğu (timestamps: 231, data: 58)
2025-12-23 10:28:01 - spektroskopi - WARNING - RealTimePanel: IR_850nm raw data uzunluk uyumsuzluğu (timestamps: 231, data: 57)
2025-12-23 10:28:01 - spektroskopi - WARNING - RealTimePanel: IR_850nm calibrated data uzunluk uyumsuzluğu (timestamps: 231, data: 57)
2025-12-23 10:28:01 - spektroskopi - WARNING - RealTimePanel: IR_940nm raw data uzunluk uyumsuzluğu (timestamps: 231, data: 57)
2025-12-23 10:28:01 - spektroskopi - WARNING - RealTimePanel: IR_940nm calibrated data uzunluk uyumsuzluğu (timestamps: 231, data: 57)
2025-12-23 10:28:01 - spektroskopi - INFO - PyQt veri başarıyla güncellendi: raw_data
2025-12-23 10:28:01 - spektroskopi - INFO - Sistem durduruldu - veri işleme pasif
2025-12-23 10:28:01 - spektroskopi - INFO - Live mod deaktifleştirildi
2025-12-23 10:28:01 - spektroskopi - INFO - Sistem durduruldu - Custom data hesaplamaları durduruldu
2025-12-23 10:28:01 - spektroskopi - INFO - LED KAPATMA komutu queue'ya eklendi
2025-12-23 10:28:01 - spektroskopi - INFO - SYSTEM EVENT: SYSTEM_STOPPED
2025-12-23 10:28:01 - spektroskopi - INFO - LED kontrol komutu gönderildi: TÜM LED'LER KAPATILDI
2025-12-23 10:28:04 - spektroskopi - INFO - LED bireysel kontrol komutu gönderildi: 0b10
2025-12-23 10:28:04 - spektroskopi - INFO - LED durumları güncellendi: ['led_3']
2025-12-23 10:28:04 - spektroskopi - INFO - LED kontrol komutu gönderildi: LED durumları: L1=False, L3=True, L4=False, L6=False
2025-12-23 10:28:06 - spektroskopi - INFO - Veri buffer'ları temizlendi
2025-12-23 10:28:06 - spektroskopi - INFO - Sistem başlatıldı - veri işleme aktif
2025-12-23 10:28:06 - spektroskopi - INFO - Live mod aktifleştirildi
2025-12-23 10:28:06 - spektroskopi - INFO - Sistem başlatıldı - Custom data hesaplamaları otomatik başlatıldı
2025-12-23 10:28:06 - spektroskopi - INFO - START komutu gönderildi: l_d=4, a_d=3, r_d=250, LEDs=0b10
2025-12-23 10:28:06 - spektroskopi - INFO - SYSTEM EVENT: SYSTEM_STARTED - l_d=4, a_d=3, r_d=250
2025-12-23 10:28:06 - spektroskopi - INFO - LED kontrol komutu gönderildi: LED durumları: L1=False, L3=False, L4=True, L6=False
2025-12-23 10:28:06 - spektroskopi - INFO - Raspberry Pi'dan veri alındı: 6e400002-b5a3-f393-e0a9-e50e24dcca9e (Handle: 19): Nordic UART RX, uzunluk: 2
2025-12-23 10:28:06 - spektroskopi - INFO - Raspberry Pi verisi: Ham=248, Voltaj=248.000V
2025-12-23 10:28:06 - spektroskopi - INFO - Raspberry Pi verisi işlendi: SENSOR_2 = 248.000V
2025-12-23 10:28:06 - spektroskopi - INFO - Raspberry Pi'dan veri alındı: 6e400005-b5a3-f393-e0a9-e50e24dcca9e (Handle: 16): Unknown, uzunluk: 2
2025-12-23 10:28:06 - spektroskopi - INFO - Raspberry Pi verisi: Ham=250, Voltaj=250.000V
2025-12-23 10:28:06 - spektroskopi - INFO - Raspberry Pi verisi işlendi: SENSOR_EXTRA = 250.000V
2025-12-23 10:28:07 - spektroskopi - INFO - Raspberry Pi'dan veri alındı: 6e400003-b5a3-f393-e0a9-e50e24dcca9e (Handle: 8): Nordic UART TX, uzunluk: 2
2025-12-23 10:28:07 - spektroskopi - INFO - Raspberry Pi verisi: Ham=3185, Voltaj=3185.000V
2025-12-23 10:28:07 - spektroskopi - INFO - Raspberry Pi verisi işlendi: SENSOR_5 = 3185.000V
2025-12-23 10:28:07 - spektroskopi - INFO - Raspberry Pi'dan veri alındı: 6e400004-b5a3-f393-e0a9-e50e24dcca9e (Handle: 11): Unknown, uzunluk: 2
2025-12-23 10:28:07 - spektroskopi - INFO - Raspberry Pi verisi: Ham=3185, Voltaj=3185.000V
2025-12-23 10:28:07 - spektroskopi - INFO - Raspberry Pi verisi işlendi: SENSOR_7 = 3185.000V
2025-12-23 10:28:07 - spektroskopi - INFO - Raspberry Pi'dan veri alındı: 6e400002-b5a3-f393-e0a9-e50e24dcca9e (Handle: 19): Nordic UART RX, uzunluk: 2
2025-12-23 10:28:07 - spektroskopi - INFO - Raspberry Pi verisi: Ham=235, Voltaj=235.000V
2025-12-23 10:28:07 - spektroskopi - INFO - Raspberry Pi verisi işlendi: SENSOR_2 = 235.000V
2025-12-23 10:28:07 - spektroskopi - INFO - Raspberry Pi'dan veri alındı: 6e400005-b5a3-f393-e0a9-e50e24dcca9e (Handle: 16): Unknown, uzunluk: 2
2025-12-23 10:28:07 - spektroskopi - INFO - Raspberry Pi verisi: Ham=253, Voltaj=253.000V
2025-12-23 10:28:07 - spektroskopi - INFO - Raspberry Pi verisi işlendi: SENSOR_EXTRA = 253.000V
2025-12-23 10:28:07 - spektroskopi - INFO - Raspberry Pi'dan veri alındı: 6e400003-b5a3-f393-e0a9-e50e24dcca9e (Handle: 8): Nordic UART TX, uzunluk: 2
2025-12-23 10:28:07 - spektroskopi - INFO - Raspberry Pi verisi: Ham=3191, Voltaj=3191.000V
2025-12-23 10:28:07 - spektroskopi - INFO - Raspberry Pi verisi işlendi: SENSOR_5 = 3191.000V
2025-12-23 10:28:08 - spektroskopi - INFO - Raspberry Pi'dan veri alındı: 6e400004-b5a3-f393-e0a9-e50e24dcca9e (Handle: 11): Unknown, uzunluk: 2
2025-12-23 10:28:08 - spektroskopi - INFO - Raspberry Pi verisi: Ham=3153, Voltaj=3153.000V
2025-12-23 10:28:08 - spektroskopi - INFO - Raspberry Pi verisi işlendi: SENSOR_7 = 3153.000V
2025-12-23 10:28:08 - spektroskopi - INFO - Raspberry Pi'dan veri alındı: 6e400002-b5a3-f393-e0a9-e50e24dcca9e (Handle: 19): Nordic UART RX, uzunluk: 2
2025-12-23 10:28:08 - spektroskopi - INFO - Raspberry Pi verisi: Ham=260, Voltaj=260.000V
2025-12-23 10:28:08 - spektroskopi - INFO - Raspberry Pi verisi işlendi: SENSOR_2 = 260.000V
2025-12-23 10:28:08 - spektroskopi - INFO - Raspberry Pi'dan veri alındı: 6e400005-b5a3-f393-e0a9-e50e24dcca9e (Handle: 16): Unknown, uzunluk: 2
2025-12-23 10:28:08 - spektroskopi - INFO - Raspberry Pi verisi: Ham=255, Voltaj=255.000V
2025-12-23 10:28:08 - spektroskopi - INFO - Raspberry Pi verisi işlendi: SENSOR_EXTRA = 255.000V
2025-12-23 10:28:08 - spektroskopi - INFO - Raspberry Pi'dan veri alındı: 6e400003-b5a3-f393-e0a9-e50e24dcca9e (Handle: 8): Nordic UART TX, uzunluk: 2
2025-12-23 10:28:08 - spektroskopi - INFO - Raspberry Pi verisi: Ham=3175, Voltaj=3175.000V
2025-12-23 10:28:08 - spektroskopi - INFO - Raspberry Pi verisi işlendi: SENSOR_5 = 3175.000V
2025-12-23 10:28:09 - spektroskopi - INFO - Raspberry Pi'dan veri alındı: 6e400004-b5a3-f393-e0a9-e50e24dcca9e (Handle: 11): Unknown, uzunluk: 2
2025-12-23 10:28:09 - spektroskopi - INFO - Raspberry Pi verisi: Ham=3154, Voltaj=3154.000V
2025-12-23 10:28:09 - spektroskopi - INFO - Raspberry Pi verisi işlendi: SENSOR_7 = 3154.000V
2025-12-23 10:28:09 - spektroskopi - INFO - Raspberry Pi'dan veri alındı: 6e400002-b5a3-f393-e0a9-e50e24dcca9e (Handle: 19): Nordic UART RX, uzunluk: 2
2025-12-23 10:28:09 - spektroskopi - INFO - Raspberry Pi verisi: Ham=291, Voltaj=291.000V
2025-12-23 10:28:09 - spektroskopi - INFO - Raspberry Pi verisi işlendi: SENSOR_2 = 291.000V
2025-12-23 10:28:09 - spektroskopi - INFO - Raspberry Pi'dan veri alındı: 6e400005-b5a3-f393-e0a9-e50e24dcca9e (Handle: 16): Unknown, uzunluk: 2
2025-12-23 10:28:09 - spektroskopi - INFO - Raspberry Pi verisi: Ham=289, Voltaj=289.000V
2025-12-23 10:28:09 - spektroskopi - INFO - Raspberry Pi verisi işlendi: SENSOR_EXTRA = 289.000V
2025-12-23 10:28:09 - spektroskopi - INFO - Raspberry Pi'dan veri alındı: 6e400003-b5a3-f393-e0a9-e50e24dcca9e (Handle: 8): Nordic UART TX, uzunluk: 2
2025-12-23 10:28:09 - spektroskopi - INFO - Raspberry Pi verisi: Ham=3175, Voltaj=3175.000V
2025-12-23 10:28:09 - spektroskopi - INFO - Raspberry Pi verisi işlendi: SENSOR_5 = 3175.000V
2025-12-23 10:28:09 - spektroskopi - INFO - Raspberry Pi'dan veri alındı: 6e400004-b5a3-f393-e0a9-e50e24dcca9e (Handle: 11): Unknown, uzunluk: 2
2025-12-23 10:28:09 - spektroskopi - INFO - Raspberry Pi verisi: Ham=3161, Voltaj=3161.000V
2025-12-23 10:28:09 - spektroskopi - INFO - Raspberry Pi verisi işlendi: SENSOR_7 = 3161.000V
2025-12-23 10:28:10 - spektroskopi - INFO - Raspberry Pi'dan veri alındı: 6e400002-b5a3-f393-e0a9-e50e24dcca9e (Handle: 19): Nordic UART RX, uzunluk: 2
2025-12-23 10:28:10 - spektroskopi - INFO - Raspberry Pi verisi: Ham=291, Voltaj=291.000V
2025-12-23 10:28:10 - spektroskopi - INFO - Raspberry Pi verisi işlendi: SENSOR_2 = 291.000V
2025-12-23 10:28:10 - spektroskopi - WARNING - Zaman sıralama düzeltildi (averaged): 2025-12-23 10:28:10.032378
2025-12-23 10:28:10 - spektroskopi - WARNING - Zaman sıralama düzeltildi (averaged): 2025-12-23 10:28:10.033378
2025-12-23 10:28:10 - spektroskopi - WARNING - Zaman sıralama düzeltildi (averaged): 2025-12-23 10:28:10.034378
2025-12-23 10:28:10 - spektroskopi - WARNING - Zaman sıralama düzeltildi (averaged): 2025-12-23 10:28:10.035378
2025-12-23 10:28:10 - spektroskopi - WARNING - Zaman sıralama düzeltildi (averaged): 2025-12-23 10:28:10.036378
2025-12-23 10:28:10 - spektroskopi - WARNING - Zaman sıralama düzeltildi (averaged): 2025-12-23 10:28:10.037378
2025-12-23 10:28:10 - spektroskopi - WARNING - Zaman sıralama düzeltildi (averaged): 2025-12-23 10:28:10.038378
2025-12-23 10:28:10 - spektroskopi - WARNING - Zaman sıralama düzeltildi (averaged): 2025-12-23 10:28:10.039378
2025-12-23 10:28:10 - spektroskopi - WARNING - Zaman sıralama düzeltildi (averaged): 2025-12-23 10:28:10.040378
2025-12-23 10:28:10 - spektroskopi - WARNING - Zaman sıralama düzeltildi (averaged): 2025-12-23 10:28:10.041378
2025-12-23 10:28:10 - spektroskopi - WARNING - Zaman sıralama düzeltildi (averaged): 2025-12-23 10:28:10.042378
2025-12-23 10:28:10 - spektroskopi - WARNING - Zaman sıralama düzeltildi (averaged): 2025-12-23 10:28:10.043378
2025-12-23 10:28:10 - spektroskopi - WARNING - Zaman sıralama düzeltildi (averaged): 2025-12-23 10:28:10.044378
2025-12-23 10:28:10 - spektroskopi - WARNING - Zaman sıralama düzeltildi (averaged): 2025-12-23 10:28:10.045378
2025-12-23 10:28:10 - spektroskopi - WARNING - Zaman sıralama düzeltildi (averaged): 2025-12-23 10:28:10.046378
2025-12-23 10:28:10 - spektroskopi - WARNING - Zaman sıralama düzeltildi (averaged): 2025-12-23 10:28:10.047378
2025-12-23 10:28:10 - spektroskopi - WARNING - Zaman sıralama düzeltildi (averaged): 2025-12-23 10:28:10.048378
2025-12-23 10:28:10 - spektroskopi - WARNING - RealTimePanel: UV_360nm raw data uzunluk uyumsuzluğu (timestamps: 265, data: 69)
2025-12-23 10:28:10 - spektroskopi - WARNING - RealTimePanel: UV_360nm calibrated data uzunluk uyumsuzluğu (timestamps: 265, data: 69)
2025-12-23 10:28:10 - spektroskopi - WARNING - RealTimePanel: Blue_450nm raw data uzunluk uyumsuzluğu (timestamps: 265, data: 66)
2025-12-23 10:28:10 - spektroskopi - WARNING - RealTimePanel: Blue_450nm calibrated data uzunluk uyumsuzluğu (timestamps: 265, data: 66)
2025-12-23 10:28:10 - spektroskopi - WARNING - RealTimePanel: IR_850nm raw data uzunluk uyumsuzluğu (timestamps: 265, data: 65)
2025-12-23 10:28:10 - spektroskopi - WARNING - RealTimePanel: IR_850nm calibrated data uzunluk uyumsuzluğu (timestamps: 265, data: 65)
2025-12-23 10:28:10 - spektroskopi - WARNING - RealTimePanel: IR_940nm raw data uzunluk uyumsuzluğu (timestamps: 265, data: 65)
2025-12-23 10:28:10 - spektroskopi - WARNING - RealTimePanel: IR_940nm calibrated data uzunluk uyumsuzluğu (timestamps: 265, data: 65)
2025-12-23 10:28:10 - spektroskopi - INFO - PyQt veri başarıyla güncellendi: raw_data
2025-12-23 10:28:10 - spektroskopi - INFO - Raspberry Pi'dan veri alındı: 6e400005-b5a3-f393-e0a9-e50e24dcca9e (Handle: 16): Unknown, uzunluk: 2
2025-12-23 10:28:10 - spektroskopi - INFO - Raspberry Pi verisi: Ham=315, Voltaj=315.000V
2025-12-23 10:28:10 - spektroskopi - INFO - Raspberry Pi verisi işlendi: SENSOR_EXTRA = 315.000V
2025-12-23 10:28:10 - spektroskopi - INFO - Raspberry Pi'dan veri alındı: 6e400003-b5a3-f393-e0a9-e50e24dcca9e (Handle: 8): Nordic UART TX, uzunluk: 2
2025-12-23 10:28:10 - spektroskopi - INFO - Raspberry Pi verisi: Ham=3161, Voltaj=3161.000V
2025-12-23 10:28:10 - spektroskopi - INFO - Raspberry Pi verisi işlendi: SENSOR_5 = 3161.000V
2025-12-23 10:28:10 - spektroskopi - INFO - Raspberry Pi'dan veri alındı: 6e400004-b5a3-f393-e0a9-e50e24dcca9e (Handle: 11): Unknown, uzunluk: 2
2025-12-23 10:28:10 - spektroskopi - INFO - Raspberry Pi verisi: Ham=3159, Voltaj=3159.000V
2025-12-23 10:28:10 - spektroskopi - INFO - Raspberry Pi verisi işlendi: SENSOR_7 = 3159.000V
2025-12-23 10:28:10 - spektroskopi - INFO - Raspberry Pi'dan veri alındı: 6e400002-b5a3-f393-e0a9-e50e24dcca9e (Handle: 19): Nordic UART RX, uzunluk: 2
2025-12-23 10:28:10 - spektroskopi - INFO - Raspberry Pi verisi: Ham=310, Voltaj=310.000V
2025-12-23 10:28:10 - spektroskopi - INFO - Raspberry Pi verisi işlendi: SENSOR_2 = 310.000V
2025-12-23 10:28:11 - spektroskopi - WARNING - Zaman sıralama düzeltildi (averaged): 2025-12-23 10:28:10.901635
2025-12-23 10:28:11 - spektroskopi - WARNING - Zaman sıralama düzeltildi (averaged): 2025-12-23 10:28:10.902635
2025-12-23 10:28:11 - spektroskopi - WARNING - Zaman sıralama düzeltildi (averaged): 2025-12-23 10:28:10.903635
2025-12-23 10:28:11 - spektroskopi - WARNING - Zaman sıralama düzeltildi (averaged): 2025-12-23 10:28:10.904635
2025-12-23 10:28:11 - spektroskopi - WARNING - RealTimePanel: UV_360nm raw data uzunluk uyumsuzluğu (timestamps: 273, data: 71)
2025-12-23 10:28:11 - spektroskopi - WARNING - RealTimePanel: UV_360nm calibrated data uzunluk uyumsuzluğu (timestamps: 273, data: 71)
2025-12-23 10:28:11 - spektroskopi - WARNING - RealTimePanel: Blue_450nm raw data uzunluk uyumsuzluğu (timestamps: 273, data: 68)
2025-12-23 10:28:11 - spektroskopi - WARNING - RealTimePanel: Blue_450nm calibrated data uzunluk uyumsuzluğu (timestamps: 273, data: 68)
2025-12-23 10:28:11 - spektroskopi - WARNING - RealTimePanel: IR_850nm raw data uzunluk uyumsuzluğu (timestamps: 273, data: 67)
2025-12-23 10:28:11 - spektroskopi - WARNING - RealTimePanel: IR_850nm calibrated data uzunluk uyumsuzluğu (timestamps: 273, data: 67)
2025-12-23 10:28:11 - spektroskopi - WARNING - RealTimePanel: IR_940nm raw data uzunluk uyumsuzluğu (timestamps: 273, data: 67)
2025-12-23 10:28:11 - spektroskopi - WARNING - RealTimePanel: IR_940nm calibrated data uzunluk uyumsuzluğu (timestamps: 273, data: 67)
2025-12-23 10:28:11 - spektroskopi - INFO - PyQt veri başarıyla güncellendi: raw_data
2025-12-23 10:28:11 - spektroskopi - INFO - Raspberry Pi'dan veri alındı: 6e400005-b5a3-f393-e0a9-e50e24dcca9e (Handle: 16): Unknown, uzunluk: 2
2025-12-23 10:28:11 - spektroskopi - INFO - Raspberry Pi verisi: Ham=314, Voltaj=314.000V
2025-12-23 10:28:11 - spektroskopi - INFO - Raspberry Pi verisi işlendi: SENSOR_EXTRA = 314.000V
2025-12-23 10:28:11 - spektroskopi - INFO - Raspberry Pi'dan veri alındı: 6e400003-b5a3-f393-e0a9-e50e24dcca9e (Handle: 8): Nordic UART TX, uzunluk: 2
2025-12-23 10:28:11 - spektroskopi - INFO - Raspberry Pi verisi: Ham=3164, Voltaj=3164.000V
2025-12-23 10:28:11 - spektroskopi - INFO - Raspberry Pi verisi işlendi: SENSOR_5 = 3164.000V
2025-12-23 10:28:11 - spektroskopi - INFO - Sistem durduruldu - veri işleme pasif
2025-12-23 10:28:11 - spektroskopi - INFO - Live mod deaktifleştirildi
2025-12-23 10:28:11 - spektroskopi - INFO - Sistem durduruldu - Custom data hesaplamaları durduruldu
2025-12-23 10:28:11 - spektroskopi - INFO - LED KAPATMA komutu queue'ya eklendi
2025-12-23 10:28:11 - spektroskopi - INFO - SYSTEM EVENT: SYSTEM_STOPPED
2025-12-23 10:28:11 - spektroskopi - INFO - Raspberry Pi'dan veri alındı: 6e400004-b5a3-f393-e0a9-e50e24dcca9e (Handle: 11): Unknown, uzunluk: 2
2025-12-23 10:28:11 - spektroskopi - INFO - Raspberry Pi verisi: Ham=3142, Voltaj=3142.000V
2025-12-23 10:28:11 - spektroskopi - INFO - Raspberry Pi verisi işlendi: SENSOR_7 = 3142.000V
2025-12-23 10:28:11 - spektroskopi - INFO - Raspberry Pi'dan veri alındı: 6e400002-b5a3-f393-e0a9-e50e24dcca9e (Handle: 19): Nordic UART RX, uzunluk: 2
2025-12-23 10:28:11 - spektroskopi - INFO - Raspberry Pi verisi: Ham=314, Voltaj=314.000V
2025-12-23 10:28:11 - spektroskopi - INFO - Raspberry Pi verisi işlendi: SENSOR_2 = 314.000V
2025-12-23 10:28:12 - spektroskopi - INFO - Raspberry Pi'dan veri alındı: 6e400005-b5a3-f393-e0a9-e50e24dcca9e (Handle: 16): Unknown, uzunluk: 2
2025-12-23 10:28:12 - spektroskopi - INFO - Raspberry Pi verisi: Ham=321, Voltaj=321.000V
2025-12-23 10:28:12 - spektroskopi - INFO - Raspberry Pi verisi işlendi: SENSOR_EXTRA = 321.000V
2025-12-23 10:28:12 - spektroskopi - INFO - LED kontrol komutu gönderildi: TÜM LED'LER KAPATILDI
2025-12-23 10:28:12 - spektroskopi - INFO - Raspberry Pi'dan veri alındı: 6e400003-b5a3-f393-e0a9-e50e24dcca9e (Handle: 8): Nordic UART TX, uzunluk: 2
2025-12-23 10:28:12 - spektroskopi - INFO - Raspberry Pi verisi: Ham=3180, Voltaj=3180.000V
2025-12-23 10:28:12 - spektroskopi - INFO - Raspberry Pi verisi işlendi: SENSOR_5 = 3180.000V
2025-12-23 10:28:12 - spektroskopi - INFO - Raspberry Pi'dan veri alındı: 6e400004-b5a3-f393-e0a9-e50e24dcca9e (Handle: 11): Unknown, uzunluk: 2
2025-12-23 10:28:12 - spektroskopi - INFO - Raspberry Pi verisi: Ham=3133, Voltaj=3133.000V
2025-12-23 10:28:12 - spektroskopi - INFO - Raspberry Pi verisi işlendi: SENSOR_7 = 3133.000V
2025-12-23 10:28:14 - spektroskopi - WARNING - Zaman sıralama düzeltildi: 2025-12-23 10:28:12.552343
2025-12-23 10:28:14 - spektroskopi - WARNING - Zaman sıralama düzeltildi: 2025-12-23 10:28:12.553343
2025-12-23 10:28:14 - spektroskopi - WARNING - Zaman sıralama düzeltildi: 2025-12-23 10:28:12.554343
2025-12-23 10:28:14 - spektroskopi - WARNING - Zaman sıralama düzeltildi: 2025-12-23 10:28:12.555343
2025-12-23 10:28:14 - spektroskopi - WARNING - Zaman sıralama düzeltildi: 2025-12-23 10:28:12.556343
2025-12-23 10:28:14 - spektroskopi - WARNING - Zaman sıralama düzeltildi: 2025-12-23 10:28:12.557343
2025-12-23 10:28:14 - spektroskopi - WARNING - Zaman sıralama düzeltildi: 2025-12-23 10:28:12.558343
2025-12-23 10:28:21 - spektroskopi - WARNING - BLE cihazı bağlantısı kesildi
2025-12-23 10:28:21 - spektroskopi - INFO - CONNECTION SUCCESS: sensor-2 - DISCONNECTED
2025-12-23 10:28:21 - spektroskopi - INFO - BLE bağlantısı kesildi
2025-12-23 10:28:21 - spektroskopi - INFO - Bağlantı koptu - LED kontrolleri devre dışı bırakıldı
2025-12-23 10:28:21 - spektroskopi - INFO - BLE bağlantı kopma callback çağrıldı: sensor-2
2025-12-23 10:33:36 - spektroskopi - INFO - BLE tarama başlatılıyor (timeout: 10.0s)
2025-12-23 10:33:46 - spektroskopi - INFO - Hedef cihaz bulundu: sensor-2 (7CDE3AD7-9E89-0DF9-28E4-1D56CA03E138)
2025-12-23 10:33:46 - spektroskopi - INFO - Tarama tamamlandı: 1 cihaz bulundu
2025-12-23 10:33:46 - spektroskopi - INFO - sensor-2 cihazına bağlanılıyor...
2025-12-23 10:33:46 - spektroskopi - INFO - BLE bağlantısı kuruluyor: sensor-2 (7CDE3AD7-9E89-0DF9-28E4-1D56CA03E138)
2025-12-23 10:33:46 - spektroskopi - INFO - Bağlantı kuruldu: sensor-2
2025-12-23 10:33:46 - spektroskopi - INFO - LED kontrolleri aktifleştirildi
2025-12-23 10:33:46 - spektroskopi - INFO - Tarama tamamlandı: 1 cihaz bulundu
2025-12-23 10:33:47 - spektroskopi - INFO - CONNECTION SUCCESS: sensor-2 - CONNECTED
2025-12-23 10:33:48 - spektroskopi - INFO - BLE bağlantısı sonsuz mod aktif - timeout yok
2025-12-23 10:33:53 - spektroskopi - INFO - Kalibrasyon penceresi açıldı
2025-12-23 10:33:58 - spektroskopi - INFO - Kalibrasyon penceresi kapatıldı
2025-12-23 10:34:12 - spektroskopi - INFO - LED bireysel kontrol komutu gönderildi: 0b10
2025-12-23 10:34:12 - spektroskopi - INFO - LED durumları güncellendi: ['led_3']
2025-12-23 10:34:12 - spektroskopi - INFO - LED kontrol komutu gönderildi: LED durumları: L1=False, L3=True, L4=False, L6=False
2025-12-23 10:34:13 - spektroskopi - INFO - Veri buffer'ları temizlendi
2025-12-23 10:34:13 - spektroskopi - INFO - Sistem başlatıldı - veri işleme aktif
2025-12-23 10:34:13 - spektroskopi - INFO - Live mod aktifleştirildi
2025-12-23 10:34:13 - spektroskopi - INFO - Sistem başlatıldı - Custom data hesaplamaları otomatik başlatıldı
2025-12-23 10:34:13 - spektroskopi - INFO - START komutu gönderildi: l_d=4, a_d=3, r_d=250, LEDs=0b10
2025-12-23 10:34:13 - spektroskopi - INFO - SYSTEM EVENT: SYSTEM_STARTED - l_d=4, a_d=3, r_d=250
2025-12-23 10:34:13 - spektroskopi - INFO - LED kontrol komutu gönderildi: LED durumları: L1=False, L3=False, L4=True, L6=False
2025-12-23 10:34:13 - spektroskopi - INFO - Raspberry Pi'dan veri alındı: 6e400002-b5a3-f393-e0a9-e50e24dcca9e (Handle: 19): Nordic UART RX, uzunluk: 2
2025-12-23 10:34:13 - spektroskopi - INFO - Raspberry Pi verisi: Ham=280, Voltaj=280.000V
2025-12-23 10:34:13 - spektroskopi - INFO - Raspberry Pi verisi işlendi: SENSOR_2 = 280.000V
2025-12-23 10:34:13 - spektroskopi - INFO - Raspberry Pi'dan veri alındı: 6e400005-b5a3-f393-e0a9-e50e24dcca9e (Handle: 16): Unknown, uzunluk: 2
2025-12-23 10:34:13 - spektroskopi - INFO - Raspberry Pi verisi: Ham=289, Voltaj=289.000V
2025-12-23 10:34:13 - spektroskopi - INFO - Raspberry Pi verisi işlendi: SENSOR_EXTRA = 289.000V
2025-12-23 10:34:13 - spektroskopi - INFO - Raspberry Pi'dan veri alındı: 6e400003-b5a3-f393-e0a9-e50e24dcca9e (Handle: 8): Nordic UART TX, uzunluk: 2
2025-12-23 10:34:13 - spektroskopi - INFO - Raspberry Pi verisi: Ham=3169, Voltaj=3169.000V
2025-12-23 10:34:13 - spektroskopi - INFO - Raspberry Pi verisi işlendi: SENSOR_5 = 3169.000V
2025-12-23 10:34:14 - spektroskopi - INFO - Raspberry Pi'dan veri alındı: 6e400004-b5a3-f393-e0a9-e50e24dcca9e (Handle: 11): Unknown, uzunluk: 2
2025-12-23 10:34:14 - spektroskopi - INFO - Raspberry Pi verisi: Ham=3162, Voltaj=3162.000V
2025-12-23 10:34:14 - spektroskopi - INFO - Raspberry Pi verisi işlendi: SENSOR_7 = 3162.000V
2025-12-23 10:34:14 - spektroskopi - WARNING - Zaman sıralama düzeltildi (averaged): 2025-12-23 10:34:14.080229
2025-12-23 10:34:14 - spektroskopi - WARNING - Zaman sıralama düzeltildi (averaged): 2025-12-23 10:34:14.081229
2025-12-23 10:34:14 - spektroskopi - WARNING - Zaman sıralama düzeltildi (averaged): 2025-12-23 10:34:14.082229
2025-12-23 10:34:14 - spektroskopi - WARNING - Zaman sıralama düzeltildi (averaged): 2025-12-23 10:34:14.083229
2025-12-23 10:34:14 - spektroskopi - WARNING - RealTimePanel: UV_360nm raw data uzunluk uyumsuzluğu (timestamps: 283, data: 73)
2025-12-23 10:34:14 - spektroskopi - WARNING - RealTimePanel: UV_360nm calibrated data uzunluk uyumsuzluğu (timestamps: 283, data: 73)
2025-12-23 10:34:14 - spektroskopi - WARNING - RealTimePanel: Blue_450nm raw data uzunluk uyumsuzluğu (timestamps: 283, data: 71)
2025-12-23 10:34:14 - spektroskopi - WARNING - RealTimePanel: Blue_450nm calibrated data uzunluk uyumsuzluğu (timestamps: 283, data: 71)
2025-12-23 10:34:14 - spektroskopi - WARNING - RealTimePanel: IR_850nm raw data uzunluk uyumsuzluğu (timestamps: 283, data: 69)
2025-12-23 10:34:14 - spektroskopi - WARNING - RealTimePanel: IR_850nm calibrated data uzunluk uyumsuzluğu (timestamps: 283, data: 69)
2025-12-23 10:34:14 - spektroskopi - WARNING - RealTimePanel: IR_940nm raw data uzunluk uyumsuzluğu (timestamps: 283, data: 70)
2025-12-23 10:34:14 - spektroskopi - WARNING - RealTimePanel: IR_940nm calibrated data uzunluk uyumsuzluğu (timestamps: 283, data: 70)
2025-12-23 10:34:14 - spektroskopi - INFO - PyQt veri başarıyla güncellendi: raw_data
2025-12-23 10:34:14 - spektroskopi - INFO - Raspberry Pi'dan veri alındı: 6e400002-b5a3-f393-e0a9-e50e24dcca9e (Handle: 19): Nordic UART RX, uzunluk: 2
2025-12-23 10:34:14 - spektroskopi - INFO - Raspberry Pi verisi: Ham=285, Voltaj=285.000V
2025-12-23 10:34:14 - spektroskopi - INFO - Raspberry Pi verisi işlendi: SENSOR_2 = 285.000V
2025-12-23 10:34:14 - spektroskopi - INFO - Raspberry Pi'dan veri alındı: 6e400005-b5a3-f393-e0a9-e50e24dcca9e (Handle: 16): Unknown, uzunluk: 2
2025-12-23 10:34:14 - spektroskopi - INFO - Raspberry Pi verisi: Ham=297, Voltaj=297.000V
2025-12-23 10:34:14 - spektroskopi - INFO - Raspberry Pi verisi işlendi: SENSOR_EXTRA = 297.000V
2025-12-23 10:34:14 - spektroskopi - INFO - Raspberry Pi'dan veri alındı: 6e400003-b5a3-f393-e0a9-e50e24dcca9e (Handle: 8): Nordic UART TX, uzunluk: 2
2025-12-23 10:34:14 - spektroskopi - INFO - Raspberry Pi verisi: Ham=3180, Voltaj=3180.000V
2025-12-23 10:34:14 - spektroskopi - INFO - Raspberry Pi verisi işlendi: SENSOR_5 = 3180.000V
2025-12-23 10:34:14 - spektroskopi - INFO - Raspberry Pi'dan veri alındı: 6e400004-b5a3-f393-e0a9-e50e24dcca9e (Handle: 11): Unknown, uzunluk: 2
2025-12-23 10:34:14 - spektroskopi - INFO - Raspberry Pi verisi: Ham=3147, Voltaj=3147.000V
2025-12-23 10:34:14 - spektroskopi - INFO - Raspberry Pi verisi işlendi: SENSOR_7 = 3147.000V
2025-12-23 10:34:15 - spektroskopi - INFO - Raspberry Pi'dan veri alındı: 6e400002-b5a3-f393-e0a9-e50e24dcca9e (Handle: 19): Nordic UART RX, uzunluk: 2
2025-12-23 10:34:15 - spektroskopi - INFO - Raspberry Pi verisi: Ham=283, Voltaj=283.000V
2025-12-23 10:34:15 - spektroskopi - INFO - Raspberry Pi verisi işlendi: SENSOR_2 = 283.000V
2025-12-23 10:34:15 - spektroskopi - WARNING - Zaman sıralama düzeltildi (averaged): 2025-12-23 10:34:15.068032
2025-12-23 10:34:15 - spektroskopi - WARNING - Zaman sıralama düzeltildi (averaged): 2025-12-23 10:34:15.069032
2025-12-23 10:34:15 - spektroskopi - WARNING - Zaman sıralama düzeltildi (averaged): 2025-12-23 10:34:15.070032
2025-12-23 10:34:15 - spektroskopi - WARNING - Zaman sıralama düzeltildi (averaged): 2025-12-23 10:34:15.071032
2025-12-23 10:34:15 - spektroskopi - WARNING - Zaman sıralama düzeltildi (averaged): 2025-12-23 10:34:15.072032
2025-12-23 10:34:15 - spektroskopi - WARNING - RealTimePanel: UV_360nm raw data uzunluk uyumsuzluğu (timestamps: 293, data: 77)
2025-12-23 10:34:15 - spektroskopi - WARNING - RealTimePanel: UV_360nm calibrated data uzunluk uyumsuzluğu (timestamps: 293, data: 77)
2025-12-23 10:34:15 - spektroskopi - WARNING - RealTimePanel: Blue_450nm raw data uzunluk uyumsuzluğu (timestamps: 293, data: 73)
2025-12-23 10:34:15 - spektroskopi - WARNING - RealTimePanel: Blue_450nm calibrated data uzunluk uyumsuzluğu (timestamps: 293, data: 73)
2025-12-23 10:34:15 - spektroskopi - WARNING - RealTimePanel: IR_850nm raw data uzunluk uyumsuzluğu (timestamps: 293, data: 71)
2025-12-23 10:34:15 - spektroskopi - WARNING - RealTimePanel: IR_850nm calibrated data uzunluk uyumsuzluğu (timestamps: 293, data: 71)
2025-12-23 10:34:15 - spektroskopi - WARNING - RealTimePanel: IR_940nm raw data uzunluk uyumsuzluğu (timestamps: 293, data: 72)
2025-12-23 10:34:15 - spektroskopi - WARNING - RealTimePanel: IR_940nm calibrated data uzunluk uyumsuzluğu (timestamps: 293, data: 72)
2025-12-23 10:34:15 - spektroskopi - INFO - PyQt veri başarıyla güncellendi: raw_data
2025-12-23 10:34:15 - spektroskopi - INFO - Raspberry Pi'dan veri alındı: 6e400005-b5a3-f393-e0a9-e50e24dcca9e (Handle: 16): Unknown, uzunluk: 2
2025-12-23 10:34:15 - spektroskopi - INFO - Raspberry Pi verisi: Ham=298, Voltaj=298.000V
2025-12-23 10:34:15 - spektroskopi - INFO - Raspberry Pi verisi işlendi: SENSOR_EXTRA = 298.000V
2025-12-23 10:34:15 - spektroskopi - INFO - Kalibrasyon penceresi açıldı
2025-12-23 10:34:15 - spektroskopi - INFO - Raspberry Pi'dan veri alındı: 6e400003-b5a3-f393-e0a9-e50e24dcca9e (Handle: 8): Nordic UART TX, uzunluk: 2
2025-12-23 10:34:15 - spektroskopi - INFO - Raspberry Pi verisi: Ham=3164, Voltaj=3164.000V
2025-12-23 10:34:15 - spektroskopi - INFO - Raspberry Pi verisi işlendi: SENSOR_5 = 3164.000V
2025-12-23 10:34:15 - spektroskopi - INFO - Raspberry Pi'dan veri alındı: 6e400004-b5a3-f393-e0a9-e50e24dcca9e (Handle: 11): Unknown, uzunluk: 2
2025-12-23 10:34:15 - spektroskopi - INFO - Raspberry Pi verisi: Ham=3150, Voltaj=3150.000V
2025-12-23 10:34:15 - spektroskopi - INFO - Raspberry Pi verisi işlendi: SENSOR_7 = 3150.000V
2025-12-23 10:34:15 - spektroskopi - INFO - Raspberry Pi'dan veri alındı: 6e400002-b5a3-f393-e0a9-e50e24dcca9e (Handle: 19): Nordic UART RX, uzunluk: 2
2025-12-23 10:34:15 - spektroskopi - INFO - Raspberry Pi verisi: Ham=271, Voltaj=271.000V
2025-12-23 10:34:15 - spektroskopi - INFO - Raspberry Pi verisi işlendi: SENSOR_2 = 271.000V
2025-12-23 10:34:16 - spektroskopi - WARNING - Zaman sıralama düzeltildi (averaged): 2025-12-23 10:34:15.969925
2025-12-23 10:34:16 - spektroskopi - WARNING - Zaman sıralama düzeltildi (averaged): 2025-12-23 10:34:15.970925
2025-12-23 10:34:16 - spektroskopi - WARNING - Zaman sıralama düzeltildi (averaged): 2025-12-23 10:34:15.971925
2025-12-23 10:34:16 - spektroskopi - WARNING - Zaman sıralama düzeltildi (averaged): 2025-12-23 10:34:15.972925
2025-12-23 10:34:16 - spektroskopi - WARNING - RealTimePanel: UV_360nm raw data uzunluk uyumsuzluğu (timestamps: 301, data: 79)
2025-12-23 10:34:16 - spektroskopi - WARNING - RealTimePanel: UV_360nm calibrated data uzunluk uyumsuzluğu (timestamps: 301, data: 79)
2025-12-23 10:34:16 - spektroskopi - WARNING - RealTimePanel: Blue_450nm raw data uzunluk uyumsuzluğu (timestamps: 301, data: 75)
2025-12-23 10:34:16 - spektroskopi - WARNING - RealTimePanel: Blue_450nm calibrated data uzunluk uyumsuzluğu (timestamps: 301, data: 75)
2025-12-23 10:34:16 - spektroskopi - WARNING - RealTimePanel: IR_850nm raw data uzunluk uyumsuzluğu (timestamps: 301, data: 73)
2025-12-23 10:34:16 - spektroskopi - WARNING - RealTimePanel: IR_850nm calibrated data uzunluk uyumsuzluğu (timestamps: 301, data: 73)
2025-12-23 10:34:16 - spektroskopi - WARNING - RealTimePanel: IR_940nm raw data uzunluk uyumsuzluğu (timestamps: 301, data: 74)
2025-12-23 10:34:16 - spektroskopi - WARNING - RealTimePanel: IR_940nm calibrated data uzunluk uyumsuzluğu (timestamps: 301, data: 74)
2025-12-23 10:34:16 - spektroskopi - INFO - PyQt veri başarıyla güncellendi: raw_data
2025-12-23 10:34:16 - spektroskopi - INFO - Raspberry Pi'dan veri alındı: 6e400005-b5a3-f393-e0a9-e50e24dcca9e (Handle: 16): Unknown, uzunluk: 2
2025-12-23 10:34:16 - spektroskopi - INFO - Raspberry Pi verisi: Ham=274, Voltaj=274.000V
2025-12-23 10:34:16 - spektroskopi - INFO - Raspberry Pi verisi işlendi: SENSOR_EXTRA = 274.000V
2025-12-23 10:34:16 - spektroskopi - INFO - Raspberry Pi'dan veri alındı: 6e400003-b5a3-f393-e0a9-e50e24dcca9e (Handle: 8): Nordic UART TX, uzunluk: 2
2025-12-23 10:34:16 - spektroskopi - INFO - Raspberry Pi verisi: Ham=3183, Voltaj=3183.000V
2025-12-23 10:34:16 - spektroskopi - INFO - Raspberry Pi verisi işlendi: SENSOR_5 = 3183.000V
2025-12-23 10:34:16 - spektroskopi - INFO - Raspberry Pi'dan veri alındı: 6e400004-b5a3-f393-e0a9-e50e24dcca9e (Handle: 11): Unknown, uzunluk: 2
2025-12-23 10:34:16 - spektroskopi - INFO - Raspberry Pi verisi: Ham=3166, Voltaj=3166.000V
2025-12-23 10:34:16 - spektroskopi - INFO - Raspberry Pi verisi işlendi: SENSOR_7 = 3166.000V
2025-12-23 10:34:16 - spektroskopi - INFO - Raspberry Pi'dan veri alındı: 6e400002-b5a3-f393-e0a9-e50e24dcca9e (Handle: 19): Nordic UART RX, uzunluk: 2
2025-12-23 10:34:16 - spektroskopi - INFO - Raspberry Pi verisi: Ham=251, Voltaj=251.000V
2025-12-23 10:34:16 - spektroskopi - INFO - Raspberry Pi verisi işlendi: SENSOR_2 = 251.000V
2025-12-23 10:34:17 - spektroskopi - INFO - Raspberry Pi'dan veri alındı: 6e400005-b5a3-f393-e0a9-e50e24dcca9e (Handle: 16): Unknown, uzunluk: 2
2025-12-23 10:34:17 - spektroskopi - INFO - Raspberry Pi verisi: Ham=260, Voltaj=260.000V
2025-12-23 10:34:17 - spektroskopi - INFO - Raspberry Pi verisi işlendi: SENSOR_EXTRA = 260.000V
2025-12-23 10:34:17 - spektroskopi - WARNING - Zaman sıralama düzeltildi (averaged): 2025-12-23 10:34:17.080250
2025-12-23 10:34:17 - spektroskopi - WARNING - Zaman sıralama düzeltildi (averaged): 2025-12-23 10:34:17.081250
2025-12-23 10:34:17 - spektroskopi - WARNING - Zaman sıralama düzeltildi (averaged): 2025-12-23 10:34:17.082250
2025-12-23 10:34:17 - spektroskopi - WARNING - Zaman sıralama düzeltildi (averaged): 2025-12-23 10:34:17.083250
2025-12-23 10:34:17 - spektroskopi - WARNING - Zaman sıralama düzeltildi (averaged): 2025-12-23 10:34:17.084250
2025-12-23 10:34:17 - spektroskopi - WARNING - RealTimePanel: UV_360nm raw data uzunluk uyumsuzluğu (timestamps: 311, data: 81)
2025-12-23 10:34:17 - spektroskopi - WARNING - RealTimePanel: UV_360nm calibrated data uzunluk uyumsuzluğu (timestamps: 311, data: 81)
2025-12-23 10:34:17 - spektroskopi - WARNING - RealTimePanel: Blue_450nm raw data uzunluk uyumsuzluğu (timestamps: 311, data: 79)
2025-12-23 10:34:17 - spektroskopi - WARNING - RealTimePanel: Blue_450nm calibrated data uzunluk uyumsuzluğu (timestamps: 311, data: 79)
2025-12-23 10:34:17 - spektroskopi - WARNING - RealTimePanel: IR_850nm raw data uzunluk uyumsuzluğu (timestamps: 311, data: 75)
2025-12-23 10:34:17 - spektroskopi - WARNING - RealTimePanel: IR_850nm calibrated data uzunluk uyumsuzluğu (timestamps: 311, data: 75)
2025-12-23 10:34:17 - spektroskopi - WARNING - RealTimePanel: IR_940nm raw data uzunluk uyumsuzluğu (timestamps: 311, data: 76)
2025-12-23 10:34:17 - spektroskopi - WARNING - RealTimePanel: IR_940nm calibrated data uzunluk uyumsuzluğu (timestamps: 311, data: 76)
2025-12-23 10:34:17 - spektroskopi - INFO - PyQt veri başarıyla güncellendi: raw_data
2025-12-23 10:34:17 - spektroskopi - INFO - Raspberry Pi'dan veri alındı: 6e400003-b5a3-f393-e0a9-e50e24dcca9e (Handle: 8): Nordic UART TX, uzunluk: 2
2025-12-23 10:34:17 - spektroskopi - INFO - Raspberry Pi verisi: Ham=3193, Voltaj=3193.000V
2025-12-23 10:34:17 - spektroskopi - INFO - Raspberry Pi verisi işlendi: SENSOR_5 = 3193.000V
2025-12-23 10:34:17 - spektroskopi - INFO - Raspberry Pi'dan veri alındı: 6e400004-b5a3-f393-e0a9-e50e24dcca9e (Handle: 11): Unknown, uzunluk: 2
2025-12-23 10:34:17 - spektroskopi - INFO - Raspberry Pi verisi: Ham=3176, Voltaj=3176.000V
2025-12-23 10:34:17 - spektroskopi - INFO - Raspberry Pi verisi işlendi: SENSOR_7 = 3176.000V
2025-12-23 10:34:17 - spektroskopi - INFO - Raspberry Pi'dan veri alındı: 6e400002-b5a3-f393-e0a9-e50e24dcca9e (Handle: 19): Nordic UART RX, uzunluk: 2
2025-12-23 10:34:17 - spektroskopi - INFO - Raspberry Pi verisi: Ham=246, Voltaj=246.000V
2025-12-23 10:34:17 - spektroskopi - INFO - Raspberry Pi verisi işlendi: SENSOR_2 = 246.000V
2025-12-23 10:34:17 - spektroskopi - INFO - Raspberry Pi'dan veri alındı: 6e400005-b5a3-f393-e0a9-e50e24dcca9e (Handle: 16): Unknown, uzunluk: 2
2025-12-23 10:34:17 - spektroskopi - INFO - Raspberry Pi verisi: Ham=255, Voltaj=255.000V
2025-12-23 10:34:17 - spektroskopi - INFO - Raspberry Pi verisi işlendi: SENSOR_EXTRA = 255.000V
2025-12-23 10:34:18 - spektroskopi - INFO - Raspberry Pi'dan veri alındı: 6e400003-b5a3-f393-e0a9-e50e24dcca9e (Handle: 8): Nordic UART TX, uzunluk: 2
2025-12-23 10:34:18 - spektroskopi - INFO - Raspberry Pi verisi: Ham=3194, Voltaj=3194.000V
2025-12-23 10:34:18 - spektroskopi - INFO - Raspberry Pi verisi işlendi: SENSOR_5 = 3194.000V
2025-12-23 10:34:18 - spektroskopi - WARNING - Zaman sıralama düzeltildi (averaged): 2025-12-23 10:34:18.220840
2025-12-23 10:34:18 - spektroskopi - WARNING - Zaman sıralama düzeltildi (averaged): 2025-12-23 10:34:18.221840
2025-12-23 10:34:18 - spektroskopi - WARNING - Zaman sıralama düzeltildi (averaged): 2025-12-23 10:34:18.222840
2025-12-23 10:34:18 - spektroskopi - WARNING - Zaman sıralama düzeltildi (averaged): 2025-12-23 10:34:18.223840
2025-12-23 10:34:18 - spektroskopi - WARNING - Zaman sıralama düzeltildi (averaged): 2025-12-23 10:34:18.224840
2025-12-23 10:34:18 - spektroskopi - WARNING - RealTimePanel: UV_360nm raw data uzunluk uyumsuzluğu (timestamps: 321, data: 83)
2025-12-23 10:34:18 - spektroskopi - WARNING - RealTimePanel: UV_360nm calibrated data uzunluk uyumsuzluğu (timestamps: 321, data: 83)
2025-12-23 10:34:18 - spektroskopi - WARNING - RealTimePanel: Blue_450nm raw data uzunluk uyumsuzluğu (timestamps: 321, data: 81)
2025-12-23 10:34:18 - spektroskopi - WARNING - RealTimePanel: Blue_450nm calibrated data uzunluk uyumsuzluğu (timestamps: 321, data: 81)
2025-12-23 10:34:18 - spektroskopi - WARNING - RealTimePanel: IR_850nm raw data uzunluk uyumsuzluğu (timestamps: 321, data: 77)
2025-12-23 10:34:18 - spektroskopi - WARNING - RealTimePanel: IR_850nm calibrated data uzunluk uyumsuzluğu (timestamps: 321, data: 77)
2025-12-23 10:34:18 - spektroskopi - WARNING - RealTimePanel: IR_940nm raw data uzunluk uyumsuzluğu (timestamps: 321, data: 80)
2025-12-23 10:34:18 - spektroskopi - WARNING - RealTimePanel: IR_940nm calibrated data uzunluk uyumsuzluğu (timestamps: 321, data: 80)
2025-12-23 10:34:18 - spektroskopi - INFO - PyQt veri başarıyla güncellendi: raw_data
2025-12-23 10:34:18 - spektroskopi - INFO - Raspberry Pi'dan veri alındı: 6e400004-b5a3-f393-e0a9-e50e24dcca9e (Handle: 11): Unknown, uzunluk: 2
2025-12-23 10:34:18 - spektroskopi - INFO - Raspberry Pi verisi: Ham=3168, Voltaj=3168.000V
2025-12-23 10:34:18 - spektroskopi - INFO - Raspberry Pi verisi işlendi: SENSOR_7 = 3168.000V
2025-12-23 10:34:18 - spektroskopi - INFO - Raspberry Pi'dan veri alındı: 6e400002-b5a3-f393-e0a9-e50e24dcca9e (Handle: 19): Nordic UART RX, uzunluk: 2
2025-12-23 10:34:18 - spektroskopi - INFO - Raspberry Pi verisi: Ham=245, Voltaj=245.000V
2025-12-23 10:34:18 - spektroskopi - INFO - Raspberry Pi verisi işlendi: SENSOR_2 = 245.000V
2025-12-23 10:34:18 - spektroskopi - INFO - Raspberry Pi'dan veri alındı: 6e400005-b5a3-f393-e0a9-e50e24dcca9e (Handle: 16): Unknown, uzunluk: 2
2025-12-23 10:34:18 - spektroskopi - INFO - Raspberry Pi verisi: Ham=236, Voltaj=236.000V
2025-12-23 10:34:18 - spektroskopi - INFO - Raspberry Pi verisi işlendi: SENSOR_EXTRA = 236.000V
2025-12-23 10:34:19 - spektroskopi - INFO - Raspberry Pi'dan veri alındı: 6e400003-b5a3-f393-e0a9-e50e24dcca9e (Handle: 8): Nordic UART TX, uzunluk: 2
2025-12-23 10:34:19 - spektroskopi - INFO - Raspberry Pi verisi: Ham=3205, Voltaj=3205.000V
2025-12-23 10:34:19 - spektroskopi - INFO - Raspberry Pi verisi işlendi: SENSOR_5 = 3205.000V
2025-12-23 10:34:19 - spektroskopi - WARNING - Zaman sıralama düzeltildi (averaged): 2025-12-23 10:34:19.088739
2025-12-23 10:34:19 - spektroskopi - WARNING - Zaman sıralama düzeltildi (averaged): 2025-12-23 10:34:19.089739
2025-12-23 10:34:19 - spektroskopi - WARNING - Zaman sıralama düzeltildi (averaged): 2025-12-23 10:34:19.090739
2025-12-23 10:34:19 - spektroskopi - WARNING - Zaman sıralama düzeltildi (averaged): 2025-12-23 10:34:19.091739
2025-12-23 10:34:19 - spektroskopi - WARNING - RealTimePanel: UV_360nm raw data uzunluk uyumsuzluğu (timestamps: 329, data: 85)
2025-12-23 10:34:19 - spektroskopi - WARNING - RealTimePanel: UV_360nm calibrated data uzunluk uyumsuzluğu (timestamps: 329, data: 85)
2025-12-23 10:34:19 - spektroskopi - WARNING - RealTimePanel: Blue_450nm raw data uzunluk uyumsuzluğu (timestamps: 329, data: 83)
2025-12-23 10:34:19 - spektroskopi - WARNING - RealTimePanel: Blue_450nm calibrated data uzunluk uyumsuzluğu (timestamps: 329, data: 83)
2025-12-23 10:34:19 - spektroskopi - WARNING - RealTimePanel: IR_850nm raw data uzunluk uyumsuzluğu (timestamps: 329, data: 79)
2025-12-23 10:34:19 - spektroskopi - WARNING - RealTimePanel: IR_850nm calibrated data uzunluk uyumsuzluğu (timestamps: 329, data: 79)
2025-12-23 10:34:19 - spektroskopi - WARNING - RealTimePanel: IR_940nm raw data uzunluk uyumsuzluğu (timestamps: 329, data: 82)
2025-12-23 10:34:19 - spektroskopi - WARNING - RealTimePanel: IR_940nm calibrated data uzunluk uyumsuzluğu (timestamps: 329, data: 82)
2025-12-23 10:34:19 - spektroskopi - INFO - PyQt veri başarıyla güncellendi: raw_data
2025-12-23 10:34:19 - spektroskopi - INFO - Raspberry Pi'dan veri alındı: 6e400004-b5a3-f393-e0a9-e50e24dcca9e (Handle: 11): Unknown, uzunluk: 2
2025-12-23 10:34:19 - spektroskopi - INFO - Raspberry Pi verisi: Ham=3190, Voltaj=3190.000V
2025-12-23 10:34:19 - spektroskopi - INFO - Raspberry Pi verisi işlendi: SENSOR_7 = 3190.000V
2025-12-23 10:34:19 - spektroskopi - INFO - Raspberry Pi'dan veri alındı: 6e400002-b5a3-f393-e0a9-e50e24dcca9e (Handle: 19): Nordic UART RX, uzunluk: 2
2025-12-23 10:34:19 - spektroskopi - INFO - Raspberry Pi verisi: Ham=216, Voltaj=216.000V
2025-12-23 10:34:19 - spektroskopi - INFO - Raspberry Pi verisi işlendi: SENSOR_2 = 216.000V
2025-12-23 10:34:19 - spektroskopi - INFO - Raspberry Pi'dan veri alındı: 6e400005-b5a3-f393-e0a9-e50e24dcca9e (Handle: 16): Unknown, uzunluk: 2
2025-12-23 10:34:19 - spektroskopi - INFO - Raspberry Pi verisi: Ham=224, Voltaj=224.000V
2025-12-23 10:34:19 - spektroskopi - INFO - Raspberry Pi verisi işlendi: SENSOR_EXTRA = 224.000V
2025-12-23 10:34:19 - spektroskopi - INFO - Raspberry Pi'dan veri alındı: 6e400003-b5a3-f393-e0a9-e50e24dcca9e (Handle: 8): Nordic UART TX, uzunluk: 2
2025-12-23 10:34:19 - spektroskopi - INFO - Raspberry Pi verisi: Ham=3211, Voltaj=3211.000V
2025-12-23 10:34:19 - spektroskopi - INFO - Raspberry Pi verisi işlendi: SENSOR_5 = 3211.000V
2025-12-23 10:34:20 - spektroskopi - INFO - Raspberry Pi'dan veri alındı: 6e400004-b5a3-f393-e0a9-e50e24dcca9e (Handle: 11): Unknown, uzunluk: 2
2025-12-23 10:34:20 - spektroskopi - INFO - Raspberry Pi verisi: Ham=3186, Voltaj=3186.000V
2025-12-23 10:34:20 - spektroskopi - INFO - Raspberry Pi verisi işlendi: SENSOR_7 = 3186.000V
2025-12-23 10:34:20 - spektroskopi - WARNING - Zaman sıralama düzeltildi (averaged): 2025-12-23 10:34:20.228222
2025-12-23 10:34:20 - spektroskopi - WARNING - Zaman sıralama düzeltildi (averaged): 2025-12-23 10:34:20.229222
2025-12-23 10:34:20 - spektroskopi - WARNING - Zaman sıralama düzeltildi (averaged): 2025-12-23 10:34:20.230222
2025-12-23 10:34:20 - spektroskopi - WARNING - Zaman sıralama düzeltildi (averaged): 2025-12-23 10:34:20.231222
2025-12-23 10:34:20 - spektroskopi - WARNING - Zaman sıralama düzeltildi (averaged): 2025-12-23 10:34:20.232222
2025-12-23 10:34:20 - spektroskopi - WARNING - RealTimePanel: UV_360nm raw data uzunluk uyumsuzluğu (timestamps: 339, data: 87)
2025-12-23 10:34:20 - spektroskopi - WARNING - RealTimePanel: UV_360nm calibrated data uzunluk uyumsuzluğu (timestamps: 339, data: 87)
2025-12-23 10:34:20 - spektroskopi - WARNING - RealTimePanel: Blue_450nm raw data uzunluk uyumsuzluğu (timestamps: 339, data: 85)
2025-12-23 10:34:20 - spektroskopi - WARNING - RealTimePanel: Blue_450nm calibrated data uzunluk uyumsuzluğu (timestamps: 339, data: 85)
2025-12-23 10:34:20 - spektroskopi - WARNING - RealTimePanel: IR_850nm raw data uzunluk uyumsuzluğu (timestamps: 339, data: 83)
2025-12-23 10:34:20 - spektroskopi - WARNING - RealTimePanel: IR_850nm calibrated data uzunluk uyumsuzluğu (timestamps: 339, data: 83)
2025-12-23 10:34:20 - spektroskopi - WARNING - RealTimePanel: IR_940nm raw data uzunluk uyumsuzluğu (timestamps: 339, data: 84)
2025-12-23 10:34:20 - spektroskopi - WARNING - RealTimePanel: IR_940nm calibrated data uzunluk uyumsuzluğu (timestamps: 339, data: 84)
2025-12-23 10:34:20 - spektroskopi - INFO - PyQt veri başarıyla güncellendi: raw_data
2025-12-23 10:34:20 - spektroskopi - INFO - Raspberry Pi'dan veri alındı: 6e400002-b5a3-f393-e0a9-e50e24dcca9e (Handle: 19): Nordic UART RX, uzunluk: 2
2025-12-23 10:34:20 - spektroskopi - INFO - Raspberry Pi verisi: Ham=214, Voltaj=214.000V
2025-12-23 10:34:20 - spektroskopi - INFO - Raspberry Pi verisi işlendi: SENSOR_2 = 214.000V
2025-12-23 10:34:20 - spektroskopi - INFO - Raspberry Pi'dan veri alındı: 6e400005-b5a3-f393-e0a9-e50e24dcca9e (Handle: 16): Unknown, uzunluk: 2
2025-12-23 10:34:20 - spektroskopi - INFO - Raspberry Pi verisi: Ham=225, Voltaj=225.000V
2025-12-23 10:34:20 - spektroskopi - INFO - Raspberry Pi verisi işlendi: SENSOR_EXTRA = 225.000V
2025-12-23 10:34:20 - spektroskopi - INFO - Raspberry Pi'dan veri alındı: 6e400003-b5a3-f393-e0a9-e50e24dcca9e (Handle: 8): Nordic UART TX, uzunluk: 2
2025-12-23 10:34:20 - spektroskopi - INFO - Raspberry Pi verisi: Ham=3203, Voltaj=3203.000V
2025-12-23 10:34:20 - spektroskopi - INFO - Raspberry Pi verisi işlendi: SENSOR_5 = 3203.000V
2025-12-23 10:34:21 - spektroskopi - INFO - Raspberry Pi'dan veri alındı: 6e400004-b5a3-f393-e0a9-e50e24dcca9e (Handle: 11): Unknown, uzunluk: 2
2025-12-23 10:34:21 - spektroskopi - INFO - Raspberry Pi verisi: Ham=3190, Voltaj=3190.000V
2025-12-23 10:34:21 - spektroskopi - INFO - Raspberry Pi verisi işlendi: SENSOR_7 = 3190.000V
2025-12-23 10:34:21 - spektroskopi - INFO - Raspberry Pi'dan veri alındı: 6e400002-b5a3-f393-e0a9-e50e24dcca9e (Handle: 19): Nordic UART RX, uzunluk: 2
2025-12-23 10:34:21 - spektroskopi - INFO - Raspberry Pi verisi: Ham=216, Voltaj=216.000V
2025-12-23 10:34:21 - spektroskopi - INFO - Raspberry Pi verisi işlendi: SENSOR_2 = 216.000V
2025-12-23 10:34:21 - spektroskopi - WARNING - Zaman sıralama düzeltildi (averaged): 2025-12-23 10:34:21.218079
2025-12-23 10:34:21 - spektroskopi - WARNING - Zaman sıralama düzeltildi (averaged): 2025-12-23 10:34:21.219079
2025-12-23 10:34:21 - spektroskopi - WARNING - Zaman sıralama düzeltildi (averaged): 2025-12-23 10:34:21.220079
2025-12-23 10:34:21 - spektroskopi - WARNING - Zaman sıralama düzeltildi (averaged): 2025-12-23 10:34:21.221079
2025-12-23 10:34:21 - spektroskopi - WARNING - Zaman sıralama düzeltildi (averaged): 2025-12-23 10:34:21.222079
2025-12-23 10:34:21 - spektroskopi - WARNING - RealTimePanel: UV_360nm raw data uzunluk uyumsuzluğu (timestamps: 349, data: 91)
2025-12-23 10:34:21 - spektroskopi - WARNING - RealTimePanel: UV_360nm calibrated data uzunluk uyumsuzluğu (timestamps: 349, data: 91)
2025-12-23 10:34:21 - spektroskopi - WARNING - RealTimePanel: Blue_450nm raw data uzunluk uyumsuzluğu (timestamps: 349, data: 87)
2025-12-23 10:34:21 - spektroskopi - WARNING - RealTimePanel: Blue_450nm calibrated data uzunluk uyumsuzluğu (timestamps: 349, data: 87)
2025-12-23 10:34:21 - spektroskopi - WARNING - RealTimePanel: IR_850nm raw data uzunluk uyumsuzluğu (timestamps: 349, data: 85)
2025-12-23 10:34:21 - spektroskopi - WARNING - RealTimePanel: IR_850nm calibrated data uzunluk uyumsuzluğu (timestamps: 349, data: 85)
2025-12-23 10:34:21 - spektroskopi - WARNING - RealTimePanel: IR_940nm raw data uzunluk uyumsuzluğu (timestamps: 349, data: 86)
2025-12-23 10:34:21 - spektroskopi - WARNING - RealTimePanel: IR_940nm calibrated data uzunluk uyumsuzluğu (timestamps: 349, data: 86)
2025-12-23 10:34:21 - spektroskopi - INFO - PyQt veri başarıyla güncellendi: raw_data
2025-12-23 10:34:21 - spektroskopi - INFO - Raspberry Pi'dan veri alındı: 6e400005-b5a3-f393-e0a9-e50e24dcca9e (Handle: 16): Unknown, uzunluk: 2
2025-12-23 10:34:21 - spektroskopi - INFO - Raspberry Pi verisi: Ham=228, Voltaj=228.000V
2025-12-23 10:34:21 - spektroskopi - INFO - Raspberry Pi verisi işlendi: SENSOR_EXTRA = 228.000V
2025-12-23 10:34:21 - spektroskopi - INFO - Raspberry Pi'dan veri alındı: 6e400003-b5a3-f393-e0a9-e50e24dcca9e (Handle: 8): Nordic UART TX, uzunluk: 2
2025-12-23 10:34:21 - spektroskopi - INFO - Raspberry Pi verisi: Ham=3211, Voltaj=3211.000V
2025-12-23 10:34:21 - spektroskopi - INFO - Raspberry Pi verisi işlendi: SENSOR_5 = 3211.000V
2025-12-23 10:34:21 - spektroskopi - INFO - Raspberry Pi'dan veri alındı: 6e400004-b5a3-f393-e0a9-e50e24dcca9e (Handle: 11): Unknown, uzunluk: 2
2025-12-23 10:34:21 - spektroskopi - INFO - Raspberry Pi verisi: Ham=3185, Voltaj=3185.000V
2025-12-23 10:34:21 - spektroskopi - INFO - Raspberry Pi verisi işlendi: SENSOR_7 = 3185.000V
2025-12-23 10:34:22 - spektroskopi - INFO - Raspberry Pi'dan veri alındı: 6e400002-b5a3-f393-e0a9-e50e24dcca9e (Handle: 19): Nordic UART RX, uzunluk: 2
2025-12-23 10:34:22 - spektroskopi - INFO - Raspberry Pi verisi: Ham=215, Voltaj=215.000V
2025-12-23 10:34:22 - spektroskopi - INFO - Raspberry Pi verisi işlendi: SENSOR_2 = 215.000V
2025-12-23 10:34:22 - spektroskopi - WARNING - Zaman sıralama düzeltildi (averaged): 2025-12-23 10:34:22.091947
2025-12-23 10:34:22 - spektroskopi - WARNING - Zaman sıralama düzeltildi (averaged): 2025-12-23 10:34:22.092947
2025-12-23 10:34:22 - spektroskopi - WARNING - Zaman sıralama düzeltildi (averaged): 2025-12-23 10:34:22.093947
2025-12-23 10:34:22 - spektroskopi - WARNING - Zaman sıralama düzeltildi (averaged): 2025-12-23 10:34:22.094947
2025-12-23 10:34:22 - spektroskopi - WARNING - RealTimePanel: UV_360nm raw data uzunluk uyumsuzluğu (timestamps: 357, data: 93)
2025-12-23 10:34:22 - spektroskopi - WARNING - RealTimePanel: UV_360nm calibrated data uzunluk uyumsuzluğu (timestamps: 357, data: 93)
2025-12-23 10:34:22 - spektroskopi - WARNING - RealTimePanel: Blue_450nm raw data uzunluk uyumsuzluğu (timestamps: 357, data: 89)
2025-12-23 10:34:22 - spektroskopi - WARNING - RealTimePanel: Blue_450nm calibrated data uzunluk uyumsuzluğu (timestamps: 357, data: 89)
2025-12-23 10:34:22 - spektroskopi - WARNING - RealTimePanel: IR_850nm raw data uzunluk uyumsuzluğu (timestamps: 357, data: 87)
2025-12-23 10:34:22 - spektroskopi - WARNING - RealTimePanel: IR_850nm calibrated data uzunluk uyumsuzluğu (timestamps: 357, data: 87)
2025-12-23 10:34:22 - spektroskopi - WARNING - RealTimePanel: IR_940nm raw data uzunluk uyumsuzluğu (timestamps: 357, data: 88)
2025-12-23 10:34:22 - spektroskopi - WARNING - RealTimePanel: IR_940nm calibrated data uzunluk uyumsuzluğu (timestamps: 357, data: 88)
2025-12-23 10:34:22 - spektroskopi - INFO - PyQt veri başarıyla güncellendi: raw_data
2025-12-23 10:34:22 - spektroskopi - INFO - Raspberry Pi'dan veri alındı: 6e400005-b5a3-f393-e0a9-e50e24dcca9e (Handle: 16): Unknown, uzunluk: 2
2025-12-23 10:34:22 - spektroskopi - INFO - Raspberry Pi verisi: Ham=235, Voltaj=235.000V
2025-12-23 10:34:22 - spektroskopi - INFO - Raspberry Pi verisi işlendi: SENSOR_EXTRA = 235.000V
2025-12-23 10:34:22 - spektroskopi - INFO - Raspberry Pi'dan veri alındı: 6e400003-b5a3-f393-e0a9-e50e24dcca9e (Handle: 8): Nordic UART TX, uzunluk: 2
2025-12-23 10:34:22 - spektroskopi - INFO - Raspberry Pi verisi: Ham=3206, Voltaj=3206.000V
2025-12-23 10:34:22 - spektroskopi - INFO - Raspberry Pi verisi işlendi: SENSOR_5 = 3206.000V
2025-12-23 10:34:22 - spektroskopi - INFO - Raspberry Pi'dan veri alındı: 6e400004-b5a3-f393-e0a9-e50e24dcca9e (Handle: 11): Unknown, uzunluk: 2
2025-12-23 10:34:22 - spektroskopi - INFO - Raspberry Pi verisi: Ham=3191, Voltaj=3191.000V
2025-12-23 10:34:22 - spektroskopi - INFO - Raspberry Pi verisi işlendi: SENSOR_7 = 3191.000V
2025-12-23 10:34:22 - spektroskopi - INFO - Raspberry Pi'dan veri alındı: 6e400002-b5a3-f393-e0a9-e50e24dcca9e (Handle: 19): Nordic UART RX, uzunluk: 2
2025-12-23 10:34:22 - spektroskopi - INFO - Raspberry Pi verisi: Ham=221, Voltaj=221.000V
2025-12-23 10:34:22 - spektroskopi - INFO - Raspberry Pi verisi işlendi: SENSOR_2 = 221.000V
2025-12-23 10:34:23 - spektroskopi - INFO - Raspberry Pi'dan veri alındı: 6e400005-b5a3-f393-e0a9-e50e24dcca9e (Handle: 16): Unknown, uzunluk: 2
2025-12-23 10:34:23 - spektroskopi - INFO - Raspberry Pi verisi: Ham=234, Voltaj=234.000V
2025-12-23 10:34:23 - spektroskopi - INFO - Raspberry Pi verisi işlendi: SENSOR_EXTRA = 234.000V
2025-12-23 10:34:23 - spektroskopi - WARNING - Zaman sıralama düzeltildi (averaged): 2025-12-23 10:34:23.229352
2025-12-23 10:34:23 - spektroskopi - WARNING - Zaman sıralama düzeltildi (averaged): 2025-12-23 10:34:23.230352
2025-12-23 10:34:23 - spektroskopi - WARNING - Zaman sıralama düzeltildi (averaged): 2025-12-23 10:34:23.231352
2025-12-23 10:34:23 - spektroskopi - WARNING - Zaman sıralama düzeltildi (averaged): 2025-12-23 10:34:23.232352
2025-12-23 10:34:23 - spektroskopi - WARNING - Zaman sıralama düzeltildi (averaged): 2025-12-23 10:34:23.233352
2025-12-23 10:34:23 - spektroskopi - WARNING - RealTimePanel: UV_360nm raw data uzunluk uyumsuzluğu (timestamps: 367, data: 95)
2025-12-23 10:34:23 - spektroskopi - WARNING - RealTimePanel: UV_360nm calibrated data uzunluk uyumsuzluğu (timestamps: 367, data: 95)
2025-12-23 10:34:23 - spektroskopi - WARNING - RealTimePanel: Blue_450nm raw data uzunluk uyumsuzluğu (timestamps: 367, data: 93)
2025-12-23 10:34:23 - spektroskopi - WARNING - RealTimePanel: Blue_450nm calibrated data uzunluk uyumsuzluğu (timestamps: 367, data: 93)
2025-12-23 10:34:23 - spektroskopi - WARNING - RealTimePanel: IR_850nm raw data uzunluk uyumsuzluğu (timestamps: 367, data: 89)
2025-12-23 10:34:23 - spektroskopi - WARNING - RealTimePanel: IR_850nm calibrated data uzunluk uyumsuzluğu (timestamps: 367, data: 89)
2025-12-23 10:34:23 - spektroskopi - WARNING - RealTimePanel: IR_940nm raw data uzunluk uyumsuzluğu (timestamps: 367, data: 90)
2025-12-23 10:34:23 - spektroskopi - WARNING - RealTimePanel: IR_940nm calibrated data uzunluk uyumsuzluğu (timestamps: 367, data: 90)
2025-12-23 10:34:23 - spektroskopi - INFO - PyQt veri başarıyla güncellendi: raw_data
2025-12-23 10:34:23 - spektroskopi - INFO - Raspberry Pi'dan veri alındı: 6e400003-b5a3-f393-e0a9-e50e24dcca9e (Handle: 8): Nordic UART TX, uzunluk: 2
2025-12-23 10:34:23 - spektroskopi - INFO - Raspberry Pi verisi: Ham=3209, Voltaj=3209.000V
2025-12-23 10:34:23 - spektroskopi - INFO - Raspberry Pi verisi işlendi: SENSOR_5 = 3209.000V
2025-12-23 10:34:23 - spektroskopi - INFO - Raspberry Pi'dan veri alındı: 6e400004-b5a3-f393-e0a9-e50e24dcca9e (Handle: 11): Unknown, uzunluk: 2
2025-12-23 10:34:23 - spektroskopi - INFO - Raspberry Pi verisi: Ham=3181, Voltaj=3181.000V
2025-12-23 10:34:23 - spektroskopi - INFO - Raspberry Pi verisi işlendi: SENSOR_7 = 3181.000V
2025-12-23 10:34:23 - spektroskopi - WARNING - Molecule name boş bırakıldı
2025-12-23 10:34:23 - spektroskopi - WARNING - Unit boş bırakıldı, 'N/A' olarak ayarlandı
2025-12-23 10:34:23 - spektroskopi - INFO - CALIBRATION MANAGER - start_calibration:
2025-12-23 10:34:23 - spektroskopi - INFO -   sensor_key: 'Blue_450nm'
2025-12-23 10:34:23 - spektroskopi - INFO -   molecule_name: ''
2025-12-23 10:34:23 - spektroskopi - INFO -   unit: 'N/A'
2025-12-23 10:34:23 - spektroskopi - INFO - CALIBRATION: Blue_450nm - CALIBRATION_STARTED - Molecule: , Unit: N/A
2025-12-23 10:34:23 - spektroskopi - INFO - Kalibrasyon başlatıldı: Blue Sensor (450nm) - Molecule: '' - Unit: 'N/A'
2025-12-23 10:34:23 - spektroskopi - INFO - Raspberry Pi'dan veri alındı: 6e400002-b5a3-f393-e0a9-e50e24dcca9e (Handle: 19): Nordic UART RX, uzunluk: 2
2025-12-23 10:34:23 - spektroskopi - INFO - Raspberry Pi verisi: Ham=225, Voltaj=225.000V
2025-12-23 10:34:23 - spektroskopi - INFO - Raspberry Pi verisi işlendi: SENSOR_2 = 225.000V
2025-12-23 10:34:24 - spektroskopi - INFO - Raspberry Pi'dan veri alındı: 6e400005-b5a3-f393-e0a9-e50e24dcca9e (Handle: 16): Unknown, uzunluk: 2
2025-12-23 10:34:24 - spektroskopi - INFO - Raspberry Pi verisi: Ham=239, Voltaj=239.000V
2025-12-23 10:34:24 - spektroskopi - INFO - Raspberry Pi verisi işlendi: SENSOR_EXTRA = 239.000V
2025-12-23 10:34:24 - spektroskopi - WARNING - Zaman sıralama düzeltildi (averaged): 2025-12-23 10:34:24.099933
2025-12-23 10:34:24 - spektroskopi - WARNING - Zaman sıralama düzeltildi (averaged): 2025-12-23 10:34:24.100933
2025-12-23 10:34:24 - spektroskopi - WARNING - Zaman sıralama düzeltildi (averaged): 2025-12-23 10:34:24.101933
2025-12-23 10:34:24 - spektroskopi - WARNING - Zaman sıralama düzeltildi (averaged): 2025-12-23 10:34:24.102933
2025-12-23 10:34:24 - spektroskopi - WARNING - RealTimePanel: UV_360nm raw data uzunluk uyumsuzluğu (timestamps: 375, data: 97)
2025-12-23 10:34:24 - spektroskopi - WARNING - RealTimePanel: UV_360nm calibrated data uzunluk uyumsuzluğu (timestamps: 375, data: 97)
2025-12-23 10:34:24 - spektroskopi - WARNING - RealTimePanel: Blue_450nm raw data uzunluk uyumsuzluğu (timestamps: 375, data: 95)
2025-12-23 10:34:24 - spektroskopi - WARNING - RealTimePanel: Blue_450nm calibrated data uzunluk uyumsuzluğu (timestamps: 375, data: 95)
2025-12-23 10:34:24 - spektroskopi - WARNING - RealTimePanel: IR_850nm raw data uzunluk uyumsuzluğu (timestamps: 375, data: 91)
2025-12-23 10:34:24 - spektroskopi - WARNING - RealTimePanel: IR_850nm calibrated data uzunluk uyumsuzluğu (timestamps: 375, data: 91)
2025-12-23 10:34:24 - spektroskopi - WARNING - RealTimePanel: IR_940nm raw data uzunluk uyumsuzluğu (timestamps: 375, data: 92)
2025-12-23 10:34:24 - spektroskopi - WARNING - RealTimePanel: IR_940nm calibrated data uzunluk uyumsuzluğu (timestamps: 375, data: 92)
2025-12-23 10:34:24 - spektroskopi - INFO - PyQt veri başarıyla güncellendi: raw_data
2025-12-23 10:34:24 - spektroskopi - INFO - Raspberry Pi'dan veri alındı: 6e400003-b5a3-f393-e0a9-e50e24dcca9e (Handle: 8): Nordic UART TX, uzunluk: 2
2025-12-23 10:34:24 - spektroskopi - INFO - Raspberry Pi verisi: Ham=3201, Voltaj=3201.000V
2025-12-23 10:34:24 - spektroskopi - INFO - Raspberry Pi verisi işlendi: SENSOR_5 = 3201.000V
2025-12-23 10:34:24 - spektroskopi - INFO - Raspberry Pi'dan veri alındı: 6e400004-b5a3-f393-e0a9-e50e24dcca9e (Handle: 11): Unknown, uzunluk: 2
2025-12-23 10:34:24 - spektroskopi - INFO - Raspberry Pi verisi: Ham=3179, Voltaj=3179.000V
2025-12-23 10:34:24 - spektroskopi - INFO - Raspberry Pi verisi işlendi: SENSOR_7 = 3179.000V
2025-12-23 10:34:24 - spektroskopi - INFO - Raspberry Pi'dan veri alındı: 6e400002-b5a3-f393-e0a9-e50e24dcca9e (Handle: 19): Nordic UART RX, uzunluk: 2
2025-12-23 10:34:24 - spektroskopi - INFO - Raspberry Pi verisi: Ham=239, Voltaj=239.000V
2025-12-23 10:34:24 - spektroskopi - INFO - Raspberry Pi verisi işlendi: SENSOR_2 = 239.000V
2025-12-23 10:34:24 - spektroskopi - INFO - Raspberry Pi'dan veri alındı: 6e400005-b5a3-f393-e0a9-e50e24dcca9e (Handle: 16): Unknown, uzunluk: 2
2025-12-23 10:34:24 - spektroskopi - INFO - Raspberry Pi verisi: Ham=267, Voltaj=267.000V
2025-12-23 10:34:24 - spektroskopi - INFO - Raspberry Pi verisi işlendi: SENSOR_EXTRA = 267.000V
2025-12-23 10:34:25 - spektroskopi - INFO - Raspberry Pi'dan veri alındı: 6e400003-b5a3-f393-e0a9-e50e24dcca9e (Handle: 8): Nordic UART TX, uzunluk: 2
2025-12-23 10:34:25 - spektroskopi - INFO - Raspberry Pi verisi: Ham=3185, Voltaj=3185.000V
2025-12-23 10:34:25 - spektroskopi - INFO - Raspberry Pi verisi işlendi: SENSOR_5 = 3185.000V
2025-12-23 10:34:25 - spektroskopi - WARNING - Zaman sıralama düzeltildi (averaged): 2025-12-23 10:34:25.238397
2025-12-23 10:34:25 - spektroskopi - WARNING - Zaman sıralama düzeltildi (averaged): 2025-12-23 10:34:25.239397
2025-12-23 10:34:25 - spektroskopi - WARNING - Zaman sıralama düzeltildi (averaged): 2025-12-23 10:34:25.240397
2025-12-23 10:34:25 - spektroskopi - WARNING - Zaman sıralama düzeltildi (averaged): 2025-12-23 10:34:25.241397
2025-12-23 10:34:25 - spektroskopi - WARNING - Zaman sıralama düzeltildi (averaged): 2025-12-23 10:34:25.242397
2025-12-23 10:34:25 - spektroskopi - WARNING - RealTimePanel: UV_360nm raw data uzunluk uyumsuzluğu (timestamps: 385, data: 99)
2025-12-23 10:34:25 - spektroskopi - WARNING - RealTimePanel: UV_360nm calibrated data uzunluk uyumsuzluğu (timestamps: 385, data: 99)
2025-12-23 10:34:25 - spektroskopi - WARNING - RealTimePanel: Blue_450nm raw data uzunluk uyumsuzluğu (timestamps: 385, data: 97)
2025-12-23 10:34:25 - spektroskopi - WARNING - RealTimePanel: Blue_450nm calibrated data uzunluk uyumsuzluğu (timestamps: 385, data: 97)
2025-12-23 10:34:25 - spektroskopi - WARNING - RealTimePanel: IR_850nm raw data uzunluk uyumsuzluğu (timestamps: 385, data: 93)
2025-12-23 10:34:25 - spektroskopi - WARNING - RealTimePanel: IR_850nm calibrated data uzunluk uyumsuzluğu (timestamps: 385, data: 93)
2025-12-23 10:34:25 - spektroskopi - WARNING - RealTimePanel: IR_940nm raw data uzunluk uyumsuzluğu (timestamps: 385, data: 96)
2025-12-23 10:34:25 - spektroskopi - WARNING - RealTimePanel: IR_940nm calibrated data uzunluk uyumsuzluğu (timestamps: 385, data: 96)
2025-12-23 10:34:25 - spektroskopi - INFO - PyQt veri başarıyla güncellendi: raw_data
2025-12-23 10:34:25 - spektroskopi - INFO - Raspberry Pi'dan veri alındı: 6e400004-b5a3-f393-e0a9-e50e24dcca9e (Handle: 11): Unknown, uzunluk: 2
2025-12-23 10:34:25 - spektroskopi - INFO - Raspberry Pi verisi: Ham=3154, Voltaj=3154.000V
2025-12-23 10:34:25 - spektroskopi - INFO - Raspberry Pi verisi işlendi: SENSOR_7 = 3154.000V
2025-12-23 10:34:25 - spektroskopi - INFO - Raspberry Pi'dan veri alındı: 6e400002-b5a3-f393-e0a9-e50e24dcca9e (Handle: 19): Nordic UART RX, uzunluk: 2
2025-12-23 10:34:25 - spektroskopi - INFO - Raspberry Pi verisi: Ham=265, Voltaj=265.000V
2025-12-23 10:34:25 - spektroskopi - INFO - Raspberry Pi verisi işlendi: SENSOR_2 = 265.000V
2025-12-23 10:34:25 - spektroskopi - INFO - Raspberry Pi'dan veri alındı: 6e400005-b5a3-f393-e0a9-e50e24dcca9e (Handle: 16): Unknown, uzunluk: 2
2025-12-23 10:34:25 - spektroskopi - INFO - Raspberry Pi verisi: Ham=280, Voltaj=280.000V
2025-12-23 10:34:25 - spektroskopi - INFO - Raspberry Pi verisi işlendi: SENSOR_EXTRA = 280.000V
2025-12-23 10:34:26 - spektroskopi - INFO - Raspberry Pi'dan veri alındı: 6e400003-b5a3-f393-e0a9-e50e24dcca9e (Handle: 8): Nordic UART TX, uzunluk: 2
2025-12-23 10:34:26 - spektroskopi - INFO - Raspberry Pi verisi: Ham=3180, Voltaj=3180.000V
2025-12-23 10:34:26 - spektroskopi - INFO - Raspberry Pi verisi işlendi: SENSOR_5 = 3180.000V
2025-12-23 10:34:26 - spektroskopi - WARNING - Zaman sıralama düzeltildi (averaged): 2025-12-23 10:34:26.109204
2025-12-23 10:34:26 - spektroskopi - WARNING - Zaman sıralama düzeltildi (averaged): 2025-12-23 10:34:26.110204
2025-12-23 10:34:26 - spektroskopi - WARNING - Zaman sıralama düzeltildi (averaged): 2025-12-23 10:34:26.111204
2025-12-23 10:34:26 - spektroskopi - WARNING - Zaman sıralama düzeltildi (averaged): 2025-12-23 10:34:26.112204
2025-12-23 10:34:26 - spektroskopi - WARNING - RealTimePanel: UV_360nm raw data uzunluk uyumsuzluğu (timestamps: 393, data: 101)
2025-12-23 10:34:26 - spektroskopi - WARNING - RealTimePanel: UV_360nm calibrated data uzunluk uyumsuzluğu (timestamps: 393, data: 101)
2025-12-23 10:34:26 - spektroskopi - WARNING - RealTimePanel: Blue_450nm raw data uzunluk uyumsuzluğu (timestamps: 393, data: 99)
2025-12-23 10:34:26 - spektroskopi - WARNING - RealTimePanel: Blue_450nm calibrated data uzunluk uyumsuzluğu (timestamps: 393, data: 99)
2025-12-23 10:34:26 - spektroskopi - WARNING - RealTimePanel: IR_850nm raw data uzunluk uyumsuzluğu (timestamps: 393, data: 95)
2025-12-23 10:34:26 - spektroskopi - WARNING - RealTimePanel: IR_850nm calibrated data uzunluk uyumsuzluğu (timestamps: 393, data: 95)
2025-12-23 10:34:26 - spektroskopi - WARNING - RealTimePanel: IR_940nm raw data uzunluk uyumsuzluğu (timestamps: 393, data: 98)
2025-12-23 10:34:26 - spektroskopi - WARNING - RealTimePanel: IR_940nm calibrated data uzunluk uyumsuzluğu (timestamps: 393, data: 98)
2025-12-23 10:34:26 - spektroskopi - INFO - PyQt veri başarıyla güncellendi: raw_data
2025-12-23 10:34:26 - spektroskopi - INFO - Raspberry Pi'dan veri alındı: 6e400004-b5a3-f393-e0a9-e50e24dcca9e (Handle: 11): Unknown, uzunluk: 2
2025-12-23 10:34:26 - spektroskopi - INFO - Raspberry Pi verisi: Ham=3153, Voltaj=3153.000V
2025-12-23 10:34:26 - spektroskopi - INFO - Raspberry Pi verisi işlendi: SENSOR_7 = 3153.000V
2025-12-23 10:34:26 - spektroskopi - INFO - Raspberry Pi'dan veri alındı: 6e400002-b5a3-f393-e0a9-e50e24dcca9e (Handle: 19): Nordic UART RX, uzunluk: 2
2025-12-23 10:34:26 - spektroskopi - INFO - Raspberry Pi verisi: Ham=279, Voltaj=279.000V
2025-12-23 10:34:26 - spektroskopi - INFO - Raspberry Pi verisi işlendi: SENSOR_2 = 279.000V
2025-12-23 10:34:26 - spektroskopi - INFO - Raspberry Pi'dan veri alındı: 6e400005-b5a3-f393-e0a9-e50e24dcca9e (Handle: 16): Unknown, uzunluk: 2
2025-12-23 10:34:26 - spektroskopi - INFO - Raspberry Pi verisi: Ham=284, Voltaj=284.000V
2025-12-23 10:34:26 - spektroskopi - INFO - Raspberry Pi verisi işlendi: SENSOR_EXTRA = 284.000V
2025-12-23 10:34:27 - spektroskopi - INFO - Raspberry Pi'dan veri alındı: 6e400003-b5a3-f393-e0a9-e50e24dcca9e (Handle: 8): Nordic UART TX, uzunluk: 2
2025-12-23 10:34:27 - spektroskopi - INFO - Raspberry Pi verisi: Ham=3188, Voltaj=3188.000V
2025-12-23 10:34:27 - spektroskopi - INFO - Raspberry Pi verisi işlendi: SENSOR_5 = 3188.000V
2025-12-23 10:34:27 - spektroskopi - INFO - Raspberry Pi'dan veri alındı: 6e400004-b5a3-f393-e0a9-e50e24dcca9e (Handle: 11): Unknown, uzunluk: 2
2025-12-23 10:34:27 - spektroskopi - INFO - Raspberry Pi verisi: Ham=3168, Voltaj=3168.000V
2025-12-23 10:34:27 - spektroskopi - INFO - Raspberry Pi verisi işlendi: SENSOR_7 = 3168.000V
2025-12-23 10:34:27 - spektroskopi - WARNING - Zaman sıralama düzeltildi (averaged): 2025-12-23 10:34:27.248861
2025-12-23 10:34:27 - spektroskopi - WARNING - Zaman sıralama düzeltildi (averaged): 2025-12-23 10:34:27.249861
2025-12-23 10:34:27 - spektroskopi - WARNING - Zaman sıralama düzeltildi (averaged): 2025-12-23 10:34:27.250861
2025-12-23 10:34:27 - spektroskopi - WARNING - Zaman sıralama düzeltildi (averaged): 2025-12-23 10:34:27.251861
2025-12-23 10:34:27 - spektroskopi - WARNING - Zaman sıralama düzeltildi (averaged): 2025-12-23 10:34:27.252861
2025-12-23 10:34:27 - spektroskopi - WARNING - RealTimePanel: UV_360nm raw data uzunluk uyumsuzluğu (timestamps: 403, data: 103)
2025-12-23 10:34:27 - spektroskopi - WARNING - RealTimePanel: UV_360nm calibrated data uzunluk uyumsuzluğu (timestamps: 403, data: 103)
2025-12-23 10:34:27 - spektroskopi - WARNING - RealTimePanel: Blue_450nm raw data uzunluk uyumsuzluğu (timestamps: 403, data: 101)
2025-12-23 10:34:27 - spektroskopi - WARNING - RealTimePanel: Blue_450nm calibrated data uzunluk uyumsuzluğu (timestamps: 403, data: 101)
2025-12-23 10:34:27 - spektroskopi - WARNING - RealTimePanel: IR_850nm raw data uzunluk uyumsuzluğu (timestamps: 403, data: 99)
2025-12-23 10:34:27 - spektroskopi - WARNING - RealTimePanel: IR_850nm calibrated data uzunluk uyumsuzluğu (timestamps: 403, data: 99)
2025-12-23 10:34:27 - spektroskopi - WARNING - RealTimePanel: IR_940nm raw data uzunluk uyumsuzluğu (timestamps: 403, data: 100)
2025-12-23 10:34:27 - spektroskopi - WARNING - RealTimePanel: IR_940nm calibrated data uzunluk uyumsuzluğu (timestamps: 403, data: 100)
2025-12-23 10:34:27 - spektroskopi - INFO - PyQt veri başarıyla güncellendi: raw_data
2025-12-23 10:34:27 - spektroskopi - INFO - Raspberry Pi'dan veri alındı: 6e400002-b5a3-f393-e0a9-e50e24dcca9e (Handle: 19): Nordic UART RX, uzunluk: 2
2025-12-23 10:34:27 - spektroskopi - INFO - Raspberry Pi verisi: Ham=230, Voltaj=230.000V
2025-12-23 10:34:27 - spektroskopi - INFO - Raspberry Pi verisi işlendi: SENSOR_2 = 230.000V
2025-12-23 10:34:27 - spektroskopi - INFO - Raspberry Pi'dan veri alındı: 6e400005-b5a3-f393-e0a9-e50e24dcca9e (Handle: 16): Unknown, uzunluk: 2
2025-12-23 10:34:27 - spektroskopi - INFO - Raspberry Pi verisi: Ham=242, Voltaj=242.000V
2025-12-23 10:34:27 - spektroskopi - INFO - Raspberry Pi verisi işlendi: SENSOR_EXTRA = 242.000V
2025-12-23 10:34:27 - spektroskopi - INFO - Raspberry Pi'dan veri alındı: 6e400003-b5a3-f393-e0a9-e50e24dcca9e (Handle: 8): Nordic UART TX, uzunluk: 2
2025-12-23 10:34:27 - spektroskopi - INFO - Raspberry Pi verisi: Ham=3195, Voltaj=3195.000V
2025-12-23 10:34:27 - spektroskopi - INFO - Raspberry Pi verisi işlendi: SENSOR_5 = 3195.000V
2025-12-23 10:34:28 - spektroskopi - INFO - Raspberry Pi'dan veri alındı: 6e400004-b5a3-f393-e0a9-e50e24dcca9e (Handle: 11): Unknown, uzunluk: 2
2025-12-23 10:34:28 - spektroskopi - INFO - Raspberry Pi verisi: Ham=3171, Voltaj=3171.000V
2025-12-23 10:34:28 - spektroskopi - INFO - Raspberry Pi verisi işlendi: SENSOR_7 = 3171.000V
2025-12-23 10:34:28 - spektroskopi - INFO - Raspberry Pi'dan veri alındı: 6e400002-b5a3-f393-e0a9-e50e24dcca9e (Handle: 19): Nordic UART RX, uzunluk: 2
2025-12-23 10:34:28 - spektroskopi - INFO - Raspberry Pi verisi: Ham=248, Voltaj=248.000V
2025-12-23 10:34:28 - spektroskopi - INFO - Raspberry Pi verisi işlendi: SENSOR_2 = 248.000V
2025-12-23 10:34:28 - spektroskopi - WARNING - Zaman sıralama düzeltildi (averaged): 2025-12-23 10:34:28.240161
2025-12-23 10:34:28 - spektroskopi - WARNING - Zaman sıralama düzeltildi (averaged): 2025-12-23 10:34:28.241161
2025-12-23 10:34:28 - spektroskopi - WARNING - Zaman sıralama düzeltildi (averaged): 2025-12-23 10:34:28.242161
2025-12-23 10:34:28 - spektroskopi - WARNING - Zaman sıralama düzeltildi (averaged): 2025-12-23 10:34:28.243161
2025-12-23 10:34:28 - spektroskopi - WARNING - Zaman sıralama düzeltildi (averaged): 2025-12-23 10:34:28.244161
2025-12-23 10:34:28 - spektroskopi - WARNING - RealTimePanel: UV_360nm raw data uzunluk uyumsuzluğu (timestamps: 413, data: 107)
2025-12-23 10:34:28 - spektroskopi - WARNING - RealTimePanel: UV_360nm calibrated data uzunluk uyumsuzluğu (timestamps: 413, data: 107)
2025-12-23 10:34:28 - spektroskopi - WARNING - RealTimePanel: Blue_450nm raw data uzunluk uyumsuzluğu (timestamps: 413, data: 103)
2025-12-23 10:34:28 - spektroskopi - WARNING - RealTimePanel: Blue_450nm calibrated data uzunluk uyumsuzluğu (timestamps: 413, data: 103)
2025-12-23 10:34:28 - spektroskopi - WARNING - RealTimePanel: IR_850nm raw data uzunluk uyumsuzluğu (timestamps: 413, data: 101)
2025-12-23 10:34:28 - spektroskopi - WARNING - RealTimePanel: IR_850nm calibrated data uzunluk uyumsuzluğu (timestamps: 413, data: 101)
2025-12-23 10:34:28 - spektroskopi - WARNING - RealTimePanel: IR_940nm raw data uzunluk uyumsuzluğu (timestamps: 413, data: 102)
2025-12-23 10:34:28 - spektroskopi - WARNING - RealTimePanel: IR_940nm calibrated data uzunluk uyumsuzluğu (timestamps: 413, data: 102)
2025-12-23 10:34:28 - spektroskopi - INFO - PyQt veri başarıyla güncellendi: raw_data
2025-12-23 10:34:28 - spektroskopi - INFO - Raspberry Pi'dan veri alındı: 6e400005-b5a3-f393-e0a9-e50e24dcca9e (Handle: 16): Unknown, uzunluk: 2
2025-12-23 10:34:28 - spektroskopi - INFO - Raspberry Pi verisi: Ham=257, Voltaj=257.000V
2025-12-23 10:34:28 - spektroskopi - INFO - Raspberry Pi verisi işlendi: SENSOR_EXTRA = 257.000V
2025-12-23 10:34:28 - spektroskopi - INFO - Raspberry Pi'dan veri alındı: 6e400003-b5a3-f393-e0a9-e50e24dcca9e (Handle: 8): Nordic UART TX, uzunluk: 2
2025-12-23 10:34:28 - spektroskopi - INFO - Raspberry Pi verisi: Ham=3196, Voltaj=3196.000V
2025-12-23 10:34:28 - spektroskopi - INFO - Raspberry Pi verisi işlendi: SENSOR_5 = 3196.000V
2025-12-23 10:34:29 - spektroskopi - INFO - Raspberry Pi'dan veri alındı: 6e400004-b5a3-f393-e0a9-e50e24dcca9e (Handle: 11): Unknown, uzunluk: 2
2025-12-23 10:34:29 - spektroskopi - INFO - Raspberry Pi verisi: Ham=3171, Voltaj=3171.000V
2025-12-23 10:34:29 - spektroskopi - INFO - Raspberry Pi verisi işlendi: SENSOR_7 = 3171.000V
2025-12-23 10:34:29 - spektroskopi - INFO - Raspberry Pi'dan veri alındı: 6e400002-b5a3-f393-e0a9-e50e24dcca9e (Handle: 19): Nordic UART RX, uzunluk: 2
2025-12-23 10:34:29 - spektroskopi - INFO - Raspberry Pi verisi: Ham=256, Voltaj=256.000V
2025-12-23 10:34:29 - spektroskopi - INFO - Raspberry Pi verisi işlendi: SENSOR_2 = 256.000V
2025-12-23 10:34:29 - spektroskopi - WARNING - Zaman sıralama düzeltildi (averaged): 2025-12-23 10:34:29.109656
2025-12-23 10:34:29 - spektroskopi - WARNING - Zaman sıralama düzeltildi (averaged): 2025-12-23 10:34:29.110656
2025-12-23 10:34:29 - spektroskopi - WARNING - Zaman sıralama düzeltildi (averaged): 2025-12-23 10:34:29.111656
2025-12-23 10:34:29 - spektroskopi - WARNING - Zaman sıralama düzeltildi (averaged): 2025-12-23 10:34:29.112656
2025-12-23 10:34:29 - spektroskopi - WARNING - RealTimePanel: UV_360nm raw data uzunluk uyumsuzluğu (timestamps: 421, data: 109)
2025-12-23 10:34:29 - spektroskopi - WARNING - RealTimePanel: UV_360nm calibrated data uzunluk uyumsuzluğu (timestamps: 421, data: 109)
2025-12-23 10:34:29 - spektroskopi - WARNING - RealTimePanel: Blue_450nm raw data uzunluk uyumsuzluğu (timestamps: 421, data: 105)
2025-12-23 10:34:29 - spektroskopi - WARNING - RealTimePanel: Blue_450nm calibrated data uzunluk uyumsuzluğu (timestamps: 421, data: 105)
2025-12-23 10:34:29 - spektroskopi - WARNING - RealTimePanel: IR_850nm raw data uzunluk uyumsuzluğu (timestamps: 421, data: 103)
2025-12-23 10:34:29 - spektroskopi - WARNING - RealTimePanel: IR_850nm calibrated data uzunluk uyumsuzluğu (timestamps: 421, data: 103)
2025-12-23 10:34:29 - spektroskopi - WARNING - RealTimePanel: IR_940nm raw data uzunluk uyumsuzluğu (timestamps: 421, data: 104)
2025-12-23 10:34:29 - spektroskopi - WARNING - RealTimePanel: IR_940nm calibrated data uzunluk uyumsuzluğu (timestamps: 421, data: 104)
2025-12-23 10:34:29 - spektroskopi - INFO - PyQt veri başarıyla güncellendi: raw_data
2025-12-23 10:34:29 - spektroskopi - INFO - Raspberry Pi'dan veri alındı: 6e400005-b5a3-f393-e0a9-e50e24dcca9e (Handle: 16): Unknown, uzunluk: 2
2025-12-23 10:34:29 - spektroskopi - INFO - Raspberry Pi verisi: Ham=266, Voltaj=266.000V
2025-12-23 10:34:29 - spektroskopi - INFO - Raspberry Pi verisi işlendi: SENSOR_EXTRA = 266.000V
2025-12-23 10:34:29 - spektroskopi - INFO - Raspberry Pi'dan veri alındı: 6e400003-b5a3-f393-e0a9-e50e24dcca9e (Handle: 8): Nordic UART TX, uzunluk: 2
2025-12-23 10:34:29 - spektroskopi - INFO - Raspberry Pi verisi: Ham=3195, Voltaj=3195.000V
2025-12-23 10:34:29 - spektroskopi - INFO - Raspberry Pi verisi işlendi: SENSOR_5 = 3195.000V
2025-12-23 10:34:29 - spektroskopi - INFO - Raspberry Pi'dan veri alındı: 6e400004-b5a3-f393-e0a9-e50e24dcca9e (Handle: 11): Unknown, uzunluk: 2
2025-12-23 10:34:29 - spektroskopi - INFO - Raspberry Pi verisi: Ham=3168, Voltaj=3168.000V
2025-12-23 10:34:29 - spektroskopi - INFO - Raspberry Pi verisi işlendi: SENSOR_7 = 3168.000V
2025-12-23 10:34:29 - spektroskopi - INFO - Raspberry Pi'dan veri alındı: 6e400002-b5a3-f393-e0a9-e50e24dcca9e (Handle: 19): Nordic UART RX, uzunluk: 2
2025-12-23 10:34:29 - spektroskopi - INFO - Raspberry Pi verisi: Ham=251, Voltaj=251.000V
2025-12-23 10:34:29 - spektroskopi - INFO - Raspberry Pi verisi işlendi: SENSOR_2 = 251.000V
2025-12-23 10:34:30 - spektroskopi - INFO - Raspberry Pi'dan veri alındı: 6e400005-b5a3-f393-e0a9-e50e24dcca9e (Handle: 16): Unknown, uzunluk: 2
2025-12-23 10:34:30 - spektroskopi - INFO - Raspberry Pi verisi: Ham=268, Voltaj=268.000V
2025-12-23 10:34:30 - spektroskopi - INFO - Raspberry Pi verisi işlendi: SENSOR_EXTRA = 268.000V
2025-12-23 10:34:30 - spektroskopi - WARNING - Zaman sıralama düzeltildi (averaged): 2025-12-23 10:34:30.249649
2025-12-23 10:34:30 - spektroskopi - WARNING - Zaman sıralama düzeltildi (averaged): 2025-12-23 10:34:30.250649
2025-12-23 10:34:30 - spektroskopi - WARNING - Zaman sıralama düzeltildi (averaged): 2025-12-23 10:34:30.251649
2025-12-23 10:34:30 - spektroskopi - WARNING - Zaman sıralama düzeltildi (averaged): 2025-12-23 10:34:30.252649
2025-12-23 10:34:30 - spektroskopi - WARNING - Zaman sıralama düzeltildi (averaged): 2025-12-23 10:34:30.253649
2025-12-23 10:34:30 - spektroskopi - WARNING - RealTimePanel: UV_360nm raw data uzunluk uyumsuzluğu (timestamps: 431, data: 111)
2025-12-23 10:34:30 - spektroskopi - WARNING - RealTimePanel: UV_360nm calibrated data uzunluk uyumsuzluğu (timestamps: 431, data: 111)
2025-12-23 10:34:30 - spektroskopi - WARNING - RealTimePanel: Blue_450nm raw data uzunluk uyumsuzluğu (timestamps: 431, data: 109)
2025-12-23 10:34:30 - spektroskopi - WARNING - RealTimePanel: Blue_450nm calibrated data uzunluk uyumsuzluğu (timestamps: 431, data: 109)
2025-12-23 10:34:30 - spektroskopi - WARNING - RealTimePanel: IR_850nm raw data uzunluk uyumsuzluğu (timestamps: 431, data: 105)
2025-12-23 10:34:30 - spektroskopi - WARNING - RealTimePanel: IR_850nm calibrated data uzunluk uyumsuzluğu (timestamps: 431, data: 105)
2025-12-23 10:34:30 - spektroskopi - WARNING - RealTimePanel: IR_940nm raw data uzunluk uyumsuzluğu (timestamps: 431, data: 106)
2025-12-23 10:34:30 - spektroskopi - WARNING - RealTimePanel: IR_940nm calibrated data uzunluk uyumsuzluğu (timestamps: 431, data: 106)
2025-12-23 10:34:30 - spektroskopi - INFO - PyQt veri başarıyla güncellendi: raw_data
2025-12-23 10:34:30 - spektroskopi - INFO - Raspberry Pi'dan veri alındı: 6e400003-b5a3-f393-e0a9-e50e24dcca9e (Handle: 8): Nordic UART TX, uzunluk: 2
2025-12-23 10:34:30 - spektroskopi - INFO - Raspberry Pi verisi: Ham=3191, Voltaj=3191.000V
2025-12-23 10:34:30 - spektroskopi - INFO - Raspberry Pi verisi işlendi: SENSOR_5 = 3191.000V
2025-12-23 10:34:30 - spektroskopi - INFO - Raspberry Pi'dan veri alındı: 6e400004-b5a3-f393-e0a9-e50e24dcca9e (Handle: 11): Unknown, uzunluk: 2
2025-12-23 10:34:30 - spektroskopi - INFO - Raspberry Pi verisi: Ham=3166, Voltaj=3166.000V
2025-12-23 10:34:30 - spektroskopi - INFO - Raspberry Pi verisi işlendi: SENSOR_7 = 3166.000V
2025-12-23 10:34:30 - spektroskopi - INFO - Raspberry Pi'dan veri alındı: 6e400002-b5a3-f393-e0a9-e50e24dcca9e (Handle: 19): Nordic UART RX, uzunluk: 2
2025-12-23 10:34:30 - spektroskopi - INFO - Raspberry Pi verisi: Ham=256, Voltaj=256.000V
2025-12-23 10:34:30 - spektroskopi - INFO - Raspberry Pi verisi işlendi: SENSOR_2 = 256.000V
2025-12-23 10:34:31 - spektroskopi - INFO - Raspberry Pi'dan veri alındı: 6e400005-b5a3-f393-e0a9-e50e24dcca9e (Handle: 16): Unknown, uzunluk: 2
2025-12-23 10:34:31 - spektroskopi - INFO - Raspberry Pi verisi: Ham=277, Voltaj=277.000V
2025-12-23 10:34:31 - spektroskopi - INFO - Raspberry Pi verisi işlendi: SENSOR_EXTRA = 277.000V
2025-12-23 10:34:31 - spektroskopi - WARNING - Zaman sıralama düzeltildi (averaged): 2025-12-23 10:34:31.119755
2025-12-23 10:34:31 - spektroskopi - WARNING - Zaman sıralama düzeltildi (averaged): 2025-12-23 10:34:31.120755
2025-12-23 10:34:31 - spektroskopi - WARNING - Zaman sıralama düzeltildi (averaged): 2025-12-23 10:34:31.121755
2025-12-23 10:34:31 - spektroskopi - WARNING - Zaman sıralama düzeltildi (averaged): 2025-12-23 10:34:31.122755
2025-12-23 10:34:31 - spektroskopi - WARNING - RealTimePanel: UV_360nm raw data uzunluk uyumsuzluğu (timestamps: 439, data: 113)
2025-12-23 10:34:31 - spektroskopi - WARNING - RealTimePanel: UV_360nm calibrated data uzunluk uyumsuzluğu (timestamps: 439, data: 113)
2025-12-23 10:34:31 - spektroskopi - WARNING - RealTimePanel: Blue_450nm raw data uzunluk uyumsuzluğu (timestamps: 439, data: 111)
2025-12-23 10:34:31 - spektroskopi - WARNING - RealTimePanel: Blue_450nm calibrated data uzunluk uyumsuzluğu (timestamps: 439, data: 111)
2025-12-23 10:34:31 - spektroskopi - WARNING - RealTimePanel: IR_850nm raw data uzunluk uyumsuzluğu (timestamps: 439, data: 107)
2025-12-23 10:34:31 - spektroskopi - WARNING - RealTimePanel: IR_850nm calibrated data uzunluk uyumsuzluğu (timestamps: 439, data: 107)
2025-12-23 10:34:31 - spektroskopi - WARNING - RealTimePanel: IR_940nm raw data uzunluk uyumsuzluğu (timestamps: 439, data: 108)
2025-12-23 10:34:31 - spektroskopi - WARNING - RealTimePanel: IR_940nm calibrated data uzunluk uyumsuzluğu (timestamps: 439, data: 108)
2025-12-23 10:34:31 - spektroskopi - INFO - PyQt veri başarıyla güncellendi: raw_data
2025-12-23 10:34:31 - spektroskopi - INFO - Raspberry Pi'dan veri alındı: 6e400003-b5a3-f393-e0a9-e50e24dcca9e (Handle: 8): Nordic UART TX, uzunluk: 2
2025-12-23 10:34:31 - spektroskopi - INFO - Raspberry Pi verisi: Ham=3177, Voltaj=3177.000V
2025-12-23 10:34:31 - spektroskopi - INFO - Raspberry Pi verisi işlendi: SENSOR_5 = 3177.000V
2025-12-23 10:34:31 - spektroskopi - INFO - Raspberry Pi'dan veri alındı: 6e400004-b5a3-f393-e0a9-e50e24dcca9e (Handle: 11): Unknown, uzunluk: 2
2025-12-23 10:34:31 - spektroskopi - INFO - Raspberry Pi verisi: Ham=3164, Voltaj=3164.000V
2025-12-23 10:34:31 - spektroskopi - INFO - Raspberry Pi verisi işlendi: SENSOR_7 = 3164.000V
2025-12-23 10:34:31 - spektroskopi - INFO - Raspberry Pi'dan veri alındı: 6e400002-b5a3-f393-e0a9-e50e24dcca9e (Handle: 19): Nordic UART RX, uzunluk: 2
2025-12-23 10:34:31 - spektroskopi - INFO - Raspberry Pi verisi: Ham=269, Voltaj=269.000V
2025-12-23 10:34:31 - spektroskopi - INFO - Raspberry Pi verisi işlendi: SENSOR_2 = 269.000V
2025-12-23 10:34:32 - spektroskopi - INFO - Raspberry Pi'dan veri alındı: 6e400005-b5a3-f393-e0a9-e50e24dcca9e (Handle: 16): Unknown, uzunluk: 2
2025-12-23 10:34:32 - spektroskopi - INFO - Raspberry Pi verisi: Ham=272, Voltaj=272.000V
2025-12-23 10:34:32 - spektroskopi - INFO - Raspberry Pi verisi işlendi: SENSOR_EXTRA = 272.000V
2025-12-23 10:34:32 - spektroskopi - INFO - Raspberry Pi'dan veri alındı: 6e400003-b5a3-f393-e0a9-e50e24dcca9e (Handle: 8): Nordic UART TX, uzunluk: 2
2025-12-23 10:34:32 - spektroskopi - INFO - Raspberry Pi verisi: Ham=3185, Voltaj=3185.000V
2025-12-23 10:34:32 - spektroskopi - INFO - Raspberry Pi verisi işlendi: SENSOR_5 = 3185.000V
2025-12-23 10:34:32 - spektroskopi - WARNING - Zaman sıralama düzeltildi (averaged): 2025-12-23 10:34:32.259576
2025-12-23 10:34:32 - spektroskopi - WARNING - Zaman sıralama düzeltildi (averaged): 2025-12-23 10:34:32.260576
2025-12-23 10:34:32 - spektroskopi - WARNING - Zaman sıralama düzeltildi (averaged): 2025-12-23 10:34:32.261576
2025-12-23 10:34:32 - spektroskopi - WARNING - Zaman sıralama düzeltildi (averaged): 2025-12-23 10:34:32.262576
2025-12-23 10:34:32 - spektroskopi - WARNING - Zaman sıralama düzeltildi (averaged): 2025-12-23 10:34:32.263576
2025-12-23 10:34:32 - spektroskopi - WARNING - RealTimePanel: UV_360nm raw data uzunluk uyumsuzluğu (timestamps: 449, data: 115)
2025-12-23 10:34:32 - spektroskopi - WARNING - RealTimePanel: UV_360nm calibrated data uzunluk uyumsuzluğu (timestamps: 449, data: 115)
2025-12-23 10:34:32 - spektroskopi - WARNING - RealTimePanel: Blue_450nm raw data uzunluk uyumsuzluğu (timestamps: 449, data: 113)
2025-12-23 10:34:32 - spektroskopi - WARNING - RealTimePanel: Blue_450nm calibrated data uzunluk uyumsuzluğu (timestamps: 449, data: 113)
2025-12-23 10:34:32 - spektroskopi - WARNING - RealTimePanel: IR_850nm raw data uzunluk uyumsuzluğu (timestamps: 449, data: 109)
2025-12-23 10:34:32 - spektroskopi - WARNING - RealTimePanel: IR_850nm calibrated data uzunluk uyumsuzluğu (timestamps: 449, data: 109)
2025-12-23 10:34:32 - spektroskopi - WARNING - RealTimePanel: IR_940nm raw data uzunluk uyumsuzluğu (timestamps: 449, data: 112)
2025-12-23 10:34:32 - spektroskopi - WARNING - RealTimePanel: IR_940nm calibrated data uzunluk uyumsuzluğu (timestamps: 449, data: 112)
2025-12-23 10:34:32 - spektroskopi - INFO - PyQt veri başarıyla güncellendi: raw_data
2025-12-23 10:34:32 - spektroskopi - INFO - Raspberry Pi'dan veri alındı: 6e400004-b5a3-f393-e0a9-e50e24dcca9e (Handle: 11): Unknown, uzunluk: 2
2025-12-23 10:34:32 - spektroskopi - INFO - Raspberry Pi verisi: Ham=3167, Voltaj=3167.000V
2025-12-23 10:34:32 - spektroskopi - INFO - Raspberry Pi verisi işlendi: SENSOR_7 = 3167.000V
2025-12-23 10:34:32 - spektroskopi - INFO - Raspberry Pi'dan veri alındı: 6e400002-b5a3-f393-e0a9-e50e24dcca9e (Handle: 19): Nordic UART RX, uzunluk: 2
2025-12-23 10:34:32 - spektroskopi - INFO - Raspberry Pi verisi: Ham=259, Voltaj=259.000V
2025-12-23 10:34:32 - spektroskopi - INFO - Raspberry Pi verisi işlendi: SENSOR_2 = 259.000V
2025-12-23 10:34:32 - spektroskopi - INFO - Raspberry Pi'dan veri alındı: 6e400005-b5a3-f393-e0a9-e50e24dcca9e (Handle: 16): Unknown, uzunluk: 2
2025-12-23 10:34:32 - spektroskopi - INFO - Raspberry Pi verisi: Ham=271, Voltaj=271.000V
2025-12-23 10:34:32 - spektroskopi - INFO - Raspberry Pi verisi işlendi: SENSOR_EXTRA = 271.000V
2025-12-23 10:34:33 - spektroskopi - INFO - Raspberry Pi'dan veri alındı: 6e400003-b5a3-f393-e0a9-e50e24dcca9e (Handle: 8): Nordic UART TX, uzunluk: 2
2025-12-23 10:34:33 - spektroskopi - INFO - Raspberry Pi verisi: Ham=3182, Voltaj=3182.000V
2025-12-23 10:34:33 - spektroskopi - INFO - Raspberry Pi verisi işlendi: SENSOR_5 = 3182.000V
2025-12-23 10:34:33 - spektroskopi - WARNING - Zaman sıralama düzeltildi (averaged): 2025-12-23 10:34:33.129791
2025-12-23 10:34:33 - spektroskopi - WARNING - Zaman sıralama düzeltildi (averaged): 2025-12-23 10:34:33.130791
2025-12-23 10:34:33 - spektroskopi - WARNING - Zaman sıralama düzeltildi (averaged): 2025-12-23 10:34:33.131791
2025-12-23 10:34:33 - spektroskopi - WARNING - Zaman sıralama düzeltildi (averaged): 2025-12-23 10:34:33.132791
2025-12-23 10:34:33 - spektroskopi - WARNING - RealTimePanel: UV_360nm raw data uzunluk uyumsuzluğu (timestamps: 457, data: 117)
2025-12-23 10:34:33 - spektroskopi - WARNING - RealTimePanel: UV_360nm calibrated data uzunluk uyumsuzluğu (timestamps: 457, data: 117)
2025-12-23 10:34:33 - spektroskopi - WARNING - RealTimePanel: Blue_450nm raw data uzunluk uyumsuzluğu (timestamps: 457, data: 115)
2025-12-23 10:34:33 - spektroskopi - WARNING - RealTimePanel: Blue_450nm calibrated data uzunluk uyumsuzluğu (timestamps: 457, data: 115)
2025-12-23 10:34:33 - spektroskopi - WARNING - RealTimePanel: IR_850nm raw data uzunluk uyumsuzluğu (timestamps: 457, data: 111)
2025-12-23 10:34:33 - spektroskopi - WARNING - RealTimePanel: IR_850nm calibrated data uzunluk uyumsuzluğu (timestamps: 457, data: 111)
2025-12-23 10:34:33 - spektroskopi - WARNING - RealTimePanel: IR_940nm raw data uzunluk uyumsuzluğu (timestamps: 457, data: 114)
2025-12-23 10:34:33 - spektroskopi - WARNING - RealTimePanel: IR_940nm calibrated data uzunluk uyumsuzluğu (timestamps: 457, data: 114)
2025-12-23 10:34:33 - spektroskopi - INFO - PyQt veri başarıyla güncellendi: raw_data
2025-12-23 10:34:33 - spektroskopi - INFO - Raspberry Pi'dan veri alındı: 6e400004-b5a3-f393-e0a9-e50e24dcca9e (Handle: 11): Unknown, uzunluk: 2
2025-12-23 10:34:33 - spektroskopi - INFO - Raspberry Pi verisi: Ham=3156, Voltaj=3156.000V
2025-12-23 10:34:33 - spektroskopi - INFO - Raspberry Pi verisi işlendi: SENSOR_7 = 3156.000V
2025-12-23 10:34:33 - spektroskopi - INFO - Raspberry Pi'dan veri alındı: 6e400002-b5a3-f393-e0a9-e50e24dcca9e (Handle: 19): Nordic UART RX, uzunluk: 2
2025-12-23 10:34:33 - spektroskopi - INFO - Raspberry Pi verisi: Ham=272, Voltaj=272.000V
2025-12-23 10:34:33 - spektroskopi - INFO - Raspberry Pi verisi işlendi: SENSOR_2 = 272.000V
2025-12-23 10:34:33 - spektroskopi - INFO - Raspberry Pi'dan veri alındı: 6e400005-b5a3-f393-e0a9-e50e24dcca9e (Handle: 16): Unknown, uzunluk: 2
2025-12-23 10:34:33 - spektroskopi - INFO - Raspberry Pi verisi: Ham=265, Voltaj=265.000V
2025-12-23 10:34:33 - spektroskopi - INFO - Raspberry Pi verisi işlendi: SENSOR_EXTRA = 265.000V
2025-12-23 10:34:34 - spektroskopi - INFO - Raspberry Pi'dan veri alındı: 6e400003-b5a3-f393-e0a9-e50e24dcca9e (Handle: 8): Nordic UART TX, uzunluk: 2
2025-12-23 10:34:34 - spektroskopi - INFO - Raspberry Pi verisi: Ham=3181, Voltaj=3181.000V
2025-12-23 10:34:34 - spektroskopi - INFO - Raspberry Pi verisi işlendi: SENSOR_5 = 3181.000V
2025-12-23 10:34:34 - spektroskopi - INFO - Raspberry Pi'dan veri alındı: 6e400004-b5a3-f393-e0a9-e50e24dcca9e (Handle: 11): Unknown, uzunluk: 2
2025-12-23 10:34:34 - spektroskopi - INFO - Raspberry Pi verisi: Ham=3178, Voltaj=3178.000V
2025-12-23 10:34:34 - spektroskopi - INFO - Raspberry Pi verisi işlendi: SENSOR_7 = 3178.000V
2025-12-23 10:34:34 - spektroskopi - WARNING - Zaman sıralama düzeltildi (averaged): 2025-12-23 10:34:34.270176
2025-12-23 10:34:34 - spektroskopi - WARNING - Zaman sıralama düzeltildi (averaged): 2025-12-23 10:34:34.271176
2025-12-23 10:34:34 - spektroskopi - WARNING - Zaman sıralama düzeltildi (averaged): 2025-12-23 10:34:34.272176
2025-12-23 10:34:34 - spektroskopi - WARNING - Zaman sıralama düzeltildi (averaged): 2025-12-23 10:34:34.273176
2025-12-23 10:34:34 - spektroskopi - WARNING - Zaman sıralama düzeltildi (averaged): 2025-12-23 10:34:34.274176
2025-12-23 10:34:34 - spektroskopi - WARNING - RealTimePanel: UV_360nm raw data uzunluk uyumsuzluğu (timestamps: 467, data: 119)
2025-12-23 10:34:34 - spektroskopi - WARNING - RealTimePanel: UV_360nm calibrated data uzunluk uyumsuzluğu (timestamps: 467, data: 119)
2025-12-23 10:34:34 - spektroskopi - WARNING - RealTimePanel: Blue_450nm raw data uzunluk uyumsuzluğu (timestamps: 467, data: 117)
2025-12-23 10:34:34 - spektroskopi - WARNING - RealTimePanel: Blue_450nm calibrated data uzunluk uyumsuzluğu (timestamps: 467, data: 117)
2025-12-23 10:34:34 - spektroskopi - WARNING - RealTimePanel: IR_850nm raw data uzunluk uyumsuzluğu (timestamps: 467, data: 115)
2025-12-23 10:34:34 - spektroskopi - WARNING - RealTimePanel: IR_850nm calibrated data uzunluk uyumsuzluğu (timestamps: 467, data: 115)
2025-12-23 10:34:34 - spektroskopi - WARNING - RealTimePanel: IR_940nm raw data uzunluk uyumsuzluğu (timestamps: 467, data: 116)
2025-12-23 10:34:34 - spektroskopi - WARNING - RealTimePanel: IR_940nm calibrated data uzunluk uyumsuzluğu (timestamps: 467, data: 116)
2025-12-23 10:34:34 - spektroskopi - INFO - PyQt veri başarıyla güncellendi: raw_data
2025-12-23 10:34:34 - spektroskopi - INFO - Raspberry Pi'dan veri alındı: 6e400002-b5a3-f393-e0a9-e50e24dcca9e (Handle: 19): Nordic UART RX, uzunluk: 2
2025-12-23 10:34:34 - spektroskopi - INFO - Raspberry Pi verisi: Ham=257, Voltaj=257.000V
2025-12-23 10:34:34 - spektroskopi - INFO - Raspberry Pi verisi işlendi: SENSOR_2 = 257.000V
2025-12-23 10:34:34 - spektroskopi - INFO - Raspberry Pi'dan veri alındı: 6e400005-b5a3-f393-e0a9-e50e24dcca9e (Handle: 16): Unknown, uzunluk: 2
2025-12-23 10:34:34 - spektroskopi - INFO - Raspberry Pi verisi: Ham=257, Voltaj=257.000V
2025-12-23 10:34:34 - spektroskopi - INFO - Raspberry Pi verisi işlendi: SENSOR_EXTRA = 257.000V
2025-12-23 10:34:34 - spektroskopi - INFO - Raspberry Pi'dan veri alındı: 6e400003-b5a3-f393-e0a9-e50e24dcca9e (Handle: 8): Nordic UART TX, uzunluk: 2
2025-12-23 10:34:34 - spektroskopi - INFO - Raspberry Pi verisi: Ham=3194, Voltaj=3194.000V
2025-12-23 10:34:34 - spektroskopi - INFO - Raspberry Pi verisi işlendi: SENSOR_5 = 3194.000V
2025-12-23 10:34:35 - spektroskopi - INFO - Raspberry Pi'dan veri alındı: 6e400004-b5a3-f393-e0a9-e50e24dcca9e (Handle: 11): Unknown, uzunluk: 2
2025-12-23 10:34:35 - spektroskopi - INFO - Raspberry Pi verisi: Ham=3169, Voltaj=3169.000V
2025-12-23 10:34:35 - spektroskopi - INFO - Raspberry Pi verisi işlendi: SENSOR_7 = 3169.000V
2025-12-23 10:34:35 - spektroskopi - INFO - Raspberry Pi'dan veri alındı: 6e400002-b5a3-f393-e0a9-e50e24dcca9e (Handle: 19): Nordic UART RX, uzunluk: 2
2025-12-23 10:34:35 - spektroskopi - INFO - Raspberry Pi verisi: Ham=234, Voltaj=234.000V
2025-12-23 10:34:35 - spektroskopi - INFO - Raspberry Pi verisi işlendi: SENSOR_2 = 234.000V
2025-12-23 10:34:35 - spektroskopi - WARNING - Zaman sıralama düzeltildi (averaged): 2025-12-23 10:34:35.260663
2025-12-23 10:34:35 - spektroskopi - WARNING - Zaman sıralama düzeltildi (averaged): 2025-12-23 10:34:35.261663
2025-12-23 10:34:35 - spektroskopi - WARNING - Zaman sıralama düzeltildi (averaged): 2025-12-23 10:34:35.262663
2025-12-23 10:34:35 - spektroskopi - WARNING - Zaman sıralama düzeltildi (averaged): 2025-12-23 10:34:35.263663
2025-12-23 10:34:35 - spektroskopi - WARNING - Zaman sıralama düzeltildi (averaged): 2025-12-23 10:34:35.264663
2025-12-23 10:34:35 - spektroskopi - WARNING - RealTimePanel: UV_360nm raw data uzunluk uyumsuzluğu (timestamps: 477, data: 123)
2025-12-23 10:34:35 - spektroskopi - WARNING - RealTimePanel: UV_360nm calibrated data uzunluk uyumsuzluğu (timestamps: 477, data: 123)
2025-12-23 10:34:35 - spektroskopi - WARNING - RealTimePanel: Blue_450nm raw data uzunluk uyumsuzluğu (timestamps: 477, data: 119)
2025-12-23 10:34:35 - spektroskopi - WARNING - RealTimePanel: Blue_450nm calibrated data uzunluk uyumsuzluğu (timestamps: 477, data: 119)
2025-12-23 10:34:35 - spektroskopi - WARNING - RealTimePanel: IR_850nm raw data uzunluk uyumsuzluğu (timestamps: 477, data: 117)
2025-12-23 10:34:35 - spektroskopi - WARNING - RealTimePanel: IR_850nm calibrated data uzunluk uyumsuzluğu (timestamps: 477, data: 117)
2025-12-23 10:34:35 - spektroskopi - WARNING - RealTimePanel: IR_940nm raw data uzunluk uyumsuzluğu (timestamps: 477, data: 118)
2025-12-23 10:34:35 - spektroskopi - WARNING - RealTimePanel: IR_940nm calibrated data uzunluk uyumsuzluğu (timestamps: 477, data: 118)
2025-12-23 10:34:35 - spektroskopi - INFO - PyQt veri başarıyla güncellendi: raw_data
2025-12-23 10:34:35 - spektroskopi - INFO - Raspberry Pi'dan veri alındı: 6e400005-b5a3-f393-e0a9-e50e24dcca9e (Handle: 16): Unknown, uzunluk: 2
2025-12-23 10:34:35 - spektroskopi - INFO - Raspberry Pi verisi: Ham=248, Voltaj=248.000V
2025-12-23 10:34:35 - spektroskopi - INFO - Raspberry Pi verisi işlendi: SENSOR_EXTRA = 248.000V
2025-12-23 10:34:35 - spektroskopi - INFO - Raspberry Pi'dan veri alındı: 6e400003-b5a3-f393-e0a9-e50e24dcca9e (Handle: 8): Nordic UART TX, uzunluk: 2
2025-12-23 10:34:35 - spektroskopi - INFO - Raspberry Pi verisi: Ham=3197, Voltaj=3197.000V
2025-12-23 10:34:35 - spektroskopi - INFO - Raspberry Pi verisi işlendi: SENSOR_5 = 3197.000V
2025-12-23 10:34:36 - spektroskopi - INFO - Raspberry Pi'dan veri alındı: 6e400004-b5a3-f393-e0a9-e50e24dcca9e (Handle: 11): Unknown, uzunluk: 2
2025-12-23 10:34:36 - spektroskopi - INFO - Raspberry Pi verisi: Ham=3180, Voltaj=3180.000V
2025-12-23 10:34:36 - spektroskopi - INFO - Raspberry Pi verisi işlendi: SENSOR_7 = 3180.000V
2025-12-23 10:34:36 - spektroskopi - INFO - Raspberry Pi'dan veri alındı: 6e400002-b5a3-f393-e0a9-e50e24dcca9e (Handle: 19): Nordic UART RX, uzunluk: 2
2025-12-23 10:34:36 - spektroskopi - INFO - Raspberry Pi verisi: Ham=231, Voltaj=231.000V
2025-12-23 10:34:36 - spektroskopi - INFO - Raspberry Pi verisi işlendi: SENSOR_2 = 231.000V
2025-12-23 10:34:36 - spektroskopi - WARNING - Zaman sıralama düzeltildi (averaged): 2025-12-23 10:34:36.130707
2025-12-23 10:34:36 - spektroskopi - WARNING - Zaman sıralama düzeltildi (averaged): 2025-12-23 10:34:36.131707
2025-12-23 10:34:36 - spektroskopi - WARNING - Zaman sıralama düzeltildi (averaged): 2025-12-23 10:34:36.132707
2025-12-23 10:34:36 - spektroskopi - WARNING - Zaman sıralama düzeltildi (averaged): 2025-12-23 10:34:36.133707
2025-12-23 10:34:36 - spektroskopi - WARNING - RealTimePanel: UV_360nm raw data uzunluk uyumsuzluğu (timestamps: 485, data: 125)
2025-12-23 10:34:36 - spektroskopi - WARNING - RealTimePanel: UV_360nm calibrated data uzunluk uyumsuzluğu (timestamps: 485, data: 125)
2025-12-23 10:34:36 - spektroskopi - WARNING - RealTimePanel: Blue_450nm raw data uzunluk uyumsuzluğu (timestamps: 485, data: 121)
2025-12-23 10:34:36 - spektroskopi - WARNING - RealTimePanel: Blue_450nm calibrated data uzunluk uyumsuzluğu (timestamps: 485, data: 121)
2025-12-23 10:34:36 - spektroskopi - WARNING - RealTimePanel: IR_850nm raw data uzunluk uyumsuzluğu (timestamps: 485, data: 119)
2025-12-23 10:34:36 - spektroskopi - WARNING - RealTimePanel: IR_850nm calibrated data uzunluk uyumsuzluğu (timestamps: 485, data: 119)
2025-12-23 10:34:36 - spektroskopi - WARNING - RealTimePanel: IR_940nm raw data uzunluk uyumsuzluğu (timestamps: 485, data: 120)
2025-12-23 10:34:36 - spektroskopi - WARNING - RealTimePanel: IR_940nm calibrated data uzunluk uyumsuzluğu (timestamps: 485, data: 120)
2025-12-23 10:34:36 - spektroskopi - INFO - PyQt veri başarıyla güncellendi: raw_data
2025-12-23 10:34:36 - spektroskopi - INFO - Raspberry Pi'dan veri alındı: 6e400005-b5a3-f393-e0a9-e50e24dcca9e (Handle: 16): Unknown, uzunluk: 2
2025-12-23 10:34:36 - spektroskopi - INFO - Raspberry Pi verisi: Ham=249, Voltaj=249.000V
2025-12-23 10:34:36 - spektroskopi - INFO - Raspberry Pi verisi işlendi: SENSOR_EXTRA = 249.000V
2025-12-23 10:34:36 - spektroskopi - INFO - Raspberry Pi'dan veri alındı: 6e400003-b5a3-f393-e0a9-e50e24dcca9e (Handle: 8): Nordic UART TX, uzunluk: 2
2025-12-23 10:34:36 - spektroskopi - INFO - Raspberry Pi verisi: Ham=3202, Voltaj=3202.000V
2025-12-23 10:34:36 - spektroskopi - INFO - Raspberry Pi verisi işlendi: SENSOR_5 = 3202.000V
2025-12-23 10:34:36 - spektroskopi - INFO - Raspberry Pi'dan veri alındı: 6e400004-b5a3-f393-e0a9-e50e24dcca9e (Handle: 11): Unknown, uzunluk: 2
2025-12-23 10:34:36 - spektroskopi - INFO - Raspberry Pi verisi: Ham=3192, Voltaj=3192.000V
2025-12-23 10:34:36 - spektroskopi - INFO - Raspberry Pi verisi işlendi: SENSOR_7 = 3192.000V
2025-12-23 10:34:37 - spektroskopi - INFO - Raspberry Pi'dan veri alındı: 6e400002-b5a3-f393-e0a9-e50e24dcca9e (Handle: 19): Nordic UART RX, uzunluk: 2
2025-12-23 10:34:37 - spektroskopi - INFO - Raspberry Pi verisi: Ham=231, Voltaj=231.000V
2025-12-23 10:34:37 - spektroskopi - INFO - Raspberry Pi verisi işlendi: SENSOR_2 = 231.000V
2025-12-23 10:34:37 - spektroskopi - INFO - Raspberry Pi'dan veri alındı: 6e400005-b5a3-f393-e0a9-e50e24dcca9e (Handle: 16): Unknown, uzunluk: 2
2025-12-23 10:34:37 - spektroskopi - INFO - Raspberry Pi verisi: Ham=234, Voltaj=234.000V
2025-12-23 10:34:37 - spektroskopi - INFO - Raspberry Pi verisi işlendi: SENSOR_EXTRA = 234.000V
2025-12-23 10:34:37 - spektroskopi - WARNING - Zaman sıralama düzeltildi (averaged): 2025-12-23 10:34:37.268518
2025-12-23 10:34:37 - spektroskopi - WARNING - Zaman sıralama düzeltildi (averaged): 2025-12-23 10:34:37.269518
2025-12-23 10:34:37 - spektroskopi - WARNING - Zaman sıralama düzeltildi (averaged): 2025-12-23 10:34:37.270518
2025-12-23 10:34:37 - spektroskopi - WARNING - Zaman sıralama düzeltildi (averaged): 2025-12-23 10:34:37.271518
2025-12-23 10:34:37 - spektroskopi - WARNING - Zaman sıralama düzeltildi (averaged): 2025-12-23 10:34:37.272518
2025-12-23 10:34:37 - spektroskopi - WARNING - RealTimePanel: UV_360nm raw data uzunluk uyumsuzluğu (timestamps: 495, data: 127)
2025-12-23 10:34:37 - spektroskopi - WARNING - RealTimePanel: UV_360nm calibrated data uzunluk uyumsuzluğu (timestamps: 495, data: 127)
2025-12-23 10:34:37 - spektroskopi - WARNING - RealTimePanel: Blue_450nm raw data uzunluk uyumsuzluğu (timestamps: 495, data: 125)
2025-12-23 10:34:37 - spektroskopi - WARNING - RealTimePanel: Blue_450nm calibrated data uzunluk uyumsuzluğu (timestamps: 495, data: 125)
2025-12-23 10:34:37 - spektroskopi - WARNING - RealTimePanel: IR_850nm raw data uzunluk uyumsuzluğu (timestamps: 495, data: 121)
2025-12-23 10:34:37 - spektroskopi - WARNING - RealTimePanel: IR_850nm calibrated data uzunluk uyumsuzluğu (timestamps: 495, data: 121)
2025-12-23 10:34:37 - spektroskopi - WARNING - RealTimePanel: IR_940nm raw data uzunluk uyumsuzluğu (timestamps: 495, data: 122)
2025-12-23 10:34:37 - spektroskopi - WARNING - RealTimePanel: IR_940nm calibrated data uzunluk uyumsuzluğu (timestamps: 495, data: 122)
2025-12-23 10:34:37 - spektroskopi - INFO - PyQt veri başarıyla güncellendi: raw_data
2025-12-23 10:34:37 - spektroskopi - INFO - Raspberry Pi'dan veri alındı: 6e400003-b5a3-f393-e0a9-e50e24dcca9e (Handle: 8): Nordic UART TX, uzunluk: 2
2025-12-23 10:34:37 - spektroskopi - INFO - Raspberry Pi verisi: Ham=3205, Voltaj=3205.000V
2025-12-23 10:34:37 - spektroskopi - INFO - Raspberry Pi verisi işlendi: SENSOR_5 = 3205.000V
2025-12-23 10:34:37 - spektroskopi - INFO - Raspberry Pi'dan veri alındı: 6e400004-b5a3-f393-e0a9-e50e24dcca9e (Handle: 11): Unknown, uzunluk: 2
2025-12-23 10:34:37 - spektroskopi - INFO - Raspberry Pi verisi: Ham=3189, Voltaj=3189.000V
2025-12-23 10:34:37 - spektroskopi - INFO - Raspberry Pi verisi işlendi: SENSOR_7 = 3189.000V
2025-12-23 10:34:37 - spektroskopi - INFO - Raspberry Pi'dan veri alındı: 6e400002-b5a3-f393-e0a9-e50e24dcca9e (Handle: 19): Nordic UART RX, uzunluk: 2
2025-12-23 10:34:37 - spektroskopi - INFO - Raspberry Pi verisi: Ham=212, Voltaj=212.000V
2025-12-23 10:34:37 - spektroskopi - INFO - Raspberry Pi verisi işlendi: SENSOR_2 = 212.000V
2025-12-23 10:34:38 - spektroskopi - INFO - Raspberry Pi'dan veri alındı: 6e400005-b5a3-f393-e0a9-e50e24dcca9e (Handle: 16): Unknown, uzunluk: 2
2025-12-23 10:34:38 - spektroskopi - INFO - Raspberry Pi verisi: Ham=228, Voltaj=228.000V
2025-12-23 10:34:38 - spektroskopi - INFO - Raspberry Pi verisi işlendi: SENSOR_EXTRA = 228.000V
2025-12-23 10:34:38 - spektroskopi - WARNING - Zaman sıralama düzeltildi (averaged): 2025-12-23 10:34:38.138925
2025-12-23 10:34:38 - spektroskopi - WARNING - Zaman sıralama düzeltildi (averaged): 2025-12-23 10:34:38.139925
2025-12-23 10:34:38 - spektroskopi - WARNING - Zaman sıralama düzeltildi (averaged): 2025-12-23 10:34:38.140925
2025-12-23 10:34:38 - spektroskopi - WARNING - Zaman sıralama düzeltildi (averaged): 2025-12-23 10:34:38.141925
2025-12-23 10:34:38 - spektroskopi - WARNING - RealTimePanel: UV_360nm raw data uzunluk uyumsuzluğu (timestamps: 503, data: 129)
2025-12-23 10:34:38 - spektroskopi - WARNING - RealTimePanel: UV_360nm calibrated data uzunluk uyumsuzluğu (timestamps: 503, data: 129)
2025-12-23 10:34:38 - spektroskopi - WARNING - RealTimePanel: Blue_450nm raw data uzunluk uyumsuzluğu (timestamps: 503, data: 127)
2025-12-23 10:34:38 - spektroskopi - WARNING - RealTimePanel: Blue_450nm calibrated data uzunluk uyumsuzluğu (timestamps: 503, data: 127)
2025-12-23 10:34:38 - spektroskopi - WARNING - RealTimePanel: IR_850nm raw data uzunluk uyumsuzluğu (timestamps: 503, data: 123)
2025-12-23 10:34:38 - spektroskopi - WARNING - RealTimePanel: IR_850nm calibrated data uzunluk uyumsuzluğu (timestamps: 503, data: 123)
2025-12-23 10:34:38 - spektroskopi - WARNING - RealTimePanel: IR_940nm raw data uzunluk uyumsuzluğu (timestamps: 503, data: 124)
2025-12-23 10:34:38 - spektroskopi - WARNING - RealTimePanel: IR_940nm calibrated data uzunluk uyumsuzluğu (timestamps: 503, data: 124)
2025-12-23 10:34:38 - spektroskopi - INFO - PyQt veri başarıyla güncellendi: raw_data
2025-12-23 10:34:38 - spektroskopi - INFO - Raspberry Pi'dan veri alındı: 6e400003-b5a3-f393-e0a9-e50e24dcca9e (Handle: 8): Nordic UART TX, uzunluk: 2
2025-12-23 10:34:38 - spektroskopi - INFO - Raspberry Pi verisi: Ham=3211, Voltaj=3211.000V
2025-12-23 10:34:38 - spektroskopi - INFO - Raspberry Pi verisi işlendi: SENSOR_5 = 3211.000V
2025-12-23 10:34:38 - spektroskopi - INFO - Raspberry Pi'dan veri alındı: 6e400004-b5a3-f393-e0a9-e50e24dcca9e (Handle: 11): Unknown, uzunluk: 2
2025-12-23 10:34:38 - spektroskopi - INFO - Raspberry Pi verisi: Ham=3196, Voltaj=3196.000V
2025-12-23 10:34:38 - spektroskopi - INFO - Raspberry Pi verisi işlendi: SENSOR_7 = 3196.000V
2025-12-23 10:34:38 - spektroskopi - INFO - Raspberry Pi'dan veri alındı: 6e400002-b5a3-f393-e0a9-e50e24dcca9e (Handle: 19): Nordic UART RX, uzunluk: 2
2025-12-23 10:34:38 - spektroskopi - INFO - Raspberry Pi verisi: Ham=210, Voltaj=210.000V
2025-12-23 10:34:38 - spektroskopi - INFO - Raspberry Pi verisi işlendi: SENSOR_2 = 210.000V
2025-12-23 10:34:39 - spektroskopi - INFO - Raspberry Pi'dan veri alındı: 6e400005-b5a3-f393-e0a9-e50e24dcca9e (Handle: 16): Unknown, uzunluk: 2
2025-12-23 10:34:39 - spektroskopi - INFO - Raspberry Pi verisi: Ham=210, Voltaj=210.000V
2025-12-23 10:34:39 - spektroskopi - INFO - Raspberry Pi verisi işlendi: SENSOR_EXTRA = 210.000V
2025-12-23 10:34:39 - spektroskopi - INFO - Raspberry Pi'dan veri alındı: 6e400003-b5a3-f393-e0a9-e50e24dcca9e (Handle: 8): Nordic UART TX, uzunluk: 2
2025-12-23 10:34:39 - spektroskopi - INFO - Raspberry Pi verisi: Ham=3208, Voltaj=3208.000V
2025-12-23 10:34:39 - spektroskopi - INFO - Raspberry Pi verisi işlendi: SENSOR_5 = 3208.000V
2025-12-23 10:34:39 - spektroskopi - WARNING - Zaman sıralama düzeltildi (averaged): 2025-12-23 10:34:39.279853
2025-12-23 10:34:39 - spektroskopi - WARNING - Zaman sıralama düzeltildi (averaged): 2025-12-23 10:34:39.280853
2025-12-23 10:34:39 - spektroskopi - WARNING - Zaman sıralama düzeltildi (averaged): 2025-12-23 10:34:39.281853
2025-12-23 10:34:39 - spektroskopi - WARNING - Zaman sıralama düzeltildi (averaged): 2025-12-23 10:34:39.282853
2025-12-23 10:34:39 - spektroskopi - WARNING - Zaman sıralama düzeltildi (averaged): 2025-12-23 10:34:39.283853
2025-12-23 10:34:39 - spektroskopi - WARNING - RealTimePanel: UV_360nm raw data uzunluk uyumsuzluğu (timestamps: 513, data: 131)
2025-12-23 10:34:39 - spektroskopi - WARNING - RealTimePanel: UV_360nm calibrated data uzunluk uyumsuzluğu (timestamps: 513, data: 131)
2025-12-23 10:34:39 - spektroskopi - WARNING - RealTimePanel: Blue_450nm raw data uzunluk uyumsuzluğu (timestamps: 513, data: 129)
2025-12-23 10:34:39 - spektroskopi - WARNING - RealTimePanel: Blue_450nm calibrated data uzunluk uyumsuzluğu (timestamps: 513, data: 129)
2025-12-23 10:34:39 - spektroskopi - WARNING - RealTimePanel: IR_850nm raw data uzunluk uyumsuzluğu (timestamps: 513, data: 125)
2025-12-23 10:34:39 - spektroskopi - WARNING - RealTimePanel: IR_850nm calibrated data uzunluk uyumsuzluğu (timestamps: 513, data: 125)
2025-12-23 10:34:39 - spektroskopi - WARNING - RealTimePanel: IR_940nm raw data uzunluk uyumsuzluğu (timestamps: 513, data: 128)
2025-12-23 10:34:39 - spektroskopi - WARNING - RealTimePanel: IR_940nm calibrated data uzunluk uyumsuzluğu (timestamps: 513, data: 128)
2025-12-23 10:34:39 - spektroskopi - INFO - PyQt veri başarıyla güncellendi: raw_data
2025-12-23 10:34:39 - spektroskopi - INFO - Raspberry Pi'dan veri alındı: 6e400004-b5a3-f393-e0a9-e50e24dcca9e (Handle: 11): Unknown, uzunluk: 2
2025-12-23 10:34:39 - spektroskopi - INFO - Raspberry Pi verisi: Ham=3179, Voltaj=3179.000V
2025-12-23 10:34:39 - spektroskopi - INFO - Raspberry Pi verisi işlendi: SENSOR_7 = 3179.000V
2025-12-23 10:34:39 - spektroskopi - INFO - Raspberry Pi'dan veri alındı: 6e400002-b5a3-f393-e0a9-e50e24dcca9e (Handle: 19): Nordic UART RX, uzunluk: 2
2025-12-23 10:34:39 - spektroskopi - INFO - Raspberry Pi verisi: Ham=242, Voltaj=242.000V
2025-12-23 10:34:39 - spektroskopi - INFO - Raspberry Pi verisi işlendi: SENSOR_2 = 242.000V
2025-12-23 10:34:39 - spektroskopi - INFO - Raspberry Pi'dan veri alındı: 6e400005-b5a3-f393-e0a9-e50e24dcca9e (Handle: 16): Unknown, uzunluk: 2
2025-12-23 10:34:39 - spektroskopi - INFO - Raspberry Pi verisi: Ham=251, Voltaj=251.000V
2025-12-23 10:34:39 - spektroskopi - INFO - Raspberry Pi verisi işlendi: SENSOR_EXTRA = 251.000V
2025-12-23 10:34:40 - spektroskopi - INFO - Raspberry Pi'dan veri alındı: 6e400003-b5a3-f393-e0a9-e50e24dcca9e (Handle: 8): Nordic UART TX, uzunluk: 2
2025-12-23 10:34:40 - spektroskopi - INFO - Raspberry Pi verisi: Ham=3195, Voltaj=3195.000V
2025-12-23 10:34:40 - spektroskopi - INFO - Raspberry Pi verisi işlendi: SENSOR_5 = 3195.000V
2025-12-23 10:34:40 - spektroskopi - WARNING - Zaman sıralama düzeltildi (averaged): 2025-12-23 10:34:40.179755
2025-12-23 10:34:40 - spektroskopi - WARNING - Zaman sıralama düzeltildi (averaged): 2025-12-23 10:34:40.180755
2025-12-23 10:34:40 - spektroskopi - WARNING - Zaman sıralama düzeltildi (averaged): 2025-12-23 10:34:40.181755
2025-12-23 10:34:40 - spektroskopi - WARNING - Zaman sıralama düzeltildi (averaged): 2025-12-23 10:34:40.182755
2025-12-23 10:34:40 - spektroskopi - WARNING - RealTimePanel: UV_360nm raw data uzunluk uyumsuzluğu (timestamps: 521, data: 133)
2025-12-23 10:34:40 - spektroskopi - WARNING - RealTimePanel: UV_360nm calibrated data uzunluk uyumsuzluğu (timestamps: 521, data: 133)
2025-12-23 10:34:40 - spektroskopi - WARNING - RealTimePanel: Blue_450nm raw data uzunluk uyumsuzluğu (timestamps: 521, data: 131)
2025-12-23 10:34:40 - spektroskopi - WARNING - RealTimePanel: Blue_450nm calibrated data uzunluk uyumsuzluğu (timestamps: 521, data: 131)
2025-12-23 10:34:40 - spektroskopi - WARNING - RealTimePanel: IR_850nm raw data uzunluk uyumsuzluğu (timestamps: 521, data: 127)
2025-12-23 10:34:40 - spektroskopi - WARNING - RealTimePanel: IR_850nm calibrated data uzunluk uyumsuzluğu (timestamps: 521, data: 127)
2025-12-23 10:34:40 - spektroskopi - WARNING - RealTimePanel: IR_940nm raw data uzunluk uyumsuzluğu (timestamps: 521, data: 130)
2025-12-23 10:34:40 - spektroskopi - WARNING - RealTimePanel: IR_940nm calibrated data uzunluk uyumsuzluğu (timestamps: 521, data: 130)
2025-12-23 10:34:40 - spektroskopi - INFO - PyQt veri başarıyla güncellendi: raw_data
2025-12-23 10:34:40 - spektroskopi - INFO - Raspberry Pi'dan veri alındı: 6e400004-b5a3-f393-e0a9-e50e24dcca9e (Handle: 11): Unknown, uzunluk: 2
2025-12-23 10:34:40 - spektroskopi - INFO - Raspberry Pi verisi: Ham=3163, Voltaj=3163.000V
2025-12-23 10:34:40 - spektroskopi - INFO - Raspberry Pi verisi işlendi: SENSOR_7 = 3163.000V
2025-12-23 10:34:40 - spektroskopi - INFO - Raspberry Pi'dan veri alındı: 6e400002-b5a3-f393-e0a9-e50e24dcca9e (Handle: 19): Nordic UART RX, uzunluk: 2
2025-12-23 10:34:40 - spektroskopi - INFO - Raspberry Pi verisi: Ham=254, Voltaj=254.000V
2025-12-23 10:34:40 - spektroskopi - INFO - Raspberry Pi verisi işlendi: SENSOR_2 = 254.000V
2025-12-23 10:34:40 - spektroskopi - INFO - Raspberry Pi'dan veri alındı: 6e400005-b5a3-f393-e0a9-e50e24dcca9e (Handle: 16): Unknown, uzunluk: 2
2025-12-23 10:34:40 - spektroskopi - INFO - Raspberry Pi verisi: Ham=275, Voltaj=275.000V
2025-12-23 10:34:40 - spektroskopi - INFO - Raspberry Pi verisi işlendi: SENSOR_EXTRA = 275.000V
2025-12-23 10:34:41 - spektroskopi - INFO - Raspberry Pi'dan veri alındı: 6e400003-b5a3-f393-e0a9-e50e24dcca9e (Handle: 8): Nordic UART TX, uzunluk: 2
2025-12-23 10:34:41 - spektroskopi - INFO - Raspberry Pi verisi: Ham=3189, Voltaj=3189.000V
2025-12-23 10:34:41 - spektroskopi - INFO - Raspberry Pi verisi işlendi: SENSOR_5 = 3189.000V
2025-12-23 10:34:41 - spektroskopi - INFO - Raspberry Pi'dan veri alındı: 6e400004-b5a3-f393-e0a9-e50e24dcca9e (Handle: 11): Unknown, uzunluk: 2
2025-12-23 10:34:41 - spektroskopi - INFO - Raspberry Pi verisi: Ham=3159, Voltaj=3159.000V
2025-12-23 10:34:41 - spektroskopi - INFO - Raspberry Pi verisi işlendi: SENSOR_7 = 3159.000V
2025-12-23 10:34:41 - spektroskopi - WARNING - Zaman sıralama düzeltildi (averaged): 2025-12-23 10:34:41.288784
2025-12-23 10:34:41 - spektroskopi - WARNING - Zaman sıralama düzeltildi (averaged): 2025-12-23 10:34:41.289784
2025-12-23 10:34:41 - spektroskopi - WARNING - Zaman sıralama düzeltildi (averaged): 2025-12-23 10:34:41.290784
2025-12-23 10:34:41 - spektroskopi - WARNING - Zaman sıralama düzeltildi (averaged): 2025-12-23 10:34:41.291784
2025-12-23 10:34:41 - spektroskopi - WARNING - Zaman sıralama düzeltildi (averaged): 2025-12-23 10:34:41.292784
2025-12-23 10:34:41 - spektroskopi - WARNING - RealTimePanel: UV_360nm raw data uzunluk uyumsuzluğu (timestamps: 531, data: 135)
2025-12-23 10:34:41 - spektroskopi - WARNING - RealTimePanel: UV_360nm calibrated data uzunluk uyumsuzluğu (timestamps: 531, data: 135)
2025-12-23 10:34:41 - spektroskopi - WARNING - RealTimePanel: Blue_450nm raw data uzunluk uyumsuzluğu (timestamps: 531, data: 133)
2025-12-23 10:34:41 - spektroskopi - WARNING - RealTimePanel: Blue_450nm calibrated data uzunluk uyumsuzluğu (timestamps: 531, data: 133)
2025-12-23 10:34:41 - spektroskopi - WARNING - RealTimePanel: IR_850nm raw data uzunluk uyumsuzluğu (timestamps: 531, data: 131)
2025-12-23 10:34:41 - spektroskopi - WARNING - RealTimePanel: IR_850nm calibrated data uzunluk uyumsuzluğu (timestamps: 531, data: 131)
2025-12-23 10:34:41 - spektroskopi - WARNING - RealTimePanel: IR_940nm raw data uzunluk uyumsuzluğu (timestamps: 531, data: 132)
2025-12-23 10:34:41 - spektroskopi - WARNING - RealTimePanel: IR_940nm calibrated data uzunluk uyumsuzluğu (timestamps: 531, data: 132)
2025-12-23 10:34:41 - spektroskopi - INFO - PyQt veri başarıyla güncellendi: raw_data
2025-12-23 10:34:41 - spektroskopi - INFO - Raspberry Pi'dan veri alındı: 6e400002-b5a3-f393-e0a9-e50e24dcca9e (Handle: 19): Nordic UART RX, uzunluk: 2
2025-12-23 10:34:41 - spektroskopi - INFO - Raspberry Pi verisi: Ham=272, Voltaj=272.000V
2025-12-23 10:34:41 - spektroskopi - INFO - Raspberry Pi verisi işlendi: SENSOR_2 = 272.000V
2025-12-23 10:34:41 - spektroskopi - INFO - Raspberry Pi'dan veri alındı: 6e400005-b5a3-f393-e0a9-e50e24dcca9e (Handle: 16): Unknown, uzunluk: 2
2025-12-23 10:34:41 - spektroskopi - INFO - Raspberry Pi verisi: Ham=276, Voltaj=276.000V
2025-12-23 10:34:41 - spektroskopi - INFO - Raspberry Pi verisi işlendi: SENSOR_EXTRA = 276.000V
2025-12-23 10:34:41 - spektroskopi - INFO - Raspberry Pi'dan veri alındı: 6e400003-b5a3-f393-e0a9-e50e24dcca9e (Handle: 8): Nordic UART TX, uzunluk: 2
2025-12-23 10:34:41 - spektroskopi - INFO - Raspberry Pi verisi: Ham=3207, Voltaj=3207.000V
2025-12-23 10:34:41 - spektroskopi - INFO - Raspberry Pi verisi işlendi: SENSOR_5 = 3207.000V
2025-12-23 10:34:42 - spektroskopi - INFO - Raspberry Pi'dan veri alındı: 6e400004-b5a3-f393-e0a9-e50e24dcca9e (Handle: 11): Unknown, uzunluk: 2
2025-12-23 10:34:42 - spektroskopi - INFO - Raspberry Pi verisi: Ham=3176, Voltaj=3176.000V
2025-12-23 10:34:42 - spektroskopi - INFO - Raspberry Pi verisi işlendi: SENSOR_7 = 3176.000V
2025-12-23 10:34:42 - spektroskopi - INFO - Raspberry Pi'dan veri alındı: 6e400002-b5a3-f393-e0a9-e50e24dcca9e (Handle: 19): Nordic UART RX, uzunluk: 2
2025-12-23 10:34:42 - spektroskopi - INFO - Raspberry Pi verisi: Ham=266, Voltaj=266.000V
2025-12-23 10:34:42 - spektroskopi - INFO - Raspberry Pi verisi işlendi: SENSOR_2 = 266.000V
2025-12-23 10:34:42 - spektroskopi - WARNING - Zaman sıralama düzeltildi (averaged): 2025-12-23 10:34:42.280659
2025-12-23 10:34:42 - spektroskopi - WARNING - Zaman sıralama düzeltildi (averaged): 2025-12-23 10:34:42.281659
2025-12-23 10:34:42 - spektroskopi - WARNING - Zaman sıralama düzeltildi (averaged): 2025-12-23 10:34:42.282659
2025-12-23 10:34:42 - spektroskopi - WARNING - Zaman sıralama düzeltildi (averaged): 2025-12-23 10:34:42.283659
2025-12-23 10:34:42 - spektroskopi - WARNING - Zaman sıralama düzeltildi (averaged): 2025-12-23 10:34:42.284659
2025-12-23 10:34:42 - spektroskopi - WARNING - RealTimePanel: UV_360nm raw data uzunluk uyumsuzluğu (timestamps: 541, data: 139)
2025-12-23 10:34:42 - spektroskopi - WARNING - RealTimePanel: UV_360nm calibrated data uzunluk uyumsuzluğu (timestamps: 541, data: 139)
2025-12-23 10:34:42 - spektroskopi - WARNING - RealTimePanel: Blue_450nm raw data uzunluk uyumsuzluğu (timestamps: 541, data: 135)
2025-12-23 10:34:42 - spektroskopi - WARNING - RealTimePanel: Blue_450nm calibrated data uzunluk uyumsuzluğu (timestamps: 541, data: 135)
2025-12-23 10:34:42 - spektroskopi - WARNING - RealTimePanel: IR_850nm raw data uzunluk uyumsuzluğu (timestamps: 541, data: 133)
2025-12-23 10:34:42 - spektroskopi - WARNING - RealTimePanel: IR_850nm calibrated data uzunluk uyumsuzluğu (timestamps: 541, data: 133)
2025-12-23 10:34:42 - spektroskopi - WARNING - RealTimePanel: IR_940nm raw data uzunluk uyumsuzluğu (timestamps: 541, data: 134)
2025-12-23 10:34:42 - spektroskopi - WARNING - RealTimePanel: IR_940nm calibrated data uzunluk uyumsuzluğu (timestamps: 541, data: 134)
2025-12-23 10:34:42 - spektroskopi - INFO - PyQt veri başarıyla güncellendi: raw_data
2025-12-23 10:34:42 - spektroskopi - INFO - Raspberry Pi'dan veri alındı: 6e400005-b5a3-f393-e0a9-e50e24dcca9e (Handle: 16): Unknown, uzunluk: 2
2025-12-23 10:34:42 - spektroskopi - INFO - Raspberry Pi verisi: Ham=266, Voltaj=266.000V
2025-12-23 10:34:42 - spektroskopi - INFO - Raspberry Pi verisi işlendi: SENSOR_EXTRA = 266.000V
2025-12-23 10:34:42 - spektroskopi - INFO - Raspberry Pi'dan veri alındı: 6e400003-b5a3-f393-e0a9-e50e24dcca9e (Handle: 8): Nordic UART TX, uzunluk: 2
2025-12-23 10:34:42 - spektroskopi - INFO - Raspberry Pi verisi: Ham=3191, Voltaj=3191.000V
2025-12-23 10:34:42 - spektroskopi - INFO - Raspberry Pi verisi işlendi: SENSOR_5 = 3191.000V
2025-12-23 10:34:43 - spektroskopi - INFO - Raspberry Pi'dan veri alındı: 6e400004-b5a3-f393-e0a9-e50e24dcca9e (Handle: 11): Unknown, uzunluk: 2
2025-12-23 10:34:43 - spektroskopi - INFO - Raspberry Pi verisi: Ham=3168, Voltaj=3168.000V
2025-12-23 10:34:43 - spektroskopi - INFO - Raspberry Pi verisi işlendi: SENSOR_7 = 3168.000V
2025-12-23 10:34:43 - spektroskopi - INFO - Raspberry Pi'dan veri alındı: 6e400002-b5a3-f393-e0a9-e50e24dcca9e (Handle: 19): Nordic UART RX, uzunluk: 2
2025-12-23 10:34:43 - spektroskopi - INFO - Raspberry Pi verisi: Ham=254, Voltaj=254.000V
2025-12-23 10:34:43 - spektroskopi - INFO - Raspberry Pi verisi işlendi: SENSOR_2 = 254.000V
2025-12-23 10:34:43 - spektroskopi - WARNING - Zaman sıralama düzeltildi (averaged): 2025-12-23 10:34:43.149367
2025-12-23 10:34:43 - spektroskopi - WARNING - Zaman sıralama düzeltildi (averaged): 2025-12-23 10:34:43.150367
2025-12-23 10:34:43 - spektroskopi - WARNING - Zaman sıralama düzeltildi (averaged): 2025-12-23 10:34:43.151367
2025-12-23 10:34:43 - spektroskopi - WARNING - Zaman sıralama düzeltildi (averaged): 2025-12-23 10:34:43.152367
2025-12-23 10:34:43 - spektroskopi - WARNING - RealTimePanel: UV_360nm raw data uzunluk uyumsuzluğu (timestamps: 549, data: 141)
2025-12-23 10:34:43 - spektroskopi - WARNING - RealTimePanel: UV_360nm calibrated data uzunluk uyumsuzluğu (timestamps: 549, data: 141)
2025-12-23 10:34:43 - spektroskopi - WARNING - RealTimePanel: Blue_450nm raw data uzunluk uyumsuzluğu (timestamps: 549, data: 137)
2025-12-23 10:34:43 - spektroskopi - WARNING - RealTimePanel: Blue_450nm calibrated data uzunluk uyumsuzluğu (timestamps: 549, data: 137)
2025-12-23 10:34:43 - spektroskopi - WARNING - RealTimePanel: IR_850nm raw data uzunluk uyumsuzluğu (timestamps: 549, data: 135)
2025-12-23 10:34:43 - spektroskopi - WARNING - RealTimePanel: IR_850nm calibrated data uzunluk uyumsuzluğu (timestamps: 549, data: 135)
2025-12-23 10:34:43 - spektroskopi - WARNING - RealTimePanel: IR_940nm raw data uzunluk uyumsuzluğu (timestamps: 549, data: 136)
2025-12-23 10:34:43 - spektroskopi - WARNING - RealTimePanel: IR_940nm calibrated data uzunluk uyumsuzluğu (timestamps: 549, data: 136)
2025-12-23 10:34:43 - spektroskopi - INFO - PyQt veri başarıyla güncellendi: raw_data
2025-12-23 10:34:43 - spektroskopi - INFO - Raspberry Pi'dan veri alındı: 6e400005-b5a3-f393-e0a9-e50e24dcca9e (Handle: 16): Unknown, uzunluk: 2
2025-12-23 10:34:43 - spektroskopi - INFO - Raspberry Pi verisi: Ham=269, Voltaj=269.000V
2025-12-23 10:34:43 - spektroskopi - INFO - Raspberry Pi verisi işlendi: SENSOR_EXTRA = 269.000V
2025-12-23 10:34:43 - spektroskopi - INFO - Raspberry Pi'dan veri alındı: 6e400003-b5a3-f393-e0a9-e50e24dcca9e (Handle: 8): Nordic UART TX, uzunluk: 2
2025-12-23 10:34:43 - spektroskopi - INFO - Raspberry Pi verisi: Ham=3191, Voltaj=3191.000V
2025-12-23 10:34:43 - spektroskopi - INFO - Raspberry Pi verisi işlendi: SENSOR_5 = 3191.000V
2025-12-23 10:34:43 - spektroskopi - INFO - Raspberry Pi'dan veri alındı: 6e400004-b5a3-f393-e0a9-e50e24dcca9e (Handle: 11): Unknown, uzunluk: 2
2025-12-23 10:34:43 - spektroskopi - INFO - Raspberry Pi verisi: Ham=3181, Voltaj=3181.000V
2025-12-23 10:34:43 - spektroskopi - INFO - Raspberry Pi verisi işlendi: SENSOR_7 = 3181.000V
2025-12-23 10:34:44 - spektroskopi - INFO - Raspberry Pi'dan veri alındı: 6e400002-b5a3-f393-e0a9-e50e24dcca9e (Handle: 19): Nordic UART RX, uzunluk: 2
2025-12-23 10:34:44 - spektroskopi - INFO - Raspberry Pi verisi: Ham=260, Voltaj=260.000V
2025-12-23 10:34:44 - spektroskopi - INFO - Raspberry Pi verisi işlendi: SENSOR_2 = 260.000V
2025-12-23 10:34:44 - spektroskopi - INFO - Raspberry Pi'dan veri alındı: 6e400005-b5a3-f393-e0a9-e50e24dcca9e (Handle: 16): Unknown, uzunluk: 2
2025-12-23 10:34:44 - spektroskopi - INFO - Raspberry Pi verisi: Ham=262, Voltaj=262.000V
2025-12-23 10:34:44 - spektroskopi - INFO - Raspberry Pi verisi işlendi: SENSOR_EXTRA = 262.000V
2025-12-23 10:34:44 - spektroskopi - WARNING - Zaman sıralama düzeltildi (averaged): 2025-12-23 10:34:44.291037
2025-12-23 10:34:44 - spektroskopi - WARNING - Zaman sıralama düzeltildi (averaged): 2025-12-23 10:34:44.292037
2025-12-23 10:34:44 - spektroskopi - WARNING - Zaman sıralama düzeltildi (averaged): 2025-12-23 10:34:44.293037
2025-12-23 10:34:44 - spektroskopi - WARNING - Zaman sıralama düzeltildi (averaged): 2025-12-23 10:34:44.294037
2025-12-23 10:34:44 - spektroskopi - WARNING - Zaman sıralama düzeltildi (averaged): 2025-12-23 10:34:44.295037
2025-12-23 10:34:44 - spektroskopi - WARNING - RealTimePanel: UV_360nm raw data uzunluk uyumsuzluğu (timestamps: 559, data: 143)
2025-12-23 10:34:44 - spektroskopi - WARNING - RealTimePanel: UV_360nm calibrated data uzunluk uyumsuzluğu (timestamps: 559, data: 143)
2025-12-23 10:34:44 - spektroskopi - WARNING - RealTimePanel: Blue_450nm raw data uzunluk uyumsuzluğu (timestamps: 559, data: 141)
2025-12-23 10:34:44 - spektroskopi - WARNING - RealTimePanel: Blue_450nm calibrated data uzunluk uyumsuzluğu (timestamps: 559, data: 141)
2025-12-23 10:34:44 - spektroskopi - WARNING - RealTimePanel: IR_850nm raw data uzunluk uyumsuzluğu (timestamps: 559, data: 137)
2025-12-23 10:34:44 - spektroskopi - WARNING - RealTimePanel: IR_850nm calibrated data uzunluk uyumsuzluğu (timestamps: 559, data: 137)
2025-12-23 10:34:44 - spektroskopi - WARNING - RealTimePanel: IR_940nm raw data uzunluk uyumsuzluğu (timestamps: 559, data: 138)
2025-12-23 10:34:44 - spektroskopi - WARNING - RealTimePanel: IR_940nm calibrated data uzunluk uyumsuzluğu (timestamps: 559, data: 138)
2025-12-23 10:34:44 - spektroskopi - INFO - PyQt veri başarıyla güncellendi: raw_data
2025-12-23 10:34:44 - spektroskopi - INFO - Raspberry Pi'dan veri alındı: 6e400003-b5a3-f393-e0a9-e50e24dcca9e (Handle: 8): Nordic UART TX, uzunluk: 2
2025-12-23 10:34:44 - spektroskopi - INFO - Raspberry Pi verisi: Ham=3190, Voltaj=3190.000V
2025-12-23 10:34:44 - spektroskopi - INFO - Raspberry Pi verisi işlendi: SENSOR_5 = 3190.000V
2025-12-23 10:34:44 - spektroskopi - INFO - Raspberry Pi'dan veri alındı: 6e400004-b5a3-f393-e0a9-e50e24dcca9e (Handle: 11): Unknown, uzunluk: 2
2025-12-23 10:34:44 - spektroskopi - INFO - Raspberry Pi verisi: Ham=3168, Voltaj=3168.000V
2025-12-23 10:34:44 - spektroskopi - INFO - Raspberry Pi verisi işlendi: SENSOR_7 = 3168.000V
2025-12-23 10:34:44 - spektroskopi - INFO - Raspberry Pi'dan veri alındı: 6e400002-b5a3-f393-e0a9-e50e24dcca9e (Handle: 19): Nordic UART RX, uzunluk: 2
2025-12-23 10:34:44 - spektroskopi - INFO - Raspberry Pi verisi: Ham=249, Voltaj=249.000V
2025-12-23 10:34:44 - spektroskopi - INFO - Raspberry Pi verisi işlendi: SENSOR_2 = 249.000V
2025-12-23 10:34:45 - spektroskopi - INFO - Raspberry Pi'dan veri alındı: 6e400005-b5a3-f393-e0a9-e50e24dcca9e (Handle: 16): Unknown, uzunluk: 2
2025-12-23 10:34:45 - spektroskopi - INFO - Raspberry Pi verisi: Ham=262, Voltaj=262.000V
2025-12-23 10:34:45 - spektroskopi - INFO - Raspberry Pi verisi işlendi: SENSOR_EXTRA = 262.000V
2025-12-23 10:34:45 - spektroskopi - WARNING - Zaman sıralama düzeltildi (averaged): 2025-12-23 10:34:45.188838
2025-12-23 10:34:45 - spektroskopi - WARNING - Zaman sıralama düzeltildi (averaged): 2025-12-23 10:34:45.189838
2025-12-23 10:34:45 - spektroskopi - WARNING - Zaman sıralama düzeltildi (averaged): 2025-12-23 10:34:45.190838
2025-12-23 10:34:45 - spektroskopi - WARNING - Zaman sıralama düzeltildi (averaged): 2025-12-23 10:34:45.191838
2025-12-23 10:34:45 - spektroskopi - WARNING - RealTimePanel: UV_360nm raw data uzunluk uyumsuzluğu (timestamps: 567, data: 145)
2025-12-23 10:34:45 - spektroskopi - WARNING - RealTimePanel: UV_360nm calibrated data uzunluk uyumsuzluğu (timestamps: 567, data: 145)
2025-12-23 10:34:45 - spektroskopi - WARNING - RealTimePanel: Blue_450nm raw data uzunluk uyumsuzluğu (timestamps: 567, data: 143)
2025-12-23 10:34:45 - spektroskopi - WARNING - RealTimePanel: Blue_450nm calibrated data uzunluk uyumsuzluğu (timestamps: 567, data: 143)
2025-12-23 10:34:45 - spektroskopi - WARNING - RealTimePanel: IR_850nm raw data uzunluk uyumsuzluğu (timestamps: 567, data: 139)
2025-12-23 10:34:45 - spektroskopi - WARNING - RealTimePanel: IR_850nm calibrated data uzunluk uyumsuzluğu (timestamps: 567, data: 139)
2025-12-23 10:34:45 - spektroskopi - WARNING - RealTimePanel: IR_940nm raw data uzunluk uyumsuzluğu (timestamps: 567, data: 140)
2025-12-23 10:34:45 - spektroskopi - WARNING - RealTimePanel: IR_940nm calibrated data uzunluk uyumsuzluğu (timestamps: 567, data: 140)
2025-12-23 10:34:45 - spektroskopi - INFO - PyQt veri başarıyla güncellendi: raw_data
2025-12-23 10:34:45 - spektroskopi - INFO - Raspberry Pi'dan veri alındı: 6e400003-b5a3-f393-e0a9-e50e24dcca9e (Handle: 8): Nordic UART TX, uzunluk: 2
2025-12-23 10:34:45 - spektroskopi - INFO - Raspberry Pi verisi: Ham=3199, Voltaj=3199.000V
2025-12-23 10:34:45 - spektroskopi - INFO - Raspberry Pi verisi işlendi: SENSOR_5 = 3199.000V
2025-12-23 10:34:45 - spektroskopi - INFO - Raspberry Pi'dan veri alındı: 6e400004-b5a3-f393-e0a9-e50e24dcca9e (Handle: 11): Unknown, uzunluk: 2
2025-12-23 10:34:45 - spektroskopi - INFO - Raspberry Pi verisi: Ham=3167, Voltaj=3167.000V
2025-12-23 10:34:45 - spektroskopi - INFO - Raspberry Pi verisi işlendi: SENSOR_7 = 3167.000V
2025-12-23 10:34:45 - spektroskopi - INFO - Raspberry Pi'dan veri alındı: 6e400002-b5a3-f393-e0a9-e50e24dcca9e (Handle: 19): Nordic UART RX, uzunluk: 2
2025-12-23 10:34:45 - spektroskopi - INFO - Raspberry Pi verisi: Ham=253, Voltaj=253.000V
2025-12-23 10:34:45 - spektroskopi - INFO - Raspberry Pi verisi işlendi: SENSOR_2 = 253.000V
2025-12-23 10:34:46 - spektroskopi - INFO - Raspberry Pi'dan veri alındı: 6e400005-b5a3-f393-e0a9-e50e24dcca9e (Handle: 16): Unknown, uzunluk: 2
2025-12-23 10:34:46 - spektroskopi - INFO - Raspberry Pi verisi: Ham=265, Voltaj=265.000V
2025-12-23 10:34:46 - spektroskopi - INFO - Raspberry Pi verisi işlendi: SENSOR_EXTRA = 265.000V
2025-12-23 10:34:46 - spektroskopi - INFO - Raspberry Pi'dan veri alındı: 6e400003-b5a3-f393-e0a9-e50e24dcca9e (Handle: 8): Nordic UART TX, uzunluk: 2
2025-12-23 10:34:46 - spektroskopi - INFO - Raspberry Pi verisi: Ham=3185, Voltaj=3185.000V
2025-12-23 10:34:46 - spektroskopi - INFO - Raspberry Pi verisi işlendi: SENSOR_5 = 3185.000V
2025-12-23 10:34:46 - spektroskopi - WARNING - Zaman sıralama düzeltildi (averaged): 2025-12-23 10:34:46.299019
2025-12-23 10:34:46 - spektroskopi - WARNING - Zaman sıralama düzeltildi (averaged): 2025-12-23 10:34:46.300019
2025-12-23 10:34:46 - spektroskopi - WARNING - Zaman sıralama düzeltildi (averaged): 2025-12-23 10:34:46.301019
2025-12-23 10:34:46 - spektroskopi - WARNING - Zaman sıralama düzeltildi (averaged): 2025-12-23 10:34:46.302019
2025-12-23 10:34:46 - spektroskopi - WARNING - Zaman sıralama düzeltildi (averaged): 2025-12-23 10:34:46.303019
2025-12-23 10:34:46 - spektroskopi - WARNING - RealTimePanel: UV_360nm raw data uzunluk uyumsuzluğu (timestamps: 577, data: 147)
2025-12-23 10:34:46 - spektroskopi - WARNING - RealTimePanel: UV_360nm calibrated data uzunluk uyumsuzluğu (timestamps: 577, data: 147)
2025-12-23 10:34:46 - spektroskopi - WARNING - RealTimePanel: Blue_450nm raw data uzunluk uyumsuzluğu (timestamps: 577, data: 145)
2025-12-23 10:34:46 - spektroskopi - WARNING - RealTimePanel: Blue_450nm calibrated data uzunluk uyumsuzluğu (timestamps: 577, data: 145)
2025-12-23 10:34:46 - spektroskopi - WARNING - RealTimePanel: IR_850nm raw data uzunluk uyumsuzluğu (timestamps: 577, data: 141)
2025-12-23 10:34:46 - spektroskopi - WARNING - RealTimePanel: IR_850nm calibrated data uzunluk uyumsuzluğu (timestamps: 577, data: 141)
2025-12-23 10:34:46 - spektroskopi - WARNING - RealTimePanel: IR_940nm raw data uzunluk uyumsuzluğu (timestamps: 577, data: 144)
2025-12-23 10:34:46 - spektroskopi - WARNING - RealTimePanel: IR_940nm calibrated data uzunluk uyumsuzluğu (timestamps: 577, data: 144)
2025-12-23 10:34:46 - spektroskopi - INFO - PyQt veri başarıyla güncellendi: raw_data
2025-12-23 10:34:46 - spektroskopi - INFO - Raspberry Pi'dan veri alındı: 6e400004-b5a3-f393-e0a9-e50e24dcca9e (Handle: 11): Unknown, uzunluk: 2
2025-12-23 10:34:46 - spektroskopi - INFO - Raspberry Pi verisi: Ham=3171, Voltaj=3171.000V
2025-12-23 10:34:46 - spektroskopi - INFO - Raspberry Pi verisi işlendi: SENSOR_7 = 3171.000V
2025-12-23 10:34:46 - spektroskopi - INFO - Raspberry Pi'dan veri alındı: 6e400002-b5a3-f393-e0a9-e50e24dcca9e (Handle: 19): Nordic UART RX, uzunluk: 2
2025-12-23 10:34:46 - spektroskopi - INFO - Raspberry Pi verisi: Ham=250, Voltaj=250.000V
2025-12-23 10:34:46 - spektroskopi - INFO - Raspberry Pi verisi işlendi: SENSOR_2 = 250.000V
2025-12-23 10:34:46 - spektroskopi - INFO - Raspberry Pi'dan veri alındı: 6e400005-b5a3-f393-e0a9-e50e24dcca9e (Handle: 16): Unknown, uzunluk: 2
2025-12-23 10:34:46 - spektroskopi - INFO - Raspberry Pi verisi: Ham=260, Voltaj=260.000V
2025-12-23 10:34:46 - spektroskopi - INFO - Raspberry Pi verisi işlendi: SENSOR_EXTRA = 260.000V
2025-12-23 10:34:47 - spektroskopi - INFO - Raspberry Pi'dan veri alındı: 6e400003-b5a3-f393-e0a9-e50e24dcca9e (Handle: 8): Nordic UART TX, uzunluk: 2
2025-12-23 10:34:47 - spektroskopi - INFO - Raspberry Pi verisi: Ham=3196, Voltaj=3196.000V
2025-12-23 10:34:47 - spektroskopi - INFO - Raspberry Pi verisi işlendi: SENSOR_5 = 3196.000V
2025-12-23 10:34:47 - spektroskopi - WARNING - Zaman sıralama düzeltildi (averaged): 2025-12-23 10:34:47.199921
2025-12-23 10:34:47 - spektroskopi - WARNING - Zaman sıralama düzeltildi (averaged): 2025-12-23 10:34:47.200921
2025-12-23 10:34:47 - spektroskopi - WARNING - Zaman sıralama düzeltildi (averaged): 2025-12-23 10:34:47.201921
2025-12-23 10:34:47 - spektroskopi - WARNING - Zaman sıralama düzeltildi (averaged): 2025-12-23 10:34:47.202921
2025-12-23 10:34:47 - spektroskopi - WARNING - RealTimePanel: UV_360nm raw data uzunluk uyumsuzluğu (timestamps: 585, data: 149)
2025-12-23 10:34:47 - spektroskopi - WARNING - RealTimePanel: UV_360nm calibrated data uzunluk uyumsuzluğu (timestamps: 585, data: 149)
2025-12-23 10:34:47 - spektroskopi - WARNING - RealTimePanel: Blue_450nm raw data uzunluk uyumsuzluğu (timestamps: 585, data: 147)
2025-12-23 10:34:47 - spektroskopi - WARNING - RealTimePanel: Blue_450nm calibrated data uzunluk uyumsuzluğu (timestamps: 585, data: 147)
2025-12-23 10:34:47 - spektroskopi - WARNING - RealTimePanel: IR_850nm raw data uzunluk uyumsuzluğu (timestamps: 585, data: 143)
2025-12-23 10:34:47 - spektroskopi - WARNING - RealTimePanel: IR_850nm calibrated data uzunluk uyumsuzluğu (timestamps: 585, data: 143)
2025-12-23 10:34:47 - spektroskopi - WARNING - RealTimePanel: IR_940nm raw data uzunluk uyumsuzluğu (timestamps: 585, data: 146)
2025-12-23 10:34:47 - spektroskopi - WARNING - RealTimePanel: IR_940nm calibrated data uzunluk uyumsuzluğu (timestamps: 585, data: 146)
2025-12-23 10:34:47 - spektroskopi - INFO - PyQt veri başarıyla güncellendi: raw_data
2025-12-23 10:34:47 - spektroskopi - INFO - Raspberry Pi'dan veri alındı: 6e400004-b5a3-f393-e0a9-e50e24dcca9e (Handle: 11): Unknown, uzunluk: 2
2025-12-23 10:34:47 - spektroskopi - INFO - Raspberry Pi verisi: Ham=3176, Voltaj=3176.000V
2025-12-23 10:34:47 - spektroskopi - INFO - Raspberry Pi verisi işlendi: SENSOR_7 = 3176.000V
2025-12-23 10:34:47 - spektroskopi - INFO - Raspberry Pi'dan veri alındı: 6e400002-b5a3-f393-e0a9-e50e24dcca9e (Handle: 19): Nordic UART RX, uzunluk: 2
2025-12-23 10:34:47 - spektroskopi - INFO - Raspberry Pi verisi: Ham=238, Voltaj=238.000V
2025-12-23 10:34:47 - spektroskopi - INFO - Raspberry Pi verisi işlendi: SENSOR_2 = 238.000V
2025-12-23 10:34:47 - spektroskopi - INFO - Raspberry Pi'dan veri alındı: 6e400005-b5a3-f393-e0a9-e50e24dcca9e (Handle: 16): Unknown, uzunluk: 2
2025-12-23 10:34:47 - spektroskopi - INFO - Raspberry Pi verisi: Ham=256, Voltaj=256.000V
2025-12-23 10:34:47 - spektroskopi - INFO - Raspberry Pi verisi işlendi: SENSOR_EXTRA = 256.000V
2025-12-23 10:34:48 - spektroskopi - INFO - Raspberry Pi'dan veri alındı: 6e400003-b5a3-f393-e0a9-e50e24dcca9e (Handle: 8): Nordic UART TX, uzunluk: 2
2025-12-23 10:34:48 - spektroskopi - INFO - Raspberry Pi verisi: Ham=3197, Voltaj=3197.000V
2025-12-23 10:34:48 - spektroskopi - INFO - Raspberry Pi verisi işlendi: SENSOR_5 = 3197.000V
2025-12-23 10:34:48 - spektroskopi - INFO - Raspberry Pi'dan veri alındı: 6e400004-b5a3-f393-e0a9-e50e24dcca9e (Handle: 11): Unknown, uzunluk: 2
2025-12-23 10:34:48 - spektroskopi - INFO - Raspberry Pi verisi: Ham=3167, Voltaj=3167.000V
2025-12-23 10:34:48 - spektroskopi - INFO - Raspberry Pi verisi işlendi: SENSOR_7 = 3167.000V
2025-12-23 10:34:48 - spektroskopi - INFO - Raspberry Pi'dan veri alındı: 6e400002-b5a3-f393-e0a9-e50e24dcca9e (Handle: 19): Nordic UART RX, uzunluk: 2
2025-12-23 10:34:48 - spektroskopi - INFO - Raspberry Pi verisi: Ham=257, Voltaj=257.000V
2025-12-23 10:34:48 - spektroskopi - INFO - Raspberry Pi verisi işlendi: SENSOR_2 = 257.000V
2025-12-23 10:34:48 - spektroskopi - WARNING - Zaman sıralama düzeltildi (averaged): 2025-12-23 10:34:48.428751
2025-12-23 10:34:48 - spektroskopi - WARNING - Zaman sıralama düzeltildi (averaged): 2025-12-23 10:34:48.429751
2025-12-23 10:34:48 - spektroskopi - WARNING - Zaman sıralama düzeltildi (averaged): 2025-12-23 10:34:48.430751
2025-12-23 10:34:48 - spektroskopi - WARNING - Zaman sıralama düzeltildi (averaged): 2025-12-23 10:34:48.431751
2025-12-23 10:34:48 - spektroskopi - WARNING - Zaman sıralama düzeltildi (averaged): 2025-12-23 10:34:48.432751
2025-12-23 10:34:48 - spektroskopi - WARNING - Zaman sıralama düzeltildi (averaged): 2025-12-23 10:34:48.433751
2025-12-23 10:34:48 - spektroskopi - WARNING - RealTimePanel: UV_360nm raw data uzunluk uyumsuzluğu (timestamps: 597, data: 153)
2025-12-23 10:34:48 - spektroskopi - WARNING - RealTimePanel: UV_360nm calibrated data uzunluk uyumsuzluğu (timestamps: 597, data: 153)
2025-12-23 10:34:48 - spektroskopi - WARNING - RealTimePanel: Blue_450nm raw data uzunluk uyumsuzluğu (timestamps: 597, data: 149)
2025-12-23 10:34:48 - spektroskopi - WARNING - RealTimePanel: Blue_450nm calibrated data uzunluk uyumsuzluğu (timestamps: 597, data: 149)
2025-12-23 10:34:48 - spektroskopi - WARNING - RealTimePanel: IR_850nm raw data uzunluk uyumsuzluğu (timestamps: 597, data: 147)
2025-12-23 10:34:48 - spektroskopi - WARNING - RealTimePanel: IR_850nm calibrated data uzunluk uyumsuzluğu (timestamps: 597, data: 147)
2025-12-23 10:34:48 - spektroskopi - WARNING - RealTimePanel: IR_940nm raw data uzunluk uyumsuzluğu (timestamps: 597, data: 148)
2025-12-23 10:34:48 - spektroskopi - WARNING - RealTimePanel: IR_940nm calibrated data uzunluk uyumsuzluğu (timestamps: 597, data: 148)
2025-12-23 10:34:48 - spektroskopi - INFO - PyQt veri başarıyla güncellendi: raw_data
2025-12-23 10:34:48 - spektroskopi - INFO - Raspberry Pi'dan veri alındı: 6e400005-b5a3-f393-e0a9-e50e24dcca9e (Handle: 16): Unknown, uzunluk: 2
2025-12-23 10:34:48 - spektroskopi - INFO - Raspberry Pi verisi: Ham=267, Voltaj=267.000V
2025-12-23 10:34:48 - spektroskopi - INFO - Raspberry Pi verisi işlendi: SENSOR_EXTRA = 267.000V
2025-12-23 10:34:48 - spektroskopi - INFO - Raspberry Pi'dan veri alındı: 6e400003-b5a3-f393-e0a9-e50e24dcca9e (Handle: 8): Nordic UART TX, uzunluk: 2
2025-12-23 10:34:48 - spektroskopi - INFO - Raspberry Pi verisi: Ham=3180, Voltaj=3180.000V
2025-12-23 10:34:48 - spektroskopi - INFO - Raspberry Pi verisi işlendi: SENSOR_5 = 3180.000V
2025-12-23 10:34:49 - spektroskopi - INFO - Raspberry Pi'dan veri alındı: 6e400004-b5a3-f393-e0a9-e50e24dcca9e (Handle: 11): Unknown, uzunluk: 2
2025-12-23 10:34:49 - spektroskopi - INFO - Raspberry Pi verisi: Ham=3165, Voltaj=3165.000V
2025-12-23 10:34:49 - spektroskopi - INFO - Raspberry Pi verisi işlendi: SENSOR_7 = 3165.000V
2025-12-23 10:34:49 - spektroskopi - INFO - Raspberry Pi'dan veri alındı: 6e400002-b5a3-f393-e0a9-e50e24dcca9e (Handle: 19): Nordic UART RX, uzunluk: 2
2025-12-23 10:34:49 - spektroskopi - INFO - Raspberry Pi verisi: Ham=255, Voltaj=255.000V
2025-12-23 10:34:49 - spektroskopi - INFO - Raspberry Pi verisi işlendi: SENSOR_2 = 255.000V
2025-12-23 10:34:49 - spektroskopi - WARNING - Zaman sıralama düzeltildi (averaged): 2025-12-23 10:34:49.329882
2025-12-23 10:34:49 - spektroskopi - WARNING - Zaman sıralama düzeltildi (averaged): 2025-12-23 10:34:49.330882
2025-12-23 10:34:49 - spektroskopi - WARNING - Zaman sıralama düzeltildi (averaged): 2025-12-23 10:34:49.331882
2025-12-23 10:34:49 - spektroskopi - WARNING - Zaman sıralama düzeltildi (averaged): 2025-12-23 10:34:49.332882
2025-12-23 10:34:49 - spektroskopi - WARNING - RealTimePanel: UV_360nm raw data uzunluk uyumsuzluğu (timestamps: 605, data: 155)
2025-12-23 10:34:49 - spektroskopi - WARNING - RealTimePanel: UV_360nm calibrated data uzunluk uyumsuzluğu (timestamps: 605, data: 155)
2025-12-23 10:34:49 - spektroskopi - WARNING - RealTimePanel: Blue_450nm raw data uzunluk uyumsuzluğu (timestamps: 605, data: 151)
2025-12-23 10:34:49 - spektroskopi - WARNING - RealTimePanel: Blue_450nm calibrated data uzunluk uyumsuzluğu (timestamps: 605, data: 151)
2025-12-23 10:34:49 - spektroskopi - WARNING - RealTimePanel: IR_850nm raw data uzunluk uyumsuzluğu (timestamps: 605, data: 149)
2025-12-23 10:34:49 - spektroskopi - WARNING - RealTimePanel: IR_850nm calibrated data uzunluk uyumsuzluğu (timestamps: 605, data: 149)
2025-12-23 10:34:49 - spektroskopi - WARNING - RealTimePanel: IR_940nm raw data uzunluk uyumsuzluğu (timestamps: 605, data: 150)
2025-12-23 10:34:49 - spektroskopi - WARNING - RealTimePanel: IR_940nm calibrated data uzunluk uyumsuzluğu (timestamps: 605, data: 150)
2025-12-23 10:34:49 - spektroskopi - INFO - PyQt veri başarıyla güncellendi: raw_data
2025-12-23 10:34:49 - spektroskopi - INFO - Raspberry Pi'dan veri alındı: 6e400005-b5a3-f393-e0a9-e50e24dcca9e (Handle: 16): Unknown, uzunluk: 2
2025-12-23 10:34:49 - spektroskopi - INFO - Raspberry Pi verisi: Ham=265, Voltaj=265.000V
2025-12-23 10:34:49 - spektroskopi - INFO - Raspberry Pi verisi işlendi: SENSOR_EXTRA = 265.000V
2025-12-23 10:34:49 - spektroskopi - INFO - Raspberry Pi'dan veri alındı: 6e400003-b5a3-f393-e0a9-e50e24dcca9e (Handle: 8): Nordic UART TX, uzunluk: 2
2025-12-23 10:34:49 - spektroskopi - INFO - Raspberry Pi verisi: Ham=3192, Voltaj=3192.000V
2025-12-23 10:34:49 - spektroskopi - INFO - Raspberry Pi verisi işlendi: SENSOR_5 = 3192.000V
2025-12-23 10:34:50 - spektroskopi - INFO - Raspberry Pi'dan veri alındı: 6e400004-b5a3-f393-e0a9-e50e24dcca9e (Handle: 11): Unknown, uzunluk: 2
2025-12-23 10:34:50 - spektroskopi - INFO - Raspberry Pi verisi: Ham=3168, Voltaj=3168.000V
2025-12-23 10:34:50 - spektroskopi - INFO - Raspberry Pi verisi işlendi: SENSOR_7 = 3168.000V
2025-12-23 10:34:50 - spektroskopi - INFO - Raspberry Pi'dan veri alındı: 6e400002-b5a3-f393-e0a9-e50e24dcca9e (Handle: 19): Nordic UART RX, uzunluk: 2
2025-12-23 10:34:50 - spektroskopi - INFO - Raspberry Pi verisi: Ham=261, Voltaj=261.000V
2025-12-23 10:34:50 - spektroskopi - INFO - Raspberry Pi verisi işlendi: SENSOR_2 = 261.000V
2025-12-23 10:34:50 - spektroskopi - INFO - Raspberry Pi'dan veri alındı: 6e400005-b5a3-f393-e0a9-e50e24dcca9e (Handle: 16): Unknown, uzunluk: 2
2025-12-23 10:34:50 - spektroskopi - INFO - Raspberry Pi verisi: Ham=274, Voltaj=274.000V
2025-12-23 10:34:50 - spektroskopi - INFO - Raspberry Pi verisi işlendi: SENSOR_EXTRA = 274.000V
2025-12-23 10:34:50 - spektroskopi - WARNING - Zaman sıralama düzeltildi (averaged): 2025-12-23 10:34:50.439385
2025-12-23 10:34:50 - spektroskopi - WARNING - Zaman sıralama düzeltildi (averaged): 2025-12-23 10:34:50.440385
2025-12-23 10:34:50 - spektroskopi - WARNING - Zaman sıralama düzeltildi (averaged): 2025-12-23 10:34:50.441385
2025-12-23 10:34:50 - spektroskopi - WARNING - Zaman sıralama düzeltildi (averaged): 2025-12-23 10:34:50.442385
2025-12-23 10:34:50 - spektroskopi - WARNING - Zaman sıralama düzeltildi (averaged): 2025-12-23 10:34:50.443385
2025-12-23 10:34:50 - spektroskopi - WARNING - RealTimePanel: UV_360nm raw data uzunluk uyumsuzluğu (timestamps: 615, data: 157)
2025-12-23 10:34:50 - spektroskopi - WARNING - RealTimePanel: UV_360nm calibrated data uzunluk uyumsuzluğu (timestamps: 615, data: 157)
2025-12-23 10:34:50 - spektroskopi - WARNING - RealTimePanel: Blue_450nm raw data uzunluk uyumsuzluğu (timestamps: 615, data: 155)
2025-12-23 10:34:50 - spektroskopi - WARNING - RealTimePanel: Blue_450nm calibrated data uzunluk uyumsuzluğu (timestamps: 615, data: 155)
2025-12-23 10:34:50 - spektroskopi - WARNING - RealTimePanel: IR_850nm raw data uzunluk uyumsuzluğu (timestamps: 615, data: 151)
2025-12-23 10:34:50 - spektroskopi - WARNING - RealTimePanel: IR_850nm calibrated data uzunluk uyumsuzluğu (timestamps: 615, data: 151)
2025-12-23 10:34:50 - spektroskopi - WARNING - RealTimePanel: IR_940nm raw data uzunluk uyumsuzluğu (timestamps: 615, data: 152)
2025-12-23 10:34:50 - spektroskopi - WARNING - RealTimePanel: IR_940nm calibrated data uzunluk uyumsuzluğu (timestamps: 615, data: 152)
2025-12-23 10:34:50 - spektroskopi - INFO - PyQt veri başarıyla güncellendi: raw_data
2025-12-23 10:34:50 - spektroskopi - INFO - Raspberry Pi'dan veri alındı: 6e400003-b5a3-f393-e0a9-e50e24dcca9e (Handle: 8): Nordic UART TX, uzunluk: 2
2025-12-23 10:34:50 - spektroskopi - INFO - Raspberry Pi verisi: Ham=3185, Voltaj=3185.000V
2025-12-23 10:34:50 - spektroskopi - INFO - Raspberry Pi verisi işlendi: SENSOR_5 = 3185.000V
2025-12-23 10:34:50 - spektroskopi - INFO - Raspberry Pi'dan veri alındı: 6e400004-b5a3-f393-e0a9-e50e24dcca9e (Handle: 11): Unknown, uzunluk: 2
2025-12-23 10:34:50 - spektroskopi - INFO - Raspberry Pi verisi: Ham=3159, Voltaj=3159.000V
2025-12-23 10:34:50 - spektroskopi - INFO - Raspberry Pi verisi işlendi: SENSOR_7 = 3159.000V
2025-12-23 10:34:51 - spektroskopi - INFO - Raspberry Pi'dan veri alındı: 6e400002-b5a3-f393-e0a9-e50e24dcca9e (Handle: 19): Nordic UART RX, uzunluk: 2
2025-12-23 10:34:51 - spektroskopi - INFO - Raspberry Pi verisi: Ham=264, Voltaj=264.000V
2025-12-23 10:34:51 - spektroskopi - INFO - Raspberry Pi verisi işlendi: SENSOR_2 = 264.000V
2025-12-23 10:34:51 - spektroskopi - INFO - Raspberry Pi'dan veri alındı: 6e400005-b5a3-f393-e0a9-e50e24dcca9e (Handle: 16): Unknown, uzunluk: 2
2025-12-23 10:34:51 - spektroskopi - INFO - Raspberry Pi verisi: Ham=250, Voltaj=250.000V
2025-12-23 10:34:51 - spektroskopi - INFO - Raspberry Pi verisi işlendi: SENSOR_EXTRA = 250.000V
2025-12-23 10:34:51 - spektroskopi - WARNING - Zaman sıralama düzeltildi (averaged): 2025-12-23 10:34:51.338505
2025-12-23 10:34:51 - spektroskopi - WARNING - Zaman sıralama düzeltildi (averaged): 2025-12-23 10:34:51.339505
2025-12-23 10:34:51 - spektroskopi - WARNING - Zaman sıralama düzeltildi (averaged): 2025-12-23 10:34:51.340505
2025-12-23 10:34:51 - spektroskopi - WARNING - Zaman sıralama düzeltildi (averaged): 2025-12-23 10:34:51.341505
2025-12-23 10:34:51 - spektroskopi - WARNING - RealTimePanel: UV_360nm raw data uzunluk uyumsuzluğu (timestamps: 623, data: 159)
2025-12-23 10:34:51 - spektroskopi - WARNING - RealTimePanel: UV_360nm calibrated data uzunluk uyumsuzluğu (timestamps: 623, data: 159)
2025-12-23 10:34:51 - spektroskopi - WARNING - RealTimePanel: Blue_450nm raw data uzunluk uyumsuzluğu (timestamps: 623, data: 157)
2025-12-23 10:34:51 - spektroskopi - WARNING - RealTimePanel: Blue_450nm calibrated data uzunluk uyumsuzluğu (timestamps: 623, data: 157)
2025-12-23 10:34:51 - spektroskopi - WARNING - RealTimePanel: IR_850nm raw data uzunluk uyumsuzluğu (timestamps: 623, data: 153)
2025-12-23 10:34:51 - spektroskopi - WARNING - RealTimePanel: IR_850nm calibrated data uzunluk uyumsuzluğu (timestamps: 623, data: 153)
2025-12-23 10:34:51 - spektroskopi - WARNING - RealTimePanel: IR_940nm raw data uzunluk uyumsuzluğu (timestamps: 623, data: 154)
2025-12-23 10:34:51 - spektroskopi - WARNING - RealTimePanel: IR_940nm calibrated data uzunluk uyumsuzluğu (timestamps: 623, data: 154)
2025-12-23 10:34:51 - spektroskopi - INFO - PyQt veri başarıyla güncellendi: raw_data
2025-12-23 10:34:51 - spektroskopi - INFO - Raspberry Pi'dan veri alındı: 6e400003-b5a3-f393-e0a9-e50e24dcca9e (Handle: 8): Nordic UART TX, uzunluk: 2
2025-12-23 10:34:51 - spektroskopi - INFO - Raspberry Pi verisi: Ham=3187, Voltaj=3187.000V
2025-12-23 10:34:51 - spektroskopi - INFO - Raspberry Pi verisi işlendi: SENSOR_5 = 3187.000V
2025-12-23 10:34:51 - spektroskopi - INFO - Raspberry Pi'dan veri alındı: 6e400004-b5a3-f393-e0a9-e50e24dcca9e (Handle: 11): Unknown, uzunluk: 2
2025-12-23 10:34:51 - spektroskopi - INFO - Raspberry Pi verisi: Ham=3170, Voltaj=3170.000V
2025-12-23 10:34:51 - spektroskopi - INFO - Raspberry Pi verisi işlendi: SENSOR_7 = 3170.000V
2025-12-23 10:34:51 - spektroskopi - INFO - Raspberry Pi'dan veri alındı: 6e400002-b5a3-f393-e0a9-e50e24dcca9e (Handle: 19): Nordic UART RX, uzunluk: 2
2025-12-23 10:34:51 - spektroskopi - INFO - Raspberry Pi verisi: Ham=249, Voltaj=249.000V
2025-12-23 10:34:51 - spektroskopi - INFO - Raspberry Pi verisi işlendi: SENSOR_2 = 249.000V
2025-12-23 10:34:52 - spektroskopi - INFO - Raspberry Pi'dan veri alındı: 6e400005-b5a3-f393-e0a9-e50e24dcca9e (Handle: 16): Unknown, uzunluk: 2
2025-12-23 10:34:52 - spektroskopi - INFO - Raspberry Pi verisi: Ham=263, Voltaj=263.000V
2025-12-23 10:34:52 - spektroskopi - INFO - Raspberry Pi verisi işlendi: SENSOR_EXTRA = 263.000V
2025-12-23 10:34:52 - spektroskopi - INFO - Raspberry Pi'dan veri alındı: 6e400003-b5a3-f393-e0a9-e50e24dcca9e (Handle: 8): Nordic UART TX, uzunluk: 2
2025-12-23 10:34:52 - spektroskopi - INFO - Raspberry Pi verisi: Ham=3187, Voltaj=3187.000V
2025-12-23 10:34:52 - spektroskopi - INFO - Raspberry Pi verisi işlendi: SENSOR_5 = 3187.000V
2025-12-23 10:34:52 - spektroskopi - WARNING - Zaman sıralama düzeltildi (averaged): 2025-12-23 10:34:52.449982
2025-12-23 10:34:52 - spektroskopi - WARNING - Zaman sıralama düzeltildi (averaged): 2025-12-23 10:34:52.450982
2025-12-23 10:34:52 - spektroskopi - WARNING - Zaman sıralama düzeltildi (averaged): 2025-12-23 10:34:52.451982
2025-12-23 10:34:52 - spektroskopi - WARNING - Zaman sıralama düzeltildi (averaged): 2025-12-23 10:34:52.452982
2025-12-23 10:34:52 - spektroskopi - WARNING - Zaman sıralama düzeltildi (averaged): 2025-12-23 10:34:52.453982
2025-12-23 10:34:52 - spektroskopi - WARNING - RealTimePanel: UV_360nm raw data uzunluk uyumsuzluğu (timestamps: 633, data: 161)
2025-12-23 10:34:52 - spektroskopi - WARNING - RealTimePanel: UV_360nm calibrated data uzunluk uyumsuzluğu (timestamps: 633, data: 161)
2025-12-23 10:34:52 - spektroskopi - WARNING - RealTimePanel: Blue_450nm raw data uzunluk uyumsuzluğu (timestamps: 633, data: 159)
2025-12-23 10:34:52 - spektroskopi - WARNING - RealTimePanel: Blue_450nm calibrated data uzunluk uyumsuzluğu (timestamps: 633, data: 159)
2025-12-23 10:34:52 - spektroskopi - WARNING - RealTimePanel: IR_850nm raw data uzunluk uyumsuzluğu (timestamps: 633, data: 155)
2025-12-23 10:34:52 - spektroskopi - WARNING - RealTimePanel: IR_850nm calibrated data uzunluk uyumsuzluğu (timestamps: 633, data: 155)
2025-12-23 10:34:52 - spektroskopi - WARNING - RealTimePanel: IR_940nm raw data uzunluk uyumsuzluğu (timestamps: 633, data: 158)
2025-12-23 10:34:52 - spektroskopi - WARNING - RealTimePanel: IR_940nm calibrated data uzunluk uyumsuzluğu (timestamps: 633, data: 158)
2025-12-23 10:34:52 - spektroskopi - INFO - PyQt veri başarıyla güncellendi: raw_data
2025-12-23 10:34:52 - spektroskopi - INFO - Raspberry Pi'dan veri alındı: 6e400004-b5a3-f393-e0a9-e50e24dcca9e (Handle: 11): Unknown, uzunluk: 2
2025-12-23 10:34:52 - spektroskopi - INFO - Raspberry Pi verisi: Ham=3171, Voltaj=3171.000V
2025-12-23 10:34:52 - spektroskopi - INFO - Raspberry Pi verisi işlendi: SENSOR_7 = 3171.000V
2025-12-23 10:34:52 - spektroskopi - INFO - Raspberry Pi'dan veri alındı: 6e400002-b5a3-f393-e0a9-e50e24dcca9e (Handle: 19): Nordic UART RX, uzunluk: 2
2025-12-23 10:34:52 - spektroskopi - INFO - Raspberry Pi verisi: Ham=243, Voltaj=243.000V
2025-12-23 10:34:52 - spektroskopi - INFO - Raspberry Pi verisi işlendi: SENSOR_2 = 243.000V
2025-12-23 10:34:53 - spektroskopi - INFO - Raspberry Pi'dan veri alındı: 6e400005-b5a3-f393-e0a9-e50e24dcca9e (Handle: 16): Unknown, uzunluk: 2
2025-12-23 10:34:53 - spektroskopi - INFO - Raspberry Pi verisi: Ham=262, Voltaj=262.000V
2025-12-23 10:34:53 - spektroskopi - INFO - Raspberry Pi verisi işlendi: SENSOR_EXTRA = 262.000V
2025-12-23 10:34:53 - spektroskopi - INFO - Raspberry Pi'dan veri alındı: 6e400003-b5a3-f393-e0a9-e50e24dcca9e (Handle: 8): Nordic UART TX, uzunluk: 2
2025-12-23 10:34:53 - spektroskopi - INFO - Raspberry Pi verisi: Ham=3194, Voltaj=3194.000V
2025-12-23 10:34:53 - spektroskopi - INFO - Raspberry Pi verisi işlendi: SENSOR_5 = 3194.000V
2025-12-23 10:34:53 - spektroskopi - WARNING - Zaman sıralama düzeltildi (averaged): 2025-12-23 10:34:53.349866
2025-12-23 10:34:53 - spektroskopi - WARNING - Zaman sıralama düzeltildi (averaged): 2025-12-23 10:34:53.350866
2025-12-23 10:34:53 - spektroskopi - WARNING - Zaman sıralama düzeltildi (averaged): 2025-12-23 10:34:53.351866
2025-12-23 10:34:53 - spektroskopi - WARNING - Zaman sıralama düzeltildi (averaged): 2025-12-23 10:34:53.352866
2025-12-23 10:34:53 - spektroskopi - WARNING - RealTimePanel: UV_360nm raw data uzunluk uyumsuzluğu (timestamps: 641, data: 163)
2025-12-23 10:34:53 - spektroskopi - WARNING - RealTimePanel: UV_360nm calibrated data uzunluk uyumsuzluğu (timestamps: 641, data: 163)
2025-12-23 10:34:53 - spektroskopi - WARNING - RealTimePanel: Blue_450nm raw data uzunluk uyumsuzluğu (timestamps: 641, data: 161)
2025-12-23 10:34:53 - spektroskopi - WARNING - RealTimePanel: Blue_450nm calibrated data uzunluk uyumsuzluğu (timestamps: 641, data: 161)
2025-12-23 10:34:53 - spektroskopi - WARNING - RealTimePanel: IR_850nm raw data uzunluk uyumsuzluğu (timestamps: 641, data: 157)
2025-12-23 10:34:53 - spektroskopi - WARNING - RealTimePanel: IR_850nm calibrated data uzunluk uyumsuzluğu (timestamps: 641, data: 157)
2025-12-23 10:34:53 - spektroskopi - WARNING - RealTimePanel: IR_940nm raw data uzunluk uyumsuzluğu (timestamps: 641, data: 160)
2025-12-23 10:34:53 - spektroskopi - WARNING - RealTimePanel: IR_940nm calibrated data uzunluk uyumsuzluğu (timestamps: 641, data: 160)
2025-12-23 10:34:53 - spektroskopi - INFO - PyQt veri başarıyla güncellendi: raw_data
2025-12-23 10:34:53 - spektroskopi - INFO - Raspberry Pi'dan veri alındı: 6e400004-b5a3-f393-e0a9-e50e24dcca9e (Handle: 11): Unknown, uzunluk: 2
2025-12-23 10:34:53 - spektroskopi - INFO - Raspberry Pi verisi: Ham=3181, Voltaj=3181.000V
2025-12-23 10:34:53 - spektroskopi - INFO - Raspberry Pi verisi işlendi: SENSOR_7 = 3181.000V
2025-12-23 10:34:53 - spektroskopi - INFO - Raspberry Pi'dan veri alındı: 6e400002-b5a3-f393-e0a9-e50e24dcca9e (Handle: 19): Nordic UART RX, uzunluk: 2
2025-12-23 10:34:53 - spektroskopi - INFO - Raspberry Pi verisi: Ham=246, Voltaj=246.000V
2025-12-23 10:34:53 - spektroskopi - INFO - Raspberry Pi verisi işlendi: SENSOR_2 = 246.000V
2025-12-23 10:34:53 - spektroskopi - INFO - Raspberry Pi'dan veri alındı: 6e400005-b5a3-f393-e0a9-e50e24dcca9e (Handle: 16): Unknown, uzunluk: 2
2025-12-23 10:34:53 - spektroskopi - INFO - Raspberry Pi verisi: Ham=256, Voltaj=256.000V
2025-12-23 10:34:53 - spektroskopi - INFO - Raspberry Pi verisi işlendi: SENSOR_EXTRA = 256.000V
2025-12-23 10:34:54 - spektroskopi - INFO - Raspberry Pi'dan veri alındı: 6e400003-b5a3-f393-e0a9-e50e24dcca9e (Handle: 8): Nordic UART TX, uzunluk: 2
2025-12-23 10:34:54 - spektroskopi - INFO - Raspberry Pi verisi: Ham=3198, Voltaj=3198.000V
2025-12-23 10:34:54 - spektroskopi - INFO - Raspberry Pi verisi işlendi: SENSOR_5 = 3198.000V
2025-12-23 10:34:54 - spektroskopi - INFO - CALIBRATION: Blue_450nm - POINT_ADDED - C=5.0, V=256.000
2025-12-23 10:34:54 - spektroskopi - INFO - Raspberry Pi'dan veri alındı: 6e400004-b5a3-f393-e0a9-e50e24dcca9e (Handle: 11): Unknown, uzunluk: 2
2025-12-23 10:34:54 - spektroskopi - INFO - Raspberry Pi verisi: Ham=3168, Voltaj=3168.000V
2025-12-23 10:34:54 - spektroskopi - INFO - Raspberry Pi verisi işlendi: SENSOR_7 = 3168.000V
2025-12-23 10:34:54 - spektroskopi - INFO - Raspberry Pi'dan veri alındı: 6e400002-b5a3-f393-e0a9-e50e24dcca9e (Handle: 19): Nordic UART RX, uzunluk: 2
2025-12-23 10:34:54 - spektroskopi - INFO - Raspberry Pi verisi: Ham=246, Voltaj=246.000V
2025-12-23 10:34:54 - spektroskopi - INFO - Raspberry Pi verisi işlendi: SENSOR_2 = 246.000V
2025-12-23 10:34:54 - spektroskopi - INFO - Raspberry Pi'dan veri alındı: 6e400005-b5a3-f393-e0a9-e50e24dcca9e (Handle: 16): Unknown, uzunluk: 2
2025-12-23 10:34:54 - spektroskopi - INFO - Raspberry Pi verisi: Ham=257, Voltaj=257.000V
2025-12-23 10:34:54 - spektroskopi - INFO - Raspberry Pi verisi işlendi: SENSOR_EXTRA = 257.000V
2025-12-23 10:34:55 - spektroskopi - INFO - Raspberry Pi'dan veri alındı: 6e400003-b5a3-f393-e0a9-e50e24dcca9e (Handle: 8): Nordic UART TX, uzunluk: 2
2025-12-23 10:34:55 - spektroskopi - INFO - Raspberry Pi verisi: Ham=3194, Voltaj=3194.000V
2025-12-23 10:34:55 - spektroskopi - INFO - Raspberry Pi verisi işlendi: SENSOR_5 = 3194.000V
2025-12-23 10:34:55 - spektroskopi - INFO - Raspberry Pi'dan veri alındı: 6e400004-b5a3-f393-e0a9-e50e24dcca9e (Handle: 11): Unknown, uzunluk: 2
2025-12-23 10:34:55 - spektroskopi - INFO - Raspberry Pi verisi: Ham=3163, Voltaj=3163.000V
2025-12-23 10:34:55 - spektroskopi - INFO - Raspberry Pi verisi işlendi: SENSOR_7 = 3163.000V
2025-12-23 10:34:55 - spektroskopi - INFO - Raspberry Pi'dan veri alındı: 6e400002-b5a3-f393-e0a9-e50e24dcca9e (Handle: 19): Nordic UART RX, uzunluk: 2
2025-12-23 10:34:55 - spektroskopi - INFO - Raspberry Pi verisi: Ham=255, Voltaj=255.000V
2025-12-23 10:34:55 - spektroskopi - INFO - Raspberry Pi verisi işlendi: SENSOR_2 = 255.000V
2025-12-23 10:34:55 - spektroskopi - INFO - Raspberry Pi'dan veri alındı: 6e400005-b5a3-f393-e0a9-e50e24dcca9e (Handle: 16): Unknown, uzunluk: 2
2025-12-23 10:34:55 - spektroskopi - INFO - Raspberry Pi verisi: Ham=262, Voltaj=262.000V
2025-12-23 10:34:55 - spektroskopi - INFO - Raspberry Pi verisi işlendi: SENSOR_EXTRA = 262.000V
2025-12-23 10:34:55 - spektroskopi - INFO - Raspberry Pi'dan veri alındı: 6e400003-b5a3-f393-e0a9-e50e24dcca9e (Handle: 8): Nordic UART TX, uzunluk: 2
2025-12-23 10:34:55 - spektroskopi - INFO - Raspberry Pi verisi: Ham=3191, Voltaj=3191.000V
2025-12-23 10:34:55 - spektroskopi - INFO - Raspberry Pi verisi işlendi: SENSOR_5 = 3191.000V
2025-12-23 10:34:56 - spektroskopi - INFO - Raspberry Pi'dan veri alındı: 6e400004-b5a3-f393-e0a9-e50e24dcca9e (Handle: 11): Unknown, uzunluk: 2
2025-12-23 10:34:56 - spektroskopi - INFO - Raspberry Pi verisi: Ham=3164, Voltaj=3164.000V
2025-12-23 10:34:56 - spektroskopi - INFO - Raspberry Pi verisi işlendi: SENSOR_7 = 3164.000V
2025-12-23 10:34:56 - spektroskopi - INFO - Raspberry Pi'dan veri alındı: 6e400002-b5a3-f393-e0a9-e50e24dcca9e (Handle: 19): Nordic UART RX, uzunluk: 2
2025-12-23 10:34:56 - spektroskopi - INFO - Raspberry Pi verisi: Ham=249, Voltaj=249.000V
2025-12-23 10:34:56 - spektroskopi - INFO - Raspberry Pi verisi işlendi: SENSOR_2 = 249.000V
2025-12-23 10:34:56 - spektroskopi - INFO - Raspberry Pi'dan veri alındı: 6e400005-b5a3-f393-e0a9-e50e24dcca9e (Handle: 16): Unknown, uzunluk: 2
2025-12-23 10:34:56 - spektroskopi - INFO - Raspberry Pi verisi: Ham=256, Voltaj=256.000V
2025-12-23 10:34:56 - spektroskopi - INFO - Raspberry Pi verisi işlendi: SENSOR_EXTRA = 256.000V
2025-12-23 10:34:56 - spektroskopi - INFO - Raspberry Pi'dan veri alındı: 6e400003-b5a3-f393-e0a9-e50e24dcca9e (Handle: 8): Nordic UART TX, uzunluk: 2
2025-12-23 10:34:56 - spektroskopi - INFO - Raspberry Pi verisi: Ham=3181, Voltaj=3181.000V
2025-12-23 10:34:56 - spektroskopi - INFO - Raspberry Pi verisi işlendi: SENSOR_5 = 3181.000V
2025-12-23 10:34:57 - spektroskopi - INFO - Raspberry Pi'dan veri alındı: 6e400004-b5a3-f393-e0a9-e50e24dcca9e (Handle: 11): Unknown, uzunluk: 2
2025-12-23 10:34:57 - spektroskopi - INFO - Raspberry Pi verisi: Ham=3166, Voltaj=3166.000V
2025-12-23 10:34:57 - spektroskopi - INFO - Raspberry Pi verisi işlendi: SENSOR_7 = 3166.000V
2025-12-23 10:34:57 - spektroskopi - INFO - Raspberry Pi'dan veri alındı: 6e400002-b5a3-f393-e0a9-e50e24dcca9e (Handle: 19): Nordic UART RX, uzunluk: 2
2025-12-23 10:34:57 - spektroskopi - INFO - Raspberry Pi verisi: Ham=256, Voltaj=256.000V
2025-12-23 10:34:57 - spektroskopi - INFO - Raspberry Pi verisi işlendi: SENSOR_2 = 256.000V
2025-12-23 10:34:57 - spektroskopi - INFO - Raspberry Pi'dan veri alındı: 6e400005-b5a3-f393-e0a9-e50e24dcca9e (Handle: 16): Unknown, uzunluk: 2
2025-12-23 10:34:57 - spektroskopi - INFO - Raspberry Pi verisi: Ham=269, Voltaj=269.000V
2025-12-23 10:34:57 - spektroskopi - INFO - Raspberry Pi verisi işlendi: SENSOR_EXTRA = 269.000V
2025-12-23 10:34:57 - spektroskopi - INFO - Raspberry Pi'dan veri alındı: 6e400003-b5a3-f393-e0a9-e50e24dcca9e (Handle: 8): Nordic UART TX, uzunluk: 2
2025-12-23 10:34:57 - spektroskopi - INFO - Raspberry Pi verisi: Ham=3184, Voltaj=3184.000V
2025-12-23 10:34:57 - spektroskopi - INFO - Raspberry Pi verisi işlendi: SENSOR_5 = 3184.000V
2025-12-23 10:34:57 - spektroskopi - INFO - Kalibrasyon noktası kaydedildi: 1
2025-12-23 10:34:57 - spektroskopi - WARNING - Zaman sıralama düzeltildi (averaged): 2025-12-23 10:34:57.731470
2025-12-23 10:34:57 - spektroskopi - WARNING - Zaman sıralama düzeltildi (averaged): 2025-12-23 10:34:57.732470
2025-12-23 10:34:57 - spektroskopi - WARNING - Zaman sıralama düzeltildi (averaged): 2025-12-23 10:34:57.733470
2025-12-23 10:34:57 - spektroskopi - WARNING - Zaman sıralama düzeltildi (averaged): 2025-12-23 10:34:57.734470
2025-12-23 10:34:57 - spektroskopi - WARNING - Zaman sıralama düzeltildi (averaged): 2025-12-23 10:34:57.735470
2025-12-23 10:34:57 - spektroskopi - WARNING - Zaman sıralama düzeltildi (averaged): 2025-12-23 10:34:57.736470
2025-12-23 10:34:57 - spektroskopi - WARNING - Zaman sıralama düzeltildi (averaged): 2025-12-23 10:34:57.737470
2025-12-23 10:34:57 - spektroskopi - WARNING - Zaman sıralama düzeltildi (averaged): 2025-12-23 10:34:57.738470
2025-12-23 10:34:57 - spektroskopi - WARNING - Zaman sıralama düzeltildi (averaged): 2025-12-23 10:34:57.739470
2025-12-23 10:34:57 - spektroskopi - WARNING - Zaman sıralama düzeltildi (averaged): 2025-12-23 10:34:57.740470
2025-12-23 10:34:57 - spektroskopi - WARNING - Zaman sıralama düzeltildi (averaged): 2025-12-23 10:34:57.741470
2025-12-23 10:34:57 - spektroskopi - WARNING - Zaman sıralama düzeltildi (averaged): 2025-12-23 10:34:57.742470
2025-12-23 10:34:57 - spektroskopi - WARNING - Zaman sıralama düzeltildi (averaged): 2025-12-23 10:34:57.743470
2025-12-23 10:34:57 - spektroskopi - WARNING - Zaman sıralama düzeltildi (averaged): 2025-12-23 10:34:57.744470
2025-12-23 10:34:57 - spektroskopi - WARNING - Zaman sıralama düzeltildi (averaged): 2025-12-23 10:34:57.745470
2025-12-23 10:34:57 - spektroskopi - WARNING - Zaman sıralama düzeltildi (averaged): 2025-12-23 10:34:57.746470
2025-12-23 10:34:57 - spektroskopi - WARNING - Zaman sıralama düzeltildi (averaged): 2025-12-23 10:34:57.747470
2025-12-23 10:34:57 - spektroskopi - WARNING - Zaman sıralama düzeltildi (averaged): 2025-12-23 10:34:57.748470
2025-12-23 10:34:57 - spektroskopi - WARNING - Zaman sıralama düzeltildi (averaged): 2025-12-23 10:34:57.749470
2025-12-23 10:34:57 - spektroskopi - WARNING - Zaman sıralama düzeltildi (averaged): 2025-12-23 10:34:57.750470
2025-12-23 10:34:57 - spektroskopi - WARNING - RealTimePanel: UV_360nm raw data uzunluk uyumsuzluğu (timestamps: 681, data: 173)
2025-12-23 10:34:57 - spektroskopi - WARNING - RealTimePanel: UV_360nm calibrated data uzunluk uyumsuzluğu (timestamps: 681, data: 173)
2025-12-23 10:34:57 - spektroskopi - WARNING - RealTimePanel: Blue_450nm raw data uzunluk uyumsuzluğu (timestamps: 681, data: 171)
2025-12-23 10:34:57 - spektroskopi - WARNING - RealTimePanel: Blue_450nm calibrated data uzunluk uyumsuzluğu (timestamps: 681, data: 171)
2025-12-23 10:34:57 - spektroskopi - WARNING - RealTimePanel: IR_850nm raw data uzunluk uyumsuzluğu (timestamps: 681, data: 167)
2025-12-23 10:34:57 - spektroskopi - WARNING - RealTimePanel: IR_850nm calibrated data uzunluk uyumsuzluğu (timestamps: 681, data: 167)
2025-12-23 10:34:57 - spektroskopi - WARNING - RealTimePanel: IR_940nm raw data uzunluk uyumsuzluğu (timestamps: 681, data: 170)
2025-12-23 10:34:57 - spektroskopi - WARNING - RealTimePanel: IR_940nm calibrated data uzunluk uyumsuzluğu (timestamps: 681, data: 170)
2025-12-23 10:34:57 - spektroskopi - INFO - PyQt veri başarıyla güncellendi: raw_data
2025-12-23 10:34:57 - spektroskopi - INFO - Raspberry Pi'dan veri alındı: 6e400004-b5a3-f393-e0a9-e50e24dcca9e (Handle: 11): Unknown, uzunluk: 2
2025-12-23 10:34:57 - spektroskopi - INFO - Raspberry Pi verisi: Ham=3175, Voltaj=3175.000V
2025-12-23 10:34:57 - spektroskopi - INFO - Raspberry Pi verisi işlendi: SENSOR_7 = 3175.000V
2025-12-23 10:34:58 - spektroskopi - INFO - Raspberry Pi'dan veri alındı: 6e400002-b5a3-f393-e0a9-e50e24dcca9e (Handle: 19): Nordic UART RX, uzunluk: 2
2025-12-23 10:34:58 - spektroskopi - INFO - Raspberry Pi verisi: Ham=252, Voltaj=252.000V
2025-12-23 10:34:58 - spektroskopi - INFO - Raspberry Pi verisi işlendi: SENSOR_2 = 252.000V
2025-12-23 10:34:58 - spektroskopi - INFO - Raspberry Pi'dan veri alındı: 6e400005-b5a3-f393-e0a9-e50e24dcca9e (Handle: 16): Unknown, uzunluk: 2
2025-12-23 10:34:58 - spektroskopi - INFO - Raspberry Pi verisi: Ham=270, Voltaj=270.000V
2025-12-23 10:34:58 - spektroskopi - INFO - Raspberry Pi verisi işlendi: SENSOR_EXTRA = 270.000V
2025-12-23 10:34:58 - spektroskopi - INFO - Raspberry Pi'dan veri alındı: 6e400003-b5a3-f393-e0a9-e50e24dcca9e (Handle: 8): Nordic UART TX, uzunluk: 2
2025-12-23 10:34:58 - spektroskopi - INFO - Raspberry Pi verisi: Ham=3191, Voltaj=3191.000V
2025-12-23 10:34:58 - spektroskopi - INFO - Raspberry Pi verisi işlendi: SENSOR_5 = 3191.000V
2025-12-23 10:34:58 - spektroskopi - INFO - Raspberry Pi'dan veri alındı: 6e400004-b5a3-f393-e0a9-e50e24dcca9e (Handle: 11): Unknown, uzunluk: 2
2025-12-23 10:34:58 - spektroskopi - INFO - Raspberry Pi verisi: Ham=3175, Voltaj=3175.000V
2025-12-23 10:34:58 - spektroskopi - INFO - Raspberry Pi verisi işlendi: SENSOR_7 = 3175.000V
2025-12-23 10:34:58 - spektroskopi - WARNING - Zaman sıralama düzeltildi (averaged): 2025-12-23 10:34:58.869809
2025-12-23 10:34:58 - spektroskopi - WARNING - Zaman sıralama düzeltildi (averaged): 2025-12-23 10:34:58.870809
2025-12-23 10:34:58 - spektroskopi - WARNING - Zaman sıralama düzeltildi (averaged): 2025-12-23 10:34:58.871809
2025-12-23 10:34:58 - spektroskopi - WARNING - Zaman sıralama düzeltildi (averaged): 2025-12-23 10:34:58.872809
2025-12-23 10:34:58 - spektroskopi - WARNING - Zaman sıralama düzeltildi (averaged): 2025-12-23 10:34:58.873809
2025-12-23 10:34:58 - spektroskopi - WARNING - RealTimePanel: UV_360nm raw data uzunluk uyumsuzluğu (timestamps: 691, data: 175)
2025-12-23 10:34:58 - spektroskopi - WARNING - RealTimePanel: UV_360nm calibrated data uzunluk uyumsuzluğu (timestamps: 691, data: 175)
2025-12-23 10:34:58 - spektroskopi - WARNING - RealTimePanel: Blue_450nm raw data uzunluk uyumsuzluğu (timestamps: 691, data: 173)
2025-12-23 10:34:58 - spektroskopi - WARNING - RealTimePanel: Blue_450nm calibrated data uzunluk uyumsuzluğu (timestamps: 691, data: 173)
2025-12-23 10:34:58 - spektroskopi - WARNING - RealTimePanel: IR_850nm raw data uzunluk uyumsuzluğu (timestamps: 691, data: 171)
2025-12-23 10:34:58 - spektroskopi - WARNING - RealTimePanel: IR_850nm calibrated data uzunluk uyumsuzluğu (timestamps: 691, data: 171)
2025-12-23 10:34:58 - spektroskopi - WARNING - RealTimePanel: IR_940nm raw data uzunluk uyumsuzluğu (timestamps: 691, data: 172)
2025-12-23 10:34:58 - spektroskopi - WARNING - RealTimePanel: IR_940nm calibrated data uzunluk uyumsuzluğu (timestamps: 691, data: 172)
2025-12-23 10:34:58 - spektroskopi - INFO - PyQt veri başarıyla güncellendi: raw_data
2025-12-23 10:34:58 - spektroskopi - INFO - Raspberry Pi'dan veri alındı: 6e400002-b5a3-f393-e0a9-e50e24dcca9e (Handle: 19): Nordic UART RX, uzunluk: 2
2025-12-23 10:34:58 - spektroskopi - INFO - Raspberry Pi verisi: Ham=253, Voltaj=253.000V
2025-12-23 10:34:58 - spektroskopi - INFO - Raspberry Pi verisi işlendi: SENSOR_2 = 253.000V
2025-12-23 10:34:59 - spektroskopi - INFO - Raspberry Pi'dan veri alındı: 6e400005-b5a3-f393-e0a9-e50e24dcca9e (Handle: 16): Unknown, uzunluk: 2
2025-12-23 10:34:59 - spektroskopi - INFO - Raspberry Pi verisi: Ham=255, Voltaj=255.000V
2025-12-23 10:34:59 - spektroskopi - INFO - Raspberry Pi verisi işlendi: SENSOR_EXTRA = 255.000V
2025-12-23 10:34:59 - spektroskopi - INFO - Raspberry Pi'dan veri alındı: 6e400003-b5a3-f393-e0a9-e50e24dcca9e (Handle: 8): Nordic UART TX, uzunluk: 2
2025-12-23 10:34:59 - spektroskopi - INFO - Raspberry Pi verisi: Ham=3190, Voltaj=3190.000V
2025-12-23 10:34:59 - spektroskopi - INFO - Raspberry Pi verisi işlendi: SENSOR_5 = 3190.000V
2025-12-23 10:34:59 - spektroskopi - INFO - Raspberry Pi'dan veri alındı: 6e400004-b5a3-f393-e0a9-e50e24dcca9e (Handle: 11): Unknown, uzunluk: 2
2025-12-23 10:34:59 - spektroskopi - INFO - Raspberry Pi verisi: Ham=3171, Voltaj=3171.000V
2025-12-23 10:34:59 - spektroskopi - INFO - Raspberry Pi verisi işlendi: SENSOR_7 = 3171.000V
2025-12-23 10:34:59 - spektroskopi - INFO - Raspberry Pi'dan veri alındı: 6e400002-b5a3-f393-e0a9-e50e24dcca9e (Handle: 19): Nordic UART RX, uzunluk: 2
2025-12-23 10:34:59 - spektroskopi - INFO - Raspberry Pi verisi: Ham=250, Voltaj=250.000V
2025-12-23 10:34:59 - spektroskopi - INFO - Raspberry Pi verisi işlendi: SENSOR_2 = 250.000V
2025-12-23 10:34:59 - spektroskopi - WARNING - Zaman sıralama düzeltildi (averaged): 2025-12-23 10:34:59.860023
2025-12-23 10:34:59 - spektroskopi - WARNING - Zaman sıralama düzeltildi (averaged): 2025-12-23 10:34:59.861023
2025-12-23 10:34:59 - spektroskopi - WARNING - Zaman sıralama düzeltildi (averaged): 2025-12-23 10:34:59.862023
2025-12-23 10:34:59 - spektroskopi - WARNING - Zaman sıralama düzeltildi (averaged): 2025-12-23 10:34:59.863023
2025-12-23 10:34:59 - spektroskopi - WARNING - Zaman sıralama düzeltildi (averaged): 2025-12-23 10:34:59.864023
2025-12-23 10:34:59 - spektroskopi - WARNING - RealTimePanel: UV_360nm raw data uzunluk uyumsuzluğu (timestamps: 701, data: 179)
2025-12-23 10:34:59 - spektroskopi - WARNING - RealTimePanel: UV_360nm calibrated data uzunluk uyumsuzluğu (timestamps: 701, data: 179)
2025-12-23 10:34:59 - spektroskopi - WARNING - RealTimePanel: Blue_450nm raw data uzunluk uyumsuzluğu (timestamps: 701, data: 175)
2025-12-23 10:34:59 - spektroskopi - WARNING - RealTimePanel: Blue_450nm calibrated data uzunluk uyumsuzluğu (timestamps: 701, data: 175)
2025-12-23 10:34:59 - spektroskopi - WARNING - RealTimePanel: IR_850nm raw data uzunluk uyumsuzluğu (timestamps: 701, data: 173)
2025-12-23 10:34:59 - spektroskopi - WARNING - RealTimePanel: IR_850nm calibrated data uzunluk uyumsuzluğu (timestamps: 701, data: 173)
2025-12-23 10:34:59 - spektroskopi - WARNING - RealTimePanel: IR_940nm raw data uzunluk uyumsuzluğu (timestamps: 701, data: 174)
2025-12-23 10:34:59 - spektroskopi - WARNING - RealTimePanel: IR_940nm calibrated data uzunluk uyumsuzluğu (timestamps: 701, data: 174)
2025-12-23 10:34:59 - spektroskopi - INFO - PyQt veri başarıyla güncellendi: raw_data
2025-12-23 10:35:00 - spektroskopi - INFO - Raspberry Pi'dan veri alındı: 6e400005-b5a3-f393-e0a9-e50e24dcca9e (Handle: 16): Unknown, uzunluk: 2
2025-12-23 10:35:00 - spektroskopi - INFO - Raspberry Pi verisi: Ham=257, Voltaj=257.000V
2025-12-23 10:35:00 - spektroskopi - INFO - Raspberry Pi verisi işlendi: SENSOR_EXTRA = 257.000V
2025-12-23 10:35:00 - spektroskopi - INFO - Raspberry Pi'dan veri alındı: 6e400003-b5a3-f393-e0a9-e50e24dcca9e (Handle: 8): Nordic UART TX, uzunluk: 2
2025-12-23 10:35:00 - spektroskopi - INFO - Raspberry Pi verisi: Ham=3193, Voltaj=3193.000V
2025-12-23 10:35:00 - spektroskopi - INFO - Raspberry Pi verisi işlendi: SENSOR_5 = 3193.000V
2025-12-23 10:35:00 - spektroskopi - INFO - Raspberry Pi'dan veri alındı: 6e400004-b5a3-f393-e0a9-e50e24dcca9e (Handle: 11): Unknown, uzunluk: 2
2025-12-23 10:35:00 - spektroskopi - INFO - Raspberry Pi verisi: Ham=3162, Voltaj=3162.000V
2025-12-23 10:35:00 - spektroskopi - INFO - Raspberry Pi verisi işlendi: SENSOR_7 = 3162.000V
2025-12-23 10:35:00 - spektroskopi - INFO - Raspberry Pi'dan veri alındı: 6e400002-b5a3-f393-e0a9-e50e24dcca9e (Handle: 19): Nordic UART RX, uzunluk: 2
2025-12-23 10:35:00 - spektroskopi - INFO - Raspberry Pi verisi: Ham=255, Voltaj=255.000V
2025-12-23 10:35:00 - spektroskopi - INFO - Raspberry Pi verisi işlendi: SENSOR_2 = 255.000V
2025-12-23 10:35:00 - spektroskopi - WARNING - Zaman sıralama düzeltildi (averaged): 2025-12-23 10:35:00.730369
2025-12-23 10:35:00 - spektroskopi - WARNING - Zaman sıralama düzeltildi (averaged): 2025-12-23 10:35:00.731369
2025-12-23 10:35:00 - spektroskopi - WARNING - Zaman sıralama düzeltildi (averaged): 2025-12-23 10:35:00.732369
2025-12-23 10:35:00 - spektroskopi - WARNING - Zaman sıralama düzeltildi (averaged): 2025-12-23 10:35:00.733369
2025-12-23 10:35:00 - spektroskopi - WARNING - RealTimePanel: UV_360nm raw data uzunluk uyumsuzluğu (timestamps: 709, data: 181)
2025-12-23 10:35:00 - spektroskopi - WARNING - RealTimePanel: UV_360nm calibrated data uzunluk uyumsuzluğu (timestamps: 709, data: 181)
2025-12-23 10:35:00 - spektroskopi - WARNING - RealTimePanel: Blue_450nm raw data uzunluk uyumsuzluğu (timestamps: 709, data: 177)
2025-12-23 10:35:00 - spektroskopi - WARNING - RealTimePanel: Blue_450nm calibrated data uzunluk uyumsuzluğu (timestamps: 709, data: 177)
2025-12-23 10:35:00 - spektroskopi - WARNING - RealTimePanel: IR_850nm raw data uzunluk uyumsuzluğu (timestamps: 709, data: 175)
2025-12-23 10:35:00 - spektroskopi - WARNING - RealTimePanel: IR_850nm calibrated data uzunluk uyumsuzluğu (timestamps: 709, data: 175)
2025-12-23 10:35:00 - spektroskopi - WARNING - RealTimePanel: IR_940nm raw data uzunluk uyumsuzluğu (timestamps: 709, data: 176)
2025-12-23 10:35:00 - spektroskopi - WARNING - RealTimePanel: IR_940nm calibrated data uzunluk uyumsuzluğu (timestamps: 709, data: 176)
2025-12-23 10:35:00 - spektroskopi - INFO - PyQt veri başarıyla güncellendi: raw_data
2025-12-23 10:35:00 - spektroskopi - INFO - Raspberry Pi'dan veri alındı: 6e400005-b5a3-f393-e0a9-e50e24dcca9e (Handle: 16): Unknown, uzunluk: 2
2025-12-23 10:35:00 - spektroskopi - INFO - Raspberry Pi verisi: Ham=271, Voltaj=271.000V
2025-12-23 10:35:00 - spektroskopi - INFO - Raspberry Pi verisi işlendi: SENSOR_EXTRA = 271.000V
2025-12-23 10:35:01 - spektroskopi - INFO - Raspberry Pi'dan veri alındı: 6e400003-b5a3-f393-e0a9-e50e24dcca9e (Handle: 8): Nordic UART TX, uzunluk: 2
2025-12-23 10:35:01 - spektroskopi - INFO - Raspberry Pi verisi: Ham=3174, Voltaj=3174.000V
2025-12-23 10:35:01 - spektroskopi - INFO - Raspberry Pi verisi işlendi: SENSOR_5 = 3174.000V
2025-12-23 10:35:01 - spektroskopi - INFO - Raspberry Pi'dan veri alındı: 6e400004-b5a3-f393-e0a9-e50e24dcca9e (Handle: 11): Unknown, uzunluk: 2
2025-12-23 10:35:01 - spektroskopi - INFO - Raspberry Pi verisi: Ham=3164, Voltaj=3164.000V
2025-12-23 10:35:01 - spektroskopi - INFO - Raspberry Pi verisi işlendi: SENSOR_7 = 3164.000V
2025-12-23 10:35:01 - spektroskopi - INFO - Raspberry Pi'dan veri alındı: 6e400002-b5a3-f393-e0a9-e50e24dcca9e (Handle: 19): Nordic UART RX, uzunluk: 2
2025-12-23 10:35:01 - spektroskopi - INFO - Raspberry Pi verisi: Ham=264, Voltaj=264.000V
2025-12-23 10:35:01 - spektroskopi - INFO - Raspberry Pi verisi işlendi: SENSOR_2 = 264.000V
2025-12-23 10:35:01 - spektroskopi - INFO - Raspberry Pi'dan veri alındı: 6e400005-b5a3-f393-e0a9-e50e24dcca9e (Handle: 16): Unknown, uzunluk: 2
2025-12-23 10:35:01 - spektroskopi - INFO - Raspberry Pi verisi: Ham=268, Voltaj=268.000V
2025-12-23 10:35:01 - spektroskopi - INFO - Raspberry Pi verisi işlendi: SENSOR_EXTRA = 268.000V
2025-12-23 10:35:01 - spektroskopi - WARNING - Zaman sıralama düzeltildi (averaged): 2025-12-23 10:35:01.869049
2025-12-23 10:35:01 - spektroskopi - WARNING - Zaman sıralama düzeltildi (averaged): 2025-12-23 10:35:01.870049
2025-12-23 10:35:01 - spektroskopi - WARNING - Zaman sıralama düzeltildi (averaged): 2025-12-23 10:35:01.871049
2025-12-23 10:35:01 - spektroskopi - WARNING - Zaman sıralama düzeltildi (averaged): 2025-12-23 10:35:01.872049
2025-12-23 10:35:01 - spektroskopi - WARNING - Zaman sıralama düzeltildi (averaged): 2025-12-23 10:35:01.873049
2025-12-23 10:35:01 - spektroskopi - WARNING - RealTimePanel: UV_360nm raw data uzunluk uyumsuzluğu (timestamps: 719, data: 183)
2025-12-23 10:35:01 - spektroskopi - WARNING - RealTimePanel: UV_360nm calibrated data uzunluk uyumsuzluğu (timestamps: 719, data: 183)
2025-12-23 10:35:01 - spektroskopi - WARNING - RealTimePanel: Blue_450nm raw data uzunluk uyumsuzluğu (timestamps: 719, data: 181)
2025-12-23 10:35:01 - spektroskopi - WARNING - RealTimePanel: Blue_450nm calibrated data uzunluk uyumsuzluğu (timestamps: 719, data: 181)
2025-12-23 10:35:01 - spektroskopi - WARNING - RealTimePanel: IR_850nm raw data uzunluk uyumsuzluğu (timestamps: 719, data: 177)
2025-12-23 10:35:01 - spektroskopi - WARNING - RealTimePanel: IR_850nm calibrated data uzunluk uyumsuzluğu (timestamps: 719, data: 177)
2025-12-23 10:35:01 - spektroskopi - WARNING - RealTimePanel: IR_940nm raw data uzunluk uyumsuzluğu (timestamps: 719, data: 178)
2025-12-23 10:35:01 - spektroskopi - WARNING - RealTimePanel: IR_940nm calibrated data uzunluk uyumsuzluğu (timestamps: 719, data: 178)
2025-12-23 10:35:01 - spektroskopi - INFO - PyQt veri başarıyla güncellendi: raw_data
2025-12-23 10:35:02 - spektroskopi - INFO - Raspberry Pi'dan veri alındı: 6e400003-b5a3-f393-e0a9-e50e24dcca9e (Handle: 8): Nordic UART TX, uzunluk: 2
2025-12-23 10:35:02 - spektroskopi - INFO - Raspberry Pi verisi: Ham=3188, Voltaj=3188.000V
2025-12-23 10:35:02 - spektroskopi - INFO - Raspberry Pi verisi işlendi: SENSOR_5 = 3188.000V
2025-12-23 10:35:02 - spektroskopi - INFO - Raspberry Pi'dan veri alındı: 6e400004-b5a3-f393-e0a9-e50e24dcca9e (Handle: 11): Unknown, uzunluk: 2
2025-12-23 10:35:02 - spektroskopi - INFO - Raspberry Pi verisi: Ham=3166, Voltaj=3166.000V
2025-12-23 10:35:02 - spektroskopi - INFO - Raspberry Pi verisi işlendi: SENSOR_7 = 3166.000V
2025-12-23 10:35:02 - spektroskopi - INFO - Raspberry Pi'dan veri alındı: 6e400002-b5a3-f393-e0a9-e50e24dcca9e (Handle: 19): Nordic UART RX, uzunluk: 2
2025-12-23 10:35:02 - spektroskopi - INFO - Raspberry Pi verisi: Ham=262, Voltaj=262.000V
2025-12-23 10:35:02 - spektroskopi - INFO - Raspberry Pi verisi işlendi: SENSOR_2 = 262.000V
2025-12-23 10:35:02 - spektroskopi - INFO - Raspberry Pi'dan veri alındı: 6e400005-b5a3-f393-e0a9-e50e24dcca9e (Handle: 16): Unknown, uzunluk: 2
2025-12-23 10:35:02 - spektroskopi - INFO - Raspberry Pi verisi: Ham=271, Voltaj=271.000V
2025-12-23 10:35:02 - spektroskopi - INFO - Raspberry Pi verisi işlendi: SENSOR_EXTRA = 271.000V
2025-12-23 10:35:03 - spektroskopi - WARNING - Zaman sıralama düzeltildi (averaged): 2025-12-23 10:35:02.739525
2025-12-23 10:35:03 - spektroskopi - WARNING - Zaman sıralama düzeltildi (averaged): 2025-12-23 10:35:02.740525
2025-12-23 10:35:03 - spektroskopi - WARNING - Zaman sıralama düzeltildi (averaged): 2025-12-23 10:35:02.741525
2025-12-23 10:35:03 - spektroskopi - WARNING - Zaman sıralama düzeltildi (averaged): 2025-12-23 10:35:02.742525
2025-12-23 10:35:03 - spektroskopi - WARNING - RealTimePanel: UV_360nm raw data uzunluk uyumsuzluğu (timestamps: 727, data: 185)
2025-12-23 10:35:03 - spektroskopi - WARNING - RealTimePanel: UV_360nm calibrated data uzunluk uyumsuzluğu (timestamps: 727, data: 185)
2025-12-23 10:35:03 - spektroskopi - WARNING - RealTimePanel: Blue_450nm raw data uzunluk uyumsuzluğu (timestamps: 727, data: 183)
2025-12-23 10:35:03 - spektroskopi - WARNING - RealTimePanel: Blue_450nm calibrated data uzunluk uyumsuzluğu (timestamps: 727, data: 183)
2025-12-23 10:35:03 - spektroskopi - WARNING - RealTimePanel: IR_850nm raw data uzunluk uyumsuzluğu (timestamps: 727, data: 179)
2025-12-23 10:35:03 - spektroskopi - WARNING - RealTimePanel: IR_850nm calibrated data uzunluk uyumsuzluğu (timestamps: 727, data: 179)
2025-12-23 10:35:03 - spektroskopi - WARNING - RealTimePanel: IR_940nm raw data uzunluk uyumsuzluğu (timestamps: 727, data: 180)
2025-12-23 10:35:03 - spektroskopi - WARNING - RealTimePanel: IR_940nm calibrated data uzunluk uyumsuzluğu (timestamps: 727, data: 180)
2025-12-23 10:35:03 - spektroskopi - INFO - PyQt veri başarıyla güncellendi: raw_data
2025-12-23 10:35:03 - spektroskopi - INFO - Raspberry Pi'dan veri alındı: 6e400003-b5a3-f393-e0a9-e50e24dcca9e (Handle: 8): Nordic UART TX, uzunluk: 2
2025-12-23 10:35:03 - spektroskopi - INFO - Raspberry Pi verisi: Ham=3183, Voltaj=3183.000V
2025-12-23 10:35:03 - spektroskopi - INFO - Raspberry Pi verisi işlendi: SENSOR_5 = 3183.000V
2025-12-23 10:35:03 - spektroskopi - INFO - Raspberry Pi'dan veri alındı: 6e400004-b5a3-f393-e0a9-e50e24dcca9e (Handle: 11): Unknown, uzunluk: 2
2025-12-23 10:35:03 - spektroskopi - INFO - Raspberry Pi verisi: Ham=3157, Voltaj=3157.000V
2025-12-23 10:35:03 - spektroskopi - INFO - Raspberry Pi verisi işlendi: SENSOR_7 = 3157.000V
2025-12-23 10:35:03 - spektroskopi - INFO - Raspberry Pi'dan veri alındı: 6e400002-b5a3-f393-e0a9-e50e24dcca9e (Handle: 19): Nordic UART RX, uzunluk: 2
2025-12-23 10:35:03 - spektroskopi - INFO - Raspberry Pi verisi: Ham=267, Voltaj=267.000V
2025-12-23 10:35:03 - spektroskopi - INFO - Raspberry Pi verisi işlendi: SENSOR_2 = 267.000V
2025-12-23 10:35:03 - spektroskopi - INFO - Raspberry Pi'dan veri alındı: 6e400005-b5a3-f393-e0a9-e50e24dcca9e (Handle: 16): Unknown, uzunluk: 2
2025-12-23 10:35:03 - spektroskopi - INFO - Raspberry Pi verisi: Ham=278, Voltaj=278.000V
2025-12-23 10:35:03 - spektroskopi - INFO - Raspberry Pi verisi işlendi: SENSOR_EXTRA = 278.000V
2025-12-23 10:35:03 - spektroskopi - INFO - Raspberry Pi'dan veri alındı: 6e400003-b5a3-f393-e0a9-e50e24dcca9e (Handle: 8): Nordic UART TX, uzunluk: 2
2025-12-23 10:35:03 - spektroskopi - INFO - Raspberry Pi verisi: Ham=3193, Voltaj=3193.000V
2025-12-23 10:35:03 - spektroskopi - INFO - Raspberry Pi verisi işlendi: SENSOR_5 = 3193.000V
2025-12-23 10:35:04 - spektroskopi - WARNING - Zaman sıralama düzeltildi (averaged): 2025-12-23 10:35:03.881182
2025-12-23 10:35:04 - spektroskopi - WARNING - Zaman sıralama düzeltildi (averaged): 2025-12-23 10:35:03.882182
2025-12-23 10:35:04 - spektroskopi - WARNING - Zaman sıralama düzeltildi (averaged): 2025-12-23 10:35:03.883182
2025-12-23 10:35:04 - spektroskopi - WARNING - Zaman sıralama düzeltildi (averaged): 2025-12-23 10:35:03.884182
2025-12-23 10:35:04 - spektroskopi - WARNING - Zaman sıralama düzeltildi (averaged): 2025-12-23 10:35:03.885182
2025-12-23 10:35:04 - spektroskopi - WARNING - RealTimePanel: UV_360nm raw data uzunluk uyumsuzluğu (timestamps: 737, data: 187)
2025-12-23 10:35:04 - spektroskopi - WARNING - RealTimePanel: UV_360nm calibrated data uzunluk uyumsuzluğu (timestamps: 737, data: 187)
2025-12-23 10:35:04 - spektroskopi - WARNING - RealTimePanel: Blue_450nm raw data uzunluk uyumsuzluğu (timestamps: 737, data: 185)
2025-12-23 10:35:04 - spektroskopi - WARNING - RealTimePanel: Blue_450nm calibrated data uzunluk uyumsuzluğu (timestamps: 737, data: 185)
2025-12-23 10:35:04 - spektroskopi - WARNING - RealTimePanel: IR_850nm raw data uzunluk uyumsuzluğu (timestamps: 737, data: 181)
2025-12-23 10:35:04 - spektroskopi - WARNING - RealTimePanel: IR_850nm calibrated data uzunluk uyumsuzluğu (timestamps: 737, data: 181)
2025-12-23 10:35:04 - spektroskopi - WARNING - RealTimePanel: IR_940nm raw data uzunluk uyumsuzluğu (timestamps: 737, data: 184)
2025-12-23 10:35:04 - spektroskopi - WARNING - RealTimePanel: IR_940nm calibrated data uzunluk uyumsuzluğu (timestamps: 737, data: 184)
2025-12-23 10:35:04 - spektroskopi - INFO - PyQt veri başarıyla güncellendi: raw_data
2025-12-23 10:35:04 - spektroskopi - INFO - Raspberry Pi'dan veri alındı: 6e400004-b5a3-f393-e0a9-e50e24dcca9e (Handle: 11): Unknown, uzunluk: 2
2025-12-23 10:35:04 - spektroskopi - INFO - Raspberry Pi verisi: Ham=3166, Voltaj=3166.000V
2025-12-23 10:35:04 - spektroskopi - INFO - Raspberry Pi verisi işlendi: SENSOR_7 = 3166.000V
2025-12-23 10:35:04 - spektroskopi - INFO - Raspberry Pi'dan veri alındı: 6e400002-b5a3-f393-e0a9-e50e24dcca9e (Handle: 19): Nordic UART RX, uzunluk: 2
2025-12-23 10:35:04 - spektroskopi - INFO - Raspberry Pi verisi: Ham=261, Voltaj=261.000V
2025-12-23 10:35:04 - spektroskopi - INFO - Raspberry Pi verisi işlendi: SENSOR_2 = 261.000V
2025-12-23 10:35:04 - spektroskopi - INFO - Raspberry Pi'dan veri alındı: 6e400005-b5a3-f393-e0a9-e50e24dcca9e (Handle: 16): Unknown, uzunluk: 2
2025-12-23 10:35:04 - spektroskopi - INFO - Raspberry Pi verisi: Ham=272, Voltaj=272.000V
2025-12-23 10:35:04 - spektroskopi - INFO - Raspberry Pi verisi işlendi: SENSOR_EXTRA = 272.000V
2025-12-23 10:35:04 - spektroskopi - INFO - Raspberry Pi'dan veri alındı: 6e400003-b5a3-f393-e0a9-e50e24dcca9e (Handle: 8): Nordic UART TX, uzunluk: 2
2025-12-23 10:35:04 - spektroskopi - INFO - Raspberry Pi verisi: Ham=3182, Voltaj=3182.000V
2025-12-23 10:35:04 - spektroskopi - INFO - Raspberry Pi verisi işlendi: SENSOR_5 = 3182.000V
2025-12-23 10:35:05 - spektroskopi - WARNING - Zaman sıralama düzeltildi (averaged): 2025-12-23 10:35:04.750057
2025-12-23 10:35:05 - spektroskopi - WARNING - Zaman sıralama düzeltildi (averaged): 2025-12-23 10:35:04.751057
2025-12-23 10:35:05 - spektroskopi - WARNING - Zaman sıralama düzeltildi (averaged): 2025-12-23 10:35:04.752057
2025-12-23 10:35:05 - spektroskopi - WARNING - Zaman sıralama düzeltildi (averaged): 2025-12-23 10:35:04.753057
2025-12-23 10:35:05 - spektroskopi - WARNING - RealTimePanel: UV_360nm raw data uzunluk uyumsuzluğu (timestamps: 745, data: 189)
2025-12-23 10:35:05 - spektroskopi - WARNING - RealTimePanel: UV_360nm calibrated data uzunluk uyumsuzluğu (timestamps: 745, data: 189)
2025-12-23 10:35:05 - spektroskopi - WARNING - RealTimePanel: Blue_450nm raw data uzunluk uyumsuzluğu (timestamps: 745, data: 187)
2025-12-23 10:35:05 - spektroskopi - WARNING - RealTimePanel: Blue_450nm calibrated data uzunluk uyumsuzluğu (timestamps: 745, data: 187)
2025-12-23 10:35:05 - spektroskopi - WARNING - RealTimePanel: IR_850nm raw data uzunluk uyumsuzluğu (timestamps: 745, data: 183)
2025-12-23 10:35:05 - spektroskopi - WARNING - RealTimePanel: IR_850nm calibrated data uzunluk uyumsuzluğu (timestamps: 745, data: 183)
2025-12-23 10:35:05 - spektroskopi - WARNING - RealTimePanel: IR_940nm raw data uzunluk uyumsuzluğu (timestamps: 745, data: 186)
2025-12-23 10:35:05 - spektroskopi - WARNING - RealTimePanel: IR_940nm calibrated data uzunluk uyumsuzluğu (timestamps: 745, data: 186)
2025-12-23 10:35:05 - spektroskopi - INFO - PyQt veri başarıyla güncellendi: raw_data
2025-12-23 10:35:05 - spektroskopi - INFO - Raspberry Pi'dan veri alındı: 6e400004-b5a3-f393-e0a9-e50e24dcca9e (Handle: 11): Unknown, uzunluk: 2
2025-12-23 10:35:05 - spektroskopi - INFO - Raspberry Pi verisi: Ham=3166, Voltaj=3166.000V
2025-12-23 10:35:05 - spektroskopi - INFO - Raspberry Pi verisi işlendi: SENSOR_7 = 3166.000V
2025-12-23 10:35:05 - spektroskopi - INFO - Raspberry Pi'dan veri alındı: 6e400002-b5a3-f393-e0a9-e50e24dcca9e (Handle: 19): Nordic UART RX, uzunluk: 2
2025-12-23 10:35:05 - spektroskopi - INFO - Raspberry Pi verisi: Ham=264, Voltaj=264.000V
2025-12-23 10:35:05 - spektroskopi - INFO - Raspberry Pi verisi işlendi: SENSOR_2 = 264.000V
2025-12-23 10:35:05 - spektroskopi - INFO - Raspberry Pi'dan veri alındı: 6e400005-b5a3-f393-e0a9-e50e24dcca9e (Handle: 16): Unknown, uzunluk: 2
2025-12-23 10:35:05 - spektroskopi - INFO - Raspberry Pi verisi: Ham=273, Voltaj=273.000V
2025-12-23 10:35:05 - spektroskopi - INFO - Raspberry Pi verisi işlendi: SENSOR_EXTRA = 273.000V
2025-12-23 10:35:05 - spektroskopi - INFO - Raspberry Pi'dan veri alındı: 6e400003-b5a3-f393-e0a9-e50e24dcca9e (Handle: 8): Nordic UART TX, uzunluk: 2
2025-12-23 10:35:05 - spektroskopi - INFO - Raspberry Pi verisi: Ham=3184, Voltaj=3184.000V
2025-12-23 10:35:05 - spektroskopi - INFO - Raspberry Pi verisi işlendi: SENSOR_5 = 3184.000V
2025-12-23 10:35:05 - spektroskopi - INFO - Raspberry Pi'dan veri alındı: 6e400004-b5a3-f393-e0a9-e50e24dcca9e (Handle: 11): Unknown, uzunluk: 2
2025-12-23 10:35:05 - spektroskopi - INFO - Raspberry Pi verisi: Ham=3154, Voltaj=3154.000V
2025-12-23 10:35:05 - spektroskopi - INFO - Raspberry Pi verisi işlendi: SENSOR_7 = 3154.000V
2025-12-23 10:35:06 - spektroskopi - INFO - Raspberry Pi'dan veri alındı: 6e400002-b5a3-f393-e0a9-e50e24dcca9e (Handle: 19): Nordic UART RX, uzunluk: 2
2025-12-23 10:35:06 - spektroskopi - INFO - Raspberry Pi verisi: Ham=264, Voltaj=264.000V
2025-12-23 10:35:06 - spektroskopi - INFO - Raspberry Pi verisi işlendi: SENSOR_2 = 264.000V
2025-12-23 10:35:06 - spektroskopi - WARNING - Zaman sıralama düzeltildi (averaged): 2025-12-23 10:35:06.012150
2025-12-23 10:35:06 - spektroskopi - WARNING - Zaman sıralama düzeltildi (averaged): 2025-12-23 10:35:06.013150
2025-12-23 10:35:06 - spektroskopi - WARNING - Zaman sıralama düzeltildi (averaged): 2025-12-23 10:35:06.014150
2025-12-23 10:35:06 - spektroskopi - WARNING - Zaman sıralama düzeltildi (averaged): 2025-12-23 10:35:06.015150
2025-12-23 10:35:06 - spektroskopi - WARNING - Zaman sıralama düzeltildi (averaged): 2025-12-23 10:35:06.016150
2025-12-23 10:35:06 - spektroskopi - WARNING - Zaman sıralama düzeltildi (averaged): 2025-12-23 10:35:06.017150
2025-12-23 10:35:06 - spektroskopi - WARNING - RealTimePanel: UV_360nm raw data uzunluk uyumsuzluğu (timestamps: 757, data: 193)
2025-12-23 10:35:06 - spektroskopi - WARNING - RealTimePanel: UV_360nm calibrated data uzunluk uyumsuzluğu (timestamps: 757, data: 193)
2025-12-23 10:35:06 - spektroskopi - WARNING - RealTimePanel: Blue_450nm raw data uzunluk uyumsuzluğu (timestamps: 757, data: 189)
2025-12-23 10:35:06 - spektroskopi - WARNING - RealTimePanel: Blue_450nm calibrated data uzunluk uyumsuzluğu (timestamps: 757, data: 189)
2025-12-23 10:35:06 - spektroskopi - WARNING - RealTimePanel: IR_850nm raw data uzunluk uyumsuzluğu (timestamps: 757, data: 187)
2025-12-23 10:35:06 - spektroskopi - WARNING - RealTimePanel: IR_850nm calibrated data uzunluk uyumsuzluğu (timestamps: 757, data: 187)
2025-12-23 10:35:06 - spektroskopi - WARNING - RealTimePanel: IR_940nm raw data uzunluk uyumsuzluğu (timestamps: 757, data: 188)
2025-12-23 10:35:06 - spektroskopi - WARNING - RealTimePanel: IR_940nm calibrated data uzunluk uyumsuzluğu (timestamps: 757, data: 188)
2025-12-23 10:35:06 - spektroskopi - INFO - PyQt veri başarıyla güncellendi: raw_data
2025-12-23 10:35:06 - spektroskopi - INFO - Raspberry Pi'dan veri alındı: 6e400005-b5a3-f393-e0a9-e50e24dcca9e (Handle: 16): Unknown, uzunluk: 2
2025-12-23 10:35:06 - spektroskopi - INFO - Raspberry Pi verisi: Ham=277, Voltaj=277.000V
2025-12-23 10:35:06 - spektroskopi - INFO - Raspberry Pi verisi işlendi: SENSOR_EXTRA = 277.000V
2025-12-23 10:35:06 - spektroskopi - INFO - Raspberry Pi'dan veri alındı: 6e400003-b5a3-f393-e0a9-e50e24dcca9e (Handle: 8): Nordic UART TX, uzunluk: 2
2025-12-23 10:35:06 - spektroskopi - INFO - Raspberry Pi verisi: Ham=3186, Voltaj=3186.000V
2025-12-23 10:35:06 - spektroskopi - INFO - Raspberry Pi verisi işlendi: SENSOR_5 = 3186.000V
2025-12-23 10:35:06 - spektroskopi - INFO - Raspberry Pi'dan veri alındı: 6e400004-b5a3-f393-e0a9-e50e24dcca9e (Handle: 11): Unknown, uzunluk: 2
2025-12-23 10:35:06 - spektroskopi - INFO - Raspberry Pi verisi: Ham=3156, Voltaj=3156.000V
2025-12-23 10:35:06 - spektroskopi - INFO - Raspberry Pi verisi işlendi: SENSOR_7 = 3156.000V
2025-12-23 10:35:06 - spektroskopi - INFO - Raspberry Pi'dan veri alındı: 6e400002-b5a3-f393-e0a9-e50e24dcca9e (Handle: 19): Nordic UART RX, uzunluk: 2
2025-12-23 10:35:06 - spektroskopi - INFO - Raspberry Pi verisi: Ham=264, Voltaj=264.000V
2025-12-23 10:35:06 - spektroskopi - INFO - Raspberry Pi verisi işlendi: SENSOR_2 = 264.000V
2025-12-23 10:35:07 - spektroskopi - WARNING - Zaman sıralama düzeltildi (averaged): 2025-12-23 10:35:06.878435
2025-12-23 10:35:07 - spektroskopi - WARNING - Zaman sıralama düzeltildi (averaged): 2025-12-23 10:35:06.879435
2025-12-23 10:35:07 - spektroskopi - WARNING - Zaman sıralama düzeltildi (averaged): 2025-12-23 10:35:06.880435
2025-12-23 10:35:07 - spektroskopi - WARNING - Zaman sıralama düzeltildi (averaged): 2025-12-23 10:35:06.881435
2025-12-23 10:35:07 - spektroskopi - WARNING - RealTimePanel: UV_360nm raw data uzunluk uyumsuzluğu (timestamps: 765, data: 195)
2025-12-23 10:35:07 - spektroskopi - WARNING - RealTimePanel: UV_360nm calibrated data uzunluk uyumsuzluğu (timestamps: 765, data: 195)
2025-12-23 10:35:07 - spektroskopi - WARNING - RealTimePanel: Blue_450nm raw data uzunluk uyumsuzluğu (timestamps: 765, data: 191)
2025-12-23 10:35:07 - spektroskopi - WARNING - RealTimePanel: Blue_450nm calibrated data uzunluk uyumsuzluğu (timestamps: 765, data: 191)
2025-12-23 10:35:07 - spektroskopi - WARNING - RealTimePanel: IR_850nm raw data uzunluk uyumsuzluğu (timestamps: 765, data: 189)
2025-12-23 10:35:07 - spektroskopi - WARNING - RealTimePanel: IR_850nm calibrated data uzunluk uyumsuzluğu (timestamps: 765, data: 189)
2025-12-23 10:35:07 - spektroskopi - WARNING - RealTimePanel: IR_940nm raw data uzunluk uyumsuzluğu (timestamps: 765, data: 190)
2025-12-23 10:35:07 - spektroskopi - WARNING - RealTimePanel: IR_940nm calibrated data uzunluk uyumsuzluğu (timestamps: 765, data: 190)
2025-12-23 10:35:07 - spektroskopi - INFO - PyQt veri başarıyla güncellendi: raw_data
2025-12-23 10:35:07 - spektroskopi - INFO - Raspberry Pi'dan veri alındı: 6e400005-b5a3-f393-e0a9-e50e24dcca9e (Handle: 16): Unknown, uzunluk: 2
2025-12-23 10:35:07 - spektroskopi - INFO - Raspberry Pi verisi: Ham=274, Voltaj=274.000V
2025-12-23 10:35:07 - spektroskopi - INFO - Raspberry Pi verisi işlendi: SENSOR_EXTRA = 274.000V
2025-12-23 10:35:07 - spektroskopi - INFO - Raspberry Pi'dan veri alındı: 6e400003-b5a3-f393-e0a9-e50e24dcca9e (Handle: 8): Nordic UART TX, uzunluk: 2
2025-12-23 10:35:07 - spektroskopi - INFO - Raspberry Pi verisi: Ham=3186, Voltaj=3186.000V
2025-12-23 10:35:07 - spektroskopi - INFO - Raspberry Pi verisi işlendi: SENSOR_5 = 3186.000V
2025-12-23 10:35:07 - spektroskopi - INFO - Raspberry Pi'dan veri alındı: 6e400004-b5a3-f393-e0a9-e50e24dcca9e (Handle: 11): Unknown, uzunluk: 2
2025-12-23 10:35:07 - spektroskopi - INFO - Raspberry Pi verisi: Ham=3158, Voltaj=3158.000V
2025-12-23 10:35:07 - spektroskopi - INFO - Raspberry Pi verisi işlendi: SENSOR_7 = 3158.000V
2025-12-23 10:35:07 - spektroskopi - INFO - Raspberry Pi'dan veri alındı: 6e400002-b5a3-f393-e0a9-e50e24dcca9e (Handle: 19): Nordic UART RX, uzunluk: 2
2025-12-23 10:35:07 - spektroskopi - INFO - Raspberry Pi verisi: Ham=261, Voltaj=261.000V
2025-12-23 10:35:07 - spektroskopi - INFO - Raspberry Pi verisi işlendi: SENSOR_2 = 261.000V
2025-12-23 10:35:08 - spektroskopi - INFO - Raspberry Pi'dan veri alındı: 6e400005-b5a3-f393-e0a9-e50e24dcca9e (Handle: 16): Unknown, uzunluk: 2
2025-12-23 10:35:08 - spektroskopi - INFO - Raspberry Pi verisi: Ham=273, Voltaj=273.000V
2025-12-23 10:35:08 - spektroskopi - INFO - Raspberry Pi verisi işlendi: SENSOR_EXTRA = 273.000V
2025-12-23 10:35:08 - spektroskopi - WARNING - Zaman sıralama düzeltildi (averaged): 2025-12-23 10:35:08.019622
2025-12-23 10:35:08 - spektroskopi - WARNING - Zaman sıralama düzeltildi (averaged): 2025-12-23 10:35:08.020622
2025-12-23 10:35:08 - spektroskopi - WARNING - Zaman sıralama düzeltildi (averaged): 2025-12-23 10:35:08.021622
2025-12-23 10:35:08 - spektroskopi - WARNING - Zaman sıralama düzeltildi (averaged): 2025-12-23 10:35:08.022622
2025-12-23 10:35:08 - spektroskopi - WARNING - Zaman sıralama düzeltildi (averaged): 2025-12-23 10:35:08.023622
2025-12-23 10:35:08 - spektroskopi - WARNING - RealTimePanel: UV_360nm raw data uzunluk uyumsuzluğu (timestamps: 775, data: 197)
2025-12-23 10:35:08 - spektroskopi - WARNING - RealTimePanel: UV_360nm calibrated data uzunluk uyumsuzluğu (timestamps: 775, data: 197)
2025-12-23 10:35:08 - spektroskopi - WARNING - RealTimePanel: Blue_450nm raw data uzunluk uyumsuzluğu (timestamps: 775, data: 195)
2025-12-23 10:35:08 - spektroskopi - WARNING - RealTimePanel: Blue_450nm calibrated data uzunluk uyumsuzluğu (timestamps: 775, data: 195)
2025-12-23 10:35:08 - spektroskopi - WARNING - RealTimePanel: IR_850nm raw data uzunluk uyumsuzluğu (timestamps: 775, data: 191)
2025-12-23 10:35:08 - spektroskopi - WARNING - RealTimePanel: IR_850nm calibrated data uzunluk uyumsuzluğu (timestamps: 775, data: 191)
2025-12-23 10:35:08 - spektroskopi - WARNING - RealTimePanel: IR_940nm raw data uzunluk uyumsuzluğu (timestamps: 775, data: 192)
2025-12-23 10:35:08 - spektroskopi - WARNING - RealTimePanel: IR_940nm calibrated data uzunluk uyumsuzluğu (timestamps: 775, data: 192)
2025-12-23 10:35:08 - spektroskopi - INFO - PyQt veri başarıyla güncellendi: raw_data
2025-12-23 10:35:08 - spektroskopi - INFO - Raspberry Pi'dan veri alındı: 6e400003-b5a3-f393-e0a9-e50e24dcca9e (Handle: 8): Nordic UART TX, uzunluk: 2
2025-12-23 10:35:08 - spektroskopi - INFO - Raspberry Pi verisi: Ham=3185, Voltaj=3185.000V
2025-12-23 10:35:08 - spektroskopi - INFO - Raspberry Pi verisi işlendi: SENSOR_5 = 3185.000V
2025-12-23 10:35:08 - spektroskopi - INFO - Raspberry Pi'dan veri alındı: 6e400004-b5a3-f393-e0a9-e50e24dcca9e (Handle: 11): Unknown, uzunluk: 2
2025-12-23 10:35:08 - spektroskopi - INFO - Raspberry Pi verisi: Ham=3162, Voltaj=3162.000V
2025-12-23 10:35:08 - spektroskopi - INFO - Raspberry Pi verisi işlendi: SENSOR_7 = 3162.000V
2025-12-23 10:35:08 - spektroskopi - INFO - Raspberry Pi'dan veri alındı: 6e400002-b5a3-f393-e0a9-e50e24dcca9e (Handle: 19): Nordic UART RX, uzunluk: 2
2025-12-23 10:35:08 - spektroskopi - INFO - Raspberry Pi verisi: Ham=267, Voltaj=267.000V
2025-12-23 10:35:08 - spektroskopi - INFO - Raspberry Pi verisi işlendi: SENSOR_2 = 267.000V
2025-12-23 10:35:08 - spektroskopi - INFO - Raspberry Pi'dan veri alındı: 6e400005-b5a3-f393-e0a9-e50e24dcca9e (Handle: 16): Unknown, uzunluk: 2
2025-12-23 10:35:08 - spektroskopi - INFO - Raspberry Pi verisi: Ham=275, Voltaj=275.000V
2025-12-23 10:35:08 - spektroskopi - INFO - Raspberry Pi verisi işlendi: SENSOR_EXTRA = 275.000V
2025-12-23 10:35:08 - spektroskopi - INFO - Mevcut kalibrasyon verileri temizlendi
2025-12-23 10:35:08 - spektroskopi - INFO - Kalibrasyon verileri temizlendi
2025-12-23 10:35:09 - spektroskopi - WARNING - Zaman sıralama düzeltildi (averaged): 2025-12-23 10:35:08.890069
2025-12-23 10:35:09 - spektroskopi - WARNING - Zaman sıralama düzeltildi (averaged): 2025-12-23 10:35:08.891069
2025-12-23 10:35:09 - spektroskopi - WARNING - Zaman sıralama düzeltildi (averaged): 2025-12-23 10:35:08.892069
2025-12-23 10:35:09 - spektroskopi - WARNING - Zaman sıralama düzeltildi (averaged): 2025-12-23 10:35:08.893069
2025-12-23 10:35:09 - spektroskopi - WARNING - RealTimePanel: UV_360nm raw data uzunluk uyumsuzluğu (timestamps: 783, data: 199)
2025-12-23 10:35:09 - spektroskopi - WARNING - RealTimePanel: UV_360nm calibrated data uzunluk uyumsuzluğu (timestamps: 783, data: 199)
2025-12-23 10:35:09 - spektroskopi - WARNING - RealTimePanel: Blue_450nm raw data uzunluk uyumsuzluğu (timestamps: 783, data: 197)
2025-12-23 10:35:09 - spektroskopi - WARNING - RealTimePanel: Blue_450nm calibrated data uzunluk uyumsuzluğu (timestamps: 783, data: 197)
2025-12-23 10:35:09 - spektroskopi - WARNING - RealTimePanel: IR_850nm raw data uzunluk uyumsuzluğu (timestamps: 783, data: 193)
2025-12-23 10:35:09 - spektroskopi - WARNING - RealTimePanel: IR_850nm calibrated data uzunluk uyumsuzluğu (timestamps: 783, data: 193)
2025-12-23 10:35:09 - spektroskopi - WARNING - RealTimePanel: IR_940nm raw data uzunluk uyumsuzluğu (timestamps: 783, data: 194)
2025-12-23 10:35:09 - spektroskopi - WARNING - RealTimePanel: IR_940nm calibrated data uzunluk uyumsuzluğu (timestamps: 783, data: 194)
2025-12-23 10:35:09 - spektroskopi - INFO - PyQt veri başarıyla güncellendi: raw_data
2025-12-23 10:35:09 - spektroskopi - INFO - Raspberry Pi'dan veri alındı: 6e400003-b5a3-f393-e0a9-e50e24dcca9e (Handle: 8): Nordic UART TX, uzunluk: 2
2025-12-23 10:35:09 - spektroskopi - INFO - Raspberry Pi verisi: Ham=3186, Voltaj=3186.000V
2025-12-23 10:35:09 - spektroskopi - INFO - Raspberry Pi verisi işlendi: SENSOR_5 = 3186.000V
2025-12-23 10:35:09 - spektroskopi - INFO - Raspberry Pi'dan veri alındı: 6e400004-b5a3-f393-e0a9-e50e24dcca9e (Handle: 11): Unknown, uzunluk: 2
2025-12-23 10:35:09 - spektroskopi - INFO - Raspberry Pi verisi: Ham=3160, Voltaj=3160.000V
2025-12-23 10:35:09 - spektroskopi - INFO - Raspberry Pi verisi işlendi: SENSOR_7 = 3160.000V
2025-12-23 10:35:09 - spektroskopi - INFO - Raspberry Pi'dan veri alındı: 6e400002-b5a3-f393-e0a9-e50e24dcca9e (Handle: 19): Nordic UART RX, uzunluk: 2
2025-12-23 10:35:09 - spektroskopi - INFO - Raspberry Pi verisi: Ham=261, Voltaj=261.000V
2025-12-23 10:35:09 - spektroskopi - INFO - Raspberry Pi verisi işlendi: SENSOR_2 = 261.000V
2025-12-23 10:35:09 - spektroskopi - INFO - Kalibrasyon penceresi kapatıldı
2025-12-23 10:35:09 - spektroskopi - INFO - Raspberry Pi'dan veri alındı: 6e400005-b5a3-f393-e0a9-e50e24dcca9e (Handle: 16): Unknown, uzunluk: 2
2025-12-23 10:35:09 - spektroskopi - INFO - Raspberry Pi verisi: Ham=273, Voltaj=273.000V
2025-12-23 10:35:09 - spektroskopi - INFO - Raspberry Pi verisi işlendi: SENSOR_EXTRA = 273.000V
2025-12-23 10:35:10 - spektroskopi - INFO - Raspberry Pi'dan veri alındı: 6e400003-b5a3-f393-e0a9-e50e24dcca9e (Handle: 8): Nordic UART TX, uzunluk: 2
2025-12-23 10:35:10 - spektroskopi - INFO - Raspberry Pi verisi: Ham=3186, Voltaj=3186.000V
2025-12-23 10:35:10 - spektroskopi - INFO - Raspberry Pi verisi işlendi: SENSOR_5 = 3186.000V
2025-12-23 10:35:10 - spektroskopi - WARNING - Zaman sıralama düzeltildi (averaged): 2025-12-23 10:35:10.028943
2025-12-23 10:35:10 - spektroskopi - WARNING - Zaman sıralama düzeltildi (averaged): 2025-12-23 10:35:10.029943
2025-12-23 10:35:10 - spektroskopi - WARNING - Zaman sıralama düzeltildi (averaged): 2025-12-23 10:35:10.030943
2025-12-23 10:35:10 - spektroskopi - WARNING - Zaman sıralama düzeltildi (averaged): 2025-12-23 10:35:10.031943
2025-12-23 10:35:10 - spektroskopi - WARNING - Zaman sıralama düzeltildi (averaged): 2025-12-23 10:35:10.032943
2025-12-23 10:35:10 - spektroskopi - WARNING - RealTimePanel: UV_360nm raw data uzunluk uyumsuzluğu (timestamps: 793, data: 201)
2025-12-23 10:35:10 - spektroskopi - WARNING - RealTimePanel: UV_360nm calibrated data uzunluk uyumsuzluğu (timestamps: 793, data: 201)
2025-12-23 10:35:10 - spektroskopi - WARNING - RealTimePanel: Blue_450nm raw data uzunluk uyumsuzluğu (timestamps: 793, data: 199)
2025-12-23 10:35:10 - spektroskopi - WARNING - RealTimePanel: Blue_450nm calibrated data uzunluk uyumsuzluğu (timestamps: 793, data: 199)
2025-12-23 10:35:10 - spektroskopi - WARNING - RealTimePanel: IR_850nm raw data uzunluk uyumsuzluğu (timestamps: 793, data: 195)
2025-12-23 10:35:10 - spektroskopi - WARNING - RealTimePanel: IR_850nm calibrated data uzunluk uyumsuzluğu (timestamps: 793, data: 195)
2025-12-23 10:35:10 - spektroskopi - WARNING - RealTimePanel: IR_940nm raw data uzunluk uyumsuzluğu (timestamps: 793, data: 198)
2025-12-23 10:35:10 - spektroskopi - WARNING - RealTimePanel: IR_940nm calibrated data uzunluk uyumsuzluğu (timestamps: 793, data: 198)
2025-12-23 10:35:10 - spektroskopi - INFO - PyQt veri başarıyla güncellendi: raw_data
2025-12-23 10:35:10 - spektroskopi - INFO - Raspberry Pi'dan veri alındı: 6e400004-b5a3-f393-e0a9-e50e24dcca9e (Handle: 11): Unknown, uzunluk: 2
2025-12-23 10:35:10 - spektroskopi - INFO - Raspberry Pi verisi: Ham=3161, Voltaj=3161.000V
2025-12-23 10:35:10 - spektroskopi - INFO - Raspberry Pi verisi işlendi: SENSOR_7 = 3161.000V
2025-12-23 10:35:10 - spektroskopi - INFO - Raspberry Pi'dan veri alındı: 6e400002-b5a3-f393-e0a9-e50e24dcca9e (Handle: 19): Nordic UART RX, uzunluk: 2
2025-12-23 10:35:10 - spektroskopi - INFO - Raspberry Pi verisi: Ham=267, Voltaj=267.000V
2025-12-23 10:35:10 - spektroskopi - INFO - Raspberry Pi verisi işlendi: SENSOR_2 = 267.000V
2025-12-23 10:35:10 - spektroskopi - INFO - Raspberry Pi'dan veri alındı: 6e400005-b5a3-f393-e0a9-e50e24dcca9e (Handle: 16): Unknown, uzunluk: 2
2025-12-23 10:35:10 - spektroskopi - INFO - Raspberry Pi verisi: Ham=276, Voltaj=276.000V
2025-12-23 10:35:10 - spektroskopi - INFO - Raspberry Pi verisi işlendi: SENSOR_EXTRA = 276.000V
2025-12-23 10:35:10 - spektroskopi - INFO - Raspberry Pi'dan veri alındı: 6e400003-b5a3-f393-e0a9-e50e24dcca9e (Handle: 8): Nordic UART TX, uzunluk: 2
2025-12-23 10:35:10 - spektroskopi - INFO - Raspberry Pi verisi: Ham=3185, Voltaj=3185.000V
2025-12-23 10:35:10 - spektroskopi - INFO - Raspberry Pi verisi işlendi: SENSOR_5 = 3185.000V
2025-12-23 10:35:11 - spektroskopi - WARNING - Zaman sıralama düzeltildi (averaged): 2025-12-23 10:35:10.902149
2025-12-23 10:35:11 - spektroskopi - WARNING - Zaman sıralama düzeltildi (averaged): 2025-12-23 10:35:10.903149
2025-12-23 10:35:11 - spektroskopi - WARNING - Zaman sıralama düzeltildi (averaged): 2025-12-23 10:35:10.904149
2025-12-23 10:35:11 - spektroskopi - WARNING - Zaman sıralama düzeltildi (averaged): 2025-12-23 10:35:10.905149
2025-12-23 10:35:11 - spektroskopi - WARNING - RealTimePanel: UV_360nm raw data uzunluk uyumsuzluğu (timestamps: 801, data: 203)
2025-12-23 10:35:11 - spektroskopi - WARNING - RealTimePanel: UV_360nm calibrated data uzunluk uyumsuzluğu (timestamps: 801, data: 203)
2025-12-23 10:35:11 - spektroskopi - WARNING - RealTimePanel: Blue_450nm raw data uzunluk uyumsuzluğu (timestamps: 801, data: 201)
2025-12-23 10:35:11 - spektroskopi - WARNING - RealTimePanel: Blue_450nm calibrated data uzunluk uyumsuzluğu (timestamps: 801, data: 201)
2025-12-23 10:35:11 - spektroskopi - WARNING - RealTimePanel: IR_850nm raw data uzunluk uyumsuzluğu (timestamps: 801, data: 197)
2025-12-23 10:35:11 - spektroskopi - WARNING - RealTimePanel: IR_850nm calibrated data uzunluk uyumsuzluğu (timestamps: 801, data: 197)
2025-12-23 10:35:11 - spektroskopi - WARNING - RealTimePanel: IR_940nm raw data uzunluk uyumsuzluğu (timestamps: 801, data: 200)
2025-12-23 10:35:11 - spektroskopi - WARNING - RealTimePanel: IR_940nm calibrated data uzunluk uyumsuzluğu (timestamps: 801, data: 200)
2025-12-23 10:35:11 - spektroskopi - INFO - PyQt veri başarıyla güncellendi: raw_data
2025-12-23 10:35:11 - spektroskopi - INFO - Raspberry Pi'dan veri alındı: 6e400004-b5a3-f393-e0a9-e50e24dcca9e (Handle: 11): Unknown, uzunluk: 2
2025-12-23 10:35:11 - spektroskopi - INFO - Raspberry Pi verisi: Ham=3158, Voltaj=3158.000V
2025-12-23 10:35:11 - spektroskopi - INFO - Raspberry Pi verisi işlendi: SENSOR_7 = 3158.000V
2025-12-23 10:35:11 - spektroskopi - INFO - Raspberry Pi'dan veri alındı: 6e400002-b5a3-f393-e0a9-e50e24dcca9e (Handle: 19): Nordic UART RX, uzunluk: 2
2025-12-23 10:35:11 - spektroskopi - INFO - Raspberry Pi verisi: Ham=267, Voltaj=267.000V
2025-12-23 10:35:11 - spektroskopi - INFO - Raspberry Pi verisi işlendi: SENSOR_2 = 267.000V
2025-12-23 10:35:11 - spektroskopi - INFO - Raspberry Pi'dan veri alındı: 6e400005-b5a3-f393-e0a9-e50e24dcca9e (Handle: 16): Unknown, uzunluk: 2
2025-12-23 10:35:11 - spektroskopi - INFO - Raspberry Pi verisi: Ham=281, Voltaj=281.000V
2025-12-23 10:35:11 - spektroskopi - INFO - Raspberry Pi verisi işlendi: SENSOR_EXTRA = 281.000V
2025-12-23 10:35:11 - spektroskopi - INFO - Raspberry Pi'dan veri alındı: 6e400003-b5a3-f393-e0a9-e50e24dcca9e (Handle: 8): Nordic UART TX, uzunluk: 2
2025-12-23 10:35:11 - spektroskopi - INFO - Raspberry Pi verisi: Ham=3189, Voltaj=3189.000V
2025-12-23 10:35:11 - spektroskopi - INFO - Raspberry Pi verisi işlendi: SENSOR_5 = 3189.000V
2025-12-23 10:35:12 - spektroskopi - INFO - Raspberry Pi'dan veri alındı: 6e400004-b5a3-f393-e0a9-e50e24dcca9e (Handle: 11): Unknown, uzunluk: 2
2025-12-23 10:35:12 - spektroskopi - INFO - Raspberry Pi verisi: Ham=3156, Voltaj=3156.000V
2025-12-23 10:35:12 - spektroskopi - INFO - Raspberry Pi verisi işlendi: SENSOR_7 = 3156.000V
2025-12-23 10:35:12 - spektroskopi - WARNING - Zaman sıralama düzeltildi (averaged): 2025-12-23 10:35:12.040087
2025-12-23 10:35:12 - spektroskopi - WARNING - Zaman sıralama düzeltildi (averaged): 2025-12-23 10:35:12.041087
2025-12-23 10:35:12 - spektroskopi - WARNING - Zaman sıralama düzeltildi (averaged): 2025-12-23 10:35:12.042087
2025-12-23 10:35:12 - spektroskopi - WARNING - Zaman sıralama düzeltildi (averaged): 2025-12-23 10:35:12.043087
2025-12-23 10:35:12 - spektroskopi - WARNING - Zaman sıralama düzeltildi (averaged): 2025-12-23 10:35:12.044087
2025-12-23 10:35:12 - spektroskopi - WARNING - RealTimePanel: UV_360nm raw data uzunluk uyumsuzluğu (timestamps: 811, data: 205)
2025-12-23 10:35:12 - spektroskopi - WARNING - RealTimePanel: UV_360nm calibrated data uzunluk uyumsuzluğu (timestamps: 811, data: 205)
2025-12-23 10:35:12 - spektroskopi - WARNING - RealTimePanel: Blue_450nm raw data uzunluk uyumsuzluğu (timestamps: 811, data: 203)
2025-12-23 10:35:12 - spektroskopi - WARNING - RealTimePanel: Blue_450nm calibrated data uzunluk uyumsuzluğu (timestamps: 811, data: 203)
2025-12-23 10:35:12 - spektroskopi - WARNING - RealTimePanel: IR_850nm raw data uzunluk uyumsuzluğu (timestamps: 811, data: 201)
2025-12-23 10:35:12 - spektroskopi - WARNING - RealTimePanel: IR_850nm calibrated data uzunluk uyumsuzluğu (timestamps: 811, data: 201)
2025-12-23 10:35:12 - spektroskopi - WARNING - RealTimePanel: IR_940nm raw data uzunluk uyumsuzluğu (timestamps: 811, data: 202)
2025-12-23 10:35:12 - spektroskopi - WARNING - RealTimePanel: IR_940nm calibrated data uzunluk uyumsuzluğu (timestamps: 811, data: 202)
2025-12-23 10:35:12 - spektroskopi - INFO - PyQt veri başarıyla güncellendi: raw_data
2025-12-23 10:35:12 - spektroskopi - INFO - Raspberry Pi'dan veri alındı: 6e400002-b5a3-f393-e0a9-e50e24dcca9e (Handle: 19): Nordic UART RX, uzunluk: 2
2025-12-23 10:35:12 - spektroskopi - INFO - Raspberry Pi verisi: Ham=270, Voltaj=270.000V
2025-12-23 10:35:12 - spektroskopi - INFO - Raspberry Pi verisi işlendi: SENSOR_2 = 270.000V
2025-12-23 10:35:12 - spektroskopi - INFO - Sistem durduruldu - veri işleme pasif
2025-12-23 10:35:12 - spektroskopi - INFO - Live mod deaktifleştirildi
2025-12-23 10:35:12 - spektroskopi - INFO - Sistem durduruldu - Custom data hesaplamaları durduruldu
2025-12-23 10:35:12 - spektroskopi - INFO - LED KAPATMA komutu queue'ya eklendi
2025-12-23 10:35:12 - spektroskopi - INFO - SYSTEM EVENT: SYSTEM_STOPPED
2025-12-23 10:35:12 - spektroskopi - INFO - Raspberry Pi'dan veri alındı: 6e400005-b5a3-f393-e0a9-e50e24dcca9e (Handle: 16): Unknown, uzunluk: 2
2025-12-23 10:35:12 - spektroskopi - INFO - Raspberry Pi verisi: Ham=281, Voltaj=281.000V
2025-12-23 10:35:12 - spektroskopi - INFO - Raspberry Pi verisi işlendi: SENSOR_EXTRA = 281.000V
2025-12-23 10:35:12 - spektroskopi - INFO - LED kontrol komutu gönderildi: TÜM LED'LER KAPATILDI
2025-12-23 10:35:12 - spektroskopi - INFO - Raspberry Pi'dan veri alındı: 6e400003-b5a3-f393-e0a9-e50e24dcca9e (Handle: 8): Nordic UART TX, uzunluk: 2
2025-12-23 10:35:12 - spektroskopi - INFO - Raspberry Pi verisi: Ham=3185, Voltaj=3185.000V
2025-12-23 10:35:12 - spektroskopi - INFO - Raspberry Pi verisi işlendi: SENSOR_5 = 3185.000V
2025-12-23 10:35:12 - spektroskopi - INFO - Raspberry Pi'dan veri alındı: 6e400004-b5a3-f393-e0a9-e50e24dcca9e (Handle: 11): Unknown, uzunluk: 2
2025-12-23 10:35:12 - spektroskopi - INFO - Raspberry Pi verisi: Ham=3163, Voltaj=3163.000V
2025-12-23 10:35:12 - spektroskopi - INFO - Raspberry Pi verisi işlendi: SENSOR_7 = 3163.000V
2025-12-23 10:35:15 - spektroskopi - WARNING - Zaman sıralama düzeltildi: 2025-12-23 10:35:12.908863
2025-12-23 10:35:15 - spektroskopi - WARNING - Zaman sıralama düzeltildi: 2025-12-23 10:35:12.909863
2025-12-23 10:35:15 - spektroskopi - WARNING - Zaman sıralama düzeltildi: 2025-12-23 10:35:12.910863
2025-12-23 10:35:15 - spektroskopi - WARNING - Zaman sıralama düzeltildi: 2025-12-23 10:35:12.911863
2025-12-23 10:35:39 - spektroskopi - INFO - LED bireysel kontrol komutu gönderildi: 0b0
2025-12-23 10:35:39 - spektroskopi - INFO - LED durumları güncellendi: []
2025-12-23 10:35:40 - spektroskopi - INFO - LED kontrol komutu gönderildi: TÜM LED'LER KAPATILDI
2025-12-23 10:35:40 - spektroskopi - INFO - LED bireysel kontrol komutu gönderildi: 0b10
2025-12-23 10:35:40 - spektroskopi - INFO - LED durumları güncellendi: ['led_3']
2025-12-23 10:35:40 - spektroskopi - INFO - LED bireysel kontrol komutu gönderildi: 0b0
2025-12-23 10:35:40 - spektroskopi - INFO - LED durumları güncellendi: []
2025-12-23 10:35:40 - spektroskopi - INFO - LED kontrol komutu gönderildi: LED durumları: L1=False, L3=True, L4=False, L6=False
2025-12-23 10:35:41 - spektroskopi - INFO - LED kontrol komutu gönderildi: TÜM LED'LER KAPATILDI
2025-12-23 10:36:04 - spektroskopi - INFO - Kalibrasyon penceresi açıldı
2025-12-23 10:39:58 - spektroskopi - WARNING - BLE cihazı bağlantısı kesildi
2025-12-23 10:39:58 - spektroskopi - INFO - CONNECTION SUCCESS: sensor-2 - DISCONNECTED
2025-12-23 10:39:58 - spektroskopi - INFO - BLE bağlantısı kesildi
2025-12-23 10:39:58 - spektroskopi - INFO - Bağlantı koptu - LED kontrolleri devre dışı bırakıldı
2025-12-23 10:39:58 - spektroskopi - INFO - BLE bağlantı kopma callback çağrıldı: sensor-2
2025-12-23 11:00:19 - spektroskopi - INFO - Kalibrasyon penceresi kapatıldı
