2026-02-26 00:11:02 - spektroskopi - INFO - Spektroskopi uygulaması başlatılıyor...
2026-02-26 00:11:02 - spektroskopi - INFO - Export için 1 formül yüklendi
2026-02-26 00:11:02 - spektroskopi - INFO - Uygulama ayarları yüklendi
2026-02-26 00:11:02 - spektroskopi - INFO - 1 formül içe aktarıldı
2026-02-26 00:11:02 - spektroskopi - INFO - Uygulama başlangıcında formüller yüklendi: 1
2026-02-26 00:11:02 - spektroskopi - WARNING - Error loading record Record_20251022_185402.json: Expecting value: line 515 column 9 (char 10867)
2026-02-26 00:11:02 - spektroskopi - INFO - Tema uygulandı: light (sistem: dark)
2026-02-26 00:11:02 - spektroskopi - INFO - Sensör bilgileri güncellendi
2026-02-26 00:11:02 - spektroskopi - INFO - Otomatik bağlantı başlatılıyor...
2026-02-26 00:11:02 - spektroskopi - INFO - Ana GUI başlatıldı
2026-02-26 00:11:03 - spektroskopi - INFO - BLE tarama başlatılıyor (timeout: 10.0s)
2026-02-26 00:11:13 - spektroskopi - INFO - Hedef cihaz bulundu: sensor-3 (7CDE3AD7-9E89-0DF9-28E4-1D56CA03E138)
2026-02-26 00:11:13 - spektroskopi - INFO - Tarama tamamlandı: 1 cihaz bulundu
2026-02-26 00:11:13 - spektroskopi - INFO - sensor-3 cihazına bağlanılıyor...
2026-02-26 00:11:13 - spektroskopi - INFO - BLE bağlantısı kuruluyor: sensor-3 (7CDE3AD7-9E89-0DF9-28E4-1D56CA03E138)
2026-02-26 00:11:13 - spektroskopi - INFO - Bağlantı kuruldu: sensor-3
2026-02-26 00:11:13 - spektroskopi - INFO - LED kontrolleri aktifleştirildi
2026-02-26 00:11:13 - spektroskopi - INFO - Tarama tamamlandı: 1 cihaz bulundu
2026-02-26 00:11:15 - spektroskopi - INFO - CONNECTION SUCCESS: sensor-3 - CONNECTED
2026-02-26 00:11:15 - spektroskopi - INFO - BLE bağlantısı sonsuz mod aktif - timeout yok
2026-02-26 00:11:23 - spektroskopi - INFO - LED AÇMA komutu queue'ya eklendi
2026-02-26 00:11:23 - spektroskopi - INFO - Tüm LED'ler açıldı
2026-02-26 00:11:23 - spektroskopi - INFO - LED kontrol komutu gönderildi: TÜM LED'LER AÇILDI
2026-02-26 00:11:24 - spektroskopi - INFO - Veri buffer'ları temizlendi
2026-02-26 00:11:24 - spektroskopi - INFO - Sistem başlatıldı - veri işleme aktif
2026-02-26 00:11:24 - spektroskopi - INFO - Live mod aktifleştirildi
2026-02-26 00:11:24 - spektroskopi - INFO - Sistem başlatıldı - Custom data hesaplamaları otomatik başlatıldı
2026-02-26 00:11:24 - spektroskopi - INFO - START komutu gönderildi: l_d=4, a_d=3, r_d=250, LEDs=0b1111
2026-02-26 00:11:24 - spektroskopi - INFO - SYSTEM EVENT: SYSTEM_STARTED - l_d=4, a_d=3, r_d=250
2026-02-26 00:11:24 - spektroskopi - INFO - LED kontrol komutu gönderildi: LED durumları: L1=False, L3=False, L4=True, L6=False
2026-02-26 00:11:24 - spektroskopi - INFO - Raspberry Pi'dan veri alındı: 6e400002-b5a3-f393-e0a9-e50e24dcca9e (Handle: 19): Nordic UART RX, uzunluk: 2
2026-02-26 00:11:24 - spektroskopi - INFO - Raspberry Pi verisi: Ham=756, Voltaj=756.000V
2026-02-26 00:11:24 - spektroskopi - INFO - Raspberry Pi verisi işlendi: SENSOR_2 = 756.000V
2026-02-26 00:11:25 - spektroskopi - INFO - Raspberry Pi'dan veri alındı: 6e400005-b5a3-f393-e0a9-e50e24dcca9e (Handle: 16): Unknown, uzunluk: 2
2026-02-26 00:11:25 - spektroskopi - INFO - Raspberry Pi verisi: Ham=1064, Voltaj=1064.000V
2026-02-26 00:11:25 - spektroskopi - INFO - Raspberry Pi verisi işlendi: SENSOR_EXTRA = 1064.000V
2026-02-26 00:11:25 - spektroskopi - INFO - Raspberry Pi'dan veri alındı: 6e400004-b5a3-f393-e0a9-e50e24dcca9e (Handle: 11): Unknown, uzunluk: 2
2026-02-26 00:11:25 - spektroskopi - INFO - Raspberry Pi verisi: Ham=341, Voltaj=341.000V
2026-02-26 00:11:25 - spektroskopi - INFO - Raspberry Pi verisi işlendi: SENSOR_7 = 341.000V
2026-02-26 00:11:25 - spektroskopi - WARNING - Zaman sıralama düzeltildi (averaged): 2026-02-26 00:11:25.419297
2026-02-26 00:11:25 - spektroskopi - WARNING - Zaman sıralama düzeltildi (averaged): 2026-02-26 00:11:25.420297
2026-02-26 00:11:25 - spektroskopi - WARNING - Zaman sıralama düzeltildi (averaged): 2026-02-26 00:11:25.421297
2026-02-26 00:11:25 - spektroskopi - WARNING - RealTimePanel: UV_360nm raw data uzunluk uyumsuzluğu (timestamps: 6, data: 2)
2026-02-26 00:11:25 - spektroskopi - WARNING - RealTimePanel: UV_360nm calibrated data uzunluk uyumsuzluğu (timestamps: 6, data: 2)
2026-02-26 00:11:25 - spektroskopi - WARNING - RealTimePanel: Blue_450nm raw data uzunluk uyumsuzluğu (timestamps: 6, data: 2)
2026-02-26 00:11:25 - spektroskopi - WARNING - RealTimePanel: Blue_450nm calibrated data uzunluk uyumsuzluğu (timestamps: 6, data: 2)
2026-02-26 00:11:25 - spektroskopi - WARNING - RealTimePanel: IR_850nm raw data uzunluk uyumsuzluğu (timestamps: 6, data: 2)
2026-02-26 00:11:25 - spektroskopi - WARNING - RealTimePanel: IR_850nm calibrated data uzunluk uyumsuzluğu (timestamps: 6, data: 2)
2026-02-26 00:11:25 - spektroskopi - INFO - Raspberry Pi'dan veri alındı: 6e400003-b5a3-f393-e0a9-e50e24dcca9e (Handle: 8): Nordic UART TX, uzunluk: 2
2026-02-26 00:11:25 - spektroskopi - INFO - Raspberry Pi verisi: Ham=526, Voltaj=526.000V
2026-02-26 00:11:25 - spektroskopi - INFO - Raspberry Pi verisi işlendi: SENSOR_5 = 526.000V
2026-02-26 00:11:25 - spektroskopi - INFO - Raspberry Pi'dan veri alındı: 6e400002-b5a3-f393-e0a9-e50e24dcca9e (Handle: 19): Nordic UART RX, uzunluk: 2
2026-02-26 00:11:25 - spektroskopi - INFO - Raspberry Pi verisi: Ham=737, Voltaj=737.000V
2026-02-26 00:11:25 - spektroskopi - INFO - Raspberry Pi verisi işlendi: SENSOR_2 = 737.000V
2026-02-26 00:11:26 - spektroskopi - INFO - Raspberry Pi'dan veri alındı: 6e400005-b5a3-f393-e0a9-e50e24dcca9e (Handle: 16): Unknown, uzunluk: 2
2026-02-26 00:11:26 - spektroskopi - INFO - Raspberry Pi verisi: Ham=1050, Voltaj=1050.000V
2026-02-26 00:11:26 - spektroskopi - INFO - Raspberry Pi verisi işlendi: SENSOR_EXTRA = 1050.000V
2026-02-26 00:11:26 - spektroskopi - INFO - Raspberry Pi'dan veri alındı: 6e400004-b5a3-f393-e0a9-e50e24dcca9e (Handle: 11): Unknown, uzunluk: 2
2026-02-26 00:11:26 - spektroskopi - INFO - Raspberry Pi verisi: Ham=341, Voltaj=341.000V
2026-02-26 00:11:26 - spektroskopi - INFO - Raspberry Pi verisi işlendi: SENSOR_7 = 341.000V
2026-02-26 00:11:26 - spektroskopi - INFO - Raspberry Pi'dan veri alındı: 6e400003-b5a3-f393-e0a9-e50e24dcca9e (Handle: 8): Nordic UART TX, uzunluk: 2
2026-02-26 00:11:26 - spektroskopi - INFO - Raspberry Pi verisi: Ham=511, Voltaj=511.000V
2026-02-26 00:11:26 - spektroskopi - INFO - Raspberry Pi verisi işlendi: SENSOR_5 = 511.000V
2026-02-26 00:11:26 - spektroskopi - WARNING - Zaman sıralama düzeltildi (averaged): 2026-02-26 00:11:26.558329
2026-02-26 00:11:26 - spektroskopi - WARNING - Zaman sıralama düzeltildi (averaged): 2026-02-26 00:11:26.559329
2026-02-26 00:11:26 - spektroskopi - WARNING - Zaman sıralama düzeltildi (averaged): 2026-02-26 00:11:26.560329
2026-02-26 00:11:26 - spektroskopi - WARNING - Zaman sıralama düzeltildi (averaged): 2026-02-26 00:11:26.561329
2026-02-26 00:11:26 - spektroskopi - WARNING - Zaman sıralama düzeltildi (averaged): 2026-02-26 00:11:26.562329
2026-02-26 00:11:26 - spektroskopi - WARNING - RealTimePanel: UV_360nm raw data uzunluk uyumsuzluğu (timestamps: 16, data: 4)
2026-02-26 00:11:26 - spektroskopi - WARNING - RealTimePanel: UV_360nm calibrated data uzunluk uyumsuzluğu (timestamps: 16, data: 4)
2026-02-26 00:11:26 - spektroskopi - WARNING - RealTimePanel: Blue_450nm raw data uzunluk uyumsuzluğu (timestamps: 16, data: 4)
2026-02-26 00:11:26 - spektroskopi - WARNING - RealTimePanel: Blue_450nm calibrated data uzunluk uyumsuzluğu (timestamps: 16, data: 4)
2026-02-26 00:11:26 - spektroskopi - WARNING - RealTimePanel: IR_850nm raw data uzunluk uyumsuzluğu (timestamps: 16, data: 4)
2026-02-26 00:11:26 - spektroskopi - WARNING - RealTimePanel: IR_850nm calibrated data uzunluk uyumsuzluğu (timestamps: 16, data: 4)
2026-02-26 00:11:26 - spektroskopi - WARNING - RealTimePanel: IR_940nm raw data uzunluk uyumsuzluğu (timestamps: 16, data: 4)
2026-02-26 00:11:26 - spektroskopi - WARNING - RealTimePanel: IR_940nm calibrated data uzunluk uyumsuzluğu (timestamps: 16, data: 4)
2026-02-26 00:11:26 - spektroskopi - INFO - Raspberry Pi'dan veri alındı: 6e400002-b5a3-f393-e0a9-e50e24dcca9e (Handle: 19): Nordic UART RX, uzunluk: 2
2026-02-26 00:11:26 - spektroskopi - INFO - Raspberry Pi verisi: Ham=756, Voltaj=756.000V
2026-02-26 00:11:26 - spektroskopi - INFO - Raspberry Pi verisi işlendi: SENSOR_2 = 756.000V
2026-02-26 00:11:26 - spektroskopi - INFO - Raspberry Pi'dan veri alındı: 6e400005-b5a3-f393-e0a9-e50e24dcca9e (Handle: 16): Unknown, uzunluk: 2
2026-02-26 00:11:26 - spektroskopi - INFO - Raspberry Pi verisi: Ham=1050, Voltaj=1050.000V
2026-02-26 00:11:26 - spektroskopi - INFO - Raspberry Pi verisi işlendi: SENSOR_EXTRA = 1050.000V
2026-02-26 00:11:27 - spektroskopi - INFO - Raspberry Pi'dan veri alındı: 6e400004-b5a3-f393-e0a9-e50e24dcca9e (Handle: 11): Unknown, uzunluk: 2
2026-02-26 00:11:27 - spektroskopi - INFO - Raspberry Pi verisi: Ham=340, Voltaj=340.000V
2026-02-26 00:11:27 - spektroskopi - INFO - Raspberry Pi verisi işlendi: SENSOR_7 = 340.000V
2026-02-26 00:11:27 - spektroskopi - INFO - Raspberry Pi'dan veri alındı: 6e400003-b5a3-f393-e0a9-e50e24dcca9e (Handle: 8): Nordic UART TX, uzunluk: 2
2026-02-26 00:11:27 - spektroskopi - INFO - Raspberry Pi verisi: Ham=578, Voltaj=578.000V
2026-02-26 00:11:27 - spektroskopi - INFO - Raspberry Pi verisi işlendi: SENSOR_5 = 578.000V
2026-02-26 00:11:27 - spektroskopi - INFO - Raspberry Pi'dan veri alındı: 6e400002-b5a3-f393-e0a9-e50e24dcca9e (Handle: 19): Nordic UART RX, uzunluk: 2
2026-02-26 00:11:27 - spektroskopi - INFO - Raspberry Pi verisi: Ham=971, Voltaj=971.000V
2026-02-26 00:11:27 - spektroskopi - INFO - Raspberry Pi verisi işlendi: SENSOR_2 = 971.000V
2026-02-26 00:11:27 - spektroskopi - WARNING - Zaman sıralama düzeltildi (averaged): 2026-02-26 00:11:27.550307
2026-02-26 00:11:27 - spektroskopi - WARNING - Zaman sıralama düzeltildi (averaged): 2026-02-26 00:11:27.551307
2026-02-26 00:11:27 - spektroskopi - WARNING - Zaman sıralama düzeltildi (averaged): 2026-02-26 00:11:27.552307
2026-02-26 00:11:27 - spektroskopi - WARNING - Zaman sıralama düzeltildi (averaged): 2026-02-26 00:11:27.553307
2026-02-26 00:11:27 - spektroskopi - WARNING - Zaman sıralama düzeltildi (averaged): 2026-02-26 00:11:27.554307
2026-02-26 00:11:27 - spektroskopi - WARNING - RealTimePanel: UV_360nm raw data uzunluk uyumsuzluğu (timestamps: 26, data: 8)
2026-02-26 00:11:27 - spektroskopi - WARNING - RealTimePanel: UV_360nm calibrated data uzunluk uyumsuzluğu (timestamps: 26, data: 8)
2026-02-26 00:11:27 - spektroskopi - WARNING - RealTimePanel: Blue_450nm raw data uzunluk uyumsuzluğu (timestamps: 26, data: 6)
2026-02-26 00:11:27 - spektroskopi - WARNING - RealTimePanel: Blue_450nm calibrated data uzunluk uyumsuzluğu (timestamps: 26, data: 6)
2026-02-26 00:11:27 - spektroskopi - WARNING - RealTimePanel: IR_850nm raw data uzunluk uyumsuzluğu (timestamps: 26, data: 6)
2026-02-26 00:11:27 - spektroskopi - WARNING - RealTimePanel: IR_850nm calibrated data uzunluk uyumsuzluğu (timestamps: 26, data: 6)
2026-02-26 00:11:27 - spektroskopi - WARNING - RealTimePanel: IR_940nm raw data uzunluk uyumsuzluğu (timestamps: 26, data: 6)
2026-02-26 00:11:27 - spektroskopi - WARNING - RealTimePanel: IR_940nm calibrated data uzunluk uyumsuzluğu (timestamps: 26, data: 6)
2026-02-26 00:11:27 - spektroskopi - INFO - Raspberry Pi'dan veri alındı: 6e400005-b5a3-f393-e0a9-e50e24dcca9e (Handle: 16): Unknown, uzunluk: 2
2026-02-26 00:11:27 - spektroskopi - INFO - Raspberry Pi verisi: Ham=1256, Voltaj=1256.000V
2026-02-26 00:11:27 - spektroskopi - INFO - Raspberry Pi verisi işlendi: SENSOR_EXTRA = 1256.000V
2026-02-26 00:11:28 - spektroskopi - INFO - Raspberry Pi'dan veri alındı: 6e400004-b5a3-f393-e0a9-e50e24dcca9e (Handle: 11): Unknown, uzunluk: 2
2026-02-26 00:11:28 - spektroskopi - INFO - Raspberry Pi verisi: Ham=367, Voltaj=367.000V
2026-02-26 00:11:28 - spektroskopi - INFO - Raspberry Pi verisi işlendi: SENSOR_7 = 367.000V
2026-02-26 00:11:28 - spektroskopi - INFO - Raspberry Pi'dan veri alındı: 6e400003-b5a3-f393-e0a9-e50e24dcca9e (Handle: 8): Nordic UART TX, uzunluk: 2
2026-02-26 00:11:28 - spektroskopi - INFO - Raspberry Pi verisi: Ham=558, Voltaj=558.000V
2026-02-26 00:11:28 - spektroskopi - INFO - Raspberry Pi verisi işlendi: SENSOR_5 = 558.000V
2026-02-26 00:11:28 - spektroskopi - INFO - Raspberry Pi'dan veri alındı: 6e400002-b5a3-f393-e0a9-e50e24dcca9e (Handle: 19): Nordic UART RX, uzunluk: 2
2026-02-26 00:11:28 - spektroskopi - INFO - Raspberry Pi verisi: Ham=953, Voltaj=953.000V
2026-02-26 00:11:28 - spektroskopi - INFO - Raspberry Pi verisi işlendi: SENSOR_2 = 953.000V
2026-02-26 00:11:28 - spektroskopi - WARNING - Zaman sıralama düzeltildi (averaged): 2026-02-26 00:11:28.418233
2026-02-26 00:11:28 - spektroskopi - WARNING - Zaman sıralama düzeltildi (averaged): 2026-02-26 00:11:28.419233
2026-02-26 00:11:28 - spektroskopi - WARNING - Zaman sıralama düzeltildi (averaged): 2026-02-26 00:11:28.420233
2026-02-26 00:11:28 - spektroskopi - WARNING - Zaman sıralama düzeltildi (averaged): 2026-02-26 00:11:28.421233
2026-02-26 00:11:28 - spektroskopi - WARNING - RealTimePanel: UV_360nm raw data uzunluk uyumsuzluğu (timestamps: 34, data: 10)
2026-02-26 00:11:28 - spektroskopi - WARNING - RealTimePanel: UV_360nm calibrated data uzunluk uyumsuzluğu (timestamps: 34, data: 10)
2026-02-26 00:11:28 - spektroskopi - WARNING - RealTimePanel: Blue_450nm raw data uzunluk uyumsuzluğu (timestamps: 34, data: 8)
2026-02-26 00:11:28 - spektroskopi - WARNING - RealTimePanel: Blue_450nm calibrated data uzunluk uyumsuzluğu (timestamps: 34, data: 8)
2026-02-26 00:11:28 - spektroskopi - WARNING - RealTimePanel: IR_850nm raw data uzunluk uyumsuzluğu (timestamps: 34, data: 8)
2026-02-26 00:11:28 - spektroskopi - WARNING - RealTimePanel: IR_850nm calibrated data uzunluk uyumsuzluğu (timestamps: 34, data: 8)
2026-02-26 00:11:28 - spektroskopi - WARNING - RealTimePanel: IR_940nm raw data uzunluk uyumsuzluğu (timestamps: 34, data: 8)
2026-02-26 00:11:28 - spektroskopi - WARNING - RealTimePanel: IR_940nm calibrated data uzunluk uyumsuzluğu (timestamps: 34, data: 8)
2026-02-26 00:11:28 - spektroskopi - INFO - Raspberry Pi'dan veri alındı: 6e400005-b5a3-f393-e0a9-e50e24dcca9e (Handle: 16): Unknown, uzunluk: 2
2026-02-26 00:11:28 - spektroskopi - INFO - Raspberry Pi verisi: Ham=1295, Voltaj=1295.000V
2026-02-26 00:11:28 - spektroskopi - INFO - Raspberry Pi verisi işlendi: SENSOR_EXTRA = 1295.000V
2026-02-26 00:11:28 - spektroskopi - INFO - Raspberry Pi'dan veri alındı: 6e400004-b5a3-f393-e0a9-e50e24dcca9e (Handle: 11): Unknown, uzunluk: 2
2026-02-26 00:11:28 - spektroskopi - INFO - Raspberry Pi verisi: Ham=236, Voltaj=236.000V
2026-02-26 00:11:28 - spektroskopi - INFO - Raspberry Pi verisi işlendi: SENSOR_7 = 236.000V
2026-02-26 00:11:29 - spektroskopi - INFO - Raspberry Pi'dan veri alındı: 6e400003-b5a3-f393-e0a9-e50e24dcca9e (Handle: 8): Nordic UART TX, uzunluk: 2
2026-02-26 00:11:29 - spektroskopi - INFO - Raspberry Pi verisi: Ham=272, Voltaj=272.000V
2026-02-26 00:11:29 - spektroskopi - INFO - Raspberry Pi verisi işlendi: SENSOR_5 = 272.000V
2026-02-26 00:11:29 - spektroskopi - INFO - Raspberry Pi'dan veri alındı: 6e400002-b5a3-f393-e0a9-e50e24dcca9e (Handle: 19): Nordic UART RX, uzunluk: 2
2026-02-26 00:11:29 - spektroskopi - INFO - Raspberry Pi verisi: Ham=873, Voltaj=873.000V
2026-02-26 00:11:29 - spektroskopi - INFO - Raspberry Pi verisi işlendi: SENSOR_2 = 873.000V
2026-02-26 00:11:29 - spektroskopi - INFO - Raspberry Pi'dan veri alındı: 6e400005-b5a3-f393-e0a9-e50e24dcca9e (Handle: 16): Unknown, uzunluk: 2
2026-02-26 00:11:29 - spektroskopi - INFO - Raspberry Pi verisi: Ham=1229, Voltaj=1229.000V
2026-02-26 00:11:29 - spektroskopi - INFO - Raspberry Pi verisi işlendi: SENSOR_EXTRA = 1229.000V
2026-02-26 00:11:29 - spektroskopi - WARNING - Zaman sıralama düzeltildi (averaged): 2026-02-26 00:11:29.558242
2026-02-26 00:11:29 - spektroskopi - WARNING - Zaman sıralama düzeltildi (averaged): 2026-02-26 00:11:29.559242
2026-02-26 00:11:29 - spektroskopi - WARNING - Zaman sıralama düzeltildi (averaged): 2026-02-26 00:11:29.560242
2026-02-26 00:11:29 - spektroskopi - WARNING - Zaman sıralama düzeltildi (averaged): 2026-02-26 00:11:29.561242
2026-02-26 00:11:29 - spektroskopi - WARNING - Zaman sıralama düzeltildi (averaged): 2026-02-26 00:11:29.562242
2026-02-26 00:11:29 - spektroskopi - WARNING - RealTimePanel: UV_360nm raw data uzunluk uyumsuzluğu (timestamps: 44, data: 12)
2026-02-26 00:11:29 - spektroskopi - WARNING - RealTimePanel: UV_360nm calibrated data uzunluk uyumsuzluğu (timestamps: 44, data: 12)
2026-02-26 00:11:29 - spektroskopi - WARNING - RealTimePanel: Blue_450nm raw data uzunluk uyumsuzluğu (timestamps: 44, data: 12)
2026-02-26 00:11:29 - spektroskopi - WARNING - RealTimePanel: Blue_450nm calibrated data uzunluk uyumsuzluğu (timestamps: 44, data: 12)
2026-02-26 00:11:29 - spektroskopi - WARNING - RealTimePanel: IR_850nm raw data uzunluk uyumsuzluğu (timestamps: 44, data: 10)
2026-02-26 00:11:29 - spektroskopi - WARNING - RealTimePanel: IR_850nm calibrated data uzunluk uyumsuzluğu (timestamps: 44, data: 10)
2026-02-26 00:11:29 - spektroskopi - WARNING - RealTimePanel: IR_940nm raw data uzunluk uyumsuzluğu (timestamps: 44, data: 10)
2026-02-26 00:11:29 - spektroskopi - WARNING - RealTimePanel: IR_940nm calibrated data uzunluk uyumsuzluğu (timestamps: 44, data: 10)
2026-02-26 00:11:29 - spektroskopi - INFO - Raspberry Pi'dan veri alındı: 6e400004-b5a3-f393-e0a9-e50e24dcca9e (Handle: 11): Unknown, uzunluk: 2
2026-02-26 00:11:29 - spektroskopi - INFO - Raspberry Pi verisi: Ham=304, Voltaj=304.000V
2026-02-26 00:11:29 - spektroskopi - INFO - Raspberry Pi verisi işlendi: SENSOR_7 = 304.000V
2026-02-26 00:11:30 - spektroskopi - INFO - Raspberry Pi'dan veri alındı: 6e400003-b5a3-f393-e0a9-e50e24dcca9e (Handle: 8): Nordic UART TX, uzunluk: 2
2026-02-26 00:11:30 - spektroskopi - INFO - Raspberry Pi verisi: Ham=352, Voltaj=352.000V
2026-02-26 00:11:30 - spektroskopi - INFO - Raspberry Pi verisi işlendi: SENSOR_5 = 352.000V
2026-02-26 00:11:30 - spektroskopi - INFO - Raspberry Pi'dan veri alındı: 6e400002-b5a3-f393-e0a9-e50e24dcca9e (Handle: 19): Nordic UART RX, uzunluk: 2
2026-02-26 00:11:30 - spektroskopi - INFO - Raspberry Pi verisi: Ham=983, Voltaj=983.000V
2026-02-26 00:11:30 - spektroskopi - INFO - Raspberry Pi verisi işlendi: SENSOR_2 = 983.000V
2026-02-26 00:11:30 - spektroskopi - INFO - Raspberry Pi'dan veri alındı: 6e400005-b5a3-f393-e0a9-e50e24dcca9e (Handle: 16): Unknown, uzunluk: 2
2026-02-26 00:11:30 - spektroskopi - INFO - Raspberry Pi verisi: Ham=980, Voltaj=980.000V
2026-02-26 00:11:30 - spektroskopi - INFO - Raspberry Pi verisi işlendi: SENSOR_EXTRA = 980.000V
2026-02-26 00:11:30 - spektroskopi - WARNING - Zaman sıralama düzeltildi (averaged): 2026-02-26 00:11:30.457993
2026-02-26 00:11:30 - spektroskopi - WARNING - Zaman sıralama düzeltildi (averaged): 2026-02-26 00:11:30.458993
2026-02-26 00:11:30 - spektroskopi - WARNING - Zaman sıralama düzeltildi (averaged): 2026-02-26 00:11:30.459993
2026-02-26 00:11:30 - spektroskopi - WARNING - Zaman sıralama düzeltildi (averaged): 2026-02-26 00:11:30.460993
2026-02-26 00:11:30 - spektroskopi - WARNING - RealTimePanel: UV_360nm raw data uzunluk uyumsuzluğu (timestamps: 52, data: 14)
2026-02-26 00:11:30 - spektroskopi - WARNING - RealTimePanel: UV_360nm calibrated data uzunluk uyumsuzluğu (timestamps: 52, data: 14)
2026-02-26 00:11:30 - spektroskopi - WARNING - RealTimePanel: Blue_450nm raw data uzunluk uyumsuzluğu (timestamps: 52, data: 14)
2026-02-26 00:11:30 - spektroskopi - WARNING - RealTimePanel: Blue_450nm calibrated data uzunluk uyumsuzluğu (timestamps: 52, data: 14)
2026-02-26 00:11:30 - spektroskopi - WARNING - RealTimePanel: IR_850nm raw data uzunluk uyumsuzluğu (timestamps: 52, data: 12)
2026-02-26 00:11:30 - spektroskopi - WARNING - RealTimePanel: IR_850nm calibrated data uzunluk uyumsuzluğu (timestamps: 52, data: 12)
2026-02-26 00:11:30 - spektroskopi - WARNING - RealTimePanel: IR_940nm raw data uzunluk uyumsuzluğu (timestamps: 52, data: 12)
2026-02-26 00:11:30 - spektroskopi - WARNING - RealTimePanel: IR_940nm calibrated data uzunluk uyumsuzluğu (timestamps: 52, data: 12)
2026-02-26 00:11:30 - spektroskopi - INFO - Raspberry Pi'dan veri alındı: 6e400004-b5a3-f393-e0a9-e50e24dcca9e (Handle: 11): Unknown, uzunluk: 2
2026-02-26 00:11:30 - spektroskopi - INFO - Raspberry Pi verisi: Ham=317, Voltaj=317.000V
2026-02-26 00:11:30 - spektroskopi - INFO - Raspberry Pi verisi işlendi: SENSOR_7 = 317.000V
2026-02-26 00:11:30 - spektroskopi - INFO - Raspberry Pi'dan veri alındı: 6e400003-b5a3-f393-e0a9-e50e24dcca9e (Handle: 8): Nordic UART TX, uzunluk: 2
2026-02-26 00:11:30 - spektroskopi - INFO - Raspberry Pi verisi: Ham=268, Voltaj=268.000V
2026-02-26 00:11:30 - spektroskopi - INFO - Raspberry Pi verisi işlendi: SENSOR_5 = 268.000V
2026-02-26 00:11:31 - spektroskopi - INFO - Raspberry Pi'dan veri alındı: 6e400002-b5a3-f393-e0a9-e50e24dcca9e (Handle: 19): Nordic UART RX, uzunluk: 2
2026-02-26 00:11:31 - spektroskopi - INFO - Raspberry Pi verisi: Ham=908, Voltaj=908.000V
2026-02-26 00:11:31 - spektroskopi - INFO - Raspberry Pi verisi işlendi: SENSOR_2 = 908.000V
2026-02-26 00:11:31 - spektroskopi - INFO - Raspberry Pi'dan veri alındı: 6e400005-b5a3-f393-e0a9-e50e24dcca9e (Handle: 16): Unknown, uzunluk: 2
2026-02-26 00:11:31 - spektroskopi - INFO - Raspberry Pi verisi: Ham=1173, Voltaj=1173.000V
2026-02-26 00:11:31 - spektroskopi - INFO - Raspberry Pi verisi işlendi: SENSOR_EXTRA = 1173.000V
2026-02-26 00:11:31 - spektroskopi - INFO - Raspberry Pi'dan veri alındı: 6e400004-b5a3-f393-e0a9-e50e24dcca9e (Handle: 11): Unknown, uzunluk: 2
2026-02-26 00:11:31 - spektroskopi - INFO - Raspberry Pi verisi: Ham=273, Voltaj=273.000V
2026-02-26 00:11:31 - spektroskopi - INFO - Raspberry Pi verisi işlendi: SENSOR_7 = 273.000V
2026-02-26 00:11:31 - spektroskopi - WARNING - Zaman sıralama düzeltildi (averaged): 2026-02-26 00:11:31.598289
2026-02-26 00:11:31 - spektroskopi - WARNING - Zaman sıralama düzeltildi (averaged): 2026-02-26 00:11:31.599289
2026-02-26 00:11:31 - spektroskopi - WARNING - Zaman sıralama düzeltildi (averaged): 2026-02-26 00:11:31.600289
2026-02-26 00:11:31 - spektroskopi - WARNING - Zaman sıralama düzeltildi (averaged): 2026-02-26 00:11:31.601289
2026-02-26 00:11:31 - spektroskopi - WARNING - Zaman sıralama düzeltildi (averaged): 2026-02-26 00:11:31.602289
2026-02-26 00:11:31 - spektroskopi - WARNING - RealTimePanel: UV_360nm raw data uzunluk uyumsuzluğu (timestamps: 62, data: 16)
2026-02-26 00:11:31 - spektroskopi - WARNING - RealTimePanel: UV_360nm calibrated data uzunluk uyumsuzluğu (timestamps: 62, data: 16)
2026-02-26 00:11:31 - spektroskopi - WARNING - RealTimePanel: Blue_450nm raw data uzunluk uyumsuzluğu (timestamps: 62, data: 16)
2026-02-26 00:11:31 - spektroskopi - WARNING - RealTimePanel: Blue_450nm calibrated data uzunluk uyumsuzluğu (timestamps: 62, data: 16)
2026-02-26 00:11:31 - spektroskopi - WARNING - RealTimePanel: IR_850nm raw data uzunluk uyumsuzluğu (timestamps: 62, data: 16)
2026-02-26 00:11:31 - spektroskopi - WARNING - RealTimePanel: IR_850nm calibrated data uzunluk uyumsuzluğu (timestamps: 62, data: 16)
2026-02-26 00:11:31 - spektroskopi - WARNING - RealTimePanel: IR_940nm raw data uzunluk uyumsuzluğu (timestamps: 62, data: 14)
2026-02-26 00:11:31 - spektroskopi - WARNING - RealTimePanel: IR_940nm calibrated data uzunluk uyumsuzluğu (timestamps: 62, data: 14)
2026-02-26 00:11:31 - spektroskopi - INFO - Raspberry Pi'dan veri alındı: 6e400003-b5a3-f393-e0a9-e50e24dcca9e (Handle: 8): Nordic UART TX, uzunluk: 2
2026-02-26 00:11:31 - spektroskopi - INFO - Raspberry Pi verisi: Ham=209, Voltaj=209.000V
2026-02-26 00:11:31 - spektroskopi - INFO - Raspberry Pi verisi işlendi: SENSOR_5 = 209.000V
2026-02-26 00:11:31 - spektroskopi - INFO - Raspberry Pi'dan veri alındı: 6e400002-b5a3-f393-e0a9-e50e24dcca9e (Handle: 19): Nordic UART RX, uzunluk: 2
2026-02-26 00:11:31 - spektroskopi - INFO - Raspberry Pi verisi: Ham=855, Voltaj=855.000V
2026-02-26 00:11:31 - spektroskopi - INFO - Raspberry Pi verisi işlendi: SENSOR_2 = 855.000V
2026-02-26 00:11:32 - spektroskopi - INFO - Raspberry Pi'dan veri alındı: 6e400005-b5a3-f393-e0a9-e50e24dcca9e (Handle: 16): Unknown, uzunluk: 2
2026-02-26 00:11:32 - spektroskopi - INFO - Raspberry Pi verisi: Ham=1174, Voltaj=1174.000V
2026-02-26 00:11:32 - spektroskopi - INFO - Raspberry Pi verisi işlendi: SENSOR_EXTRA = 1174.000V
2026-02-26 00:11:32 - spektroskopi - INFO - Raspberry Pi'dan veri alındı: 6e400004-b5a3-f393-e0a9-e50e24dcca9e (Handle: 11): Unknown, uzunluk: 2
2026-02-26 00:11:32 - spektroskopi - INFO - Raspberry Pi verisi: Ham=259, Voltaj=259.000V
2026-02-26 00:11:32 - spektroskopi - INFO - Raspberry Pi verisi işlendi: SENSOR_7 = 259.000V
2026-02-26 00:11:32 - spektroskopi - WARNING - Zaman sıralama düzeltildi (averaged): 2026-02-26 00:11:32.467832
2026-02-26 00:11:32 - spektroskopi - WARNING - Zaman sıralama düzeltildi (averaged): 2026-02-26 00:11:32.468832
2026-02-26 00:11:32 - spektroskopi - WARNING - Zaman sıralama düzeltildi (averaged): 2026-02-26 00:11:32.469832
2026-02-26 00:11:32 - spektroskopi - WARNING - Zaman sıralama düzeltildi (averaged): 2026-02-26 00:11:32.470832
2026-02-26 00:11:32 - spektroskopi - WARNING - RealTimePanel: UV_360nm raw data uzunluk uyumsuzluğu (timestamps: 70, data: 18)
2026-02-26 00:11:32 - spektroskopi - WARNING - RealTimePanel: UV_360nm calibrated data uzunluk uyumsuzluğu (timestamps: 70, data: 18)
2026-02-26 00:11:32 - spektroskopi - WARNING - RealTimePanel: Blue_450nm raw data uzunluk uyumsuzluğu (timestamps: 70, data: 18)
2026-02-26 00:11:32 - spektroskopi - WARNING - RealTimePanel: Blue_450nm calibrated data uzunluk uyumsuzluğu (timestamps: 70, data: 18)
2026-02-26 00:11:32 - spektroskopi - WARNING - RealTimePanel: IR_850nm raw data uzunluk uyumsuzluğu (timestamps: 70, data: 18)
2026-02-26 00:11:32 - spektroskopi - WARNING - RealTimePanel: IR_850nm calibrated data uzunluk uyumsuzluğu (timestamps: 70, data: 18)
2026-02-26 00:11:32 - spektroskopi - WARNING - RealTimePanel: IR_940nm raw data uzunluk uyumsuzluğu (timestamps: 70, data: 16)
2026-02-26 00:11:32 - spektroskopi - WARNING - RealTimePanel: IR_940nm calibrated data uzunluk uyumsuzluğu (timestamps: 70, data: 16)
2026-02-26 00:11:32 - spektroskopi - INFO - Raspberry Pi'dan veri alındı: 6e400003-b5a3-f393-e0a9-e50e24dcca9e (Handle: 8): Nordic UART TX, uzunluk: 2
2026-02-26 00:11:32 - spektroskopi - INFO - Raspberry Pi verisi: Ham=207, Voltaj=207.000V
2026-02-26 00:11:32 - spektroskopi - INFO - Raspberry Pi verisi işlendi: SENSOR_5 = 207.000V
2026-02-26 00:11:32 - spektroskopi - INFO - Raspberry Pi'dan veri alındı: 6e400002-b5a3-f393-e0a9-e50e24dcca9e (Handle: 19): Nordic UART RX, uzunluk: 2
2026-02-26 00:11:32 - spektroskopi - INFO - Raspberry Pi verisi: Ham=854, Voltaj=854.000V
2026-02-26 00:11:32 - spektroskopi - INFO - Raspberry Pi verisi işlendi: SENSOR_2 = 854.000V
2026-02-26 00:11:33 - spektroskopi - INFO - Raspberry Pi'dan veri alındı: 6e400005-b5a3-f393-e0a9-e50e24dcca9e (Handle: 16): Unknown, uzunluk: 2
2026-02-26 00:11:33 - spektroskopi - INFO - Raspberry Pi verisi: Ham=1166, Voltaj=1166.000V
2026-02-26 00:11:33 - spektroskopi - INFO - Raspberry Pi verisi işlendi: SENSOR_EXTRA = 1166.000V
2026-02-26 00:11:33 - spektroskopi - INFO - Raspberry Pi'dan veri alındı: 6e400004-b5a3-f393-e0a9-e50e24dcca9e (Handle: 11): Unknown, uzunluk: 2
2026-02-26 00:11:33 - spektroskopi - INFO - Raspberry Pi verisi: Ham=244, Voltaj=244.000V
2026-02-26 00:11:33 - spektroskopi - INFO - Raspberry Pi verisi işlendi: SENSOR_7 = 244.000V
2026-02-26 00:11:33 - spektroskopi - INFO - Raspberry Pi'dan veri alındı: 6e400003-b5a3-f393-e0a9-e50e24dcca9e (Handle: 8): Nordic UART TX, uzunluk: 2
2026-02-26 00:11:33 - spektroskopi - INFO - Raspberry Pi verisi: Ham=200, Voltaj=200.000V
2026-02-26 00:11:33 - spektroskopi - INFO - Raspberry Pi verisi işlendi: SENSOR_5 = 200.000V
2026-02-26 00:11:33 - spektroskopi - WARNING - Zaman sıralama düzeltildi (averaged): 2026-02-26 00:11:33.608227
2026-02-26 00:11:33 - spektroskopi - WARNING - Zaman sıralama düzeltildi (averaged): 2026-02-26 00:11:33.609227
2026-02-26 00:11:33 - spektroskopi - WARNING - Zaman sıralama düzeltildi (averaged): 2026-02-26 00:11:33.610227
2026-02-26 00:11:33 - spektroskopi - WARNING - Zaman sıralama düzeltildi (averaged): 2026-02-26 00:11:33.611227
2026-02-26 00:11:33 - spektroskopi - WARNING - Zaman sıralama düzeltildi (averaged): 2026-02-26 00:11:33.612227
2026-02-26 00:11:33 - spektroskopi - WARNING - RealTimePanel: UV_360nm raw data uzunluk uyumsuzluğu (timestamps: 80, data: 20)
2026-02-26 00:11:33 - spektroskopi - WARNING - RealTimePanel: UV_360nm calibrated data uzunluk uyumsuzluğu (timestamps: 80, data: 20)
2026-02-26 00:11:33 - spektroskopi - WARNING - RealTimePanel: Blue_450nm raw data uzunluk uyumsuzluğu (timestamps: 80, data: 20)
2026-02-26 00:11:33 - spektroskopi - WARNING - RealTimePanel: Blue_450nm calibrated data uzunluk uyumsuzluğu (timestamps: 80, data: 20)
2026-02-26 00:11:33 - spektroskopi - WARNING - RealTimePanel: IR_850nm raw data uzunluk uyumsuzluğu (timestamps: 80, data: 20)
2026-02-26 00:11:33 - spektroskopi - WARNING - RealTimePanel: IR_850nm calibrated data uzunluk uyumsuzluğu (timestamps: 80, data: 20)
2026-02-26 00:11:33 - spektroskopi - WARNING - RealTimePanel: IR_940nm raw data uzunluk uyumsuzluğu (timestamps: 80, data: 20)
2026-02-26 00:11:33 - spektroskopi - WARNING - RealTimePanel: IR_940nm calibrated data uzunluk uyumsuzluğu (timestamps: 80, data: 20)
2026-02-26 00:11:33 - spektroskopi - INFO - Raspberry Pi'dan veri alındı: 6e400002-b5a3-f393-e0a9-e50e24dcca9e (Handle: 19): Nordic UART RX, uzunluk: 2
2026-02-26 00:11:33 - spektroskopi - INFO - Raspberry Pi verisi: Ham=870, Voltaj=870.000V
2026-02-26 00:11:33 - spektroskopi - INFO - Raspberry Pi verisi işlendi: SENSOR_2 = 870.000V
2026-02-26 00:11:33 - spektroskopi - INFO - Raspberry Pi'dan veri alındı: 6e400005-b5a3-f393-e0a9-e50e24dcca9e (Handle: 16): Unknown, uzunluk: 2
2026-02-26 00:11:33 - spektroskopi - INFO - Raspberry Pi verisi: Ham=1156, Voltaj=1156.000V
2026-02-26 00:11:33 - spektroskopi - INFO - Raspberry Pi verisi işlendi: SENSOR_EXTRA = 1156.000V
2026-02-26 00:11:34 - spektroskopi - INFO - Raspberry Pi'dan veri alındı: 6e400004-b5a3-f393-e0a9-e50e24dcca9e (Handle: 11): Unknown, uzunluk: 2
2026-02-26 00:11:34 - spektroskopi - INFO - Raspberry Pi verisi: Ham=252, Voltaj=252.000V
2026-02-26 00:11:34 - spektroskopi - INFO - Raspberry Pi verisi işlendi: SENSOR_7 = 252.000V
2026-02-26 00:11:34 - spektroskopi - INFO - Raspberry Pi'dan veri alındı: 6e400003-b5a3-f393-e0a9-e50e24dcca9e (Handle: 8): Nordic UART TX, uzunluk: 2
2026-02-26 00:11:34 - spektroskopi - INFO - Raspberry Pi verisi: Ham=202, Voltaj=202.000V
2026-02-26 00:11:34 - spektroskopi - INFO - Raspberry Pi verisi işlendi: SENSOR_5 = 202.000V
2026-02-26 00:11:34 - spektroskopi - INFO - Raspberry Pi'dan veri alındı: 6e400002-b5a3-f393-e0a9-e50e24dcca9e (Handle: 19): Nordic UART RX, uzunluk: 2
2026-02-26 00:11:34 - spektroskopi - INFO - Raspberry Pi verisi: Ham=889, Voltaj=889.000V
2026-02-26 00:11:34 - spektroskopi - INFO - Raspberry Pi verisi işlendi: SENSOR_2 = 889.000V
2026-02-26 00:11:34 - spektroskopi - WARNING - Zaman sıralama düzeltildi (averaged): 2026-02-26 00:11:34.598224
2026-02-26 00:11:34 - spektroskopi - WARNING - Zaman sıralama düzeltildi (averaged): 2026-02-26 00:11:34.599224
2026-02-26 00:11:34 - spektroskopi - WARNING - Zaman sıralama düzeltildi (averaged): 2026-02-26 00:11:34.600224
2026-02-26 00:11:34 - spektroskopi - WARNING - Zaman sıralama düzeltildi (averaged): 2026-02-26 00:11:34.601224
2026-02-26 00:11:34 - spektroskopi - WARNING - Zaman sıralama düzeltildi (averaged): 2026-02-26 00:11:34.602224
2026-02-26 00:11:34 - spektroskopi - WARNING - RealTimePanel: UV_360nm raw data uzunluk uyumsuzluğu (timestamps: 90, data: 24)
2026-02-26 00:11:34 - spektroskopi - WARNING - RealTimePanel: UV_360nm calibrated data uzunluk uyumsuzluğu (timestamps: 90, data: 24)
2026-02-26 00:11:34 - spektroskopi - WARNING - RealTimePanel: Blue_450nm raw data uzunluk uyumsuzluğu (timestamps: 90, data: 22)
2026-02-26 00:11:34 - spektroskopi - WARNING - RealTimePanel: Blue_450nm calibrated data uzunluk uyumsuzluğu (timestamps: 90, data: 22)
2026-02-26 00:11:34 - spektroskopi - WARNING - RealTimePanel: IR_850nm raw data uzunluk uyumsuzluğu (timestamps: 90, data: 22)
2026-02-26 00:11:34 - spektroskopi - WARNING - RealTimePanel: IR_850nm calibrated data uzunluk uyumsuzluğu (timestamps: 90, data: 22)
2026-02-26 00:11:34 - spektroskopi - WARNING - RealTimePanel: IR_940nm raw data uzunluk uyumsuzluğu (timestamps: 90, data: 22)
2026-02-26 00:11:34 - spektroskopi - WARNING - RealTimePanel: IR_940nm calibrated data uzunluk uyumsuzluğu (timestamps: 90, data: 22)
2026-02-26 00:11:34 - spektroskopi - INFO - Raspberry Pi'dan veri alındı: 6e400005-b5a3-f393-e0a9-e50e24dcca9e (Handle: 16): Unknown, uzunluk: 2
2026-02-26 00:11:34 - spektroskopi - INFO - Raspberry Pi verisi: Ham=1155, Voltaj=1155.000V
2026-02-26 00:11:34 - spektroskopi - INFO - Raspberry Pi verisi işlendi: SENSOR_EXTRA = 1155.000V
2026-02-26 00:11:35 - spektroskopi - INFO - Raspberry Pi'dan veri alındı: 6e400004-b5a3-f393-e0a9-e50e24dcca9e (Handle: 11): Unknown, uzunluk: 2
2026-02-26 00:11:35 - spektroskopi - INFO - Raspberry Pi verisi: Ham=238, Voltaj=238.000V
2026-02-26 00:11:35 - spektroskopi - INFO - Raspberry Pi verisi işlendi: SENSOR_7 = 238.000V
2026-02-26 00:11:35 - spektroskopi - INFO - Raspberry Pi'dan veri alındı: 6e400003-b5a3-f393-e0a9-e50e24dcca9e (Handle: 8): Nordic UART TX, uzunluk: 2
2026-02-26 00:11:35 - spektroskopi - INFO - Raspberry Pi verisi: Ham=195, Voltaj=195.000V
2026-02-26 00:11:35 - spektroskopi - INFO - Raspberry Pi verisi işlendi: SENSOR_5 = 195.000V
2026-02-26 00:11:35 - spektroskopi - INFO - Raspberry Pi'dan veri alındı: 6e400002-b5a3-f393-e0a9-e50e24dcca9e (Handle: 19): Nordic UART RX, uzunluk: 2
2026-02-26 00:11:35 - spektroskopi - INFO - Raspberry Pi verisi: Ham=879, Voltaj=879.000V
2026-02-26 00:11:35 - spektroskopi - INFO - Raspberry Pi verisi işlendi: SENSOR_2 = 879.000V
2026-02-26 00:11:35 - spektroskopi - WARNING - Zaman sıralama düzeltildi (averaged): 2026-02-26 00:11:35.468021
2026-02-26 00:11:35 - spektroskopi - WARNING - Zaman sıralama düzeltildi (averaged): 2026-02-26 00:11:35.469021
2026-02-26 00:11:35 - spektroskopi - WARNING - Zaman sıralama düzeltildi (averaged): 2026-02-26 00:11:35.470021
2026-02-26 00:11:35 - spektroskopi - WARNING - Zaman sıralama düzeltildi (averaged): 2026-02-26 00:11:35.471021
2026-02-26 00:11:35 - spektroskopi - WARNING - RealTimePanel: UV_360nm raw data uzunluk uyumsuzluğu (timestamps: 98, data: 26)
2026-02-26 00:11:35 - spektroskopi - WARNING - RealTimePanel: UV_360nm calibrated data uzunluk uyumsuzluğu (timestamps: 98, data: 26)
2026-02-26 00:11:35 - spektroskopi - WARNING - RealTimePanel: Blue_450nm raw data uzunluk uyumsuzluğu (timestamps: 98, data: 24)
2026-02-26 00:11:35 - spektroskopi - WARNING - RealTimePanel: Blue_450nm calibrated data uzunluk uyumsuzluğu (timestamps: 98, data: 24)
2026-02-26 00:11:35 - spektroskopi - WARNING - RealTimePanel: IR_850nm raw data uzunluk uyumsuzluğu (timestamps: 98, data: 24)
2026-02-26 00:11:35 - spektroskopi - WARNING - RealTimePanel: IR_850nm calibrated data uzunluk uyumsuzluğu (timestamps: 98, data: 24)
2026-02-26 00:11:35 - spektroskopi - WARNING - RealTimePanel: IR_940nm raw data uzunluk uyumsuzluğu (timestamps: 98, data: 24)
2026-02-26 00:11:35 - spektroskopi - WARNING - RealTimePanel: IR_940nm calibrated data uzunluk uyumsuzluğu (timestamps: 98, data: 24)
2026-02-26 00:11:35 - spektroskopi - INFO - Raspberry Pi'dan veri alındı: 6e400005-b5a3-f393-e0a9-e50e24dcca9e (Handle: 16): Unknown, uzunluk: 2
2026-02-26 00:11:35 - spektroskopi - INFO - Raspberry Pi verisi: Ham=1187, Voltaj=1187.000V
2026-02-26 00:11:35 - spektroskopi - INFO - Raspberry Pi verisi işlendi: SENSOR_EXTRA = 1187.000V
2026-02-26 00:11:35 - spektroskopi - INFO - Raspberry Pi'dan veri alındı: 6e400004-b5a3-f393-e0a9-e50e24dcca9e (Handle: 11): Unknown, uzunluk: 2
2026-02-26 00:11:35 - spektroskopi - INFO - Raspberry Pi verisi: Ham=216, Voltaj=216.000V
2026-02-26 00:11:35 - spektroskopi - INFO - Raspberry Pi verisi işlendi: SENSOR_7 = 216.000V
2026-02-26 00:11:36 - spektroskopi - INFO - Raspberry Pi'dan veri alındı: 6e400003-b5a3-f393-e0a9-e50e24dcca9e (Handle: 8): Nordic UART TX, uzunluk: 2
2026-02-26 00:11:36 - spektroskopi - INFO - Raspberry Pi verisi: Ham=187, Voltaj=187.000V
2026-02-26 00:11:36 - spektroskopi - INFO - Raspberry Pi verisi işlendi: SENSOR_5 = 187.000V
2026-02-26 00:11:36 - spektroskopi - INFO - Raspberry Pi'dan veri alındı: 6e400002-b5a3-f393-e0a9-e50e24dcca9e (Handle: 19): Nordic UART RX, uzunluk: 2
2026-02-26 00:11:36 - spektroskopi - INFO - Raspberry Pi verisi: Ham=895, Voltaj=895.000V
2026-02-26 00:11:36 - spektroskopi - INFO - Raspberry Pi verisi işlendi: SENSOR_2 = 895.000V
2026-02-26 00:11:36 - spektroskopi - INFO - Raspberry Pi'dan veri alındı: 6e400005-b5a3-f393-e0a9-e50e24dcca9e (Handle: 16): Unknown, uzunluk: 2
2026-02-26 00:11:36 - spektroskopi - INFO - Raspberry Pi verisi: Ham=1214, Voltaj=1214.000V
2026-02-26 00:11:36 - spektroskopi - INFO - Raspberry Pi verisi işlendi: SENSOR_EXTRA = 1214.000V
2026-02-26 00:11:36 - spektroskopi - WARNING - Zaman sıralama düzeltildi (averaged): 2026-02-26 00:11:36.608305
2026-02-26 00:11:36 - spektroskopi - WARNING - Zaman sıralama düzeltildi (averaged): 2026-02-26 00:11:36.609305
2026-02-26 00:11:36 - spektroskopi - WARNING - Zaman sıralama düzeltildi (averaged): 2026-02-26 00:11:36.610305
2026-02-26 00:11:36 - spektroskopi - WARNING - Zaman sıralama düzeltildi (averaged): 2026-02-26 00:11:36.611305
2026-02-26 00:11:36 - spektroskopi - WARNING - Zaman sıralama düzeltildi (averaged): 2026-02-26 00:11:36.612305
2026-02-26 00:11:36 - spektroskopi - WARNING - RealTimePanel: UV_360nm raw data uzunluk uyumsuzluğu (timestamps: 108, data: 28)
2026-02-26 00:11:36 - spektroskopi - WARNING - RealTimePanel: UV_360nm calibrated data uzunluk uyumsuzluğu (timestamps: 108, data: 28)
2026-02-26 00:11:36 - spektroskopi - WARNING - RealTimePanel: Blue_450nm raw data uzunluk uyumsuzluğu (timestamps: 108, data: 28)
2026-02-26 00:11:36 - spektroskopi - WARNING - RealTimePanel: Blue_450nm calibrated data uzunluk uyumsuzluğu (timestamps: 108, data: 28)
2026-02-26 00:11:36 - spektroskopi - WARNING - RealTimePanel: IR_850nm raw data uzunluk uyumsuzluğu (timestamps: 108, data: 26)
2026-02-26 00:11:36 - spektroskopi - WARNING - RealTimePanel: IR_850nm calibrated data uzunluk uyumsuzluğu (timestamps: 108, data: 26)
2026-02-26 00:11:36 - spektroskopi - WARNING - RealTimePanel: IR_940nm raw data uzunluk uyumsuzluğu (timestamps: 108, data: 26)
2026-02-26 00:11:36 - spektroskopi - WARNING - RealTimePanel: IR_940nm calibrated data uzunluk uyumsuzluğu (timestamps: 108, data: 26)
2026-02-26 00:11:36 - spektroskopi - INFO - Raspberry Pi'dan veri alındı: 6e400004-b5a3-f393-e0a9-e50e24dcca9e (Handle: 11): Unknown, uzunluk: 2
2026-02-26 00:11:36 - spektroskopi - INFO - Raspberry Pi verisi: Ham=215, Voltaj=215.000V
2026-02-26 00:11:36 - spektroskopi - INFO - Raspberry Pi verisi işlendi: SENSOR_7 = 215.000V
2026-02-26 00:11:37 - spektroskopi - INFO - Raspberry Pi'dan veri alındı: 6e400003-b5a3-f393-e0a9-e50e24dcca9e (Handle: 8): Nordic UART TX, uzunluk: 2
2026-02-26 00:11:37 - spektroskopi - INFO - Raspberry Pi verisi: Ham=189, Voltaj=189.000V
2026-02-26 00:11:37 - spektroskopi - INFO - Raspberry Pi verisi işlendi: SENSOR_5 = 189.000V
2026-02-26 00:11:37 - spektroskopi - INFO - Raspberry Pi'dan veri alındı: 6e400002-b5a3-f393-e0a9-e50e24dcca9e (Handle: 19): Nordic UART RX, uzunluk: 2
2026-02-26 00:11:37 - spektroskopi - INFO - Raspberry Pi verisi: Ham=908, Voltaj=908.000V
2026-02-26 00:11:37 - spektroskopi - INFO - Raspberry Pi verisi işlendi: SENSOR_2 = 908.000V
2026-02-26 00:11:37 - spektroskopi - INFO - Raspberry Pi'dan veri alındı: 6e400005-b5a3-f393-e0a9-e50e24dcca9e (Handle: 16): Unknown, uzunluk: 2
2026-02-26 00:11:37 - spektroskopi - INFO - Raspberry Pi verisi: Ham=1198, Voltaj=1198.000V
2026-02-26 00:11:37 - spektroskopi - INFO - Raspberry Pi verisi işlendi: SENSOR_EXTRA = 1198.000V
2026-02-26 00:11:37 - spektroskopi - WARNING - Zaman sıralama düzeltildi (averaged): 2026-02-26 00:11:37.508207
2026-02-26 00:11:37 - spektroskopi - WARNING - Zaman sıralama düzeltildi (averaged): 2026-02-26 00:11:37.509207
2026-02-26 00:11:37 - spektroskopi - WARNING - Zaman sıralama düzeltildi (averaged): 2026-02-26 00:11:37.510207
2026-02-26 00:11:37 - spektroskopi - WARNING - Zaman sıralama düzeltildi (averaged): 2026-02-26 00:11:37.511207
2026-02-26 00:11:37 - spektroskopi - WARNING - RealTimePanel: UV_360nm raw data uzunluk uyumsuzluğu (timestamps: 116, data: 30)
2026-02-26 00:11:37 - spektroskopi - WARNING - RealTimePanel: UV_360nm calibrated data uzunluk uyumsuzluğu (timestamps: 116, data: 30)
2026-02-26 00:11:37 - spektroskopi - WARNING - RealTimePanel: Blue_450nm raw data uzunluk uyumsuzluğu (timestamps: 116, data: 30)
2026-02-26 00:11:37 - spektroskopi - WARNING - RealTimePanel: Blue_450nm calibrated data uzunluk uyumsuzluğu (timestamps: 116, data: 30)
2026-02-26 00:11:37 - spektroskopi - WARNING - RealTimePanel: IR_850nm raw data uzunluk uyumsuzluğu (timestamps: 116, data: 28)
2026-02-26 00:11:37 - spektroskopi - WARNING - RealTimePanel: IR_850nm calibrated data uzunluk uyumsuzluğu (timestamps: 116, data: 28)
2026-02-26 00:11:37 - spektroskopi - WARNING - RealTimePanel: IR_940nm raw data uzunluk uyumsuzluğu (timestamps: 116, data: 28)
2026-02-26 00:11:37 - spektroskopi - WARNING - RealTimePanel: IR_940nm calibrated data uzunluk uyumsuzluğu (timestamps: 116, data: 28)
2026-02-26 00:11:37 - spektroskopi - INFO - Raspberry Pi'dan veri alındı: 6e400004-b5a3-f393-e0a9-e50e24dcca9e (Handle: 11): Unknown, uzunluk: 2
2026-02-26 00:11:37 - spektroskopi - INFO - Raspberry Pi verisi: Ham=210, Voltaj=210.000V
2026-02-26 00:11:37 - spektroskopi - INFO - Raspberry Pi verisi işlendi: SENSOR_7 = 210.000V
2026-02-26 00:11:38 - spektroskopi - INFO - Raspberry Pi'dan veri alındı: 6e400003-b5a3-f393-e0a9-e50e24dcca9e (Handle: 8): Nordic UART TX, uzunluk: 2
2026-02-26 00:11:38 - spektroskopi - INFO - Raspberry Pi verisi: Ham=189, Voltaj=189.000V
2026-02-26 00:11:38 - spektroskopi - INFO - Raspberry Pi verisi işlendi: SENSOR_5 = 189.000V
2026-02-26 00:11:38 - spektroskopi - INFO - Raspberry Pi'dan veri alındı: 6e400002-b5a3-f393-e0a9-e50e24dcca9e (Handle: 19): Nordic UART RX, uzunluk: 2
2026-02-26 00:11:38 - spektroskopi - INFO - Raspberry Pi verisi: Ham=905, Voltaj=905.000V
2026-02-26 00:11:38 - spektroskopi - INFO - Raspberry Pi verisi işlendi: SENSOR_2 = 905.000V
2026-02-26 00:11:38 - spektroskopi - INFO - Raspberry Pi'dan veri alındı: 6e400005-b5a3-f393-e0a9-e50e24dcca9e (Handle: 16): Unknown, uzunluk: 2
2026-02-26 00:11:38 - spektroskopi - INFO - Raspberry Pi verisi: Ham=1185, Voltaj=1185.000V
2026-02-26 00:11:38 - spektroskopi - INFO - Raspberry Pi verisi işlendi: SENSOR_EXTRA = 1185.000V
2026-02-26 00:11:38 - spektroskopi - INFO - Raspberry Pi'dan veri alındı: 6e400004-b5a3-f393-e0a9-e50e24dcca9e (Handle: 11): Unknown, uzunluk: 2
2026-02-26 00:11:38 - spektroskopi - INFO - Raspberry Pi verisi: Ham=274, Voltaj=274.000V
2026-02-26 00:11:38 - spektroskopi - INFO - Raspberry Pi verisi işlendi: SENSOR_7 = 274.000V
2026-02-26 00:11:38 - spektroskopi - WARNING - Zaman sıralama düzeltildi (averaged): 2026-02-26 00:11:38.648304
2026-02-26 00:11:38 - spektroskopi - WARNING - Zaman sıralama düzeltildi (averaged): 2026-02-26 00:11:38.649304
2026-02-26 00:11:38 - spektroskopi - WARNING - Zaman sıralama düzeltildi (averaged): 2026-02-26 00:11:38.650304
2026-02-26 00:11:38 - spektroskopi - WARNING - Zaman sıralama düzeltildi (averaged): 2026-02-26 00:11:38.651304
2026-02-26 00:11:38 - spektroskopi - WARNING - Zaman sıralama düzeltildi (averaged): 2026-02-26 00:11:38.652304
2026-02-26 00:11:38 - spektroskopi - WARNING - RealTimePanel: UV_360nm raw data uzunluk uyumsuzluğu (timestamps: 126, data: 32)
2026-02-26 00:11:38 - spektroskopi - WARNING - RealTimePanel: UV_360nm calibrated data uzunluk uyumsuzluğu (timestamps: 126, data: 32)
2026-02-26 00:11:38 - spektroskopi - WARNING - RealTimePanel: Blue_450nm raw data uzunluk uyumsuzluğu (timestamps: 126, data: 32)
2026-02-26 00:11:38 - spektroskopi - WARNING - RealTimePanel: Blue_450nm calibrated data uzunluk uyumsuzluğu (timestamps: 126, data: 32)
2026-02-26 00:11:38 - spektroskopi - WARNING - RealTimePanel: IR_850nm raw data uzunluk uyumsuzluğu (timestamps: 126, data: 32)
2026-02-26 00:11:38 - spektroskopi - WARNING - RealTimePanel: IR_850nm calibrated data uzunluk uyumsuzluğu (timestamps: 126, data: 32)
2026-02-26 00:11:38 - spektroskopi - WARNING - RealTimePanel: IR_940nm raw data uzunluk uyumsuzluğu (timestamps: 126, data: 30)
2026-02-26 00:11:38 - spektroskopi - WARNING - RealTimePanel: IR_940nm calibrated data uzunluk uyumsuzluğu (timestamps: 126, data: 30)
2026-02-26 00:11:38 - spektroskopi - INFO - Raspberry Pi'dan veri alındı: 6e400003-b5a3-f393-e0a9-e50e24dcca9e (Handle: 8): Nordic UART TX, uzunluk: 2
2026-02-26 00:11:38 - spektroskopi - INFO - Raspberry Pi verisi: Ham=208, Voltaj=208.000V
2026-02-26 00:11:38 - spektroskopi - INFO - Raspberry Pi verisi işlendi: SENSOR_5 = 208.000V
2026-02-26 00:11:39 - spektroskopi - INFO - Raspberry Pi'dan veri alındı: 6e400002-b5a3-f393-e0a9-e50e24dcca9e (Handle: 19): Nordic UART RX, uzunluk: 2
2026-02-26 00:11:39 - spektroskopi - INFO - Raspberry Pi verisi: Ham=897, Voltaj=897.000V
2026-02-26 00:11:39 - spektroskopi - INFO - Raspberry Pi verisi işlendi: SENSOR_2 = 897.000V
2026-02-26 00:11:39 - spektroskopi - INFO - Raspberry Pi'dan veri alındı: 6e400005-b5a3-f393-e0a9-e50e24dcca9e (Handle: 16): Unknown, uzunluk: 2
2026-02-26 00:11:39 - spektroskopi - INFO - Raspberry Pi verisi: Ham=1172, Voltaj=1172.000V
2026-02-26 00:11:39 - spektroskopi - INFO - Raspberry Pi verisi işlendi: SENSOR_EXTRA = 1172.000V
2026-02-26 00:11:39 - spektroskopi - INFO - Raspberry Pi'dan veri alındı: 6e400004-b5a3-f393-e0a9-e50e24dcca9e (Handle: 11): Unknown, uzunluk: 2
2026-02-26 00:11:39 - spektroskopi - INFO - Raspberry Pi verisi: Ham=248, Voltaj=248.000V
2026-02-26 00:11:39 - spektroskopi - INFO - Raspberry Pi verisi işlendi: SENSOR_7 = 248.000V
2026-02-26 00:11:39 - spektroskopi - WARNING - Zaman sıralama düzeltildi (averaged): 2026-02-26 00:11:39.548309
2026-02-26 00:11:39 - spektroskopi - WARNING - Zaman sıralama düzeltildi (averaged): 2026-02-26 00:11:39.549309
2026-02-26 00:11:39 - spektroskopi - WARNING - Zaman sıralama düzeltildi (averaged): 2026-02-26 00:11:39.550309
2026-02-26 00:11:39 - spektroskopi - WARNING - Zaman sıralama düzeltildi (averaged): 2026-02-26 00:11:39.551309
2026-02-26 00:11:39 - spektroskopi - WARNING - RealTimePanel: UV_360nm raw data uzunluk uyumsuzluğu (timestamps: 134, data: 34)
2026-02-26 00:11:39 - spektroskopi - WARNING - RealTimePanel: UV_360nm calibrated data uzunluk uyumsuzluğu (timestamps: 134, data: 34)
2026-02-26 00:11:39 - spektroskopi - WARNING - RealTimePanel: Blue_450nm raw data uzunluk uyumsuzluğu (timestamps: 134, data: 34)
2026-02-26 00:11:39 - spektroskopi - WARNING - RealTimePanel: Blue_450nm calibrated data uzunluk uyumsuzluğu (timestamps: 134, data: 34)
2026-02-26 00:11:39 - spektroskopi - WARNING - RealTimePanel: IR_850nm raw data uzunluk uyumsuzluğu (timestamps: 134, data: 34)
2026-02-26 00:11:39 - spektroskopi - WARNING - RealTimePanel: IR_850nm calibrated data uzunluk uyumsuzluğu (timestamps: 134, data: 34)
2026-02-26 00:11:39 - spektroskopi - WARNING - RealTimePanel: IR_940nm raw data uzunluk uyumsuzluğu (timestamps: 134, data: 32)
2026-02-26 00:11:39 - spektroskopi - WARNING - RealTimePanel: IR_940nm calibrated data uzunluk uyumsuzluğu (timestamps: 134, data: 32)
2026-02-26 00:11:39 - spektroskopi - INFO - Raspberry Pi'dan veri alındı: 6e400003-b5a3-f393-e0a9-e50e24dcca9e (Handle: 8): Nordic UART TX, uzunluk: 2
2026-02-26 00:11:39 - spektroskopi - INFO - Raspberry Pi verisi: Ham=202, Voltaj=202.000V
2026-02-26 00:11:39 - spektroskopi - INFO - Raspberry Pi verisi işlendi: SENSOR_5 = 202.000V
2026-02-26 00:11:39 - spektroskopi - INFO - Raspberry Pi'dan veri alındı: 6e400002-b5a3-f393-e0a9-e50e24dcca9e (Handle: 19): Nordic UART RX, uzunluk: 2
2026-02-26 00:11:39 - spektroskopi - INFO - Raspberry Pi verisi: Ham=869, Voltaj=869.000V
2026-02-26 00:11:39 - spektroskopi - INFO - Raspberry Pi verisi işlendi: SENSOR_2 = 869.000V
2026-02-26 00:11:40 - spektroskopi - INFO - Raspberry Pi'dan veri alındı: 6e400005-b5a3-f393-e0a9-e50e24dcca9e (Handle: 16): Unknown, uzunluk: 2
2026-02-26 00:11:40 - spektroskopi - INFO - Raspberry Pi verisi: Ham=1162, Voltaj=1162.000V
2026-02-26 00:11:40 - spektroskopi - INFO - Raspberry Pi verisi işlendi: SENSOR_EXTRA = 1162.000V
2026-02-26 00:11:40 - spektroskopi - INFO - Raspberry Pi'dan veri alındı: 6e400004-b5a3-f393-e0a9-e50e24dcca9e (Handle: 11): Unknown, uzunluk: 2
2026-02-26 00:11:40 - spektroskopi - INFO - Raspberry Pi verisi: Ham=254, Voltaj=254.000V
2026-02-26 00:11:40 - spektroskopi - INFO - Raspberry Pi verisi işlendi: SENSOR_7 = 254.000V
2026-02-26 00:11:40 - spektroskopi - INFO - Raspberry Pi'dan veri alındı: 6e400003-b5a3-f393-e0a9-e50e24dcca9e (Handle: 8): Nordic UART TX, uzunluk: 2
2026-02-26 00:11:40 - spektroskopi - INFO - Raspberry Pi verisi: Ham=283, Voltaj=283.000V
2026-02-26 00:11:40 - spektroskopi - INFO - Raspberry Pi verisi işlendi: SENSOR_5 = 283.000V
2026-02-26 00:11:40 - spektroskopi - WARNING - Zaman sıralama düzeltildi (averaged): 2026-02-26 00:11:40.658248
2026-02-26 00:11:40 - spektroskopi - WARNING - Zaman sıralama düzeltildi (averaged): 2026-02-26 00:11:40.659248
2026-02-26 00:11:40 - spektroskopi - WARNING - Zaman sıralama düzeltildi (averaged): 2026-02-26 00:11:40.660248
2026-02-26 00:11:40 - spektroskopi - WARNING - Zaman sıralama düzeltildi (averaged): 2026-02-26 00:11:40.661248
2026-02-26 00:11:40 - spektroskopi - WARNING - Zaman sıralama düzeltildi (averaged): 2026-02-26 00:11:40.662248
2026-02-26 00:11:40 - spektroskopi - WARNING - RealTimePanel: UV_360nm raw data uzunluk uyumsuzluğu (timestamps: 144, data: 36)
2026-02-26 00:11:40 - spektroskopi - WARNING - RealTimePanel: UV_360nm calibrated data uzunluk uyumsuzluğu (timestamps: 144, data: 36)
2026-02-26 00:11:40 - spektroskopi - WARNING - RealTimePanel: Blue_450nm raw data uzunluk uyumsuzluğu (timestamps: 144, data: 36)
2026-02-26 00:11:40 - spektroskopi - WARNING - RealTimePanel: Blue_450nm calibrated data uzunluk uyumsuzluğu (timestamps: 144, data: 36)
2026-02-26 00:11:40 - spektroskopi - WARNING - RealTimePanel: IR_850nm raw data uzunluk uyumsuzluğu (timestamps: 144, data: 36)
2026-02-26 00:11:40 - spektroskopi - WARNING - RealTimePanel: IR_850nm calibrated data uzunluk uyumsuzluğu (timestamps: 144, data: 36)
2026-02-26 00:11:40 - spektroskopi - WARNING - RealTimePanel: IR_940nm raw data uzunluk uyumsuzluğu (timestamps: 144, data: 36)
2026-02-26 00:11:40 - spektroskopi - WARNING - RealTimePanel: IR_940nm calibrated data uzunluk uyumsuzluğu (timestamps: 144, data: 36)
2026-02-26 00:11:40 - spektroskopi - INFO - Raspberry Pi'dan veri alındı: 6e400002-b5a3-f393-e0a9-e50e24dcca9e (Handle: 19): Nordic UART RX, uzunluk: 2
2026-02-26 00:11:40 - spektroskopi - INFO - Raspberry Pi verisi: Ham=1090, Voltaj=1090.000V
2026-02-26 00:11:40 - spektroskopi - INFO - Raspberry Pi verisi işlendi: SENSOR_2 = 1090.000V
2026-02-26 00:11:41 - spektroskopi - INFO - Raspberry Pi'dan veri alındı: 6e400005-b5a3-f393-e0a9-e50e24dcca9e (Handle: 16): Unknown, uzunluk: 2
2026-02-26 00:11:41 - spektroskopi - INFO - Raspberry Pi verisi: Ham=1372, Voltaj=1372.000V
2026-02-26 00:11:41 - spektroskopi - INFO - Raspberry Pi verisi işlendi: SENSOR_EXTRA = 1372.000V
2026-02-26 00:11:41 - spektroskopi - INFO - Raspberry Pi'dan veri alındı: 6e400004-b5a3-f393-e0a9-e50e24dcca9e (Handle: 11): Unknown, uzunluk: 2
2026-02-26 00:11:41 - spektroskopi - INFO - Raspberry Pi verisi: Ham=337, Voltaj=337.000V
2026-02-26 00:11:41 - spektroskopi - INFO - Raspberry Pi verisi işlendi: SENSOR_7 = 337.000V
2026-02-26 00:11:41 - spektroskopi - INFO - Raspberry Pi'dan veri alındı: 6e400003-b5a3-f393-e0a9-e50e24dcca9e (Handle: 8): Nordic UART TX, uzunluk: 2
2026-02-26 00:11:41 - spektroskopi - INFO - Raspberry Pi verisi: Ham=474, Voltaj=474.000V
2026-02-26 00:11:41 - spektroskopi - INFO - Raspberry Pi verisi işlendi: SENSOR_5 = 474.000V
2026-02-26 00:11:41 - spektroskopi - INFO - Raspberry Pi'dan veri alındı: 6e400002-b5a3-f393-e0a9-e50e24dcca9e (Handle: 19): Nordic UART RX, uzunluk: 2
2026-02-26 00:11:41 - spektroskopi - INFO - Raspberry Pi verisi: Ham=1560, Voltaj=1560.000V
2026-02-26 00:11:41 - spektroskopi - INFO - Raspberry Pi verisi işlendi: SENSOR_2 = 1560.000V
2026-02-26 00:11:41 - spektroskopi - WARNING - Zaman sıralama düzeltildi (averaged): 2026-02-26 00:11:41.649592
2026-02-26 00:11:41 - spektroskopi - WARNING - Zaman sıralama düzeltildi (averaged): 2026-02-26 00:11:41.650592
2026-02-26 00:11:41 - spektroskopi - WARNING - Zaman sıralama düzeltildi (averaged): 2026-02-26 00:11:41.651592
2026-02-26 00:11:41 - spektroskopi - WARNING - Zaman sıralama düzeltildi (averaged): 2026-02-26 00:11:41.652592
2026-02-26 00:11:41 - spektroskopi - WARNING - Zaman sıralama düzeltildi (averaged): 2026-02-26 00:11:41.653592
2026-02-26 00:11:41 - spektroskopi - WARNING - RealTimePanel: UV_360nm raw data uzunluk uyumsuzluğu (timestamps: 154, data: 40)
2026-02-26 00:11:41 - spektroskopi - WARNING - RealTimePanel: UV_360nm calibrated data uzunluk uyumsuzluğu (timestamps: 154, data: 40)
2026-02-26 00:11:41 - spektroskopi - WARNING - RealTimePanel: Blue_450nm raw data uzunluk uyumsuzluğu (timestamps: 154, data: 38)
2026-02-26 00:11:41 - spektroskopi - WARNING - RealTimePanel: Blue_450nm calibrated data uzunluk uyumsuzluğu (timestamps: 154, data: 38)
2026-02-26 00:11:41 - spektroskopi - WARNING - RealTimePanel: IR_850nm raw data uzunluk uyumsuzluğu (timestamps: 154, data: 38)
2026-02-26 00:11:41 - spektroskopi - WARNING - RealTimePanel: IR_850nm calibrated data uzunluk uyumsuzluğu (timestamps: 154, data: 38)
2026-02-26 00:11:41 - spektroskopi - WARNING - RealTimePanel: IR_940nm raw data uzunluk uyumsuzluğu (timestamps: 154, data: 38)
2026-02-26 00:11:41 - spektroskopi - WARNING - RealTimePanel: IR_940nm calibrated data uzunluk uyumsuzluğu (timestamps: 154, data: 38)
2026-02-26 00:11:41 - spektroskopi - INFO - Raspberry Pi'dan veri alındı: 6e400005-b5a3-f393-e0a9-e50e24dcca9e (Handle: 16): Unknown, uzunluk: 2
2026-02-26 00:11:41 - spektroskopi - INFO - Raspberry Pi verisi: Ham=2736, Voltaj=2736.000V
2026-02-26 00:11:41 - spektroskopi - INFO - Raspberry Pi verisi işlendi: SENSOR_EXTRA = 2736.000V
2026-02-26 00:11:42 - spektroskopi - INFO - Raspberry Pi'dan veri alındı: 6e400004-b5a3-f393-e0a9-e50e24dcca9e (Handle: 11): Unknown, uzunluk: 2
2026-02-26 00:11:42 - spektroskopi - INFO - Raspberry Pi verisi: Ham=350, Voltaj=350.000V
2026-02-26 00:11:42 - spektroskopi - INFO - Raspberry Pi verisi işlendi: SENSOR_7 = 350.000V
2026-02-26 00:11:42 - spektroskopi - INFO - Raspberry Pi'dan veri alındı: 6e400003-b5a3-f393-e0a9-e50e24dcca9e (Handle: 8): Nordic UART TX, uzunluk: 2
2026-02-26 00:11:42 - spektroskopi - INFO - Raspberry Pi verisi: Ham=495, Voltaj=495.000V
2026-02-26 00:11:42 - spektroskopi - INFO - Raspberry Pi verisi işlendi: SENSOR_5 = 495.000V
2026-02-26 00:11:42 - spektroskopi - INFO - Raspberry Pi'dan veri alındı: 6e400002-b5a3-f393-e0a9-e50e24dcca9e (Handle: 19): Nordic UART RX, uzunluk: 2
2026-02-26 00:11:42 - spektroskopi - INFO - Raspberry Pi verisi: Ham=1326, Voltaj=1326.000V
2026-02-26 00:11:42 - spektroskopi - INFO - Raspberry Pi verisi işlendi: SENSOR_2 = 1326.000V
2026-02-26 00:11:42 - spektroskopi - WARNING - Zaman sıralama düzeltildi (averaged): 2026-02-26 00:11:42.518216
2026-02-26 00:11:42 - spektroskopi - WARNING - Zaman sıralama düzeltildi (averaged): 2026-02-26 00:11:42.519216
2026-02-26 00:11:42 - spektroskopi - WARNING - Zaman sıralama düzeltildi (averaged): 2026-02-26 00:11:42.520216
2026-02-26 00:11:42 - spektroskopi - WARNING - Zaman sıralama düzeltildi (averaged): 2026-02-26 00:11:42.521216
2026-02-26 00:11:42 - spektroskopi - WARNING - RealTimePanel: UV_360nm raw data uzunluk uyumsuzluğu (timestamps: 162, data: 42)
2026-02-26 00:11:42 - spektroskopi - WARNING - RealTimePanel: UV_360nm calibrated data uzunluk uyumsuzluğu (timestamps: 162, data: 42)
2026-02-26 00:11:42 - spektroskopi - WARNING - RealTimePanel: Blue_450nm raw data uzunluk uyumsuzluğu (timestamps: 162, data: 40)
2026-02-26 00:11:42 - spektroskopi - WARNING - RealTimePanel: Blue_450nm calibrated data uzunluk uyumsuzluğu (timestamps: 162, data: 40)
2026-02-26 00:11:42 - spektroskopi - WARNING - RealTimePanel: IR_850nm raw data uzunluk uyumsuzluğu (timestamps: 162, data: 40)
2026-02-26 00:11:42 - spektroskopi - WARNING - RealTimePanel: IR_850nm calibrated data uzunluk uyumsuzluğu (timestamps: 162, data: 40)
2026-02-26 00:11:42 - spektroskopi - WARNING - RealTimePanel: IR_940nm raw data uzunluk uyumsuzluğu (timestamps: 162, data: 40)
2026-02-26 00:11:42 - spektroskopi - WARNING - RealTimePanel: IR_940nm calibrated data uzunluk uyumsuzluğu (timestamps: 162, data: 40)
2026-02-26 00:11:42 - spektroskopi - INFO - Raspberry Pi'dan veri alındı: 6e400005-b5a3-f393-e0a9-e50e24dcca9e (Handle: 16): Unknown, uzunluk: 2
2026-02-26 00:11:42 - spektroskopi - INFO - Raspberry Pi verisi: Ham=1465, Voltaj=1465.000V
2026-02-26 00:11:42 - spektroskopi - INFO - Raspberry Pi verisi işlendi: SENSOR_EXTRA = 1465.000V
2026-02-26 00:11:43 - spektroskopi - INFO - Raspberry Pi'dan veri alındı: 6e400004-b5a3-f393-e0a9-e50e24dcca9e (Handle: 11): Unknown, uzunluk: 2
2026-02-26 00:11:43 - spektroskopi - INFO - Raspberry Pi verisi: Ham=318, Voltaj=318.000V
2026-02-26 00:11:43 - spektroskopi - INFO - Raspberry Pi verisi işlendi: SENSOR_7 = 318.000V
2026-02-26 00:11:43 - spektroskopi - INFO - Raspberry Pi'dan veri alındı: 6e400003-b5a3-f393-e0a9-e50e24dcca9e (Handle: 8): Nordic UART TX, uzunluk: 2
2026-02-26 00:11:43 - spektroskopi - INFO - Raspberry Pi verisi: Ham=390, Voltaj=390.000V
2026-02-26 00:11:43 - spektroskopi - INFO - Raspberry Pi verisi işlendi: SENSOR_5 = 390.000V
2026-02-26 00:11:43 - spektroskopi - INFO - Raspberry Pi'dan veri alındı: 6e400002-b5a3-f393-e0a9-e50e24dcca9e (Handle: 19): Nordic UART RX, uzunluk: 2
2026-02-26 00:11:43 - spektroskopi - INFO - Raspberry Pi verisi: Ham=1306, Voltaj=1306.000V
2026-02-26 00:11:43 - spektroskopi - INFO - Raspberry Pi verisi işlendi: SENSOR_2 = 1306.000V
2026-02-26 00:11:43 - spektroskopi - INFO - Raspberry Pi'dan veri alındı: 6e400005-b5a3-f393-e0a9-e50e24dcca9e (Handle: 16): Unknown, uzunluk: 2
2026-02-26 00:11:43 - spektroskopi - INFO - Raspberry Pi verisi: Ham=1688, Voltaj=1688.000V
2026-02-26 00:11:43 - spektroskopi - INFO - Raspberry Pi verisi işlendi: SENSOR_EXTRA = 1688.000V
2026-02-26 00:11:43 - spektroskopi - WARNING - Zaman sıralama düzeltildi (averaged): 2026-02-26 00:11:43.658183
2026-02-26 00:11:43 - spektroskopi - WARNING - Zaman sıralama düzeltildi (averaged): 2026-02-26 00:11:43.659183
2026-02-26 00:11:43 - spektroskopi - WARNING - Zaman sıralama düzeltildi (averaged): 2026-02-26 00:11:43.660183
2026-02-26 00:11:43 - spektroskopi - WARNING - Zaman sıralama düzeltildi (averaged): 2026-02-26 00:11:43.661183
2026-02-26 00:11:43 - spektroskopi - WARNING - Zaman sıralama düzeltildi (averaged): 2026-02-26 00:11:43.662183
2026-02-26 00:11:43 - spektroskopi - WARNING - RealTimePanel: UV_360nm raw data uzunluk uyumsuzluğu (timestamps: 172, data: 44)
2026-02-26 00:11:43 - spektroskopi - WARNING - RealTimePanel: UV_360nm calibrated data uzunluk uyumsuzluğu (timestamps: 172, data: 44)
2026-02-26 00:11:43 - spektroskopi - WARNING - RealTimePanel: Blue_450nm raw data uzunluk uyumsuzluğu (timestamps: 172, data: 44)
2026-02-26 00:11:43 - spektroskopi - WARNING - RealTimePanel: Blue_450nm calibrated data uzunluk uyumsuzluğu (timestamps: 172, data: 44)
2026-02-26 00:11:43 - spektroskopi - WARNING - RealTimePanel: IR_850nm raw data uzunluk uyumsuzluğu (timestamps: 172, data: 42)
2026-02-26 00:11:43 - spektroskopi - WARNING - RealTimePanel: IR_850nm calibrated data uzunluk uyumsuzluğu (timestamps: 172, data: 42)
2026-02-26 00:11:43 - spektroskopi - WARNING - RealTimePanel: IR_940nm raw data uzunluk uyumsuzluğu (timestamps: 172, data: 42)
2026-02-26 00:11:43 - spektroskopi - WARNING - RealTimePanel: IR_940nm calibrated data uzunluk uyumsuzluğu (timestamps: 172, data: 42)
2026-02-26 00:11:43 - spektroskopi - INFO - Raspberry Pi'dan veri alındı: 6e400004-b5a3-f393-e0a9-e50e24dcca9e (Handle: 11): Unknown, uzunluk: 2
2026-02-26 00:11:43 - spektroskopi - INFO - Raspberry Pi verisi: Ham=315, Voltaj=315.000V
2026-02-26 00:11:43 - spektroskopi - INFO - Raspberry Pi verisi işlendi: SENSOR_7 = 315.000V
2026-02-26 00:11:44 - spektroskopi - INFO - Raspberry Pi'dan veri alındı: 6e400003-b5a3-f393-e0a9-e50e24dcca9e (Handle: 8): Nordic UART TX, uzunluk: 2
2026-02-26 00:11:44 - spektroskopi - INFO - Raspberry Pi verisi: Ham=444, Voltaj=444.000V
2026-02-26 00:11:44 - spektroskopi - INFO - Raspberry Pi verisi işlendi: SENSOR_5 = 444.000V
2026-02-26 00:11:44 - spektroskopi - INFO - Raspberry Pi'dan veri alındı: 6e400002-b5a3-f393-e0a9-e50e24dcca9e (Handle: 19): Nordic UART RX, uzunluk: 2
2026-02-26 00:11:44 - spektroskopi - INFO - Raspberry Pi verisi: Ham=1612, Voltaj=1612.000V
2026-02-26 00:11:44 - spektroskopi - INFO - Raspberry Pi verisi işlendi: SENSOR_2 = 1612.000V
2026-02-26 00:11:44 - spektroskopi - INFO - Raspberry Pi'dan veri alındı: 6e400005-b5a3-f393-e0a9-e50e24dcca9e (Handle: 16): Unknown, uzunluk: 2
2026-02-26 00:11:44 - spektroskopi - INFO - Raspberry Pi verisi: Ham=1956, Voltaj=1956.000V
2026-02-26 00:11:44 - spektroskopi - INFO - Raspberry Pi verisi işlendi: SENSOR_EXTRA = 1956.000V
2026-02-26 00:11:44 - spektroskopi - WARNING - Zaman sıralama düzeltildi (averaged): 2026-02-26 00:11:44.528010
2026-02-26 00:11:44 - spektroskopi - WARNING - Zaman sıralama düzeltildi (averaged): 2026-02-26 00:11:44.529010
2026-02-26 00:11:44 - spektroskopi - WARNING - Zaman sıralama düzeltildi (averaged): 2026-02-26 00:11:44.530010
2026-02-26 00:11:44 - spektroskopi - WARNING - Zaman sıralama düzeltildi (averaged): 2026-02-26 00:11:44.531010
2026-02-26 00:11:44 - spektroskopi - WARNING - RealTimePanel: UV_360nm raw data uzunluk uyumsuzluğu (timestamps: 180, data: 46)
2026-02-26 00:11:44 - spektroskopi - WARNING - RealTimePanel: UV_360nm calibrated data uzunluk uyumsuzluğu (timestamps: 180, data: 46)
2026-02-26 00:11:44 - spektroskopi - WARNING - RealTimePanel: Blue_450nm raw data uzunluk uyumsuzluğu (timestamps: 180, data: 46)
2026-02-26 00:11:44 - spektroskopi - WARNING - RealTimePanel: Blue_450nm calibrated data uzunluk uyumsuzluğu (timestamps: 180, data: 46)
2026-02-26 00:11:44 - spektroskopi - WARNING - RealTimePanel: IR_850nm raw data uzunluk uyumsuzluğu (timestamps: 180, data: 44)
2026-02-26 00:11:44 - spektroskopi - WARNING - RealTimePanel: IR_850nm calibrated data uzunluk uyumsuzluğu (timestamps: 180, data: 44)
2026-02-26 00:11:44 - spektroskopi - WARNING - RealTimePanel: IR_940nm raw data uzunluk uyumsuzluğu (timestamps: 180, data: 44)
2026-02-26 00:11:44 - spektroskopi - WARNING - RealTimePanel: IR_940nm calibrated data uzunluk uyumsuzluğu (timestamps: 180, data: 44)
2026-02-26 00:11:44 - spektroskopi - INFO - Raspberry Pi'dan veri alındı: 6e400004-b5a3-f393-e0a9-e50e24dcca9e (Handle: 11): Unknown, uzunluk: 2
2026-02-26 00:11:44 - spektroskopi - INFO - Raspberry Pi verisi: Ham=324, Voltaj=324.000V
2026-02-26 00:11:44 - spektroskopi - INFO - Raspberry Pi verisi işlendi: SENSOR_7 = 324.000V
2026-02-26 00:11:45 - spektroskopi - INFO - Raspberry Pi'dan veri alındı: 6e400003-b5a3-f393-e0a9-e50e24dcca9e (Handle: 8): Nordic UART TX, uzunluk: 2
2026-02-26 00:11:45 - spektroskopi - INFO - Raspberry Pi verisi: Ham=458, Voltaj=458.000V
2026-02-26 00:11:45 - spektroskopi - INFO - Raspberry Pi verisi işlendi: SENSOR_5 = 458.000V
2026-02-26 00:11:45 - spektroskopi - INFO - Raspberry Pi'dan veri alındı: 6e400002-b5a3-f393-e0a9-e50e24dcca9e (Handle: 19): Nordic UART RX, uzunluk: 2
2026-02-26 00:11:45 - spektroskopi - INFO - Raspberry Pi verisi: Ham=1642, Voltaj=1642.000V
2026-02-26 00:11:45 - spektroskopi - INFO - Raspberry Pi verisi işlendi: SENSOR_2 = 1642.000V
2026-02-26 00:11:45 - spektroskopi - INFO - Raspberry Pi'dan veri alındı: 6e400005-b5a3-f393-e0a9-e50e24dcca9e (Handle: 16): Unknown, uzunluk: 2
2026-02-26 00:11:45 - spektroskopi - INFO - Raspberry Pi verisi: Ham=1950, Voltaj=1950.000V
2026-02-26 00:11:45 - spektroskopi - INFO - Raspberry Pi verisi işlendi: SENSOR_EXTRA = 1950.000V
2026-02-26 00:11:45 - spektroskopi - INFO - Raspberry Pi'dan veri alındı: 6e400004-b5a3-f393-e0a9-e50e24dcca9e (Handle: 11): Unknown, uzunluk: 2
2026-02-26 00:11:45 - spektroskopi - INFO - Raspberry Pi verisi: Ham=321, Voltaj=321.000V
2026-02-26 00:11:45 - spektroskopi - INFO - Raspberry Pi verisi işlendi: SENSOR_7 = 321.000V
2026-02-26 00:11:45 - spektroskopi - WARNING - Zaman sıralama düzeltildi (averaged): 2026-02-26 00:11:45.668329
2026-02-26 00:11:45 - spektroskopi - WARNING - Zaman sıralama düzeltildi (averaged): 2026-02-26 00:11:45.669329
2026-02-26 00:11:45 - spektroskopi - WARNING - Zaman sıralama düzeltildi (averaged): 2026-02-26 00:11:45.670329
2026-02-26 00:11:45 - spektroskopi - WARNING - Zaman sıralama düzeltildi (averaged): 2026-02-26 00:11:45.671329
2026-02-26 00:11:45 - spektroskopi - WARNING - Zaman sıralama düzeltildi (averaged): 2026-02-26 00:11:45.672329
2026-02-26 00:11:45 - spektroskopi - WARNING - RealTimePanel: UV_360nm raw data uzunluk uyumsuzluğu (timestamps: 190, data: 48)
2026-02-26 00:11:45 - spektroskopi - WARNING - RealTimePanel: UV_360nm calibrated data uzunluk uyumsuzluğu (timestamps: 190, data: 48)
2026-02-26 00:11:45 - spektroskopi - WARNING - RealTimePanel: Blue_450nm raw data uzunluk uyumsuzluğu (timestamps: 190, data: 48)
2026-02-26 00:11:45 - spektroskopi - WARNING - RealTimePanel: Blue_450nm calibrated data uzunluk uyumsuzluğu (timestamps: 190, data: 48)
2026-02-26 00:11:45 - spektroskopi - WARNING - RealTimePanel: IR_850nm raw data uzunluk uyumsuzluğu (timestamps: 190, data: 48)
2026-02-26 00:11:45 - spektroskopi - WARNING - RealTimePanel: IR_850nm calibrated data uzunluk uyumsuzluğu (timestamps: 190, data: 48)
2026-02-26 00:11:45 - spektroskopi - WARNING - RealTimePanel: IR_940nm raw data uzunluk uyumsuzluğu (timestamps: 190, data: 46)
2026-02-26 00:11:45 - spektroskopi - WARNING - RealTimePanel: IR_940nm calibrated data uzunluk uyumsuzluğu (timestamps: 190, data: 46)
2026-02-26 00:11:45 - spektroskopi - INFO - Raspberry Pi'dan veri alındı: 6e400003-b5a3-f393-e0a9-e50e24dcca9e (Handle: 8): Nordic UART TX, uzunluk: 2
2026-02-26 00:11:45 - spektroskopi - INFO - Raspberry Pi verisi: Ham=459, Voltaj=459.000V
2026-02-26 00:11:45 - spektroskopi - INFO - Raspberry Pi verisi işlendi: SENSOR_5 = 459.000V
2026-02-26 00:11:46 - spektroskopi - INFO - Raspberry Pi'dan veri alındı: 6e400002-b5a3-f393-e0a9-e50e24dcca9e (Handle: 19): Nordic UART RX, uzunluk: 2
2026-02-26 00:11:46 - spektroskopi - INFO - Raspberry Pi verisi: Ham=1664, Voltaj=1664.000V
2026-02-26 00:11:46 - spektroskopi - INFO - Raspberry Pi verisi işlendi: SENSOR_2 = 1664.000V
2026-02-26 00:11:46 - spektroskopi - INFO - Raspberry Pi'dan veri alındı: 6e400005-b5a3-f393-e0a9-e50e24dcca9e (Handle: 16): Unknown, uzunluk: 2
2026-02-26 00:11:46 - spektroskopi - INFO - Raspberry Pi verisi: Ham=1984, Voltaj=1984.000V
2026-02-26 00:11:46 - spektroskopi - INFO - Raspberry Pi verisi işlendi: SENSOR_EXTRA = 1984.000V
2026-02-26 00:11:46 - spektroskopi - INFO - Raspberry Pi'dan veri alındı: 6e400004-b5a3-f393-e0a9-e50e24dcca9e (Handle: 11): Unknown, uzunluk: 2
2026-02-26 00:11:46 - spektroskopi - INFO - Raspberry Pi verisi: Ham=316, Voltaj=316.000V
2026-02-26 00:11:46 - spektroskopi - INFO - Raspberry Pi verisi işlendi: SENSOR_7 = 316.000V
2026-02-26 00:11:46 - spektroskopi - WARNING - Zaman sıralama düzeltildi (averaged): 2026-02-26 00:11:46.568005
2026-02-26 00:11:46 - spektroskopi - WARNING - Zaman sıralama düzeltildi (averaged): 2026-02-26 00:11:46.569005
2026-02-26 00:11:46 - spektroskopi - WARNING - Zaman sıralama düzeltildi (averaged): 2026-02-26 00:11:46.570005
2026-02-26 00:11:46 - spektroskopi - WARNING - Zaman sıralama düzeltildi (averaged): 2026-02-26 00:11:46.571005
2026-02-26 00:11:46 - spektroskopi - WARNING - RealTimePanel: UV_360nm raw data uzunluk uyumsuzluğu (timestamps: 198, data: 50)
2026-02-26 00:11:46 - spektroskopi - WARNING - RealTimePanel: UV_360nm calibrated data uzunluk uyumsuzluğu (timestamps: 198, data: 50)
2026-02-26 00:11:46 - spektroskopi - WARNING - RealTimePanel: Blue_450nm raw data uzunluk uyumsuzluğu (timestamps: 198, data: 50)
2026-02-26 00:11:46 - spektroskopi - WARNING - RealTimePanel: Blue_450nm calibrated data uzunluk uyumsuzluğu (timestamps: 198, data: 50)
2026-02-26 00:11:46 - spektroskopi - WARNING - RealTimePanel: IR_850nm raw data uzunluk uyumsuzluğu (timestamps: 198, data: 50)
2026-02-26 00:11:46 - spektroskopi - WARNING - RealTimePanel: IR_850nm calibrated data uzunluk uyumsuzluğu (timestamps: 198, data: 50)
2026-02-26 00:11:46 - spektroskopi - WARNING - RealTimePanel: IR_940nm raw data uzunluk uyumsuzluğu (timestamps: 198, data: 48)
2026-02-26 00:11:46 - spektroskopi - WARNING - RealTimePanel: IR_940nm calibrated data uzunluk uyumsuzluğu (timestamps: 198, data: 48)
2026-02-26 00:11:46 - spektroskopi - INFO - Raspberry Pi'dan veri alındı: 6e400003-b5a3-f393-e0a9-e50e24dcca9e (Handle: 8): Nordic UART TX, uzunluk: 2
2026-02-26 00:11:46 - spektroskopi - INFO - Raspberry Pi verisi: Ham=443, Voltaj=443.000V
2026-02-26 00:11:46 - spektroskopi - INFO - Raspberry Pi verisi işlendi: SENSOR_5 = 443.000V
2026-02-26 00:11:46 - spektroskopi - INFO - Raspberry Pi'dan veri alındı: 6e400002-b5a3-f393-e0a9-e50e24dcca9e (Handle: 19): Nordic UART RX, uzunluk: 2
2026-02-26 00:11:46 - spektroskopi - INFO - Raspberry Pi verisi: Ham=1648, Voltaj=1648.000V
2026-02-26 00:11:46 - spektroskopi - INFO - Raspberry Pi verisi işlendi: SENSOR_2 = 1648.000V
2026-02-26 00:11:47 - spektroskopi - INFO - Raspberry Pi'dan veri alındı: 6e400005-b5a3-f393-e0a9-e50e24dcca9e (Handle: 16): Unknown, uzunluk: 2
2026-02-26 00:11:47 - spektroskopi - INFO - Raspberry Pi verisi: Ham=1928, Voltaj=1928.000V
2026-02-26 00:11:47 - spektroskopi - INFO - Raspberry Pi verisi işlendi: SENSOR_EXTRA = 1928.000V
2026-02-26 00:11:47 - spektroskopi - INFO - Raspberry Pi'dan veri alındı: 6e400004-b5a3-f393-e0a9-e50e24dcca9e (Handle: 11): Unknown, uzunluk: 2
2026-02-26 00:11:47 - spektroskopi - INFO - Raspberry Pi verisi: Ham=310, Voltaj=310.000V
2026-02-26 00:11:47 - spektroskopi - INFO - Raspberry Pi verisi işlendi: SENSOR_7 = 310.000V
2026-02-26 00:11:47 - spektroskopi - INFO - Raspberry Pi'dan veri alındı: 6e400003-b5a3-f393-e0a9-e50e24dcca9e (Handle: 8): Nordic UART TX, uzunluk: 2
2026-02-26 00:11:47 - spektroskopi - INFO - Raspberry Pi verisi: Ham=433, Voltaj=433.000V
2026-02-26 00:11:47 - spektroskopi - INFO - Raspberry Pi verisi işlendi: SENSOR_5 = 433.000V
2026-02-26 00:11:47 - spektroskopi - WARNING - Zaman sıralama düzeltildi (averaged): 2026-02-26 00:11:47.708170
2026-02-26 00:11:47 - spektroskopi - WARNING - Zaman sıralama düzeltildi (averaged): 2026-02-26 00:11:47.709170
2026-02-26 00:11:47 - spektroskopi - WARNING - Zaman sıralama düzeltildi (averaged): 2026-02-26 00:11:47.710170
2026-02-26 00:11:47 - spektroskopi - WARNING - Zaman sıralama düzeltildi (averaged): 2026-02-26 00:11:47.711170
2026-02-26 00:11:47 - spektroskopi - WARNING - Zaman sıralama düzeltildi (averaged): 2026-02-26 00:11:47.712170
2026-02-26 00:11:47 - spektroskopi - WARNING - RealTimePanel: UV_360nm raw data uzunluk uyumsuzluğu (timestamps: 208, data: 52)
2026-02-26 00:11:47 - spektroskopi - WARNING - RealTimePanel: UV_360nm calibrated data uzunluk uyumsuzluğu (timestamps: 208, data: 52)
2026-02-26 00:11:47 - spektroskopi - WARNING - RealTimePanel: Blue_450nm raw data uzunluk uyumsuzluğu (timestamps: 208, data: 52)
2026-02-26 00:11:47 - spektroskopi - WARNING - RealTimePanel: Blue_450nm calibrated data uzunluk uyumsuzluğu (timestamps: 208, data: 52)
2026-02-26 00:11:47 - spektroskopi - WARNING - RealTimePanel: IR_850nm raw data uzunluk uyumsuzluğu (timestamps: 208, data: 52)
2026-02-26 00:11:47 - spektroskopi - WARNING - RealTimePanel: IR_850nm calibrated data uzunluk uyumsuzluğu (timestamps: 208, data: 52)
2026-02-26 00:11:47 - spektroskopi - WARNING - RealTimePanel: IR_940nm raw data uzunluk uyumsuzluğu (timestamps: 208, data: 52)
2026-02-26 00:11:47 - spektroskopi - WARNING - RealTimePanel: IR_940nm calibrated data uzunluk uyumsuzluğu (timestamps: 208, data: 52)
2026-02-26 00:11:47 - spektroskopi - INFO - Raspberry Pi'dan veri alındı: 6e400002-b5a3-f393-e0a9-e50e24dcca9e (Handle: 19): Nordic UART RX, uzunluk: 2
2026-02-26 00:11:47 - spektroskopi - INFO - Raspberry Pi verisi: Ham=1623, Voltaj=1623.000V
2026-02-26 00:11:47 - spektroskopi - INFO - Raspberry Pi verisi işlendi: SENSOR_2 = 1623.000V
2026-02-26 00:11:48 - spektroskopi - INFO - Raspberry Pi'dan veri alındı: 6e400005-b5a3-f393-e0a9-e50e24dcca9e (Handle: 16): Unknown, uzunluk: 2
2026-02-26 00:11:48 - spektroskopi - INFO - Raspberry Pi verisi: Ham=1913, Voltaj=1913.000V
2026-02-26 00:11:48 - spektroskopi - INFO - Raspberry Pi verisi işlendi: SENSOR_EXTRA = 1913.000V
2026-02-26 00:11:48 - spektroskopi - INFO - Raspberry Pi'dan veri alındı: 6e400004-b5a3-f393-e0a9-e50e24dcca9e (Handle: 11): Unknown, uzunluk: 2
2026-02-26 00:11:48 - spektroskopi - INFO - Raspberry Pi verisi: Ham=311, Voltaj=311.000V
2026-02-26 00:11:48 - spektroskopi - INFO - Raspberry Pi verisi işlendi: SENSOR_7 = 311.000V
2026-02-26 00:11:48 - spektroskopi - INFO - Raspberry Pi'dan veri alındı: 6e400003-b5a3-f393-e0a9-e50e24dcca9e (Handle: 8): Nordic UART TX, uzunluk: 2
2026-02-26 00:11:48 - spektroskopi - INFO - Raspberry Pi verisi: Ham=432, Voltaj=432.000V
2026-02-26 00:11:48 - spektroskopi - INFO - Raspberry Pi verisi işlendi: SENSOR_5 = 432.000V
2026-02-26 00:11:48 - spektroskopi - INFO - Raspberry Pi'dan veri alındı: 6e400002-b5a3-f393-e0a9-e50e24dcca9e (Handle: 19): Nordic UART RX, uzunluk: 2
2026-02-26 00:11:48 - spektroskopi - INFO - Raspberry Pi verisi: Ham=1606, Voltaj=1606.000V
2026-02-26 00:11:48 - spektroskopi - INFO - Raspberry Pi verisi işlendi: SENSOR_2 = 1606.000V
2026-02-26 00:11:48 - spektroskopi - WARNING - Zaman sıralama düzeltildi (averaged): 2026-02-26 00:11:48.698269
2026-02-26 00:11:48 - spektroskopi - WARNING - Zaman sıralama düzeltildi (averaged): 2026-02-26 00:11:48.699269
2026-02-26 00:11:48 - spektroskopi - WARNING - Zaman sıralama düzeltildi (averaged): 2026-02-26 00:11:48.700269
2026-02-26 00:11:48 - spektroskopi - WARNING - Zaman sıralama düzeltildi (averaged): 2026-02-26 00:11:48.701269
2026-02-26 00:11:48 - spektroskopi - WARNING - Zaman sıralama düzeltildi (averaged): 2026-02-26 00:11:48.702269
2026-02-26 00:11:48 - spektroskopi - WARNING - RealTimePanel: UV_360nm raw data uzunluk uyumsuzluğu (timestamps: 218, data: 56)
2026-02-26 00:11:48 - spektroskopi - WARNING - RealTimePanel: UV_360nm calibrated data uzunluk uyumsuzluğu (timestamps: 218, data: 56)
2026-02-26 00:11:48 - spektroskopi - WARNING - RealTimePanel: Blue_450nm raw data uzunluk uyumsuzluğu (timestamps: 218, data: 54)
2026-02-26 00:11:48 - spektroskopi - WARNING - RealTimePanel: Blue_450nm calibrated data uzunluk uyumsuzluğu (timestamps: 218, data: 54)
2026-02-26 00:11:48 - spektroskopi - WARNING - RealTimePanel: IR_850nm raw data uzunluk uyumsuzluğu (timestamps: 218, data: 54)
2026-02-26 00:11:48 - spektroskopi - WARNING - RealTimePanel: IR_850nm calibrated data uzunluk uyumsuzluğu (timestamps: 218, data: 54)
2026-02-26 00:11:48 - spektroskopi - WARNING - RealTimePanel: IR_940nm raw data uzunluk uyumsuzluğu (timestamps: 218, data: 54)
2026-02-26 00:11:48 - spektroskopi - WARNING - RealTimePanel: IR_940nm calibrated data uzunluk uyumsuzluğu (timestamps: 218, data: 54)
2026-02-26 00:11:48 - spektroskopi - INFO - Raspberry Pi'dan veri alındı: 6e400005-b5a3-f393-e0a9-e50e24dcca9e (Handle: 16): Unknown, uzunluk: 2
2026-02-26 00:11:48 - spektroskopi - INFO - Raspberry Pi verisi: Ham=1959, Voltaj=1959.000V
2026-02-26 00:11:48 - spektroskopi - INFO - Raspberry Pi verisi işlendi: SENSOR_EXTRA = 1959.000V
2026-02-26 00:11:49 - spektroskopi - INFO - Raspberry Pi'dan veri alındı: 6e400004-b5a3-f393-e0a9-e50e24dcca9e (Handle: 11): Unknown, uzunluk: 2
2026-02-26 00:11:49 - spektroskopi - INFO - Raspberry Pi verisi: Ham=307, Voltaj=307.000V
2026-02-26 00:11:49 - spektroskopi - INFO - Raspberry Pi verisi işlendi: SENSOR_7 = 307.000V
2026-02-26 00:11:49 - spektroskopi - INFO - Raspberry Pi'dan veri alındı: 6e400003-b5a3-f393-e0a9-e50e24dcca9e (Handle: 8): Nordic UART TX, uzunluk: 2
2026-02-26 00:11:49 - spektroskopi - INFO - Raspberry Pi verisi: Ham=442, Voltaj=442.000V
2026-02-26 00:11:49 - spektroskopi - INFO - Raspberry Pi verisi işlendi: SENSOR_5 = 442.000V
2026-02-26 00:11:49 - spektroskopi - INFO - Raspberry Pi'dan veri alındı: 6e400002-b5a3-f393-e0a9-e50e24dcca9e (Handle: 19): Nordic UART RX, uzunluk: 2
2026-02-26 00:11:49 - spektroskopi - INFO - Raspberry Pi verisi: Ham=1579, Voltaj=1579.000V
2026-02-26 00:11:49 - spektroskopi - INFO - Raspberry Pi verisi işlendi: SENSOR_2 = 1579.000V
2026-02-26 00:11:49 - spektroskopi - WARNING - Zaman sıralama düzeltildi (averaged): 2026-02-26 00:11:49.567829
2026-02-26 00:11:49 - spektroskopi - WARNING - Zaman sıralama düzeltildi (averaged): 2026-02-26 00:11:49.568829
2026-02-26 00:11:49 - spektroskopi - WARNING - Zaman sıralama düzeltildi (averaged): 2026-02-26 00:11:49.569829
2026-02-26 00:11:49 - spektroskopi - WARNING - Zaman sıralama düzeltildi (averaged): 2026-02-26 00:11:49.570829
2026-02-26 00:11:49 - spektroskopi - WARNING - RealTimePanel: UV_360nm raw data uzunluk uyumsuzluğu (timestamps: 226, data: 58)
2026-02-26 00:11:49 - spektroskopi - WARNING - RealTimePanel: UV_360nm calibrated data uzunluk uyumsuzluğu (timestamps: 226, data: 58)
2026-02-26 00:11:49 - spektroskopi - WARNING - RealTimePanel: Blue_450nm raw data uzunluk uyumsuzluğu (timestamps: 226, data: 56)
2026-02-26 00:11:49 - spektroskopi - WARNING - RealTimePanel: Blue_450nm calibrated data uzunluk uyumsuzluğu (timestamps: 226, data: 56)
2026-02-26 00:11:49 - spektroskopi - WARNING - RealTimePanel: IR_850nm raw data uzunluk uyumsuzluğu (timestamps: 226, data: 56)
2026-02-26 00:11:49 - spektroskopi - WARNING - RealTimePanel: IR_850nm calibrated data uzunluk uyumsuzluğu (timestamps: 226, data: 56)
2026-02-26 00:11:49 - spektroskopi - WARNING - RealTimePanel: IR_940nm raw data uzunluk uyumsuzluğu (timestamps: 226, data: 56)
2026-02-26 00:11:49 - spektroskopi - WARNING - RealTimePanel: IR_940nm calibrated data uzunluk uyumsuzluğu (timestamps: 226, data: 56)
2026-02-26 00:11:49 - spektroskopi - INFO - Raspberry Pi'dan veri alındı: 6e400005-b5a3-f393-e0a9-e50e24dcca9e (Handle: 16): Unknown, uzunluk: 2
2026-02-26 00:11:49 - spektroskopi - INFO - Raspberry Pi verisi: Ham=1886, Voltaj=1886.000V
2026-02-26 00:11:49 - spektroskopi - INFO - Raspberry Pi verisi işlendi: SENSOR_EXTRA = 1886.000V
2026-02-26 00:11:50 - spektroskopi - INFO - Raspberry Pi'dan veri alındı: 6e400004-b5a3-f393-e0a9-e50e24dcca9e (Handle: 11): Unknown, uzunluk: 2
2026-02-26 00:11:50 - spektroskopi - INFO - Raspberry Pi verisi: Ham=311, Voltaj=311.000V
2026-02-26 00:11:50 - spektroskopi - INFO - Raspberry Pi verisi işlendi: SENSOR_7 = 311.000V
2026-02-26 00:11:50 - spektroskopi - INFO - Raspberry Pi'dan veri alındı: 6e400003-b5a3-f393-e0a9-e50e24dcca9e (Handle: 8): Nordic UART TX, uzunluk: 2
2026-02-26 00:11:50 - spektroskopi - INFO - Raspberry Pi verisi: Ham=426, Voltaj=426.000V
2026-02-26 00:11:50 - spektroskopi - INFO - Raspberry Pi verisi işlendi: SENSOR_5 = 426.000V
2026-02-26 00:11:50 - spektroskopi - INFO - Raspberry Pi'dan veri alındı: 6e400002-b5a3-f393-e0a9-e50e24dcca9e (Handle: 19): Nordic UART RX, uzunluk: 2
2026-02-26 00:11:50 - spektroskopi - INFO - Raspberry Pi verisi: Ham=1548, Voltaj=1548.000V
2026-02-26 00:11:50 - spektroskopi - INFO - Raspberry Pi verisi işlendi: SENSOR_2 = 1548.000V
2026-02-26 00:11:50 - spektroskopi - INFO - Raspberry Pi'dan veri alındı: 6e400005-b5a3-f393-e0a9-e50e24dcca9e (Handle: 16): Unknown, uzunluk: 2
2026-02-26 00:11:50 - spektroskopi - INFO - Raspberry Pi verisi: Ham=1822, Voltaj=1822.000V
2026-02-26 00:11:50 - spektroskopi - INFO - Raspberry Pi verisi işlendi: SENSOR_EXTRA = 1822.000V
2026-02-26 00:11:50 - spektroskopi - WARNING - Zaman sıralama düzeltildi (averaged): 2026-02-26 00:11:50.707989
2026-02-26 00:11:50 - spektroskopi - WARNING - Zaman sıralama düzeltildi (averaged): 2026-02-26 00:11:50.708989
2026-02-26 00:11:50 - spektroskopi - WARNING - Zaman sıralama düzeltildi (averaged): 2026-02-26 00:11:50.709989
2026-02-26 00:11:50 - spektroskopi - WARNING - Zaman sıralama düzeltildi (averaged): 2026-02-26 00:11:50.710989
2026-02-26 00:11:50 - spektroskopi - WARNING - Zaman sıralama düzeltildi (averaged): 2026-02-26 00:11:50.711989
2026-02-26 00:11:50 - spektroskopi - WARNING - RealTimePanel: UV_360nm raw data uzunluk uyumsuzluğu (timestamps: 236, data: 60)
2026-02-26 00:11:50 - spektroskopi - WARNING - RealTimePanel: UV_360nm calibrated data uzunluk uyumsuzluğu (timestamps: 236, data: 60)
2026-02-26 00:11:50 - spektroskopi - WARNING - RealTimePanel: Blue_450nm raw data uzunluk uyumsuzluğu (timestamps: 236, data: 60)
2026-02-26 00:11:50 - spektroskopi - WARNING - RealTimePanel: Blue_450nm calibrated data uzunluk uyumsuzluğu (timestamps: 236, data: 60)
2026-02-26 00:11:50 - spektroskopi - WARNING - RealTimePanel: IR_850nm raw data uzunluk uyumsuzluğu (timestamps: 236, data: 58)
2026-02-26 00:11:50 - spektroskopi - WARNING - RealTimePanel: IR_850nm calibrated data uzunluk uyumsuzluğu (timestamps: 236, data: 58)
2026-02-26 00:11:50 - spektroskopi - WARNING - RealTimePanel: IR_940nm raw data uzunluk uyumsuzluğu (timestamps: 236, data: 58)
2026-02-26 00:11:50 - spektroskopi - WARNING - RealTimePanel: IR_940nm calibrated data uzunluk uyumsuzluğu (timestamps: 236, data: 58)
2026-02-26 00:11:50 - spektroskopi - INFO - Raspberry Pi'dan veri alındı: 6e400004-b5a3-f393-e0a9-e50e24dcca9e (Handle: 11): Unknown, uzunluk: 2
2026-02-26 00:11:50 - spektroskopi - INFO - Raspberry Pi verisi: Ham=305, Voltaj=305.000V
2026-02-26 00:11:50 - spektroskopi - INFO - Raspberry Pi verisi işlendi: SENSOR_7 = 305.000V
2026-02-26 00:11:51 - spektroskopi - INFO - Raspberry Pi'dan veri alındı: 6e400003-b5a3-f393-e0a9-e50e24dcca9e (Handle: 8): Nordic UART TX, uzunluk: 2
2026-02-26 00:11:51 - spektroskopi - INFO - Raspberry Pi verisi: Ham=414, Voltaj=414.000V
2026-02-26 00:11:51 - spektroskopi - INFO - Raspberry Pi verisi işlendi: SENSOR_5 = 414.000V
2026-02-26 00:11:51 - spektroskopi - INFO - Raspberry Pi'dan veri alındı: 6e400002-b5a3-f393-e0a9-e50e24dcca9e (Handle: 19): Nordic UART RX, uzunluk: 2
2026-02-26 00:11:51 - spektroskopi - INFO - Raspberry Pi verisi: Ham=1648, Voltaj=1648.000V
2026-02-26 00:11:51 - spektroskopi - INFO - Raspberry Pi verisi işlendi: SENSOR_2 = 1648.000V
2026-02-26 00:11:51 - spektroskopi - INFO - Raspberry Pi'dan veri alındı: 6e400005-b5a3-f393-e0a9-e50e24dcca9e (Handle: 16): Unknown, uzunluk: 2
2026-02-26 00:11:51 - spektroskopi - INFO - Raspberry Pi verisi: Ham=1933, Voltaj=1933.000V
2026-02-26 00:11:51 - spektroskopi - INFO - Raspberry Pi verisi işlendi: SENSOR_EXTRA = 1933.000V
2026-02-26 00:11:51 - spektroskopi - WARNING - Zaman sıralama düzeltildi (averaged): 2026-02-26 00:11:51.579774
2026-02-26 00:11:51 - spektroskopi - WARNING - Zaman sıralama düzeltildi (averaged): 2026-02-26 00:11:51.580774
2026-02-26 00:11:51 - spektroskopi - WARNING - Zaman sıralama düzeltildi (averaged): 2026-02-26 00:11:51.581774
2026-02-26 00:11:51 - spektroskopi - WARNING - Zaman sıralama düzeltildi (averaged): 2026-02-26 00:11:51.582774
2026-02-26 00:11:51 - spektroskopi - WARNING - RealTimePanel: UV_360nm raw data uzunluk uyumsuzluğu (timestamps: 244, data: 62)
2026-02-26 00:11:51 - spektroskopi - WARNING - RealTimePanel: UV_360nm calibrated data uzunluk uyumsuzluğu (timestamps: 244, data: 62)
2026-02-26 00:11:51 - spektroskopi - WARNING - RealTimePanel: Blue_450nm raw data uzunluk uyumsuzluğu (timestamps: 244, data: 62)
2026-02-26 00:11:51 - spektroskopi - WARNING - RealTimePanel: Blue_450nm calibrated data uzunluk uyumsuzluğu (timestamps: 244, data: 62)
2026-02-26 00:11:51 - spektroskopi - WARNING - RealTimePanel: IR_850nm raw data uzunluk uyumsuzluğu (timestamps: 244, data: 60)
2026-02-26 00:11:51 - spektroskopi - WARNING - RealTimePanel: IR_850nm calibrated data uzunluk uyumsuzluğu (timestamps: 244, data: 60)
2026-02-26 00:11:51 - spektroskopi - WARNING - RealTimePanel: IR_940nm raw data uzunluk uyumsuzluğu (timestamps: 244, data: 60)
2026-02-26 00:11:51 - spektroskopi - WARNING - RealTimePanel: IR_940nm calibrated data uzunluk uyumsuzluğu (timestamps: 244, data: 60)
2026-02-26 00:11:51 - spektroskopi - INFO - Raspberry Pi'dan veri alındı: 6e400004-b5a3-f393-e0a9-e50e24dcca9e (Handle: 11): Unknown, uzunluk: 2
2026-02-26 00:11:51 - spektroskopi - INFO - Raspberry Pi verisi: Ham=306, Voltaj=306.000V
2026-02-26 00:11:51 - spektroskopi - INFO - Raspberry Pi verisi işlendi: SENSOR_7 = 306.000V
2026-02-26 00:11:52 - spektroskopi - INFO - Raspberry Pi'dan veri alındı: 6e400003-b5a3-f393-e0a9-e50e24dcca9e (Handle: 8): Nordic UART TX, uzunluk: 2
2026-02-26 00:11:52 - spektroskopi - INFO - Raspberry Pi verisi: Ham=429, Voltaj=429.000V
2026-02-26 00:11:52 - spektroskopi - INFO - Raspberry Pi verisi işlendi: SENSOR_5 = 429.000V
2026-02-26 00:11:52 - spektroskopi - INFO - Raspberry Pi'dan veri alındı: 6e400002-b5a3-f393-e0a9-e50e24dcca9e (Handle: 19): Nordic UART RX, uzunluk: 2
2026-02-26 00:11:52 - spektroskopi - INFO - Raspberry Pi verisi: Ham=1637, Voltaj=1637.000V
2026-02-26 00:11:52 - spektroskopi - INFO - Raspberry Pi verisi işlendi: SENSOR_2 = 1637.000V
2026-02-26 00:11:52 - spektroskopi - INFO - Raspberry Pi'dan veri alındı: 6e400005-b5a3-f393-e0a9-e50e24dcca9e (Handle: 16): Unknown, uzunluk: 2
2026-02-26 00:11:52 - spektroskopi - INFO - Raspberry Pi verisi: Ham=1918, Voltaj=1918.000V
2026-02-26 00:11:52 - spektroskopi - INFO - Raspberry Pi verisi işlendi: SENSOR_EXTRA = 1918.000V
2026-02-26 00:11:52 - spektroskopi - INFO - Raspberry Pi'dan veri alındı: 6e400004-b5a3-f393-e0a9-e50e24dcca9e (Handle: 11): Unknown, uzunluk: 2
2026-02-26 00:11:52 - spektroskopi - INFO - Raspberry Pi verisi: Ham=307, Voltaj=307.000V
2026-02-26 00:11:52 - spektroskopi - INFO - Raspberry Pi verisi işlendi: SENSOR_7 = 307.000V
2026-02-26 00:11:52 - spektroskopi - WARNING - Zaman sıralama düzeltildi (averaged): 2026-02-26 00:11:52.718315
2026-02-26 00:11:52 - spektroskopi - WARNING - Zaman sıralama düzeltildi (averaged): 2026-02-26 00:11:52.719315
2026-02-26 00:11:52 - spektroskopi - WARNING - Zaman sıralama düzeltildi (averaged): 2026-02-26 00:11:52.720315
2026-02-26 00:11:52 - spektroskopi - WARNING - Zaman sıralama düzeltildi (averaged): 2026-02-26 00:11:52.721315
2026-02-26 00:11:52 - spektroskopi - WARNING - Zaman sıralama düzeltildi (averaged): 2026-02-26 00:11:52.722315
2026-02-26 00:11:52 - spektroskopi - WARNING - RealTimePanel: UV_360nm raw data uzunluk uyumsuzluğu (timestamps: 254, data: 64)
2026-02-26 00:11:52 - spektroskopi - WARNING - RealTimePanel: UV_360nm calibrated data uzunluk uyumsuzluğu (timestamps: 254, data: 64)
2026-02-26 00:11:52 - spektroskopi - WARNING - RealTimePanel: Blue_450nm raw data uzunluk uyumsuzluğu (timestamps: 254, data: 64)
2026-02-26 00:11:52 - spektroskopi - WARNING - RealTimePanel: Blue_450nm calibrated data uzunluk uyumsuzluğu (timestamps: 254, data: 64)
2026-02-26 00:11:52 - spektroskopi - WARNING - RealTimePanel: IR_850nm raw data uzunluk uyumsuzluğu (timestamps: 254, data: 64)
2026-02-26 00:11:52 - spektroskopi - WARNING - RealTimePanel: IR_850nm calibrated data uzunluk uyumsuzluğu (timestamps: 254, data: 64)
2026-02-26 00:11:52 - spektroskopi - WARNING - RealTimePanel: IR_940nm raw data uzunluk uyumsuzluğu (timestamps: 254, data: 62)
2026-02-26 00:11:52 - spektroskopi - WARNING - RealTimePanel: IR_940nm calibrated data uzunluk uyumsuzluğu (timestamps: 254, data: 62)
2026-02-26 00:11:52 - spektroskopi - INFO - Raspberry Pi'dan veri alındı: 6e400003-b5a3-f393-e0a9-e50e24dcca9e (Handle: 8): Nordic UART TX, uzunluk: 2
2026-02-26 00:11:52 - spektroskopi - INFO - Raspberry Pi verisi: Ham=412, Voltaj=412.000V
2026-02-26 00:11:52 - spektroskopi - INFO - Raspberry Pi verisi işlendi: SENSOR_5 = 412.000V
2026-02-26 00:11:53 - spektroskopi - INFO - Raspberry Pi'dan veri alındı: 6e400002-b5a3-f393-e0a9-e50e24dcca9e (Handle: 19): Nordic UART RX, uzunluk: 2
2026-02-26 00:11:53 - spektroskopi - INFO - Raspberry Pi verisi: Ham=1632, Voltaj=1632.000V
2026-02-26 00:11:53 - spektroskopi - INFO - Raspberry Pi verisi işlendi: SENSOR_2 = 1632.000V
2026-02-26 00:11:53 - spektroskopi - INFO - Raspberry Pi'dan veri alındı: 6e400005-b5a3-f393-e0a9-e50e24dcca9e (Handle: 16): Unknown, uzunluk: 2
2026-02-26 00:11:53 - spektroskopi - INFO - Raspberry Pi verisi: Ham=1927, Voltaj=1927.000V
2026-02-26 00:11:53 - spektroskopi - INFO - Raspberry Pi verisi işlendi: SENSOR_EXTRA = 1927.000V
2026-02-26 00:11:53 - spektroskopi - INFO - Raspberry Pi'dan veri alındı: 6e400004-b5a3-f393-e0a9-e50e24dcca9e (Handle: 11): Unknown, uzunluk: 2
2026-02-26 00:11:53 - spektroskopi - INFO - Raspberry Pi verisi: Ham=307, Voltaj=307.000V
2026-02-26 00:11:53 - spektroskopi - INFO - Raspberry Pi verisi işlendi: SENSOR_7 = 307.000V
2026-02-26 00:11:53 - spektroskopi - WARNING - Zaman sıralama düzeltildi (averaged): 2026-02-26 00:11:53.618341
2026-02-26 00:11:53 - spektroskopi - WARNING - Zaman sıralama düzeltildi (averaged): 2026-02-26 00:11:53.619341
2026-02-26 00:11:53 - spektroskopi - WARNING - Zaman sıralama düzeltildi (averaged): 2026-02-26 00:11:53.620341
2026-02-26 00:11:53 - spektroskopi - WARNING - Zaman sıralama düzeltildi (averaged): 2026-02-26 00:11:53.621341
2026-02-26 00:11:53 - spektroskopi - WARNING - RealTimePanel: UV_360nm raw data uzunluk uyumsuzluğu (timestamps: 262, data: 66)
2026-02-26 00:11:53 - spektroskopi - WARNING - RealTimePanel: UV_360nm calibrated data uzunluk uyumsuzluğu (timestamps: 262, data: 66)
2026-02-26 00:11:53 - spektroskopi - WARNING - RealTimePanel: Blue_450nm raw data uzunluk uyumsuzluğu (timestamps: 262, data: 66)
2026-02-26 00:11:53 - spektroskopi - WARNING - RealTimePanel: Blue_450nm calibrated data uzunluk uyumsuzluğu (timestamps: 262, data: 66)
2026-02-26 00:11:53 - spektroskopi - WARNING - RealTimePanel: IR_850nm raw data uzunluk uyumsuzluğu (timestamps: 262, data: 66)
2026-02-26 00:11:53 - spektroskopi - WARNING - RealTimePanel: IR_850nm calibrated data uzunluk uyumsuzluğu (timestamps: 262, data: 66)
2026-02-26 00:11:53 - spektroskopi - WARNING - RealTimePanel: IR_940nm raw data uzunluk uyumsuzluğu (timestamps: 262, data: 64)
2026-02-26 00:11:53 - spektroskopi - WARNING - RealTimePanel: IR_940nm calibrated data uzunluk uyumsuzluğu (timestamps: 262, data: 64)
2026-02-26 00:11:53 - spektroskopi - INFO - Raspberry Pi'dan veri alındı: 6e400003-b5a3-f393-e0a9-e50e24dcca9e (Handle: 8): Nordic UART TX, uzunluk: 2
2026-02-26 00:11:53 - spektroskopi - INFO - Raspberry Pi verisi: Ham=407, Voltaj=407.000V
2026-02-26 00:11:53 - spektroskopi - INFO - Raspberry Pi verisi işlendi: SENSOR_5 = 407.000V
2026-02-26 00:11:53 - spektroskopi - INFO - Raspberry Pi'dan veri alındı: 6e400002-b5a3-f393-e0a9-e50e24dcca9e (Handle: 19): Nordic UART RX, uzunluk: 2
2026-02-26 00:11:53 - spektroskopi - INFO - Raspberry Pi verisi: Ham=1538, Voltaj=1538.000V
2026-02-26 00:11:53 - spektroskopi - INFO - Raspberry Pi verisi işlendi: SENSOR_2 = 1538.000V
2026-02-26 00:11:54 - spektroskopi - INFO - Raspberry Pi'dan veri alındı: 6e400005-b5a3-f393-e0a9-e50e24dcca9e (Handle: 16): Unknown, uzunluk: 2
2026-02-26 00:11:54 - spektroskopi - INFO - Raspberry Pi verisi: Ham=1823, Voltaj=1823.000V
2026-02-26 00:11:54 - spektroskopi - INFO - Raspberry Pi verisi işlendi: SENSOR_EXTRA = 1823.000V
2026-02-26 00:11:54 - spektroskopi - INFO - Raspberry Pi'dan veri alındı: 6e400004-b5a3-f393-e0a9-e50e24dcca9e (Handle: 11): Unknown, uzunluk: 2
2026-02-26 00:11:54 - spektroskopi - INFO - Raspberry Pi verisi: Ham=302, Voltaj=302.000V
2026-02-26 00:11:54 - spektroskopi - INFO - Raspberry Pi verisi işlendi: SENSOR_7 = 302.000V
2026-02-26 00:11:54 - spektroskopi - WARNING - Zaman sıralama düzeltildi (averaged): 2026-02-26 00:11:54.488340
2026-02-26 00:11:54 - spektroskopi - WARNING - Zaman sıralama düzeltildi (averaged): 2026-02-26 00:11:54.489340
2026-02-26 00:11:54 - spektroskopi - WARNING - Zaman sıralama düzeltildi (averaged): 2026-02-26 00:11:54.490340
2026-02-26 00:11:54 - spektroskopi - WARNING - Zaman sıralama düzeltildi (averaged): 2026-02-26 00:11:54.491340
2026-02-26 00:11:54 - spektroskopi - WARNING - RealTimePanel: UV_360nm raw data uzunluk uyumsuzluğu (timestamps: 270, data: 68)
2026-02-26 00:11:54 - spektroskopi - WARNING - RealTimePanel: UV_360nm calibrated data uzunluk uyumsuzluğu (timestamps: 270, data: 68)
2026-02-26 00:11:54 - spektroskopi - WARNING - RealTimePanel: Blue_450nm raw data uzunluk uyumsuzluğu (timestamps: 270, data: 68)
2026-02-26 00:11:54 - spektroskopi - WARNING - RealTimePanel: Blue_450nm calibrated data uzunluk uyumsuzluğu (timestamps: 270, data: 68)
2026-02-26 00:11:54 - spektroskopi - WARNING - RealTimePanel: IR_850nm raw data uzunluk uyumsuzluğu (timestamps: 270, data: 68)
2026-02-26 00:11:54 - spektroskopi - WARNING - RealTimePanel: IR_850nm calibrated data uzunluk uyumsuzluğu (timestamps: 270, data: 68)
2026-02-26 00:11:54 - spektroskopi - WARNING - RealTimePanel: IR_940nm raw data uzunluk uyumsuzluğu (timestamps: 270, data: 66)
2026-02-26 00:11:54 - spektroskopi - WARNING - RealTimePanel: IR_940nm calibrated data uzunluk uyumsuzluğu (timestamps: 270, data: 66)
2026-02-26 00:11:54 - spektroskopi - INFO - Raspberry Pi'dan veri alındı: 6e400003-b5a3-f393-e0a9-e50e24dcca9e (Handle: 8): Nordic UART TX, uzunluk: 2
2026-02-26 00:11:54 - spektroskopi - INFO - Raspberry Pi verisi: Ham=430, Voltaj=430.000V
2026-02-26 00:11:54 - spektroskopi - INFO - Raspberry Pi verisi işlendi: SENSOR_5 = 430.000V
2026-02-26 00:11:54 - spektroskopi - INFO - Raspberry Pi'dan veri alındı: 6e400002-b5a3-f393-e0a9-e50e24dcca9e (Handle: 19): Nordic UART RX, uzunluk: 2
2026-02-26 00:11:54 - spektroskopi - INFO - Raspberry Pi verisi: Ham=1379, Voltaj=1379.000V
2026-02-26 00:11:54 - spektroskopi - INFO - Raspberry Pi verisi işlendi: SENSOR_2 = 1379.000V
2026-02-26 00:11:55 - spektroskopi - INFO - Raspberry Pi'dan veri alındı: 6e400005-b5a3-f393-e0a9-e50e24dcca9e (Handle: 16): Unknown, uzunluk: 2
2026-02-26 00:11:55 - spektroskopi - INFO - Raspberry Pi verisi: Ham=1585, Voltaj=1585.000V
2026-02-26 00:11:55 - spektroskopi - INFO - Raspberry Pi verisi işlendi: SENSOR_EXTRA = 1585.000V
2026-02-26 00:11:55 - spektroskopi - INFO - Raspberry Pi'dan veri alındı: 6e400004-b5a3-f393-e0a9-e50e24dcca9e (Handle: 11): Unknown, uzunluk: 2
2026-02-26 00:11:55 - spektroskopi - INFO - Raspberry Pi verisi: Ham=309, Voltaj=309.000V
2026-02-26 00:11:55 - spektroskopi - INFO - Raspberry Pi verisi işlendi: SENSOR_7 = 309.000V
2026-02-26 00:11:55 - spektroskopi - INFO - Raspberry Pi'dan veri alındı: 6e400003-b5a3-f393-e0a9-e50e24dcca9e (Handle: 8): Nordic UART TX, uzunluk: 2
2026-02-26 00:11:55 - spektroskopi - INFO - Raspberry Pi verisi: Ham=436, Voltaj=436.000V
2026-02-26 00:11:55 - spektroskopi - INFO - Raspberry Pi verisi işlendi: SENSOR_5 = 436.000V
2026-02-26 00:11:55 - spektroskopi - INFO - Raspberry Pi'dan veri alındı: 6e400002-b5a3-f393-e0a9-e50e24dcca9e (Handle: 19): Nordic UART RX, uzunluk: 2
2026-02-26 00:11:55 - spektroskopi - INFO - Raspberry Pi verisi: Ham=1392, Voltaj=1392.000V
2026-02-26 00:11:55 - spektroskopi - INFO - Raspberry Pi verisi işlendi: SENSOR_2 = 1392.000V
2026-02-26 00:11:55 - spektroskopi - WARNING - Zaman sıralama düzeltildi (averaged): 2026-02-26 00:11:55.718448
2026-02-26 00:11:55 - spektroskopi - WARNING - Zaman sıralama düzeltildi (averaged): 2026-02-26 00:11:55.719448
2026-02-26 00:11:55 - spektroskopi - WARNING - Zaman sıralama düzeltildi (averaged): 2026-02-26 00:11:55.720448
2026-02-26 00:11:55 - spektroskopi - WARNING - Zaman sıralama düzeltildi (averaged): 2026-02-26 00:11:55.721448
2026-02-26 00:11:55 - spektroskopi - WARNING - Zaman sıralama düzeltildi (averaged): 2026-02-26 00:11:55.722448
2026-02-26 00:11:55 - spektroskopi - WARNING - Zaman sıralama düzeltildi (averaged): 2026-02-26 00:11:55.723448
2026-02-26 00:11:55 - spektroskopi - WARNING - RealTimePanel: UV_360nm raw data uzunluk uyumsuzluğu (timestamps: 282, data: 72)
2026-02-26 00:11:55 - spektroskopi - WARNING - RealTimePanel: UV_360nm calibrated data uzunluk uyumsuzluğu (timestamps: 282, data: 72)
2026-02-26 00:11:55 - spektroskopi - WARNING - RealTimePanel: Blue_450nm raw data uzunluk uyumsuzluğu (timestamps: 282, data: 70)
2026-02-26 00:11:55 - spektroskopi - WARNING - RealTimePanel: Blue_450nm calibrated data uzunluk uyumsuzluğu (timestamps: 282, data: 70)
2026-02-26 00:11:55 - spektroskopi - WARNING - RealTimePanel: IR_850nm raw data uzunluk uyumsuzluğu (timestamps: 282, data: 70)
2026-02-26 00:11:55 - spektroskopi - WARNING - RealTimePanel: IR_850nm calibrated data uzunluk uyumsuzluğu (timestamps: 282, data: 70)
2026-02-26 00:11:55 - spektroskopi - WARNING - RealTimePanel: IR_940nm raw data uzunluk uyumsuzluğu (timestamps: 282, data: 70)
2026-02-26 00:11:55 - spektroskopi - WARNING - RealTimePanel: IR_940nm calibrated data uzunluk uyumsuzluğu (timestamps: 282, data: 70)
2026-02-26 00:11:55 - spektroskopi - INFO - Raspberry Pi'dan veri alındı: 6e400005-b5a3-f393-e0a9-e50e24dcca9e (Handle: 16): Unknown, uzunluk: 2
2026-02-26 00:11:55 - spektroskopi - INFO - Raspberry Pi verisi: Ham=1848, Voltaj=1848.000V
2026-02-26 00:11:55 - spektroskopi - INFO - Raspberry Pi verisi işlendi: SENSOR_EXTRA = 1848.000V
2026-02-26 00:11:56 - spektroskopi - INFO - Raspberry Pi'dan veri alındı: 6e400004-b5a3-f393-e0a9-e50e24dcca9e (Handle: 11): Unknown, uzunluk: 2
2026-02-26 00:11:56 - spektroskopi - INFO - Raspberry Pi verisi: Ham=311, Voltaj=311.000V
2026-02-26 00:11:56 - spektroskopi - INFO - Raspberry Pi verisi işlendi: SENSOR_7 = 311.000V
2026-02-26 00:11:56 - spektroskopi - INFO - Raspberry Pi'dan veri alındı: 6e400003-b5a3-f393-e0a9-e50e24dcca9e (Handle: 8): Nordic UART TX, uzunluk: 2
2026-02-26 00:11:56 - spektroskopi - INFO - Raspberry Pi verisi: Ham=441, Voltaj=441.000V
2026-02-26 00:11:56 - spektroskopi - INFO - Raspberry Pi verisi işlendi: SENSOR_5 = 441.000V
2026-02-26 00:11:56 - spektroskopi - INFO - Raspberry Pi'dan veri alındı: 6e400002-b5a3-f393-e0a9-e50e24dcca9e (Handle: 19): Nordic UART RX, uzunluk: 2
2026-02-26 00:11:56 - spektroskopi - INFO - Raspberry Pi verisi: Ham=1675, Voltaj=1675.000V
2026-02-26 00:11:56 - spektroskopi - INFO - Raspberry Pi verisi işlendi: SENSOR_2 = 1675.000V
2026-02-26 00:11:56 - spektroskopi - WARNING - Zaman sıralama düzeltildi (averaged): 2026-02-26 00:11:56.618424
2026-02-26 00:11:56 - spektroskopi - WARNING - Zaman sıralama düzeltildi (averaged): 2026-02-26 00:11:56.619424
2026-02-26 00:11:56 - spektroskopi - WARNING - Zaman sıralama düzeltildi (averaged): 2026-02-26 00:11:56.620424
2026-02-26 00:11:56 - spektroskopi - WARNING - Zaman sıralama düzeltildi (averaged): 2026-02-26 00:11:56.621424
2026-02-26 00:11:56 - spektroskopi - WARNING - RealTimePanel: UV_360nm raw data uzunluk uyumsuzluğu (timestamps: 290, data: 74)
2026-02-26 00:11:56 - spektroskopi - WARNING - RealTimePanel: UV_360nm calibrated data uzunluk uyumsuzluğu (timestamps: 290, data: 74)
2026-02-26 00:11:56 - spektroskopi - WARNING - RealTimePanel: Blue_450nm raw data uzunluk uyumsuzluğu (timestamps: 290, data: 72)
2026-02-26 00:11:56 - spektroskopi - WARNING - RealTimePanel: Blue_450nm calibrated data uzunluk uyumsuzluğu (timestamps: 290, data: 72)
2026-02-26 00:11:56 - spektroskopi - WARNING - RealTimePanel: IR_850nm raw data uzunluk uyumsuzluğu (timestamps: 290, data: 72)
2026-02-26 00:11:56 - spektroskopi - WARNING - RealTimePanel: IR_850nm calibrated data uzunluk uyumsuzluğu (timestamps: 290, data: 72)
2026-02-26 00:11:56 - spektroskopi - WARNING - RealTimePanel: IR_940nm raw data uzunluk uyumsuzluğu (timestamps: 290, data: 72)
2026-02-26 00:11:56 - spektroskopi - WARNING - RealTimePanel: IR_940nm calibrated data uzunluk uyumsuzluğu (timestamps: 290, data: 72)
2026-02-26 00:11:56 - spektroskopi - INFO - Raspberry Pi'dan veri alındı: 6e400005-b5a3-f393-e0a9-e50e24dcca9e (Handle: 16): Unknown, uzunluk: 2
2026-02-26 00:11:56 - spektroskopi - INFO - Raspberry Pi verisi: Ham=1955, Voltaj=1955.000V
2026-02-26 00:11:56 - spektroskopi - INFO - Raspberry Pi verisi işlendi: SENSOR_EXTRA = 1955.000V
2026-02-26 00:11:57 - spektroskopi - INFO - Raspberry Pi'dan veri alındı: 6e400004-b5a3-f393-e0a9-e50e24dcca9e (Handle: 11): Unknown, uzunluk: 2
2026-02-26 00:11:57 - spektroskopi - INFO - Raspberry Pi verisi: Ham=314, Voltaj=314.000V
2026-02-26 00:11:57 - spektroskopi - INFO - Raspberry Pi verisi işlendi: SENSOR_7 = 314.000V
2026-02-26 00:11:57 - spektroskopi - INFO - Raspberry Pi'dan veri alındı: 6e400003-b5a3-f393-e0a9-e50e24dcca9e (Handle: 8): Nordic UART TX, uzunluk: 2
2026-02-26 00:11:57 - spektroskopi - INFO - Raspberry Pi verisi: Ham=446, Voltaj=446.000V
2026-02-26 00:11:57 - spektroskopi - INFO - Raspberry Pi verisi işlendi: SENSOR_5 = 446.000V
2026-02-26 00:11:57 - spektroskopi - INFO - Raspberry Pi'dan veri alındı: 6e400002-b5a3-f393-e0a9-e50e24dcca9e (Handle: 19): Nordic UART RX, uzunluk: 2
2026-02-26 00:11:57 - spektroskopi - INFO - Raspberry Pi verisi: Ham=1688, Voltaj=1688.000V
2026-02-26 00:11:57 - spektroskopi - INFO - Raspberry Pi verisi işlendi: SENSOR_2 = 1688.000V
2026-02-26 00:11:57 - spektroskopi - INFO - Raspberry Pi'dan veri alındı: 6e400005-b5a3-f393-e0a9-e50e24dcca9e (Handle: 16): Unknown, uzunluk: 2
2026-02-26 00:11:57 - spektroskopi - INFO - Raspberry Pi verisi: Ham=1994, Voltaj=1994.000V
2026-02-26 00:11:57 - spektroskopi - INFO - Raspberry Pi verisi işlendi: SENSOR_EXTRA = 1994.000V
2026-02-26 00:11:57 - spektroskopi - WARNING - Zaman sıralama düzeltildi (averaged): 2026-02-26 00:11:57.759448
2026-02-26 00:11:57 - spektroskopi - WARNING - Zaman sıralama düzeltildi (averaged): 2026-02-26 00:11:57.760448
2026-02-26 00:11:57 - spektroskopi - WARNING - Zaman sıralama düzeltildi (averaged): 2026-02-26 00:11:57.761448
2026-02-26 00:11:57 - spektroskopi - WARNING - Zaman sıralama düzeltildi (averaged): 2026-02-26 00:11:57.762448
2026-02-26 00:11:57 - spektroskopi - WARNING - Zaman sıralama düzeltildi (averaged): 2026-02-26 00:11:57.763448
2026-02-26 00:11:57 - spektroskopi - WARNING - RealTimePanel: UV_360nm raw data uzunluk uyumsuzluğu (timestamps: 300, data: 76)
2026-02-26 00:11:57 - spektroskopi - WARNING - RealTimePanel: UV_360nm calibrated data uzunluk uyumsuzluğu (timestamps: 300, data: 76)
2026-02-26 00:11:57 - spektroskopi - WARNING - RealTimePanel: Blue_450nm raw data uzunluk uyumsuzluğu (timestamps: 300, data: 76)
2026-02-26 00:11:57 - spektroskopi - WARNING - RealTimePanel: Blue_450nm calibrated data uzunluk uyumsuzluğu (timestamps: 300, data: 76)
2026-02-26 00:11:57 - spektroskopi - WARNING - RealTimePanel: IR_850nm raw data uzunluk uyumsuzluğu (timestamps: 300, data: 74)
2026-02-26 00:11:57 - spektroskopi - WARNING - RealTimePanel: IR_850nm calibrated data uzunluk uyumsuzluğu (timestamps: 300, data: 74)
2026-02-26 00:11:57 - spektroskopi - WARNING - RealTimePanel: IR_940nm raw data uzunluk uyumsuzluğu (timestamps: 300, data: 74)
2026-02-26 00:11:57 - spektroskopi - WARNING - RealTimePanel: IR_940nm calibrated data uzunluk uyumsuzluğu (timestamps: 300, data: 74)
2026-02-26 00:11:57 - spektroskopi - INFO - Raspberry Pi'dan veri alındı: 6e400004-b5a3-f393-e0a9-e50e24dcca9e (Handle: 11): Unknown, uzunluk: 2
2026-02-26 00:11:57 - spektroskopi - INFO - Raspberry Pi verisi: Ham=314, Voltaj=314.000V
2026-02-26 00:11:57 - spektroskopi - INFO - Raspberry Pi verisi işlendi: SENSOR_7 = 314.000V
2026-02-26 00:11:58 - spektroskopi - INFO - Raspberry Pi'dan veri alındı: 6e400003-b5a3-f393-e0a9-e50e24dcca9e (Handle: 8): Nordic UART TX, uzunluk: 2
2026-02-26 00:11:58 - spektroskopi - INFO - Raspberry Pi verisi: Ham=439, Voltaj=439.000V
2026-02-26 00:11:58 - spektroskopi - INFO - Raspberry Pi verisi işlendi: SENSOR_5 = 439.000V
2026-02-26 00:11:58 - spektroskopi - INFO - Raspberry Pi'dan veri alındı: 6e400002-b5a3-f393-e0a9-e50e24dcca9e (Handle: 19): Nordic UART RX, uzunluk: 2
2026-02-26 00:11:58 - spektroskopi - INFO - Raspberry Pi verisi: Ham=1687, Voltaj=1687.000V
2026-02-26 00:11:58 - spektroskopi - INFO - Raspberry Pi verisi işlendi: SENSOR_2 = 1687.000V
2026-02-26 00:11:58 - spektroskopi - INFO - Raspberry Pi'dan veri alındı: 6e400005-b5a3-f393-e0a9-e50e24dcca9e (Handle: 16): Unknown, uzunluk: 2
2026-02-26 00:11:58 - spektroskopi - INFO - Raspberry Pi verisi: Ham=1957, Voltaj=1957.000V
2026-02-26 00:11:58 - spektroskopi - INFO - Raspberry Pi verisi işlendi: SENSOR_EXTRA = 1957.000V
2026-02-26 00:11:58 - spektroskopi - WARNING - Zaman sıralama düzeltildi (averaged): 2026-02-26 00:11:58.628011
2026-02-26 00:11:58 - spektroskopi - WARNING - Zaman sıralama düzeltildi (averaged): 2026-02-26 00:11:58.629011
2026-02-26 00:11:58 - spektroskopi - WARNING - Zaman sıralama düzeltildi (averaged): 2026-02-26 00:11:58.630011
2026-02-26 00:11:58 - spektroskopi - WARNING - Zaman sıralama düzeltildi (averaged): 2026-02-26 00:11:58.631011
2026-02-26 00:11:58 - spektroskopi - WARNING - RealTimePanel: UV_360nm raw data uzunluk uyumsuzluğu (timestamps: 308, data: 78)
2026-02-26 00:11:58 - spektroskopi - WARNING - RealTimePanel: UV_360nm calibrated data uzunluk uyumsuzluğu (timestamps: 308, data: 78)
2026-02-26 00:11:58 - spektroskopi - WARNING - RealTimePanel: Blue_450nm raw data uzunluk uyumsuzluğu (timestamps: 308, data: 78)
2026-02-26 00:11:58 - spektroskopi - WARNING - RealTimePanel: Blue_450nm calibrated data uzunluk uyumsuzluğu (timestamps: 308, data: 78)
2026-02-26 00:11:58 - spektroskopi - WARNING - RealTimePanel: IR_850nm raw data uzunluk uyumsuzluğu (timestamps: 308, data: 76)
2026-02-26 00:11:58 - spektroskopi - WARNING - RealTimePanel: IR_850nm calibrated data uzunluk uyumsuzluğu (timestamps: 308, data: 76)
2026-02-26 00:11:58 - spektroskopi - WARNING - RealTimePanel: IR_940nm raw data uzunluk uyumsuzluğu (timestamps: 308, data: 76)
2026-02-26 00:11:58 - spektroskopi - WARNING - RealTimePanel: IR_940nm calibrated data uzunluk uyumsuzluğu (timestamps: 308, data: 76)
2026-02-26 00:11:58 - spektroskopi - INFO - Raspberry Pi'dan veri alındı: 6e400004-b5a3-f393-e0a9-e50e24dcca9e (Handle: 11): Unknown, uzunluk: 2
2026-02-26 00:11:58 - spektroskopi - INFO - Raspberry Pi verisi: Ham=314, Voltaj=314.000V
2026-02-26 00:11:58 - spektroskopi - INFO - Raspberry Pi verisi işlendi: SENSOR_7 = 314.000V
2026-02-26 00:11:59 - spektroskopi - INFO - Raspberry Pi'dan veri alındı: 6e400003-b5a3-f393-e0a9-e50e24dcca9e (Handle: 8): Nordic UART TX, uzunluk: 2
2026-02-26 00:11:59 - spektroskopi - INFO - Raspberry Pi verisi: Ham=423, Voltaj=423.000V
2026-02-26 00:11:59 - spektroskopi - INFO - Raspberry Pi verisi işlendi: SENSOR_5 = 423.000V
2026-02-26 00:11:59 - spektroskopi - INFO - Raspberry Pi'dan veri alındı: 6e400002-b5a3-f393-e0a9-e50e24dcca9e (Handle: 19): Nordic UART RX, uzunluk: 2
2026-02-26 00:11:59 - spektroskopi - INFO - Raspberry Pi verisi: Ham=1603, Voltaj=1603.000V
2026-02-26 00:11:59 - spektroskopi - INFO - Raspberry Pi verisi işlendi: SENSOR_2 = 1603.000V
2026-02-26 00:11:59 - spektroskopi - INFO - Raspberry Pi'dan veri alındı: 6e400005-b5a3-f393-e0a9-e50e24dcca9e (Handle: 16): Unknown, uzunluk: 2
2026-02-26 00:11:59 - spektroskopi - INFO - Raspberry Pi verisi: Ham=1900, Voltaj=1900.000V
2026-02-26 00:11:59 - spektroskopi - INFO - Raspberry Pi verisi işlendi: SENSOR_EXTRA = 1900.000V
2026-02-26 00:11:59 - spektroskopi - INFO - Raspberry Pi'dan veri alındı: 6e400004-b5a3-f393-e0a9-e50e24dcca9e (Handle: 11): Unknown, uzunluk: 2
2026-02-26 00:11:59 - spektroskopi - WARNING - Zaman sıralama düzeltildi (averaged): 2026-02-26 00:11:59.528737
2026-02-26 00:11:59 - spektroskopi - INFO - Raspberry Pi verisi: Ham=308, Voltaj=308.000V
2026-02-26 00:11:59 - spektroskopi - WARNING - Zaman sıralama düzeltildi (averaged): 2026-02-26 00:11:59.529737
2026-02-26 00:11:59 - spektroskopi - INFO - Raspberry Pi verisi işlendi: SENSOR_7 = 308.000V
2026-02-26 00:11:59 - spektroskopi - WARNING - Zaman sıralama düzeltildi (averaged): 2026-02-26 00:11:59.530737
2026-02-26 00:11:59 - spektroskopi - WARNING - Zaman sıralama düzeltildi (averaged): 2026-02-26 00:11:59.531737
2026-02-26 00:11:59 - spektroskopi - WARNING - RealTimePanel: UV_360nm raw data uzunluk uyumsuzluğu (timestamps: 317, data: 80)
2026-02-26 00:11:59 - spektroskopi - WARNING - RealTimePanel: UV_360nm calibrated data uzunluk uyumsuzluğu (timestamps: 317, data: 80)
2026-02-26 00:11:59 - spektroskopi - WARNING - RealTimePanel: Blue_450nm raw data uzunluk uyumsuzluğu (timestamps: 317, data: 80)
2026-02-26 00:11:59 - spektroskopi - WARNING - RealTimePanel: Blue_450nm calibrated data uzunluk uyumsuzluğu (timestamps: 317, data: 80)
2026-02-26 00:11:59 - spektroskopi - WARNING - RealTimePanel: IR_850nm raw data uzunluk uyumsuzluğu (timestamps: 317, data: 79)
2026-02-26 00:11:59 - spektroskopi - WARNING - RealTimePanel: IR_850nm calibrated data uzunluk uyumsuzluğu (timestamps: 317, data: 79)
2026-02-26 00:11:59 - spektroskopi - WARNING - RealTimePanel: IR_940nm raw data uzunluk uyumsuzluğu (timestamps: 317, data: 78)
2026-02-26 00:11:59 - spektroskopi - WARNING - RealTimePanel: IR_940nm calibrated data uzunluk uyumsuzluğu (timestamps: 317, data: 78)
2026-02-26 00:12:00 - spektroskopi - INFO - Raspberry Pi'dan veri alındı: 6e400003-b5a3-f393-e0a9-e50e24dcca9e (Handle: 8): Nordic UART TX, uzunluk: 2
2026-02-26 00:12:00 - spektroskopi - INFO - Raspberry Pi verisi: Ham=412, Voltaj=412.000V
2026-02-26 00:12:00 - spektroskopi - INFO - Raspberry Pi verisi işlendi: SENSOR_5 = 412.000V
2026-02-26 00:12:00 - spektroskopi - INFO - Raspberry Pi'dan veri alındı: 6e400002-b5a3-f393-e0a9-e50e24dcca9e (Handle: 19): Nordic UART RX, uzunluk: 2
2026-02-26 00:12:00 - spektroskopi - INFO - Raspberry Pi verisi: Ham=1301, Voltaj=1301.000V
2026-02-26 00:12:00 - spektroskopi - INFO - Raspberry Pi verisi işlendi: SENSOR_2 = 1301.000V
2026-02-26 00:12:00 - spektroskopi - INFO - Raspberry Pi'dan veri alındı: 6e400005-b5a3-f393-e0a9-e50e24dcca9e (Handle: 16): Unknown, uzunluk: 2
2026-02-26 00:12:00 - spektroskopi - INFO - Raspberry Pi verisi: Ham=1379, Voltaj=1379.000V
2026-02-26 00:12:00 - spektroskopi - INFO - Raspberry Pi verisi işlendi: SENSOR_EXTRA = 1379.000V
2026-02-26 00:12:00 - spektroskopi - INFO - Raspberry Pi'dan veri alındı: 6e400004-b5a3-f393-e0a9-e50e24dcca9e (Handle: 11): Unknown, uzunluk: 2
2026-02-26 00:12:00 - spektroskopi - INFO - Raspberry Pi verisi: Ham=303, Voltaj=303.000V
2026-02-26 00:12:00 - spektroskopi - INFO - Raspberry Pi verisi işlendi: SENSOR_7 = 303.000V
2026-02-26 00:12:00 - spektroskopi - WARNING - Zaman sıralama düzeltildi (averaged): 2026-02-26 00:12:00.638491
2026-02-26 00:12:00 - spektroskopi - WARNING - Zaman sıralama düzeltildi (averaged): 2026-02-26 00:12:00.639491
2026-02-26 00:12:00 - spektroskopi - WARNING - Zaman sıralama düzeltildi (averaged): 2026-02-26 00:12:00.640491
2026-02-26 00:12:00 - spektroskopi - WARNING - Zaman sıralama düzeltildi (averaged): 2026-02-26 00:12:00.641491
2026-02-26 00:12:00 - spektroskopi - WARNING - Zaman sıralama düzeltildi (averaged): 2026-02-26 00:12:00.642491
2026-02-26 00:12:00 - spektroskopi - WARNING - RealTimePanel: UV_360nm raw data uzunluk uyumsuzluğu (timestamps: 326, data: 82)
2026-02-26 00:12:00 - spektroskopi - WARNING - RealTimePanel: UV_360nm calibrated data uzunluk uyumsuzluğu (timestamps: 326, data: 82)
2026-02-26 00:12:00 - spektroskopi - WARNING - RealTimePanel: Blue_450nm raw data uzunluk uyumsuzluğu (timestamps: 326, data: 82)
2026-02-26 00:12:00 - spektroskopi - WARNING - RealTimePanel: Blue_450nm calibrated data uzunluk uyumsuzluğu (timestamps: 326, data: 82)
2026-02-26 00:12:00 - spektroskopi - WARNING - RealTimePanel: IR_850nm raw data uzunluk uyumsuzluğu (timestamps: 326, data: 82)
2026-02-26 00:12:00 - spektroskopi - WARNING - RealTimePanel: IR_850nm calibrated data uzunluk uyumsuzluğu (timestamps: 326, data: 82)
2026-02-26 00:12:00 - spektroskopi - WARNING - RealTimePanel: IR_940nm raw data uzunluk uyumsuzluğu (timestamps: 326, data: 80)
2026-02-26 00:12:00 - spektroskopi - WARNING - RealTimePanel: IR_940nm calibrated data uzunluk uyumsuzluğu (timestamps: 326, data: 80)
2026-02-26 00:12:00 - spektroskopi - INFO - Raspberry Pi'dan veri alındı: 6e400003-b5a3-f393-e0a9-e50e24dcca9e (Handle: 8): Nordic UART TX, uzunluk: 2
2026-02-26 00:12:00 - spektroskopi - INFO - Raspberry Pi verisi: Ham=419, Voltaj=419.000V
2026-02-26 00:12:00 - spektroskopi - INFO - Raspberry Pi verisi işlendi: SENSOR_5 = 419.000V
2026-02-26 00:12:01 - spektroskopi - INFO - Raspberry Pi'dan veri alındı: 6e400002-b5a3-f393-e0a9-e50e24dcca9e (Handle: 19): Nordic UART RX, uzunluk: 2
2026-02-26 00:12:01 - spektroskopi - INFO - Raspberry Pi verisi: Ham=1556, Voltaj=1556.000V
2026-02-26 00:12:01 - spektroskopi - INFO - Raspberry Pi verisi işlendi: SENSOR_2 = 1556.000V
2026-02-26 00:12:01 - spektroskopi - INFO - Raspberry Pi'dan veri alındı: 6e400005-b5a3-f393-e0a9-e50e24dcca9e (Handle: 16): Unknown, uzunluk: 2
2026-02-26 00:12:01 - spektroskopi - INFO - Raspberry Pi verisi: Ham=1878, Voltaj=1878.000V
2026-02-26 00:12:01 - spektroskopi - INFO - Raspberry Pi verisi işlendi: SENSOR_EXTRA = 1878.000V
2026-02-26 00:12:01 - spektroskopi - INFO - Raspberry Pi'dan veri alındı: 6e400004-b5a3-f393-e0a9-e50e24dcca9e (Handle: 11): Unknown, uzunluk: 2
2026-02-26 00:12:01 - spektroskopi - INFO - Raspberry Pi verisi: Ham=181, Voltaj=181.000V
2026-02-26 00:12:01 - spektroskopi - INFO - Raspberry Pi verisi işlendi: SENSOR_7 = 181.000V
2026-02-26 00:12:01 - spektroskopi - INFO - Raspberry Pi'dan veri alındı: 6e400003-b5a3-f393-e0a9-e50e24dcca9e (Handle: 8): Nordic UART TX, uzunluk: 2
2026-02-26 00:12:01 - spektroskopi - WARNING - Zaman sıralama düzeltildi (averaged): 2026-02-26 00:12:01.568265
2026-02-26 00:12:01 - spektroskopi - INFO - Raspberry Pi verisi: Ham=76, Voltaj=76.000V
2026-02-26 00:12:01 - spektroskopi - WARNING - Zaman sıralama düzeltildi (averaged): 2026-02-26 00:12:01.569265
2026-02-26 00:12:01 - spektroskopi - INFO - Raspberry Pi verisi işlendi: SENSOR_5 = 76.000V
2026-02-26 00:12:01 - spektroskopi - WARNING - Zaman sıralama düzeltildi (averaged): 2026-02-26 00:12:01.570265
2026-02-26 00:12:01 - spektroskopi - WARNING - Zaman sıralama düzeltildi (averaged): 2026-02-26 00:12:01.571265
2026-02-26 00:12:01 - spektroskopi - WARNING - RealTimePanel: UV_360nm raw data uzunluk uyumsuzluğu (timestamps: 335, data: 84)
2026-02-26 00:12:01 - spektroskopi - WARNING - RealTimePanel: UV_360nm calibrated data uzunluk uyumsuzluğu (timestamps: 335, data: 84)
2026-02-26 00:12:01 - spektroskopi - WARNING - RealTimePanel: Blue_450nm raw data uzunluk uyumsuzluğu (timestamps: 335, data: 84)
2026-02-26 00:12:01 - spektroskopi - WARNING - RealTimePanel: Blue_450nm calibrated data uzunluk uyumsuzluğu (timestamps: 335, data: 84)
2026-02-26 00:12:01 - spektroskopi - WARNING - RealTimePanel: IR_850nm raw data uzunluk uyumsuzluğu (timestamps: 335, data: 84)
2026-02-26 00:12:01 - spektroskopi - WARNING - RealTimePanel: IR_850nm calibrated data uzunluk uyumsuzluğu (timestamps: 335, data: 84)
2026-02-26 00:12:01 - spektroskopi - WARNING - RealTimePanel: IR_940nm raw data uzunluk uyumsuzluğu (timestamps: 335, data: 83)
2026-02-26 00:12:01 - spektroskopi - WARNING - RealTimePanel: IR_940nm calibrated data uzunluk uyumsuzluğu (timestamps: 335, data: 83)
2026-02-26 00:12:01 - spektroskopi - INFO - Raspberry Pi'dan veri alındı: 6e400002-b5a3-f393-e0a9-e50e24dcca9e (Handle: 19): Nordic UART RX, uzunluk: 2
2026-02-26 00:12:01 - spektroskopi - INFO - Raspberry Pi verisi: Ham=1625, Voltaj=1625.000V
2026-02-26 00:12:01 - spektroskopi - INFO - Raspberry Pi verisi işlendi: SENSOR_2 = 1625.000V
2026-02-26 00:12:02 - spektroskopi - INFO - Raspberry Pi'dan veri alındı: 6e400005-b5a3-f393-e0a9-e50e24dcca9e (Handle: 16): Unknown, uzunluk: 2
2026-02-26 00:12:02 - spektroskopi - INFO - Raspberry Pi verisi: Ham=2058, Voltaj=2058.000V
2026-02-26 00:12:02 - spektroskopi - INFO - Raspberry Pi verisi işlendi: SENSOR_EXTRA = 2058.000V
2026-02-26 00:12:02 - spektroskopi - INFO - Raspberry Pi'dan veri alındı: 6e400004-b5a3-f393-e0a9-e50e24dcca9e (Handle: 11): Unknown, uzunluk: 2
2026-02-26 00:12:02 - spektroskopi - INFO - Raspberry Pi verisi: Ham=76, Voltaj=76.000V
2026-02-26 00:12:02 - spektroskopi - INFO - Raspberry Pi verisi işlendi: SENSOR_7 = 76.000V
2026-02-26 00:12:02 - spektroskopi - INFO - Raspberry Pi'dan veri alındı: 6e400003-b5a3-f393-e0a9-e50e24dcca9e (Handle: 8): Nordic UART TX, uzunluk: 2
2026-02-26 00:12:02 - spektroskopi - INFO - Raspberry Pi verisi: Ham=75, Voltaj=75.000V
2026-02-26 00:12:02 - spektroskopi - INFO - Raspberry Pi verisi işlendi: SENSOR_5 = 75.000V
2026-02-26 00:12:02 - spektroskopi - INFO - Raspberry Pi'dan veri alındı: 6e400002-b5a3-f393-e0a9-e50e24dcca9e (Handle: 19): Nordic UART RX, uzunluk: 2
2026-02-26 00:12:02 - spektroskopi - INFO - Raspberry Pi verisi: Ham=1231, Voltaj=1231.000V
2026-02-26 00:12:02 - spektroskopi - INFO - Raspberry Pi verisi işlendi: SENSOR_2 = 1231.000V
2026-02-26 00:12:02 - spektroskopi - WARNING - Zaman sıralama düzeltildi (averaged): 2026-02-26 00:12:02.769665
2026-02-26 00:12:02 - spektroskopi - WARNING - Zaman sıralama düzeltildi (averaged): 2026-02-26 00:12:02.770665
2026-02-26 00:12:02 - spektroskopi - WARNING - Zaman sıralama düzeltildi (averaged): 2026-02-26 00:12:02.771665
2026-02-26 00:12:02 - spektroskopi - WARNING - Zaman sıralama düzeltildi (averaged): 2026-02-26 00:12:02.772665
2026-02-26 00:12:02 - spektroskopi - WARNING - Zaman sıralama düzeltildi (averaged): 2026-02-26 00:12:02.773665
2026-02-26 00:12:02 - spektroskopi - WARNING - Zaman sıralama düzeltildi (averaged): 2026-02-26 00:12:02.774665
2026-02-26 00:12:02 - spektroskopi - WARNING - RealTimePanel: UV_360nm raw data uzunluk uyumsuzluğu (timestamps: 346, data: 88)
2026-02-26 00:12:02 - spektroskopi - WARNING - RealTimePanel: UV_360nm calibrated data uzunluk uyumsuzluğu (timestamps: 346, data: 88)
2026-02-26 00:12:02 - spektroskopi - WARNING - RealTimePanel: Blue_450nm raw data uzunluk uyumsuzluğu (timestamps: 346, data: 86)
2026-02-26 00:12:02 - spektroskopi - WARNING - RealTimePanel: Blue_450nm calibrated data uzunluk uyumsuzluğu (timestamps: 346, data: 86)
2026-02-26 00:12:02 - spektroskopi - WARNING - RealTimePanel: IR_850nm raw data uzunluk uyumsuzluğu (timestamps: 346, data: 86)
2026-02-26 00:12:02 - spektroskopi - WARNING - RealTimePanel: IR_850nm calibrated data uzunluk uyumsuzluğu (timestamps: 346, data: 86)
2026-02-26 00:12:02 - spektroskopi - WARNING - RealTimePanel: IR_940nm raw data uzunluk uyumsuzluğu (timestamps: 346, data: 86)
2026-02-26 00:12:02 - spektroskopi - WARNING - RealTimePanel: IR_940nm calibrated data uzunluk uyumsuzluğu (timestamps: 346, data: 86)
2026-02-26 00:12:03 - spektroskopi - INFO - Raspberry Pi'dan veri alındı: 6e400005-b5a3-f393-e0a9-e50e24dcca9e (Handle: 16): Unknown, uzunluk: 2
2026-02-26 00:12:03 - spektroskopi - INFO - Raspberry Pi verisi: Ham=1133, Voltaj=1133.000V
2026-02-26 00:12:03 - spektroskopi - INFO - Raspberry Pi verisi işlendi: SENSOR_EXTRA = 1133.000V
2026-02-26 00:12:03 - spektroskopi - INFO - Raspberry Pi'dan veri alındı: 6e400004-b5a3-f393-e0a9-e50e24dcca9e (Handle: 11): Unknown, uzunluk: 2
2026-02-26 00:12:03 - spektroskopi - INFO - Raspberry Pi verisi: Ham=77, Voltaj=77.000V
2026-02-26 00:12:03 - spektroskopi - INFO - Raspberry Pi verisi işlendi: SENSOR_7 = 77.000V
2026-02-26 00:12:03 - spektroskopi - INFO - Raspberry Pi'dan veri alındı: 6e400003-b5a3-f393-e0a9-e50e24dcca9e (Handle: 8): Nordic UART TX, uzunluk: 2
2026-02-26 00:12:03 - spektroskopi - INFO - Raspberry Pi verisi: Ham=75, Voltaj=75.000V
2026-02-26 00:12:03 - spektroskopi - INFO - Raspberry Pi verisi işlendi: SENSOR_5 = 75.000V
2026-02-26 00:12:03 - spektroskopi - INFO - Raspberry Pi'dan veri alındı: 6e400002-b5a3-f393-e0a9-e50e24dcca9e (Handle: 19): Nordic UART RX, uzunluk: 2
2026-02-26 00:12:03 - spektroskopi - INFO - Raspberry Pi verisi: Ham=930, Voltaj=930.000V
2026-02-26 00:12:03 - spektroskopi - INFO - Raspberry Pi verisi işlendi: SENSOR_2 = 930.000V
2026-02-26 00:12:03 - spektroskopi - WARNING - Zaman sıralama düzeltildi (averaged): 2026-02-26 00:12:03.668454
2026-02-26 00:12:03 - spektroskopi - WARNING - Zaman sıralama düzeltildi (averaged): 2026-02-26 00:12:03.669454
2026-02-26 00:12:03 - spektroskopi - WARNING - Zaman sıralama düzeltildi (averaged): 2026-02-26 00:12:03.670454
2026-02-26 00:12:03 - spektroskopi - WARNING - Zaman sıralama düzeltildi (averaged): 2026-02-26 00:12:03.671454
2026-02-26 00:12:03 - spektroskopi - WARNING - RealTimePanel: UV_360nm raw data uzunluk uyumsuzluğu (timestamps: 354, data: 90)
2026-02-26 00:12:03 - spektroskopi - WARNING - RealTimePanel: UV_360nm calibrated data uzunluk uyumsuzluğu (timestamps: 354, data: 90)
2026-02-26 00:12:03 - spektroskopi - WARNING - RealTimePanel: Blue_450nm raw data uzunluk uyumsuzluğu (timestamps: 354, data: 88)
2026-02-26 00:12:03 - spektroskopi - WARNING - RealTimePanel: Blue_450nm calibrated data uzunluk uyumsuzluğu (timestamps: 354, data: 88)
2026-02-26 00:12:03 - spektroskopi - WARNING - RealTimePanel: IR_850nm raw data uzunluk uyumsuzluğu (timestamps: 354, data: 88)
2026-02-26 00:12:03 - spektroskopi - WARNING - RealTimePanel: IR_850nm calibrated data uzunluk uyumsuzluğu (timestamps: 354, data: 88)
2026-02-26 00:12:03 - spektroskopi - WARNING - RealTimePanel: IR_940nm raw data uzunluk uyumsuzluğu (timestamps: 354, data: 88)
2026-02-26 00:12:03 - spektroskopi - WARNING - RealTimePanel: IR_940nm calibrated data uzunluk uyumsuzluğu (timestamps: 354, data: 88)
2026-02-26 00:12:03 - spektroskopi - INFO - Raspberry Pi'dan veri alındı: 6e400005-b5a3-f393-e0a9-e50e24dcca9e (Handle: 16): Unknown, uzunluk: 2
2026-02-26 00:12:03 - spektroskopi - INFO - Raspberry Pi verisi: Ham=2134, Voltaj=2134.000V
2026-02-26 00:12:03 - spektroskopi - INFO - Raspberry Pi verisi işlendi: SENSOR_EXTRA = 2134.000V
2026-02-26 00:12:04 - spektroskopi - INFO - Raspberry Pi'dan veri alındı: 6e400004-b5a3-f393-e0a9-e50e24dcca9e (Handle: 11): Unknown, uzunluk: 2
2026-02-26 00:12:04 - spektroskopi - INFO - Raspberry Pi verisi: Ham=77, Voltaj=77.000V
2026-02-26 00:12:04 - spektroskopi - INFO - Raspberry Pi verisi işlendi: SENSOR_7 = 77.000V
2026-02-26 00:12:04 - spektroskopi - INFO - Raspberry Pi'dan veri alındı: 6e400003-b5a3-f393-e0a9-e50e24dcca9e (Handle: 8): Nordic UART TX, uzunluk: 2
2026-02-26 00:12:04 - spektroskopi - INFO - Raspberry Pi verisi: Ham=73, Voltaj=73.000V
2026-02-26 00:12:04 - spektroskopi - INFO - Raspberry Pi verisi işlendi: SENSOR_5 = 73.000V
2026-02-26 00:12:04 - spektroskopi - INFO - Raspberry Pi'dan veri alındı: 6e400002-b5a3-f393-e0a9-e50e24dcca9e (Handle: 19): Nordic UART RX, uzunluk: 2
2026-02-26 00:12:04 - spektroskopi - INFO - Raspberry Pi verisi: Ham=1758, Voltaj=1758.000V
2026-02-26 00:12:04 - spektroskopi - INFO - Raspberry Pi verisi işlendi: SENSOR_2 = 1758.000V
2026-02-26 00:12:04 - spektroskopi - WARNING - Zaman sıralama düzeltildi (averaged): 2026-02-26 00:12:04.538645
2026-02-26 00:12:04 - spektroskopi - WARNING - Zaman sıralama düzeltildi (averaged): 2026-02-26 00:12:04.539645
2026-02-26 00:12:04 - spektroskopi - WARNING - Zaman sıralama düzeltildi (averaged): 2026-02-26 00:12:04.540645
2026-02-26 00:12:04 - spektroskopi - WARNING - Zaman sıralama düzeltildi (averaged): 2026-02-26 00:12:04.541645
2026-02-26 00:12:04 - spektroskopi - WARNING - RealTimePanel: UV_360nm raw data uzunluk uyumsuzluğu (timestamps: 362, data: 92)
2026-02-26 00:12:04 - spektroskopi - WARNING - RealTimePanel: UV_360nm calibrated data uzunluk uyumsuzluğu (timestamps: 362, data: 92)
2026-02-26 00:12:04 - spektroskopi - WARNING - RealTimePanel: Blue_450nm raw data uzunluk uyumsuzluğu (timestamps: 362, data: 90)
2026-02-26 00:12:04 - spektroskopi - WARNING - RealTimePanel: Blue_450nm calibrated data uzunluk uyumsuzluğu (timestamps: 362, data: 90)
2026-02-26 00:12:04 - spektroskopi - WARNING - RealTimePanel: IR_850nm raw data uzunluk uyumsuzluğu (timestamps: 362, data: 90)
2026-02-26 00:12:04 - spektroskopi - WARNING - RealTimePanel: IR_850nm calibrated data uzunluk uyumsuzluğu (timestamps: 362, data: 90)
2026-02-26 00:12:04 - spektroskopi - WARNING - RealTimePanel: IR_940nm raw data uzunluk uyumsuzluğu (timestamps: 362, data: 90)
2026-02-26 00:12:04 - spektroskopi - WARNING - RealTimePanel: IR_940nm calibrated data uzunluk uyumsuzluğu (timestamps: 362, data: 90)
2026-02-26 00:12:04 - spektroskopi - INFO - Raspberry Pi'dan veri alındı: 6e400005-b5a3-f393-e0a9-e50e24dcca9e (Handle: 16): Unknown, uzunluk: 2
2026-02-26 00:12:04 - spektroskopi - INFO - Raspberry Pi verisi: Ham=2167, Voltaj=2167.000V
2026-02-26 00:12:04 - spektroskopi - INFO - Raspberry Pi verisi işlendi: SENSOR_EXTRA = 2167.000V
2026-02-26 00:12:05 - spektroskopi - INFO - Raspberry Pi'dan veri alındı: 6e400004-b5a3-f393-e0a9-e50e24dcca9e (Handle: 11): Unknown, uzunluk: 2
2026-02-26 00:12:05 - spektroskopi - INFO - Raspberry Pi verisi: Ham=74, Voltaj=74.000V
2026-02-26 00:12:05 - spektroskopi - INFO - Raspberry Pi verisi işlendi: SENSOR_7 = 74.000V
2026-02-26 00:12:05 - spektroskopi - INFO - Raspberry Pi'dan veri alındı: 6e400003-b5a3-f393-e0a9-e50e24dcca9e (Handle: 8): Nordic UART TX, uzunluk: 2
2026-02-26 00:12:05 - spektroskopi - INFO - Raspberry Pi verisi: Ham=76, Voltaj=76.000V
2026-02-26 00:12:05 - spektroskopi - INFO - Raspberry Pi verisi işlendi: SENSOR_5 = 76.000V
2026-02-26 00:12:05 - spektroskopi - INFO - Raspberry Pi'dan veri alındı: 6e400002-b5a3-f393-e0a9-e50e24dcca9e (Handle: 19): Nordic UART RX, uzunluk: 2
2026-02-26 00:12:05 - spektroskopi - INFO - Raspberry Pi verisi: Ham=1770, Voltaj=1770.000V
2026-02-26 00:12:05 - spektroskopi - INFO - Raspberry Pi verisi işlendi: SENSOR_2 = 1770.000V
2026-02-26 00:12:05 - spektroskopi - INFO - Raspberry Pi'dan veri alındı: 6e400005-b5a3-f393-e0a9-e50e24dcca9e (Handle: 16): Unknown, uzunluk: 2
2026-02-26 00:12:05 - spektroskopi - INFO - Raspberry Pi verisi: Ham=2197, Voltaj=2197.000V
2026-02-26 00:12:05 - spektroskopi - INFO - Raspberry Pi verisi işlendi: SENSOR_EXTRA = 2197.000V
2026-02-26 00:12:05 - spektroskopi - WARNING - Zaman sıralama düzeltildi (averaged): 2026-02-26 00:12:05.678361
2026-02-26 00:12:05 - spektroskopi - WARNING - Zaman sıralama düzeltildi (averaged): 2026-02-26 00:12:05.679361
2026-02-26 00:12:05 - spektroskopi - WARNING - Zaman sıralama düzeltildi (averaged): 2026-02-26 00:12:05.680361
2026-02-26 00:12:05 - spektroskopi - WARNING - Zaman sıralama düzeltildi (averaged): 2026-02-26 00:12:05.681361
2026-02-26 00:12:05 - spektroskopi - WARNING - Zaman sıralama düzeltildi (averaged): 2026-02-26 00:12:05.682361
2026-02-26 00:12:05 - spektroskopi - WARNING - RealTimePanel: UV_360nm raw data uzunluk uyumsuzluğu (timestamps: 372, data: 94)
2026-02-26 00:12:05 - spektroskopi - WARNING - RealTimePanel: UV_360nm calibrated data uzunluk uyumsuzluğu (timestamps: 372, data: 94)
2026-02-26 00:12:05 - spektroskopi - WARNING - RealTimePanel: Blue_450nm raw data uzunluk uyumsuzluğu (timestamps: 372, data: 94)
2026-02-26 00:12:05 - spektroskopi - WARNING - RealTimePanel: Blue_450nm calibrated data uzunluk uyumsuzluğu (timestamps: 372, data: 94)
2026-02-26 00:12:05 - spektroskopi - WARNING - RealTimePanel: IR_850nm raw data uzunluk uyumsuzluğu (timestamps: 372, data: 92)
2026-02-26 00:12:05 - spektroskopi - WARNING - RealTimePanel: IR_850nm calibrated data uzunluk uyumsuzluğu (timestamps: 372, data: 92)
2026-02-26 00:12:05 - spektroskopi - WARNING - RealTimePanel: IR_940nm raw data uzunluk uyumsuzluğu (timestamps: 372, data: 92)
2026-02-26 00:12:05 - spektroskopi - WARNING - RealTimePanel: IR_940nm calibrated data uzunluk uyumsuzluğu (timestamps: 372, data: 92)
2026-02-26 00:12:05 - spektroskopi - INFO - Raspberry Pi'dan veri alındı: 6e400004-b5a3-f393-e0a9-e50e24dcca9e (Handle: 11): Unknown, uzunluk: 2
2026-02-26 00:12:05 - spektroskopi - INFO - Raspberry Pi verisi: Ham=76, Voltaj=76.000V
2026-02-26 00:12:05 - spektroskopi - INFO - Raspberry Pi verisi işlendi: SENSOR_7 = 76.000V
2026-02-26 00:12:06 - spektroskopi - INFO - Raspberry Pi'dan veri alındı: 6e400003-b5a3-f393-e0a9-e50e24dcca9e (Handle: 8): Nordic UART TX, uzunluk: 2
2026-02-26 00:12:06 - spektroskopi - INFO - Raspberry Pi verisi: Ham=74, Voltaj=74.000V
2026-02-26 00:12:06 - spektroskopi - INFO - Raspberry Pi verisi işlendi: SENSOR_5 = 74.000V
2026-02-26 00:12:06 - spektroskopi - INFO - Raspberry Pi'dan veri alındı: 6e400002-b5a3-f393-e0a9-e50e24dcca9e (Handle: 19): Nordic UART RX, uzunluk: 2
2026-02-26 00:12:06 - spektroskopi - INFO - Raspberry Pi verisi: Ham=1851, Voltaj=1851.000V
2026-02-26 00:12:06 - spektroskopi - INFO - Raspberry Pi verisi işlendi: SENSOR_2 = 1851.000V
2026-02-26 00:12:06 - spektroskopi - INFO - Raspberry Pi'dan veri alındı: 6e400005-b5a3-f393-e0a9-e50e24dcca9e (Handle: 16): Unknown, uzunluk: 2
2026-02-26 00:12:06 - spektroskopi - INFO - Raspberry Pi verisi: Ham=2321, Voltaj=2321.000V
2026-02-26 00:12:06 - spektroskopi - INFO - Raspberry Pi verisi işlendi: SENSOR_EXTRA = 2321.000V
2026-02-26 00:12:06 - spektroskopi - WARNING - Zaman sıralama düzeltildi (averaged): 2026-02-26 00:12:06.548537
2026-02-26 00:12:06 - spektroskopi - WARNING - Zaman sıralama düzeltildi (averaged): 2026-02-26 00:12:06.549537
2026-02-26 00:12:06 - spektroskopi - WARNING - Zaman sıralama düzeltildi (averaged): 2026-02-26 00:12:06.550537
2026-02-26 00:12:06 - spektroskopi - WARNING - Zaman sıralama düzeltildi (averaged): 2026-02-26 00:12:06.551537
2026-02-26 00:12:06 - spektroskopi - WARNING - RealTimePanel: UV_360nm raw data uzunluk uyumsuzluğu (timestamps: 380, data: 96)
2026-02-26 00:12:06 - spektroskopi - WARNING - RealTimePanel: UV_360nm calibrated data uzunluk uyumsuzluğu (timestamps: 380, data: 96)
2026-02-26 00:12:06 - spektroskopi - WARNING - RealTimePanel: Blue_450nm raw data uzunluk uyumsuzluğu (timestamps: 380, data: 96)
2026-02-26 00:12:06 - spektroskopi - WARNING - RealTimePanel: Blue_450nm calibrated data uzunluk uyumsuzluğu (timestamps: 380, data: 96)
2026-02-26 00:12:06 - spektroskopi - WARNING - RealTimePanel: IR_850nm raw data uzunluk uyumsuzluğu (timestamps: 380, data: 94)
2026-02-26 00:12:06 - spektroskopi - WARNING - RealTimePanel: IR_850nm calibrated data uzunluk uyumsuzluğu (timestamps: 380, data: 94)
2026-02-26 00:12:06 - spektroskopi - WARNING - RealTimePanel: IR_940nm raw data uzunluk uyumsuzluğu (timestamps: 380, data: 94)
2026-02-26 00:12:06 - spektroskopi - WARNING - RealTimePanel: IR_940nm calibrated data uzunluk uyumsuzluğu (timestamps: 380, data: 94)
2026-02-26 00:12:06 - spektroskopi - INFO - Raspberry Pi'dan veri alındı: 6e400004-b5a3-f393-e0a9-e50e24dcca9e (Handle: 11): Unknown, uzunluk: 2
2026-02-26 00:12:06 - spektroskopi - INFO - Raspberry Pi verisi: Ham=76, Voltaj=76.000V
2026-02-26 00:12:06 - spektroskopi - INFO - Raspberry Pi verisi işlendi: SENSOR_7 = 76.000V
2026-02-26 00:12:07 - spektroskopi - INFO - Raspberry Pi'dan veri alındı: 6e400003-b5a3-f393-e0a9-e50e24dcca9e (Handle: 8): Nordic UART TX, uzunluk: 2
2026-02-26 00:12:07 - spektroskopi - INFO - Raspberry Pi verisi: Ham=75, Voltaj=75.000V
2026-02-26 00:12:07 - spektroskopi - INFO - Raspberry Pi verisi işlendi: SENSOR_5 = 75.000V
2026-02-26 00:12:07 - spektroskopi - INFO - Raspberry Pi'dan veri alındı: 6e400002-b5a3-f393-e0a9-e50e24dcca9e (Handle: 19): Nordic UART RX, uzunluk: 2
2026-02-26 00:12:07 - spektroskopi - INFO - Raspberry Pi verisi: Ham=1926, Voltaj=1926.000V
2026-02-26 00:12:07 - spektroskopi - INFO - Raspberry Pi verisi işlendi: SENSOR_2 = 1926.000V
2026-02-26 00:12:07 - spektroskopi - INFO - Raspberry Pi'dan veri alındı: 6e400005-b5a3-f393-e0a9-e50e24dcca9e (Handle: 16): Unknown, uzunluk: 2
2026-02-26 00:12:07 - spektroskopi - INFO - Raspberry Pi verisi: Ham=2543, Voltaj=2543.000V
2026-02-26 00:12:07 - spektroskopi - INFO - Raspberry Pi verisi işlendi: SENSOR_EXTRA = 2543.000V
2026-02-26 00:12:07 - spektroskopi - INFO - Raspberry Pi'dan veri alındı: 6e400004-b5a3-f393-e0a9-e50e24dcca9e (Handle: 11): Unknown, uzunluk: 2
2026-02-26 00:12:07 - spektroskopi - INFO - Raspberry Pi verisi: Ham=77, Voltaj=77.000V
2026-02-26 00:12:07 - spektroskopi - INFO - Raspberry Pi verisi işlendi: SENSOR_7 = 77.000V
2026-02-26 00:12:07 - spektroskopi - WARNING - Zaman sıralama düzeltildi (averaged): 2026-02-26 00:12:07.688550
2026-02-26 00:12:07 - spektroskopi - WARNING - Zaman sıralama düzeltildi (averaged): 2026-02-26 00:12:07.689550
2026-02-26 00:12:07 - spektroskopi - WARNING - Zaman sıralama düzeltildi (averaged): 2026-02-26 00:12:07.690550
2026-02-26 00:12:07 - spektroskopi - WARNING - Zaman sıralama düzeltildi (averaged): 2026-02-26 00:12:07.691550
2026-02-26 00:12:07 - spektroskopi - WARNING - Zaman sıralama düzeltildi (averaged): 2026-02-26 00:12:07.692550
2026-02-26 00:12:07 - spektroskopi - WARNING - RealTimePanel: UV_360nm raw data uzunluk uyumsuzluğu (timestamps: 390, data: 98)
2026-02-26 00:12:07 - spektroskopi - WARNING - RealTimePanel: UV_360nm calibrated data uzunluk uyumsuzluğu (timestamps: 390, data: 98)
2026-02-26 00:12:07 - spektroskopi - WARNING - RealTimePanel: Blue_450nm raw data uzunluk uyumsuzluğu (timestamps: 390, data: 98)
2026-02-26 00:12:07 - spektroskopi - WARNING - RealTimePanel: Blue_450nm calibrated data uzunluk uyumsuzluğu (timestamps: 390, data: 98)
2026-02-26 00:12:07 - spektroskopi - WARNING - RealTimePanel: IR_850nm raw data uzunluk uyumsuzluğu (timestamps: 390, data: 98)
2026-02-26 00:12:07 - spektroskopi - WARNING - RealTimePanel: IR_850nm calibrated data uzunluk uyumsuzluğu (timestamps: 390, data: 98)
2026-02-26 00:12:07 - spektroskopi - WARNING - RealTimePanel: IR_940nm raw data uzunluk uyumsuzluğu (timestamps: 390, data: 96)
2026-02-26 00:12:07 - spektroskopi - WARNING - RealTimePanel: IR_940nm calibrated data uzunluk uyumsuzluğu (timestamps: 390, data: 96)
2026-02-26 00:12:07 - spektroskopi - INFO - Raspberry Pi'dan veri alındı: 6e400003-b5a3-f393-e0a9-e50e24dcca9e (Handle: 8): Nordic UART TX, uzunluk: 2
2026-02-26 00:12:07 - spektroskopi - INFO - Raspberry Pi verisi: Ham=76, Voltaj=76.000V
2026-02-26 00:12:07 - spektroskopi - INFO - Raspberry Pi verisi işlendi: SENSOR_5 = 76.000V
2026-02-26 00:12:08 - spektroskopi - INFO - Raspberry Pi'dan veri alındı: 6e400002-b5a3-f393-e0a9-e50e24dcca9e (Handle: 19): Nordic UART RX, uzunluk: 2
2026-02-26 00:12:08 - spektroskopi - INFO - Raspberry Pi verisi: Ham=1863, Voltaj=1863.000V
2026-02-26 00:12:08 - spektroskopi - INFO - Raspberry Pi verisi işlendi: SENSOR_2 = 1863.000V
2026-02-26 00:12:08 - spektroskopi - INFO - Raspberry Pi'dan veri alındı: 6e400005-b5a3-f393-e0a9-e50e24dcca9e (Handle: 16): Unknown, uzunluk: 2
2026-02-26 00:12:08 - spektroskopi - INFO - Raspberry Pi verisi: Ham=2379, Voltaj=2379.000V
2026-02-26 00:12:08 - spektroskopi - INFO - Raspberry Pi verisi işlendi: SENSOR_EXTRA = 2379.000V
2026-02-26 00:12:08 - spektroskopi - INFO - Raspberry Pi'dan veri alındı: 6e400004-b5a3-f393-e0a9-e50e24dcca9e (Handle: 11): Unknown, uzunluk: 2
2026-02-26 00:12:08 - spektroskopi - INFO - Raspberry Pi verisi: Ham=77, Voltaj=77.000V
2026-02-26 00:12:08 - spektroskopi - INFO - Raspberry Pi verisi işlendi: SENSOR_7 = 77.000V
2026-02-26 00:12:08 - spektroskopi - WARNING - Zaman sıralama düzeltildi (averaged): 2026-02-26 00:12:08.588382
2026-02-26 00:12:08 - spektroskopi - WARNING - Zaman sıralama düzeltildi (averaged): 2026-02-26 00:12:08.589382
2026-02-26 00:12:08 - spektroskopi - WARNING - Zaman sıralama düzeltildi (averaged): 2026-02-26 00:12:08.590382
2026-02-26 00:12:08 - spektroskopi - WARNING - Zaman sıralama düzeltildi (averaged): 2026-02-26 00:12:08.591382
2026-02-26 00:12:08 - spektroskopi - WARNING - RealTimePanel: UV_360nm raw data uzunluk uyumsuzluğu (timestamps: 398, data: 100)
2026-02-26 00:12:08 - spektroskopi - WARNING - RealTimePanel: UV_360nm calibrated data uzunluk uyumsuzluğu (timestamps: 398, data: 100)
2026-02-26 00:12:08 - spektroskopi - WARNING - RealTimePanel: Blue_450nm raw data uzunluk uyumsuzluğu (timestamps: 398, data: 100)
2026-02-26 00:12:08 - spektroskopi - WARNING - RealTimePanel: Blue_450nm calibrated data uzunluk uyumsuzluğu (timestamps: 398, data: 100)
2026-02-26 00:12:08 - spektroskopi - WARNING - RealTimePanel: IR_850nm raw data uzunluk uyumsuzluğu (timestamps: 398, data: 100)
2026-02-26 00:12:08 - spektroskopi - WARNING - RealTimePanel: IR_850nm calibrated data uzunluk uyumsuzluğu (timestamps: 398, data: 100)
2026-02-26 00:12:08 - spektroskopi - WARNING - RealTimePanel: IR_940nm raw data uzunluk uyumsuzluğu (timestamps: 398, data: 98)
2026-02-26 00:12:08 - spektroskopi - WARNING - RealTimePanel: IR_940nm calibrated data uzunluk uyumsuzluğu (timestamps: 398, data: 98)
2026-02-26 00:12:08 - spektroskopi - INFO - Raspberry Pi'dan veri alındı: 6e400003-b5a3-f393-e0a9-e50e24dcca9e (Handle: 8): Nordic UART TX, uzunluk: 2
2026-02-26 00:12:08 - spektroskopi - INFO - Raspberry Pi verisi: Ham=74, Voltaj=74.000V
2026-02-26 00:12:08 - spektroskopi - INFO - Raspberry Pi verisi işlendi: SENSOR_5 = 74.000V
2026-02-26 00:12:08 - spektroskopi - INFO - Raspberry Pi'dan veri alındı: 6e400002-b5a3-f393-e0a9-e50e24dcca9e (Handle: 19): Nordic UART RX, uzunluk: 2
2026-02-26 00:12:08 - spektroskopi - INFO - Raspberry Pi verisi: Ham=1904, Voltaj=1904.000V
2026-02-26 00:12:08 - spektroskopi - INFO - Raspberry Pi verisi işlendi: SENSOR_2 = 1904.000V
2026-02-26 00:12:09 - spektroskopi - INFO - Raspberry Pi'dan veri alındı: 6e400005-b5a3-f393-e0a9-e50e24dcca9e (Handle: 16): Unknown, uzunluk: 2
2026-02-26 00:12:09 - spektroskopi - INFO - Raspberry Pi verisi: Ham=2401, Voltaj=2401.000V
2026-02-26 00:12:09 - spektroskopi - INFO - Raspberry Pi verisi işlendi: SENSOR_EXTRA = 2401.000V
2026-02-26 00:12:09 - spektroskopi - INFO - Raspberry Pi'dan veri alındı: 6e400004-b5a3-f393-e0a9-e50e24dcca9e (Handle: 11): Unknown, uzunluk: 2
2026-02-26 00:12:09 - spektroskopi - INFO - Raspberry Pi verisi: Ham=80, Voltaj=80.000V
2026-02-26 00:12:09 - spektroskopi - INFO - Raspberry Pi verisi işlendi: SENSOR_7 = 80.000V
2026-02-26 00:12:09 - spektroskopi - INFO - Raspberry Pi'dan veri alındı: 6e400003-b5a3-f393-e0a9-e50e24dcca9e (Handle: 8): Nordic UART TX, uzunluk: 2
2026-02-26 00:12:09 - spektroskopi - INFO - Raspberry Pi verisi: Ham=77, Voltaj=77.000V
2026-02-26 00:12:09 - spektroskopi - INFO - Raspberry Pi verisi işlendi: SENSOR_5 = 77.000V
2026-02-26 00:12:09 - spektroskopi - WARNING - Zaman sıralama düzeltildi (averaged): 2026-02-26 00:12:09.728493
2026-02-26 00:12:09 - spektroskopi - WARNING - Zaman sıralama düzeltildi (averaged): 2026-02-26 00:12:09.729493
2026-02-26 00:12:09 - spektroskopi - WARNING - Zaman sıralama düzeltildi (averaged): 2026-02-26 00:12:09.730493
2026-02-26 00:12:09 - spektroskopi - WARNING - Zaman sıralama düzeltildi (averaged): 2026-02-26 00:12:09.731493
2026-02-26 00:12:09 - spektroskopi - WARNING - Zaman sıralama düzeltildi (averaged): 2026-02-26 00:12:09.732493
2026-02-26 00:12:09 - spektroskopi - WARNING - RealTimePanel: UV_360nm raw data uzunluk uyumsuzluğu (timestamps: 408, data: 102)
2026-02-26 00:12:09 - spektroskopi - WARNING - RealTimePanel: UV_360nm calibrated data uzunluk uyumsuzluğu (timestamps: 408, data: 102)
2026-02-26 00:12:09 - spektroskopi - WARNING - RealTimePanel: Blue_450nm raw data uzunluk uyumsuzluğu (timestamps: 408, data: 102)
2026-02-26 00:12:09 - spektroskopi - WARNING - RealTimePanel: Blue_450nm calibrated data uzunluk uyumsuzluğu (timestamps: 408, data: 102)
2026-02-26 00:12:09 - spektroskopi - WARNING - RealTimePanel: IR_850nm raw data uzunluk uyumsuzluğu (timestamps: 408, data: 102)
2026-02-26 00:12:09 - spektroskopi - WARNING - RealTimePanel: IR_850nm calibrated data uzunluk uyumsuzluğu (timestamps: 408, data: 102)
2026-02-26 00:12:09 - spektroskopi - WARNING - RealTimePanel: IR_940nm raw data uzunluk uyumsuzluğu (timestamps: 408, data: 102)
2026-02-26 00:12:09 - spektroskopi - WARNING - RealTimePanel: IR_940nm calibrated data uzunluk uyumsuzluğu (timestamps: 408, data: 102)
2026-02-26 00:12:09 - spektroskopi - INFO - Raspberry Pi'dan veri alındı: 6e400002-b5a3-f393-e0a9-e50e24dcca9e (Handle: 19): Nordic UART RX, uzunluk: 2
2026-02-26 00:12:09 - spektroskopi - INFO - Raspberry Pi verisi: Ham=1912, Voltaj=1912.000V
2026-02-26 00:12:09 - spektroskopi - INFO - Raspberry Pi verisi işlendi: SENSOR_2 = 1912.000V
2026-02-26 00:12:10 - spektroskopi - INFO - Raspberry Pi'dan veri alındı: 6e400005-b5a3-f393-e0a9-e50e24dcca9e (Handle: 16): Unknown, uzunluk: 2
2026-02-26 00:12:10 - spektroskopi - INFO - Raspberry Pi verisi: Ham=1196, Voltaj=1196.000V
2026-02-26 00:12:10 - spektroskopi - INFO - Raspberry Pi verisi işlendi: SENSOR_EXTRA = 1196.000V
2026-02-26 00:12:10 - spektroskopi - INFO - Raspberry Pi'dan veri alındı: 6e400004-b5a3-f393-e0a9-e50e24dcca9e (Handle: 11): Unknown, uzunluk: 2
2026-02-26 00:12:10 - spektroskopi - INFO - Raspberry Pi verisi: Ham=76, Voltaj=76.000V
2026-02-26 00:12:10 - spektroskopi - INFO - Raspberry Pi verisi işlendi: SENSOR_7 = 76.000V
2026-02-26 00:12:10 - spektroskopi - INFO - Raspberry Pi'dan veri alındı: 6e400003-b5a3-f393-e0a9-e50e24dcca9e (Handle: 8): Nordic UART TX, uzunluk: 2
2026-02-26 00:12:10 - spektroskopi - INFO - Raspberry Pi verisi: Ham=76, Voltaj=76.000V
2026-02-26 00:12:10 - spektroskopi - INFO - Raspberry Pi verisi işlendi: SENSOR_5 = 76.000V
2026-02-26 00:12:10 - spektroskopi - INFO - Raspberry Pi'dan veri alındı: 6e400002-b5a3-f393-e0a9-e50e24dcca9e (Handle: 19): Nordic UART RX, uzunluk: 2
2026-02-26 00:12:10 - spektroskopi - INFO - Raspberry Pi verisi: Ham=1264, Voltaj=1264.000V
2026-02-26 00:12:10 - spektroskopi - INFO - Raspberry Pi verisi işlendi: SENSOR_2 = 1264.000V
2026-02-26 00:12:10 - spektroskopi - WARNING - Zaman sıralama düzeltildi (averaged): 2026-02-26 00:12:10.718499
2026-02-26 00:12:10 - spektroskopi - WARNING - Zaman sıralama düzeltildi (averaged): 2026-02-26 00:12:10.719499
2026-02-26 00:12:10 - spektroskopi - WARNING - Zaman sıralama düzeltildi (averaged): 2026-02-26 00:12:10.720499
2026-02-26 00:12:10 - spektroskopi - WARNING - Zaman sıralama düzeltildi (averaged): 2026-02-26 00:12:10.721499
2026-02-26 00:12:10 - spektroskopi - WARNING - Zaman sıralama düzeltildi (averaged): 2026-02-26 00:12:10.722499
2026-02-26 00:12:10 - spektroskopi - WARNING - RealTimePanel: UV_360nm raw data uzunluk uyumsuzluğu (timestamps: 418, data: 106)
2026-02-26 00:12:10 - spektroskopi - WARNING - RealTimePanel: UV_360nm calibrated data uzunluk uyumsuzluğu (timestamps: 418, data: 106)
2026-02-26 00:12:10 - spektroskopi - WARNING - RealTimePanel: Blue_450nm raw data uzunluk uyumsuzluğu (timestamps: 418, data: 104)
2026-02-26 00:12:10 - spektroskopi - WARNING - RealTimePanel: Blue_450nm calibrated data uzunluk uyumsuzluğu (timestamps: 418, data: 104)
2026-02-26 00:12:10 - spektroskopi - WARNING - RealTimePanel: IR_850nm raw data uzunluk uyumsuzluğu (timestamps: 418, data: 104)
2026-02-26 00:12:10 - spektroskopi - WARNING - RealTimePanel: IR_850nm calibrated data uzunluk uyumsuzluğu (timestamps: 418, data: 104)
2026-02-26 00:12:10 - spektroskopi - WARNING - RealTimePanel: IR_940nm raw data uzunluk uyumsuzluğu (timestamps: 418, data: 104)
2026-02-26 00:12:10 - spektroskopi - WARNING - RealTimePanel: IR_940nm calibrated data uzunluk uyumsuzluğu (timestamps: 418, data: 104)
2026-02-26 00:12:10 - spektroskopi - INFO - Raspberry Pi'dan veri alındı: 6e400005-b5a3-f393-e0a9-e50e24dcca9e (Handle: 16): Unknown, uzunluk: 2
2026-02-26 00:12:10 - spektroskopi - INFO - Raspberry Pi verisi: Ham=1719, Voltaj=1719.000V
2026-02-26 00:12:10 - spektroskopi - INFO - Raspberry Pi verisi işlendi: SENSOR_EXTRA = 1719.000V
2026-02-26 00:12:11 - spektroskopi - INFO - Raspberry Pi'dan veri alındı: 6e400004-b5a3-f393-e0a9-e50e24dcca9e (Handle: 11): Unknown, uzunluk: 2
2026-02-26 00:12:11 - spektroskopi - INFO - Raspberry Pi verisi: Ham=81, Voltaj=81.000V
2026-02-26 00:12:11 - spektroskopi - INFO - Raspberry Pi verisi işlendi: SENSOR_7 = 81.000V
2026-02-26 00:12:11 - spektroskopi - INFO - Raspberry Pi'dan veri alındı: 6e400003-b5a3-f393-e0a9-e50e24dcca9e (Handle: 8): Nordic UART TX, uzunluk: 2
2026-02-26 00:12:11 - spektroskopi - INFO - Raspberry Pi verisi: Ham=76, Voltaj=76.000V
2026-02-26 00:12:11 - spektroskopi - INFO - Raspberry Pi verisi işlendi: SENSOR_5 = 76.000V
2026-02-26 00:12:11 - spektroskopi - INFO - Raspberry Pi'dan veri alındı: 6e400002-b5a3-f393-e0a9-e50e24dcca9e (Handle: 19): Nordic UART RX, uzunluk: 2
2026-02-26 00:12:11 - spektroskopi - INFO - Raspberry Pi verisi: Ham=1541, Voltaj=1541.000V
2026-02-26 00:12:11 - spektroskopi - INFO - Raspberry Pi verisi işlendi: SENSOR_2 = 1541.000V
2026-02-26 00:12:11 - spektroskopi - WARNING - Zaman sıralama düzeltildi (averaged): 2026-02-26 00:12:11.588491
2026-02-26 00:12:11 - spektroskopi - WARNING - Zaman sıralama düzeltildi (averaged): 2026-02-26 00:12:11.589491
2026-02-26 00:12:11 - spektroskopi - WARNING - Zaman sıralama düzeltildi (averaged): 2026-02-26 00:12:11.590491
2026-02-26 00:12:11 - spektroskopi - WARNING - Zaman sıralama düzeltildi (averaged): 2026-02-26 00:12:11.591491
2026-02-26 00:12:11 - spektroskopi - WARNING - RealTimePanel: UV_360nm raw data uzunluk uyumsuzluğu (timestamps: 426, data: 108)
2026-02-26 00:12:11 - spektroskopi - WARNING - RealTimePanel: UV_360nm calibrated data uzunluk uyumsuzluğu (timestamps: 426, data: 108)
2026-02-26 00:12:11 - spektroskopi - WARNING - RealTimePanel: Blue_450nm raw data uzunluk uyumsuzluğu (timestamps: 426, data: 106)
2026-02-26 00:12:11 - spektroskopi - WARNING - RealTimePanel: Blue_450nm calibrated data uzunluk uyumsuzluğu (timestamps: 426, data: 106)
2026-02-26 00:12:11 - spektroskopi - WARNING - RealTimePanel: IR_850nm raw data uzunluk uyumsuzluğu (timestamps: 426, data: 106)
2026-02-26 00:12:11 - spektroskopi - WARNING - RealTimePanel: IR_850nm calibrated data uzunluk uyumsuzluğu (timestamps: 426, data: 106)
2026-02-26 00:12:11 - spektroskopi - WARNING - RealTimePanel: IR_940nm raw data uzunluk uyumsuzluğu (timestamps: 426, data: 106)
2026-02-26 00:12:11 - spektroskopi - WARNING - RealTimePanel: IR_940nm calibrated data uzunluk uyumsuzluğu (timestamps: 426, data: 106)
2026-02-26 00:12:11 - spektroskopi - INFO - Raspberry Pi'dan veri alındı: 6e400005-b5a3-f393-e0a9-e50e24dcca9e (Handle: 16): Unknown, uzunluk: 2
2026-02-26 00:12:11 - spektroskopi - INFO - Raspberry Pi verisi: Ham=1410, Voltaj=1410.000V
2026-02-26 00:12:11 - spektroskopi - INFO - Raspberry Pi verisi işlendi: SENSOR_EXTRA = 1410.000V
2026-02-26 00:12:12 - spektroskopi - INFO - Raspberry Pi'dan veri alındı: 6e400004-b5a3-f393-e0a9-e50e24dcca9e (Handle: 11): Unknown, uzunluk: 2
2026-02-26 00:12:12 - spektroskopi - INFO - Raspberry Pi verisi: Ham=387, Voltaj=387.000V
2026-02-26 00:12:12 - spektroskopi - INFO - Raspberry Pi verisi işlendi: SENSOR_7 = 387.000V
2026-02-26 00:12:12 - spektroskopi - INFO - Raspberry Pi'dan veri alındı: 6e400003-b5a3-f393-e0a9-e50e24dcca9e (Handle: 8): Nordic UART TX, uzunluk: 2
2026-02-26 00:12:12 - spektroskopi - INFO - Raspberry Pi verisi: Ham=658, Voltaj=658.000V
2026-02-26 00:12:12 - spektroskopi - INFO - Raspberry Pi verisi işlendi: SENSOR_5 = 658.000V
2026-02-26 00:12:12 - spektroskopi - INFO - Raspberry Pi'dan veri alındı: 6e400002-b5a3-f393-e0a9-e50e24dcca9e (Handle: 19): Nordic UART RX, uzunluk: 2
2026-02-26 00:12:12 - spektroskopi - INFO - Raspberry Pi verisi: Ham=1143, Voltaj=1143.000V
2026-02-26 00:12:12 - spektroskopi - INFO - Raspberry Pi verisi işlendi: SENSOR_2 = 1143.000V
2026-02-26 00:12:12 - spektroskopi - INFO - Raspberry Pi'dan veri alındı: 6e400005-b5a3-f393-e0a9-e50e24dcca9e (Handle: 16): Unknown, uzunluk: 2
2026-02-26 00:12:12 - spektroskopi - INFO - Raspberry Pi verisi: Ham=1489, Voltaj=1489.000V
2026-02-26 00:12:12 - spektroskopi - INFO - Raspberry Pi verisi işlendi: SENSOR_EXTRA = 1489.000V
2026-02-26 00:12:12 - spektroskopi - WARNING - Zaman sıralama düzeltildi (averaged): 2026-02-26 00:12:12.728187
2026-02-26 00:12:12 - spektroskopi - WARNING - Zaman sıralama düzeltildi (averaged): 2026-02-26 00:12:12.729187
2026-02-26 00:12:12 - spektroskopi - WARNING - Zaman sıralama düzeltildi (averaged): 2026-02-26 00:12:12.730187
2026-02-26 00:12:12 - spektroskopi - WARNING - Zaman sıralama düzeltildi (averaged): 2026-02-26 00:12:12.731187
2026-02-26 00:12:12 - spektroskopi - WARNING - Zaman sıralama düzeltildi (averaged): 2026-02-26 00:12:12.732187
2026-02-26 00:12:12 - spektroskopi - WARNING - RealTimePanel: UV_360nm raw data uzunluk uyumsuzluğu (timestamps: 436, data: 110)
2026-02-26 00:12:12 - spektroskopi - WARNING - RealTimePanel: UV_360nm calibrated data uzunluk uyumsuzluğu (timestamps: 436, data: 110)
2026-02-26 00:12:12 - spektroskopi - WARNING - RealTimePanel: Blue_450nm raw data uzunluk uyumsuzluğu (timestamps: 436, data: 110)
2026-02-26 00:12:12 - spektroskopi - WARNING - RealTimePanel: Blue_450nm calibrated data uzunluk uyumsuzluğu (timestamps: 436, data: 110)
2026-02-26 00:12:12 - spektroskopi - WARNING - RealTimePanel: IR_850nm raw data uzunluk uyumsuzluğu (timestamps: 436, data: 108)
2026-02-26 00:12:12 - spektroskopi - WARNING - RealTimePanel: IR_850nm calibrated data uzunluk uyumsuzluğu (timestamps: 436, data: 108)
2026-02-26 00:12:12 - spektroskopi - WARNING - RealTimePanel: IR_940nm raw data uzunluk uyumsuzluğu (timestamps: 436, data: 108)
2026-02-26 00:12:12 - spektroskopi - WARNING - RealTimePanel: IR_940nm calibrated data uzunluk uyumsuzluğu (timestamps: 436, data: 108)
2026-02-26 00:12:12 - spektroskopi - INFO - Raspberry Pi'dan veri alındı: 6e400004-b5a3-f393-e0a9-e50e24dcca9e (Handle: 11): Unknown, uzunluk: 2
2026-02-26 00:12:12 - spektroskopi - INFO - Raspberry Pi verisi: Ham=388, Voltaj=388.000V
2026-02-26 00:12:12 - spektroskopi - INFO - Raspberry Pi verisi işlendi: SENSOR_7 = 388.000V
2026-02-26 00:12:13 - spektroskopi - INFO - Raspberry Pi'dan veri alındı: 6e400003-b5a3-f393-e0a9-e50e24dcca9e (Handle: 8): Nordic UART TX, uzunluk: 2
2026-02-26 00:12:13 - spektroskopi - INFO - Raspberry Pi verisi: Ham=658, Voltaj=658.000V
2026-02-26 00:12:13 - spektroskopi - INFO - Raspberry Pi verisi işlendi: SENSOR_5 = 658.000V
2026-02-26 00:12:13 - spektroskopi - INFO - Raspberry Pi'dan veri alındı: 6e400002-b5a3-f393-e0a9-e50e24dcca9e (Handle: 19): Nordic UART RX, uzunluk: 2
2026-02-26 00:12:13 - spektroskopi - INFO - Raspberry Pi verisi: Ham=1835, Voltaj=1835.000V
2026-02-26 00:12:13 - spektroskopi - INFO - Raspberry Pi verisi işlendi: SENSOR_2 = 1835.000V
2026-02-26 00:12:13 - spektroskopi - INFO - Raspberry Pi'dan veri alındı: 6e400005-b5a3-f393-e0a9-e50e24dcca9e (Handle: 16): Unknown, uzunluk: 2
2026-02-26 00:12:13 - spektroskopi - INFO - Raspberry Pi verisi: Ham=1973, Voltaj=1973.000V
2026-02-26 00:12:13 - spektroskopi - INFO - Raspberry Pi verisi işlendi: SENSOR_EXTRA = 1973.000V
2026-02-26 00:12:13 - spektroskopi - WARNING - Zaman sıralama düzeltildi (averaged): 2026-02-26 00:12:13.598463
2026-02-26 00:12:13 - spektroskopi - WARNING - Zaman sıralama düzeltildi (averaged): 2026-02-26 00:12:13.599463
2026-02-26 00:12:13 - spektroskopi - WARNING - Zaman sıralama düzeltildi (averaged): 2026-02-26 00:12:13.600463
2026-02-26 00:12:13 - spektroskopi - WARNING - Zaman sıralama düzeltildi (averaged): 2026-02-26 00:12:13.601463
2026-02-26 00:12:13 - spektroskopi - WARNING - RealTimePanel: UV_360nm raw data uzunluk uyumsuzluğu (timestamps: 444, data: 112)
2026-02-26 00:12:13 - spektroskopi - WARNING - RealTimePanel: UV_360nm calibrated data uzunluk uyumsuzluğu (timestamps: 444, data: 112)
2026-02-26 00:12:13 - spektroskopi - WARNING - RealTimePanel: Blue_450nm raw data uzunluk uyumsuzluğu (timestamps: 444, data: 112)
2026-02-26 00:12:13 - spektroskopi - WARNING - RealTimePanel: Blue_450nm calibrated data uzunluk uyumsuzluğu (timestamps: 444, data: 112)
2026-02-26 00:12:13 - spektroskopi - WARNING - RealTimePanel: IR_850nm raw data uzunluk uyumsuzluğu (timestamps: 444, data: 110)
2026-02-26 00:12:13 - spektroskopi - WARNING - RealTimePanel: IR_850nm calibrated data uzunluk uyumsuzluğu (timestamps: 444, data: 110)
2026-02-26 00:12:13 - spektroskopi - WARNING - RealTimePanel: IR_940nm raw data uzunluk uyumsuzluğu (timestamps: 444, data: 110)
2026-02-26 00:12:13 - spektroskopi - WARNING - RealTimePanel: IR_940nm calibrated data uzunluk uyumsuzluğu (timestamps: 444, data: 110)
2026-02-26 00:12:13 - spektroskopi - INFO - Raspberry Pi'dan veri alındı: 6e400004-b5a3-f393-e0a9-e50e24dcca9e (Handle: 11): Unknown, uzunluk: 2
2026-02-26 00:12:13 - spektroskopi - INFO - Raspberry Pi verisi: Ham=379, Voltaj=379.000V
2026-02-26 00:12:13 - spektroskopi - INFO - Raspberry Pi verisi işlendi: SENSOR_7 = 379.000V
2026-02-26 00:12:14 - spektroskopi - INFO - Raspberry Pi'dan veri alındı: 6e400003-b5a3-f393-e0a9-e50e24dcca9e (Handle: 8): Nordic UART TX, uzunluk: 2
2026-02-26 00:12:14 - spektroskopi - INFO - Raspberry Pi verisi: Ham=664, Voltaj=664.000V
2026-02-26 00:12:14 - spektroskopi - INFO - Raspberry Pi verisi işlendi: SENSOR_5 = 664.000V
2026-02-26 00:12:14 - spektroskopi - INFO - Raspberry Pi'dan veri alındı: 6e400002-b5a3-f393-e0a9-e50e24dcca9e (Handle: 19): Nordic UART RX, uzunluk: 2
2026-02-26 00:12:14 - spektroskopi - INFO - Raspberry Pi verisi: Ham=1877, Voltaj=1877.000V
2026-02-26 00:12:14 - spektroskopi - INFO - Raspberry Pi verisi işlendi: SENSOR_2 = 1877.000V
2026-02-26 00:12:14 - spektroskopi - INFO - Raspberry Pi'dan veri alındı: 6e400005-b5a3-f393-e0a9-e50e24dcca9e (Handle: 16): Unknown, uzunluk: 2
2026-02-26 00:12:14 - spektroskopi - INFO - Raspberry Pi verisi: Ham=2205, Voltaj=2205.000V
2026-02-26 00:12:14 - spektroskopi - INFO - Raspberry Pi verisi işlendi: SENSOR_EXTRA = 2205.000V
2026-02-26 00:12:14 - spektroskopi - INFO - Raspberry Pi'dan veri alındı: 6e400004-b5a3-f393-e0a9-e50e24dcca9e (Handle: 11): Unknown, uzunluk: 2
2026-02-26 00:12:14 - spektroskopi - INFO - Raspberry Pi verisi: Ham=383, Voltaj=383.000V
2026-02-26 00:12:14 - spektroskopi - INFO - Raspberry Pi verisi işlendi: SENSOR_7 = 383.000V
2026-02-26 00:12:14 - spektroskopi - WARNING - Zaman sıralama düzeltildi (averaged): 2026-02-26 00:12:14.738458
2026-02-26 00:12:14 - spektroskopi - WARNING - Zaman sıralama düzeltildi (averaged): 2026-02-26 00:12:14.739458
2026-02-26 00:12:14 - spektroskopi - WARNING - Zaman sıralama düzeltildi (averaged): 2026-02-26 00:12:14.740458
2026-02-26 00:12:14 - spektroskopi - WARNING - Zaman sıralama düzeltildi (averaged): 2026-02-26 00:12:14.741458
2026-02-26 00:12:14 - spektroskopi - WARNING - Zaman sıralama düzeltildi (averaged): 2026-02-26 00:12:14.742458
2026-02-26 00:12:14 - spektroskopi - WARNING - RealTimePanel: UV_360nm raw data uzunluk uyumsuzluğu (timestamps: 454, data: 114)
2026-02-26 00:12:14 - spektroskopi - WARNING - RealTimePanel: UV_360nm calibrated data uzunluk uyumsuzluğu (timestamps: 454, data: 114)
2026-02-26 00:12:14 - spektroskopi - WARNING - RealTimePanel: Blue_450nm raw data uzunluk uyumsuzluğu (timestamps: 454, data: 114)
2026-02-26 00:12:14 - spektroskopi - WARNING - RealTimePanel: Blue_450nm calibrated data uzunluk uyumsuzluğu (timestamps: 454, data: 114)
2026-02-26 00:12:14 - spektroskopi - WARNING - RealTimePanel: IR_850nm raw data uzunluk uyumsuzluğu (timestamps: 454, data: 114)
2026-02-26 00:12:14 - spektroskopi - WARNING - RealTimePanel: IR_850nm calibrated data uzunluk uyumsuzluğu (timestamps: 454, data: 114)
2026-02-26 00:12:14 - spektroskopi - WARNING - RealTimePanel: IR_940nm raw data uzunluk uyumsuzluğu (timestamps: 454, data: 112)
2026-02-26 00:12:14 - spektroskopi - WARNING - RealTimePanel: IR_940nm calibrated data uzunluk uyumsuzluğu (timestamps: 454, data: 112)
2026-02-26 00:12:15 - spektroskopi - INFO - Raspberry Pi'dan veri alındı: 6e400003-b5a3-f393-e0a9-e50e24dcca9e (Handle: 8): Nordic UART TX, uzunluk: 2
2026-02-26 00:12:15 - spektroskopi - INFO - Raspberry Pi verisi: Ham=667, Voltaj=667.000V
2026-02-26 00:12:15 - spektroskopi - INFO - Raspberry Pi verisi işlendi: SENSOR_5 = 667.000V
2026-02-26 00:12:15 - spektroskopi - INFO - Raspberry Pi'dan veri alındı: 6e400002-b5a3-f393-e0a9-e50e24dcca9e (Handle: 19): Nordic UART RX, uzunluk: 2
2026-02-26 00:12:15 - spektroskopi - INFO - Raspberry Pi verisi: Ham=2617, Voltaj=2617.000V
2026-02-26 00:12:15 - spektroskopi - INFO - Raspberry Pi verisi işlendi: SENSOR_2 = 2617.000V
2026-02-26 00:12:15 - spektroskopi - INFO - Raspberry Pi'dan veri alındı: 6e400005-b5a3-f393-e0a9-e50e24dcca9e (Handle: 16): Unknown, uzunluk: 2
2026-02-26 00:12:15 - spektroskopi - INFO - Raspberry Pi verisi: Ham=2852, Voltaj=2852.000V
2026-02-26 00:12:15 - spektroskopi - INFO - Raspberry Pi verisi işlendi: SENSOR_EXTRA = 2852.000V
2026-02-26 00:12:15 - spektroskopi - INFO - Raspberry Pi'dan veri alındı: 6e400004-b5a3-f393-e0a9-e50e24dcca9e (Handle: 11): Unknown, uzunluk: 2
2026-02-26 00:12:15 - spektroskopi - INFO - Raspberry Pi verisi: Ham=389, Voltaj=389.000V
2026-02-26 00:12:15 - spektroskopi - INFO - Raspberry Pi verisi işlendi: SENSOR_7 = 389.000V
2026-02-26 00:12:15 - spektroskopi - WARNING - Zaman sıralama düzeltildi (averaged): 2026-02-26 00:12:15.638373
2026-02-26 00:12:15 - spektroskopi - WARNING - Zaman sıralama düzeltildi (averaged): 2026-02-26 00:12:15.639373
2026-02-26 00:12:15 - spektroskopi - WARNING - Zaman sıralama düzeltildi (averaged): 2026-02-26 00:12:15.640373
2026-02-26 00:12:15 - spektroskopi - WARNING - Zaman sıralama düzeltildi (averaged): 2026-02-26 00:12:15.641373
2026-02-26 00:12:15 - spektroskopi - WARNING - RealTimePanel: UV_360nm raw data uzunluk uyumsuzluğu (timestamps: 462, data: 116)
2026-02-26 00:12:15 - spektroskopi - WARNING - RealTimePanel: UV_360nm calibrated data uzunluk uyumsuzluğu (timestamps: 462, data: 116)
2026-02-26 00:12:15 - spektroskopi - WARNING - RealTimePanel: Blue_450nm raw data uzunluk uyumsuzluğu (timestamps: 462, data: 116)
2026-02-26 00:12:15 - spektroskopi - WARNING - RealTimePanel: Blue_450nm calibrated data uzunluk uyumsuzluğu (timestamps: 462, data: 116)
2026-02-26 00:12:15 - spektroskopi - WARNING - RealTimePanel: IR_850nm raw data uzunluk uyumsuzluğu (timestamps: 462, data: 116)
2026-02-26 00:12:15 - spektroskopi - WARNING - RealTimePanel: IR_850nm calibrated data uzunluk uyumsuzluğu (timestamps: 462, data: 116)
2026-02-26 00:12:15 - spektroskopi - WARNING - RealTimePanel: IR_940nm raw data uzunluk uyumsuzluğu (timestamps: 462, data: 114)
2026-02-26 00:12:15 - spektroskopi - WARNING - RealTimePanel: IR_940nm calibrated data uzunluk uyumsuzluğu (timestamps: 462, data: 114)
2026-02-26 00:12:15 - spektroskopi - INFO - Raspberry Pi'dan veri alındı: 6e400003-b5a3-f393-e0a9-e50e24dcca9e (Handle: 8): Nordic UART TX, uzunluk: 2
2026-02-26 00:12:15 - spektroskopi - INFO - Raspberry Pi verisi: Ham=660, Voltaj=660.000V
2026-02-26 00:12:15 - spektroskopi - INFO - Raspberry Pi verisi işlendi: SENSOR_5 = 660.000V
2026-02-26 00:12:15 - spektroskopi - INFO - Raspberry Pi'dan veri alındı: 6e400002-b5a3-f393-e0a9-e50e24dcca9e (Handle: 19): Nordic UART RX, uzunluk: 2
2026-02-26 00:12:15 - spektroskopi - INFO - Raspberry Pi verisi: Ham=2825, Voltaj=2825.000V
2026-02-26 00:12:15 - spektroskopi - INFO - Raspberry Pi verisi işlendi: SENSOR_2 = 2825.000V
2026-02-26 00:12:16 - spektroskopi - INFO - Raspberry Pi'dan veri alındı: 6e400005-b5a3-f393-e0a9-e50e24dcca9e (Handle: 16): Unknown, uzunluk: 2
2026-02-26 00:12:16 - spektroskopi - INFO - Raspberry Pi verisi: Ham=3199, Voltaj=3199.000V
2026-02-26 00:12:16 - spektroskopi - INFO - Raspberry Pi verisi işlendi: SENSOR_EXTRA = 3199.000V
2026-02-26 00:12:16 - spektroskopi - INFO - Raspberry Pi'dan veri alındı: 6e400004-b5a3-f393-e0a9-e50e24dcca9e (Handle: 11): Unknown, uzunluk: 2
2026-02-26 00:12:16 - spektroskopi - INFO - Raspberry Pi verisi: Ham=384, Voltaj=384.000V
2026-02-26 00:12:16 - spektroskopi - INFO - Raspberry Pi verisi işlendi: SENSOR_7 = 384.000V
2026-02-26 00:12:16 - spektroskopi - INFO - Raspberry Pi'dan veri alındı: 6e400003-b5a3-f393-e0a9-e50e24dcca9e (Handle: 8): Nordic UART TX, uzunluk: 2
2026-02-26 00:12:16 - spektroskopi - INFO - Raspberry Pi verisi: Ham=661, Voltaj=661.000V
2026-02-26 00:12:16 - spektroskopi - INFO - Raspberry Pi verisi işlendi: SENSOR_5 = 661.000V
2026-02-26 00:12:16 - spektroskopi - WARNING - Zaman sıralama düzeltildi (averaged): 2026-02-26 00:12:16.779352
2026-02-26 00:12:16 - spektroskopi - WARNING - Zaman sıralama düzeltildi (averaged): 2026-02-26 00:12:16.780352
2026-02-26 00:12:16 - spektroskopi - WARNING - Zaman sıralama düzeltildi (averaged): 2026-02-26 00:12:16.781352
2026-02-26 00:12:16 - spektroskopi - WARNING - Zaman sıralama düzeltildi (averaged): 2026-02-26 00:12:16.782352
2026-02-26 00:12:16 - spektroskopi - WARNING - Zaman sıralama düzeltildi (averaged): 2026-02-26 00:12:16.783352
2026-02-26 00:12:16 - spektroskopi - WARNING - RealTimePanel: UV_360nm raw data uzunluk uyumsuzluğu (timestamps: 472, data: 118)
2026-02-26 00:12:16 - spektroskopi - WARNING - RealTimePanel: UV_360nm calibrated data uzunluk uyumsuzluğu (timestamps: 472, data: 118)
2026-02-26 00:12:16 - spektroskopi - WARNING - RealTimePanel: Blue_450nm raw data uzunluk uyumsuzluğu (timestamps: 472, data: 118)
2026-02-26 00:12:16 - spektroskopi - WARNING - RealTimePanel: Blue_450nm calibrated data uzunluk uyumsuzluğu (timestamps: 472, data: 118)
2026-02-26 00:12:16 - spektroskopi - WARNING - RealTimePanel: IR_850nm raw data uzunluk uyumsuzluğu (timestamps: 472, data: 118)
2026-02-26 00:12:16 - spektroskopi - WARNING - RealTimePanel: IR_850nm calibrated data uzunluk uyumsuzluğu (timestamps: 472, data: 118)
2026-02-26 00:12:16 - spektroskopi - WARNING - RealTimePanel: IR_940nm raw data uzunluk uyumsuzluğu (timestamps: 472, data: 118)
2026-02-26 00:12:16 - spektroskopi - WARNING - RealTimePanel: IR_940nm calibrated data uzunluk uyumsuzluğu (timestamps: 472, data: 118)
2026-02-26 00:12:16 - spektroskopi - INFO - Raspberry Pi'dan veri alındı: 6e400002-b5a3-f393-e0a9-e50e24dcca9e (Handle: 19): Nordic UART RX, uzunluk: 2
2026-02-26 00:12:16 - spektroskopi - INFO - Raspberry Pi verisi: Ham=2953, Voltaj=2953.000V
2026-02-26 00:12:16 - spektroskopi - INFO - Raspberry Pi verisi işlendi: SENSOR_2 = 2953.000V
2026-02-26 00:12:17 - spektroskopi - INFO - Raspberry Pi'dan veri alındı: 6e400005-b5a3-f393-e0a9-e50e24dcca9e (Handle: 16): Unknown, uzunluk: 2
2026-02-26 00:12:17 - spektroskopi - INFO - Raspberry Pi verisi: Ham=3203, Voltaj=3203.000V
2026-02-26 00:12:17 - spektroskopi - INFO - Raspberry Pi verisi işlendi: SENSOR_EXTRA = 3203.000V
2026-02-26 00:12:17 - spektroskopi - INFO - Raspberry Pi'dan veri alındı: 6e400004-b5a3-f393-e0a9-e50e24dcca9e (Handle: 11): Unknown, uzunluk: 2
2026-02-26 00:12:17 - spektroskopi - INFO - Raspberry Pi verisi: Ham=385, Voltaj=385.000V
2026-02-26 00:12:17 - spektroskopi - INFO - Raspberry Pi verisi işlendi: SENSOR_7 = 385.000V
2026-02-26 00:12:17 - spektroskopi - INFO - Raspberry Pi'dan veri alındı: 6e400003-b5a3-f393-e0a9-e50e24dcca9e (Handle: 8): Nordic UART TX, uzunluk: 2
2026-02-26 00:12:17 - spektroskopi - INFO - Raspberry Pi verisi: Ham=663, Voltaj=663.000V
2026-02-26 00:12:17 - spektroskopi - INFO - Raspberry Pi verisi işlendi: SENSOR_5 = 663.000V
2026-02-26 00:12:17 - spektroskopi - INFO - Raspberry Pi'dan veri alındı: 6e400002-b5a3-f393-e0a9-e50e24dcca9e (Handle: 19): Nordic UART RX, uzunluk: 2
2026-02-26 00:12:17 - spektroskopi - INFO - Raspberry Pi verisi: Ham=2906, Voltaj=2906.000V
2026-02-26 00:12:17 - spektroskopi - INFO - Raspberry Pi verisi işlendi: SENSOR_2 = 2906.000V
2026-02-26 00:12:17 - spektroskopi - WARNING - Zaman sıralama düzeltildi (averaged): 2026-02-26 00:12:17.770154
2026-02-26 00:12:17 - spektroskopi - WARNING - Zaman sıralama düzeltildi (averaged): 2026-02-26 00:12:17.771154
2026-02-26 00:12:17 - spektroskopi - WARNING - Zaman sıralama düzeltildi (averaged): 2026-02-26 00:12:17.772154
2026-02-26 00:12:17 - spektroskopi - WARNING - Zaman sıralama düzeltildi (averaged): 2026-02-26 00:12:17.773154
2026-02-26 00:12:17 - spektroskopi - WARNING - Zaman sıralama düzeltildi (averaged): 2026-02-26 00:12:17.774154
2026-02-26 00:12:17 - spektroskopi - WARNING - RealTimePanel: UV_360nm raw data uzunluk uyumsuzluğu (timestamps: 482, data: 122)
2026-02-26 00:12:17 - spektroskopi - WARNING - RealTimePanel: UV_360nm calibrated data uzunluk uyumsuzluğu (timestamps: 482, data: 122)
2026-02-26 00:12:17 - spektroskopi - WARNING - RealTimePanel: Blue_450nm raw data uzunluk uyumsuzluğu (timestamps: 482, data: 120)
2026-02-26 00:12:17 - spektroskopi - WARNING - RealTimePanel: Blue_450nm calibrated data uzunluk uyumsuzluğu (timestamps: 482, data: 120)
2026-02-26 00:12:17 - spektroskopi - WARNING - RealTimePanel: IR_850nm raw data uzunluk uyumsuzluğu (timestamps: 482, data: 120)
2026-02-26 00:12:17 - spektroskopi - WARNING - RealTimePanel: IR_850nm calibrated data uzunluk uyumsuzluğu (timestamps: 482, data: 120)
2026-02-26 00:12:17 - spektroskopi - WARNING - RealTimePanel: IR_940nm raw data uzunluk uyumsuzluğu (timestamps: 482, data: 120)
2026-02-26 00:12:17 - spektroskopi - WARNING - RealTimePanel: IR_940nm calibrated data uzunluk uyumsuzluğu (timestamps: 482, data: 120)
2026-02-26 00:12:18 - spektroskopi - INFO - Raspberry Pi'dan veri alındı: 6e400005-b5a3-f393-e0a9-e50e24dcca9e (Handle: 16): Unknown, uzunluk: 2
2026-02-26 00:12:18 - spektroskopi - INFO - Raspberry Pi verisi: Ham=3172, Voltaj=3172.000V
2026-02-26 00:12:18 - spektroskopi - INFO - Raspberry Pi verisi işlendi: SENSOR_EXTRA = 3172.000V
2026-02-26 00:12:18 - spektroskopi - INFO - Raspberry Pi'dan veri alındı: 6e400004-b5a3-f393-e0a9-e50e24dcca9e (Handle: 11): Unknown, uzunluk: 2
2026-02-26 00:12:18 - spektroskopi - INFO - Raspberry Pi verisi: Ham=385, Voltaj=385.000V
2026-02-26 00:12:18 - spektroskopi - INFO - Raspberry Pi verisi işlendi: SENSOR_7 = 385.000V
2026-02-26 00:12:18 - spektroskopi - INFO - Raspberry Pi'dan veri alındı: 6e400003-b5a3-f393-e0a9-e50e24dcca9e (Handle: 8): Nordic UART TX, uzunluk: 2
2026-02-26 00:12:18 - spektroskopi - INFO - Raspberry Pi verisi: Ham=668, Voltaj=668.000V
2026-02-26 00:12:18 - spektroskopi - INFO - Raspberry Pi verisi işlendi: SENSOR_5 = 668.000V
2026-02-26 00:12:18 - spektroskopi - INFO - Raspberry Pi'dan veri alındı: 6e400002-b5a3-f393-e0a9-e50e24dcca9e (Handle: 19): Nordic UART RX, uzunluk: 2
2026-02-26 00:12:18 - spektroskopi - INFO - Raspberry Pi verisi: Ham=2864, Voltaj=2864.000V
2026-02-26 00:12:18 - spektroskopi - INFO - Raspberry Pi verisi işlendi: SENSOR_2 = 2864.000V
2026-02-26 00:12:18 - spektroskopi - WARNING - Zaman sıralama düzeltildi (averaged): 2026-02-26 00:12:18.638332
2026-02-26 00:12:18 - spektroskopi - WARNING - Zaman sıralama düzeltildi (averaged): 2026-02-26 00:12:18.639332
2026-02-26 00:12:18 - spektroskopi - WARNING - Zaman sıralama düzeltildi (averaged): 2026-02-26 00:12:18.640332
2026-02-26 00:12:18 - spektroskopi - WARNING - Zaman sıralama düzeltildi (averaged): 2026-02-26 00:12:18.641332
2026-02-26 00:12:18 - spektroskopi - WARNING - RealTimePanel: UV_360nm raw data uzunluk uyumsuzluğu (timestamps: 490, data: 124)
2026-02-26 00:12:18 - spektroskopi - WARNING - RealTimePanel: UV_360nm calibrated data uzunluk uyumsuzluğu (timestamps: 490, data: 124)
2026-02-26 00:12:18 - spektroskopi - WARNING - RealTimePanel: Blue_450nm raw data uzunluk uyumsuzluğu (timestamps: 490, data: 122)
2026-02-26 00:12:18 - spektroskopi - WARNING - RealTimePanel: Blue_450nm calibrated data uzunluk uyumsuzluğu (timestamps: 490, data: 122)
2026-02-26 00:12:18 - spektroskopi - WARNING - RealTimePanel: IR_850nm raw data uzunluk uyumsuzluğu (timestamps: 490, data: 122)
2026-02-26 00:12:18 - spektroskopi - WARNING - RealTimePanel: IR_850nm calibrated data uzunluk uyumsuzluğu (timestamps: 490, data: 122)
2026-02-26 00:12:18 - spektroskopi - WARNING - RealTimePanel: IR_940nm raw data uzunluk uyumsuzluğu (timestamps: 490, data: 122)
2026-02-26 00:12:18 - spektroskopi - WARNING - RealTimePanel: IR_940nm calibrated data uzunluk uyumsuzluğu (timestamps: 490, data: 122)
2026-02-26 00:12:18 - spektroskopi - INFO - Raspberry Pi'dan veri alındı: 6e400005-b5a3-f393-e0a9-e50e24dcca9e (Handle: 16): Unknown, uzunluk: 2
2026-02-26 00:12:18 - spektroskopi - INFO - Raspberry Pi verisi: Ham=3174, Voltaj=3174.000V
2026-02-26 00:12:18 - spektroskopi - INFO - Raspberry Pi verisi işlendi: SENSOR_EXTRA = 3174.000V
2026-02-26 00:12:19 - spektroskopi - INFO - Raspberry Pi'dan veri alındı: 6e400004-b5a3-f393-e0a9-e50e24dcca9e (Handle: 11): Unknown, uzunluk: 2
2026-02-26 00:12:19 - spektroskopi - INFO - Raspberry Pi verisi: Ham=383, Voltaj=383.000V
2026-02-26 00:12:19 - spektroskopi - INFO - Raspberry Pi verisi işlendi: SENSOR_7 = 383.000V
2026-02-26 00:12:19 - spektroskopi - INFO - Raspberry Pi'dan veri alındı: 6e400003-b5a3-f393-e0a9-e50e24dcca9e (Handle: 8): Nordic UART TX, uzunluk: 2
2026-02-26 00:12:19 - spektroskopi - INFO - Raspberry Pi verisi: Ham=670, Voltaj=670.000V
2026-02-26 00:12:19 - spektroskopi - INFO - Raspberry Pi verisi işlendi: SENSOR_5 = 670.000V
2026-02-26 00:12:19 - spektroskopi - INFO - Raspberry Pi'dan veri alındı: 6e400002-b5a3-f393-e0a9-e50e24dcca9e (Handle: 19): Nordic UART RX, uzunluk: 2
2026-02-26 00:12:19 - spektroskopi - INFO - Raspberry Pi verisi: Ham=2377, Voltaj=2377.000V
2026-02-26 00:12:19 - spektroskopi - INFO - Raspberry Pi verisi işlendi: SENSOR_2 = 2377.000V
2026-02-26 00:12:19 - spektroskopi - INFO - Raspberry Pi'dan veri alındı: 6e400005-b5a3-f393-e0a9-e50e24dcca9e (Handle: 16): Unknown, uzunluk: 2
2026-02-26 00:12:19 - spektroskopi - INFO - Raspberry Pi verisi: Ham=2672, Voltaj=2672.000V
2026-02-26 00:12:19 - spektroskopi - INFO - Raspberry Pi verisi işlendi: SENSOR_EXTRA = 2672.000V
2026-02-26 00:12:19 - spektroskopi - WARNING - Zaman sıralama düzeltildi (averaged): 2026-02-26 00:12:19.779710
2026-02-26 00:12:19 - spektroskopi - WARNING - Zaman sıralama düzeltildi (averaged): 2026-02-26 00:12:19.780710
2026-02-26 00:12:19 - spektroskopi - WARNING - Zaman sıralama düzeltildi (averaged): 2026-02-26 00:12:19.781710
2026-02-26 00:12:19 - spektroskopi - WARNING - Zaman sıralama düzeltildi (averaged): 2026-02-26 00:12:19.782710
2026-02-26 00:12:19 - spektroskopi - WARNING - Zaman sıralama düzeltildi (averaged): 2026-02-26 00:12:19.783710
2026-02-26 00:12:19 - spektroskopi - WARNING - RealTimePanel: UV_360nm raw data uzunluk uyumsuzluğu (timestamps: 500, data: 126)
2026-02-26 00:12:19 - spektroskopi - WARNING - RealTimePanel: UV_360nm calibrated data uzunluk uyumsuzluğu (timestamps: 500, data: 126)
2026-02-26 00:12:19 - spektroskopi - WARNING - RealTimePanel: Blue_450nm raw data uzunluk uyumsuzluğu (timestamps: 500, data: 126)
2026-02-26 00:12:19 - spektroskopi - WARNING - RealTimePanel: Blue_450nm calibrated data uzunluk uyumsuzluğu (timestamps: 500, data: 126)
2026-02-26 00:12:19 - spektroskopi - WARNING - RealTimePanel: IR_850nm raw data uzunluk uyumsuzluğu (timestamps: 500, data: 124)
2026-02-26 00:12:19 - spektroskopi - WARNING - RealTimePanel: IR_850nm calibrated data uzunluk uyumsuzluğu (timestamps: 500, data: 124)
2026-02-26 00:12:19 - spektroskopi - WARNING - RealTimePanel: IR_940nm raw data uzunluk uyumsuzluğu (timestamps: 500, data: 124)
2026-02-26 00:12:19 - spektroskopi - WARNING - RealTimePanel: IR_940nm calibrated data uzunluk uyumsuzluğu (timestamps: 500, data: 124)
2026-02-26 00:12:20 - spektroskopi - INFO - Raspberry Pi'dan veri alındı: 6e400004-b5a3-f393-e0a9-e50e24dcca9e (Handle: 11): Unknown, uzunluk: 2
2026-02-26 00:12:20 - spektroskopi - INFO - Raspberry Pi verisi: Ham=391, Voltaj=391.000V
2026-02-26 00:12:20 - spektroskopi - INFO - Raspberry Pi verisi işlendi: SENSOR_7 = 391.000V
2026-02-26 00:12:20 - spektroskopi - INFO - Raspberry Pi'dan veri alındı: 6e400003-b5a3-f393-e0a9-e50e24dcca9e (Handle: 8): Nordic UART TX, uzunluk: 2
2026-02-26 00:12:20 - spektroskopi - INFO - Raspberry Pi verisi: Ham=680, Voltaj=680.000V
2026-02-26 00:12:20 - spektroskopi - INFO - Raspberry Pi verisi işlendi: SENSOR_5 = 680.000V
2026-02-26 00:12:20 - spektroskopi - INFO - Raspberry Pi'dan veri alındı: 6e400002-b5a3-f393-e0a9-e50e24dcca9e (Handle: 19): Nordic UART RX, uzunluk: 2
2026-02-26 00:12:20 - spektroskopi - INFO - Raspberry Pi verisi: Ham=2452, Voltaj=2452.000V
2026-02-26 00:12:20 - spektroskopi - INFO - Raspberry Pi verisi işlendi: SENSOR_2 = 2452.000V
2026-02-26 00:12:20 - spektroskopi - INFO - Raspberry Pi'dan veri alındı: 6e400005-b5a3-f393-e0a9-e50e24dcca9e (Handle: 16): Unknown, uzunluk: 2
2026-02-26 00:12:20 - spektroskopi - INFO - Raspberry Pi verisi: Ham=2681, Voltaj=2681.000V
2026-02-26 00:12:20 - spektroskopi - INFO - Raspberry Pi verisi işlendi: SENSOR_EXTRA = 2681.000V
2026-02-26 00:12:20 - spektroskopi - WARNING - Zaman sıralama düzeltildi (averaged): 2026-02-26 00:12:20.648425
2026-02-26 00:12:20 - spektroskopi - WARNING - Zaman sıralama düzeltildi (averaged): 2026-02-26 00:12:20.649425
2026-02-26 00:12:20 - spektroskopi - WARNING - Zaman sıralama düzeltildi (averaged): 2026-02-26 00:12:20.650425
2026-02-26 00:12:20 - spektroskopi - WARNING - Zaman sıralama düzeltildi (averaged): 2026-02-26 00:12:20.651425
2026-02-26 00:12:20 - spektroskopi - WARNING - RealTimePanel: UV_360nm raw data uzunluk uyumsuzluğu (timestamps: 508, data: 128)
2026-02-26 00:12:20 - spektroskopi - WARNING - RealTimePanel: UV_360nm calibrated data uzunluk uyumsuzluğu (timestamps: 508, data: 128)
2026-02-26 00:12:20 - spektroskopi - WARNING - RealTimePanel: Blue_450nm raw data uzunluk uyumsuzluğu (timestamps: 508, data: 128)
2026-02-26 00:12:20 - spektroskopi - WARNING - RealTimePanel: Blue_450nm calibrated data uzunluk uyumsuzluğu (timestamps: 508, data: 128)
2026-02-26 00:12:20 - spektroskopi - WARNING - RealTimePanel: IR_850nm raw data uzunluk uyumsuzluğu (timestamps: 508, data: 126)
2026-02-26 00:12:20 - spektroskopi - WARNING - RealTimePanel: IR_850nm calibrated data uzunluk uyumsuzluğu (timestamps: 508, data: 126)
2026-02-26 00:12:20 - spektroskopi - WARNING - RealTimePanel: IR_940nm raw data uzunluk uyumsuzluğu (timestamps: 508, data: 126)
2026-02-26 00:12:20 - spektroskopi - WARNING - RealTimePanel: IR_940nm calibrated data uzunluk uyumsuzluğu (timestamps: 508, data: 126)
2026-02-26 00:12:20 - spektroskopi - INFO - Raspberry Pi'dan veri alındı: 6e400004-b5a3-f393-e0a9-e50e24dcca9e (Handle: 11): Unknown, uzunluk: 2
2026-02-26 00:12:20 - spektroskopi - INFO - Raspberry Pi verisi: Ham=389, Voltaj=389.000V
2026-02-26 00:12:20 - spektroskopi - INFO - Raspberry Pi verisi işlendi: SENSOR_7 = 389.000V
2026-02-26 00:12:21 - spektroskopi - INFO - Raspberry Pi'dan veri alındı: 6e400003-b5a3-f393-e0a9-e50e24dcca9e (Handle: 8): Nordic UART TX, uzunluk: 2
2026-02-26 00:12:21 - spektroskopi - INFO - Raspberry Pi verisi: Ham=676, Voltaj=676.000V
2026-02-26 00:12:21 - spektroskopi - INFO - Raspberry Pi verisi işlendi: SENSOR_5 = 676.000V
2026-02-26 00:12:21 - spektroskopi - INFO - Raspberry Pi'dan veri alındı: 6e400002-b5a3-f393-e0a9-e50e24dcca9e (Handle: 19): Nordic UART RX, uzunluk: 2
2026-02-26 00:12:21 - spektroskopi - INFO - Raspberry Pi verisi: Ham=2414, Voltaj=2414.000V
2026-02-26 00:12:21 - spektroskopi - INFO - Raspberry Pi verisi işlendi: SENSOR_2 = 2414.000V
2026-02-26 00:12:21 - spektroskopi - INFO - Raspberry Pi'dan veri alındı: 6e400005-b5a3-f393-e0a9-e50e24dcca9e (Handle: 16): Unknown, uzunluk: 2
2026-02-26 00:12:21 - spektroskopi - INFO - Raspberry Pi verisi: Ham=2677, Voltaj=2677.000V
2026-02-26 00:12:21 - spektroskopi - INFO - Raspberry Pi verisi işlendi: SENSOR_EXTRA = 2677.000V
2026-02-26 00:12:21 - spektroskopi - INFO - Raspberry Pi'dan veri alındı: 6e400004-b5a3-f393-e0a9-e50e24dcca9e (Handle: 11): Unknown, uzunluk: 2
2026-02-26 00:12:21 - spektroskopi - INFO - Raspberry Pi verisi: Ham=387, Voltaj=387.000V
2026-02-26 00:12:21 - spektroskopi - INFO - Raspberry Pi verisi işlendi: SENSOR_7 = 387.000V
2026-02-26 00:12:21 - spektroskopi - WARNING - Zaman sıralama düzeltildi (averaged): 2026-02-26 00:12:21.790365
2026-02-26 00:12:21 - spektroskopi - WARNING - Zaman sıralama düzeltildi (averaged): 2026-02-26 00:12:21.791365
2026-02-26 00:12:21 - spektroskopi - WARNING - Zaman sıralama düzeltildi (averaged): 2026-02-26 00:12:21.792365
2026-02-26 00:12:21 - spektroskopi - WARNING - Zaman sıralama düzeltildi (averaged): 2026-02-26 00:12:21.793365
2026-02-26 00:12:21 - spektroskopi - WARNING - Zaman sıralama düzeltildi (averaged): 2026-02-26 00:12:21.794365
2026-02-26 00:12:21 - spektroskopi - WARNING - RealTimePanel: UV_360nm raw data uzunluk uyumsuzluğu (timestamps: 518, data: 130)
2026-02-26 00:12:21 - spektroskopi - WARNING - RealTimePanel: UV_360nm calibrated data uzunluk uyumsuzluğu (timestamps: 518, data: 130)
2026-02-26 00:12:21 - spektroskopi - WARNING - RealTimePanel: Blue_450nm raw data uzunluk uyumsuzluğu (timestamps: 518, data: 130)
2026-02-26 00:12:21 - spektroskopi - WARNING - RealTimePanel: Blue_450nm calibrated data uzunluk uyumsuzluğu (timestamps: 518, data: 130)
2026-02-26 00:12:21 - spektroskopi - WARNING - RealTimePanel: IR_850nm raw data uzunluk uyumsuzluğu (timestamps: 518, data: 130)
2026-02-26 00:12:21 - spektroskopi - WARNING - RealTimePanel: IR_850nm calibrated data uzunluk uyumsuzluğu (timestamps: 518, data: 130)
2026-02-26 00:12:21 - spektroskopi - WARNING - RealTimePanel: IR_940nm raw data uzunluk uyumsuzluğu (timestamps: 518, data: 128)
2026-02-26 00:12:21 - spektroskopi - WARNING - RealTimePanel: IR_940nm calibrated data uzunluk uyumsuzluğu (timestamps: 518, data: 128)
2026-02-26 00:12:22 - spektroskopi - INFO - Raspberry Pi'dan veri alındı: 6e400003-b5a3-f393-e0a9-e50e24dcca9e (Handle: 8): Nordic UART TX, uzunluk: 2
2026-02-26 00:12:22 - spektroskopi - INFO - Raspberry Pi verisi: Ham=680, Voltaj=680.000V
2026-02-26 00:12:22 - spektroskopi - INFO - Raspberry Pi verisi işlendi: SENSOR_5 = 680.000V
2026-02-26 00:12:22 - spektroskopi - INFO - Raspberry Pi'dan veri alındı: 6e400002-b5a3-f393-e0a9-e50e24dcca9e (Handle: 19): Nordic UART RX, uzunluk: 2
2026-02-26 00:12:22 - spektroskopi - INFO - Raspberry Pi verisi: Ham=2441, Voltaj=2441.000V
2026-02-26 00:12:22 - spektroskopi - INFO - Raspberry Pi verisi işlendi: SENSOR_2 = 2441.000V
2026-02-26 00:12:22 - spektroskopi - INFO - Raspberry Pi'dan veri alındı: 6e400005-b5a3-f393-e0a9-e50e24dcca9e (Handle: 16): Unknown, uzunluk: 2
2026-02-26 00:12:22 - spektroskopi - INFO - Raspberry Pi verisi: Ham=2712, Voltaj=2712.000V
2026-02-26 00:12:22 - spektroskopi - INFO - Raspberry Pi verisi işlendi: SENSOR_EXTRA = 2712.000V
2026-02-26 00:12:22 - spektroskopi - INFO - Raspberry Pi'dan veri alındı: 6e400004-b5a3-f393-e0a9-e50e24dcca9e (Handle: 11): Unknown, uzunluk: 2
2026-02-26 00:12:22 - spektroskopi - INFO - Raspberry Pi verisi: Ham=395, Voltaj=395.000V
2026-02-26 00:12:22 - spektroskopi - INFO - Raspberry Pi verisi işlendi: SENSOR_7 = 395.000V
2026-02-26 00:12:22 - spektroskopi - WARNING - Zaman sıralama düzeltildi (averaged): 2026-02-26 00:12:22.658474
2026-02-26 00:12:22 - spektroskopi - WARNING - Zaman sıralama düzeltildi (averaged): 2026-02-26 00:12:22.659474
2026-02-26 00:12:22 - spektroskopi - WARNING - Zaman sıralama düzeltildi (averaged): 2026-02-26 00:12:22.660474
2026-02-26 00:12:22 - spektroskopi - WARNING - Zaman sıralama düzeltildi (averaged): 2026-02-26 00:12:22.661474
2026-02-26 00:12:22 - spektroskopi - WARNING - RealTimePanel: UV_360nm raw data uzunluk uyumsuzluğu (timestamps: 526, data: 132)
2026-02-26 00:12:22 - spektroskopi - WARNING - RealTimePanel: UV_360nm calibrated data uzunluk uyumsuzluğu (timestamps: 526, data: 132)
2026-02-26 00:12:22 - spektroskopi - WARNING - RealTimePanel: Blue_450nm raw data uzunluk uyumsuzluğu (timestamps: 526, data: 132)
2026-02-26 00:12:22 - spektroskopi - WARNING - RealTimePanel: Blue_450nm calibrated data uzunluk uyumsuzluğu (timestamps: 526, data: 132)
2026-02-26 00:12:22 - spektroskopi - WARNING - RealTimePanel: IR_850nm raw data uzunluk uyumsuzluğu (timestamps: 526, data: 132)
2026-02-26 00:12:22 - spektroskopi - WARNING - RealTimePanel: IR_850nm calibrated data uzunluk uyumsuzluğu (timestamps: 526, data: 132)
2026-02-26 00:12:22 - spektroskopi - WARNING - RealTimePanel: IR_940nm raw data uzunluk uyumsuzluğu (timestamps: 526, data: 130)
2026-02-26 00:12:22 - spektroskopi - WARNING - RealTimePanel: IR_940nm calibrated data uzunluk uyumsuzluğu (timestamps: 526, data: 130)
2026-02-26 00:12:22 - spektroskopi - INFO - Raspberry Pi'dan veri alındı: 6e400003-b5a3-f393-e0a9-e50e24dcca9e (Handle: 8): Nordic UART TX, uzunluk: 2
2026-02-26 00:12:22 - spektroskopi - INFO - Raspberry Pi verisi: Ham=685, Voltaj=685.000V
2026-02-26 00:12:22 - spektroskopi - INFO - Raspberry Pi verisi işlendi: SENSOR_5 = 685.000V
2026-02-26 00:12:23 - spektroskopi - INFO - Raspberry Pi'dan veri alındı: 6e400002-b5a3-f393-e0a9-e50e24dcca9e (Handle: 19): Nordic UART RX, uzunluk: 2
2026-02-26 00:12:23 - spektroskopi - INFO - Raspberry Pi verisi: Ham=2427, Voltaj=2427.000V
2026-02-26 00:12:23 - spektroskopi - INFO - Raspberry Pi verisi işlendi: SENSOR_2 = 2427.000V
2026-02-26 00:12:23 - spektroskopi - INFO - Raspberry Pi'dan veri alındı: 6e400005-b5a3-f393-e0a9-e50e24dcca9e (Handle: 16): Unknown, uzunluk: 2
2026-02-26 00:12:23 - spektroskopi - INFO - Raspberry Pi verisi: Ham=2665, Voltaj=2665.000V
2026-02-26 00:12:23 - spektroskopi - INFO - Raspberry Pi verisi işlendi: SENSOR_EXTRA = 2665.000V
2026-02-26 00:12:23 - spektroskopi - INFO - Raspberry Pi'dan veri alındı: 6e400004-b5a3-f393-e0a9-e50e24dcca9e (Handle: 11): Unknown, uzunluk: 2
2026-02-26 00:12:23 - spektroskopi - INFO - Raspberry Pi verisi: Ham=393, Voltaj=393.000V
2026-02-26 00:12:23 - spektroskopi - INFO - Raspberry Pi verisi işlendi: SENSOR_7 = 393.000V
2026-02-26 00:12:23 - spektroskopi - INFO - Raspberry Pi'dan veri alındı: 6e400003-b5a3-f393-e0a9-e50e24dcca9e (Handle: 8): Nordic UART TX, uzunluk: 2
2026-02-26 00:12:23 - spektroskopi - INFO - Raspberry Pi verisi: Ham=678, Voltaj=678.000V
2026-02-26 00:12:23 - spektroskopi - INFO - Raspberry Pi verisi işlendi: SENSOR_5 = 678.000V
2026-02-26 00:12:23 - spektroskopi - WARNING - Zaman sıralama düzeltildi (averaged): 2026-02-26 00:12:23.798463
2026-02-26 00:12:23 - spektroskopi - WARNING - Zaman sıralama düzeltildi (averaged): 2026-02-26 00:12:23.799463
2026-02-26 00:12:23 - spektroskopi - WARNING - Zaman sıralama düzeltildi (averaged): 2026-02-26 00:12:23.800463
2026-02-26 00:12:23 - spektroskopi - WARNING - Zaman sıralama düzeltildi (averaged): 2026-02-26 00:12:23.801463
2026-02-26 00:12:23 - spektroskopi - WARNING - Zaman sıralama düzeltildi (averaged): 2026-02-26 00:12:23.802463
2026-02-26 00:12:23 - spektroskopi - WARNING - RealTimePanel: UV_360nm raw data uzunluk uyumsuzluğu (timestamps: 536, data: 134)
2026-02-26 00:12:23 - spektroskopi - WARNING - RealTimePanel: UV_360nm calibrated data uzunluk uyumsuzluğu (timestamps: 536, data: 134)
2026-02-26 00:12:23 - spektroskopi - WARNING - RealTimePanel: Blue_450nm raw data uzunluk uyumsuzluğu (timestamps: 536, data: 134)
2026-02-26 00:12:23 - spektroskopi - WARNING - RealTimePanel: Blue_450nm calibrated data uzunluk uyumsuzluğu (timestamps: 536, data: 134)
2026-02-26 00:12:23 - spektroskopi - WARNING - RealTimePanel: IR_850nm raw data uzunluk uyumsuzluğu (timestamps: 536, data: 134)
2026-02-26 00:12:23 - spektroskopi - WARNING - RealTimePanel: IR_850nm calibrated data uzunluk uyumsuzluğu (timestamps: 536, data: 134)
2026-02-26 00:12:23 - spektroskopi - WARNING - RealTimePanel: IR_940nm raw data uzunluk uyumsuzluğu (timestamps: 536, data: 134)
2026-02-26 00:12:23 - spektroskopi - WARNING - RealTimePanel: IR_940nm calibrated data uzunluk uyumsuzluğu (timestamps: 536, data: 134)
2026-02-26 00:12:23 - spektroskopi - INFO - Raspberry Pi'dan veri alındı: 6e400002-b5a3-f393-e0a9-e50e24dcca9e (Handle: 19): Nordic UART RX, uzunluk: 2
2026-02-26 00:12:23 - spektroskopi - INFO - Raspberry Pi verisi: Ham=2373, Voltaj=2373.000V
2026-02-26 00:12:23 - spektroskopi - INFO - Raspberry Pi verisi işlendi: SENSOR_2 = 2373.000V
2026-02-26 00:12:24 - spektroskopi - INFO - Raspberry Pi'dan veri alındı: 6e400005-b5a3-f393-e0a9-e50e24dcca9e (Handle: 16): Unknown, uzunluk: 2
2026-02-26 00:12:24 - spektroskopi - INFO - Raspberry Pi verisi: Ham=2696, Voltaj=2696.000V
2026-02-26 00:12:24 - spektroskopi - INFO - Raspberry Pi verisi işlendi: SENSOR_EXTRA = 2696.000V
2026-02-26 00:12:24 - spektroskopi - INFO - Raspberry Pi'dan veri alındı: 6e400004-b5a3-f393-e0a9-e50e24dcca9e (Handle: 11): Unknown, uzunluk: 2
2026-02-26 00:12:24 - spektroskopi - INFO - Raspberry Pi verisi: Ham=393, Voltaj=393.000V
2026-02-26 00:12:24 - spektroskopi - INFO - Raspberry Pi verisi işlendi: SENSOR_7 = 393.000V
2026-02-26 00:12:24 - spektroskopi - INFO - Raspberry Pi'dan veri alındı: 6e400003-b5a3-f393-e0a9-e50e24dcca9e (Handle: 8): Nordic UART TX, uzunluk: 2
2026-02-26 00:12:24 - spektroskopi - INFO - Raspberry Pi verisi: Ham=678, Voltaj=678.000V
2026-02-26 00:12:24 - spektroskopi - INFO - Raspberry Pi verisi işlendi: SENSOR_5 = 678.000V
2026-02-26 00:12:24 - spektroskopi - INFO - Raspberry Pi'dan veri alındı: 6e400002-b5a3-f393-e0a9-e50e24dcca9e (Handle: 19): Nordic UART RX, uzunluk: 2
2026-02-26 00:12:24 - spektroskopi - INFO - Raspberry Pi verisi: Ham=2330, Voltaj=2330.000V
2026-02-26 00:12:24 - spektroskopi - INFO - Raspberry Pi verisi işlendi: SENSOR_2 = 2330.000V
2026-02-26 00:12:24 - spektroskopi - WARNING - Zaman sıralama düzeltildi (averaged): 2026-02-26 00:12:24.791036
2026-02-26 00:12:24 - spektroskopi - WARNING - Zaman sıralama düzeltildi (averaged): 2026-02-26 00:12:24.792036
2026-02-26 00:12:24 - spektroskopi - WARNING - Zaman sıralama düzeltildi (averaged): 2026-02-26 00:12:24.793036
2026-02-26 00:12:24 - spektroskopi - WARNING - Zaman sıralama düzeltildi (averaged): 2026-02-26 00:12:24.794036
2026-02-26 00:12:24 - spektroskopi - WARNING - Zaman sıralama düzeltildi (averaged): 2026-02-26 00:12:24.795036
2026-02-26 00:12:24 - spektroskopi - WARNING - RealTimePanel: UV_360nm raw data uzunluk uyumsuzluğu (timestamps: 546, data: 138)
2026-02-26 00:12:24 - spektroskopi - WARNING - RealTimePanel: UV_360nm calibrated data uzunluk uyumsuzluğu (timestamps: 546, data: 138)
2026-02-26 00:12:24 - spektroskopi - WARNING - RealTimePanel: Blue_450nm raw data uzunluk uyumsuzluğu (timestamps: 546, data: 136)
2026-02-26 00:12:24 - spektroskopi - WARNING - RealTimePanel: Blue_450nm calibrated data uzunluk uyumsuzluğu (timestamps: 546, data: 136)
2026-02-26 00:12:24 - spektroskopi - WARNING - RealTimePanel: IR_850nm raw data uzunluk uyumsuzluğu (timestamps: 546, data: 136)
2026-02-26 00:12:24 - spektroskopi - WARNING - RealTimePanel: IR_850nm calibrated data uzunluk uyumsuzluğu (timestamps: 546, data: 136)
2026-02-26 00:12:24 - spektroskopi - WARNING - RealTimePanel: IR_940nm raw data uzunluk uyumsuzluğu (timestamps: 546, data: 136)
2026-02-26 00:12:24 - spektroskopi - WARNING - RealTimePanel: IR_940nm calibrated data uzunluk uyumsuzluğu (timestamps: 546, data: 136)
2026-02-26 00:12:25 - spektroskopi - INFO - Raspberry Pi'dan veri alındı: 6e400005-b5a3-f393-e0a9-e50e24dcca9e (Handle: 16): Unknown, uzunluk: 2
2026-02-26 00:12:25 - spektroskopi - INFO - Raspberry Pi verisi: Ham=2644, Voltaj=2644.000V
2026-02-26 00:12:25 - spektroskopi - INFO - Raspberry Pi verisi işlendi: SENSOR_EXTRA = 2644.000V
2026-02-26 00:12:25 - spektroskopi - INFO - Raspberry Pi'dan veri alındı: 6e400004-b5a3-f393-e0a9-e50e24dcca9e (Handle: 11): Unknown, uzunluk: 2
2026-02-26 00:12:25 - spektroskopi - INFO - Raspberry Pi verisi: Ham=388, Voltaj=388.000V
2026-02-26 00:12:25 - spektroskopi - INFO - Raspberry Pi verisi işlendi: SENSOR_7 = 388.000V
2026-02-26 00:12:25 - spektroskopi - INFO - Raspberry Pi'dan veri alındı: 6e400003-b5a3-f393-e0a9-e50e24dcca9e (Handle: 8): Nordic UART TX, uzunluk: 2
2026-02-26 00:12:25 - spektroskopi - INFO - Raspberry Pi verisi: Ham=682, Voltaj=682.000V
2026-02-26 00:12:25 - spektroskopi - INFO - Raspberry Pi verisi işlendi: SENSOR_5 = 682.000V
2026-02-26 00:12:25 - spektroskopi - INFO - Raspberry Pi'dan veri alındı: 6e400002-b5a3-f393-e0a9-e50e24dcca9e (Handle: 19): Nordic UART RX, uzunluk: 2
2026-02-26 00:12:25 - spektroskopi - INFO - Raspberry Pi verisi: Ham=2372, Voltaj=2372.000V
2026-02-26 00:12:25 - spektroskopi - INFO - Raspberry Pi verisi işlendi: SENSOR_2 = 2372.000V
2026-02-26 00:12:25 - spektroskopi - WARNING - Zaman sıralama düzeltildi (averaged): 2026-02-26 00:12:25.690328
2026-02-26 00:12:25 - spektroskopi - WARNING - Zaman sıralama düzeltildi (averaged): 2026-02-26 00:12:25.691328
2026-02-26 00:12:25 - spektroskopi - WARNING - Zaman sıralama düzeltildi (averaged): 2026-02-26 00:12:25.692328
2026-02-26 00:12:25 - spektroskopi - WARNING - Zaman sıralama düzeltildi (averaged): 2026-02-26 00:12:25.693328
2026-02-26 00:12:25 - spektroskopi - WARNING - RealTimePanel: UV_360nm raw data uzunluk uyumsuzluğu (timestamps: 554, data: 140)
2026-02-26 00:12:25 - spektroskopi - WARNING - RealTimePanel: UV_360nm calibrated data uzunluk uyumsuzluğu (timestamps: 554, data: 140)
2026-02-26 00:12:25 - spektroskopi - WARNING - RealTimePanel: Blue_450nm raw data uzunluk uyumsuzluğu (timestamps: 554, data: 138)
2026-02-26 00:12:25 - spektroskopi - WARNING - RealTimePanel: Blue_450nm calibrated data uzunluk uyumsuzluğu (timestamps: 554, data: 138)
2026-02-26 00:12:25 - spektroskopi - WARNING - RealTimePanel: IR_850nm raw data uzunluk uyumsuzluğu (timestamps: 554, data: 138)
2026-02-26 00:12:25 - spektroskopi - WARNING - RealTimePanel: IR_850nm calibrated data uzunluk uyumsuzluğu (timestamps: 554, data: 138)
2026-02-26 00:12:25 - spektroskopi - WARNING - RealTimePanel: IR_940nm raw data uzunluk uyumsuzluğu (timestamps: 554, data: 138)
2026-02-26 00:12:25 - spektroskopi - WARNING - RealTimePanel: IR_940nm calibrated data uzunluk uyumsuzluğu (timestamps: 554, data: 138)
2026-02-26 00:12:25 - spektroskopi - INFO - Raspberry Pi'dan veri alındı: 6e400005-b5a3-f393-e0a9-e50e24dcca9e (Handle: 16): Unknown, uzunluk: 2
2026-02-26 00:12:25 - spektroskopi - INFO - Raspberry Pi verisi: Ham=2672, Voltaj=2672.000V
2026-02-26 00:12:25 - spektroskopi - INFO - Raspberry Pi verisi işlendi: SENSOR_EXTRA = 2672.000V
2026-02-26 00:12:26 - spektroskopi - INFO - Raspberry Pi'dan veri alındı: 6e400004-b5a3-f393-e0a9-e50e24dcca9e (Handle: 11): Unknown, uzunluk: 2
2026-02-26 00:12:26 - spektroskopi - INFO - Raspberry Pi verisi: Ham=386, Voltaj=386.000V
2026-02-26 00:12:26 - spektroskopi - INFO - Raspberry Pi verisi işlendi: SENSOR_7 = 386.000V
2026-02-26 00:12:26 - spektroskopi - INFO - Raspberry Pi'dan veri alındı: 6e400003-b5a3-f393-e0a9-e50e24dcca9e (Handle: 8): Nordic UART TX, uzunluk: 2
2026-02-26 00:12:26 - spektroskopi - INFO - Raspberry Pi verisi: Ham=680, Voltaj=680.000V
2026-02-26 00:12:26 - spektroskopi - INFO - Raspberry Pi verisi işlendi: SENSOR_5 = 680.000V
2026-02-26 00:12:26 - spektroskopi - INFO - Raspberry Pi'dan veri alındı: 6e400002-b5a3-f393-e0a9-e50e24dcca9e (Handle: 19): Nordic UART RX, uzunluk: 2
2026-02-26 00:12:26 - spektroskopi - INFO - Raspberry Pi verisi: Ham=2316, Voltaj=2316.000V
2026-02-26 00:12:26 - spektroskopi - INFO - Raspberry Pi verisi işlendi: SENSOR_2 = 2316.000V
2026-02-26 00:12:26 - spektroskopi - INFO - Raspberry Pi'dan veri alındı: 6e400005-b5a3-f393-e0a9-e50e24dcca9e (Handle: 16): Unknown, uzunluk: 2
2026-02-26 00:12:26 - spektroskopi - INFO - Raspberry Pi verisi: Ham=2548, Voltaj=2548.000V
2026-02-26 00:12:26 - spektroskopi - INFO - Raspberry Pi verisi işlendi: SENSOR_EXTRA = 2548.000V
2026-02-26 00:12:26 - spektroskopi - WARNING - Zaman sıralama düzeltildi (averaged): 2026-02-26 00:12:26.798260
2026-02-26 00:12:26 - spektroskopi - WARNING - Zaman sıralama düzeltildi (averaged): 2026-02-26 00:12:26.799260
2026-02-26 00:12:26 - spektroskopi - WARNING - Zaman sıralama düzeltildi (averaged): 2026-02-26 00:12:26.800260
2026-02-26 00:12:26 - spektroskopi - WARNING - Zaman sıralama düzeltildi (averaged): 2026-02-26 00:12:26.801260
2026-02-26 00:12:26 - spektroskopi - WARNING - Zaman sıralama düzeltildi (averaged): 2026-02-26 00:12:26.802260
2026-02-26 00:12:26 - spektroskopi - WARNING - RealTimePanel: UV_360nm raw data uzunluk uyumsuzluğu (timestamps: 564, data: 142)
2026-02-26 00:12:26 - spektroskopi - WARNING - RealTimePanel: UV_360nm calibrated data uzunluk uyumsuzluğu (timestamps: 564, data: 142)
2026-02-26 00:12:26 - spektroskopi - WARNING - RealTimePanel: Blue_450nm raw data uzunluk uyumsuzluğu (timestamps: 564, data: 142)
2026-02-26 00:12:26 - spektroskopi - WARNING - RealTimePanel: Blue_450nm calibrated data uzunluk uyumsuzluğu (timestamps: 564, data: 142)
2026-02-26 00:12:26 - spektroskopi - WARNING - RealTimePanel: IR_850nm raw data uzunluk uyumsuzluğu (timestamps: 564, data: 140)
2026-02-26 00:12:26 - spektroskopi - WARNING - RealTimePanel: IR_850nm calibrated data uzunluk uyumsuzluğu (timestamps: 564, data: 140)
2026-02-26 00:12:26 - spektroskopi - WARNING - RealTimePanel: IR_940nm raw data uzunluk uyumsuzluğu (timestamps: 564, data: 140)
2026-02-26 00:12:26 - spektroskopi - WARNING - RealTimePanel: IR_940nm calibrated data uzunluk uyumsuzluğu (timestamps: 564, data: 140)
2026-02-26 00:12:27 - spektroskopi - INFO - Raspberry Pi'dan veri alındı: 6e400004-b5a3-f393-e0a9-e50e24dcca9e (Handle: 11): Unknown, uzunluk: 2
2026-02-26 00:12:27 - spektroskopi - INFO - Raspberry Pi verisi: Ham=391, Voltaj=391.000V
2026-02-26 00:12:27 - spektroskopi - INFO - Raspberry Pi verisi işlendi: SENSOR_7 = 391.000V
2026-02-26 00:12:27 - spektroskopi - INFO - Raspberry Pi'dan veri alındı: 6e400003-b5a3-f393-e0a9-e50e24dcca9e (Handle: 8): Nordic UART TX, uzunluk: 2
2026-02-26 00:12:27 - spektroskopi - INFO - Raspberry Pi verisi: Ham=680, Voltaj=680.000V
2026-02-26 00:12:27 - spektroskopi - INFO - Raspberry Pi verisi işlendi: SENSOR_5 = 680.000V
2026-02-26 00:12:27 - spektroskopi - INFO - Raspberry Pi'dan veri alındı: 6e400002-b5a3-f393-e0a9-e50e24dcca9e (Handle: 19): Nordic UART RX, uzunluk: 2
2026-02-26 00:12:27 - spektroskopi - INFO - Raspberry Pi verisi: Ham=2349, Voltaj=2349.000V
2026-02-26 00:12:27 - spektroskopi - INFO - Raspberry Pi verisi işlendi: SENSOR_2 = 2349.000V
2026-02-26 00:12:27 - spektroskopi - INFO - Raspberry Pi'dan veri alındı: 6e400005-b5a3-f393-e0a9-e50e24dcca9e (Handle: 16): Unknown, uzunluk: 2
2026-02-26 00:12:27 - spektroskopi - INFO - Raspberry Pi verisi: Ham=2650, Voltaj=2650.000V
2026-02-26 00:12:27 - spektroskopi - INFO - Raspberry Pi verisi işlendi: SENSOR_EXTRA = 2650.000V
2026-02-26 00:12:27 - spektroskopi - WARNING - Zaman sıralama düzeltildi (averaged): 2026-02-26 00:12:27.698507
2026-02-26 00:12:27 - spektroskopi - WARNING - Zaman sıralama düzeltildi (averaged): 2026-02-26 00:12:27.699507
2026-02-26 00:12:27 - spektroskopi - WARNING - Zaman sıralama düzeltildi (averaged): 2026-02-26 00:12:27.700507
2026-02-26 00:12:27 - spektroskopi - WARNING - Zaman sıralama düzeltildi (averaged): 2026-02-26 00:12:27.701507
2026-02-26 00:12:27 - spektroskopi - WARNING - RealTimePanel: UV_360nm raw data uzunluk uyumsuzluğu (timestamps: 572, data: 144)
2026-02-26 00:12:27 - spektroskopi - WARNING - RealTimePanel: UV_360nm calibrated data uzunluk uyumsuzluğu (timestamps: 572, data: 144)
2026-02-26 00:12:27 - spektroskopi - WARNING - RealTimePanel: Blue_450nm raw data uzunluk uyumsuzluğu (timestamps: 572, data: 144)
2026-02-26 00:12:27 - spektroskopi - WARNING - RealTimePanel: Blue_450nm calibrated data uzunluk uyumsuzluğu (timestamps: 572, data: 144)
2026-02-26 00:12:27 - spektroskopi - WARNING - RealTimePanel: IR_850nm raw data uzunluk uyumsuzluğu (timestamps: 572, data: 142)
2026-02-26 00:12:27 - spektroskopi - WARNING - RealTimePanel: IR_850nm calibrated data uzunluk uyumsuzluğu (timestamps: 572, data: 142)
2026-02-26 00:12:27 - spektroskopi - WARNING - RealTimePanel: IR_940nm raw data uzunluk uyumsuzluğu (timestamps: 572, data: 142)
2026-02-26 00:12:27 - spektroskopi - WARNING - RealTimePanel: IR_940nm calibrated data uzunluk uyumsuzluğu (timestamps: 572, data: 142)
2026-02-26 00:12:27 - spektroskopi - INFO - Raspberry Pi'dan veri alındı: 6e400004-b5a3-f393-e0a9-e50e24dcca9e (Handle: 11): Unknown, uzunluk: 2
2026-02-26 00:12:27 - spektroskopi - INFO - Raspberry Pi verisi: Ham=389, Voltaj=389.000V
2026-02-26 00:12:27 - spektroskopi - INFO - Raspberry Pi verisi işlendi: SENSOR_7 = 389.000V
2026-02-26 00:12:28 - spektroskopi - INFO - Raspberry Pi'dan veri alındı: 6e400003-b5a3-f393-e0a9-e50e24dcca9e (Handle: 8): Nordic UART TX, uzunluk: 2
2026-02-26 00:12:28 - spektroskopi - INFO - Raspberry Pi verisi: Ham=681, Voltaj=681.000V
2026-02-26 00:12:28 - spektroskopi - INFO - Raspberry Pi verisi işlendi: SENSOR_5 = 681.000V
2026-02-26 00:12:28 - spektroskopi - INFO - Raspberry Pi'dan veri alındı: 6e400002-b5a3-f393-e0a9-e50e24dcca9e (Handle: 19): Nordic UART RX, uzunluk: 2
2026-02-26 00:12:28 - spektroskopi - INFO - Raspberry Pi verisi: Ham=2440, Voltaj=2440.000V
2026-02-26 00:12:28 - spektroskopi - INFO - Raspberry Pi verisi işlendi: SENSOR_2 = 2440.000V
2026-02-26 00:12:28 - spektroskopi - INFO - Raspberry Pi'dan veri alındı: 6e400005-b5a3-f393-e0a9-e50e24dcca9e (Handle: 16): Unknown, uzunluk: 2
2026-02-26 00:12:28 - spektroskopi - INFO - Raspberry Pi verisi: Ham=2708, Voltaj=2708.000V
2026-02-26 00:12:28 - spektroskopi - INFO - Raspberry Pi verisi işlendi: SENSOR_EXTRA = 2708.000V
2026-02-26 00:12:28 - spektroskopi - INFO - Raspberry Pi'dan veri alındı: 6e400004-b5a3-f393-e0a9-e50e24dcca9e (Handle: 11): Unknown, uzunluk: 2
2026-02-26 00:12:28 - spektroskopi - INFO - Raspberry Pi verisi: Ham=390, Voltaj=390.000V
2026-02-26 00:12:28 - spektroskopi - INFO - Raspberry Pi verisi işlendi: SENSOR_7 = 390.000V
2026-02-26 00:12:28 - spektroskopi - WARNING - Zaman sıralama düzeltildi (averaged): 2026-02-26 00:12:28.838392
2026-02-26 00:12:28 - spektroskopi - WARNING - Zaman sıralama düzeltildi (averaged): 2026-02-26 00:12:28.839392
2026-02-26 00:12:28 - spektroskopi - WARNING - Zaman sıralama düzeltildi (averaged): 2026-02-26 00:12:28.840392
2026-02-26 00:12:28 - spektroskopi - WARNING - Zaman sıralama düzeltildi (averaged): 2026-02-26 00:12:28.841392
2026-02-26 00:12:28 - spektroskopi - WARNING - Zaman sıralama düzeltildi (averaged): 2026-02-26 00:12:28.842392
2026-02-26 00:12:28 - spektroskopi - WARNING - RealTimePanel: UV_360nm raw data uzunluk uyumsuzluğu (timestamps: 582, data: 146)
2026-02-26 00:12:28 - spektroskopi - WARNING - RealTimePanel: UV_360nm calibrated data uzunluk uyumsuzluğu (timestamps: 582, data: 146)
2026-02-26 00:12:28 - spektroskopi - WARNING - RealTimePanel: Blue_450nm raw data uzunluk uyumsuzluğu (timestamps: 582, data: 146)
2026-02-26 00:12:28 - spektroskopi - WARNING - RealTimePanel: Blue_450nm calibrated data uzunluk uyumsuzluğu (timestamps: 582, data: 146)
2026-02-26 00:12:28 - spektroskopi - WARNING - RealTimePanel: IR_850nm raw data uzunluk uyumsuzluğu (timestamps: 582, data: 146)
2026-02-26 00:12:28 - spektroskopi - WARNING - RealTimePanel: IR_850nm calibrated data uzunluk uyumsuzluğu (timestamps: 582, data: 146)
2026-02-26 00:12:28 - spektroskopi - WARNING - RealTimePanel: IR_940nm raw data uzunluk uyumsuzluğu (timestamps: 582, data: 144)
2026-02-26 00:12:28 - spektroskopi - WARNING - RealTimePanel: IR_940nm calibrated data uzunluk uyumsuzluğu (timestamps: 582, data: 144)
2026-02-26 00:12:29 - spektroskopi - INFO - Raspberry Pi'dan veri alındı: 6e400003-b5a3-f393-e0a9-e50e24dcca9e (Handle: 8): Nordic UART TX, uzunluk: 2
2026-02-26 00:12:29 - spektroskopi - INFO - Raspberry Pi verisi: Ham=678, Voltaj=678.000V
2026-02-26 00:12:29 - spektroskopi - INFO - Raspberry Pi verisi işlendi: SENSOR_5 = 678.000V
2026-02-26 00:12:29 - spektroskopi - INFO - Raspberry Pi'dan veri alındı: 6e400002-b5a3-f393-e0a9-e50e24dcca9e (Handle: 19): Nordic UART RX, uzunluk: 2
2026-02-26 00:12:29 - spektroskopi - INFO - Raspberry Pi verisi: Ham=2420, Voltaj=2420.000V
2026-02-26 00:12:29 - spektroskopi - INFO - Raspberry Pi verisi işlendi: SENSOR_2 = 2420.000V
2026-02-26 00:12:29 - spektroskopi - INFO - Raspberry Pi'dan veri alındı: 6e400005-b5a3-f393-e0a9-e50e24dcca9e (Handle: 16): Unknown, uzunluk: 2
2026-02-26 00:12:29 - spektroskopi - INFO - Raspberry Pi verisi: Ham=2697, Voltaj=2697.000V
2026-02-26 00:12:29 - spektroskopi - INFO - Raspberry Pi verisi işlendi: SENSOR_EXTRA = 2697.000V
2026-02-26 00:12:29 - spektroskopi - INFO - Raspberry Pi'dan veri alındı: 6e400004-b5a3-f393-e0a9-e50e24dcca9e (Handle: 11): Unknown, uzunluk: 2
2026-02-26 00:12:29 - spektroskopi - INFO - Raspberry Pi verisi: Ham=391, Voltaj=391.000V
2026-02-26 00:12:29 - spektroskopi - INFO - Raspberry Pi verisi işlendi: SENSOR_7 = 391.000V
2026-02-26 00:12:29 - spektroskopi - WARNING - Zaman sıralama düzeltildi (averaged): 2026-02-26 00:12:29.708383
2026-02-26 00:12:29 - spektroskopi - WARNING - Zaman sıralama düzeltildi (averaged): 2026-02-26 00:12:29.709383
2026-02-26 00:12:29 - spektroskopi - WARNING - Zaman sıralama düzeltildi (averaged): 2026-02-26 00:12:29.710383
2026-02-26 00:12:29 - spektroskopi - WARNING - Zaman sıralama düzeltildi (averaged): 2026-02-26 00:12:29.711383
2026-02-26 00:12:29 - spektroskopi - WARNING - RealTimePanel: UV_360nm raw data uzunluk uyumsuzluğu (timestamps: 590, data: 148)
2026-02-26 00:12:29 - spektroskopi - WARNING - RealTimePanel: UV_360nm calibrated data uzunluk uyumsuzluğu (timestamps: 590, data: 148)
2026-02-26 00:12:29 - spektroskopi - WARNING - RealTimePanel: Blue_450nm raw data uzunluk uyumsuzluğu (timestamps: 590, data: 148)
2026-02-26 00:12:29 - spektroskopi - WARNING - RealTimePanel: Blue_450nm calibrated data uzunluk uyumsuzluğu (timestamps: 590, data: 148)
2026-02-26 00:12:29 - spektroskopi - WARNING - RealTimePanel: IR_850nm raw data uzunluk uyumsuzluğu (timestamps: 590, data: 148)
2026-02-26 00:12:29 - spektroskopi - WARNING - RealTimePanel: IR_850nm calibrated data uzunluk uyumsuzluğu (timestamps: 590, data: 148)
2026-02-26 00:12:29 - spektroskopi - WARNING - RealTimePanel: IR_940nm raw data uzunluk uyumsuzluğu (timestamps: 590, data: 146)
2026-02-26 00:12:29 - spektroskopi - WARNING - RealTimePanel: IR_940nm calibrated data uzunluk uyumsuzluğu (timestamps: 590, data: 146)
2026-02-26 00:12:29 - spektroskopi - INFO - Raspberry Pi'dan veri alındı: 6e400003-b5a3-f393-e0a9-e50e24dcca9e (Handle: 8): Nordic UART TX, uzunluk: 2
2026-02-26 00:12:29 - spektroskopi - INFO - Raspberry Pi verisi: Ham=682, Voltaj=682.000V
2026-02-26 00:12:29 - spektroskopi - INFO - Raspberry Pi verisi işlendi: SENSOR_5 = 682.000V
2026-02-26 00:12:30 - spektroskopi - INFO - Raspberry Pi'dan veri alındı: 6e400002-b5a3-f393-e0a9-e50e24dcca9e (Handle: 19): Nordic UART RX, uzunluk: 2
2026-02-26 00:12:30 - spektroskopi - INFO - Raspberry Pi verisi: Ham=2438, Voltaj=2438.000V
2026-02-26 00:12:30 - spektroskopi - INFO - Raspberry Pi verisi işlendi: SENSOR_2 = 2438.000V
2026-02-26 00:12:30 - spektroskopi - INFO - Raspberry Pi'dan veri alındı: 6e400005-b5a3-f393-e0a9-e50e24dcca9e (Handle: 16): Unknown, uzunluk: 2
2026-02-26 00:12:30 - spektroskopi - INFO - Raspberry Pi verisi: Ham=2713, Voltaj=2713.000V
2026-02-26 00:12:30 - spektroskopi - INFO - Raspberry Pi verisi işlendi: SENSOR_EXTRA = 2713.000V
2026-02-26 00:12:30 - spektroskopi - INFO - Raspberry Pi'dan veri alındı: 6e400004-b5a3-f393-e0a9-e50e24dcca9e (Handle: 11): Unknown, uzunluk: 2
2026-02-26 00:12:30 - spektroskopi - INFO - Raspberry Pi verisi: Ham=389, Voltaj=389.000V
2026-02-26 00:12:30 - spektroskopi - INFO - Raspberry Pi verisi işlendi: SENSOR_7 = 389.000V
2026-02-26 00:12:30 - spektroskopi - INFO - Raspberry Pi'dan veri alındı: 6e400003-b5a3-f393-e0a9-e50e24dcca9e (Handle: 8): Nordic UART TX, uzunluk: 2
2026-02-26 00:12:30 - spektroskopi - INFO - Raspberry Pi verisi: Ham=676, Voltaj=676.000V
2026-02-26 00:12:30 - spektroskopi - INFO - Raspberry Pi verisi işlendi: SENSOR_5 = 676.000V
2026-02-26 00:12:30 - spektroskopi - WARNING - Zaman sıralama düzeltildi (averaged): 2026-02-26 00:12:30.848336
2026-02-26 00:12:30 - spektroskopi - WARNING - Zaman sıralama düzeltildi (averaged): 2026-02-26 00:12:30.849336
2026-02-26 00:12:30 - spektroskopi - WARNING - Zaman sıralama düzeltildi (averaged): 2026-02-26 00:12:30.850336
2026-02-26 00:12:30 - spektroskopi - WARNING - Zaman sıralama düzeltildi (averaged): 2026-02-26 00:12:30.851336
2026-02-26 00:12:30 - spektroskopi - WARNING - Zaman sıralama düzeltildi (averaged): 2026-02-26 00:12:30.852336
2026-02-26 00:12:30 - spektroskopi - WARNING - RealTimePanel: UV_360nm raw data uzunluk uyumsuzluğu (timestamps: 600, data: 150)
2026-02-26 00:12:30 - spektroskopi - WARNING - RealTimePanel: UV_360nm calibrated data uzunluk uyumsuzluğu (timestamps: 600, data: 150)
2026-02-26 00:12:30 - spektroskopi - WARNING - RealTimePanel: Blue_450nm raw data uzunluk uyumsuzluğu (timestamps: 600, data: 150)
2026-02-26 00:12:30 - spektroskopi - WARNING - RealTimePanel: Blue_450nm calibrated data uzunluk uyumsuzluğu (timestamps: 600, data: 150)
2026-02-26 00:12:30 - spektroskopi - WARNING - RealTimePanel: IR_850nm raw data uzunluk uyumsuzluğu (timestamps: 600, data: 150)
2026-02-26 00:12:30 - spektroskopi - WARNING - RealTimePanel: IR_850nm calibrated data uzunluk uyumsuzluğu (timestamps: 600, data: 150)
2026-02-26 00:12:30 - spektroskopi - WARNING - RealTimePanel: IR_940nm raw data uzunluk uyumsuzluğu (timestamps: 600, data: 150)
2026-02-26 00:12:30 - spektroskopi - WARNING - RealTimePanel: IR_940nm calibrated data uzunluk uyumsuzluğu (timestamps: 600, data: 150)
2026-02-26 00:12:30 - spektroskopi - INFO - Raspberry Pi'dan veri alındı: 6e400002-b5a3-f393-e0a9-e50e24dcca9e (Handle: 19): Nordic UART RX, uzunluk: 2
2026-02-26 00:12:30 - spektroskopi - INFO - Raspberry Pi verisi: Ham=2441, Voltaj=2441.000V
2026-02-26 00:12:30 - spektroskopi - INFO - Raspberry Pi verisi işlendi: SENSOR_2 = 2441.000V
2026-02-26 00:12:31 - spektroskopi - INFO - Raspberry Pi'dan veri alındı: 6e400005-b5a3-f393-e0a9-e50e24dcca9e (Handle: 16): Unknown, uzunluk: 2
2026-02-26 00:12:31 - spektroskopi - INFO - Raspberry Pi verisi: Ham=2713, Voltaj=2713.000V
2026-02-26 00:12:31 - spektroskopi - INFO - Raspberry Pi verisi işlendi: SENSOR_EXTRA = 2713.000V
2026-02-26 00:12:31 - spektroskopi - INFO - Raspberry Pi'dan veri alındı: 6e400004-b5a3-f393-e0a9-e50e24dcca9e (Handle: 11): Unknown, uzunluk: 2
2026-02-26 00:12:31 - spektroskopi - INFO - Raspberry Pi verisi: Ham=390, Voltaj=390.000V
2026-02-26 00:12:31 - spektroskopi - INFO - Raspberry Pi verisi işlendi: SENSOR_7 = 390.000V
2026-02-26 00:12:31 - spektroskopi - INFO - Raspberry Pi'dan veri alındı: 6e400003-b5a3-f393-e0a9-e50e24dcca9e (Handle: 8): Nordic UART TX, uzunluk: 2
2026-02-26 00:12:31 - spektroskopi - INFO - Raspberry Pi verisi: Ham=679, Voltaj=679.000V
2026-02-26 00:12:31 - spektroskopi - INFO - Raspberry Pi verisi işlendi: SENSOR_5 = 679.000V
2026-02-26 00:12:31 - spektroskopi - INFO - Raspberry Pi'dan veri alındı: 6e400002-b5a3-f393-e0a9-e50e24dcca9e (Handle: 19): Nordic UART RX, uzunluk: 2
2026-02-26 00:12:31 - spektroskopi - INFO - Raspberry Pi verisi: Ham=2432, Voltaj=2432.000V
2026-02-26 00:12:31 - spektroskopi - INFO - Raspberry Pi verisi işlendi: SENSOR_2 = 2432.000V
2026-02-26 00:12:31 - spektroskopi - WARNING - Zaman sıralama düzeltildi (averaged): 2026-02-26 00:12:31.838432
2026-02-26 00:12:31 - spektroskopi - WARNING - Zaman sıralama düzeltildi (averaged): 2026-02-26 00:12:31.839432
2026-02-26 00:12:31 - spektroskopi - WARNING - Zaman sıralama düzeltildi (averaged): 2026-02-26 00:12:31.840432
2026-02-26 00:12:31 - spektroskopi - WARNING - Zaman sıralama düzeltildi (averaged): 2026-02-26 00:12:31.841432
2026-02-26 00:12:31 - spektroskopi - WARNING - Zaman sıralama düzeltildi (averaged): 2026-02-26 00:12:31.842432
2026-02-26 00:12:31 - spektroskopi - WARNING - RealTimePanel: UV_360nm raw data uzunluk uyumsuzluğu (timestamps: 610, data: 154)
2026-02-26 00:12:31 - spektroskopi - WARNING - RealTimePanel: UV_360nm calibrated data uzunluk uyumsuzluğu (timestamps: 610, data: 154)
2026-02-26 00:12:31 - spektroskopi - WARNING - RealTimePanel: Blue_450nm raw data uzunluk uyumsuzluğu (timestamps: 610, data: 152)
2026-02-26 00:12:31 - spektroskopi - WARNING - RealTimePanel: Blue_450nm calibrated data uzunluk uyumsuzluğu (timestamps: 610, data: 152)
2026-02-26 00:12:31 - spektroskopi - WARNING - RealTimePanel: IR_850nm raw data uzunluk uyumsuzluğu (timestamps: 610, data: 152)
2026-02-26 00:12:31 - spektroskopi - WARNING - RealTimePanel: IR_850nm calibrated data uzunluk uyumsuzluğu (timestamps: 610, data: 152)
2026-02-26 00:12:31 - spektroskopi - WARNING - RealTimePanel: IR_940nm raw data uzunluk uyumsuzluğu (timestamps: 610, data: 152)
2026-02-26 00:12:31 - spektroskopi - WARNING - RealTimePanel: IR_940nm calibrated data uzunluk uyumsuzluğu (timestamps: 610, data: 152)
2026-02-26 00:12:32 - spektroskopi - INFO - Raspberry Pi'dan veri alındı: 6e400005-b5a3-f393-e0a9-e50e24dcca9e (Handle: 16): Unknown, uzunluk: 2
2026-02-26 00:12:32 - spektroskopi - INFO - Raspberry Pi verisi: Ham=2691, Voltaj=2691.000V
2026-02-26 00:12:32 - spektroskopi - INFO - Raspberry Pi verisi işlendi: SENSOR_EXTRA = 2691.000V
2026-02-26 00:12:32 - spektroskopi - INFO - Raspberry Pi'dan veri alındı: 6e400004-b5a3-f393-e0a9-e50e24dcca9e (Handle: 11): Unknown, uzunluk: 2
2026-02-26 00:12:32 - spektroskopi - INFO - Raspberry Pi verisi: Ham=391, Voltaj=391.000V
2026-02-26 00:12:32 - spektroskopi - INFO - Raspberry Pi verisi işlendi: SENSOR_7 = 391.000V
2026-02-26 00:12:32 - spektroskopi - INFO - Raspberry Pi'dan veri alındı: 6e400003-b5a3-f393-e0a9-e50e24dcca9e (Handle: 8): Nordic UART TX, uzunluk: 2
2026-02-26 00:12:32 - spektroskopi - INFO - Raspberry Pi verisi: Ham=675, Voltaj=675.000V
2026-02-26 00:12:32 - spektroskopi - INFO - Raspberry Pi verisi işlendi: SENSOR_5 = 675.000V
2026-02-26 00:12:32 - spektroskopi - INFO - Raspberry Pi'dan veri alındı: 6e400002-b5a3-f393-e0a9-e50e24dcca9e (Handle: 19): Nordic UART RX, uzunluk: 2
2026-02-26 00:12:32 - spektroskopi - INFO - Raspberry Pi verisi: Ham=2403, Voltaj=2403.000V
2026-02-26 00:12:32 - spektroskopi - INFO - Raspberry Pi verisi işlendi: SENSOR_2 = 2403.000V
2026-02-26 00:12:32 - spektroskopi - WARNING - Zaman sıralama düzeltildi (averaged): 2026-02-26 00:12:32.708422
2026-02-26 00:12:32 - spektroskopi - WARNING - Zaman sıralama düzeltildi (averaged): 2026-02-26 00:12:32.709422
2026-02-26 00:12:32 - spektroskopi - WARNING - Zaman sıralama düzeltildi (averaged): 2026-02-26 00:12:32.710422
2026-02-26 00:12:32 - spektroskopi - WARNING - Zaman sıralama düzeltildi (averaged): 2026-02-26 00:12:32.711422
2026-02-26 00:12:32 - spektroskopi - WARNING - RealTimePanel: UV_360nm raw data uzunluk uyumsuzluğu (timestamps: 618, data: 156)
2026-02-26 00:12:32 - spektroskopi - WARNING - RealTimePanel: UV_360nm calibrated data uzunluk uyumsuzluğu (timestamps: 618, data: 156)
2026-02-26 00:12:32 - spektroskopi - WARNING - RealTimePanel: Blue_450nm raw data uzunluk uyumsuzluğu (timestamps: 618, data: 154)
2026-02-26 00:12:32 - spektroskopi - WARNING - RealTimePanel: Blue_450nm calibrated data uzunluk uyumsuzluğu (timestamps: 618, data: 154)
2026-02-26 00:12:32 - spektroskopi - WARNING - RealTimePanel: IR_850nm raw data uzunluk uyumsuzluğu (timestamps: 618, data: 154)
2026-02-26 00:12:32 - spektroskopi - WARNING - RealTimePanel: IR_850nm calibrated data uzunluk uyumsuzluğu (timestamps: 618, data: 154)
2026-02-26 00:12:32 - spektroskopi - WARNING - RealTimePanel: IR_940nm raw data uzunluk uyumsuzluğu (timestamps: 618, data: 154)
2026-02-26 00:12:32 - spektroskopi - WARNING - RealTimePanel: IR_940nm calibrated data uzunluk uyumsuzluğu (timestamps: 618, data: 154)
2026-02-26 00:12:32 - spektroskopi - INFO - Raspberry Pi'dan veri alındı: 6e400005-b5a3-f393-e0a9-e50e24dcca9e (Handle: 16): Unknown, uzunluk: 2
2026-02-26 00:12:32 - spektroskopi - INFO - Raspberry Pi verisi: Ham=2694, Voltaj=2694.000V
2026-02-26 00:12:32 - spektroskopi - INFO - Raspberry Pi verisi işlendi: SENSOR_EXTRA = 2694.000V
2026-02-26 00:12:33 - spektroskopi - INFO - Raspberry Pi'dan veri alındı: 6e400004-b5a3-f393-e0a9-e50e24dcca9e (Handle: 11): Unknown, uzunluk: 2
2026-02-26 00:12:33 - spektroskopi - INFO - Raspberry Pi verisi: Ham=389, Voltaj=389.000V
2026-02-26 00:12:33 - spektroskopi - INFO - Raspberry Pi verisi işlendi: SENSOR_7 = 389.000V
2026-02-26 00:12:33 - spektroskopi - INFO - Raspberry Pi'dan veri alındı: 6e400003-b5a3-f393-e0a9-e50e24dcca9e (Handle: 8): Nordic UART TX, uzunluk: 2
2026-02-26 00:12:33 - spektroskopi - INFO - Raspberry Pi verisi: Ham=675, Voltaj=675.000V
2026-02-26 00:12:33 - spektroskopi - INFO - Raspberry Pi verisi işlendi: SENSOR_5 = 675.000V
2026-02-26 00:12:33 - spektroskopi - INFO - Raspberry Pi'dan veri alındı: 6e400002-b5a3-f393-e0a9-e50e24dcca9e (Handle: 19): Nordic UART RX, uzunluk: 2
2026-02-26 00:12:33 - spektroskopi - INFO - Raspberry Pi verisi: Ham=2432, Voltaj=2432.000V
2026-02-26 00:12:33 - spektroskopi - INFO - Raspberry Pi verisi işlendi: SENSOR_2 = 2432.000V
2026-02-26 00:12:33 - spektroskopi - INFO - Raspberry Pi'dan veri alındı: 6e400005-b5a3-f393-e0a9-e50e24dcca9e (Handle: 16): Unknown, uzunluk: 2
2026-02-26 00:12:33 - spektroskopi - INFO - Raspberry Pi verisi: Ham=2690, Voltaj=2690.000V
2026-02-26 00:12:33 - spektroskopi - INFO - Raspberry Pi verisi işlendi: SENSOR_EXTRA = 2690.000V
2026-02-26 00:12:33 - spektroskopi - WARNING - Zaman sıralama düzeltildi (averaged): 2026-02-26 00:12:33.848406
2026-02-26 00:12:33 - spektroskopi - WARNING - Zaman sıralama düzeltildi (averaged): 2026-02-26 00:12:33.849406
2026-02-26 00:12:33 - spektroskopi - WARNING - Zaman sıralama düzeltildi (averaged): 2026-02-26 00:12:33.850406
2026-02-26 00:12:33 - spektroskopi - WARNING - Zaman sıralama düzeltildi (averaged): 2026-02-26 00:12:33.851406
2026-02-26 00:12:33 - spektroskopi - WARNING - Zaman sıralama düzeltildi (averaged): 2026-02-26 00:12:33.852406
2026-02-26 00:12:33 - spektroskopi - WARNING - RealTimePanel: UV_360nm raw data uzunluk uyumsuzluğu (timestamps: 628, data: 158)
2026-02-26 00:12:33 - spektroskopi - WARNING - RealTimePanel: UV_360nm calibrated data uzunluk uyumsuzluğu (timestamps: 628, data: 158)
2026-02-26 00:12:33 - spektroskopi - WARNING - RealTimePanel: Blue_450nm raw data uzunluk uyumsuzluğu (timestamps: 628, data: 158)
2026-02-26 00:12:33 - spektroskopi - WARNING - RealTimePanel: Blue_450nm calibrated data uzunluk uyumsuzluğu (timestamps: 628, data: 158)
2026-02-26 00:12:33 - spektroskopi - WARNING - RealTimePanel: IR_850nm raw data uzunluk uyumsuzluğu (timestamps: 628, data: 156)
2026-02-26 00:12:33 - spektroskopi - WARNING - RealTimePanel: IR_850nm calibrated data uzunluk uyumsuzluğu (timestamps: 628, data: 156)
2026-02-26 00:12:33 - spektroskopi - WARNING - RealTimePanel: IR_940nm raw data uzunluk uyumsuzluğu (timestamps: 628, data: 156)
2026-02-26 00:12:33 - spektroskopi - WARNING - RealTimePanel: IR_940nm calibrated data uzunluk uyumsuzluğu (timestamps: 628, data: 156)
2026-02-26 00:12:34 - spektroskopi - INFO - Raspberry Pi'dan veri alındı: 6e400004-b5a3-f393-e0a9-e50e24dcca9e (Handle: 11): Unknown, uzunluk: 2
2026-02-26 00:12:34 - spektroskopi - INFO - Raspberry Pi verisi: Ham=389, Voltaj=389.000V
2026-02-26 00:12:34 - spektroskopi - INFO - Raspberry Pi verisi işlendi: SENSOR_7 = 389.000V
2026-02-26 00:12:34 - spektroskopi - INFO - Raspberry Pi'dan veri alındı: 6e400003-b5a3-f393-e0a9-e50e24dcca9e (Handle: 8): Nordic UART TX, uzunluk: 2
2026-02-26 00:12:34 - spektroskopi - INFO - Raspberry Pi verisi: Ham=673, Voltaj=673.000V
2026-02-26 00:12:34 - spektroskopi - INFO - Raspberry Pi verisi işlendi: SENSOR_5 = 673.000V
2026-02-26 00:12:34 - spektroskopi - INFO - Raspberry Pi'dan veri alındı: 6e400002-b5a3-f393-e0a9-e50e24dcca9e (Handle: 19): Nordic UART RX, uzunluk: 2
2026-02-26 00:12:34 - spektroskopi - INFO - Raspberry Pi verisi: Ham=2409, Voltaj=2409.000V
2026-02-26 00:12:34 - spektroskopi - INFO - Raspberry Pi verisi işlendi: SENSOR_2 = 2409.000V
2026-02-26 00:12:34 - spektroskopi - INFO - Raspberry Pi'dan veri alındı: 6e400005-b5a3-f393-e0a9-e50e24dcca9e (Handle: 16): Unknown, uzunluk: 2
2026-02-26 00:12:34 - spektroskopi - INFO - Raspberry Pi verisi: Ham=2696, Voltaj=2696.000V
2026-02-26 00:12:34 - spektroskopi - INFO - Raspberry Pi verisi işlendi: SENSOR_EXTRA = 2696.000V
2026-02-26 00:12:34 - spektroskopi - WARNING - Zaman sıralama düzeltildi (averaged): 2026-02-26 00:12:34.748454
2026-02-26 00:12:34 - spektroskopi - WARNING - Zaman sıralama düzeltildi (averaged): 2026-02-26 00:12:34.749454
2026-02-26 00:12:34 - spektroskopi - WARNING - Zaman sıralama düzeltildi (averaged): 2026-02-26 00:12:34.750454
2026-02-26 00:12:34 - spektroskopi - WARNING - Zaman sıralama düzeltildi (averaged): 2026-02-26 00:12:34.751454
2026-02-26 00:12:34 - spektroskopi - WARNING - RealTimePanel: UV_360nm raw data uzunluk uyumsuzluğu (timestamps: 636, data: 160)
2026-02-26 00:12:34 - spektroskopi - WARNING - RealTimePanel: UV_360nm calibrated data uzunluk uyumsuzluğu (timestamps: 636, data: 160)
2026-02-26 00:12:34 - spektroskopi - WARNING - RealTimePanel: Blue_450nm raw data uzunluk uyumsuzluğu (timestamps: 636, data: 160)
2026-02-26 00:12:34 - spektroskopi - WARNING - RealTimePanel: Blue_450nm calibrated data uzunluk uyumsuzluğu (timestamps: 636, data: 160)
2026-02-26 00:12:34 - spektroskopi - WARNING - RealTimePanel: IR_850nm raw data uzunluk uyumsuzluğu (timestamps: 636, data: 158)
2026-02-26 00:12:34 - spektroskopi - WARNING - RealTimePanel: IR_850nm calibrated data uzunluk uyumsuzluğu (timestamps: 636, data: 158)
2026-02-26 00:12:34 - spektroskopi - WARNING - RealTimePanel: IR_940nm raw data uzunluk uyumsuzluğu (timestamps: 636, data: 158)
2026-02-26 00:12:34 - spektroskopi - WARNING - RealTimePanel: IR_940nm calibrated data uzunluk uyumsuzluğu (timestamps: 636, data: 158)
2026-02-26 00:12:34 - spektroskopi - INFO - Raspberry Pi'dan veri alındı: 6e400004-b5a3-f393-e0a9-e50e24dcca9e (Handle: 11): Unknown, uzunluk: 2
2026-02-26 00:12:34 - spektroskopi - INFO - Raspberry Pi verisi: Ham=388, Voltaj=388.000V
2026-02-26 00:12:34 - spektroskopi - INFO - Raspberry Pi verisi işlendi: SENSOR_7 = 388.000V
2026-02-26 00:12:35 - spektroskopi - INFO - Raspberry Pi'dan veri alındı: 6e400003-b5a3-f393-e0a9-e50e24dcca9e (Handle: 8): Nordic UART TX, uzunluk: 2
2026-02-26 00:12:35 - spektroskopi - INFO - Raspberry Pi verisi: Ham=681, Voltaj=681.000V
2026-02-26 00:12:35 - spektroskopi - INFO - Raspberry Pi verisi işlendi: SENSOR_5 = 681.000V
2026-02-26 00:12:35 - spektroskopi - INFO - Raspberry Pi'dan veri alındı: 6e400002-b5a3-f393-e0a9-e50e24dcca9e (Handle: 19): Nordic UART RX, uzunluk: 2
2026-02-26 00:12:35 - spektroskopi - INFO - Raspberry Pi verisi: Ham=2421, Voltaj=2421.000V
2026-02-26 00:12:35 - spektroskopi - INFO - Raspberry Pi verisi işlendi: SENSOR_2 = 2421.000V
2026-02-26 00:12:35 - spektroskopi - INFO - Raspberry Pi'dan veri alındı: 6e400005-b5a3-f393-e0a9-e50e24dcca9e (Handle: 16): Unknown, uzunluk: 2
2026-02-26 00:12:35 - spektroskopi - INFO - Raspberry Pi verisi: Ham=2675, Voltaj=2675.000V
2026-02-26 00:12:35 - spektroskopi - INFO - Raspberry Pi verisi işlendi: SENSOR_EXTRA = 2675.000V
2026-02-26 00:12:35 - spektroskopi - INFO - Raspberry Pi'dan veri alındı: 6e400004-b5a3-f393-e0a9-e50e24dcca9e (Handle: 11): Unknown, uzunluk: 2
2026-02-26 00:12:35 - spektroskopi - INFO - Raspberry Pi verisi: Ham=389, Voltaj=389.000V
2026-02-26 00:12:35 - spektroskopi - INFO - Raspberry Pi verisi işlendi: SENSOR_7 = 389.000V
2026-02-26 00:12:35 - spektroskopi - WARNING - Zaman sıralama düzeltildi (averaged): 2026-02-26 00:12:35.888472
2026-02-26 00:12:35 - spektroskopi - WARNING - Zaman sıralama düzeltildi (averaged): 2026-02-26 00:12:35.889472
2026-02-26 00:12:35 - spektroskopi - WARNING - Zaman sıralama düzeltildi (averaged): 2026-02-26 00:12:35.890472
2026-02-26 00:12:35 - spektroskopi - WARNING - Zaman sıralama düzeltildi (averaged): 2026-02-26 00:12:35.891472
2026-02-26 00:12:35 - spektroskopi - WARNING - Zaman sıralama düzeltildi (averaged): 2026-02-26 00:12:35.892472
2026-02-26 00:12:35 - spektroskopi - WARNING - RealTimePanel: UV_360nm raw data uzunluk uyumsuzluğu (timestamps: 646, data: 162)
2026-02-26 00:12:35 - spektroskopi - WARNING - RealTimePanel: UV_360nm calibrated data uzunluk uyumsuzluğu (timestamps: 646, data: 162)
2026-02-26 00:12:35 - spektroskopi - WARNING - RealTimePanel: Blue_450nm raw data uzunluk uyumsuzluğu (timestamps: 646, data: 162)
2026-02-26 00:12:35 - spektroskopi - WARNING - RealTimePanel: Blue_450nm calibrated data uzunluk uyumsuzluğu (timestamps: 646, data: 162)
2026-02-26 00:12:35 - spektroskopi - WARNING - RealTimePanel: IR_850nm raw data uzunluk uyumsuzluğu (timestamps: 646, data: 162)
2026-02-26 00:12:35 - spektroskopi - WARNING - RealTimePanel: IR_850nm calibrated data uzunluk uyumsuzluğu (timestamps: 646, data: 162)
2026-02-26 00:12:35 - spektroskopi - WARNING - RealTimePanel: IR_940nm raw data uzunluk uyumsuzluğu (timestamps: 646, data: 160)
2026-02-26 00:12:35 - spektroskopi - WARNING - RealTimePanel: IR_940nm calibrated data uzunluk uyumsuzluğu (timestamps: 646, data: 160)
2026-02-26 00:12:36 - spektroskopi - INFO - Raspberry Pi'dan veri alındı: 6e400003-b5a3-f393-e0a9-e50e24dcca9e (Handle: 8): Nordic UART TX, uzunluk: 2
2026-02-26 00:12:36 - spektroskopi - INFO - Raspberry Pi verisi: Ham=623, Voltaj=623.000V
2026-02-26 00:12:36 - spektroskopi - INFO - Raspberry Pi verisi işlendi: SENSOR_5 = 623.000V
2026-02-26 00:12:36 - spektroskopi - INFO - Raspberry Pi'dan veri alındı: 6e400002-b5a3-f393-e0a9-e50e24dcca9e (Handle: 19): Nordic UART RX, uzunluk: 2
2026-02-26 00:12:36 - spektroskopi - INFO - Raspberry Pi verisi: Ham=2351, Voltaj=2351.000V
2026-02-26 00:12:36 - spektroskopi - INFO - Raspberry Pi verisi işlendi: SENSOR_2 = 2351.000V
2026-02-26 00:12:36 - spektroskopi - INFO - Raspberry Pi'dan veri alındı: 6e400005-b5a3-f393-e0a9-e50e24dcca9e (Handle: 16): Unknown, uzunluk: 2
2026-02-26 00:12:36 - spektroskopi - INFO - Raspberry Pi verisi: Ham=2163, Voltaj=2163.000V
2026-02-26 00:12:36 - spektroskopi - INFO - Raspberry Pi verisi işlendi: SENSOR_EXTRA = 2163.000V
2026-02-26 00:12:36 - spektroskopi - INFO - Raspberry Pi'dan veri alındı: 6e400004-b5a3-f393-e0a9-e50e24dcca9e (Handle: 11): Unknown, uzunluk: 2
2026-02-26 00:12:36 - spektroskopi - INFO - Raspberry Pi verisi: Ham=207, Voltaj=207.000V
2026-02-26 00:12:36 - spektroskopi - INFO - Raspberry Pi verisi işlendi: SENSOR_7 = 207.000V
2026-02-26 00:12:36 - spektroskopi - WARNING - Zaman sıralama düzeltildi (averaged): 2026-02-26 00:12:36.758401
2026-02-26 00:12:36 - spektroskopi - WARNING - Zaman sıralama düzeltildi (averaged): 2026-02-26 00:12:36.759401
2026-02-26 00:12:36 - spektroskopi - WARNING - Zaman sıralama düzeltildi (averaged): 2026-02-26 00:12:36.760401
2026-02-26 00:12:36 - spektroskopi - WARNING - Zaman sıralama düzeltildi (averaged): 2026-02-26 00:12:36.761401
2026-02-26 00:12:36 - spektroskopi - WARNING - RealTimePanel: UV_360nm raw data uzunluk uyumsuzluğu (timestamps: 654, data: 164)
2026-02-26 00:12:36 - spektroskopi - WARNING - RealTimePanel: UV_360nm calibrated data uzunluk uyumsuzluğu (timestamps: 654, data: 164)
2026-02-26 00:12:36 - spektroskopi - WARNING - RealTimePanel: Blue_450nm raw data uzunluk uyumsuzluğu (timestamps: 654, data: 164)
2026-02-26 00:12:36 - spektroskopi - WARNING - RealTimePanel: Blue_450nm calibrated data uzunluk uyumsuzluğu (timestamps: 654, data: 164)
2026-02-26 00:12:36 - spektroskopi - WARNING - RealTimePanel: IR_850nm raw data uzunluk uyumsuzluğu (timestamps: 654, data: 164)
2026-02-26 00:12:36 - spektroskopi - WARNING - RealTimePanel: IR_850nm calibrated data uzunluk uyumsuzluğu (timestamps: 654, data: 164)
2026-02-26 00:12:36 - spektroskopi - WARNING - RealTimePanel: IR_940nm raw data uzunluk uyumsuzluğu (timestamps: 654, data: 162)
2026-02-26 00:12:36 - spektroskopi - WARNING - RealTimePanel: IR_940nm calibrated data uzunluk uyumsuzluğu (timestamps: 654, data: 162)
2026-02-26 00:12:37 - spektroskopi - INFO - Raspberry Pi'dan veri alındı: 6e400003-b5a3-f393-e0a9-e50e24dcca9e (Handle: 8): Nordic UART TX, uzunluk: 2
2026-02-26 00:12:37 - spektroskopi - INFO - Raspberry Pi verisi: Ham=215, Voltaj=215.000V
2026-02-26 00:12:37 - spektroskopi - INFO - Raspberry Pi verisi işlendi: SENSOR_5 = 215.000V
2026-02-26 00:12:37 - spektroskopi - INFO - Raspberry Pi'dan veri alındı: 6e400002-b5a3-f393-e0a9-e50e24dcca9e (Handle: 19): Nordic UART RX, uzunluk: 2
2026-02-26 00:12:37 - spektroskopi - INFO - Raspberry Pi verisi: Ham=918, Voltaj=918.000V
2026-02-26 00:12:37 - spektroskopi - INFO - Raspberry Pi verisi işlendi: SENSOR_2 = 918.000V
2026-02-26 00:12:37 - spektroskopi - INFO - Raspberry Pi'dan veri alındı: 6e400005-b5a3-f393-e0a9-e50e24dcca9e (Handle: 16): Unknown, uzunluk: 2
2026-02-26 00:12:37 - spektroskopi - INFO - Raspberry Pi verisi: Ham=1234, Voltaj=1234.000V
2026-02-26 00:12:37 - spektroskopi - INFO - Raspberry Pi verisi işlendi: SENSOR_EXTRA = 1234.000V
2026-02-26 00:12:37 - spektroskopi - INFO - Raspberry Pi'dan veri alındı: 6e400004-b5a3-f393-e0a9-e50e24dcca9e (Handle: 11): Unknown, uzunluk: 2
2026-02-26 00:12:37 - spektroskopi - INFO - Raspberry Pi verisi: Ham=268, Voltaj=268.000V
2026-02-26 00:12:37 - spektroskopi - INFO - Raspberry Pi verisi işlendi: SENSOR_7 = 268.000V
2026-02-26 00:12:37 - spektroskopi - INFO - Raspberry Pi'dan veri alındı: 6e400003-b5a3-f393-e0a9-e50e24dcca9e (Handle: 8): Nordic UART TX, uzunluk: 2
2026-02-26 00:12:37 - spektroskopi - INFO - Raspberry Pi verisi: Ham=219, Voltaj=219.000V
2026-02-26 00:12:37 - spektroskopi - INFO - Raspberry Pi verisi işlendi: SENSOR_5 = 219.000V
2026-02-26 00:12:37 - spektroskopi - WARNING - Zaman sıralama düzeltildi (averaged): 2026-02-26 00:12:37.899736
2026-02-26 00:12:37 - spektroskopi - WARNING - Zaman sıralama düzeltildi (averaged): 2026-02-26 00:12:37.900736
2026-02-26 00:12:37 - spektroskopi - WARNING - Zaman sıralama düzeltildi (averaged): 2026-02-26 00:12:37.901736
2026-02-26 00:12:37 - spektroskopi - WARNING - Zaman sıralama düzeltildi (averaged): 2026-02-26 00:12:37.902736
2026-02-26 00:12:37 - spektroskopi - WARNING - Zaman sıralama düzeltildi (averaged): 2026-02-26 00:12:37.903736
2026-02-26 00:12:37 - spektroskopi - WARNING - RealTimePanel: UV_360nm raw data uzunluk uyumsuzluğu (timestamps: 664, data: 166)
2026-02-26 00:12:37 - spektroskopi - WARNING - RealTimePanel: UV_360nm calibrated data uzunluk uyumsuzluğu (timestamps: 664, data: 166)
2026-02-26 00:12:37 - spektroskopi - WARNING - RealTimePanel: Blue_450nm raw data uzunluk uyumsuzluğu (timestamps: 664, data: 166)
2026-02-26 00:12:37 - spektroskopi - WARNING - RealTimePanel: Blue_450nm calibrated data uzunluk uyumsuzluğu (timestamps: 664, data: 166)
2026-02-26 00:12:37 - spektroskopi - WARNING - RealTimePanel: IR_850nm raw data uzunluk uyumsuzluğu (timestamps: 664, data: 166)
2026-02-26 00:12:37 - spektroskopi - WARNING - RealTimePanel: IR_850nm calibrated data uzunluk uyumsuzluğu (timestamps: 664, data: 166)
2026-02-26 00:12:37 - spektroskopi - WARNING - RealTimePanel: IR_940nm raw data uzunluk uyumsuzluğu (timestamps: 664, data: 166)
2026-02-26 00:12:37 - spektroskopi - WARNING - RealTimePanel: IR_940nm calibrated data uzunluk uyumsuzluğu (timestamps: 664, data: 166)
2026-02-26 00:12:38 - spektroskopi - INFO - Raspberry Pi'dan veri alındı: 6e400002-b5a3-f393-e0a9-e50e24dcca9e (Handle: 19): Nordic UART RX, uzunluk: 2
2026-02-26 00:12:38 - spektroskopi - INFO - Raspberry Pi verisi: Ham=974, Voltaj=974.000V
2026-02-26 00:12:38 - spektroskopi - INFO - Raspberry Pi verisi işlendi: SENSOR_2 = 974.000V
2026-02-26 00:12:38 - spektroskopi - INFO - Raspberry Pi'dan veri alındı: 6e400005-b5a3-f393-e0a9-e50e24dcca9e (Handle: 16): Unknown, uzunluk: 2
2026-02-26 00:12:38 - spektroskopi - INFO - Raspberry Pi verisi: Ham=1358, Voltaj=1358.000V
2026-02-26 00:12:38 - spektroskopi - INFO - Raspberry Pi verisi işlendi: SENSOR_EXTRA = 1358.000V
2026-02-26 00:12:38 - spektroskopi - INFO - Raspberry Pi'dan veri alındı: 6e400004-b5a3-f393-e0a9-e50e24dcca9e (Handle: 11): Unknown, uzunluk: 2
2026-02-26 00:12:38 - spektroskopi - INFO - Raspberry Pi verisi: Ham=284, Voltaj=284.000V
2026-02-26 00:12:38 - spektroskopi - INFO - Raspberry Pi verisi işlendi: SENSOR_7 = 284.000V
2026-02-26 00:12:38 - spektroskopi - INFO - Raspberry Pi'dan veri alındı: 6e400003-b5a3-f393-e0a9-e50e24dcca9e (Handle: 8): Nordic UART TX, uzunluk: 2
2026-02-26 00:12:38 - spektroskopi - INFO - Raspberry Pi verisi: Ham=317, Voltaj=317.000V
2026-02-26 00:12:38 - spektroskopi - INFO - Raspberry Pi verisi işlendi: SENSOR_5 = 317.000V
2026-02-26 00:12:38 - spektroskopi - INFO - Raspberry Pi'dan veri alındı: 6e400002-b5a3-f393-e0a9-e50e24dcca9e (Handle: 19): Nordic UART RX, uzunluk: 2
2026-02-26 00:12:38 - spektroskopi - INFO - Raspberry Pi verisi: Ham=1169, Voltaj=1169.000V
2026-02-26 00:12:38 - spektroskopi - INFO - Raspberry Pi verisi işlendi: SENSOR_2 = 1169.000V
2026-02-26 00:12:38 - spektroskopi - WARNING - Zaman sıralama düzeltildi (averaged): 2026-02-26 00:12:38.888059
2026-02-26 00:12:38 - spektroskopi - WARNING - Zaman sıralama düzeltildi (averaged): 2026-02-26 00:12:38.889059
2026-02-26 00:12:38 - spektroskopi - WARNING - Zaman sıralama düzeltildi (averaged): 2026-02-26 00:12:38.890059
2026-02-26 00:12:38 - spektroskopi - WARNING - Zaman sıralama düzeltildi (averaged): 2026-02-26 00:12:38.891059
2026-02-26 00:12:38 - spektroskopi - WARNING - Zaman sıralama düzeltildi (averaged): 2026-02-26 00:12:38.892059
2026-02-26 00:12:38 - spektroskopi - WARNING - RealTimePanel: UV_360nm raw data uzunluk uyumsuzluğu (timestamps: 674, data: 170)
2026-02-26 00:12:38 - spektroskopi - WARNING - RealTimePanel: UV_360nm calibrated data uzunluk uyumsuzluğu (timestamps: 674, data: 170)
2026-02-26 00:12:38 - spektroskopi - WARNING - RealTimePanel: Blue_450nm raw data uzunluk uyumsuzluğu (timestamps: 674, data: 168)
2026-02-26 00:12:38 - spektroskopi - WARNING - RealTimePanel: Blue_450nm calibrated data uzunluk uyumsuzluğu (timestamps: 674, data: 168)
2026-02-26 00:12:38 - spektroskopi - WARNING - RealTimePanel: IR_850nm raw data uzunluk uyumsuzluğu (timestamps: 674, data: 168)
2026-02-26 00:12:38 - spektroskopi - WARNING - RealTimePanel: IR_850nm calibrated data uzunluk uyumsuzluğu (timestamps: 674, data: 168)
2026-02-26 00:12:38 - spektroskopi - WARNING - RealTimePanel: IR_940nm raw data uzunluk uyumsuzluğu (timestamps: 674, data: 168)
2026-02-26 00:12:38 - spektroskopi - WARNING - RealTimePanel: IR_940nm calibrated data uzunluk uyumsuzluğu (timestamps: 674, data: 168)
2026-02-26 00:12:39 - spektroskopi - INFO - Raspberry Pi'dan veri alındı: 6e400005-b5a3-f393-e0a9-e50e24dcca9e (Handle: 16): Unknown, uzunluk: 2
2026-02-26 00:12:39 - spektroskopi - INFO - Raspberry Pi verisi: Ham=1461, Voltaj=1461.000V
2026-02-26 00:12:39 - spektroskopi - INFO - Raspberry Pi verisi işlendi: SENSOR_EXTRA = 1461.000V
2026-02-26 00:12:39 - spektroskopi - INFO - Raspberry Pi'dan veri alındı: 6e400004-b5a3-f393-e0a9-e50e24dcca9e (Handle: 11): Unknown, uzunluk: 2
2026-02-26 00:12:39 - spektroskopi - INFO - Raspberry Pi verisi: Ham=281, Voltaj=281.000V
2026-02-26 00:12:39 - spektroskopi - INFO - Raspberry Pi verisi işlendi: SENSOR_7 = 281.000V
2026-02-26 00:12:39 - spektroskopi - INFO - Raspberry Pi'dan veri alındı: 6e400003-b5a3-f393-e0a9-e50e24dcca9e (Handle: 8): Nordic UART TX, uzunluk: 2
2026-02-26 00:12:39 - spektroskopi - INFO - Raspberry Pi verisi: Ham=224, Voltaj=224.000V
2026-02-26 00:12:39 - spektroskopi - INFO - Raspberry Pi verisi işlendi: SENSOR_5 = 224.000V
2026-02-26 00:12:39 - spektroskopi - INFO - Raspberry Pi'dan veri alındı: 6e400002-b5a3-f393-e0a9-e50e24dcca9e (Handle: 19): Nordic UART RX, uzunluk: 2
2026-02-26 00:12:39 - spektroskopi - INFO - Raspberry Pi verisi: Ham=1270, Voltaj=1270.000V
2026-02-26 00:12:39 - spektroskopi - INFO - Raspberry Pi verisi işlendi: SENSOR_2 = 1270.000V
2026-02-26 00:12:39 - spektroskopi - WARNING - Zaman sıralama düzeltildi (averaged): 2026-02-26 00:12:39.758309
2026-02-26 00:12:39 - spektroskopi - WARNING - Zaman sıralama düzeltildi (averaged): 2026-02-26 00:12:39.759309
2026-02-26 00:12:39 - spektroskopi - WARNING - Zaman sıralama düzeltildi (averaged): 2026-02-26 00:12:39.760309
2026-02-26 00:12:39 - spektroskopi - WARNING - Zaman sıralama düzeltildi (averaged): 2026-02-26 00:12:39.761309
2026-02-26 00:12:39 - spektroskopi - WARNING - RealTimePanel: UV_360nm raw data uzunluk uyumsuzluğu (timestamps: 682, data: 172)
2026-02-26 00:12:39 - spektroskopi - WARNING - RealTimePanel: UV_360nm calibrated data uzunluk uyumsuzluğu (timestamps: 682, data: 172)
2026-02-26 00:12:39 - spektroskopi - WARNING - RealTimePanel: Blue_450nm raw data uzunluk uyumsuzluğu (timestamps: 682, data: 170)
2026-02-26 00:12:39 - spektroskopi - WARNING - RealTimePanel: Blue_450nm calibrated data uzunluk uyumsuzluğu (timestamps: 682, data: 170)
2026-02-26 00:12:39 - spektroskopi - WARNING - RealTimePanel: IR_850nm raw data uzunluk uyumsuzluğu (timestamps: 682, data: 170)
2026-02-26 00:12:39 - spektroskopi - WARNING - RealTimePanel: IR_850nm calibrated data uzunluk uyumsuzluğu (timestamps: 682, data: 170)
2026-02-26 00:12:39 - spektroskopi - WARNING - RealTimePanel: IR_940nm raw data uzunluk uyumsuzluğu (timestamps: 682, data: 170)
2026-02-26 00:12:39 - spektroskopi - WARNING - RealTimePanel: IR_940nm calibrated data uzunluk uyumsuzluğu (timestamps: 682, data: 170)
2026-02-26 00:12:40 - spektroskopi - INFO - Raspberry Pi'dan veri alındı: 6e400005-b5a3-f393-e0a9-e50e24dcca9e (Handle: 16): Unknown, uzunluk: 2
2026-02-26 00:12:40 - spektroskopi - INFO - Raspberry Pi verisi: Ham=1552, Voltaj=1552.000V
2026-02-26 00:12:40 - spektroskopi - INFO - Raspberry Pi verisi işlendi: SENSOR_EXTRA = 1552.000V
2026-02-26 00:12:40 - spektroskopi - INFO - Raspberry Pi'dan veri alındı: 6e400004-b5a3-f393-e0a9-e50e24dcca9e (Handle: 11): Unknown, uzunluk: 2
2026-02-26 00:12:40 - spektroskopi - INFO - Raspberry Pi verisi: Ham=261, Voltaj=261.000V
2026-02-26 00:12:40 - spektroskopi - INFO - Raspberry Pi verisi işlendi: SENSOR_7 = 261.000V
2026-02-26 00:12:40 - spektroskopi - INFO - Raspberry Pi'dan veri alındı: 6e400003-b5a3-f393-e0a9-e50e24dcca9e (Handle: 8): Nordic UART TX, uzunluk: 2
2026-02-26 00:12:40 - spektroskopi - INFO - Raspberry Pi verisi: Ham=217, Voltaj=217.000V
2026-02-26 00:12:40 - spektroskopi - INFO - Raspberry Pi verisi işlendi: SENSOR_5 = 217.000V
2026-02-26 00:12:40 - spektroskopi - INFO - Raspberry Pi'dan veri alındı: 6e400002-b5a3-f393-e0a9-e50e24dcca9e (Handle: 19): Nordic UART RX, uzunluk: 2
2026-02-26 00:12:40 - spektroskopi - INFO - Raspberry Pi verisi: Ham=1237, Voltaj=1237.000V
2026-02-26 00:12:40 - spektroskopi - INFO - Raspberry Pi verisi işlendi: SENSOR_2 = 1237.000V
2026-02-26 00:12:40 - spektroskopi - INFO - Raspberry Pi'dan veri alındı: 6e400005-b5a3-f393-e0a9-e50e24dcca9e (Handle: 16): Unknown, uzunluk: 2
2026-02-26 00:12:40 - spektroskopi - INFO - Raspberry Pi verisi: Ham=1540, Voltaj=1540.000V
2026-02-26 00:12:40 - spektroskopi - INFO - Raspberry Pi verisi işlendi: SENSOR_EXTRA = 1540.000V
2026-02-26 00:12:40 - spektroskopi - WARNING - Zaman sıralama düzeltildi (averaged): 2026-02-26 00:12:40.898110
2026-02-26 00:12:40 - spektroskopi - WARNING - Zaman sıralama düzeltildi (averaged): 2026-02-26 00:12:40.899110
2026-02-26 00:12:40 - spektroskopi - WARNING - Zaman sıralama düzeltildi (averaged): 2026-02-26 00:12:40.900110
2026-02-26 00:12:40 - spektroskopi - WARNING - Zaman sıralama düzeltildi (averaged): 2026-02-26 00:12:40.901110
2026-02-26 00:12:40 - spektroskopi - WARNING - Zaman sıralama düzeltildi (averaged): 2026-02-26 00:12:40.902110
2026-02-26 00:12:40 - spektroskopi - WARNING - RealTimePanel: UV_360nm raw data uzunluk uyumsuzluğu (timestamps: 692, data: 174)
2026-02-26 00:12:40 - spektroskopi - WARNING - RealTimePanel: UV_360nm calibrated data uzunluk uyumsuzluğu (timestamps: 692, data: 174)
2026-02-26 00:12:40 - spektroskopi - WARNING - RealTimePanel: Blue_450nm raw data uzunluk uyumsuzluğu (timestamps: 692, data: 174)
2026-02-26 00:12:40 - spektroskopi - WARNING - RealTimePanel: Blue_450nm calibrated data uzunluk uyumsuzluğu (timestamps: 692, data: 174)
2026-02-26 00:12:40 - spektroskopi - WARNING - RealTimePanel: IR_850nm raw data uzunluk uyumsuzluğu (timestamps: 692, data: 172)
2026-02-26 00:12:40 - spektroskopi - WARNING - RealTimePanel: IR_850nm calibrated data uzunluk uyumsuzluğu (timestamps: 692, data: 172)
2026-02-26 00:12:40 - spektroskopi - WARNING - RealTimePanel: IR_940nm raw data uzunluk uyumsuzluğu (timestamps: 692, data: 172)
2026-02-26 00:12:40 - spektroskopi - WARNING - RealTimePanel: IR_940nm calibrated data uzunluk uyumsuzluğu (timestamps: 692, data: 172)
2026-02-26 00:12:41 - spektroskopi - INFO - Raspberry Pi'dan veri alındı: 6e400004-b5a3-f393-e0a9-e50e24dcca9e (Handle: 11): Unknown, uzunluk: 2
2026-02-26 00:12:41 - spektroskopi - INFO - Raspberry Pi verisi: Ham=258, Voltaj=258.000V
2026-02-26 00:12:41 - spektroskopi - INFO - Raspberry Pi verisi işlendi: SENSOR_7 = 258.000V
2026-02-26 00:12:41 - spektroskopi - INFO - Raspberry Pi'dan veri alındı: 6e400003-b5a3-f393-e0a9-e50e24dcca9e (Handle: 8): Nordic UART TX, uzunluk: 2
2026-02-26 00:12:41 - spektroskopi - INFO - Raspberry Pi verisi: Ham=212, Voltaj=212.000V
2026-02-26 00:12:41 - spektroskopi - INFO - Raspberry Pi verisi işlendi: SENSOR_5 = 212.000V
2026-02-26 00:12:41 - spektroskopi - INFO - Raspberry Pi'dan veri alındı: 6e400002-b5a3-f393-e0a9-e50e24dcca9e (Handle: 19): Nordic UART RX, uzunluk: 2
2026-02-26 00:12:41 - spektroskopi - INFO - Raspberry Pi verisi: Ham=1254, Voltaj=1254.000V
2026-02-26 00:12:41 - spektroskopi - INFO - Raspberry Pi verisi işlendi: SENSOR_2 = 1254.000V
2026-02-26 00:12:41 - spektroskopi - INFO - Raspberry Pi'dan veri alındı: 6e400005-b5a3-f393-e0a9-e50e24dcca9e (Handle: 16): Unknown, uzunluk: 2
2026-02-26 00:12:41 - spektroskopi - INFO - Raspberry Pi verisi: Ham=1507, Voltaj=1507.000V
2026-02-26 00:12:41 - spektroskopi - INFO - Raspberry Pi verisi işlendi: SENSOR_EXTRA = 1507.000V
2026-02-26 00:12:41 - spektroskopi - WARNING - Zaman sıralama düzeltildi (averaged): 2026-02-26 00:12:41.768142
2026-02-26 00:12:41 - spektroskopi - WARNING - Zaman sıralama düzeltildi (averaged): 2026-02-26 00:12:41.769142
2026-02-26 00:12:41 - spektroskopi - WARNING - Zaman sıralama düzeltildi (averaged): 2026-02-26 00:12:41.770142
2026-02-26 00:12:41 - spektroskopi - WARNING - Zaman sıralama düzeltildi (averaged): 2026-02-26 00:12:41.771142
2026-02-26 00:12:41 - spektroskopi - WARNING - RealTimePanel: UV_360nm raw data uzunluk uyumsuzluğu (timestamps: 700, data: 176)
2026-02-26 00:12:41 - spektroskopi - WARNING - RealTimePanel: UV_360nm calibrated data uzunluk uyumsuzluğu (timestamps: 700, data: 176)
2026-02-26 00:12:41 - spektroskopi - WARNING - RealTimePanel: Blue_450nm raw data uzunluk uyumsuzluğu (timestamps: 700, data: 176)
2026-02-26 00:12:41 - spektroskopi - WARNING - RealTimePanel: Blue_450nm calibrated data uzunluk uyumsuzluğu (timestamps: 700, data: 176)
2026-02-26 00:12:41 - spektroskopi - WARNING - RealTimePanel: IR_850nm raw data uzunluk uyumsuzluğu (timestamps: 700, data: 174)
2026-02-26 00:12:41 - spektroskopi - WARNING - RealTimePanel: IR_850nm calibrated data uzunluk uyumsuzluğu (timestamps: 700, data: 174)
2026-02-26 00:12:41 - spektroskopi - WARNING - RealTimePanel: IR_940nm raw data uzunluk uyumsuzluğu (timestamps: 700, data: 174)
2026-02-26 00:12:41 - spektroskopi - WARNING - RealTimePanel: IR_940nm calibrated data uzunluk uyumsuzluğu (timestamps: 700, data: 174)
2026-02-26 00:12:42 - spektroskopi - INFO - Raspberry Pi'dan veri alındı: 6e400004-b5a3-f393-e0a9-e50e24dcca9e (Handle: 11): Unknown, uzunluk: 2
2026-02-26 00:12:42 - spektroskopi - INFO - Raspberry Pi verisi: Ham=251, Voltaj=251.000V
2026-02-26 00:12:42 - spektroskopi - INFO - Raspberry Pi verisi işlendi: SENSOR_7 = 251.000V
2026-02-26 00:12:42 - spektroskopi - INFO - Raspberry Pi'dan veri alındı: 6e400003-b5a3-f393-e0a9-e50e24dcca9e (Handle: 8): Nordic UART TX, uzunluk: 2
2026-02-26 00:12:42 - spektroskopi - INFO - Raspberry Pi verisi: Ham=209, Voltaj=209.000V
2026-02-26 00:12:42 - spektroskopi - INFO - Raspberry Pi verisi işlendi: SENSOR_5 = 209.000V
2026-02-26 00:12:42 - spektroskopi - INFO - Raspberry Pi'dan veri alındı: 6e400002-b5a3-f393-e0a9-e50e24dcca9e (Handle: 19): Nordic UART RX, uzunluk: 2
2026-02-26 00:12:42 - spektroskopi - INFO - Raspberry Pi verisi: Ham=1226, Voltaj=1226.000V
2026-02-26 00:12:42 - spektroskopi - INFO - Raspberry Pi verisi işlendi: SENSOR_2 = 1226.000V
2026-02-26 00:12:42 - spektroskopi - INFO - Raspberry Pi'dan veri alındı: 6e400005-b5a3-f393-e0a9-e50e24dcca9e (Handle: 16): Unknown, uzunluk: 2
2026-02-26 00:12:42 - spektroskopi - INFO - Raspberry Pi verisi: Ham=1524, Voltaj=1524.000V
2026-02-26 00:12:42 - spektroskopi - INFO - Raspberry Pi verisi işlendi: SENSOR_EXTRA = 1524.000V
2026-02-26 00:12:42 - spektroskopi - INFO - Raspberry Pi'dan veri alındı: 6e400004-b5a3-f393-e0a9-e50e24dcca9e (Handle: 11): Unknown, uzunluk: 2
2026-02-26 00:12:42 - spektroskopi - INFO - Raspberry Pi verisi: Ham=257, Voltaj=257.000V
2026-02-26 00:12:42 - spektroskopi - INFO - Raspberry Pi verisi işlendi: SENSOR_7 = 257.000V
2026-02-26 00:12:42 - spektroskopi - WARNING - Zaman sıralama düzeltildi (averaged): 2026-02-26 00:12:42.908342
2026-02-26 00:12:42 - spektroskopi - WARNING - Zaman sıralama düzeltildi (averaged): 2026-02-26 00:12:42.909342
2026-02-26 00:12:42 - spektroskopi - WARNING - Zaman sıralama düzeltildi (averaged): 2026-02-26 00:12:42.910342
2026-02-26 00:12:42 - spektroskopi - WARNING - Zaman sıralama düzeltildi (averaged): 2026-02-26 00:12:42.911342
2026-02-26 00:12:42 - spektroskopi - WARNING - Zaman sıralama düzeltildi (averaged): 2026-02-26 00:12:42.912342
2026-02-26 00:12:42 - spektroskopi - WARNING - RealTimePanel: UV_360nm raw data uzunluk uyumsuzluğu (timestamps: 710, data: 178)
2026-02-26 00:12:42 - spektroskopi - WARNING - RealTimePanel: UV_360nm calibrated data uzunluk uyumsuzluğu (timestamps: 710, data: 178)
2026-02-26 00:12:42 - spektroskopi - WARNING - RealTimePanel: Blue_450nm raw data uzunluk uyumsuzluğu (timestamps: 710, data: 178)
2026-02-26 00:12:42 - spektroskopi - WARNING - RealTimePanel: Blue_450nm calibrated data uzunluk uyumsuzluğu (timestamps: 710, data: 178)
2026-02-26 00:12:42 - spektroskopi - WARNING - RealTimePanel: IR_850nm raw data uzunluk uyumsuzluğu (timestamps: 710, data: 178)
2026-02-26 00:12:42 - spektroskopi - WARNING - RealTimePanel: IR_850nm calibrated data uzunluk uyumsuzluğu (timestamps: 710, data: 178)
2026-02-26 00:12:42 - spektroskopi - WARNING - RealTimePanel: IR_940nm raw data uzunluk uyumsuzluğu (timestamps: 710, data: 176)
2026-02-26 00:12:42 - spektroskopi - WARNING - RealTimePanel: IR_940nm calibrated data uzunluk uyumsuzluğu (timestamps: 710, data: 176)
2026-02-26 00:12:43 - spektroskopi - INFO - Raspberry Pi'dan veri alındı: 6e400003-b5a3-f393-e0a9-e50e24dcca9e (Handle: 8): Nordic UART TX, uzunluk: 2
2026-02-26 00:12:43 - spektroskopi - INFO - Raspberry Pi verisi: Ham=214, Voltaj=214.000V
2026-02-26 00:12:43 - spektroskopi - INFO - Raspberry Pi verisi işlendi: SENSOR_5 = 214.000V
2026-02-26 00:12:43 - spektroskopi - INFO - Raspberry Pi'dan veri alındı: 6e400002-b5a3-f393-e0a9-e50e24dcca9e (Handle: 19): Nordic UART RX, uzunluk: 2
2026-02-26 00:12:43 - spektroskopi - INFO - Raspberry Pi verisi: Ham=1239, Voltaj=1239.000V
2026-02-26 00:12:43 - spektroskopi - INFO - Raspberry Pi verisi işlendi: SENSOR_2 = 1239.000V
2026-02-26 00:12:43 - spektroskopi - INFO - Raspberry Pi'dan veri alındı: 6e400005-b5a3-f393-e0a9-e50e24dcca9e (Handle: 16): Unknown, uzunluk: 2
2026-02-26 00:12:43 - spektroskopi - INFO - Raspberry Pi verisi: Ham=1530, Voltaj=1530.000V
2026-02-26 00:12:43 - spektroskopi - INFO - Raspberry Pi verisi işlendi: SENSOR_EXTRA = 1530.000V
2026-02-26 00:12:43 - spektroskopi - INFO - Raspberry Pi'dan veri alındı: 6e400004-b5a3-f393-e0a9-e50e24dcca9e (Handle: 11): Unknown, uzunluk: 2
2026-02-26 00:12:43 - spektroskopi - INFO - Raspberry Pi verisi: Ham=257, Voltaj=257.000V
2026-02-26 00:12:43 - spektroskopi - INFO - Raspberry Pi verisi işlendi: SENSOR_7 = 257.000V
2026-02-26 00:12:43 - spektroskopi - WARNING - Zaman sıralama düzeltildi (averaged): 2026-02-26 00:12:43.809604
2026-02-26 00:12:43 - spektroskopi - WARNING - Zaman sıralama düzeltildi (averaged): 2026-02-26 00:12:43.810604
2026-02-26 00:12:43 - spektroskopi - WARNING - Zaman sıralama düzeltildi (averaged): 2026-02-26 00:12:43.811604
2026-02-26 00:12:43 - spektroskopi - WARNING - Zaman sıralama düzeltildi (averaged): 2026-02-26 00:12:43.812604
2026-02-26 00:12:43 - spektroskopi - WARNING - RealTimePanel: UV_360nm raw data uzunluk uyumsuzluğu (timestamps: 718, data: 180)
2026-02-26 00:12:43 - spektroskopi - WARNING - RealTimePanel: UV_360nm calibrated data uzunluk uyumsuzluğu (timestamps: 718, data: 180)
2026-02-26 00:12:43 - spektroskopi - WARNING - RealTimePanel: Blue_450nm raw data uzunluk uyumsuzluğu (timestamps: 718, data: 180)
2026-02-26 00:12:43 - spektroskopi - WARNING - RealTimePanel: Blue_450nm calibrated data uzunluk uyumsuzluğu (timestamps: 718, data: 180)
2026-02-26 00:12:43 - spektroskopi - WARNING - RealTimePanel: IR_850nm raw data uzunluk uyumsuzluğu (timestamps: 718, data: 180)
2026-02-26 00:12:43 - spektroskopi - WARNING - RealTimePanel: IR_850nm calibrated data uzunluk uyumsuzluğu (timestamps: 718, data: 180)
2026-02-26 00:12:43 - spektroskopi - WARNING - RealTimePanel: IR_940nm raw data uzunluk uyumsuzluğu (timestamps: 718, data: 178)
2026-02-26 00:12:43 - spektroskopi - WARNING - RealTimePanel: IR_940nm calibrated data uzunluk uyumsuzluğu (timestamps: 718, data: 178)
2026-02-26 00:12:44 - spektroskopi - INFO - Raspberry Pi'dan veri alındı: 6e400003-b5a3-f393-e0a9-e50e24dcca9e (Handle: 8): Nordic UART TX, uzunluk: 2
2026-02-26 00:12:44 - spektroskopi - INFO - Raspberry Pi verisi: Ham=217, Voltaj=217.000V
2026-02-26 00:12:44 - spektroskopi - INFO - Raspberry Pi verisi işlendi: SENSOR_5 = 217.000V
2026-02-26 00:12:44 - spektroskopi - INFO - Raspberry Pi'dan veri alındı: 6e400002-b5a3-f393-e0a9-e50e24dcca9e (Handle: 19): Nordic UART RX, uzunluk: 2
2026-02-26 00:12:44 - spektroskopi - INFO - Raspberry Pi verisi: Ham=1210, Voltaj=1210.000V
2026-02-26 00:12:44 - spektroskopi - INFO - Raspberry Pi verisi işlendi: SENSOR_2 = 1210.000V
2026-02-26 00:12:44 - spektroskopi - INFO - Raspberry Pi'dan veri alındı: 6e400005-b5a3-f393-e0a9-e50e24dcca9e (Handle: 16): Unknown, uzunluk: 2
2026-02-26 00:12:44 - spektroskopi - INFO - Raspberry Pi verisi: Ham=1541, Voltaj=1541.000V
2026-02-26 00:12:44 - spektroskopi - INFO - Raspberry Pi verisi işlendi: SENSOR_EXTRA = 1541.000V
2026-02-26 00:12:44 - spektroskopi - INFO - Raspberry Pi'dan veri alındı: 6e400004-b5a3-f393-e0a9-e50e24dcca9e (Handle: 11): Unknown, uzunluk: 2
2026-02-26 00:12:44 - spektroskopi - INFO - Raspberry Pi verisi: Ham=277, Voltaj=277.000V
2026-02-26 00:12:44 - spektroskopi - INFO - Raspberry Pi verisi işlendi: SENSOR_7 = 277.000V
2026-02-26 00:12:44 - spektroskopi - WARNING - Zaman sıralama düzeltildi (averaged): 2026-02-26 00:12:44.678393
2026-02-26 00:12:44 - spektroskopi - WARNING - Zaman sıralama düzeltildi (averaged): 2026-02-26 00:12:44.679393
2026-02-26 00:12:44 - spektroskopi - WARNING - Zaman sıralama düzeltildi (averaged): 2026-02-26 00:12:44.680393
2026-02-26 00:12:44 - spektroskopi - WARNING - Zaman sıralama düzeltildi (averaged): 2026-02-26 00:12:44.681393
2026-02-26 00:12:44 - spektroskopi - WARNING - RealTimePanel: UV_360nm raw data uzunluk uyumsuzluğu (timestamps: 726, data: 182)
2026-02-26 00:12:44 - spektroskopi - WARNING - RealTimePanel: UV_360nm calibrated data uzunluk uyumsuzluğu (timestamps: 726, data: 182)
2026-02-26 00:12:44 - spektroskopi - WARNING - RealTimePanel: Blue_450nm raw data uzunluk uyumsuzluğu (timestamps: 726, data: 182)
2026-02-26 00:12:44 - spektroskopi - WARNING - RealTimePanel: Blue_450nm calibrated data uzunluk uyumsuzluğu (timestamps: 726, data: 182)
2026-02-26 00:12:44 - spektroskopi - WARNING - RealTimePanel: IR_850nm raw data uzunluk uyumsuzluğu (timestamps: 726, data: 182)
2026-02-26 00:12:44 - spektroskopi - WARNING - RealTimePanel: IR_850nm calibrated data uzunluk uyumsuzluğu (timestamps: 726, data: 182)
2026-02-26 00:12:44 - spektroskopi - WARNING - RealTimePanel: IR_940nm raw data uzunluk uyumsuzluğu (timestamps: 726, data: 180)
2026-02-26 00:12:44 - spektroskopi - WARNING - RealTimePanel: IR_940nm calibrated data uzunluk uyumsuzluğu (timestamps: 726, data: 180)
2026-02-26 00:12:44 - spektroskopi - INFO - Raspberry Pi'dan veri alındı: 6e400003-b5a3-f393-e0a9-e50e24dcca9e (Handle: 8): Nordic UART TX, uzunluk: 2
2026-02-26 00:12:44 - spektroskopi - INFO - Raspberry Pi verisi: Ham=257, Voltaj=257.000V
2026-02-26 00:12:44 - spektroskopi - INFO - Raspberry Pi verisi işlendi: SENSOR_5 = 257.000V
2026-02-26 00:12:45 - spektroskopi - INFO - Raspberry Pi'dan veri alındı: 6e400002-b5a3-f393-e0a9-e50e24dcca9e (Handle: 19): Nordic UART RX, uzunluk: 2
2026-02-26 00:12:45 - spektroskopi - INFO - Raspberry Pi verisi: Ham=1246, Voltaj=1246.000V
2026-02-26 00:12:45 - spektroskopi - INFO - Raspberry Pi verisi işlendi: SENSOR_2 = 1246.000V
2026-02-26 00:12:45 - spektroskopi - INFO - Raspberry Pi'dan veri alındı: 6e400005-b5a3-f393-e0a9-e50e24dcca9e (Handle: 16): Unknown, uzunluk: 2
2026-02-26 00:12:45 - spektroskopi - INFO - Raspberry Pi verisi: Ham=1519, Voltaj=1519.000V
2026-02-26 00:12:45 - spektroskopi - INFO - Raspberry Pi verisi işlendi: SENSOR_EXTRA = 1519.000V
2026-02-26 00:12:45 - spektroskopi - INFO - Raspberry Pi'dan veri alındı: 6e400004-b5a3-f393-e0a9-e50e24dcca9e (Handle: 11): Unknown, uzunluk: 2
2026-02-26 00:12:45 - spektroskopi - INFO - Raspberry Pi verisi: Ham=287, Voltaj=287.000V
2026-02-26 00:12:45 - spektroskopi - INFO - Raspberry Pi verisi işlendi: SENSOR_7 = 287.000V
2026-02-26 00:12:45 - spektroskopi - INFO - Raspberry Pi'dan veri alındı: 6e400003-b5a3-f393-e0a9-e50e24dcca9e (Handle: 8): Nordic UART TX, uzunluk: 2
2026-02-26 00:12:45 - spektroskopi - INFO - Raspberry Pi verisi: Ham=246, Voltaj=246.000V
2026-02-26 00:12:45 - spektroskopi - INFO - Raspberry Pi verisi işlendi: SENSOR_5 = 246.000V
2026-02-26 00:12:45 - spektroskopi - INFO - Raspberry Pi'dan veri alındı: 6e400002-b5a3-f393-e0a9-e50e24dcca9e (Handle: 19): Nordic UART RX, uzunluk: 2
2026-02-26 00:12:45 - spektroskopi - INFO - Raspberry Pi verisi: Ham=1226, Voltaj=1226.000V
2026-02-26 00:12:45 - spektroskopi - INFO - Raspberry Pi verisi işlendi: SENSOR_2 = 1226.000V
2026-02-26 00:12:45 - spektroskopi - WARNING - Zaman sıralama düzeltildi (averaged): 2026-02-26 00:12:45.938384
2026-02-26 00:12:45 - spektroskopi - WARNING - Zaman sıralama düzeltildi (averaged): 2026-02-26 00:12:45.939384
2026-02-26 00:12:45 - spektroskopi - WARNING - Zaman sıralama düzeltildi (averaged): 2026-02-26 00:12:45.940384
2026-02-26 00:12:45 - spektroskopi - WARNING - Zaman sıralama düzeltildi (averaged): 2026-02-26 00:12:45.941384
2026-02-26 00:12:45 - spektroskopi - WARNING - Zaman sıralama düzeltildi (averaged): 2026-02-26 00:12:45.942384
2026-02-26 00:12:45 - spektroskopi - WARNING - Zaman sıralama düzeltildi (averaged): 2026-02-26 00:12:45.943384
2026-02-26 00:12:45 - spektroskopi - WARNING - RealTimePanel: UV_360nm raw data uzunluk uyumsuzluğu (timestamps: 738, data: 186)
2026-02-26 00:12:45 - spektroskopi - WARNING - RealTimePanel: UV_360nm calibrated data uzunluk uyumsuzluğu (timestamps: 738, data: 186)
2026-02-26 00:12:45 - spektroskopi - WARNING - RealTimePanel: Blue_450nm raw data uzunluk uyumsuzluğu (timestamps: 738, data: 184)
2026-02-26 00:12:45 - spektroskopi - WARNING - RealTimePanel: Blue_450nm calibrated data uzunluk uyumsuzluğu (timestamps: 738, data: 184)
2026-02-26 00:12:45 - spektroskopi - WARNING - RealTimePanel: IR_850nm raw data uzunluk uyumsuzluğu (timestamps: 738, data: 184)
2026-02-26 00:12:45 - spektroskopi - WARNING - RealTimePanel: IR_850nm calibrated data uzunluk uyumsuzluğu (timestamps: 738, data: 184)
2026-02-26 00:12:45 - spektroskopi - WARNING - RealTimePanel: IR_940nm raw data uzunluk uyumsuzluğu (timestamps: 738, data: 184)
2026-02-26 00:12:45 - spektroskopi - WARNING - RealTimePanel: IR_940nm calibrated data uzunluk uyumsuzluğu (timestamps: 738, data: 184)
2026-02-26 00:12:46 - spektroskopi - INFO - Raspberry Pi'dan veri alındı: 6e400005-b5a3-f393-e0a9-e50e24dcca9e (Handle: 16): Unknown, uzunluk: 2
2026-02-26 00:12:46 - spektroskopi - INFO - Raspberry Pi verisi: Ham=1549, Voltaj=1549.000V
2026-02-26 00:12:46 - spektroskopi - INFO - Raspberry Pi verisi işlendi: SENSOR_EXTRA = 1549.000V
2026-02-26 00:12:46 - spektroskopi - INFO - Raspberry Pi'dan veri alındı: 6e400004-b5a3-f393-e0a9-e50e24dcca9e (Handle: 11): Unknown, uzunluk: 2
2026-02-26 00:12:46 - spektroskopi - INFO - Raspberry Pi verisi: Ham=284, Voltaj=284.000V
2026-02-26 00:12:46 - spektroskopi - INFO - Raspberry Pi verisi işlendi: SENSOR_7 = 284.000V
2026-02-26 00:12:46 - spektroskopi - INFO - Raspberry Pi'dan veri alındı: 6e400003-b5a3-f393-e0a9-e50e24dcca9e (Handle: 8): Nordic UART TX, uzunluk: 2
2026-02-26 00:12:46 - spektroskopi - INFO - Raspberry Pi verisi: Ham=255, Voltaj=255.000V
2026-02-26 00:12:46 - spektroskopi - INFO - Raspberry Pi verisi işlendi: SENSOR_5 = 255.000V
2026-02-26 00:12:46 - spektroskopi - INFO - Raspberry Pi'dan veri alındı: 6e400002-b5a3-f393-e0a9-e50e24dcca9e (Handle: 19): Nordic UART RX, uzunluk: 2
2026-02-26 00:12:46 - spektroskopi - INFO - Raspberry Pi verisi: Ham=1277, Voltaj=1277.000V
2026-02-26 00:12:46 - spektroskopi - INFO - Raspberry Pi verisi işlendi: SENSOR_2 = 1277.000V
2026-02-26 00:12:46 - spektroskopi - WARNING - Zaman sıralama düzeltildi (averaged): 2026-02-26 00:12:46.809642
2026-02-26 00:12:46 - spektroskopi - WARNING - Zaman sıralama düzeltildi (averaged): 2026-02-26 00:12:46.810642
2026-02-26 00:12:46 - spektroskopi - WARNING - Zaman sıralama düzeltildi (averaged): 2026-02-26 00:12:46.811642
2026-02-26 00:12:46 - spektroskopi - WARNING - Zaman sıralama düzeltildi (averaged): 2026-02-26 00:12:46.812642
2026-02-26 00:12:46 - spektroskopi - WARNING - RealTimePanel: UV_360nm raw data uzunluk uyumsuzluğu (timestamps: 746, data: 188)
2026-02-26 00:12:46 - spektroskopi - WARNING - RealTimePanel: UV_360nm calibrated data uzunluk uyumsuzluğu (timestamps: 746, data: 188)
2026-02-26 00:12:46 - spektroskopi - WARNING - RealTimePanel: Blue_450nm raw data uzunluk uyumsuzluğu (timestamps: 746, data: 186)
2026-02-26 00:12:46 - spektroskopi - WARNING - RealTimePanel: Blue_450nm calibrated data uzunluk uyumsuzluğu (timestamps: 746, data: 186)
2026-02-26 00:12:46 - spektroskopi - WARNING - RealTimePanel: IR_850nm raw data uzunluk uyumsuzluğu (timestamps: 746, data: 186)
2026-02-26 00:12:46 - spektroskopi - WARNING - RealTimePanel: IR_850nm calibrated data uzunluk uyumsuzluğu (timestamps: 746, data: 186)
2026-02-26 00:12:46 - spektroskopi - WARNING - RealTimePanel: IR_940nm raw data uzunluk uyumsuzluğu (timestamps: 746, data: 186)
2026-02-26 00:12:46 - spektroskopi - WARNING - RealTimePanel: IR_940nm calibrated data uzunluk uyumsuzluğu (timestamps: 746, data: 186)
2026-02-26 00:12:47 - spektroskopi - INFO - Raspberry Pi'dan veri alındı: 6e400005-b5a3-f393-e0a9-e50e24dcca9e (Handle: 16): Unknown, uzunluk: 2
2026-02-26 00:12:47 - spektroskopi - INFO - Raspberry Pi verisi: Ham=1561, Voltaj=1561.000V
2026-02-26 00:12:47 - spektroskopi - INFO - Raspberry Pi verisi işlendi: SENSOR_EXTRA = 1561.000V
2026-02-26 00:12:47 - spektroskopi - INFO - Raspberry Pi'dan veri alındı: 6e400004-b5a3-f393-e0a9-e50e24dcca9e (Handle: 11): Unknown, uzunluk: 2
2026-02-26 00:12:47 - spektroskopi - INFO - Raspberry Pi verisi: Ham=284, Voltaj=284.000V
2026-02-26 00:12:47 - spektroskopi - INFO - Raspberry Pi verisi işlendi: SENSOR_7 = 284.000V
2026-02-26 00:12:47 - spektroskopi - INFO - Raspberry Pi'dan veri alındı: 6e400003-b5a3-f393-e0a9-e50e24dcca9e (Handle: 8): Nordic UART TX, uzunluk: 2
2026-02-26 00:12:47 - spektroskopi - INFO - Raspberry Pi verisi: Ham=263, Voltaj=263.000V
2026-02-26 00:12:47 - spektroskopi - INFO - Raspberry Pi verisi işlendi: SENSOR_5 = 263.000V
2026-02-26 00:12:47 - spektroskopi - INFO - Raspberry Pi'dan veri alındı: 6e400002-b5a3-f393-e0a9-e50e24dcca9e (Handle: 19): Nordic UART RX, uzunluk: 2
2026-02-26 00:12:47 - spektroskopi - INFO - Raspberry Pi verisi: Ham=1283, Voltaj=1283.000V
2026-02-26 00:12:47 - spektroskopi - INFO - Raspberry Pi verisi işlendi: SENSOR_2 = 1283.000V
2026-02-26 00:12:47 - spektroskopi - WARNING - Zaman sıralama düzeltildi (averaged): 2026-02-26 00:12:47.708381
2026-02-26 00:12:47 - spektroskopi - WARNING - Zaman sıralama düzeltildi (averaged): 2026-02-26 00:12:47.709381
2026-02-26 00:12:47 - spektroskopi - WARNING - Zaman sıralama düzeltildi (averaged): 2026-02-26 00:12:47.710381
2026-02-26 00:12:47 - spektroskopi - WARNING - Zaman sıralama düzeltildi (averaged): 2026-02-26 00:12:47.711381
2026-02-26 00:12:47 - spektroskopi - INFO - Raspberry Pi'dan veri alındı: 6e400005-b5a3-f393-e0a9-e50e24dcca9e (Handle: 16): Unknown, uzunluk: 2
2026-02-26 00:12:47 - spektroskopi - INFO - Raspberry Pi verisi: Ham=1559, Voltaj=1559.000V
2026-02-26 00:12:47 - spektroskopi - INFO - Raspberry Pi verisi işlendi: SENSOR_EXTRA = 1559.000V
2026-02-26 00:12:47 - spektroskopi - WARNING - RealTimePanel: UV_360nm raw data uzunluk uyumsuzluğu (timestamps: 755, data: 190)
2026-02-26 00:12:47 - spektroskopi - WARNING - RealTimePanel: UV_360nm calibrated data uzunluk uyumsuzluğu (timestamps: 755, data: 190)
2026-02-26 00:12:47 - spektroskopi - WARNING - RealTimePanel: Blue_450nm raw data uzunluk uyumsuzluğu (timestamps: 755, data: 189)
2026-02-26 00:12:47 - spektroskopi - WARNING - RealTimePanel: Blue_450nm calibrated data uzunluk uyumsuzluğu (timestamps: 755, data: 189)
2026-02-26 00:12:47 - spektroskopi - WARNING - RealTimePanel: IR_850nm raw data uzunluk uyumsuzluğu (timestamps: 755, data: 188)
2026-02-26 00:12:47 - spektroskopi - WARNING - RealTimePanel: IR_850nm calibrated data uzunluk uyumsuzluğu (timestamps: 755, data: 188)
2026-02-26 00:12:47 - spektroskopi - WARNING - RealTimePanel: IR_940nm raw data uzunluk uyumsuzluğu (timestamps: 755, data: 188)
2026-02-26 00:12:47 - spektroskopi - WARNING - RealTimePanel: IR_940nm calibrated data uzunluk uyumsuzluğu (timestamps: 755, data: 188)
2026-02-26 00:12:48 - spektroskopi - INFO - Raspberry Pi'dan veri alındı: 6e400004-b5a3-f393-e0a9-e50e24dcca9e (Handle: 11): Unknown, uzunluk: 2
2026-02-26 00:12:48 - spektroskopi - INFO - Raspberry Pi verisi: Ham=293, Voltaj=293.000V
2026-02-26 00:12:48 - spektroskopi - INFO - Raspberry Pi verisi işlendi: SENSOR_7 = 293.000V
2026-02-26 00:12:48 - spektroskopi - INFO - Raspberry Pi'dan veri alındı: 6e400003-b5a3-f393-e0a9-e50e24dcca9e (Handle: 8): Nordic UART TX, uzunluk: 2
2026-02-26 00:12:48 - spektroskopi - INFO - Raspberry Pi verisi: Ham=253, Voltaj=253.000V
2026-02-26 00:12:48 - spektroskopi - INFO - Raspberry Pi verisi işlendi: SENSOR_5 = 253.000V
2026-02-26 00:12:48 - spektroskopi - INFO - Raspberry Pi'dan veri alındı: 6e400002-b5a3-f393-e0a9-e50e24dcca9e (Handle: 19): Nordic UART RX, uzunluk: 2
2026-02-26 00:12:48 - spektroskopi - INFO - Raspberry Pi verisi: Ham=1273, Voltaj=1273.000V
2026-02-26 00:12:48 - spektroskopi - INFO - Raspberry Pi verisi işlendi: SENSOR_2 = 1273.000V
2026-02-26 00:12:48 - spektroskopi - INFO - Raspberry Pi'dan veri alındı: 6e400005-b5a3-f393-e0a9-e50e24dcca9e (Handle: 16): Unknown, uzunluk: 2
2026-02-26 00:12:48 - spektroskopi - INFO - Raspberry Pi verisi: Ham=1558, Voltaj=1558.000V
2026-02-26 00:12:48 - spektroskopi - INFO - Raspberry Pi verisi işlendi: SENSOR_EXTRA = 1558.000V
2026-02-26 00:12:48 - spektroskopi - WARNING - Zaman sıralama düzeltildi (averaged): 2026-02-26 00:12:48.819751
2026-02-26 00:12:48 - spektroskopi - WARNING - Zaman sıralama düzeltildi (averaged): 2026-02-26 00:12:48.820751
2026-02-26 00:12:48 - spektroskopi - WARNING - Zaman sıralama düzeltildi (averaged): 2026-02-26 00:12:48.821751
2026-02-26 00:12:48 - spektroskopi - WARNING - Zaman sıralama düzeltildi (averaged): 2026-02-26 00:12:48.822751
2026-02-26 00:12:48 - spektroskopi - WARNING - Zaman sıralama düzeltildi (averaged): 2026-02-26 00:12:48.823751
2026-02-26 00:12:48 - spektroskopi - WARNING - RealTimePanel: UV_360nm raw data uzunluk uyumsuzluğu (timestamps: 764, data: 192)
2026-02-26 00:12:48 - spektroskopi - WARNING - RealTimePanel: UV_360nm calibrated data uzunluk uyumsuzluğu (timestamps: 764, data: 192)
2026-02-26 00:12:48 - spektroskopi - WARNING - RealTimePanel: Blue_450nm raw data uzunluk uyumsuzluğu (timestamps: 764, data: 192)
2026-02-26 00:12:48 - spektroskopi - WARNING - RealTimePanel: Blue_450nm calibrated data uzunluk uyumsuzluğu (timestamps: 764, data: 192)
2026-02-26 00:12:48 - spektroskopi - WARNING - RealTimePanel: IR_850nm raw data uzunluk uyumsuzluğu (timestamps: 764, data: 190)
2026-02-26 00:12:48 - spektroskopi - WARNING - RealTimePanel: IR_850nm calibrated data uzunluk uyumsuzluğu (timestamps: 764, data: 190)
2026-02-26 00:12:48 - spektroskopi - WARNING - RealTimePanel: IR_940nm raw data uzunluk uyumsuzluğu (timestamps: 764, data: 190)
2026-02-26 00:12:48 - spektroskopi - WARNING - RealTimePanel: IR_940nm calibrated data uzunluk uyumsuzluğu (timestamps: 764, data: 190)
2026-02-26 00:12:49 - spektroskopi - INFO - Raspberry Pi'dan veri alındı: 6e400004-b5a3-f393-e0a9-e50e24dcca9e (Handle: 11): Unknown, uzunluk: 2
2026-02-26 00:12:49 - spektroskopi - INFO - Raspberry Pi verisi: Ham=285, Voltaj=285.000V
2026-02-26 00:12:49 - spektroskopi - INFO - Raspberry Pi verisi işlendi: SENSOR_7 = 285.000V
2026-02-26 00:12:49 - spektroskopi - INFO - Raspberry Pi'dan veri alındı: 6e400003-b5a3-f393-e0a9-e50e24dcca9e (Handle: 8): Nordic UART TX, uzunluk: 2
2026-02-26 00:12:49 - spektroskopi - INFO - Raspberry Pi verisi: Ham=244, Voltaj=244.000V
2026-02-26 00:12:49 - spektroskopi - INFO - Raspberry Pi verisi işlendi: SENSOR_5 = 244.000V
2026-02-26 00:12:49 - spektroskopi - INFO - Raspberry Pi'dan veri alındı: 6e400002-b5a3-f393-e0a9-e50e24dcca9e (Handle: 19): Nordic UART RX, uzunluk: 2
2026-02-26 00:12:49 - spektroskopi - INFO - Raspberry Pi verisi: Ham=1270, Voltaj=1270.000V
2026-02-26 00:12:49 - spektroskopi - INFO - Raspberry Pi verisi işlendi: SENSOR_2 = 1270.000V
2026-02-26 00:12:49 - spektroskopi - INFO - Raspberry Pi'dan veri alındı: 6e400005-b5a3-f393-e0a9-e50e24dcca9e (Handle: 16): Unknown, uzunluk: 2
2026-02-26 00:12:49 - spektroskopi - INFO - Raspberry Pi verisi: Ham=1557, Voltaj=1557.000V
2026-02-26 00:12:49 - spektroskopi - INFO - Raspberry Pi verisi işlendi: SENSOR_EXTRA = 1557.000V
2026-02-26 00:12:49 - spektroskopi - WARNING - Zaman sıralama düzeltildi (averaged): 2026-02-26 00:12:49.688210
2026-02-26 00:12:49 - spektroskopi - WARNING - Zaman sıralama düzeltildi (averaged): 2026-02-26 00:12:49.689210
2026-02-26 00:12:49 - spektroskopi - WARNING - Zaman sıralama düzeltildi (averaged): 2026-02-26 00:12:49.690210
2026-02-26 00:12:49 - spektroskopi - WARNING - Zaman sıralama düzeltildi (averaged): 2026-02-26 00:12:49.691210
2026-02-26 00:12:49 - spektroskopi - WARNING - RealTimePanel: UV_360nm raw data uzunluk uyumsuzluğu (timestamps: 772, data: 194)
2026-02-26 00:12:49 - spektroskopi - INFO - Raspberry Pi'dan veri alındı: 6e400004-b5a3-f393-e0a9-e50e24dcca9e (Handle: 11): Unknown, uzunluk: 2
2026-02-26 00:12:49 - spektroskopi - WARNING - RealTimePanel: UV_360nm calibrated data uzunluk uyumsuzluğu (timestamps: 772, data: 194)
2026-02-26 00:12:49 - spektroskopi - INFO - Raspberry Pi verisi: Ham=287, Voltaj=287.000V
2026-02-26 00:12:49 - spektroskopi - WARNING - RealTimePanel: Blue_450nm raw data uzunluk uyumsuzluğu (timestamps: 772, data: 194)
2026-02-26 00:12:49 - spektroskopi - INFO - Raspberry Pi verisi işlendi: SENSOR_7 = 287.000V
2026-02-26 00:12:49 - spektroskopi - WARNING - RealTimePanel: Blue_450nm calibrated data uzunluk uyumsuzluğu (timestamps: 772, data: 194)
2026-02-26 00:12:49 - spektroskopi - WARNING - RealTimePanel: IR_850nm raw data uzunluk uyumsuzluğu (timestamps: 772, data: 193)
2026-02-26 00:12:49 - spektroskopi - WARNING - RealTimePanel: IR_850nm calibrated data uzunluk uyumsuzluğu (timestamps: 772, data: 193)
2026-02-26 00:12:49 - spektroskopi - WARNING - RealTimePanel: IR_940nm raw data uzunluk uyumsuzluğu (timestamps: 772, data: 192)
2026-02-26 00:12:49 - spektroskopi - WARNING - RealTimePanel: IR_940nm calibrated data uzunluk uyumsuzluğu (timestamps: 772, data: 192)
2026-02-26 00:12:50 - spektroskopi - INFO - Raspberry Pi'dan veri alındı: 6e400003-b5a3-f393-e0a9-e50e24dcca9e (Handle: 8): Nordic UART TX, uzunluk: 2
2026-02-26 00:12:50 - spektroskopi - INFO - Raspberry Pi verisi: Ham=243, Voltaj=243.000V
2026-02-26 00:12:50 - spektroskopi - INFO - Raspberry Pi verisi işlendi: SENSOR_5 = 243.000V
2026-02-26 00:12:50 - spektroskopi - INFO - Raspberry Pi'dan veri alındı: 6e400002-b5a3-f393-e0a9-e50e24dcca9e (Handle: 19): Nordic UART RX, uzunluk: 2
2026-02-26 00:12:50 - spektroskopi - INFO - Raspberry Pi verisi: Ham=1261, Voltaj=1261.000V
2026-02-26 00:12:50 - spektroskopi - INFO - Raspberry Pi verisi işlendi: SENSOR_2 = 1261.000V
2026-02-26 00:12:50 - spektroskopi - INFO - Raspberry Pi'dan veri alındı: 6e400005-b5a3-f393-e0a9-e50e24dcca9e (Handle: 16): Unknown, uzunluk: 2
2026-02-26 00:12:50 - spektroskopi - INFO - Raspberry Pi verisi: Ham=1576, Voltaj=1576.000V
2026-02-26 00:12:50 - spektroskopi - INFO - Raspberry Pi verisi işlendi: SENSOR_EXTRA = 1576.000V
2026-02-26 00:12:50 - spektroskopi - INFO - Raspberry Pi'dan veri alındı: 6e400004-b5a3-f393-e0a9-e50e24dcca9e (Handle: 11): Unknown, uzunluk: 2
2026-02-26 00:12:50 - spektroskopi - INFO - Raspberry Pi verisi: Ham=287, Voltaj=287.000V
2026-02-26 00:12:50 - spektroskopi - INFO - Raspberry Pi verisi işlendi: SENSOR_7 = 287.000V
2026-02-26 00:12:50 - spektroskopi - WARNING - Zaman sıralama düzeltildi (averaged): 2026-02-26 00:12:50.858287
2026-02-26 00:12:50 - spektroskopi - WARNING - Zaman sıralama düzeltildi (averaged): 2026-02-26 00:12:50.859287
2026-02-26 00:12:50 - spektroskopi - WARNING - Zaman sıralama düzeltildi (averaged): 2026-02-26 00:12:50.860287
2026-02-26 00:12:50 - spektroskopi - WARNING - Zaman sıralama düzeltildi (averaged): 2026-02-26 00:12:50.861287
2026-02-26 00:12:50 - spektroskopi - WARNING - Zaman sıralama düzeltildi (averaged): 2026-02-26 00:12:50.862287
2026-02-26 00:12:50 - spektroskopi - WARNING - RealTimePanel: UV_360nm raw data uzunluk uyumsuzluğu (timestamps: 782, data: 196)
2026-02-26 00:12:50 - spektroskopi - WARNING - RealTimePanel: UV_360nm calibrated data uzunluk uyumsuzluğu (timestamps: 782, data: 196)
2026-02-26 00:12:50 - spektroskopi - WARNING - RealTimePanel: Blue_450nm raw data uzunluk uyumsuzluğu (timestamps: 782, data: 196)
2026-02-26 00:12:50 - spektroskopi - WARNING - RealTimePanel: Blue_450nm calibrated data uzunluk uyumsuzluğu (timestamps: 782, data: 196)
2026-02-26 00:12:50 - spektroskopi - WARNING - RealTimePanel: IR_850nm raw data uzunluk uyumsuzluğu (timestamps: 782, data: 196)
2026-02-26 00:12:50 - spektroskopi - WARNING - RealTimePanel: IR_850nm calibrated data uzunluk uyumsuzluğu (timestamps: 782, data: 196)
2026-02-26 00:12:50 - spektroskopi - WARNING - RealTimePanel: IR_940nm raw data uzunluk uyumsuzluğu (timestamps: 782, data: 194)
2026-02-26 00:12:50 - spektroskopi - WARNING - RealTimePanel: IR_940nm calibrated data uzunluk uyumsuzluğu (timestamps: 782, data: 194)
2026-02-26 00:12:51 - spektroskopi - INFO - Raspberry Pi'dan veri alındı: 6e400003-b5a3-f393-e0a9-e50e24dcca9e (Handle: 8): Nordic UART TX, uzunluk: 2
2026-02-26 00:12:51 - spektroskopi - INFO - Raspberry Pi verisi: Ham=243, Voltaj=243.000V
2026-02-26 00:12:51 - spektroskopi - INFO - Raspberry Pi verisi işlendi: SENSOR_5 = 243.000V
2026-02-26 00:12:51 - spektroskopi - INFO - Raspberry Pi'dan veri alındı: 6e400002-b5a3-f393-e0a9-e50e24dcca9e (Handle: 19): Nordic UART RX, uzunluk: 2
2026-02-26 00:12:51 - spektroskopi - INFO - Raspberry Pi verisi: Ham=1309, Voltaj=1309.000V
2026-02-26 00:12:51 - spektroskopi - INFO - Raspberry Pi verisi işlendi: SENSOR_2 = 1309.000V
2026-02-26 00:12:51 - spektroskopi - INFO - Raspberry Pi'dan veri alındı: 6e400005-b5a3-f393-e0a9-e50e24dcca9e (Handle: 16): Unknown, uzunluk: 2
2026-02-26 00:12:51 - spektroskopi - INFO - Raspberry Pi verisi: Ham=1600, Voltaj=1600.000V
2026-02-26 00:12:51 - spektroskopi - INFO - Raspberry Pi verisi işlendi: SENSOR_EXTRA = 1600.000V
2026-02-26 00:12:51 - spektroskopi - INFO - Raspberry Pi'dan veri alındı: 6e400004-b5a3-f393-e0a9-e50e24dcca9e (Handle: 11): Unknown, uzunluk: 2
2026-02-26 00:12:51 - spektroskopi - INFO - Raspberry Pi verisi: Ham=287, Voltaj=287.000V
2026-02-26 00:12:51 - spektroskopi - INFO - Raspberry Pi verisi işlendi: SENSOR_7 = 287.000V
2026-02-26 00:12:51 - spektroskopi - WARNING - Zaman sıralama düzeltildi (averaged): 2026-02-26 00:12:51.728030
2026-02-26 00:12:51 - spektroskopi - WARNING - Zaman sıralama düzeltildi (averaged): 2026-02-26 00:12:51.729030
2026-02-26 00:12:51 - spektroskopi - WARNING - Zaman sıralama düzeltildi (averaged): 2026-02-26 00:12:51.730030
2026-02-26 00:12:51 - spektroskopi - WARNING - Zaman sıralama düzeltildi (averaged): 2026-02-26 00:12:51.731030
2026-02-26 00:12:51 - spektroskopi - WARNING - RealTimePanel: UV_360nm raw data uzunluk uyumsuzluğu (timestamps: 790, data: 198)
2026-02-26 00:12:51 - spektroskopi - WARNING - RealTimePanel: UV_360nm calibrated data uzunluk uyumsuzluğu (timestamps: 790, data: 198)
2026-02-26 00:12:51 - spektroskopi - WARNING - RealTimePanel: Blue_450nm raw data uzunluk uyumsuzluğu (timestamps: 790, data: 198)
2026-02-26 00:12:51 - spektroskopi - WARNING - RealTimePanel: Blue_450nm calibrated data uzunluk uyumsuzluğu (timestamps: 790, data: 198)
2026-02-26 00:12:51 - spektroskopi - WARNING - RealTimePanel: IR_850nm raw data uzunluk uyumsuzluğu (timestamps: 790, data: 198)
2026-02-26 00:12:51 - spektroskopi - WARNING - RealTimePanel: IR_850nm calibrated data uzunluk uyumsuzluğu (timestamps: 790, data: 198)
2026-02-26 00:12:51 - spektroskopi - WARNING - RealTimePanel: IR_940nm raw data uzunluk uyumsuzluğu (timestamps: 790, data: 196)
2026-02-26 00:12:51 - spektroskopi - WARNING - RealTimePanel: IR_940nm calibrated data uzunluk uyumsuzluğu (timestamps: 790, data: 196)
2026-02-26 00:12:51 - spektroskopi - INFO - Raspberry Pi'dan veri alındı: 6e400003-b5a3-f393-e0a9-e50e24dcca9e (Handle: 8): Nordic UART TX, uzunluk: 2
2026-02-26 00:12:51 - spektroskopi - INFO - Raspberry Pi verisi: Ham=260, Voltaj=260.000V
2026-02-26 00:12:51 - spektroskopi - INFO - Raspberry Pi verisi işlendi: SENSOR_5 = 260.000V
2026-02-26 00:12:52 - spektroskopi - INFO - Raspberry Pi'dan veri alındı: 6e400002-b5a3-f393-e0a9-e50e24dcca9e (Handle: 19): Nordic UART RX, uzunluk: 2
2026-02-26 00:12:52 - spektroskopi - INFO - Raspberry Pi verisi: Ham=1321, Voltaj=1321.000V
2026-02-26 00:12:52 - spektroskopi - INFO - Raspberry Pi verisi işlendi: SENSOR_2 = 1321.000V
2026-02-26 00:12:52 - spektroskopi - INFO - Raspberry Pi'dan veri alındı: 6e400005-b5a3-f393-e0a9-e50e24dcca9e (Handle: 16): Unknown, uzunluk: 2
2026-02-26 00:12:52 - spektroskopi - INFO - Raspberry Pi verisi: Ham=1608, Voltaj=1608.000V
2026-02-26 00:12:52 - spektroskopi - INFO - Raspberry Pi verisi işlendi: SENSOR_EXTRA = 1608.000V
2026-02-26 00:12:52 - spektroskopi - INFO - Raspberry Pi'dan veri alındı: 6e400004-b5a3-f393-e0a9-e50e24dcca9e (Handle: 11): Unknown, uzunluk: 2
2026-02-26 00:12:52 - spektroskopi - INFO - Raspberry Pi verisi: Ham=280, Voltaj=280.000V
2026-02-26 00:12:52 - spektroskopi - INFO - Raspberry Pi verisi işlendi: SENSOR_7 = 280.000V
2026-02-26 00:12:52 - spektroskopi - INFO - Raspberry Pi'dan veri alındı: 6e400003-b5a3-f393-e0a9-e50e24dcca9e (Handle: 8): Nordic UART TX, uzunluk: 2
2026-02-26 00:12:52 - spektroskopi - INFO - Raspberry Pi verisi: Ham=291, Voltaj=291.000V
2026-02-26 00:12:52 - spektroskopi - INFO - Raspberry Pi verisi işlendi: SENSOR_5 = 291.000V
2026-02-26 00:12:52 - spektroskopi - INFO - Raspberry Pi'dan veri alındı: 6e400002-b5a3-f393-e0a9-e50e24dcca9e (Handle: 19): Nordic UART RX, uzunluk: 2
2026-02-26 00:12:52 - spektroskopi - INFO - Raspberry Pi verisi: Ham=3224, Voltaj=3224.000V
2026-02-26 00:12:52 - spektroskopi - INFO - Raspberry Pi verisi işlendi: SENSOR_2 = 3224.000V
2026-02-26 00:12:52 - spektroskopi - WARNING - Zaman sıralama düzeltildi (averaged): 2026-02-26 00:12:52.958238
2026-02-26 00:12:52 - spektroskopi - WARNING - Zaman sıralama düzeltildi (averaged): 2026-02-26 00:12:52.959238
2026-02-26 00:12:52 - spektroskopi - WARNING - Zaman sıralama düzeltildi (averaged): 2026-02-26 00:12:52.960238
2026-02-26 00:12:52 - spektroskopi - WARNING - Zaman sıralama düzeltildi (averaged): 2026-02-26 00:12:52.961238
2026-02-26 00:12:52 - spektroskopi - WARNING - Zaman sıralama düzeltildi (averaged): 2026-02-26 00:12:52.962238
2026-02-26 00:12:52 - spektroskopi - WARNING - Zaman sıralama düzeltildi (averaged): 2026-02-26 00:12:52.963238
2026-02-26 00:12:52 - spektroskopi - WARNING - RealTimePanel: UV_360nm raw data uzunluk uyumsuzluğu (timestamps: 802, data: 202)
2026-02-26 00:12:52 - spektroskopi - WARNING - RealTimePanel: UV_360nm calibrated data uzunluk uyumsuzluğu (timestamps: 802, data: 202)
2026-02-26 00:12:52 - spektroskopi - WARNING - RealTimePanel: Blue_450nm raw data uzunluk uyumsuzluğu (timestamps: 802, data: 200)
2026-02-26 00:12:52 - spektroskopi - WARNING - RealTimePanel: Blue_450nm calibrated data uzunluk uyumsuzluğu (timestamps: 802, data: 200)
2026-02-26 00:12:52 - spektroskopi - WARNING - RealTimePanel: IR_850nm raw data uzunluk uyumsuzluğu (timestamps: 802, data: 200)
2026-02-26 00:12:52 - spektroskopi - WARNING - RealTimePanel: IR_850nm calibrated data uzunluk uyumsuzluğu (timestamps: 802, data: 200)
2026-02-26 00:12:52 - spektroskopi - WARNING - RealTimePanel: IR_940nm raw data uzunluk uyumsuzluğu (timestamps: 802, data: 200)
2026-02-26 00:12:52 - spektroskopi - WARNING - RealTimePanel: IR_940nm calibrated data uzunluk uyumsuzluğu (timestamps: 802, data: 200)
2026-02-26 00:12:53 - spektroskopi - INFO - Raspberry Pi'dan veri alındı: 6e400005-b5a3-f393-e0a9-e50e24dcca9e (Handle: 16): Unknown, uzunluk: 2
2026-02-26 00:12:53 - spektroskopi - INFO - Raspberry Pi verisi: Ham=2740, Voltaj=2740.000V
2026-02-26 00:12:53 - spektroskopi - INFO - Raspberry Pi verisi işlendi: SENSOR_EXTRA = 2740.000V
2026-02-26 00:12:53 - spektroskopi - INFO - Raspberry Pi'dan veri alındı: 6e400004-b5a3-f393-e0a9-e50e24dcca9e (Handle: 11): Unknown, uzunluk: 2
2026-02-26 00:12:53 - spektroskopi - INFO - Raspberry Pi verisi: Ham=287, Voltaj=287.000V
2026-02-26 00:12:53 - spektroskopi - INFO - Raspberry Pi verisi işlendi: SENSOR_7 = 287.000V
2026-02-26 00:12:53 - spektroskopi - INFO - Raspberry Pi'dan veri alındı: 6e400003-b5a3-f393-e0a9-e50e24dcca9e (Handle: 8): Nordic UART TX, uzunluk: 2
2026-02-26 00:12:53 - spektroskopi - INFO - Raspberry Pi verisi: Ham=196, Voltaj=196.000V
2026-02-26 00:12:53 - spektroskopi - INFO - Raspberry Pi verisi işlendi: SENSOR_5 = 196.000V
2026-02-26 00:12:53 - spektroskopi - INFO - Raspberry Pi'dan veri alındı: 6e400002-b5a3-f393-e0a9-e50e24dcca9e (Handle: 19): Nordic UART RX, uzunluk: 2
2026-02-26 00:12:53 - spektroskopi - INFO - Raspberry Pi verisi: Ham=1320, Voltaj=1320.000V
2026-02-26 00:12:53 - spektroskopi - INFO - Raspberry Pi verisi işlendi: SENSOR_2 = 1320.000V
2026-02-26 00:12:53 - spektroskopi - WARNING - Zaman sıralama düzeltildi (averaged): 2026-02-26 00:12:53.858057
2026-02-26 00:12:53 - spektroskopi - WARNING - Zaman sıralama düzeltildi (averaged): 2026-02-26 00:12:53.859057
2026-02-26 00:12:53 - spektroskopi - WARNING - Zaman sıralama düzeltildi (averaged): 2026-02-26 00:12:53.860057
2026-02-26 00:12:53 - spektroskopi - WARNING - Zaman sıralama düzeltildi (averaged): 2026-02-26 00:12:53.861057
2026-02-26 00:12:53 - spektroskopi - WARNING - RealTimePanel: UV_360nm raw data uzunluk uyumsuzluğu (timestamps: 810, data: 204)
2026-02-26 00:12:53 - spektroskopi - WARNING - RealTimePanel: UV_360nm calibrated data uzunluk uyumsuzluğu (timestamps: 810, data: 204)
2026-02-26 00:12:53 - spektroskopi - WARNING - RealTimePanel: Blue_450nm raw data uzunluk uyumsuzluğu (timestamps: 810, data: 202)
2026-02-26 00:12:53 - spektroskopi - WARNING - RealTimePanel: Blue_450nm calibrated data uzunluk uyumsuzluğu (timestamps: 810, data: 202)
2026-02-26 00:12:53 - spektroskopi - WARNING - RealTimePanel: IR_850nm raw data uzunluk uyumsuzluğu (timestamps: 810, data: 202)
2026-02-26 00:12:53 - spektroskopi - WARNING - RealTimePanel: IR_850nm calibrated data uzunluk uyumsuzluğu (timestamps: 810, data: 202)
2026-02-26 00:12:53 - spektroskopi - WARNING - RealTimePanel: IR_940nm raw data uzunluk uyumsuzluğu (timestamps: 810, data: 202)
2026-02-26 00:12:53 - spektroskopi - WARNING - RealTimePanel: IR_940nm calibrated data uzunluk uyumsuzluğu (timestamps: 810, data: 202)
2026-02-26 00:12:54 - spektroskopi - INFO - Raspberry Pi'dan veri alındı: 6e400005-b5a3-f393-e0a9-e50e24dcca9e (Handle: 16): Unknown, uzunluk: 2
2026-02-26 00:12:54 - spektroskopi - INFO - Raspberry Pi verisi: Ham=1588, Voltaj=1588.000V
2026-02-26 00:12:54 - spektroskopi - INFO - Raspberry Pi verisi işlendi: SENSOR_EXTRA = 1588.000V
2026-02-26 00:12:54 - spektroskopi - INFO - Raspberry Pi'dan veri alındı: 6e400004-b5a3-f393-e0a9-e50e24dcca9e (Handle: 11): Unknown, uzunluk: 2
2026-02-26 00:12:54 - spektroskopi - INFO - Raspberry Pi verisi: Ham=190, Voltaj=190.000V
2026-02-26 00:12:54 - spektroskopi - INFO - Raspberry Pi verisi işlendi: SENSOR_7 = 190.000V
2026-02-26 00:12:54 - spektroskopi - INFO - Raspberry Pi'dan veri alındı: 6e400003-b5a3-f393-e0a9-e50e24dcca9e (Handle: 8): Nordic UART TX, uzunluk: 2
2026-02-26 00:12:54 - spektroskopi - INFO - Raspberry Pi verisi: Ham=187, Voltaj=187.000V
2026-02-26 00:12:54 - spektroskopi - INFO - Raspberry Pi verisi işlendi: SENSOR_5 = 187.000V
2026-02-26 00:12:54 - spektroskopi - INFO - Raspberry Pi'dan veri alındı: 6e400002-b5a3-f393-e0a9-e50e24dcca9e (Handle: 19): Nordic UART RX, uzunluk: 2
2026-02-26 00:12:54 - spektroskopi - INFO - Raspberry Pi verisi: Ham=1376, Voltaj=1376.000V
2026-02-26 00:12:54 - spektroskopi - INFO - Raspberry Pi verisi işlendi: SENSOR_2 = 1376.000V
2026-02-26 00:12:54 - spektroskopi - WARNING - Zaman sıralama düzeltildi (averaged): 2026-02-26 00:12:54.729277
2026-02-26 00:12:54 - spektroskopi - WARNING - Zaman sıralama düzeltildi (averaged): 2026-02-26 00:12:54.730277
2026-02-26 00:12:54 - spektroskopi - WARNING - Zaman sıralama düzeltildi (averaged): 2026-02-26 00:12:54.731277
2026-02-26 00:12:54 - spektroskopi - WARNING - Zaman sıralama düzeltildi (averaged): 2026-02-26 00:12:54.732277
2026-02-26 00:12:54 - spektroskopi - WARNING - RealTimePanel: UV_360nm raw data uzunluk uyumsuzluğu (timestamps: 818, data: 206)
2026-02-26 00:12:54 - spektroskopi - WARNING - RealTimePanel: UV_360nm calibrated data uzunluk uyumsuzluğu (timestamps: 818, data: 206)
2026-02-26 00:12:54 - spektroskopi - WARNING - RealTimePanel: Blue_450nm raw data uzunluk uyumsuzluğu (timestamps: 818, data: 204)
2026-02-26 00:12:54 - spektroskopi - WARNING - RealTimePanel: Blue_450nm calibrated data uzunluk uyumsuzluğu (timestamps: 818, data: 204)
2026-02-26 00:12:54 - spektroskopi - WARNING - RealTimePanel: IR_850nm raw data uzunluk uyumsuzluğu (timestamps: 818, data: 204)
2026-02-26 00:12:54 - spektroskopi - WARNING - RealTimePanel: IR_850nm calibrated data uzunluk uyumsuzluğu (timestamps: 818, data: 204)
2026-02-26 00:12:54 - spektroskopi - WARNING - RealTimePanel: IR_940nm raw data uzunluk uyumsuzluğu (timestamps: 818, data: 204)
2026-02-26 00:12:54 - spektroskopi - WARNING - RealTimePanel: IR_940nm calibrated data uzunluk uyumsuzluğu (timestamps: 818, data: 204)
2026-02-26 00:12:54 - spektroskopi - INFO - Raspberry Pi'dan veri alındı: 6e400005-b5a3-f393-e0a9-e50e24dcca9e (Handle: 16): Unknown, uzunluk: 2
2026-02-26 00:12:54 - spektroskopi - INFO - Raspberry Pi verisi: Ham=1675, Voltaj=1675.000V
2026-02-26 00:12:54 - spektroskopi - INFO - Raspberry Pi verisi işlendi: SENSOR_EXTRA = 1675.000V
2026-02-26 00:12:55 - spektroskopi - INFO - Raspberry Pi'dan veri alındı: 6e400004-b5a3-f393-e0a9-e50e24dcca9e (Handle: 11): Unknown, uzunluk: 2
2026-02-26 00:12:55 - spektroskopi - INFO - Raspberry Pi verisi: Ham=193, Voltaj=193.000V
2026-02-26 00:12:55 - spektroskopi - INFO - Raspberry Pi verisi işlendi: SENSOR_7 = 193.000V
2026-02-26 00:12:55 - spektroskopi - INFO - Raspberry Pi'dan veri alındı: 6e400003-b5a3-f393-e0a9-e50e24dcca9e (Handle: 8): Nordic UART TX, uzunluk: 2
2026-02-26 00:12:55 - spektroskopi - INFO - Raspberry Pi verisi: Ham=198, Voltaj=198.000V
2026-02-26 00:12:55 - spektroskopi - INFO - Raspberry Pi verisi işlendi: SENSOR_5 = 198.000V
2026-02-26 00:12:55 - spektroskopi - INFO - Raspberry Pi'dan veri alındı: 6e400002-b5a3-f393-e0a9-e50e24dcca9e (Handle: 19): Nordic UART RX, uzunluk: 2
2026-02-26 00:12:55 - spektroskopi - INFO - Raspberry Pi verisi: Ham=1398, Voltaj=1398.000V
2026-02-26 00:12:55 - spektroskopi - INFO - Raspberry Pi verisi işlendi: SENSOR_2 = 1398.000V
2026-02-26 00:12:55 - spektroskopi - INFO - Raspberry Pi'dan veri alındı: 6e400005-b5a3-f393-e0a9-e50e24dcca9e (Handle: 16): Unknown, uzunluk: 2
2026-02-26 00:12:55 - spektroskopi - INFO - Raspberry Pi verisi: Ham=1814, Voltaj=1814.000V
2026-02-26 00:12:55 - spektroskopi - INFO - Raspberry Pi verisi işlendi: SENSOR_EXTRA = 1814.000V
2026-02-26 00:12:55 - spektroskopi - WARNING - Zaman sıralama düzeltildi (averaged): 2026-02-26 00:12:55.868244
2026-02-26 00:12:55 - spektroskopi - WARNING - Zaman sıralama düzeltildi (averaged): 2026-02-26 00:12:55.869244
2026-02-26 00:12:55 - spektroskopi - WARNING - Zaman sıralama düzeltildi (averaged): 2026-02-26 00:12:55.870244
2026-02-26 00:12:55 - spektroskopi - WARNING - Zaman sıralama düzeltildi (averaged): 2026-02-26 00:12:55.871244
2026-02-26 00:12:55 - spektroskopi - WARNING - Zaman sıralama düzeltildi (averaged): 2026-02-26 00:12:55.872244
2026-02-26 00:12:55 - spektroskopi - WARNING - RealTimePanel: UV_360nm raw data uzunluk uyumsuzluğu (timestamps: 828, data: 208)
2026-02-26 00:12:55 - spektroskopi - WARNING - RealTimePanel: UV_360nm calibrated data uzunluk uyumsuzluğu (timestamps: 828, data: 208)
2026-02-26 00:12:55 - spektroskopi - WARNING - RealTimePanel: Blue_450nm raw data uzunluk uyumsuzluğu (timestamps: 828, data: 208)
2026-02-26 00:12:55 - spektroskopi - WARNING - RealTimePanel: Blue_450nm calibrated data uzunluk uyumsuzluğu (timestamps: 828, data: 208)
2026-02-26 00:12:55 - spektroskopi - WARNING - RealTimePanel: IR_850nm raw data uzunluk uyumsuzluğu (timestamps: 828, data: 206)
2026-02-26 00:12:55 - spektroskopi - WARNING - RealTimePanel: IR_850nm calibrated data uzunluk uyumsuzluğu (timestamps: 828, data: 206)
2026-02-26 00:12:55 - spektroskopi - WARNING - RealTimePanel: IR_940nm raw data uzunluk uyumsuzluğu (timestamps: 828, data: 206)
2026-02-26 00:12:55 - spektroskopi - WARNING - RealTimePanel: IR_940nm calibrated data uzunluk uyumsuzluğu (timestamps: 828, data: 206)
2026-02-26 00:12:56 - spektroskopi - INFO - Raspberry Pi'dan veri alındı: 6e400004-b5a3-f393-e0a9-e50e24dcca9e (Handle: 11): Unknown, uzunluk: 2
2026-02-26 00:12:56 - spektroskopi - INFO - Raspberry Pi verisi: Ham=198, Voltaj=198.000V
2026-02-26 00:12:56 - spektroskopi - INFO - Raspberry Pi verisi işlendi: SENSOR_7 = 198.000V
2026-02-26 00:12:56 - spektroskopi - INFO - Raspberry Pi'dan veri alındı: 6e400003-b5a3-f393-e0a9-e50e24dcca9e (Handle: 8): Nordic UART TX, uzunluk: 2
2026-02-26 00:12:56 - spektroskopi - INFO - Raspberry Pi verisi: Ham=190, Voltaj=190.000V
2026-02-26 00:12:56 - spektroskopi - INFO - Raspberry Pi verisi işlendi: SENSOR_5 = 190.000V
2026-02-26 00:12:56 - spektroskopi - INFO - Raspberry Pi'dan veri alındı: 6e400002-b5a3-f393-e0a9-e50e24dcca9e (Handle: 19): Nordic UART RX, uzunluk: 2
2026-02-26 00:12:56 - spektroskopi - INFO - Raspberry Pi verisi: Ham=1908, Voltaj=1908.000V
2026-02-26 00:12:56 - spektroskopi - INFO - Raspberry Pi verisi işlendi: SENSOR_2 = 1908.000V
2026-02-26 00:12:56 - spektroskopi - INFO - Raspberry Pi'dan veri alındı: 6e400005-b5a3-f393-e0a9-e50e24dcca9e (Handle: 16): Unknown, uzunluk: 2
2026-02-26 00:12:56 - spektroskopi - INFO - Raspberry Pi verisi: Ham=1484, Voltaj=1484.000V
2026-02-26 00:12:56 - spektroskopi - INFO - Raspberry Pi verisi işlendi: SENSOR_EXTRA = 1484.000V
2026-02-26 00:12:56 - spektroskopi - WARNING - Zaman sıralama düzeltildi (averaged): 2026-02-26 00:12:56.738214
2026-02-26 00:12:56 - spektroskopi - WARNING - Zaman sıralama düzeltildi (averaged): 2026-02-26 00:12:56.739214
2026-02-26 00:12:56 - spektroskopi - WARNING - Zaman sıralama düzeltildi (averaged): 2026-02-26 00:12:56.740214
2026-02-26 00:12:56 - spektroskopi - WARNING - Zaman sıralama düzeltildi (averaged): 2026-02-26 00:12:56.741214
2026-02-26 00:12:56 - spektroskopi - WARNING - RealTimePanel: UV_360nm raw data uzunluk uyumsuzluğu (timestamps: 836, data: 210)
2026-02-26 00:12:56 - spektroskopi - WARNING - RealTimePanel: UV_360nm calibrated data uzunluk uyumsuzluğu (timestamps: 836, data: 210)
2026-02-26 00:12:56 - spektroskopi - WARNING - RealTimePanel: Blue_450nm raw data uzunluk uyumsuzluğu (timestamps: 836, data: 210)
2026-02-26 00:12:56 - spektroskopi - WARNING - RealTimePanel: Blue_450nm calibrated data uzunluk uyumsuzluğu (timestamps: 836, data: 210)
2026-02-26 00:12:56 - spektroskopi - WARNING - RealTimePanel: IR_850nm raw data uzunluk uyumsuzluğu (timestamps: 836, data: 208)
2026-02-26 00:12:56 - spektroskopi - WARNING - RealTimePanel: IR_850nm calibrated data uzunluk uyumsuzluğu (timestamps: 836, data: 208)
2026-02-26 00:12:56 - spektroskopi - WARNING - RealTimePanel: IR_940nm raw data uzunluk uyumsuzluğu (timestamps: 836, data: 208)
2026-02-26 00:12:56 - spektroskopi - WARNING - RealTimePanel: IR_940nm calibrated data uzunluk uyumsuzluğu (timestamps: 836, data: 208)
2026-02-26 00:12:57 - spektroskopi - INFO - Raspberry Pi'dan veri alındı: 6e400004-b5a3-f393-e0a9-e50e24dcca9e (Handle: 11): Unknown, uzunluk: 2
2026-02-26 00:12:57 - spektroskopi - INFO - Raspberry Pi verisi: Ham=193, Voltaj=193.000V
2026-02-26 00:12:57 - spektroskopi - INFO - Raspberry Pi verisi işlendi: SENSOR_7 = 193.000V
2026-02-26 00:12:57 - spektroskopi - INFO - Raspberry Pi'dan veri alındı: 6e400003-b5a3-f393-e0a9-e50e24dcca9e (Handle: 8): Nordic UART TX, uzunluk: 2
2026-02-26 00:12:57 - spektroskopi - INFO - Raspberry Pi verisi: Ham=222, Voltaj=222.000V
2026-02-26 00:12:57 - spektroskopi - INFO - Raspberry Pi verisi işlendi: SENSOR_5 = 222.000V
2026-02-26 00:12:57 - spektroskopi - INFO - Raspberry Pi'dan veri alındı: 6e400002-b5a3-f393-e0a9-e50e24dcca9e (Handle: 19): Nordic UART RX, uzunluk: 2
2026-02-26 00:12:57 - spektroskopi - INFO - Raspberry Pi verisi: Ham=3223, Voltaj=3223.000V
2026-02-26 00:12:57 - spektroskopi - INFO - Raspberry Pi verisi işlendi: SENSOR_2 = 3223.000V
2026-02-26 00:12:57 - spektroskopi - INFO - Raspberry Pi'dan veri alındı: 6e400005-b5a3-f393-e0a9-e50e24dcca9e (Handle: 16): Unknown, uzunluk: 2
2026-02-26 00:12:57 - spektroskopi - INFO - Raspberry Pi verisi: Ham=1182, Voltaj=1182.000V
2026-02-26 00:12:57 - spektroskopi - INFO - Raspberry Pi verisi işlendi: SENSOR_EXTRA = 1182.000V
2026-02-26 00:12:57 - spektroskopi - INFO - Raspberry Pi'dan veri alındı: 6e400004-b5a3-f393-e0a9-e50e24dcca9e (Handle: 11): Unknown, uzunluk: 2
2026-02-26 00:12:57 - spektroskopi - INFO - Raspberry Pi verisi: Ham=106, Voltaj=106.000V
2026-02-26 00:12:57 - spektroskopi - INFO - Raspberry Pi verisi işlendi: SENSOR_7 = 106.000V
2026-02-26 00:12:57 - spektroskopi - WARNING - Zaman sıralama düzeltildi (averaged): 2026-02-26 00:12:57.877995
2026-02-26 00:12:57 - spektroskopi - WARNING - Zaman sıralama düzeltildi (averaged): 2026-02-26 00:12:57.878995
2026-02-26 00:12:57 - spektroskopi - WARNING - Zaman sıralama düzeltildi (averaged): 2026-02-26 00:12:57.879995
2026-02-26 00:12:57 - spektroskopi - WARNING - Zaman sıralama düzeltildi (averaged): 2026-02-26 00:12:57.880995
2026-02-26 00:12:57 - spektroskopi - WARNING - Zaman sıralama düzeltildi (averaged): 2026-02-26 00:12:57.881995
2026-02-26 00:12:57 - spektroskopi - WARNING - RealTimePanel: UV_360nm raw data uzunluk uyumsuzluğu (timestamps: 846, data: 212)
2026-02-26 00:12:57 - spektroskopi - WARNING - RealTimePanel: UV_360nm calibrated data uzunluk uyumsuzluğu (timestamps: 846, data: 212)
2026-02-26 00:12:57 - spektroskopi - WARNING - RealTimePanel: Blue_450nm raw data uzunluk uyumsuzluğu (timestamps: 846, data: 212)
2026-02-26 00:12:57 - spektroskopi - WARNING - RealTimePanel: Blue_450nm calibrated data uzunluk uyumsuzluğu (timestamps: 846, data: 212)
2026-02-26 00:12:57 - spektroskopi - WARNING - RealTimePanel: IR_850nm raw data uzunluk uyumsuzluğu (timestamps: 846, data: 212)
2026-02-26 00:12:57 - spektroskopi - WARNING - RealTimePanel: IR_850nm calibrated data uzunluk uyumsuzluğu (timestamps: 846, data: 212)
2026-02-26 00:12:57 - spektroskopi - WARNING - RealTimePanel: IR_940nm raw data uzunluk uyumsuzluğu (timestamps: 846, data: 210)
2026-02-26 00:12:57 - spektroskopi - WARNING - RealTimePanel: IR_940nm calibrated data uzunluk uyumsuzluğu (timestamps: 846, data: 210)
2026-02-26 00:12:58 - spektroskopi - INFO - Raspberry Pi'dan veri alındı: 6e400003-b5a3-f393-e0a9-e50e24dcca9e (Handle: 8): Nordic UART TX, uzunluk: 2
2026-02-26 00:12:58 - spektroskopi - INFO - Raspberry Pi verisi: Ham=268, Voltaj=268.000V
2026-02-26 00:12:58 - spektroskopi - INFO - Raspberry Pi verisi işlendi: SENSOR_5 = 268.000V
2026-02-26 00:12:58 - spektroskopi - INFO - Raspberry Pi'dan veri alındı: 6e400002-b5a3-f393-e0a9-e50e24dcca9e (Handle: 19): Nordic UART RX, uzunluk: 2
2026-02-26 00:12:58 - spektroskopi - INFO - Raspberry Pi verisi: Ham=1874, Voltaj=1874.000V
2026-02-26 00:12:58 - spektroskopi - INFO - Raspberry Pi verisi işlendi: SENSOR_2 = 1874.000V
2026-02-26 00:12:58 - spektroskopi - INFO - Raspberry Pi'dan veri alındı: 6e400005-b5a3-f393-e0a9-e50e24dcca9e (Handle: 16): Unknown, uzunluk: 2
2026-02-26 00:12:58 - spektroskopi - INFO - Raspberry Pi verisi: Ham=1152, Voltaj=1152.000V
2026-02-26 00:12:58 - spektroskopi - INFO - Raspberry Pi verisi işlendi: SENSOR_EXTRA = 1152.000V
2026-02-26 00:12:58 - spektroskopi - INFO - Raspberry Pi'dan veri alındı: 6e400004-b5a3-f393-e0a9-e50e24dcca9e (Handle: 11): Unknown, uzunluk: 2
2026-02-26 00:12:58 - spektroskopi - INFO - Raspberry Pi verisi: Ham=151, Voltaj=151.000V
2026-02-26 00:12:58 - spektroskopi - INFO - Raspberry Pi verisi işlendi: SENSOR_7 = 151.000V
2026-02-26 00:12:58 - spektroskopi - WARNING - Zaman sıralama düzeltildi (averaged): 2026-02-26 00:12:58.777704
2026-02-26 00:12:58 - spektroskopi - WARNING - Zaman sıralama düzeltildi (averaged): 2026-02-26 00:12:58.778704
2026-02-26 00:12:58 - spektroskopi - WARNING - Zaman sıralama düzeltildi (averaged): 2026-02-26 00:12:58.779704
2026-02-26 00:12:58 - spektroskopi - WARNING - Zaman sıralama düzeltildi (averaged): 2026-02-26 00:12:58.780704
2026-02-26 00:12:58 - spektroskopi - WARNING - RealTimePanel: UV_360nm raw data uzunluk uyumsuzluğu (timestamps: 854, data: 214)
2026-02-26 00:12:58 - spektroskopi - WARNING - RealTimePanel: UV_360nm calibrated data uzunluk uyumsuzluğu (timestamps: 854, data: 214)
2026-02-26 00:12:58 - spektroskopi - WARNING - RealTimePanel: Blue_450nm raw data uzunluk uyumsuzluğu (timestamps: 854, data: 214)
2026-02-26 00:12:58 - spektroskopi - WARNING - RealTimePanel: Blue_450nm calibrated data uzunluk uyumsuzluğu (timestamps: 854, data: 214)
2026-02-26 00:12:58 - spektroskopi - WARNING - RealTimePanel: IR_850nm raw data uzunluk uyumsuzluğu (timestamps: 854, data: 214)
2026-02-26 00:12:58 - spektroskopi - WARNING - RealTimePanel: IR_850nm calibrated data uzunluk uyumsuzluğu (timestamps: 854, data: 214)
2026-02-26 00:12:58 - spektroskopi - WARNING - RealTimePanel: IR_940nm raw data uzunluk uyumsuzluğu (timestamps: 854, data: 212)
2026-02-26 00:12:58 - spektroskopi - WARNING - RealTimePanel: IR_940nm calibrated data uzunluk uyumsuzluğu (timestamps: 854, data: 212)
2026-02-26 00:12:59 - spektroskopi - INFO - Raspberry Pi'dan veri alındı: 6e400003-b5a3-f393-e0a9-e50e24dcca9e (Handle: 8): Nordic UART TX, uzunluk: 2
2026-02-26 00:12:59 - spektroskopi - INFO - Raspberry Pi verisi: Ham=188, Voltaj=188.000V
2026-02-26 00:12:59 - spektroskopi - INFO - Raspberry Pi verisi işlendi: SENSOR_5 = 188.000V
2026-02-26 00:12:59 - spektroskopi - INFO - Raspberry Pi'dan veri alındı: 6e400002-b5a3-f393-e0a9-e50e24dcca9e (Handle: 19): Nordic UART RX, uzunluk: 2
2026-02-26 00:12:59 - spektroskopi - INFO - Raspberry Pi verisi: Ham=1523, Voltaj=1523.000V
2026-02-26 00:12:59 - spektroskopi - INFO - Raspberry Pi verisi işlendi: SENSOR_2 = 1523.000V
2026-02-26 00:12:59 - spektroskopi - INFO - Raspberry Pi'dan veri alındı: 6e400005-b5a3-f393-e0a9-e50e24dcca9e (Handle: 16): Unknown, uzunluk: 2
2026-02-26 00:12:59 - spektroskopi - INFO - Raspberry Pi verisi: Ham=1421, Voltaj=1421.000V
2026-02-26 00:12:59 - spektroskopi - INFO - Raspberry Pi verisi işlendi: SENSOR_EXTRA = 1421.000V
2026-02-26 00:12:59 - spektroskopi - INFO - Raspberry Pi'dan veri alındı: 6e400004-b5a3-f393-e0a9-e50e24dcca9e (Handle: 11): Unknown, uzunluk: 2
2026-02-26 00:12:59 - spektroskopi - INFO - Raspberry Pi verisi: Ham=189, Voltaj=189.000V
2026-02-26 00:12:59 - spektroskopi - INFO - Raspberry Pi verisi işlendi: SENSOR_7 = 189.000V
2026-02-26 00:12:59 - spektroskopi - INFO - Raspberry Pi'dan veri alındı: 6e400003-b5a3-f393-e0a9-e50e24dcca9e (Handle: 8): Nordic UART TX, uzunluk: 2
2026-02-26 00:12:59 - spektroskopi - INFO - Raspberry Pi verisi: Ham=204, Voltaj=204.000V
2026-02-26 00:12:59 - spektroskopi - INFO - Raspberry Pi verisi işlendi: SENSOR_5 = 204.000V
2026-02-26 00:12:59 - spektroskopi - WARNING - Zaman sıralama düzeltildi (averaged): 2026-02-26 00:12:59.918143
2026-02-26 00:12:59 - spektroskopi - WARNING - Zaman sıralama düzeltildi (averaged): 2026-02-26 00:12:59.919143
2026-02-26 00:12:59 - spektroskopi - WARNING - Zaman sıralama düzeltildi (averaged): 2026-02-26 00:12:59.920143
2026-02-26 00:12:59 - spektroskopi - WARNING - Zaman sıralama düzeltildi (averaged): 2026-02-26 00:12:59.921143
2026-02-26 00:12:59 - spektroskopi - WARNING - Zaman sıralama düzeltildi (averaged): 2026-02-26 00:12:59.922143
2026-02-26 00:12:59 - spektroskopi - WARNING - RealTimePanel: UV_360nm raw data uzunluk uyumsuzluğu (timestamps: 864, data: 216)
2026-02-26 00:12:59 - spektroskopi - WARNING - RealTimePanel: UV_360nm calibrated data uzunluk uyumsuzluğu (timestamps: 864, data: 216)
2026-02-26 00:12:59 - spektroskopi - WARNING - RealTimePanel: Blue_450nm raw data uzunluk uyumsuzluğu (timestamps: 864, data: 216)
2026-02-26 00:12:59 - spektroskopi - WARNING - RealTimePanel: Blue_450nm calibrated data uzunluk uyumsuzluğu (timestamps: 864, data: 216)
2026-02-26 00:12:59 - spektroskopi - WARNING - RealTimePanel: IR_850nm raw data uzunluk uyumsuzluğu (timestamps: 864, data: 216)
2026-02-26 00:12:59 - spektroskopi - WARNING - RealTimePanel: IR_850nm calibrated data uzunluk uyumsuzluğu (timestamps: 864, data: 216)
2026-02-26 00:12:59 - spektroskopi - WARNING - RealTimePanel: IR_940nm raw data uzunluk uyumsuzluğu (timestamps: 864, data: 216)
2026-02-26 00:12:59 - spektroskopi - WARNING - RealTimePanel: IR_940nm calibrated data uzunluk uyumsuzluğu (timestamps: 864, data: 216)
2026-02-26 00:13:00 - spektroskopi - INFO - Raspberry Pi'dan veri alındı: 6e400002-b5a3-f393-e0a9-e50e24dcca9e (Handle: 19): Nordic UART RX, uzunluk: 2
2026-02-26 00:13:00 - spektroskopi - INFO - Raspberry Pi verisi: Ham=3223, Voltaj=3223.000V
2026-02-26 00:13:00 - spektroskopi - INFO - Raspberry Pi verisi işlendi: SENSOR_2 = 3223.000V
2026-02-26 00:13:00 - spektroskopi - INFO - Raspberry Pi'dan veri alındı: 6e400005-b5a3-f393-e0a9-e50e24dcca9e (Handle: 16): Unknown, uzunluk: 2
2026-02-26 00:13:00 - spektroskopi - INFO - Raspberry Pi verisi: Ham=3225, Voltaj=3225.000V
2026-02-26 00:13:00 - spektroskopi - INFO - Raspberry Pi verisi işlendi: SENSOR_EXTRA = 3225.000V
2026-02-26 00:13:00 - spektroskopi - INFO - Raspberry Pi'dan veri alındı: 6e400004-b5a3-f393-e0a9-e50e24dcca9e (Handle: 11): Unknown, uzunluk: 2
2026-02-26 00:13:00 - spektroskopi - INFO - Raspberry Pi verisi: Ham=213, Voltaj=213.000V
2026-02-26 00:13:00 - spektroskopi - INFO - Raspberry Pi verisi işlendi: SENSOR_7 = 213.000V
2026-02-26 00:13:00 - spektroskopi - INFO - Raspberry Pi'dan veri alındı: 6e400003-b5a3-f393-e0a9-e50e24dcca9e (Handle: 8): Nordic UART TX, uzunluk: 2
2026-02-26 00:13:00 - spektroskopi - INFO - Raspberry Pi verisi: Ham=377, Voltaj=377.000V
2026-02-26 00:13:00 - spektroskopi - INFO - Raspberry Pi verisi işlendi: SENSOR_5 = 377.000V
2026-02-26 00:13:00 - spektroskopi - INFO - Raspberry Pi'dan veri alındı: 6e400002-b5a3-f393-e0a9-e50e24dcca9e (Handle: 19): Nordic UART RX, uzunluk: 2
2026-02-26 00:13:00 - spektroskopi - INFO - Raspberry Pi verisi: Ham=3224, Voltaj=3224.000V
2026-02-26 00:13:00 - spektroskopi - INFO - Raspberry Pi verisi işlendi: SENSOR_2 = 3224.000V
2026-02-26 00:13:00 - spektroskopi - WARNING - Zaman sıralama düzeltildi (averaged): 2026-02-26 00:13:00.908144
2026-02-26 00:13:00 - spektroskopi - WARNING - Zaman sıralama düzeltildi (averaged): 2026-02-26 00:13:00.909144
2026-02-26 00:13:00 - spektroskopi - WARNING - Zaman sıralama düzeltildi (averaged): 2026-02-26 00:13:00.910144
2026-02-26 00:13:00 - spektroskopi - WARNING - Zaman sıralama düzeltildi (averaged): 2026-02-26 00:13:00.911144
2026-02-26 00:13:00 - spektroskopi - WARNING - Zaman sıralama düzeltildi (averaged): 2026-02-26 00:13:00.912144
2026-02-26 00:13:00 - spektroskopi - WARNING - RealTimePanel: UV_360nm raw data uzunluk uyumsuzluğu (timestamps: 874, data: 220)
2026-02-26 00:13:00 - spektroskopi - WARNING - RealTimePanel: UV_360nm calibrated data uzunluk uyumsuzluğu (timestamps: 874, data: 220)
2026-02-26 00:13:00 - spektroskopi - WARNING - RealTimePanel: Blue_450nm raw data uzunluk uyumsuzluğu (timestamps: 874, data: 218)
2026-02-26 00:13:00 - spektroskopi - WARNING - RealTimePanel: Blue_450nm calibrated data uzunluk uyumsuzluğu (timestamps: 874, data: 218)
2026-02-26 00:13:00 - spektroskopi - WARNING - RealTimePanel: IR_850nm raw data uzunluk uyumsuzluğu (timestamps: 874, data: 218)
2026-02-26 00:13:00 - spektroskopi - WARNING - RealTimePanel: IR_850nm calibrated data uzunluk uyumsuzluğu (timestamps: 874, data: 218)
2026-02-26 00:13:00 - spektroskopi - WARNING - RealTimePanel: IR_940nm raw data uzunluk uyumsuzluğu (timestamps: 874, data: 218)
2026-02-26 00:13:00 - spektroskopi - WARNING - RealTimePanel: IR_940nm calibrated data uzunluk uyumsuzluğu (timestamps: 874, data: 218)
2026-02-26 00:13:01 - spektroskopi - INFO - Raspberry Pi'dan veri alındı: 6e400005-b5a3-f393-e0a9-e50e24dcca9e (Handle: 16): Unknown, uzunluk: 2
2026-02-26 00:13:01 - spektroskopi - INFO - Raspberry Pi verisi: Ham=3225, Voltaj=3225.000V
2026-02-26 00:13:01 - spektroskopi - INFO - Raspberry Pi verisi işlendi: SENSOR_EXTRA = 3225.000V
2026-02-26 00:13:01 - spektroskopi - INFO - Raspberry Pi'dan veri alındı: 6e400004-b5a3-f393-e0a9-e50e24dcca9e (Handle: 11): Unknown, uzunluk: 2
2026-02-26 00:13:01 - spektroskopi - INFO - Raspberry Pi verisi: Ham=303, Voltaj=303.000V
2026-02-26 00:13:01 - spektroskopi - INFO - Raspberry Pi verisi işlendi: SENSOR_7 = 303.000V
2026-02-26 00:13:01 - spektroskopi - INFO - Raspberry Pi'dan veri alındı: 6e400003-b5a3-f393-e0a9-e50e24dcca9e (Handle: 8): Nordic UART TX, uzunluk: 2
2026-02-26 00:13:01 - spektroskopi - INFO - Raspberry Pi verisi: Ham=79, Voltaj=79.000V
2026-02-26 00:13:01 - spektroskopi - INFO - Raspberry Pi verisi işlendi: SENSOR_5 = 79.000V
2026-02-26 00:13:01 - spektroskopi - INFO - Raspberry Pi'dan veri alındı: 6e400002-b5a3-f393-e0a9-e50e24dcca9e (Handle: 19): Nordic UART RX, uzunluk: 2
2026-02-26 00:13:01 - spektroskopi - INFO - Raspberry Pi verisi: Ham=2541, Voltaj=2541.000V
2026-02-26 00:13:01 - spektroskopi - INFO - Raspberry Pi verisi işlendi: SENSOR_2 = 2541.000V
2026-02-26 00:13:02 - spektroskopi - WARNING - Zaman sıralama düzeltildi (averaged): 2026-02-26 00:13:01.778239
2026-02-26 00:13:02 - spektroskopi - WARNING - Zaman sıralama düzeltildi (averaged): 2026-02-26 00:13:01.779239
2026-02-26 00:13:02 - spektroskopi - WARNING - Zaman sıralama düzeltildi (averaged): 2026-02-26 00:13:01.780239
2026-02-26 00:13:02 - spektroskopi - WARNING - Zaman sıralama düzeltildi (averaged): 2026-02-26 00:13:01.781239
2026-02-26 00:13:02 - spektroskopi - WARNING - RealTimePanel: UV_360nm raw data uzunluk uyumsuzluğu (timestamps: 882, data: 222)
2026-02-26 00:13:02 - spektroskopi - WARNING - RealTimePanel: UV_360nm calibrated data uzunluk uyumsuzluğu (timestamps: 882, data: 222)
2026-02-26 00:13:02 - spektroskopi - WARNING - RealTimePanel: Blue_450nm raw data uzunluk uyumsuzluğu (timestamps: 882, data: 220)
2026-02-26 00:13:02 - spektroskopi - WARNING - RealTimePanel: Blue_450nm calibrated data uzunluk uyumsuzluğu (timestamps: 882, data: 220)
2026-02-26 00:13:02 - spektroskopi - WARNING - RealTimePanel: IR_850nm raw data uzunluk uyumsuzluğu (timestamps: 882, data: 220)
2026-02-26 00:13:02 - spektroskopi - WARNING - RealTimePanel: IR_850nm calibrated data uzunluk uyumsuzluğu (timestamps: 882, data: 220)
2026-02-26 00:13:02 - spektroskopi - WARNING - RealTimePanel: IR_940nm raw data uzunluk uyumsuzluğu (timestamps: 882, data: 220)
2026-02-26 00:13:02 - spektroskopi - WARNING - RealTimePanel: IR_940nm calibrated data uzunluk uyumsuzluğu (timestamps: 882, data: 220)
2026-02-26 00:13:02 - spektroskopi - INFO - Raspberry Pi'dan veri alındı: 6e400005-b5a3-f393-e0a9-e50e24dcca9e (Handle: 16): Unknown, uzunluk: 2
2026-02-26 00:13:02 - spektroskopi - INFO - Raspberry Pi verisi: Ham=1333, Voltaj=1333.000V
2026-02-26 00:13:02 - spektroskopi - INFO - Raspberry Pi verisi işlendi: SENSOR_EXTRA = 1333.000V
2026-02-26 00:13:02 - spektroskopi - INFO - Raspberry Pi'dan veri alındı: 6e400004-b5a3-f393-e0a9-e50e24dcca9e (Handle: 11): Unknown, uzunluk: 2
2026-02-26 00:13:02 - spektroskopi - INFO - Raspberry Pi verisi: Ham=355, Voltaj=355.000V
2026-02-26 00:13:02 - spektroskopi - INFO - Raspberry Pi verisi işlendi: SENSOR_7 = 355.000V
2026-02-26 00:13:02 - spektroskopi - INFO - Raspberry Pi'dan veri alındı: 6e400003-b5a3-f393-e0a9-e50e24dcca9e (Handle: 8): Nordic UART TX, uzunluk: 2
2026-02-26 00:13:02 - spektroskopi - INFO - Raspberry Pi verisi: Ham=474, Voltaj=474.000V
2026-02-26 00:13:02 - spektroskopi - INFO - Raspberry Pi verisi işlendi: SENSOR_5 = 474.000V
2026-02-26 00:13:02 - spektroskopi - INFO - Raspberry Pi'dan veri alındı: 6e400002-b5a3-f393-e0a9-e50e24dcca9e (Handle: 19): Nordic UART RX, uzunluk: 2
2026-02-26 00:13:02 - spektroskopi - INFO - Raspberry Pi verisi: Ham=3225, Voltaj=3225.000V
2026-02-26 00:13:02 - spektroskopi - INFO - Raspberry Pi verisi işlendi: SENSOR_2 = 3225.000V
2026-02-26 00:13:02 - spektroskopi - INFO - Raspberry Pi'dan veri alındı: 6e400005-b5a3-f393-e0a9-e50e24dcca9e (Handle: 16): Unknown, uzunluk: 2
2026-02-26 00:13:02 - spektroskopi - INFO - Raspberry Pi verisi: Ham=1573, Voltaj=1573.000V
2026-02-26 00:13:02 - spektroskopi - INFO - Raspberry Pi verisi işlendi: SENSOR_EXTRA = 1573.000V
2026-02-26 00:13:03 - spektroskopi - WARNING - Zaman sıralama düzeltildi (averaged): 2026-02-26 00:13:02.918160
2026-02-26 00:13:03 - spektroskopi - WARNING - Zaman sıralama düzeltildi (averaged): 2026-02-26 00:13:02.919160
2026-02-26 00:13:03 - spektroskopi - WARNING - Zaman sıralama düzeltildi (averaged): 2026-02-26 00:13:02.920160
2026-02-26 00:13:03 - spektroskopi - WARNING - Zaman sıralama düzeltildi (averaged): 2026-02-26 00:13:02.921160
2026-02-26 00:13:03 - spektroskopi - WARNING - Zaman sıralama düzeltildi (averaged): 2026-02-26 00:13:02.922160
2026-02-26 00:13:03 - spektroskopi - WARNING - RealTimePanel: UV_360nm raw data uzunluk uyumsuzluğu (timestamps: 892, data: 224)
2026-02-26 00:13:03 - spektroskopi - WARNING - RealTimePanel: UV_360nm calibrated data uzunluk uyumsuzluğu (timestamps: 892, data: 224)
2026-02-26 00:13:03 - spektroskopi - WARNING - RealTimePanel: Blue_450nm raw data uzunluk uyumsuzluğu (timestamps: 892, data: 224)
2026-02-26 00:13:03 - spektroskopi - WARNING - RealTimePanel: Blue_450nm calibrated data uzunluk uyumsuzluğu (timestamps: 892, data: 224)
2026-02-26 00:13:03 - spektroskopi - WARNING - RealTimePanel: IR_850nm raw data uzunluk uyumsuzluğu (timestamps: 892, data: 222)
2026-02-26 00:13:03 - spektroskopi - WARNING - RealTimePanel: IR_850nm calibrated data uzunluk uyumsuzluğu (timestamps: 892, data: 222)
2026-02-26 00:13:03 - spektroskopi - WARNING - RealTimePanel: IR_940nm raw data uzunluk uyumsuzluğu (timestamps: 892, data: 222)
2026-02-26 00:13:03 - spektroskopi - WARNING - RealTimePanel: IR_940nm calibrated data uzunluk uyumsuzluğu (timestamps: 892, data: 222)
2026-02-26 00:13:03 - spektroskopi - INFO - Raspberry Pi'dan veri alındı: 6e400004-b5a3-f393-e0a9-e50e24dcca9e (Handle: 11): Unknown, uzunluk: 2
2026-02-26 00:13:03 - spektroskopi - INFO - Raspberry Pi verisi: Ham=354, Voltaj=354.000V
2026-02-26 00:13:03 - spektroskopi - INFO - Raspberry Pi verisi işlendi: SENSOR_7 = 354.000V
2026-02-26 00:13:03 - spektroskopi - INFO - Raspberry Pi'dan veri alındı: 6e400003-b5a3-f393-e0a9-e50e24dcca9e (Handle: 8): Nordic UART TX, uzunluk: 2
2026-02-26 00:13:03 - spektroskopi - INFO - Raspberry Pi verisi: Ham=554, Voltaj=554.000V
2026-02-26 00:13:03 - spektroskopi - INFO - Raspberry Pi verisi işlendi: SENSOR_5 = 554.000V
2026-02-26 00:13:03 - spektroskopi - INFO - Raspberry Pi'dan veri alındı: 6e400002-b5a3-f393-e0a9-e50e24dcca9e (Handle: 19): Nordic UART RX, uzunluk: 2
2026-02-26 00:13:03 - spektroskopi - INFO - Raspberry Pi verisi: Ham=3224, Voltaj=3224.000V
2026-02-26 00:13:03 - spektroskopi - INFO - Raspberry Pi verisi işlendi: SENSOR_2 = 3224.000V
2026-02-26 00:13:03 - spektroskopi - INFO - Raspberry Pi'dan veri alındı: 6e400005-b5a3-f393-e0a9-e50e24dcca9e (Handle: 16): Unknown, uzunluk: 2
2026-02-26 00:13:03 - spektroskopi - INFO - Raspberry Pi verisi: Ham=1898, Voltaj=1898.000V
2026-02-26 00:13:03 - spektroskopi - INFO - Raspberry Pi verisi işlendi: SENSOR_EXTRA = 1898.000V
2026-02-26 00:13:04 - spektroskopi - WARNING - Zaman sıralama düzeltildi (averaged): 2026-02-26 00:13:03.788009
2026-02-26 00:13:04 - spektroskopi - WARNING - Zaman sıralama düzeltildi (averaged): 2026-02-26 00:13:03.789009
2026-02-26 00:13:04 - spektroskopi - WARNING - Zaman sıralama düzeltildi (averaged): 2026-02-26 00:13:03.790009
2026-02-26 00:13:04 - spektroskopi - WARNING - Zaman sıralama düzeltildi (averaged): 2026-02-26 00:13:03.791009
2026-02-26 00:13:04 - spektroskopi - WARNING - RealTimePanel: UV_360nm raw data uzunluk uyumsuzluğu (timestamps: 900, data: 226)
2026-02-26 00:13:04 - spektroskopi - WARNING - RealTimePanel: UV_360nm calibrated data uzunluk uyumsuzluğu (timestamps: 900, data: 226)
2026-02-26 00:13:04 - spektroskopi - WARNING - RealTimePanel: Blue_450nm raw data uzunluk uyumsuzluğu (timestamps: 900, data: 226)
2026-02-26 00:13:04 - spektroskopi - WARNING - RealTimePanel: Blue_450nm calibrated data uzunluk uyumsuzluğu (timestamps: 900, data: 226)
2026-02-26 00:13:04 - spektroskopi - WARNING - RealTimePanel: IR_850nm raw data uzunluk uyumsuzluğu (timestamps: 900, data: 224)
2026-02-26 00:13:04 - spektroskopi - WARNING - RealTimePanel: IR_850nm calibrated data uzunluk uyumsuzluğu (timestamps: 900, data: 224)
2026-02-26 00:13:04 - spektroskopi - WARNING - RealTimePanel: IR_940nm raw data uzunluk uyumsuzluğu (timestamps: 900, data: 224)
2026-02-26 00:13:04 - spektroskopi - WARNING - RealTimePanel: IR_940nm calibrated data uzunluk uyumsuzluğu (timestamps: 900, data: 224)
2026-02-26 00:13:04 - spektroskopi - INFO - Raspberry Pi'dan veri alındı: 6e400004-b5a3-f393-e0a9-e50e24dcca9e (Handle: 11): Unknown, uzunluk: 2
2026-02-26 00:13:04 - spektroskopi - INFO - Raspberry Pi verisi: Ham=368, Voltaj=368.000V
2026-02-26 00:13:04 - spektroskopi - INFO - Raspberry Pi verisi işlendi: SENSOR_7 = 368.000V
2026-02-26 00:13:04 - spektroskopi - INFO - Raspberry Pi'dan veri alındı: 6e400003-b5a3-f393-e0a9-e50e24dcca9e (Handle: 8): Nordic UART TX, uzunluk: 2
2026-02-26 00:13:04 - spektroskopi - INFO - Raspberry Pi verisi: Ham=550, Voltaj=550.000V
2026-02-26 00:13:04 - spektroskopi - INFO - Raspberry Pi verisi işlendi: SENSOR_5 = 550.000V
2026-02-26 00:13:04 - spektroskopi - INFO - Raspberry Pi'dan veri alındı: 6e400002-b5a3-f393-e0a9-e50e24dcca9e (Handle: 19): Nordic UART RX, uzunluk: 2
2026-02-26 00:13:04 - spektroskopi - INFO - Raspberry Pi verisi: Ham=1328, Voltaj=1328.000V
2026-02-26 00:13:04 - spektroskopi - INFO - Raspberry Pi verisi işlendi: SENSOR_2 = 1328.000V
2026-02-26 00:13:04 - spektroskopi - INFO - Raspberry Pi'dan veri alındı: 6e400005-b5a3-f393-e0a9-e50e24dcca9e (Handle: 16): Unknown, uzunluk: 2
2026-02-26 00:13:04 - spektroskopi - INFO - Raspberry Pi verisi: Ham=1637, Voltaj=1637.000V
2026-02-26 00:13:04 - spektroskopi - INFO - Raspberry Pi verisi işlendi: SENSOR_EXTRA = 1637.000V
2026-02-26 00:13:04 - spektroskopi - INFO - Raspberry Pi'dan veri alındı: 6e400004-b5a3-f393-e0a9-e50e24dcca9e (Handle: 11): Unknown, uzunluk: 2
2026-02-26 00:13:04 - spektroskopi - INFO - Raspberry Pi verisi: Ham=342, Voltaj=342.000V
2026-02-26 00:13:04 - spektroskopi - INFO - Raspberry Pi verisi işlendi: SENSOR_7 = 342.000V
2026-02-26 00:13:05 - spektroskopi - WARNING - Zaman sıralama düzeltildi (averaged): 2026-02-26 00:13:04.927970
2026-02-26 00:13:05 - spektroskopi - WARNING - Zaman sıralama düzeltildi (averaged): 2026-02-26 00:13:04.928970
2026-02-26 00:13:05 - spektroskopi - WARNING - Zaman sıralama düzeltildi (averaged): 2026-02-26 00:13:04.929970
2026-02-26 00:13:05 - spektroskopi - WARNING - Zaman sıralama düzeltildi (averaged): 2026-02-26 00:13:04.930970
2026-02-26 00:13:05 - spektroskopi - WARNING - Zaman sıralama düzeltildi (averaged): 2026-02-26 00:13:04.931970
2026-02-26 00:13:05 - spektroskopi - WARNING - RealTimePanel: UV_360nm raw data uzunluk uyumsuzluğu (timestamps: 910, data: 228)
2026-02-26 00:13:05 - spektroskopi - WARNING - RealTimePanel: UV_360nm calibrated data uzunluk uyumsuzluğu (timestamps: 910, data: 228)
2026-02-26 00:13:05 - spektroskopi - WARNING - RealTimePanel: Blue_450nm raw data uzunluk uyumsuzluğu (timestamps: 910, data: 228)
2026-02-26 00:13:05 - spektroskopi - WARNING - RealTimePanel: Blue_450nm calibrated data uzunluk uyumsuzluğu (timestamps: 910, data: 228)
2026-02-26 00:13:05 - spektroskopi - WARNING - RealTimePanel: IR_850nm raw data uzunluk uyumsuzluğu (timestamps: 910, data: 228)
2026-02-26 00:13:05 - spektroskopi - WARNING - RealTimePanel: IR_850nm calibrated data uzunluk uyumsuzluğu (timestamps: 910, data: 228)
2026-02-26 00:13:05 - spektroskopi - WARNING - RealTimePanel: IR_940nm raw data uzunluk uyumsuzluğu (timestamps: 910, data: 226)
2026-02-26 00:13:05 - spektroskopi - WARNING - RealTimePanel: IR_940nm calibrated data uzunluk uyumsuzluğu (timestamps: 910, data: 226)
2026-02-26 00:13:05 - spektroskopi - INFO - Raspberry Pi'dan veri alındı: 6e400003-b5a3-f393-e0a9-e50e24dcca9e (Handle: 8): Nordic UART TX, uzunluk: 2
2026-02-26 00:13:05 - spektroskopi - INFO - Raspberry Pi verisi: Ham=373, Voltaj=373.000V
2026-02-26 00:13:05 - spektroskopi - INFO - Raspberry Pi verisi işlendi: SENSOR_5 = 373.000V
2026-02-26 00:13:05 - spektroskopi - INFO - Raspberry Pi'dan veri alındı: 6e400002-b5a3-f393-e0a9-e50e24dcca9e (Handle: 19): Nordic UART RX, uzunluk: 2
2026-02-26 00:13:05 - spektroskopi - INFO - Raspberry Pi verisi: Ham=1481, Voltaj=1481.000V
2026-02-26 00:13:05 - spektroskopi - INFO - Raspberry Pi verisi işlendi: SENSOR_2 = 1481.000V
2026-02-26 00:13:05 - spektroskopi - INFO - Raspberry Pi'dan veri alındı: 6e400005-b5a3-f393-e0a9-e50e24dcca9e (Handle: 16): Unknown, uzunluk: 2
2026-02-26 00:13:05 - spektroskopi - INFO - Raspberry Pi verisi: Ham=1709, Voltaj=1709.000V
2026-02-26 00:13:05 - spektroskopi - INFO - Raspberry Pi verisi işlendi: SENSOR_EXTRA = 1709.000V
2026-02-26 00:13:05 - spektroskopi - INFO - Raspberry Pi'dan veri alındı: 6e400004-b5a3-f393-e0a9-e50e24dcca9e (Handle: 11): Unknown, uzunluk: 2
2026-02-26 00:13:05 - spektroskopi - INFO - Raspberry Pi verisi: Ham=271, Voltaj=271.000V
2026-02-26 00:13:05 - spektroskopi - INFO - Raspberry Pi verisi işlendi: SENSOR_7 = 271.000V
2026-02-26 00:13:06 - spektroskopi - WARNING - Zaman sıralama düzeltildi (averaged): 2026-02-26 00:13:05.798031
2026-02-26 00:13:06 - spektroskopi - WARNING - Zaman sıralama düzeltildi (averaged): 2026-02-26 00:13:05.799031
2026-02-26 00:13:06 - spektroskopi - WARNING - Zaman sıralama düzeltildi (averaged): 2026-02-26 00:13:05.800031
2026-02-26 00:13:06 - spektroskopi - WARNING - Zaman sıralama düzeltildi (averaged): 2026-02-26 00:13:05.801031
2026-02-26 00:13:06 - spektroskopi - WARNING - RealTimePanel: UV_360nm raw data uzunluk uyumsuzluğu (timestamps: 918, data: 230)
2026-02-26 00:13:06 - spektroskopi - WARNING - RealTimePanel: UV_360nm calibrated data uzunluk uyumsuzluğu (timestamps: 918, data: 230)
2026-02-26 00:13:06 - spektroskopi - WARNING - RealTimePanel: Blue_450nm raw data uzunluk uyumsuzluğu (timestamps: 918, data: 230)
2026-02-26 00:13:06 - spektroskopi - WARNING - RealTimePanel: Blue_450nm calibrated data uzunluk uyumsuzluğu (timestamps: 918, data: 230)
2026-02-26 00:13:06 - spektroskopi - WARNING - RealTimePanel: IR_850nm raw data uzunluk uyumsuzluğu (timestamps: 918, data: 230)
2026-02-26 00:13:06 - spektroskopi - WARNING - RealTimePanel: IR_850nm calibrated data uzunluk uyumsuzluğu (timestamps: 918, data: 230)
2026-02-26 00:13:06 - spektroskopi - WARNING - RealTimePanel: IR_940nm raw data uzunluk uyumsuzluğu (timestamps: 918, data: 228)
2026-02-26 00:13:06 - spektroskopi - WARNING - RealTimePanel: IR_940nm calibrated data uzunluk uyumsuzluğu (timestamps: 918, data: 228)
2026-02-26 00:13:06 - spektroskopi - INFO - Raspberry Pi'dan veri alındı: 6e400003-b5a3-f393-e0a9-e50e24dcca9e (Handle: 8): Nordic UART TX, uzunluk: 2
2026-02-26 00:13:06 - spektroskopi - INFO - Raspberry Pi verisi: Ham=259, Voltaj=259.000V
2026-02-26 00:13:06 - spektroskopi - INFO - Raspberry Pi verisi işlendi: SENSOR_5 = 259.000V
2026-02-26 00:13:06 - spektroskopi - INFO - Raspberry Pi'dan veri alındı: 6e400002-b5a3-f393-e0a9-e50e24dcca9e (Handle: 19): Nordic UART RX, uzunluk: 2
2026-02-26 00:13:06 - spektroskopi - INFO - Raspberry Pi verisi: Ham=1415, Voltaj=1415.000V
2026-02-26 00:13:06 - spektroskopi - INFO - Raspberry Pi verisi işlendi: SENSOR_2 = 1415.000V
2026-02-26 00:13:06 - spektroskopi - INFO - Raspberry Pi'dan veri alındı: 6e400005-b5a3-f393-e0a9-e50e24dcca9e (Handle: 16): Unknown, uzunluk: 2
2026-02-26 00:13:06 - spektroskopi - INFO - Raspberry Pi verisi: Ham=1719, Voltaj=1719.000V
2026-02-26 00:13:06 - spektroskopi - INFO - Raspberry Pi verisi işlendi: SENSOR_EXTRA = 1719.000V
2026-02-26 00:13:06 - spektroskopi - INFO - Raspberry Pi'dan veri alındı: 6e400004-b5a3-f393-e0a9-e50e24dcca9e (Handle: 11): Unknown, uzunluk: 2
2026-02-26 00:13:06 - spektroskopi - INFO - Raspberry Pi verisi: Ham=331, Voltaj=331.000V
2026-02-26 00:13:06 - spektroskopi - INFO - Raspberry Pi verisi işlendi: SENSOR_7 = 331.000V
2026-02-26 00:13:06 - spektroskopi - INFO - Raspberry Pi'dan veri alındı: 6e400003-b5a3-f393-e0a9-e50e24dcca9e (Handle: 8): Nordic UART TX, uzunluk: 2
2026-02-26 00:13:06 - spektroskopi - INFO - Raspberry Pi verisi: Ham=362, Voltaj=362.000V
2026-02-26 00:13:06 - spektroskopi - INFO - Raspberry Pi verisi işlendi: SENSOR_5 = 362.000V
2026-02-26 00:13:07 - spektroskopi - WARNING - Zaman sıralama düzeltildi (averaged): 2026-02-26 00:13:06.938174
2026-02-26 00:13:07 - spektroskopi - WARNING - Zaman sıralama düzeltildi (averaged): 2026-02-26 00:13:06.939174
2026-02-26 00:13:07 - spektroskopi - WARNING - Zaman sıralama düzeltildi (averaged): 2026-02-26 00:13:06.940174
2026-02-26 00:13:07 - spektroskopi - WARNING - Zaman sıralama düzeltildi (averaged): 2026-02-26 00:13:06.941174
2026-02-26 00:13:07 - spektroskopi - WARNING - Zaman sıralama düzeltildi (averaged): 2026-02-26 00:13:06.942174
2026-02-26 00:13:07 - spektroskopi - WARNING - RealTimePanel: UV_360nm raw data uzunluk uyumsuzluğu (timestamps: 928, data: 232)
2026-02-26 00:13:07 - spektroskopi - WARNING - RealTimePanel: UV_360nm calibrated data uzunluk uyumsuzluğu (timestamps: 928, data: 232)
2026-02-26 00:13:07 - spektroskopi - WARNING - RealTimePanel: Blue_450nm raw data uzunluk uyumsuzluğu (timestamps: 928, data: 232)
2026-02-26 00:13:07 - spektroskopi - WARNING - RealTimePanel: Blue_450nm calibrated data uzunluk uyumsuzluğu (timestamps: 928, data: 232)
2026-02-26 00:13:07 - spektroskopi - WARNING - RealTimePanel: IR_850nm raw data uzunluk uyumsuzluğu (timestamps: 928, data: 232)
2026-02-26 00:13:07 - spektroskopi - WARNING - RealTimePanel: IR_850nm calibrated data uzunluk uyumsuzluğu (timestamps: 928, data: 232)
2026-02-26 00:13:07 - spektroskopi - WARNING - RealTimePanel: IR_940nm raw data uzunluk uyumsuzluğu (timestamps: 928, data: 232)
2026-02-26 00:13:07 - spektroskopi - WARNING - RealTimePanel: IR_940nm calibrated data uzunluk uyumsuzluğu (timestamps: 928, data: 232)
2026-02-26 00:13:07 - spektroskopi - INFO - Raspberry Pi'dan veri alındı: 6e400002-b5a3-f393-e0a9-e50e24dcca9e (Handle: 19): Nordic UART RX, uzunluk: 2
2026-02-26 00:13:07 - spektroskopi - INFO - Raspberry Pi verisi: Ham=1400, Voltaj=1400.000V
2026-02-26 00:13:07 - spektroskopi - INFO - Raspberry Pi verisi işlendi: SENSOR_2 = 1400.000V
2026-02-26 00:13:07 - spektroskopi - INFO - Raspberry Pi'dan veri alındı: 6e400005-b5a3-f393-e0a9-e50e24dcca9e (Handle: 16): Unknown, uzunluk: 2
2026-02-26 00:13:07 - spektroskopi - INFO - Raspberry Pi verisi: Ham=2561, Voltaj=2561.000V
2026-02-26 00:13:07 - spektroskopi - INFO - Raspberry Pi verisi işlendi: SENSOR_EXTRA = 2561.000V
2026-02-26 00:13:07 - spektroskopi - INFO - Raspberry Pi'dan veri alındı: 6e400004-b5a3-f393-e0a9-e50e24dcca9e (Handle: 11): Unknown, uzunluk: 2
2026-02-26 00:13:07 - spektroskopi - INFO - Raspberry Pi verisi: Ham=357, Voltaj=357.000V
2026-02-26 00:13:07 - spektroskopi - INFO - Raspberry Pi verisi işlendi: SENSOR_7 = 357.000V
2026-02-26 00:13:07 - spektroskopi - INFO - Raspberry Pi'dan veri alındı: 6e400003-b5a3-f393-e0a9-e50e24dcca9e (Handle: 8): Nordic UART TX, uzunluk: 2
2026-02-26 00:13:07 - spektroskopi - INFO - Raspberry Pi verisi: Ham=481, Voltaj=481.000V
2026-02-26 00:13:07 - spektroskopi - INFO - Raspberry Pi verisi işlendi: SENSOR_5 = 481.000V
2026-02-26 00:13:07 - spektroskopi - INFO - Raspberry Pi'dan veri alındı: 6e400002-b5a3-f393-e0a9-e50e24dcca9e (Handle: 19): Nordic UART RX, uzunluk: 2
2026-02-26 00:13:07 - spektroskopi - INFO - Raspberry Pi verisi: Ham=1383, Voltaj=1383.000V
2026-02-26 00:13:07 - spektroskopi - INFO - Raspberry Pi verisi işlendi: SENSOR_2 = 1383.000V
2026-02-26 00:13:08 - spektroskopi - WARNING - Zaman sıralama düzeltildi (averaged): 2026-02-26 00:13:07.928179
2026-02-26 00:13:08 - spektroskopi - WARNING - Zaman sıralama düzeltildi (averaged): 2026-02-26 00:13:07.929179
2026-02-26 00:13:08 - spektroskopi - WARNING - Zaman sıralama düzeltildi (averaged): 2026-02-26 00:13:07.930179
2026-02-26 00:13:08 - spektroskopi - WARNING - Zaman sıralama düzeltildi (averaged): 2026-02-26 00:13:07.931179
2026-02-26 00:13:08 - spektroskopi - WARNING - Zaman sıralama düzeltildi (averaged): 2026-02-26 00:13:07.932179
2026-02-26 00:13:08 - spektroskopi - WARNING - RealTimePanel: UV_360nm raw data uzunluk uyumsuzluğu (timestamps: 938, data: 236)
2026-02-26 00:13:08 - spektroskopi - WARNING - RealTimePanel: UV_360nm calibrated data uzunluk uyumsuzluğu (timestamps: 938, data: 236)
2026-02-26 00:13:08 - spektroskopi - WARNING - RealTimePanel: Blue_450nm raw data uzunluk uyumsuzluğu (timestamps: 938, data: 234)
2026-02-26 00:13:08 - spektroskopi - WARNING - RealTimePanel: Blue_450nm calibrated data uzunluk uyumsuzluğu (timestamps: 938, data: 234)
2026-02-26 00:13:08 - spektroskopi - WARNING - RealTimePanel: IR_850nm raw data uzunluk uyumsuzluğu (timestamps: 938, data: 234)
2026-02-26 00:13:08 - spektroskopi - WARNING - RealTimePanel: IR_850nm calibrated data uzunluk uyumsuzluğu (timestamps: 938, data: 234)
2026-02-26 00:13:08 - spektroskopi - WARNING - RealTimePanel: IR_940nm raw data uzunluk uyumsuzluğu (timestamps: 938, data: 234)
2026-02-26 00:13:08 - spektroskopi - WARNING - RealTimePanel: IR_940nm calibrated data uzunluk uyumsuzluğu (timestamps: 938, data: 234)
2026-02-26 00:13:08 - spektroskopi - INFO - Raspberry Pi'dan veri alındı: 6e400005-b5a3-f393-e0a9-e50e24dcca9e (Handle: 16): Unknown, uzunluk: 2
2026-02-26 00:13:08 - spektroskopi - INFO - Raspberry Pi verisi: Ham=1649, Voltaj=1649.000V
2026-02-26 00:13:08 - spektroskopi - INFO - Raspberry Pi verisi işlendi: SENSOR_EXTRA = 1649.000V
2026-02-26 00:13:08 - spektroskopi - INFO - Raspberry Pi'dan veri alındı: 6e400004-b5a3-f393-e0a9-e50e24dcca9e (Handle: 11): Unknown, uzunluk: 2
2026-02-26 00:13:08 - spektroskopi - INFO - Raspberry Pi verisi: Ham=317, Voltaj=317.000V
2026-02-26 00:13:08 - spektroskopi - INFO - Raspberry Pi verisi işlendi: SENSOR_7 = 317.000V
2026-02-26 00:13:08 - spektroskopi - INFO - Raspberry Pi'dan veri alındı: 6e400003-b5a3-f393-e0a9-e50e24dcca9e (Handle: 8): Nordic UART TX, uzunluk: 2
2026-02-26 00:13:08 - spektroskopi - INFO - Raspberry Pi verisi: Ham=504, Voltaj=504.000V
2026-02-26 00:13:08 - spektroskopi - INFO - Raspberry Pi verisi işlendi: SENSOR_5 = 504.000V
2026-02-26 00:13:08 - spektroskopi - INFO - Raspberry Pi'dan veri alındı: 6e400002-b5a3-f393-e0a9-e50e24dcca9e (Handle: 19): Nordic UART RX, uzunluk: 2
2026-02-26 00:13:08 - spektroskopi - INFO - Raspberry Pi verisi: Ham=1355, Voltaj=1355.000V
2026-02-26 00:13:08 - spektroskopi - INFO - Raspberry Pi verisi işlendi: SENSOR_2 = 1355.000V
2026-02-26 00:13:09 - spektroskopi - WARNING - Zaman sıralama düzeltildi (averaged): 2026-02-26 00:13:08.829837
2026-02-26 00:13:09 - spektroskopi - WARNING - Zaman sıralama düzeltildi (averaged): 2026-02-26 00:13:08.830837
2026-02-26 00:13:09 - spektroskopi - WARNING - Zaman sıralama düzeltildi (averaged): 2026-02-26 00:13:08.831837
2026-02-26 00:13:09 - spektroskopi - WARNING - Zaman sıralama düzeltildi (averaged): 2026-02-26 00:13:08.832837
2026-02-26 00:13:09 - spektroskopi - WARNING - RealTimePanel: UV_360nm raw data uzunluk uyumsuzluğu (timestamps: 946, data: 238)
2026-02-26 00:13:09 - spektroskopi - WARNING - RealTimePanel: UV_360nm calibrated data uzunluk uyumsuzluğu (timestamps: 946, data: 238)
2026-02-26 00:13:09 - spektroskopi - WARNING - RealTimePanel: Blue_450nm raw data uzunluk uyumsuzluğu (timestamps: 946, data: 236)
2026-02-26 00:13:09 - spektroskopi - WARNING - RealTimePanel: Blue_450nm calibrated data uzunluk uyumsuzluğu (timestamps: 946, data: 236)
2026-02-26 00:13:09 - spektroskopi - WARNING - RealTimePanel: IR_850nm raw data uzunluk uyumsuzluğu (timestamps: 946, data: 236)
2026-02-26 00:13:09 - spektroskopi - WARNING - RealTimePanel: IR_850nm calibrated data uzunluk uyumsuzluğu (timestamps: 946, data: 236)
2026-02-26 00:13:09 - spektroskopi - WARNING - RealTimePanel: IR_940nm raw data uzunluk uyumsuzluğu (timestamps: 946, data: 236)
2026-02-26 00:13:09 - spektroskopi - WARNING - RealTimePanel: IR_940nm calibrated data uzunluk uyumsuzluğu (timestamps: 946, data: 236)
2026-02-26 00:13:09 - spektroskopi - INFO - Raspberry Pi'dan veri alındı: 6e400005-b5a3-f393-e0a9-e50e24dcca9e (Handle: 16): Unknown, uzunluk: 2
2026-02-26 00:13:09 - spektroskopi - INFO - Raspberry Pi verisi: Ham=1614, Voltaj=1614.000V
2026-02-26 00:13:09 - spektroskopi - INFO - Raspberry Pi verisi işlendi: SENSOR_EXTRA = 1614.000V
2026-02-26 00:13:09 - spektroskopi - INFO - Raspberry Pi'dan veri alındı: 6e400004-b5a3-f393-e0a9-e50e24dcca9e (Handle: 11): Unknown, uzunluk: 2
2026-02-26 00:13:09 - spektroskopi - INFO - Raspberry Pi verisi: Ham=318, Voltaj=318.000V
2026-02-26 00:13:09 - spektroskopi - INFO - Raspberry Pi verisi işlendi: SENSOR_7 = 318.000V
2026-02-26 00:13:09 - spektroskopi - INFO - Raspberry Pi'dan veri alındı: 6e400003-b5a3-f393-e0a9-e50e24dcca9e (Handle: 8): Nordic UART TX, uzunluk: 2
2026-02-26 00:13:09 - spektroskopi - INFO - Raspberry Pi verisi: Ham=356, Voltaj=356.000V
2026-02-26 00:13:09 - spektroskopi - INFO - Raspberry Pi verisi işlendi: SENSOR_5 = 356.000V
2026-02-26 00:13:09 - spektroskopi - INFO - Raspberry Pi'dan veri alındı: 6e400002-b5a3-f393-e0a9-e50e24dcca9e (Handle: 19): Nordic UART RX, uzunluk: 2
2026-02-26 00:13:09 - spektroskopi - INFO - Raspberry Pi verisi: Ham=1210, Voltaj=1210.000V
2026-02-26 00:13:09 - spektroskopi - INFO - Raspberry Pi verisi işlendi: SENSOR_2 = 1210.000V
2026-02-26 00:13:09 - spektroskopi - INFO - Raspberry Pi'dan veri alındı: 6e400005-b5a3-f393-e0a9-e50e24dcca9e (Handle: 16): Unknown, uzunluk: 2
2026-02-26 00:13:09 - spektroskopi - INFO - Raspberry Pi verisi: Ham=1639, Voltaj=1639.000V
2026-02-26 00:13:09 - spektroskopi - INFO - Raspberry Pi verisi işlendi: SENSOR_EXTRA = 1639.000V
2026-02-26 00:13:10 - spektroskopi - WARNING - Zaman sıralama düzeltildi (averaged): 2026-02-26 00:13:09.938112
2026-02-26 00:13:10 - spektroskopi - WARNING - Zaman sıralama düzeltildi (averaged): 2026-02-26 00:13:09.939112
2026-02-26 00:13:10 - spektroskopi - WARNING - Zaman sıralama düzeltildi (averaged): 2026-02-26 00:13:09.940112
2026-02-26 00:13:10 - spektroskopi - WARNING - Zaman sıralama düzeltildi (averaged): 2026-02-26 00:13:09.941112
2026-02-26 00:13:10 - spektroskopi - WARNING - Zaman sıralama düzeltildi (averaged): 2026-02-26 00:13:09.942112
2026-02-26 00:13:10 - spektroskopi - WARNING - RealTimePanel: UV_360nm raw data uzunluk uyumsuzluğu (timestamps: 956, data: 240)
2026-02-26 00:13:10 - spektroskopi - WARNING - RealTimePanel: UV_360nm calibrated data uzunluk uyumsuzluğu (timestamps: 956, data: 240)
2026-02-26 00:13:10 - spektroskopi - WARNING - RealTimePanel: Blue_450nm raw data uzunluk uyumsuzluğu (timestamps: 956, data: 240)
2026-02-26 00:13:10 - spektroskopi - WARNING - RealTimePanel: Blue_450nm calibrated data uzunluk uyumsuzluğu (timestamps: 956, data: 240)
2026-02-26 00:13:10 - spektroskopi - WARNING - RealTimePanel: IR_850nm raw data uzunluk uyumsuzluğu (timestamps: 956, data: 238)
2026-02-26 00:13:10 - spektroskopi - WARNING - RealTimePanel: IR_850nm calibrated data uzunluk uyumsuzluğu (timestamps: 956, data: 238)
2026-02-26 00:13:10 - spektroskopi - WARNING - RealTimePanel: IR_940nm raw data uzunluk uyumsuzluğu (timestamps: 956, data: 238)
2026-02-26 00:13:10 - spektroskopi - WARNING - RealTimePanel: IR_940nm calibrated data uzunluk uyumsuzluğu (timestamps: 956, data: 238)
2026-02-26 00:13:10 - spektroskopi - INFO - Raspberry Pi'dan veri alındı: 6e400004-b5a3-f393-e0a9-e50e24dcca9e (Handle: 11): Unknown, uzunluk: 2
2026-02-26 00:13:10 - spektroskopi - INFO - Raspberry Pi verisi: Ham=343, Voltaj=343.000V
2026-02-26 00:13:10 - spektroskopi - INFO - Raspberry Pi verisi işlendi: SENSOR_7 = 343.000V
2026-02-26 00:13:10 - spektroskopi - INFO - Raspberry Pi'dan veri alındı: 6e400003-b5a3-f393-e0a9-e50e24dcca9e (Handle: 8): Nordic UART TX, uzunluk: 2
2026-02-26 00:13:10 - spektroskopi - INFO - Raspberry Pi verisi: Ham=488, Voltaj=488.000V
2026-02-26 00:13:10 - spektroskopi - INFO - Raspberry Pi verisi işlendi: SENSOR_5 = 488.000V
2026-02-26 00:13:10 - spektroskopi - INFO - Raspberry Pi'dan veri alındı: 6e400002-b5a3-f393-e0a9-e50e24dcca9e (Handle: 19): Nordic UART RX, uzunluk: 2
2026-02-26 00:13:10 - spektroskopi - INFO - Raspberry Pi verisi: Ham=2138, Voltaj=2138.000V
2026-02-26 00:13:10 - spektroskopi - INFO - Raspberry Pi verisi işlendi: SENSOR_2 = 2138.000V
2026-02-26 00:13:10 - spektroskopi - INFO - Raspberry Pi'dan veri alındı: 6e400005-b5a3-f393-e0a9-e50e24dcca9e (Handle: 16): Unknown, uzunluk: 2
2026-02-26 00:13:10 - spektroskopi - INFO - Raspberry Pi verisi: Ham=2513, Voltaj=2513.000V
2026-02-26 00:13:10 - spektroskopi - INFO - Raspberry Pi verisi işlendi: SENSOR_EXTRA = 2513.000V
2026-02-26 00:13:11 - spektroskopi - WARNING - Zaman sıralama düzeltildi (averaged): 2026-02-26 00:13:10.839901
2026-02-26 00:13:11 - spektroskopi - WARNING - Zaman sıralama düzeltildi (averaged): 2026-02-26 00:13:10.840901
2026-02-26 00:13:11 - spektroskopi - WARNING - Zaman sıralama düzeltildi (averaged): 2026-02-26 00:13:10.841901
2026-02-26 00:13:11 - spektroskopi - WARNING - Zaman sıralama düzeltildi (averaged): 2026-02-26 00:13:10.842901
2026-02-26 00:13:11 - spektroskopi - WARNING - RealTimePanel: UV_360nm raw data uzunluk uyumsuzluğu (timestamps: 964, data: 242)
2026-02-26 00:13:11 - spektroskopi - WARNING - RealTimePanel: UV_360nm calibrated data uzunluk uyumsuzluğu (timestamps: 964, data: 242)
2026-02-26 00:13:11 - spektroskopi - WARNING - RealTimePanel: Blue_450nm raw data uzunluk uyumsuzluğu (timestamps: 964, data: 242)
2026-02-26 00:13:11 - spektroskopi - WARNING - RealTimePanel: Blue_450nm calibrated data uzunluk uyumsuzluğu (timestamps: 964, data: 242)
2026-02-26 00:13:11 - spektroskopi - WARNING - RealTimePanel: IR_850nm raw data uzunluk uyumsuzluğu (timestamps: 964, data: 240)
2026-02-26 00:13:11 - spektroskopi - WARNING - RealTimePanel: IR_850nm calibrated data uzunluk uyumsuzluğu (timestamps: 964, data: 240)
2026-02-26 00:13:11 - spektroskopi - WARNING - RealTimePanel: IR_940nm raw data uzunluk uyumsuzluğu (timestamps: 964, data: 240)
2026-02-26 00:13:11 - spektroskopi - WARNING - RealTimePanel: IR_940nm calibrated data uzunluk uyumsuzluğu (timestamps: 964, data: 240)
2026-02-26 00:13:11 - spektroskopi - INFO - Raspberry Pi'dan veri alındı: 6e400004-b5a3-f393-e0a9-e50e24dcca9e (Handle: 11): Unknown, uzunluk: 2
2026-02-26 00:13:11 - spektroskopi - INFO - Raspberry Pi verisi: Ham=396, Voltaj=396.000V
2026-02-26 00:13:11 - spektroskopi - INFO - Raspberry Pi verisi işlendi: SENSOR_7 = 396.000V
2026-02-26 00:13:11 - spektroskopi - INFO - Raspberry Pi'dan veri alındı: 6e400003-b5a3-f393-e0a9-e50e24dcca9e (Handle: 8): Nordic UART TX, uzunluk: 2
2026-02-26 00:13:11 - spektroskopi - INFO - Raspberry Pi verisi: Ham=683, Voltaj=683.000V
2026-02-26 00:13:11 - spektroskopi - INFO - Raspberry Pi verisi işlendi: SENSOR_5 = 683.000V
2026-02-26 00:13:11 - spektroskopi - INFO - Raspberry Pi'dan veri alındı: 6e400002-b5a3-f393-e0a9-e50e24dcca9e (Handle: 19): Nordic UART RX, uzunluk: 2
2026-02-26 00:13:11 - spektroskopi - INFO - Raspberry Pi verisi: Ham=2315, Voltaj=2315.000V
2026-02-26 00:13:11 - spektroskopi - INFO - Raspberry Pi verisi işlendi: SENSOR_2 = 2315.000V
2026-02-26 00:13:11 - spektroskopi - INFO - Raspberry Pi'dan veri alındı: 6e400005-b5a3-f393-e0a9-e50e24dcca9e (Handle: 16): Unknown, uzunluk: 2
2026-02-26 00:13:11 - spektroskopi - INFO - Raspberry Pi verisi: Ham=2595, Voltaj=2595.000V
2026-02-26 00:13:11 - spektroskopi - INFO - Raspberry Pi verisi işlendi: SENSOR_EXTRA = 2595.000V
2026-02-26 00:13:11 - spektroskopi - INFO - Raspberry Pi'dan veri alındı: 6e400004-b5a3-f393-e0a9-e50e24dcca9e (Handle: 11): Unknown, uzunluk: 2
2026-02-26 00:13:11 - spektroskopi - INFO - Raspberry Pi verisi: Ham=395, Voltaj=395.000V
2026-02-26 00:13:11 - spektroskopi - INFO - Raspberry Pi verisi işlendi: SENSOR_7 = 395.000V
2026-02-26 00:13:12 - spektroskopi - WARNING - Zaman sıralama düzeltildi (averaged): 2026-02-26 00:13:11.978036
2026-02-26 00:13:12 - spektroskopi - WARNING - Zaman sıralama düzeltildi (averaged): 2026-02-26 00:13:11.979036
2026-02-26 00:13:12 - spektroskopi - WARNING - Zaman sıralama düzeltildi (averaged): 2026-02-26 00:13:11.980036
2026-02-26 00:13:12 - spektroskopi - WARNING - Zaman sıralama düzeltildi (averaged): 2026-02-26 00:13:11.981036
2026-02-26 00:13:12 - spektroskopi - WARNING - Zaman sıralama düzeltildi (averaged): 2026-02-26 00:13:11.982036
2026-02-26 00:13:12 - spektroskopi - WARNING - RealTimePanel: UV_360nm raw data uzunluk uyumsuzluğu (timestamps: 974, data: 244)
2026-02-26 00:13:12 - spektroskopi - WARNING - RealTimePanel: UV_360nm calibrated data uzunluk uyumsuzluğu (timestamps: 974, data: 244)
2026-02-26 00:13:12 - spektroskopi - WARNING - RealTimePanel: Blue_450nm raw data uzunluk uyumsuzluğu (timestamps: 974, data: 244)
2026-02-26 00:13:12 - spektroskopi - WARNING - RealTimePanel: Blue_450nm calibrated data uzunluk uyumsuzluğu (timestamps: 974, data: 244)
2026-02-26 00:13:12 - spektroskopi - WARNING - RealTimePanel: IR_850nm raw data uzunluk uyumsuzluğu (timestamps: 974, data: 244)
2026-02-26 00:13:12 - spektroskopi - WARNING - RealTimePanel: IR_850nm calibrated data uzunluk uyumsuzluğu (timestamps: 974, data: 244)
2026-02-26 00:13:12 - spektroskopi - WARNING - RealTimePanel: IR_940nm raw data uzunluk uyumsuzluğu (timestamps: 974, data: 242)
2026-02-26 00:13:12 - spektroskopi - WARNING - RealTimePanel: IR_940nm calibrated data uzunluk uyumsuzluğu (timestamps: 974, data: 242)
2026-02-26 00:13:12 - spektroskopi - INFO - Raspberry Pi'dan veri alındı: 6e400003-b5a3-f393-e0a9-e50e24dcca9e (Handle: 8): Nordic UART TX, uzunluk: 2
2026-02-26 00:13:12 - spektroskopi - INFO - Raspberry Pi verisi: Ham=685, Voltaj=685.000V
2026-02-26 00:13:12 - spektroskopi - INFO - Raspberry Pi verisi işlendi: SENSOR_5 = 685.000V
2026-02-26 00:13:12 - spektroskopi - INFO - Raspberry Pi'dan veri alındı: 6e400002-b5a3-f393-e0a9-e50e24dcca9e (Handle: 19): Nordic UART RX, uzunluk: 2
2026-02-26 00:13:12 - spektroskopi - INFO - Raspberry Pi verisi: Ham=2328, Voltaj=2328.000V
2026-02-26 00:13:12 - spektroskopi - INFO - Raspberry Pi verisi işlendi: SENSOR_2 = 2328.000V
2026-02-26 00:13:12 - spektroskopi - INFO - Raspberry Pi'dan veri alındı: 6e400005-b5a3-f393-e0a9-e50e24dcca9e (Handle: 16): Unknown, uzunluk: 2
2026-02-26 00:13:12 - spektroskopi - INFO - Raspberry Pi verisi: Ham=2582, Voltaj=2582.000V
2026-02-26 00:13:12 - spektroskopi - INFO - Raspberry Pi verisi işlendi: SENSOR_EXTRA = 2582.000V
2026-02-26 00:13:12 - spektroskopi - INFO - Raspberry Pi'dan veri alındı: 6e400004-b5a3-f393-e0a9-e50e24dcca9e (Handle: 11): Unknown, uzunluk: 2
2026-02-26 00:13:12 - spektroskopi - INFO - Raspberry Pi verisi: Ham=388, Voltaj=388.000V
2026-02-26 00:13:12 - spektroskopi - INFO - Raspberry Pi verisi işlendi: SENSOR_7 = 388.000V
2026-02-26 00:13:13 - spektroskopi - WARNING - Zaman sıralama düzeltildi (averaged): 2026-02-26 00:13:12.878127
2026-02-26 00:13:13 - spektroskopi - WARNING - Zaman sıralama düzeltildi (averaged): 2026-02-26 00:13:12.879127
2026-02-26 00:13:13 - spektroskopi - WARNING - Zaman sıralama düzeltildi (averaged): 2026-02-26 00:13:12.880127
2026-02-26 00:13:13 - spektroskopi - WARNING - Zaman sıralama düzeltildi (averaged): 2026-02-26 00:13:12.881127
2026-02-26 00:13:13 - spektroskopi - WARNING - RealTimePanel: UV_360nm raw data uzunluk uyumsuzluğu (timestamps: 982, data: 246)
2026-02-26 00:13:13 - spektroskopi - WARNING - RealTimePanel: UV_360nm calibrated data uzunluk uyumsuzluğu (timestamps: 982, data: 246)
2026-02-26 00:13:13 - spektroskopi - WARNING - RealTimePanel: Blue_450nm raw data uzunluk uyumsuzluğu (timestamps: 982, data: 246)
2026-02-26 00:13:13 - spektroskopi - WARNING - RealTimePanel: Blue_450nm calibrated data uzunluk uyumsuzluğu (timestamps: 982, data: 246)
2026-02-26 00:13:13 - spektroskopi - WARNING - RealTimePanel: IR_850nm raw data uzunluk uyumsuzluğu (timestamps: 982, data: 246)
2026-02-26 00:13:13 - spektroskopi - WARNING - RealTimePanel: IR_850nm calibrated data uzunluk uyumsuzluğu (timestamps: 982, data: 246)
2026-02-26 00:13:13 - spektroskopi - WARNING - RealTimePanel: IR_940nm raw data uzunluk uyumsuzluğu (timestamps: 982, data: 244)
2026-02-26 00:13:13 - spektroskopi - WARNING - RealTimePanel: IR_940nm calibrated data uzunluk uyumsuzluğu (timestamps: 982, data: 244)
2026-02-26 00:13:13 - spektroskopi - INFO - Raspberry Pi'dan veri alındı: 6e400003-b5a3-f393-e0a9-e50e24dcca9e (Handle: 8): Nordic UART TX, uzunluk: 2
2026-02-26 00:13:13 - spektroskopi - INFO - Raspberry Pi verisi: Ham=685, Voltaj=685.000V
2026-02-26 00:13:13 - spektroskopi - INFO - Raspberry Pi verisi işlendi: SENSOR_5 = 685.000V
2026-02-26 00:13:13 - spektroskopi - INFO - Raspberry Pi'dan veri alındı: 6e400002-b5a3-f393-e0a9-e50e24dcca9e (Handle: 19): Nordic UART RX, uzunluk: 2
2026-02-26 00:13:13 - spektroskopi - INFO - Raspberry Pi verisi: Ham=2276, Voltaj=2276.000V
2026-02-26 00:13:13 - spektroskopi - INFO - Raspberry Pi verisi işlendi: SENSOR_2 = 2276.000V
2026-02-26 00:13:13 - spektroskopi - INFO - Raspberry Pi'dan veri alındı: 6e400005-b5a3-f393-e0a9-e50e24dcca9e (Handle: 16): Unknown, uzunluk: 2
2026-02-26 00:13:13 - spektroskopi - INFO - Raspberry Pi verisi: Ham=2388, Voltaj=2388.000V
2026-02-26 00:13:13 - spektroskopi - INFO - Raspberry Pi verisi işlendi: SENSOR_EXTRA = 2388.000V
2026-02-26 00:13:13 - spektroskopi - INFO - Raspberry Pi'dan veri alındı: 6e400004-b5a3-f393-e0a9-e50e24dcca9e (Handle: 11): Unknown, uzunluk: 2
2026-02-26 00:13:13 - spektroskopi - INFO - Raspberry Pi verisi: Ham=384, Voltaj=384.000V
2026-02-26 00:13:13 - spektroskopi - INFO - Raspberry Pi verisi işlendi: SENSOR_7 = 384.000V
2026-02-26 00:13:13 - spektroskopi - INFO - Raspberry Pi'dan veri alındı: 6e400003-b5a3-f393-e0a9-e50e24dcca9e (Handle: 8): Nordic UART TX, uzunluk: 2
2026-02-26 00:13:13 - spektroskopi - INFO - Raspberry Pi verisi: Ham=602, Voltaj=602.000V
2026-02-26 00:13:13 - spektroskopi - INFO - Raspberry Pi verisi işlendi: SENSOR_5 = 602.000V
2026-02-26 00:13:14 - spektroskopi - WARNING - Zaman sıralama düzeltildi (averaged): 2026-02-26 00:13:13.988118
2026-02-26 00:13:14 - spektroskopi - WARNING - Zaman sıralama düzeltildi (averaged): 2026-02-26 00:13:13.989118
2026-02-26 00:13:14 - spektroskopi - WARNING - Zaman sıralama düzeltildi (averaged): 2026-02-26 00:13:13.990118
2026-02-26 00:13:14 - spektroskopi - WARNING - Zaman sıralama düzeltildi (averaged): 2026-02-26 00:13:13.991118
2026-02-26 00:13:14 - spektroskopi - WARNING - Zaman sıralama düzeltildi (averaged): 2026-02-26 00:13:13.992118
2026-02-26 00:13:14 - spektroskopi - WARNING - RealTimePanel: UV_360nm raw data uzunluk uyumsuzluğu (timestamps: 992, data: 248)
2026-02-26 00:13:14 - spektroskopi - WARNING - RealTimePanel: UV_360nm calibrated data uzunluk uyumsuzluğu (timestamps: 992, data: 248)
2026-02-26 00:13:14 - spektroskopi - WARNING - RealTimePanel: Blue_450nm raw data uzunluk uyumsuzluğu (timestamps: 992, data: 248)
2026-02-26 00:13:14 - spektroskopi - WARNING - RealTimePanel: Blue_450nm calibrated data uzunluk uyumsuzluğu (timestamps: 992, data: 248)
2026-02-26 00:13:14 - spektroskopi - WARNING - RealTimePanel: IR_850nm raw data uzunluk uyumsuzluğu (timestamps: 992, data: 248)
2026-02-26 00:13:14 - spektroskopi - WARNING - RealTimePanel: IR_850nm calibrated data uzunluk uyumsuzluğu (timestamps: 992, data: 248)
2026-02-26 00:13:14 - spektroskopi - WARNING - RealTimePanel: IR_940nm raw data uzunluk uyumsuzluğu (timestamps: 992, data: 248)
2026-02-26 00:13:14 - spektroskopi - WARNING - RealTimePanel: IR_940nm calibrated data uzunluk uyumsuzluğu (timestamps: 992, data: 248)
2026-02-26 00:13:14 - spektroskopi - INFO - Raspberry Pi'dan veri alındı: 6e400002-b5a3-f393-e0a9-e50e24dcca9e (Handle: 19): Nordic UART RX, uzunluk: 2
2026-02-26 00:13:14 - spektroskopi - INFO - Raspberry Pi verisi: Ham=763, Voltaj=763.000V
2026-02-26 00:13:14 - spektroskopi - INFO - Raspberry Pi verisi işlendi: SENSOR_2 = 763.000V
2026-02-26 00:13:14 - spektroskopi - INFO - Raspberry Pi'dan veri alındı: 6e400005-b5a3-f393-e0a9-e50e24dcca9e (Handle: 16): Unknown, uzunluk: 2
2026-02-26 00:13:14 - spektroskopi - INFO - Raspberry Pi verisi: Ham=667, Voltaj=667.000V
2026-02-26 00:13:14 - spektroskopi - INFO - Raspberry Pi verisi işlendi: SENSOR_EXTRA = 667.000V
2026-02-26 00:13:14 - spektroskopi - INFO - Raspberry Pi'dan veri alındı: 6e400004-b5a3-f393-e0a9-e50e24dcca9e (Handle: 11): Unknown, uzunluk: 2
2026-02-26 00:13:14 - spektroskopi - INFO - Raspberry Pi verisi: Ham=389, Voltaj=389.000V
2026-02-26 00:13:14 - spektroskopi - INFO - Raspberry Pi verisi işlendi: SENSOR_7 = 389.000V
2026-02-26 00:13:14 - spektroskopi - INFO - Raspberry Pi'dan veri alındı: 6e400003-b5a3-f393-e0a9-e50e24dcca9e (Handle: 8): Nordic UART TX, uzunluk: 2
2026-02-26 00:13:14 - spektroskopi - INFO - Raspberry Pi verisi: Ham=675, Voltaj=675.000V
2026-02-26 00:13:14 - spektroskopi - INFO - Raspberry Pi verisi işlendi: SENSOR_5 = 675.000V
2026-02-26 00:13:14 - spektroskopi - INFO - Raspberry Pi'dan veri alındı: 6e400002-b5a3-f393-e0a9-e50e24dcca9e (Handle: 19): Nordic UART RX, uzunluk: 2
2026-02-26 00:13:14 - spektroskopi - INFO - Raspberry Pi verisi: Ham=354, Voltaj=354.000V
2026-02-26 00:13:14 - spektroskopi - INFO - Raspberry Pi verisi işlendi: SENSOR_2 = 354.000V
2026-02-26 00:13:15 - spektroskopi - WARNING - Zaman sıralama düzeltildi (averaged): 2026-02-26 00:13:14.978084
2026-02-26 00:13:15 - spektroskopi - WARNING - Zaman sıralama düzeltildi (averaged): 2026-02-26 00:13:14.979084
2026-02-26 00:13:15 - spektroskopi - WARNING - Zaman sıralama düzeltildi (averaged): 2026-02-26 00:13:14.980084
2026-02-26 00:13:15 - spektroskopi - INFO - VERİ İSTATİSTİĞİ: measurements.timestamps = 1000 veri noktası (KORUNUYOR)
2026-02-26 00:13:15 - spektroskopi - INFO - VERİ İSTATİSTİĞİ: raw_data.timestamps = 1000 veri noktası (KORUNUYOR)
2026-02-26 00:13:15 - spektroskopi - INFO - VERİ İSTATİSTİĞİ: calibrated_data.timestamps = 1000 veri noktası (KORUNUYOR)
2026-02-26 00:13:15 - spektroskopi - WARNING - Zaman sıralama düzeltildi (averaged): 2026-02-26 00:13:14.981084
2026-02-26 00:13:15 - spektroskopi - WARNING - Zaman sıralama düzeltildi (averaged): 2026-02-26 00:13:14.982084
2026-02-26 00:13:15 - spektroskopi - WARNING - RealTimePanel: UV_360nm raw data uzunluk uyumsuzluğu (timestamps: 1002, data: 252)
2026-02-26 00:13:15 - spektroskopi - WARNING - RealTimePanel: UV_360nm calibrated data uzunluk uyumsuzluğu (timestamps: 1002, data: 252)
2026-02-26 00:13:15 - spektroskopi - WARNING - RealTimePanel: Blue_450nm raw data uzunluk uyumsuzluğu (timestamps: 1002, data: 250)
2026-02-26 00:13:15 - spektroskopi - WARNING - RealTimePanel: Blue_450nm calibrated data uzunluk uyumsuzluğu (timestamps: 1002, data: 250)
2026-02-26 00:13:15 - spektroskopi - WARNING - RealTimePanel: IR_850nm raw data uzunluk uyumsuzluğu (timestamps: 1002, data: 250)
2026-02-26 00:13:15 - spektroskopi - WARNING - RealTimePanel: IR_850nm calibrated data uzunluk uyumsuzluğu (timestamps: 1002, data: 250)
2026-02-26 00:13:15 - spektroskopi - WARNING - RealTimePanel: IR_940nm raw data uzunluk uyumsuzluğu (timestamps: 1002, data: 250)
2026-02-26 00:13:15 - spektroskopi - WARNING - RealTimePanel: IR_940nm calibrated data uzunluk uyumsuzluğu (timestamps: 1002, data: 250)
2026-02-26 00:13:15 - spektroskopi - INFO - Raspberry Pi'dan veri alındı: 6e400005-b5a3-f393-e0a9-e50e24dcca9e (Handle: 16): Unknown, uzunluk: 2
2026-02-26 00:13:15 - spektroskopi - INFO - Raspberry Pi verisi: Ham=688, Voltaj=688.000V
2026-02-26 00:13:15 - spektroskopi - INFO - Raspberry Pi verisi işlendi: SENSOR_EXTRA = 688.000V
2026-02-26 00:13:15 - spektroskopi - INFO - Raspberry Pi'dan veri alındı: 6e400004-b5a3-f393-e0a9-e50e24dcca9e (Handle: 11): Unknown, uzunluk: 2
2026-02-26 00:13:15 - spektroskopi - INFO - Raspberry Pi verisi: Ham=385, Voltaj=385.000V
2026-02-26 00:13:15 - spektroskopi - INFO - Raspberry Pi verisi işlendi: SENSOR_7 = 385.000V
2026-02-26 00:13:15 - spektroskopi - INFO - Raspberry Pi'dan veri alındı: 6e400003-b5a3-f393-e0a9-e50e24dcca9e (Handle: 8): Nordic UART TX, uzunluk: 2
2026-02-26 00:13:15 - spektroskopi - INFO - Raspberry Pi verisi: Ham=498, Voltaj=498.000V
2026-02-26 00:13:15 - spektroskopi - INFO - Raspberry Pi verisi işlendi: SENSOR_5 = 498.000V
2026-02-26 00:13:15 - spektroskopi - INFO - Raspberry Pi'dan veri alındı: 6e400002-b5a3-f393-e0a9-e50e24dcca9e (Handle: 19): Nordic UART RX, uzunluk: 2
2026-02-26 00:13:15 - spektroskopi - INFO - Raspberry Pi verisi: Ham=151, Voltaj=151.000V
2026-02-26 00:13:15 - spektroskopi - INFO - Raspberry Pi verisi işlendi: SENSOR_2 = 151.000V
2026-02-26 00:13:16 - spektroskopi - WARNING - Zaman sıralama düzeltildi (averaged): 2026-02-26 00:13:15.848098
2026-02-26 00:13:16 - spektroskopi - WARNING - Zaman sıralama düzeltildi (averaged): 2026-02-26 00:13:15.849098
2026-02-26 00:13:16 - spektroskopi - WARNING - Zaman sıralama düzeltildi (averaged): 2026-02-26 00:13:15.850098
2026-02-26 00:13:16 - spektroskopi - WARNING - Zaman sıralama düzeltildi (averaged): 2026-02-26 00:13:15.851098
2026-02-26 00:13:16 - spektroskopi - WARNING - RealTimePanel: UV_360nm raw data uzunluk uyumsuzluğu (timestamps: 1010, data: 254)
2026-02-26 00:13:16 - spektroskopi - WARNING - RealTimePanel: UV_360nm calibrated data uzunluk uyumsuzluğu (timestamps: 1010, data: 254)
2026-02-26 00:13:16 - spektroskopi - WARNING - RealTimePanel: Blue_450nm raw data uzunluk uyumsuzluğu (timestamps: 1010, data: 252)
2026-02-26 00:13:16 - spektroskopi - WARNING - RealTimePanel: Blue_450nm calibrated data uzunluk uyumsuzluğu (timestamps: 1010, data: 252)
2026-02-26 00:13:16 - spektroskopi - WARNING - RealTimePanel: IR_850nm raw data uzunluk uyumsuzluğu (timestamps: 1010, data: 252)
2026-02-26 00:13:16 - spektroskopi - WARNING - RealTimePanel: IR_850nm calibrated data uzunluk uyumsuzluğu (timestamps: 1010, data: 252)
2026-02-26 00:13:16 - spektroskopi - WARNING - RealTimePanel: IR_940nm raw data uzunluk uyumsuzluğu (timestamps: 1010, data: 252)
2026-02-26 00:13:16 - spektroskopi - WARNING - RealTimePanel: IR_940nm calibrated data uzunluk uyumsuzluğu (timestamps: 1010, data: 252)
2026-02-26 00:13:16 - spektroskopi - INFO - Raspberry Pi'dan veri alındı: 6e400005-b5a3-f393-e0a9-e50e24dcca9e (Handle: 16): Unknown, uzunluk: 2
2026-02-26 00:13:16 - spektroskopi - INFO - Raspberry Pi verisi: Ham=441, Voltaj=441.000V
2026-02-26 00:13:16 - spektroskopi - INFO - Raspberry Pi verisi işlendi: SENSOR_EXTRA = 441.000V
2026-02-26 00:13:16 - spektroskopi - INFO - Raspberry Pi'dan veri alındı: 6e400004-b5a3-f393-e0a9-e50e24dcca9e (Handle: 11): Unknown, uzunluk: 2
2026-02-26 00:13:16 - spektroskopi - INFO - Raspberry Pi verisi: Ham=334, Voltaj=334.000V
2026-02-26 00:13:16 - spektroskopi - INFO - Raspberry Pi verisi işlendi: SENSOR_7 = 334.000V
2026-02-26 00:13:17 - spektroskopi - WARNING - Zaman sıralama düzeltildi (averaged): 2026-02-26 00:13:16.388086
2026-02-26 00:13:17 - spektroskopi - WARNING - Zaman sıralama düzeltildi (averaged): 2026-02-26 00:13:16.389086
2026-02-26 00:13:17 - spektroskopi - WARNING - RealTimePanel: UV_360nm raw data uzunluk uyumsuzluğu (timestamps: 1014, data: 254)
2026-02-26 00:13:17 - spektroskopi - WARNING - RealTimePanel: UV_360nm calibrated data uzunluk uyumsuzluğu (timestamps: 1014, data: 254)
2026-02-26 00:13:17 - spektroskopi - WARNING - RealTimePanel: Blue_450nm raw data uzunluk uyumsuzluğu (timestamps: 1014, data: 254)
2026-02-26 00:13:17 - spektroskopi - WARNING - RealTimePanel: Blue_450nm calibrated data uzunluk uyumsuzluğu (timestamps: 1014, data: 254)
2026-02-26 00:13:17 - spektroskopi - WARNING - RealTimePanel: IR_850nm raw data uzunluk uyumsuzluğu (timestamps: 1014, data: 254)
2026-02-26 00:13:17 - spektroskopi - WARNING - RealTimePanel: IR_850nm calibrated data uzunluk uyumsuzluğu (timestamps: 1014, data: 254)
2026-02-26 00:13:17 - spektroskopi - WARNING - RealTimePanel: IR_940nm raw data uzunluk uyumsuzluğu (timestamps: 1014, data: 252)
2026-02-26 00:13:17 - spektroskopi - WARNING - RealTimePanel: IR_940nm calibrated data uzunluk uyumsuzluğu (timestamps: 1014, data: 252)
2026-02-26 00:13:17 - spektroskopi - WARNING - BLE cihazı bağlantısı kesildi
2026-02-26 00:13:17 - spektroskopi - INFO - CONNECTION SUCCESS: sensor-3 - DISCONNECTED
2026-02-26 00:13:17 - spektroskopi - INFO - BLE bağlantısı kesildi
2026-02-26 00:13:17 - spektroskopi - INFO - Bağlantı koptu - LED kontrolleri devre dışı bırakıldı
2026-02-26 00:13:17 - spektroskopi - INFO - BLE bağlantı kopma callback çağrıldı: sensor-3
2026-02-26 00:13:18 - spektroskopi - WARNING - RealTimePanel: UV_360nm raw data uzunluk uyumsuzluğu (timestamps: 1014, data: 254)
2026-02-26 00:13:18 - spektroskopi - WARNING - RealTimePanel: UV_360nm calibrated data uzunluk uyumsuzluğu (timestamps: 1014, data: 254)
2026-02-26 00:13:18 - spektroskopi - WARNING - RealTimePanel: Blue_450nm raw data uzunluk uyumsuzluğu (timestamps: 1014, data: 254)
2026-02-26 00:13:18 - spektroskopi - WARNING - RealTimePanel: Blue_450nm calibrated data uzunluk uyumsuzluğu (timestamps: 1014, data: 254)
2026-02-26 00:13:18 - spektroskopi - WARNING - RealTimePanel: IR_850nm raw data uzunluk uyumsuzluğu (timestamps: 1014, data: 254)
2026-02-26 00:13:18 - spektroskopi - WARNING - RealTimePanel: IR_850nm calibrated data uzunluk uyumsuzluğu (timestamps: 1014, data: 254)
2026-02-26 00:13:18 - spektroskopi - WARNING - RealTimePanel: IR_940nm raw data uzunluk uyumsuzluğu (timestamps: 1014, data: 252)
2026-02-26 00:13:18 - spektroskopi - WARNING - RealTimePanel: IR_940nm calibrated data uzunluk uyumsuzluğu (timestamps: 1014, data: 252)
2026-02-26 00:13:19 - spektroskopi - WARNING - RealTimePanel: UV_360nm raw data uzunluk uyumsuzluğu (timestamps: 1014, data: 254)
2026-02-26 00:13:19 - spektroskopi - WARNING - RealTimePanel: UV_360nm calibrated data uzunluk uyumsuzluğu (timestamps: 1014, data: 254)
2026-02-26 00:13:19 - spektroskopi - WARNING - RealTimePanel: Blue_450nm raw data uzunluk uyumsuzluğu (timestamps: 1014, data: 254)
2026-02-26 00:13:19 - spektroskopi - WARNING - RealTimePanel: Blue_450nm calibrated data uzunluk uyumsuzluğu (timestamps: 1014, data: 254)
2026-02-26 00:13:19 - spektroskopi - WARNING - RealTimePanel: IR_850nm raw data uzunluk uyumsuzluğu (timestamps: 1014, data: 254)
2026-02-26 00:13:19 - spektroskopi - WARNING - RealTimePanel: IR_850nm calibrated data uzunluk uyumsuzluğu (timestamps: 1014, data: 254)
2026-02-26 00:13:19 - spektroskopi - WARNING - RealTimePanel: IR_940nm raw data uzunluk uyumsuzluğu (timestamps: 1014, data: 252)
2026-02-26 00:13:19 - spektroskopi - WARNING - RealTimePanel: IR_940nm calibrated data uzunluk uyumsuzluğu (timestamps: 1014, data: 252)
2026-02-26 00:13:20 - spektroskopi - WARNING - RealTimePanel: UV_360nm raw data uzunluk uyumsuzluğu (timestamps: 1014, data: 254)
2026-02-26 00:13:20 - spektroskopi - WARNING - RealTimePanel: UV_360nm calibrated data uzunluk uyumsuzluğu (timestamps: 1014, data: 254)
2026-02-26 00:13:20 - spektroskopi - WARNING - RealTimePanel: Blue_450nm raw data uzunluk uyumsuzluğu (timestamps: 1014, data: 254)
2026-02-26 00:13:20 - spektroskopi - WARNING - RealTimePanel: Blue_450nm calibrated data uzunluk uyumsuzluğu (timestamps: 1014, data: 254)
2026-02-26 00:13:20 - spektroskopi - WARNING - RealTimePanel: IR_850nm raw data uzunluk uyumsuzluğu (timestamps: 1014, data: 254)
2026-02-26 00:13:20 - spektroskopi - WARNING - RealTimePanel: IR_850nm calibrated data uzunluk uyumsuzluğu (timestamps: 1014, data: 254)
2026-02-26 00:13:20 - spektroskopi - WARNING - RealTimePanel: IR_940nm raw data uzunluk uyumsuzluğu (timestamps: 1014, data: 252)
2026-02-26 00:13:20 - spektroskopi - WARNING - RealTimePanel: IR_940nm calibrated data uzunluk uyumsuzluğu (timestamps: 1014, data: 252)
2026-02-26 00:13:21 - spektroskopi - WARNING - RealTimePanel: UV_360nm raw data uzunluk uyumsuzluğu (timestamps: 1014, data: 254)
2026-02-26 00:13:21 - spektroskopi - WARNING - RealTimePanel: UV_360nm calibrated data uzunluk uyumsuzluğu (timestamps: 1014, data: 254)
2026-02-26 00:13:21 - spektroskopi - WARNING - RealTimePanel: Blue_450nm raw data uzunluk uyumsuzluğu (timestamps: 1014, data: 254)
2026-02-26 00:13:21 - spektroskopi - WARNING - RealTimePanel: Blue_450nm calibrated data uzunluk uyumsuzluğu (timestamps: 1014, data: 254)
2026-02-26 00:13:21 - spektroskopi - WARNING - RealTimePanel: IR_850nm raw data uzunluk uyumsuzluğu (timestamps: 1014, data: 254)
2026-02-26 00:13:21 - spektroskopi - WARNING - RealTimePanel: IR_850nm calibrated data uzunluk uyumsuzluğu (timestamps: 1014, data: 254)
2026-02-26 00:13:21 - spektroskopi - WARNING - RealTimePanel: IR_940nm raw data uzunluk uyumsuzluğu (timestamps: 1014, data: 252)
2026-02-26 00:13:21 - spektroskopi - WARNING - RealTimePanel: IR_940nm calibrated data uzunluk uyumsuzluğu (timestamps: 1014, data: 252)
2026-02-26 00:13:22 - spektroskopi - WARNING - RealTimePanel: UV_360nm raw data uzunluk uyumsuzluğu (timestamps: 1014, data: 254)
2026-02-26 00:13:22 - spektroskopi - WARNING - RealTimePanel: UV_360nm calibrated data uzunluk uyumsuzluğu (timestamps: 1014, data: 254)
2026-02-26 00:13:22 - spektroskopi - WARNING - RealTimePanel: Blue_450nm raw data uzunluk uyumsuzluğu (timestamps: 1014, data: 254)
2026-02-26 00:13:22 - spektroskopi - WARNING - RealTimePanel: Blue_450nm calibrated data uzunluk uyumsuzluğu (timestamps: 1014, data: 254)
2026-02-26 00:13:22 - spektroskopi - WARNING - RealTimePanel: IR_850nm raw data uzunluk uyumsuzluğu (timestamps: 1014, data: 254)
2026-02-26 00:13:22 - spektroskopi - WARNING - RealTimePanel: IR_850nm calibrated data uzunluk uyumsuzluğu (timestamps: 1014, data: 254)
2026-02-26 00:13:22 - spektroskopi - WARNING - RealTimePanel: IR_940nm raw data uzunluk uyumsuzluğu (timestamps: 1014, data: 252)
2026-02-26 00:13:22 - spektroskopi - WARNING - RealTimePanel: IR_940nm calibrated data uzunluk uyumsuzluğu (timestamps: 1014, data: 252)
2026-02-26 00:13:23 - spektroskopi - WARNING - RealTimePanel: UV_360nm raw data uzunluk uyumsuzluğu (timestamps: 1014, data: 254)
2026-02-26 00:13:23 - spektroskopi - WARNING - RealTimePanel: UV_360nm calibrated data uzunluk uyumsuzluğu (timestamps: 1014, data: 254)
2026-02-26 00:13:23 - spektroskopi - WARNING - RealTimePanel: Blue_450nm raw data uzunluk uyumsuzluğu (timestamps: 1014, data: 254)
2026-02-26 00:13:23 - spektroskopi - WARNING - RealTimePanel: Blue_450nm calibrated data uzunluk uyumsuzluğu (timestamps: 1014, data: 254)
2026-02-26 00:13:23 - spektroskopi - WARNING - RealTimePanel: IR_850nm raw data uzunluk uyumsuzluğu (timestamps: 1014, data: 254)
2026-02-26 00:13:23 - spektroskopi - WARNING - RealTimePanel: IR_850nm calibrated data uzunluk uyumsuzluğu (timestamps: 1014, data: 254)
2026-02-26 00:13:23 - spektroskopi - WARNING - RealTimePanel: IR_940nm raw data uzunluk uyumsuzluğu (timestamps: 1014, data: 252)
2026-02-26 00:13:23 - spektroskopi - WARNING - RealTimePanel: IR_940nm calibrated data uzunluk uyumsuzluğu (timestamps: 1014, data: 252)
2026-02-26 00:13:24 - spektroskopi - WARNING - RealTimePanel: UV_360nm raw data uzunluk uyumsuzluğu (timestamps: 1014, data: 254)
2026-02-26 00:13:24 - spektroskopi - WARNING - RealTimePanel: UV_360nm calibrated data uzunluk uyumsuzluğu (timestamps: 1014, data: 254)
2026-02-26 00:13:24 - spektroskopi - WARNING - RealTimePanel: Blue_450nm raw data uzunluk uyumsuzluğu (timestamps: 1014, data: 254)
2026-02-26 00:13:24 - spektroskopi - WARNING - RealTimePanel: Blue_450nm calibrated data uzunluk uyumsuzluğu (timestamps: 1014, data: 254)
2026-02-26 00:13:24 - spektroskopi - WARNING - RealTimePanel: IR_850nm raw data uzunluk uyumsuzluğu (timestamps: 1014, data: 254)
2026-02-26 00:13:24 - spektroskopi - WARNING - RealTimePanel: IR_850nm calibrated data uzunluk uyumsuzluğu (timestamps: 1014, data: 254)
2026-02-26 00:13:24 - spektroskopi - WARNING - RealTimePanel: IR_940nm raw data uzunluk uyumsuzluğu (timestamps: 1014, data: 252)
2026-02-26 00:13:24 - spektroskopi - WARNING - RealTimePanel: IR_940nm calibrated data uzunluk uyumsuzluğu (timestamps: 1014, data: 252)
2026-02-26 00:13:25 - spektroskopi - WARNING - RealTimePanel: UV_360nm raw data uzunluk uyumsuzluğu (timestamps: 1014, data: 254)
2026-02-26 00:13:25 - spektroskopi - WARNING - RealTimePanel: UV_360nm calibrated data uzunluk uyumsuzluğu (timestamps: 1014, data: 254)
2026-02-26 00:13:25 - spektroskopi - WARNING - RealTimePanel: Blue_450nm raw data uzunluk uyumsuzluğu (timestamps: 1014, data: 254)
2026-02-26 00:13:25 - spektroskopi - WARNING - RealTimePanel: Blue_450nm calibrated data uzunluk uyumsuzluğu (timestamps: 1014, data: 254)
2026-02-26 00:13:25 - spektroskopi - WARNING - RealTimePanel: IR_850nm raw data uzunluk uyumsuzluğu (timestamps: 1014, data: 254)
2026-02-26 00:13:25 - spektroskopi - WARNING - RealTimePanel: IR_850nm calibrated data uzunluk uyumsuzluğu (timestamps: 1014, data: 254)
2026-02-26 00:13:25 - spektroskopi - WARNING - RealTimePanel: IR_940nm raw data uzunluk uyumsuzluğu (timestamps: 1014, data: 252)
2026-02-26 00:13:25 - spektroskopi - WARNING - RealTimePanel: IR_940nm calibrated data uzunluk uyumsuzluğu (timestamps: 1014, data: 252)
2026-02-26 00:13:26 - spektroskopi - WARNING - RealTimePanel: UV_360nm raw data uzunluk uyumsuzluğu (timestamps: 1014, data: 254)
2026-02-26 00:13:26 - spektroskopi - WARNING - RealTimePanel: UV_360nm calibrated data uzunluk uyumsuzluğu (timestamps: 1014, data: 254)
2026-02-26 00:13:26 - spektroskopi - WARNING - RealTimePanel: Blue_450nm raw data uzunluk uyumsuzluğu (timestamps: 1014, data: 254)
2026-02-26 00:13:26 - spektroskopi - WARNING - RealTimePanel: Blue_450nm calibrated data uzunluk uyumsuzluğu (timestamps: 1014, data: 254)
2026-02-26 00:13:26 - spektroskopi - WARNING - RealTimePanel: IR_850nm raw data uzunluk uyumsuzluğu (timestamps: 1014, data: 254)
2026-02-26 00:13:26 - spektroskopi - WARNING - RealTimePanel: IR_850nm calibrated data uzunluk uyumsuzluğu (timestamps: 1014, data: 254)
2026-02-26 00:13:26 - spektroskopi - WARNING - RealTimePanel: IR_940nm raw data uzunluk uyumsuzluğu (timestamps: 1014, data: 252)
2026-02-26 00:13:26 - spektroskopi - WARNING - RealTimePanel: IR_940nm calibrated data uzunluk uyumsuzluğu (timestamps: 1014, data: 252)
2026-02-26 00:13:27 - spektroskopi - WARNING - RealTimePanel: UV_360nm raw data uzunluk uyumsuzluğu (timestamps: 1014, data: 254)
2026-02-26 00:13:27 - spektroskopi - WARNING - RealTimePanel: UV_360nm calibrated data uzunluk uyumsuzluğu (timestamps: 1014, data: 254)
2026-02-26 00:13:27 - spektroskopi - WARNING - RealTimePanel: Blue_450nm raw data uzunluk uyumsuzluğu (timestamps: 1014, data: 254)
2026-02-26 00:13:27 - spektroskopi - WARNING - RealTimePanel: Blue_450nm calibrated data uzunluk uyumsuzluğu (timestamps: 1014, data: 254)
2026-02-26 00:13:27 - spektroskopi - WARNING - RealTimePanel: IR_850nm raw data uzunluk uyumsuzluğu (timestamps: 1014, data: 254)
2026-02-26 00:13:27 - spektroskopi - WARNING - RealTimePanel: IR_850nm calibrated data uzunluk uyumsuzluğu (timestamps: 1014, data: 254)
2026-02-26 00:13:27 - spektroskopi - WARNING - RealTimePanel: IR_940nm raw data uzunluk uyumsuzluğu (timestamps: 1014, data: 252)
2026-02-26 00:13:27 - spektroskopi - WARNING - RealTimePanel: IR_940nm calibrated data uzunluk uyumsuzluğu (timestamps: 1014, data: 252)
2026-02-26 00:13:28 - spektroskopi - WARNING - RealTimePanel: UV_360nm raw data uzunluk uyumsuzluğu (timestamps: 1014, data: 254)
2026-02-26 00:13:28 - spektroskopi - WARNING - RealTimePanel: UV_360nm calibrated data uzunluk uyumsuzluğu (timestamps: 1014, data: 254)
2026-02-26 00:13:28 - spektroskopi - WARNING - RealTimePanel: Blue_450nm raw data uzunluk uyumsuzluğu (timestamps: 1014, data: 254)
2026-02-26 00:13:28 - spektroskopi - WARNING - RealTimePanel: Blue_450nm calibrated data uzunluk uyumsuzluğu (timestamps: 1014, data: 254)
2026-02-26 00:13:28 - spektroskopi - WARNING - RealTimePanel: IR_850nm raw data uzunluk uyumsuzluğu (timestamps: 1014, data: 254)
2026-02-26 00:13:28 - spektroskopi - WARNING - RealTimePanel: IR_850nm calibrated data uzunluk uyumsuzluğu (timestamps: 1014, data: 254)
2026-02-26 00:13:28 - spektroskopi - WARNING - RealTimePanel: IR_940nm raw data uzunluk uyumsuzluğu (timestamps: 1014, data: 252)
2026-02-26 00:13:28 - spektroskopi - WARNING - RealTimePanel: IR_940nm calibrated data uzunluk uyumsuzluğu (timestamps: 1014, data: 252)
2026-02-26 00:13:29 - spektroskopi - WARNING - RealTimePanel: UV_360nm raw data uzunluk uyumsuzluğu (timestamps: 1014, data: 254)
2026-02-26 00:13:29 - spektroskopi - WARNING - RealTimePanel: UV_360nm calibrated data uzunluk uyumsuzluğu (timestamps: 1014, data: 254)
2026-02-26 00:13:29 - spektroskopi - WARNING - RealTimePanel: Blue_450nm raw data uzunluk uyumsuzluğu (timestamps: 1014, data: 254)
2026-02-26 00:13:29 - spektroskopi - WARNING - RealTimePanel: Blue_450nm calibrated data uzunluk uyumsuzluğu (timestamps: 1014, data: 254)
2026-02-26 00:13:29 - spektroskopi - WARNING - RealTimePanel: IR_850nm raw data uzunluk uyumsuzluğu (timestamps: 1014, data: 254)
2026-02-26 00:13:29 - spektroskopi - WARNING - RealTimePanel: IR_850nm calibrated data uzunluk uyumsuzluğu (timestamps: 1014, data: 254)
2026-02-26 00:13:29 - spektroskopi - WARNING - RealTimePanel: IR_940nm raw data uzunluk uyumsuzluğu (timestamps: 1014, data: 252)
2026-02-26 00:13:29 - spektroskopi - WARNING - RealTimePanel: IR_940nm calibrated data uzunluk uyumsuzluğu (timestamps: 1014, data: 252)
2026-02-26 00:13:30 - spektroskopi - WARNING - RealTimePanel: UV_360nm raw data uzunluk uyumsuzluğu (timestamps: 1014, data: 254)
2026-02-26 00:13:30 - spektroskopi - WARNING - RealTimePanel: UV_360nm calibrated data uzunluk uyumsuzluğu (timestamps: 1014, data: 254)
2026-02-26 00:13:30 - spektroskopi - WARNING - RealTimePanel: Blue_450nm raw data uzunluk uyumsuzluğu (timestamps: 1014, data: 254)
2026-02-26 00:13:30 - spektroskopi - WARNING - RealTimePanel: Blue_450nm calibrated data uzunluk uyumsuzluğu (timestamps: 1014, data: 254)
2026-02-26 00:13:30 - spektroskopi - WARNING - RealTimePanel: IR_850nm raw data uzunluk uyumsuzluğu (timestamps: 1014, data: 254)
2026-02-26 00:13:30 - spektroskopi - WARNING - RealTimePanel: IR_850nm calibrated data uzunluk uyumsuzluğu (timestamps: 1014, data: 254)
2026-02-26 00:13:30 - spektroskopi - WARNING - RealTimePanel: IR_940nm raw data uzunluk uyumsuzluğu (timestamps: 1014, data: 252)
2026-02-26 00:13:30 - spektroskopi - WARNING - RealTimePanel: IR_940nm calibrated data uzunluk uyumsuzluğu (timestamps: 1014, data: 252)
2026-02-26 00:13:31 - spektroskopi - WARNING - RealTimePanel: UV_360nm raw data uzunluk uyumsuzluğu (timestamps: 1014, data: 254)
2026-02-26 00:13:31 - spektroskopi - WARNING - RealTimePanel: UV_360nm calibrated data uzunluk uyumsuzluğu (timestamps: 1014, data: 254)
2026-02-26 00:13:31 - spektroskopi - WARNING - RealTimePanel: Blue_450nm raw data uzunluk uyumsuzluğu (timestamps: 1014, data: 254)
2026-02-26 00:13:31 - spektroskopi - WARNING - RealTimePanel: Blue_450nm calibrated data uzunluk uyumsuzluğu (timestamps: 1014, data: 254)
2026-02-26 00:13:31 - spektroskopi - WARNING - RealTimePanel: IR_850nm raw data uzunluk uyumsuzluğu (timestamps: 1014, data: 254)
2026-02-26 00:13:31 - spektroskopi - WARNING - RealTimePanel: IR_850nm calibrated data uzunluk uyumsuzluğu (timestamps: 1014, data: 254)
2026-02-26 00:13:31 - spektroskopi - WARNING - RealTimePanel: IR_940nm raw data uzunluk uyumsuzluğu (timestamps: 1014, data: 252)
2026-02-26 00:13:31 - spektroskopi - WARNING - RealTimePanel: IR_940nm calibrated data uzunluk uyumsuzluğu (timestamps: 1014, data: 252)
2026-02-26 00:13:32 - spektroskopi - WARNING - RealTimePanel: UV_360nm raw data uzunluk uyumsuzluğu (timestamps: 1014, data: 254)
2026-02-26 00:13:32 - spektroskopi - WARNING - RealTimePanel: UV_360nm calibrated data uzunluk uyumsuzluğu (timestamps: 1014, data: 254)
2026-02-26 00:13:32 - spektroskopi - WARNING - RealTimePanel: Blue_450nm raw data uzunluk uyumsuzluğu (timestamps: 1014, data: 254)
2026-02-26 00:13:32 - spektroskopi - WARNING - RealTimePanel: Blue_450nm calibrated data uzunluk uyumsuzluğu (timestamps: 1014, data: 254)
2026-02-26 00:13:32 - spektroskopi - WARNING - RealTimePanel: IR_850nm raw data uzunluk uyumsuzluğu (timestamps: 1014, data: 254)
2026-02-26 00:13:32 - spektroskopi - WARNING - RealTimePanel: IR_850nm calibrated data uzunluk uyumsuzluğu (timestamps: 1014, data: 254)
2026-02-26 00:13:32 - spektroskopi - WARNING - RealTimePanel: IR_940nm raw data uzunluk uyumsuzluğu (timestamps: 1014, data: 252)
2026-02-26 00:13:32 - spektroskopi - WARNING - RealTimePanel: IR_940nm calibrated data uzunluk uyumsuzluğu (timestamps: 1014, data: 252)
2026-02-26 00:13:33 - spektroskopi - WARNING - RealTimePanel: UV_360nm raw data uzunluk uyumsuzluğu (timestamps: 1014, data: 254)
2026-02-26 00:13:33 - spektroskopi - WARNING - RealTimePanel: UV_360nm calibrated data uzunluk uyumsuzluğu (timestamps: 1014, data: 254)
2026-02-26 00:13:33 - spektroskopi - WARNING - RealTimePanel: Blue_450nm raw data uzunluk uyumsuzluğu (timestamps: 1014, data: 254)
2026-02-26 00:13:33 - spektroskopi - WARNING - RealTimePanel: Blue_450nm calibrated data uzunluk uyumsuzluğu (timestamps: 1014, data: 254)
2026-02-26 00:13:33 - spektroskopi - WARNING - RealTimePanel: IR_850nm raw data uzunluk uyumsuzluğu (timestamps: 1014, data: 254)
2026-02-26 00:13:33 - spektroskopi - WARNING - RealTimePanel: IR_850nm calibrated data uzunluk uyumsuzluğu (timestamps: 1014, data: 254)
2026-02-26 00:13:33 - spektroskopi - WARNING - RealTimePanel: IR_940nm raw data uzunluk uyumsuzluğu (timestamps: 1014, data: 252)
2026-02-26 00:13:33 - spektroskopi - WARNING - RealTimePanel: IR_940nm calibrated data uzunluk uyumsuzluğu (timestamps: 1014, data: 252)
2026-02-26 00:13:34 - spektroskopi - WARNING - RealTimePanel: UV_360nm raw data uzunluk uyumsuzluğu (timestamps: 1014, data: 254)
2026-02-26 00:13:34 - spektroskopi - WARNING - RealTimePanel: UV_360nm calibrated data uzunluk uyumsuzluğu (timestamps: 1014, data: 254)
2026-02-26 00:13:34 - spektroskopi - WARNING - RealTimePanel: Blue_450nm raw data uzunluk uyumsuzluğu (timestamps: 1014, data: 254)
2026-02-26 00:13:34 - spektroskopi - WARNING - RealTimePanel: Blue_450nm calibrated data uzunluk uyumsuzluğu (timestamps: 1014, data: 254)
2026-02-26 00:13:34 - spektroskopi - WARNING - RealTimePanel: IR_850nm raw data uzunluk uyumsuzluğu (timestamps: 1014, data: 254)
2026-02-26 00:13:34 - spektroskopi - WARNING - RealTimePanel: IR_850nm calibrated data uzunluk uyumsuzluğu (timestamps: 1014, data: 254)
2026-02-26 00:13:34 - spektroskopi - WARNING - RealTimePanel: IR_940nm raw data uzunluk uyumsuzluğu (timestamps: 1014, data: 252)
2026-02-26 00:13:34 - spektroskopi - WARNING - RealTimePanel: IR_940nm calibrated data uzunluk uyumsuzluğu (timestamps: 1014, data: 252)
2026-02-26 00:13:35 - spektroskopi - WARNING - RealTimePanel: UV_360nm raw data uzunluk uyumsuzluğu (timestamps: 1014, data: 254)
2026-02-26 00:13:35 - spektroskopi - WARNING - RealTimePanel: UV_360nm calibrated data uzunluk uyumsuzluğu (timestamps: 1014, data: 254)
2026-02-26 00:13:35 - spektroskopi - WARNING - RealTimePanel: Blue_450nm raw data uzunluk uyumsuzluğu (timestamps: 1014, data: 254)
2026-02-26 00:13:35 - spektroskopi - WARNING - RealTimePanel: Blue_450nm calibrated data uzunluk uyumsuzluğu (timestamps: 1014, data: 254)
2026-02-26 00:13:35 - spektroskopi - WARNING - RealTimePanel: IR_850nm raw data uzunluk uyumsuzluğu (timestamps: 1014, data: 254)
2026-02-26 00:13:35 - spektroskopi - WARNING - RealTimePanel: IR_850nm calibrated data uzunluk uyumsuzluğu (timestamps: 1014, data: 254)
2026-02-26 00:13:35 - spektroskopi - WARNING - RealTimePanel: IR_940nm raw data uzunluk uyumsuzluğu (timestamps: 1014, data: 252)
2026-02-26 00:13:35 - spektroskopi - WARNING - RealTimePanel: IR_940nm calibrated data uzunluk uyumsuzluğu (timestamps: 1014, data: 252)
2026-02-26 00:13:36 - spektroskopi - WARNING - RealTimePanel: UV_360nm raw data uzunluk uyumsuzluğu (timestamps: 1014, data: 254)
2026-02-26 00:13:36 - spektroskopi - WARNING - RealTimePanel: UV_360nm calibrated data uzunluk uyumsuzluğu (timestamps: 1014, data: 254)
2026-02-26 00:13:36 - spektroskopi - WARNING - RealTimePanel: Blue_450nm raw data uzunluk uyumsuzluğu (timestamps: 1014, data: 254)
2026-02-26 00:13:36 - spektroskopi - WARNING - RealTimePanel: Blue_450nm calibrated data uzunluk uyumsuzluğu (timestamps: 1014, data: 254)
2026-02-26 00:13:36 - spektroskopi - WARNING - RealTimePanel: IR_850nm raw data uzunluk uyumsuzluğu (timestamps: 1014, data: 254)
2026-02-26 00:13:36 - spektroskopi - WARNING - RealTimePanel: IR_850nm calibrated data uzunluk uyumsuzluğu (timestamps: 1014, data: 254)
2026-02-26 00:13:36 - spektroskopi - WARNING - RealTimePanel: IR_940nm raw data uzunluk uyumsuzluğu (timestamps: 1014, data: 252)
2026-02-26 00:13:36 - spektroskopi - WARNING - RealTimePanel: IR_940nm calibrated data uzunluk uyumsuzluğu (timestamps: 1014, data: 252)
2026-02-26 00:13:37 - spektroskopi - WARNING - RealTimePanel: UV_360nm raw data uzunluk uyumsuzluğu (timestamps: 1014, data: 254)
2026-02-26 00:13:37 - spektroskopi - WARNING - RealTimePanel: UV_360nm calibrated data uzunluk uyumsuzluğu (timestamps: 1014, data: 254)
2026-02-26 00:13:37 - spektroskopi - WARNING - RealTimePanel: Blue_450nm raw data uzunluk uyumsuzluğu (timestamps: 1014, data: 254)
2026-02-26 00:13:37 - spektroskopi - WARNING - RealTimePanel: Blue_450nm calibrated data uzunluk uyumsuzluğu (timestamps: 1014, data: 254)
2026-02-26 00:13:37 - spektroskopi - WARNING - RealTimePanel: IR_850nm raw data uzunluk uyumsuzluğu (timestamps: 1014, data: 254)
2026-02-26 00:13:37 - spektroskopi - WARNING - RealTimePanel: IR_850nm calibrated data uzunluk uyumsuzluğu (timestamps: 1014, data: 254)
2026-02-26 00:13:37 - spektroskopi - WARNING - RealTimePanel: IR_940nm raw data uzunluk uyumsuzluğu (timestamps: 1014, data: 252)
2026-02-26 00:13:37 - spektroskopi - WARNING - RealTimePanel: IR_940nm calibrated data uzunluk uyumsuzluğu (timestamps: 1014, data: 252)
2026-02-26 00:13:38 - spektroskopi - WARNING - RealTimePanel: UV_360nm raw data uzunluk uyumsuzluğu (timestamps: 1014, data: 254)
2026-02-26 00:13:38 - spektroskopi - WARNING - RealTimePanel: UV_360nm calibrated data uzunluk uyumsuzluğu (timestamps: 1014, data: 254)
2026-02-26 00:13:38 - spektroskopi - WARNING - RealTimePanel: Blue_450nm raw data uzunluk uyumsuzluğu (timestamps: 1014, data: 254)
2026-02-26 00:13:38 - spektroskopi - WARNING - RealTimePanel: Blue_450nm calibrated data uzunluk uyumsuzluğu (timestamps: 1014, data: 254)
2026-02-26 00:13:38 - spektroskopi - WARNING - RealTimePanel: IR_850nm raw data uzunluk uyumsuzluğu (timestamps: 1014, data: 254)
2026-02-26 00:13:38 - spektroskopi - WARNING - RealTimePanel: IR_850nm calibrated data uzunluk uyumsuzluğu (timestamps: 1014, data: 254)
2026-02-26 00:13:38 - spektroskopi - WARNING - RealTimePanel: IR_940nm raw data uzunluk uyumsuzluğu (timestamps: 1014, data: 252)
2026-02-26 00:13:38 - spektroskopi - WARNING - RealTimePanel: IR_940nm calibrated data uzunluk uyumsuzluğu (timestamps: 1014, data: 252)
2026-02-26 00:13:39 - spektroskopi - WARNING - RealTimePanel: UV_360nm raw data uzunluk uyumsuzluğu (timestamps: 1014, data: 254)
2026-02-26 00:13:39 - spektroskopi - WARNING - RealTimePanel: UV_360nm calibrated data uzunluk uyumsuzluğu (timestamps: 1014, data: 254)
2026-02-26 00:13:39 - spektroskopi - WARNING - RealTimePanel: Blue_450nm raw data uzunluk uyumsuzluğu (timestamps: 1014, data: 254)
2026-02-26 00:13:39 - spektroskopi - WARNING - RealTimePanel: Blue_450nm calibrated data uzunluk uyumsuzluğu (timestamps: 1014, data: 254)
2026-02-26 00:13:39 - spektroskopi - WARNING - RealTimePanel: IR_850nm raw data uzunluk uyumsuzluğu (timestamps: 1014, data: 254)
2026-02-26 00:13:39 - spektroskopi - WARNING - RealTimePanel: IR_850nm calibrated data uzunluk uyumsuzluğu (timestamps: 1014, data: 254)
2026-02-26 00:13:39 - spektroskopi - WARNING - RealTimePanel: IR_940nm raw data uzunluk uyumsuzluğu (timestamps: 1014, data: 252)
2026-02-26 00:13:39 - spektroskopi - WARNING - RealTimePanel: IR_940nm calibrated data uzunluk uyumsuzluğu (timestamps: 1014, data: 252)
2026-02-26 00:13:40 - spektroskopi - WARNING - RealTimePanel: UV_360nm raw data uzunluk uyumsuzluğu (timestamps: 1014, data: 254)
2026-02-26 00:13:40 - spektroskopi - WARNING - RealTimePanel: UV_360nm calibrated data uzunluk uyumsuzluğu (timestamps: 1014, data: 254)
2026-02-26 00:13:40 - spektroskopi - WARNING - RealTimePanel: Blue_450nm raw data uzunluk uyumsuzluğu (timestamps: 1014, data: 254)
2026-02-26 00:13:40 - spektroskopi - WARNING - RealTimePanel: Blue_450nm calibrated data uzunluk uyumsuzluğu (timestamps: 1014, data: 254)
2026-02-26 00:13:40 - spektroskopi - WARNING - RealTimePanel: IR_850nm raw data uzunluk uyumsuzluğu (timestamps: 1014, data: 254)
2026-02-26 00:13:40 - spektroskopi - WARNING - RealTimePanel: IR_850nm calibrated data uzunluk uyumsuzluğu (timestamps: 1014, data: 254)
2026-02-26 00:13:40 - spektroskopi - WARNING - RealTimePanel: IR_940nm raw data uzunluk uyumsuzluğu (timestamps: 1014, data: 252)
2026-02-26 00:13:40 - spektroskopi - WARNING - RealTimePanel: IR_940nm calibrated data uzunluk uyumsuzluğu (timestamps: 1014, data: 252)
2026-02-26 00:13:41 - spektroskopi - WARNING - RealTimePanel: UV_360nm raw data uzunluk uyumsuzluğu (timestamps: 1014, data: 254)
2026-02-26 00:13:41 - spektroskopi - WARNING - RealTimePanel: UV_360nm calibrated data uzunluk uyumsuzluğu (timestamps: 1014, data: 254)
2026-02-26 00:13:41 - spektroskopi - WARNING - RealTimePanel: Blue_450nm raw data uzunluk uyumsuzluğu (timestamps: 1014, data: 254)
2026-02-26 00:13:41 - spektroskopi - WARNING - RealTimePanel: Blue_450nm calibrated data uzunluk uyumsuzluğu (timestamps: 1014, data: 254)
2026-02-26 00:13:41 - spektroskopi - WARNING - RealTimePanel: IR_850nm raw data uzunluk uyumsuzluğu (timestamps: 1014, data: 254)
2026-02-26 00:13:41 - spektroskopi - WARNING - RealTimePanel: IR_850nm calibrated data uzunluk uyumsuzluğu (timestamps: 1014, data: 254)
2026-02-26 00:13:41 - spektroskopi - WARNING - RealTimePanel: IR_940nm raw data uzunluk uyumsuzluğu (timestamps: 1014, data: 252)
2026-02-26 00:13:41 - spektroskopi - WARNING - RealTimePanel: IR_940nm calibrated data uzunluk uyumsuzluğu (timestamps: 1014, data: 252)
2026-02-26 00:13:42 - spektroskopi - WARNING - RealTimePanel: UV_360nm raw data uzunluk uyumsuzluğu (timestamps: 1014, data: 254)
2026-02-26 00:13:42 - spektroskopi - WARNING - RealTimePanel: UV_360nm calibrated data uzunluk uyumsuzluğu (timestamps: 1014, data: 254)
2026-02-26 00:13:42 - spektroskopi - WARNING - RealTimePanel: Blue_450nm raw data uzunluk uyumsuzluğu (timestamps: 1014, data: 254)
2026-02-26 00:13:42 - spektroskopi - WARNING - RealTimePanel: Blue_450nm calibrated data uzunluk uyumsuzluğu (timestamps: 1014, data: 254)
2026-02-26 00:13:42 - spektroskopi - WARNING - RealTimePanel: IR_850nm raw data uzunluk uyumsuzluğu (timestamps: 1014, data: 254)
2026-02-26 00:13:42 - spektroskopi - WARNING - RealTimePanel: IR_850nm calibrated data uzunluk uyumsuzluğu (timestamps: 1014, data: 254)
2026-02-26 00:13:42 - spektroskopi - WARNING - RealTimePanel: IR_940nm raw data uzunluk uyumsuzluğu (timestamps: 1014, data: 252)
2026-02-26 00:13:42 - spektroskopi - WARNING - RealTimePanel: IR_940nm calibrated data uzunluk uyumsuzluğu (timestamps: 1014, data: 252)
2026-02-26 00:13:43 - spektroskopi - WARNING - RealTimePanel: UV_360nm raw data uzunluk uyumsuzluğu (timestamps: 1014, data: 254)
2026-02-26 00:13:43 - spektroskopi - WARNING - RealTimePanel: UV_360nm calibrated data uzunluk uyumsuzluğu (timestamps: 1014, data: 254)
2026-02-26 00:13:43 - spektroskopi - WARNING - RealTimePanel: Blue_450nm raw data uzunluk uyumsuzluğu (timestamps: 1014, data: 254)
2026-02-26 00:13:43 - spektroskopi - WARNING - RealTimePanel: Blue_450nm calibrated data uzunluk uyumsuzluğu (timestamps: 1014, data: 254)
2026-02-26 00:13:43 - spektroskopi - WARNING - RealTimePanel: IR_850nm raw data uzunluk uyumsuzluğu (timestamps: 1014, data: 254)
2026-02-26 00:13:43 - spektroskopi - WARNING - RealTimePanel: IR_850nm calibrated data uzunluk uyumsuzluğu (timestamps: 1014, data: 254)
2026-02-26 00:13:43 - spektroskopi - WARNING - RealTimePanel: IR_940nm raw data uzunluk uyumsuzluğu (timestamps: 1014, data: 252)
2026-02-26 00:13:43 - spektroskopi - WARNING - RealTimePanel: IR_940nm calibrated data uzunluk uyumsuzluğu (timestamps: 1014, data: 252)
2026-02-26 00:13:44 - spektroskopi - WARNING - RealTimePanel: UV_360nm raw data uzunluk uyumsuzluğu (timestamps: 1014, data: 254)
2026-02-26 00:13:44 - spektroskopi - WARNING - RealTimePanel: UV_360nm calibrated data uzunluk uyumsuzluğu (timestamps: 1014, data: 254)
2026-02-26 00:13:44 - spektroskopi - WARNING - RealTimePanel: Blue_450nm raw data uzunluk uyumsuzluğu (timestamps: 1014, data: 254)
2026-02-26 00:13:44 - spektroskopi - WARNING - RealTimePanel: Blue_450nm calibrated data uzunluk uyumsuzluğu (timestamps: 1014, data: 254)
2026-02-26 00:13:44 - spektroskopi - WARNING - RealTimePanel: IR_850nm raw data uzunluk uyumsuzluğu (timestamps: 1014, data: 254)
2026-02-26 00:13:44 - spektroskopi - WARNING - RealTimePanel: IR_850nm calibrated data uzunluk uyumsuzluğu (timestamps: 1014, data: 254)
2026-02-26 00:13:44 - spektroskopi - WARNING - RealTimePanel: IR_940nm raw data uzunluk uyumsuzluğu (timestamps: 1014, data: 252)
2026-02-26 00:13:44 - spektroskopi - WARNING - RealTimePanel: IR_940nm calibrated data uzunluk uyumsuzluğu (timestamps: 1014, data: 252)
2026-02-26 00:13:45 - spektroskopi - WARNING - RealTimePanel: UV_360nm raw data uzunluk uyumsuzluğu (timestamps: 1014, data: 254)
2026-02-26 00:13:45 - spektroskopi - WARNING - RealTimePanel: UV_360nm calibrated data uzunluk uyumsuzluğu (timestamps: 1014, data: 254)
2026-02-26 00:13:45 - spektroskopi - WARNING - RealTimePanel: Blue_450nm raw data uzunluk uyumsuzluğu (timestamps: 1014, data: 254)
2026-02-26 00:13:45 - spektroskopi - WARNING - RealTimePanel: Blue_450nm calibrated data uzunluk uyumsuzluğu (timestamps: 1014, data: 254)
2026-02-26 00:13:45 - spektroskopi - WARNING - RealTimePanel: IR_850nm raw data uzunluk uyumsuzluğu (timestamps: 1014, data: 254)
2026-02-26 00:13:45 - spektroskopi - WARNING - RealTimePanel: IR_850nm calibrated data uzunluk uyumsuzluğu (timestamps: 1014, data: 254)
2026-02-26 00:13:45 - spektroskopi - WARNING - RealTimePanel: IR_940nm raw data uzunluk uyumsuzluğu (timestamps: 1014, data: 252)
2026-02-26 00:13:45 - spektroskopi - WARNING - RealTimePanel: IR_940nm calibrated data uzunluk uyumsuzluğu (timestamps: 1014, data: 252)
2026-02-26 00:13:46 - spektroskopi - WARNING - RealTimePanel: UV_360nm raw data uzunluk uyumsuzluğu (timestamps: 1014, data: 254)
2026-02-26 00:13:46 - spektroskopi - WARNING - RealTimePanel: UV_360nm calibrated data uzunluk uyumsuzluğu (timestamps: 1014, data: 254)
2026-02-26 00:13:46 - spektroskopi - WARNING - RealTimePanel: Blue_450nm raw data uzunluk uyumsuzluğu (timestamps: 1014, data: 254)
2026-02-26 00:13:46 - spektroskopi - WARNING - RealTimePanel: Blue_450nm calibrated data uzunluk uyumsuzluğu (timestamps: 1014, data: 254)
2026-02-26 00:13:46 - spektroskopi - WARNING - RealTimePanel: IR_850nm raw data uzunluk uyumsuzluğu (timestamps: 1014, data: 254)
2026-02-26 00:13:46 - spektroskopi - WARNING - RealTimePanel: IR_850nm calibrated data uzunluk uyumsuzluğu (timestamps: 1014, data: 254)
2026-02-26 00:13:46 - spektroskopi - WARNING - RealTimePanel: IR_940nm raw data uzunluk uyumsuzluğu (timestamps: 1014, data: 252)
2026-02-26 00:13:46 - spektroskopi - WARNING - RealTimePanel: IR_940nm calibrated data uzunluk uyumsuzluğu (timestamps: 1014, data: 252)
2026-02-26 00:13:47 - spektroskopi - WARNING - RealTimePanel: UV_360nm raw data uzunluk uyumsuzluğu (timestamps: 1014, data: 254)
2026-02-26 00:13:47 - spektroskopi - WARNING - RealTimePanel: UV_360nm calibrated data uzunluk uyumsuzluğu (timestamps: 1014, data: 254)
2026-02-26 00:13:47 - spektroskopi - WARNING - RealTimePanel: Blue_450nm raw data uzunluk uyumsuzluğu (timestamps: 1014, data: 254)
2026-02-26 00:13:47 - spektroskopi - WARNING - RealTimePanel: Blue_450nm calibrated data uzunluk uyumsuzluğu (timestamps: 1014, data: 254)
2026-02-26 00:13:47 - spektroskopi - WARNING - RealTimePanel: IR_850nm raw data uzunluk uyumsuzluğu (timestamps: 1014, data: 254)
2026-02-26 00:13:47 - spektroskopi - WARNING - RealTimePanel: IR_850nm calibrated data uzunluk uyumsuzluğu (timestamps: 1014, data: 254)
2026-02-26 00:13:47 - spektroskopi - WARNING - RealTimePanel: IR_940nm raw data uzunluk uyumsuzluğu (timestamps: 1014, data: 252)
2026-02-26 00:13:47 - spektroskopi - WARNING - RealTimePanel: IR_940nm calibrated data uzunluk uyumsuzluğu (timestamps: 1014, data: 252)
2026-02-26 00:13:48 - spektroskopi - WARNING - RealTimePanel: UV_360nm raw data uzunluk uyumsuzluğu (timestamps: 1014, data: 254)
2026-02-26 00:13:48 - spektroskopi - WARNING - RealTimePanel: UV_360nm calibrated data uzunluk uyumsuzluğu (timestamps: 1014, data: 254)
2026-02-26 00:13:48 - spektroskopi - WARNING - RealTimePanel: Blue_450nm raw data uzunluk uyumsuzluğu (timestamps: 1014, data: 254)
2026-02-26 00:13:48 - spektroskopi - WARNING - RealTimePanel: Blue_450nm calibrated data uzunluk uyumsuzluğu (timestamps: 1014, data: 254)
2026-02-26 00:13:48 - spektroskopi - WARNING - RealTimePanel: IR_850nm raw data uzunluk uyumsuzluğu (timestamps: 1014, data: 254)
2026-02-26 00:13:48 - spektroskopi - WARNING - RealTimePanel: IR_850nm calibrated data uzunluk uyumsuzluğu (timestamps: 1014, data: 254)
2026-02-26 00:13:48 - spektroskopi - WARNING - RealTimePanel: IR_940nm raw data uzunluk uyumsuzluğu (timestamps: 1014, data: 252)
2026-02-26 00:13:48 - spektroskopi - WARNING - RealTimePanel: IR_940nm calibrated data uzunluk uyumsuzluğu (timestamps: 1014, data: 252)
2026-02-26 00:13:49 - spektroskopi - WARNING - RealTimePanel: UV_360nm raw data uzunluk uyumsuzluğu (timestamps: 1014, data: 254)
2026-02-26 00:13:49 - spektroskopi - WARNING - RealTimePanel: UV_360nm calibrated data uzunluk uyumsuzluğu (timestamps: 1014, data: 254)
2026-02-26 00:13:49 - spektroskopi - WARNING - RealTimePanel: Blue_450nm raw data uzunluk uyumsuzluğu (timestamps: 1014, data: 254)
2026-02-26 00:13:49 - spektroskopi - WARNING - RealTimePanel: Blue_450nm calibrated data uzunluk uyumsuzluğu (timestamps: 1014, data: 254)
2026-02-26 00:13:49 - spektroskopi - WARNING - RealTimePanel: IR_850nm raw data uzunluk uyumsuzluğu (timestamps: 1014, data: 254)
2026-02-26 00:13:49 - spektroskopi - WARNING - RealTimePanel: IR_850nm calibrated data uzunluk uyumsuzluğu (timestamps: 1014, data: 254)
2026-02-26 00:13:49 - spektroskopi - WARNING - RealTimePanel: IR_940nm raw data uzunluk uyumsuzluğu (timestamps: 1014, data: 252)
2026-02-26 00:13:49 - spektroskopi - WARNING - RealTimePanel: IR_940nm calibrated data uzunluk uyumsuzluğu (timestamps: 1014, data: 252)
2026-02-26 00:13:50 - spektroskopi - WARNING - RealTimePanel: UV_360nm raw data uzunluk uyumsuzluğu (timestamps: 1014, data: 254)
2026-02-26 00:13:50 - spektroskopi - WARNING - RealTimePanel: UV_360nm calibrated data uzunluk uyumsuzluğu (timestamps: 1014, data: 254)
2026-02-26 00:13:50 - spektroskopi - WARNING - RealTimePanel: Blue_450nm raw data uzunluk uyumsuzluğu (timestamps: 1014, data: 254)
2026-02-26 00:13:50 - spektroskopi - WARNING - RealTimePanel: Blue_450nm calibrated data uzunluk uyumsuzluğu (timestamps: 1014, data: 254)
2026-02-26 00:13:50 - spektroskopi - WARNING - RealTimePanel: IR_850nm raw data uzunluk uyumsuzluğu (timestamps: 1014, data: 254)
2026-02-26 00:13:50 - spektroskopi - WARNING - RealTimePanel: IR_850nm calibrated data uzunluk uyumsuzluğu (timestamps: 1014, data: 254)
2026-02-26 00:13:50 - spektroskopi - WARNING - RealTimePanel: IR_940nm raw data uzunluk uyumsuzluğu (timestamps: 1014, data: 252)
2026-02-26 00:13:50 - spektroskopi - WARNING - RealTimePanel: IR_940nm calibrated data uzunluk uyumsuzluğu (timestamps: 1014, data: 252)
2026-02-26 00:13:51 - spektroskopi - WARNING - RealTimePanel: UV_360nm raw data uzunluk uyumsuzluğu (timestamps: 1014, data: 254)
2026-02-26 00:13:51 - spektroskopi - WARNING - RealTimePanel: UV_360nm calibrated data uzunluk uyumsuzluğu (timestamps: 1014, data: 254)
2026-02-26 00:13:51 - spektroskopi - WARNING - RealTimePanel: Blue_450nm raw data uzunluk uyumsuzluğu (timestamps: 1014, data: 254)
2026-02-26 00:13:51 - spektroskopi - WARNING - RealTimePanel: Blue_450nm calibrated data uzunluk uyumsuzluğu (timestamps: 1014, data: 254)
2026-02-26 00:13:51 - spektroskopi - WARNING - RealTimePanel: IR_850nm raw data uzunluk uyumsuzluğu (timestamps: 1014, data: 254)
2026-02-26 00:13:51 - spektroskopi - WARNING - RealTimePanel: IR_850nm calibrated data uzunluk uyumsuzluğu (timestamps: 1014, data: 254)
2026-02-26 00:13:51 - spektroskopi - WARNING - RealTimePanel: IR_940nm raw data uzunluk uyumsuzluğu (timestamps: 1014, data: 252)
2026-02-26 00:13:51 - spektroskopi - WARNING - RealTimePanel: IR_940nm calibrated data uzunluk uyumsuzluğu (timestamps: 1014, data: 252)
2026-02-26 00:13:52 - spektroskopi - WARNING - RealTimePanel: UV_360nm raw data uzunluk uyumsuzluğu (timestamps: 1014, data: 254)
2026-02-26 00:13:52 - spektroskopi - WARNING - RealTimePanel: UV_360nm calibrated data uzunluk uyumsuzluğu (timestamps: 1014, data: 254)
2026-02-26 00:13:52 - spektroskopi - WARNING - RealTimePanel: Blue_450nm raw data uzunluk uyumsuzluğu (timestamps: 1014, data: 254)
2026-02-26 00:13:52 - spektroskopi - WARNING - RealTimePanel: Blue_450nm calibrated data uzunluk uyumsuzluğu (timestamps: 1014, data: 254)
2026-02-26 00:13:52 - spektroskopi - WARNING - RealTimePanel: IR_850nm raw data uzunluk uyumsuzluğu (timestamps: 1014, data: 254)
2026-02-26 00:13:52 - spektroskopi - WARNING - RealTimePanel: IR_850nm calibrated data uzunluk uyumsuzluğu (timestamps: 1014, data: 254)
2026-02-26 00:13:52 - spektroskopi - WARNING - RealTimePanel: IR_940nm raw data uzunluk uyumsuzluğu (timestamps: 1014, data: 252)
2026-02-26 00:13:52 - spektroskopi - WARNING - RealTimePanel: IR_940nm calibrated data uzunluk uyumsuzluğu (timestamps: 1014, data: 252)
2026-02-26 00:13:53 - spektroskopi - WARNING - RealTimePanel: UV_360nm raw data uzunluk uyumsuzluğu (timestamps: 1014, data: 254)
2026-02-26 00:13:53 - spektroskopi - WARNING - RealTimePanel: UV_360nm calibrated data uzunluk uyumsuzluğu (timestamps: 1014, data: 254)
2026-02-26 00:13:53 - spektroskopi - WARNING - RealTimePanel: Blue_450nm raw data uzunluk uyumsuzluğu (timestamps: 1014, data: 254)
2026-02-26 00:13:53 - spektroskopi - WARNING - RealTimePanel: Blue_450nm calibrated data uzunluk uyumsuzluğu (timestamps: 1014, data: 254)
2026-02-26 00:13:53 - spektroskopi - WARNING - RealTimePanel: IR_850nm raw data uzunluk uyumsuzluğu (timestamps: 1014, data: 254)
2026-02-26 00:13:53 - spektroskopi - WARNING - RealTimePanel: IR_850nm calibrated data uzunluk uyumsuzluğu (timestamps: 1014, data: 254)
2026-02-26 00:13:53 - spektroskopi - WARNING - RealTimePanel: IR_940nm raw data uzunluk uyumsuzluğu (timestamps: 1014, data: 252)
2026-02-26 00:13:53 - spektroskopi - WARNING - RealTimePanel: IR_940nm calibrated data uzunluk uyumsuzluğu (timestamps: 1014, data: 252)
2026-02-26 00:13:54 - spektroskopi - WARNING - RealTimePanel: UV_360nm raw data uzunluk uyumsuzluğu (timestamps: 1014, data: 254)
2026-02-26 00:13:54 - spektroskopi - WARNING - RealTimePanel: UV_360nm calibrated data uzunluk uyumsuzluğu (timestamps: 1014, data: 254)
2026-02-26 00:13:54 - spektroskopi - WARNING - RealTimePanel: Blue_450nm raw data uzunluk uyumsuzluğu (timestamps: 1014, data: 254)
2026-02-26 00:13:54 - spektroskopi - WARNING - RealTimePanel: Blue_450nm calibrated data uzunluk uyumsuzluğu (timestamps: 1014, data: 254)
2026-02-26 00:13:54 - spektroskopi - WARNING - RealTimePanel: IR_850nm raw data uzunluk uyumsuzluğu (timestamps: 1014, data: 254)
2026-02-26 00:13:54 - spektroskopi - WARNING - RealTimePanel: IR_850nm calibrated data uzunluk uyumsuzluğu (timestamps: 1014, data: 254)
2026-02-26 00:13:54 - spektroskopi - WARNING - RealTimePanel: IR_940nm raw data uzunluk uyumsuzluğu (timestamps: 1014, data: 252)
2026-02-26 00:13:54 - spektroskopi - WARNING - RealTimePanel: IR_940nm calibrated data uzunluk uyumsuzluğu (timestamps: 1014, data: 252)
2026-02-26 00:13:55 - spektroskopi - WARNING - RealTimePanel: UV_360nm raw data uzunluk uyumsuzluğu (timestamps: 1014, data: 254)
2026-02-26 00:13:55 - spektroskopi - WARNING - RealTimePanel: UV_360nm calibrated data uzunluk uyumsuzluğu (timestamps: 1014, data: 254)
2026-02-26 00:13:55 - spektroskopi - WARNING - RealTimePanel: Blue_450nm raw data uzunluk uyumsuzluğu (timestamps: 1014, data: 254)
2026-02-26 00:13:55 - spektroskopi - WARNING - RealTimePanel: Blue_450nm calibrated data uzunluk uyumsuzluğu (timestamps: 1014, data: 254)
2026-02-26 00:13:55 - spektroskopi - WARNING - RealTimePanel: IR_850nm raw data uzunluk uyumsuzluğu (timestamps: 1014, data: 254)
2026-02-26 00:13:55 - spektroskopi - WARNING - RealTimePanel: IR_850nm calibrated data uzunluk uyumsuzluğu (timestamps: 1014, data: 254)
2026-02-26 00:13:55 - spektroskopi - WARNING - RealTimePanel: IR_940nm raw data uzunluk uyumsuzluğu (timestamps: 1014, data: 252)
2026-02-26 00:13:55 - spektroskopi - WARNING - RealTimePanel: IR_940nm calibrated data uzunluk uyumsuzluğu (timestamps: 1014, data: 252)
2026-02-26 00:13:56 - spektroskopi - WARNING - RealTimePanel: UV_360nm raw data uzunluk uyumsuzluğu (timestamps: 1014, data: 254)
2026-02-26 00:13:56 - spektroskopi - WARNING - RealTimePanel: UV_360nm calibrated data uzunluk uyumsuzluğu (timestamps: 1014, data: 254)
2026-02-26 00:13:56 - spektroskopi - WARNING - RealTimePanel: Blue_450nm raw data uzunluk uyumsuzluğu (timestamps: 1014, data: 254)
2026-02-26 00:13:56 - spektroskopi - WARNING - RealTimePanel: Blue_450nm calibrated data uzunluk uyumsuzluğu (timestamps: 1014, data: 254)
2026-02-26 00:13:56 - spektroskopi - WARNING - RealTimePanel: IR_850nm raw data uzunluk uyumsuzluğu (timestamps: 1014, data: 254)
2026-02-26 00:13:56 - spektroskopi - WARNING - RealTimePanel: IR_850nm calibrated data uzunluk uyumsuzluğu (timestamps: 1014, data: 254)
2026-02-26 00:13:56 - spektroskopi - WARNING - RealTimePanel: IR_940nm raw data uzunluk uyumsuzluğu (timestamps: 1014, data: 252)
2026-02-26 00:13:56 - spektroskopi - WARNING - RealTimePanel: IR_940nm calibrated data uzunluk uyumsuzluğu (timestamps: 1014, data: 252)
2026-02-26 00:13:57 - spektroskopi - WARNING - RealTimePanel: UV_360nm raw data uzunluk uyumsuzluğu (timestamps: 1014, data: 254)
2026-02-26 00:13:57 - spektroskopi - WARNING - RealTimePanel: UV_360nm calibrated data uzunluk uyumsuzluğu (timestamps: 1014, data: 254)
2026-02-26 00:13:57 - spektroskopi - WARNING - RealTimePanel: Blue_450nm raw data uzunluk uyumsuzluğu (timestamps: 1014, data: 254)
2026-02-26 00:13:57 - spektroskopi - WARNING - RealTimePanel: Blue_450nm calibrated data uzunluk uyumsuzluğu (timestamps: 1014, data: 254)
2026-02-26 00:13:57 - spektroskopi - WARNING - RealTimePanel: IR_850nm raw data uzunluk uyumsuzluğu (timestamps: 1014, data: 254)
2026-02-26 00:13:57 - spektroskopi - WARNING - RealTimePanel: IR_850nm calibrated data uzunluk uyumsuzluğu (timestamps: 1014, data: 254)
2026-02-26 00:13:57 - spektroskopi - WARNING - RealTimePanel: IR_940nm raw data uzunluk uyumsuzluğu (timestamps: 1014, data: 252)
2026-02-26 00:13:57 - spektroskopi - WARNING - RealTimePanel: IR_940nm calibrated data uzunluk uyumsuzluğu (timestamps: 1014, data: 252)
2026-02-26 00:13:58 - spektroskopi - WARNING - RealTimePanel: UV_360nm raw data uzunluk uyumsuzluğu (timestamps: 1014, data: 254)
2026-02-26 00:13:58 - spektroskopi - WARNING - RealTimePanel: UV_360nm calibrated data uzunluk uyumsuzluğu (timestamps: 1014, data: 254)
2026-02-26 00:13:58 - spektroskopi - WARNING - RealTimePanel: Blue_450nm raw data uzunluk uyumsuzluğu (timestamps: 1014, data: 254)
2026-02-26 00:13:58 - spektroskopi - WARNING - RealTimePanel: Blue_450nm calibrated data uzunluk uyumsuzluğu (timestamps: 1014, data: 254)
2026-02-26 00:13:58 - spektroskopi - WARNING - RealTimePanel: IR_850nm raw data uzunluk uyumsuzluğu (timestamps: 1014, data: 254)
2026-02-26 00:13:58 - spektroskopi - WARNING - RealTimePanel: IR_850nm calibrated data uzunluk uyumsuzluğu (timestamps: 1014, data: 254)
2026-02-26 00:13:58 - spektroskopi - WARNING - RealTimePanel: IR_940nm raw data uzunluk uyumsuzluğu (timestamps: 1014, data: 252)
2026-02-26 00:13:58 - spektroskopi - WARNING - RealTimePanel: IR_940nm calibrated data uzunluk uyumsuzluğu (timestamps: 1014, data: 252)
2026-02-26 00:13:59 - spektroskopi - WARNING - RealTimePanel: UV_360nm raw data uzunluk uyumsuzluğu (timestamps: 1014, data: 254)
2026-02-26 00:13:59 - spektroskopi - WARNING - RealTimePanel: UV_360nm calibrated data uzunluk uyumsuzluğu (timestamps: 1014, data: 254)
2026-02-26 00:13:59 - spektroskopi - WARNING - RealTimePanel: Blue_450nm raw data uzunluk uyumsuzluğu (timestamps: 1014, data: 254)
2026-02-26 00:13:59 - spektroskopi - WARNING - RealTimePanel: Blue_450nm calibrated data uzunluk uyumsuzluğu (timestamps: 1014, data: 254)
2026-02-26 00:13:59 - spektroskopi - WARNING - RealTimePanel: IR_850nm raw data uzunluk uyumsuzluğu (timestamps: 1014, data: 254)
2026-02-26 00:13:59 - spektroskopi - WARNING - RealTimePanel: IR_850nm calibrated data uzunluk uyumsuzluğu (timestamps: 1014, data: 254)
2026-02-26 00:13:59 - spektroskopi - WARNING - RealTimePanel: IR_940nm raw data uzunluk uyumsuzluğu (timestamps: 1014, data: 252)
2026-02-26 00:13:59 - spektroskopi - WARNING - RealTimePanel: IR_940nm calibrated data uzunluk uyumsuzluğu (timestamps: 1014, data: 252)
2026-02-26 00:14:00 - spektroskopi - WARNING - RealTimePanel: UV_360nm raw data uzunluk uyumsuzluğu (timestamps: 1014, data: 254)
2026-02-26 00:14:00 - spektroskopi - WARNING - RealTimePanel: UV_360nm calibrated data uzunluk uyumsuzluğu (timestamps: 1014, data: 254)
2026-02-26 00:14:00 - spektroskopi - WARNING - RealTimePanel: Blue_450nm raw data uzunluk uyumsuzluğu (timestamps: 1014, data: 254)
2026-02-26 00:14:00 - spektroskopi - WARNING - RealTimePanel: Blue_450nm calibrated data uzunluk uyumsuzluğu (timestamps: 1014, data: 254)
2026-02-26 00:14:00 - spektroskopi - WARNING - RealTimePanel: IR_850nm raw data uzunluk uyumsuzluğu (timestamps: 1014, data: 254)
2026-02-26 00:14:00 - spektroskopi - WARNING - RealTimePanel: IR_850nm calibrated data uzunluk uyumsuzluğu (timestamps: 1014, data: 254)
2026-02-26 00:14:00 - spektroskopi - WARNING - RealTimePanel: IR_940nm raw data uzunluk uyumsuzluğu (timestamps: 1014, data: 252)
2026-02-26 00:14:00 - spektroskopi - WARNING - RealTimePanel: IR_940nm calibrated data uzunluk uyumsuzluğu (timestamps: 1014, data: 252)
2026-02-26 00:14:01 - spektroskopi - WARNING - RealTimePanel: UV_360nm raw data uzunluk uyumsuzluğu (timestamps: 1014, data: 254)
2026-02-26 00:14:01 - spektroskopi - WARNING - RealTimePanel: UV_360nm calibrated data uzunluk uyumsuzluğu (timestamps: 1014, data: 254)
2026-02-26 00:14:01 - spektroskopi - WARNING - RealTimePanel: Blue_450nm raw data uzunluk uyumsuzluğu (timestamps: 1014, data: 254)
2026-02-26 00:14:01 - spektroskopi - WARNING - RealTimePanel: Blue_450nm calibrated data uzunluk uyumsuzluğu (timestamps: 1014, data: 254)
2026-02-26 00:14:01 - spektroskopi - WARNING - RealTimePanel: IR_850nm raw data uzunluk uyumsuzluğu (timestamps: 1014, data: 254)
2026-02-26 00:14:01 - spektroskopi - WARNING - RealTimePanel: IR_850nm calibrated data uzunluk uyumsuzluğu (timestamps: 1014, data: 254)
2026-02-26 00:14:01 - spektroskopi - WARNING - RealTimePanel: IR_940nm raw data uzunluk uyumsuzluğu (timestamps: 1014, data: 252)
2026-02-26 00:14:01 - spektroskopi - WARNING - RealTimePanel: IR_940nm calibrated data uzunluk uyumsuzluğu (timestamps: 1014, data: 252)
2026-02-26 00:14:02 - spektroskopi - WARNING - RealTimePanel: UV_360nm raw data uzunluk uyumsuzluğu (timestamps: 1014, data: 254)
2026-02-26 00:14:02 - spektroskopi - WARNING - RealTimePanel: UV_360nm calibrated data uzunluk uyumsuzluğu (timestamps: 1014, data: 254)
2026-02-26 00:14:02 - spektroskopi - WARNING - RealTimePanel: Blue_450nm raw data uzunluk uyumsuzluğu (timestamps: 1014, data: 254)
2026-02-26 00:14:02 - spektroskopi - WARNING - RealTimePanel: Blue_450nm calibrated data uzunluk uyumsuzluğu (timestamps: 1014, data: 254)
2026-02-26 00:14:02 - spektroskopi - WARNING - RealTimePanel: IR_850nm raw data uzunluk uyumsuzluğu (timestamps: 1014, data: 254)
2026-02-26 00:14:02 - spektroskopi - WARNING - RealTimePanel: IR_850nm calibrated data uzunluk uyumsuzluğu (timestamps: 1014, data: 254)
2026-02-26 00:14:02 - spektroskopi - WARNING - RealTimePanel: IR_940nm raw data uzunluk uyumsuzluğu (timestamps: 1014, data: 252)
2026-02-26 00:14:02 - spektroskopi - WARNING - RealTimePanel: IR_940nm calibrated data uzunluk uyumsuzluğu (timestamps: 1014, data: 252)
2026-02-26 00:14:03 - spektroskopi - WARNING - RealTimePanel: UV_360nm raw data uzunluk uyumsuzluğu (timestamps: 1014, data: 254)
2026-02-26 00:14:03 - spektroskopi - WARNING - RealTimePanel: UV_360nm calibrated data uzunluk uyumsuzluğu (timestamps: 1014, data: 254)
2026-02-26 00:14:03 - spektroskopi - WARNING - RealTimePanel: Blue_450nm raw data uzunluk uyumsuzluğu (timestamps: 1014, data: 254)
2026-02-26 00:14:03 - spektroskopi - WARNING - RealTimePanel: Blue_450nm calibrated data uzunluk uyumsuzluğu (timestamps: 1014, data: 254)
2026-02-26 00:14:03 - spektroskopi - WARNING - RealTimePanel: IR_850nm raw data uzunluk uyumsuzluğu (timestamps: 1014, data: 254)
2026-02-26 00:14:03 - spektroskopi - WARNING - RealTimePanel: IR_850nm calibrated data uzunluk uyumsuzluğu (timestamps: 1014, data: 254)
2026-02-26 00:14:03 - spektroskopi - WARNING - RealTimePanel: IR_940nm raw data uzunluk uyumsuzluğu (timestamps: 1014, data: 252)
2026-02-26 00:14:03 - spektroskopi - WARNING - RealTimePanel: IR_940nm calibrated data uzunluk uyumsuzluğu (timestamps: 1014, data: 252)
2026-02-26 00:14:04 - spektroskopi - WARNING - RealTimePanel: UV_360nm raw data uzunluk uyumsuzluğu (timestamps: 1014, data: 254)
2026-02-26 00:14:04 - spektroskopi - WARNING - RealTimePanel: UV_360nm calibrated data uzunluk uyumsuzluğu (timestamps: 1014, data: 254)
2026-02-26 00:14:04 - spektroskopi - WARNING - RealTimePanel: Blue_450nm raw data uzunluk uyumsuzluğu (timestamps: 1014, data: 254)
2026-02-26 00:14:04 - spektroskopi - WARNING - RealTimePanel: Blue_450nm calibrated data uzunluk uyumsuzluğu (timestamps: 1014, data: 254)
2026-02-26 00:14:04 - spektroskopi - WARNING - RealTimePanel: IR_850nm raw data uzunluk uyumsuzluğu (timestamps: 1014, data: 254)
2026-02-26 00:14:04 - spektroskopi - WARNING - RealTimePanel: IR_850nm calibrated data uzunluk uyumsuzluğu (timestamps: 1014, data: 254)
2026-02-26 00:14:04 - spektroskopi - WARNING - RealTimePanel: IR_940nm raw data uzunluk uyumsuzluğu (timestamps: 1014, data: 252)
2026-02-26 00:14:04 - spektroskopi - WARNING - RealTimePanel: IR_940nm calibrated data uzunluk uyumsuzluğu (timestamps: 1014, data: 252)
2026-02-26 00:14:05 - spektroskopi - WARNING - RealTimePanel: UV_360nm raw data uzunluk uyumsuzluğu (timestamps: 1014, data: 254)
2026-02-26 00:14:05 - spektroskopi - WARNING - RealTimePanel: UV_360nm calibrated data uzunluk uyumsuzluğu (timestamps: 1014, data: 254)
2026-02-26 00:14:05 - spektroskopi - WARNING - RealTimePanel: Blue_450nm raw data uzunluk uyumsuzluğu (timestamps: 1014, data: 254)
2026-02-26 00:14:05 - spektroskopi - WARNING - RealTimePanel: Blue_450nm calibrated data uzunluk uyumsuzluğu (timestamps: 1014, data: 254)
2026-02-26 00:14:05 - spektroskopi - WARNING - RealTimePanel: IR_850nm raw data uzunluk uyumsuzluğu (timestamps: 1014, data: 254)
2026-02-26 00:14:05 - spektroskopi - WARNING - RealTimePanel: IR_850nm calibrated data uzunluk uyumsuzluğu (timestamps: 1014, data: 254)
2026-02-26 00:14:05 - spektroskopi - WARNING - RealTimePanel: IR_940nm raw data uzunluk uyumsuzluğu (timestamps: 1014, data: 252)
2026-02-26 00:14:05 - spektroskopi - WARNING - RealTimePanel: IR_940nm calibrated data uzunluk uyumsuzluğu (timestamps: 1014, data: 252)
2026-02-26 00:14:06 - spektroskopi - WARNING - RealTimePanel: UV_360nm raw data uzunluk uyumsuzluğu (timestamps: 1014, data: 254)
2026-02-26 00:14:06 - spektroskopi - WARNING - RealTimePanel: UV_360nm calibrated data uzunluk uyumsuzluğu (timestamps: 1014, data: 254)
2026-02-26 00:14:06 - spektroskopi - WARNING - RealTimePanel: Blue_450nm raw data uzunluk uyumsuzluğu (timestamps: 1014, data: 254)
2026-02-26 00:14:06 - spektroskopi - WARNING - RealTimePanel: Blue_450nm calibrated data uzunluk uyumsuzluğu (timestamps: 1014, data: 254)
2026-02-26 00:14:06 - spektroskopi - WARNING - RealTimePanel: IR_850nm raw data uzunluk uyumsuzluğu (timestamps: 1014, data: 254)
2026-02-26 00:14:06 - spektroskopi - WARNING - RealTimePanel: IR_850nm calibrated data uzunluk uyumsuzluğu (timestamps: 1014, data: 254)
2026-02-26 00:14:06 - spektroskopi - WARNING - RealTimePanel: IR_940nm raw data uzunluk uyumsuzluğu (timestamps: 1014, data: 252)
2026-02-26 00:14:06 - spektroskopi - WARNING - RealTimePanel: IR_940nm calibrated data uzunluk uyumsuzluğu (timestamps: 1014, data: 252)
2026-02-26 00:14:07 - spektroskopi - WARNING - RealTimePanel: UV_360nm raw data uzunluk uyumsuzluğu (timestamps: 1014, data: 254)
2026-02-26 00:14:07 - spektroskopi - WARNING - RealTimePanel: UV_360nm calibrated data uzunluk uyumsuzluğu (timestamps: 1014, data: 254)
2026-02-26 00:14:07 - spektroskopi - WARNING - RealTimePanel: Blue_450nm raw data uzunluk uyumsuzluğu (timestamps: 1014, data: 254)
2026-02-26 00:14:07 - spektroskopi - WARNING - RealTimePanel: Blue_450nm calibrated data uzunluk uyumsuzluğu (timestamps: 1014, data: 254)
2026-02-26 00:14:07 - spektroskopi - WARNING - RealTimePanel: IR_850nm raw data uzunluk uyumsuzluğu (timestamps: 1014, data: 254)
2026-02-26 00:14:07 - spektroskopi - WARNING - RealTimePanel: IR_850nm calibrated data uzunluk uyumsuzluğu (timestamps: 1014, data: 254)
2026-02-26 00:14:07 - spektroskopi - WARNING - RealTimePanel: IR_940nm raw data uzunluk uyumsuzluğu (timestamps: 1014, data: 252)
2026-02-26 00:14:07 - spektroskopi - WARNING - RealTimePanel: IR_940nm calibrated data uzunluk uyumsuzluğu (timestamps: 1014, data: 252)
2026-02-26 00:14:08 - spektroskopi - WARNING - RealTimePanel: UV_360nm raw data uzunluk uyumsuzluğu (timestamps: 1014, data: 254)
2026-02-26 00:14:08 - spektroskopi - WARNING - RealTimePanel: UV_360nm calibrated data uzunluk uyumsuzluğu (timestamps: 1014, data: 254)
2026-02-26 00:14:08 - spektroskopi - WARNING - RealTimePanel: Blue_450nm raw data uzunluk uyumsuzluğu (timestamps: 1014, data: 254)
2026-02-26 00:14:08 - spektroskopi - WARNING - RealTimePanel: Blue_450nm calibrated data uzunluk uyumsuzluğu (timestamps: 1014, data: 254)
2026-02-26 00:14:08 - spektroskopi - WARNING - RealTimePanel: IR_850nm raw data uzunluk uyumsuzluğu (timestamps: 1014, data: 254)
2026-02-26 00:14:08 - spektroskopi - WARNING - RealTimePanel: IR_850nm calibrated data uzunluk uyumsuzluğu (timestamps: 1014, data: 254)
2026-02-26 00:14:08 - spektroskopi - WARNING - RealTimePanel: IR_940nm raw data uzunluk uyumsuzluğu (timestamps: 1014, data: 252)
2026-02-26 00:14:08 - spektroskopi - WARNING - RealTimePanel: IR_940nm calibrated data uzunluk uyumsuzluğu (timestamps: 1014, data: 252)
2026-02-26 00:14:09 - spektroskopi - WARNING - RealTimePanel: UV_360nm raw data uzunluk uyumsuzluğu (timestamps: 1014, data: 254)
2026-02-26 00:14:09 - spektroskopi - WARNING - RealTimePanel: UV_360nm calibrated data uzunluk uyumsuzluğu (timestamps: 1014, data: 254)
2026-02-26 00:14:09 - spektroskopi - WARNING - RealTimePanel: Blue_450nm raw data uzunluk uyumsuzluğu (timestamps: 1014, data: 254)
2026-02-26 00:14:09 - spektroskopi - WARNING - RealTimePanel: Blue_450nm calibrated data uzunluk uyumsuzluğu (timestamps: 1014, data: 254)
2026-02-26 00:14:09 - spektroskopi - WARNING - RealTimePanel: IR_850nm raw data uzunluk uyumsuzluğu (timestamps: 1014, data: 254)
2026-02-26 00:14:09 - spektroskopi - WARNING - RealTimePanel: IR_850nm calibrated data uzunluk uyumsuzluğu (timestamps: 1014, data: 254)
2026-02-26 00:14:09 - spektroskopi - WARNING - RealTimePanel: IR_940nm raw data uzunluk uyumsuzluğu (timestamps: 1014, data: 252)
2026-02-26 00:14:09 - spektroskopi - WARNING - RealTimePanel: IR_940nm calibrated data uzunluk uyumsuzluğu (timestamps: 1014, data: 252)
2026-02-26 00:14:10 - spektroskopi - WARNING - RealTimePanel: UV_360nm raw data uzunluk uyumsuzluğu (timestamps: 1014, data: 254)
2026-02-26 00:14:10 - spektroskopi - WARNING - RealTimePanel: UV_360nm calibrated data uzunluk uyumsuzluğu (timestamps: 1014, data: 254)
2026-02-26 00:14:10 - spektroskopi - WARNING - RealTimePanel: Blue_450nm raw data uzunluk uyumsuzluğu (timestamps: 1014, data: 254)
2026-02-26 00:14:10 - spektroskopi - WARNING - RealTimePanel: Blue_450nm calibrated data uzunluk uyumsuzluğu (timestamps: 1014, data: 254)
2026-02-26 00:14:10 - spektroskopi - WARNING - RealTimePanel: IR_850nm raw data uzunluk uyumsuzluğu (timestamps: 1014, data: 254)
2026-02-26 00:14:10 - spektroskopi - WARNING - RealTimePanel: IR_850nm calibrated data uzunluk uyumsuzluğu (timestamps: 1014, data: 254)
2026-02-26 00:14:10 - spektroskopi - WARNING - RealTimePanel: IR_940nm raw data uzunluk uyumsuzluğu (timestamps: 1014, data: 252)
2026-02-26 00:14:10 - spektroskopi - WARNING - RealTimePanel: IR_940nm calibrated data uzunluk uyumsuzluğu (timestamps: 1014, data: 252)
2026-02-26 00:14:11 - spektroskopi - WARNING - RealTimePanel: UV_360nm raw data uzunluk uyumsuzluğu (timestamps: 1014, data: 254)
2026-02-26 00:14:11 - spektroskopi - WARNING - RealTimePanel: UV_360nm calibrated data uzunluk uyumsuzluğu (timestamps: 1014, data: 254)
2026-02-26 00:14:11 - spektroskopi - WARNING - RealTimePanel: Blue_450nm raw data uzunluk uyumsuzluğu (timestamps: 1014, data: 254)
2026-02-26 00:14:11 - spektroskopi - WARNING - RealTimePanel: Blue_450nm calibrated data uzunluk uyumsuzluğu (timestamps: 1014, data: 254)
2026-02-26 00:14:11 - spektroskopi - WARNING - RealTimePanel: IR_850nm raw data uzunluk uyumsuzluğu (timestamps: 1014, data: 254)
2026-02-26 00:14:11 - spektroskopi - WARNING - RealTimePanel: IR_850nm calibrated data uzunluk uyumsuzluğu (timestamps: 1014, data: 254)
2026-02-26 00:14:11 - spektroskopi - WARNING - RealTimePanel: IR_940nm raw data uzunluk uyumsuzluğu (timestamps: 1014, data: 252)
2026-02-26 00:14:11 - spektroskopi - WARNING - RealTimePanel: IR_940nm calibrated data uzunluk uyumsuzluğu (timestamps: 1014, data: 252)
2026-02-26 00:14:12 - spektroskopi - WARNING - RealTimePanel: UV_360nm raw data uzunluk uyumsuzluğu (timestamps: 1014, data: 254)
2026-02-26 00:14:12 - spektroskopi - WARNING - RealTimePanel: UV_360nm calibrated data uzunluk uyumsuzluğu (timestamps: 1014, data: 254)
2026-02-26 00:14:12 - spektroskopi - WARNING - RealTimePanel: Blue_450nm raw data uzunluk uyumsuzluğu (timestamps: 1014, data: 254)
2026-02-26 00:14:12 - spektroskopi - WARNING - RealTimePanel: Blue_450nm calibrated data uzunluk uyumsuzluğu (timestamps: 1014, data: 254)
2026-02-26 00:14:12 - spektroskopi - WARNING - RealTimePanel: IR_850nm raw data uzunluk uyumsuzluğu (timestamps: 1014, data: 254)
2026-02-26 00:14:12 - spektroskopi - WARNING - RealTimePanel: IR_850nm calibrated data uzunluk uyumsuzluğu (timestamps: 1014, data: 254)
2026-02-26 00:14:12 - spektroskopi - WARNING - RealTimePanel: IR_940nm raw data uzunluk uyumsuzluğu (timestamps: 1014, data: 252)
2026-02-26 00:14:12 - spektroskopi - WARNING - RealTimePanel: IR_940nm calibrated data uzunluk uyumsuzluğu (timestamps: 1014, data: 252)
2026-02-26 00:14:13 - spektroskopi - WARNING - RealTimePanel: UV_360nm raw data uzunluk uyumsuzluğu (timestamps: 1014, data: 254)
2026-02-26 00:14:13 - spektroskopi - WARNING - RealTimePanel: UV_360nm calibrated data uzunluk uyumsuzluğu (timestamps: 1014, data: 254)
2026-02-26 00:14:13 - spektroskopi - WARNING - RealTimePanel: Blue_450nm raw data uzunluk uyumsuzluğu (timestamps: 1014, data: 254)
2026-02-26 00:14:13 - spektroskopi - WARNING - RealTimePanel: Blue_450nm calibrated data uzunluk uyumsuzluğu (timestamps: 1014, data: 254)
2026-02-26 00:14:13 - spektroskopi - WARNING - RealTimePanel: IR_850nm raw data uzunluk uyumsuzluğu (timestamps: 1014, data: 254)
2026-02-26 00:14:13 - spektroskopi - WARNING - RealTimePanel: IR_850nm calibrated data uzunluk uyumsuzluğu (timestamps: 1014, data: 254)
2026-02-26 00:14:13 - spektroskopi - WARNING - RealTimePanel: IR_940nm raw data uzunluk uyumsuzluğu (timestamps: 1014, data: 252)
2026-02-26 00:14:13 - spektroskopi - WARNING - RealTimePanel: IR_940nm calibrated data uzunluk uyumsuzluğu (timestamps: 1014, data: 252)
2026-02-26 00:14:14 - spektroskopi - WARNING - RealTimePanel: UV_360nm raw data uzunluk uyumsuzluğu (timestamps: 1014, data: 254)
2026-02-26 00:14:14 - spektroskopi - WARNING - RealTimePanel: UV_360nm calibrated data uzunluk uyumsuzluğu (timestamps: 1014, data: 254)
2026-02-26 00:14:14 - spektroskopi - WARNING - RealTimePanel: Blue_450nm raw data uzunluk uyumsuzluğu (timestamps: 1014, data: 254)
2026-02-26 00:14:14 - spektroskopi - WARNING - RealTimePanel: Blue_450nm calibrated data uzunluk uyumsuzluğu (timestamps: 1014, data: 254)
2026-02-26 00:14:14 - spektroskopi - WARNING - RealTimePanel: IR_850nm raw data uzunluk uyumsuzluğu (timestamps: 1014, data: 254)
2026-02-26 00:14:14 - spektroskopi - WARNING - RealTimePanel: IR_850nm calibrated data uzunluk uyumsuzluğu (timestamps: 1014, data: 254)
2026-02-26 00:14:14 - spektroskopi - WARNING - RealTimePanel: IR_940nm raw data uzunluk uyumsuzluğu (timestamps: 1014, data: 252)
2026-02-26 00:14:14 - spektroskopi - WARNING - RealTimePanel: IR_940nm calibrated data uzunluk uyumsuzluğu (timestamps: 1014, data: 252)
2026-02-26 00:14:15 - spektroskopi - WARNING - RealTimePanel: UV_360nm raw data uzunluk uyumsuzluğu (timestamps: 1014, data: 254)
2026-02-26 00:14:15 - spektroskopi - WARNING - RealTimePanel: UV_360nm calibrated data uzunluk uyumsuzluğu (timestamps: 1014, data: 254)
2026-02-26 00:14:15 - spektroskopi - WARNING - RealTimePanel: Blue_450nm raw data uzunluk uyumsuzluğu (timestamps: 1014, data: 254)
2026-02-26 00:14:15 - spektroskopi - WARNING - RealTimePanel: Blue_450nm calibrated data uzunluk uyumsuzluğu (timestamps: 1014, data: 254)
2026-02-26 00:14:15 - spektroskopi - WARNING - RealTimePanel: IR_850nm raw data uzunluk uyumsuzluğu (timestamps: 1014, data: 254)
2026-02-26 00:14:15 - spektroskopi - WARNING - RealTimePanel: IR_850nm calibrated data uzunluk uyumsuzluğu (timestamps: 1014, data: 254)
2026-02-26 00:14:15 - spektroskopi - WARNING - RealTimePanel: IR_940nm raw data uzunluk uyumsuzluğu (timestamps: 1014, data: 252)
2026-02-26 00:14:15 - spektroskopi - WARNING - RealTimePanel: IR_940nm calibrated data uzunluk uyumsuzluğu (timestamps: 1014, data: 252)
2026-02-26 00:14:16 - spektroskopi - WARNING - RealTimePanel: UV_360nm raw data uzunluk uyumsuzluğu (timestamps: 1014, data: 254)
2026-02-26 00:14:16 - spektroskopi - WARNING - RealTimePanel: UV_360nm calibrated data uzunluk uyumsuzluğu (timestamps: 1014, data: 254)
2026-02-26 00:14:16 - spektroskopi - WARNING - RealTimePanel: Blue_450nm raw data uzunluk uyumsuzluğu (timestamps: 1014, data: 254)
2026-02-26 00:14:16 - spektroskopi - WARNING - RealTimePanel: Blue_450nm calibrated data uzunluk uyumsuzluğu (timestamps: 1014, data: 254)
2026-02-26 00:14:16 - spektroskopi - WARNING - RealTimePanel: IR_850nm raw data uzunluk uyumsuzluğu (timestamps: 1014, data: 254)
2026-02-26 00:14:16 - spektroskopi - WARNING - RealTimePanel: IR_850nm calibrated data uzunluk uyumsuzluğu (timestamps: 1014, data: 254)
2026-02-26 00:14:16 - spektroskopi - WARNING - RealTimePanel: IR_940nm raw data uzunluk uyumsuzluğu (timestamps: 1014, data: 252)
2026-02-26 00:14:16 - spektroskopi - WARNING - RealTimePanel: IR_940nm calibrated data uzunluk uyumsuzluğu (timestamps: 1014, data: 252)
2026-02-26 00:14:17 - spektroskopi - WARNING - RealTimePanel: UV_360nm raw data uzunluk uyumsuzluğu (timestamps: 1014, data: 254)
2026-02-26 00:14:17 - spektroskopi - WARNING - RealTimePanel: UV_360nm calibrated data uzunluk uyumsuzluğu (timestamps: 1014, data: 254)
2026-02-26 00:14:17 - spektroskopi - WARNING - RealTimePanel: Blue_450nm raw data uzunluk uyumsuzluğu (timestamps: 1014, data: 254)
2026-02-26 00:14:17 - spektroskopi - WARNING - RealTimePanel: Blue_450nm calibrated data uzunluk uyumsuzluğu (timestamps: 1014, data: 254)
2026-02-26 00:14:17 - spektroskopi - WARNING - RealTimePanel: IR_850nm raw data uzunluk uyumsuzluğu (timestamps: 1014, data: 254)
2026-02-26 00:14:17 - spektroskopi - WARNING - RealTimePanel: IR_850nm calibrated data uzunluk uyumsuzluğu (timestamps: 1014, data: 254)
2026-02-26 00:14:17 - spektroskopi - WARNING - RealTimePanel: IR_940nm raw data uzunluk uyumsuzluğu (timestamps: 1014, data: 252)
2026-02-26 00:14:17 - spektroskopi - WARNING - RealTimePanel: IR_940nm calibrated data uzunluk uyumsuzluğu (timestamps: 1014, data: 252)
2026-02-26 00:14:18 - spektroskopi - WARNING - RealTimePanel: UV_360nm raw data uzunluk uyumsuzluğu (timestamps: 1014, data: 254)
2026-02-26 00:14:18 - spektroskopi - WARNING - RealTimePanel: UV_360nm calibrated data uzunluk uyumsuzluğu (timestamps: 1014, data: 254)
2026-02-26 00:14:18 - spektroskopi - WARNING - RealTimePanel: Blue_450nm raw data uzunluk uyumsuzluğu (timestamps: 1014, data: 254)
2026-02-26 00:14:18 - spektroskopi - WARNING - RealTimePanel: Blue_450nm calibrated data uzunluk uyumsuzluğu (timestamps: 1014, data: 254)
2026-02-26 00:14:18 - spektroskopi - WARNING - RealTimePanel: IR_850nm raw data uzunluk uyumsuzluğu (timestamps: 1014, data: 254)
2026-02-26 00:14:18 - spektroskopi - WARNING - RealTimePanel: IR_850nm calibrated data uzunluk uyumsuzluğu (timestamps: 1014, data: 254)
2026-02-26 00:14:18 - spektroskopi - WARNING - RealTimePanel: IR_940nm raw data uzunluk uyumsuzluğu (timestamps: 1014, data: 252)
2026-02-26 00:14:18 - spektroskopi - WARNING - RealTimePanel: IR_940nm calibrated data uzunluk uyumsuzluğu (timestamps: 1014, data: 252)
2026-02-26 00:14:19 - spektroskopi - WARNING - RealTimePanel: UV_360nm raw data uzunluk uyumsuzluğu (timestamps: 1014, data: 254)
2026-02-26 00:14:19 - spektroskopi - WARNING - RealTimePanel: UV_360nm calibrated data uzunluk uyumsuzluğu (timestamps: 1014, data: 254)
2026-02-26 00:14:19 - spektroskopi - WARNING - RealTimePanel: Blue_450nm raw data uzunluk uyumsuzluğu (timestamps: 1014, data: 254)
2026-02-26 00:14:19 - spektroskopi - WARNING - RealTimePanel: Blue_450nm calibrated data uzunluk uyumsuzluğu (timestamps: 1014, data: 254)
2026-02-26 00:14:19 - spektroskopi - WARNING - RealTimePanel: IR_850nm raw data uzunluk uyumsuzluğu (timestamps: 1014, data: 254)
2026-02-26 00:14:19 - spektroskopi - WARNING - RealTimePanel: IR_850nm calibrated data uzunluk uyumsuzluğu (timestamps: 1014, data: 254)
2026-02-26 00:14:19 - spektroskopi - WARNING - RealTimePanel: IR_940nm raw data uzunluk uyumsuzluğu (timestamps: 1014, data: 252)
2026-02-26 00:14:19 - spektroskopi - WARNING - RealTimePanel: IR_940nm calibrated data uzunluk uyumsuzluğu (timestamps: 1014, data: 252)
2026-02-26 00:14:20 - spektroskopi - WARNING - RealTimePanel: UV_360nm raw data uzunluk uyumsuzluğu (timestamps: 1014, data: 254)
2026-02-26 00:14:20 - spektroskopi - WARNING - RealTimePanel: UV_360nm calibrated data uzunluk uyumsuzluğu (timestamps: 1014, data: 254)
2026-02-26 00:14:20 - spektroskopi - WARNING - RealTimePanel: Blue_450nm raw data uzunluk uyumsuzluğu (timestamps: 1014, data: 254)
2026-02-26 00:14:20 - spektroskopi - WARNING - RealTimePanel: Blue_450nm calibrated data uzunluk uyumsuzluğu (timestamps: 1014, data: 254)
2026-02-26 00:14:20 - spektroskopi - WARNING - RealTimePanel: IR_850nm raw data uzunluk uyumsuzluğu (timestamps: 1014, data: 254)
2026-02-26 00:14:20 - spektroskopi - WARNING - RealTimePanel: IR_850nm calibrated data uzunluk uyumsuzluğu (timestamps: 1014, data: 254)
2026-02-26 00:14:20 - spektroskopi - WARNING - RealTimePanel: IR_940nm raw data uzunluk uyumsuzluğu (timestamps: 1014, data: 252)
2026-02-26 00:14:20 - spektroskopi - WARNING - RealTimePanel: IR_940nm calibrated data uzunluk uyumsuzluğu (timestamps: 1014, data: 252)
2026-02-26 00:14:21 - spektroskopi - WARNING - RealTimePanel: UV_360nm raw data uzunluk uyumsuzluğu (timestamps: 1014, data: 254)
2026-02-26 00:14:21 - spektroskopi - WARNING - RealTimePanel: UV_360nm calibrated data uzunluk uyumsuzluğu (timestamps: 1014, data: 254)
2026-02-26 00:14:21 - spektroskopi - WARNING - RealTimePanel: Blue_450nm raw data uzunluk uyumsuzluğu (timestamps: 1014, data: 254)
2026-02-26 00:14:21 - spektroskopi - WARNING - RealTimePanel: Blue_450nm calibrated data uzunluk uyumsuzluğu (timestamps: 1014, data: 254)
2026-02-26 00:14:21 - spektroskopi - WARNING - RealTimePanel: IR_850nm raw data uzunluk uyumsuzluğu (timestamps: 1014, data: 254)
2026-02-26 00:14:21 - spektroskopi - WARNING - RealTimePanel: IR_850nm calibrated data uzunluk uyumsuzluğu (timestamps: 1014, data: 254)
2026-02-26 00:14:21 - spektroskopi - WARNING - RealTimePanel: IR_940nm raw data uzunluk uyumsuzluğu (timestamps: 1014, data: 252)
2026-02-26 00:14:21 - spektroskopi - WARNING - RealTimePanel: IR_940nm calibrated data uzunluk uyumsuzluğu (timestamps: 1014, data: 252)
2026-02-26 00:14:22 - spektroskopi - WARNING - RealTimePanel: UV_360nm raw data uzunluk uyumsuzluğu (timestamps: 1014, data: 254)
2026-02-26 00:14:22 - spektroskopi - WARNING - RealTimePanel: UV_360nm calibrated data uzunluk uyumsuzluğu (timestamps: 1014, data: 254)
2026-02-26 00:14:22 - spektroskopi - WARNING - RealTimePanel: Blue_450nm raw data uzunluk uyumsuzluğu (timestamps: 1014, data: 254)
2026-02-26 00:14:22 - spektroskopi - WARNING - RealTimePanel: Blue_450nm calibrated data uzunluk uyumsuzluğu (timestamps: 1014, data: 254)
2026-02-26 00:14:22 - spektroskopi - WARNING - RealTimePanel: IR_850nm raw data uzunluk uyumsuzluğu (timestamps: 1014, data: 254)
2026-02-26 00:14:22 - spektroskopi - WARNING - RealTimePanel: IR_850nm calibrated data uzunluk uyumsuzluğu (timestamps: 1014, data: 254)
2026-02-26 00:14:22 - spektroskopi - WARNING - RealTimePanel: IR_940nm raw data uzunluk uyumsuzluğu (timestamps: 1014, data: 252)
2026-02-26 00:14:22 - spektroskopi - WARNING - RealTimePanel: IR_940nm calibrated data uzunluk uyumsuzluğu (timestamps: 1014, data: 252)
2026-02-26 00:14:23 - spektroskopi - WARNING - RealTimePanel: UV_360nm raw data uzunluk uyumsuzluğu (timestamps: 1014, data: 254)
2026-02-26 00:14:23 - spektroskopi - WARNING - RealTimePanel: UV_360nm calibrated data uzunluk uyumsuzluğu (timestamps: 1014, data: 254)
2026-02-26 00:14:23 - spektroskopi - WARNING - RealTimePanel: Blue_450nm raw data uzunluk uyumsuzluğu (timestamps: 1014, data: 254)
2026-02-26 00:14:23 - spektroskopi - WARNING - RealTimePanel: Blue_450nm calibrated data uzunluk uyumsuzluğu (timestamps: 1014, data: 254)
2026-02-26 00:14:23 - spektroskopi - WARNING - RealTimePanel: IR_850nm raw data uzunluk uyumsuzluğu (timestamps: 1014, data: 254)
2026-02-26 00:14:23 - spektroskopi - WARNING - RealTimePanel: IR_850nm calibrated data uzunluk uyumsuzluğu (timestamps: 1014, data: 254)
2026-02-26 00:14:23 - spektroskopi - WARNING - RealTimePanel: IR_940nm raw data uzunluk uyumsuzluğu (timestamps: 1014, data: 252)
2026-02-26 00:14:23 - spektroskopi - WARNING - RealTimePanel: IR_940nm calibrated data uzunluk uyumsuzluğu (timestamps: 1014, data: 252)
2026-02-26 00:14:24 - spektroskopi - WARNING - RealTimePanel: UV_360nm raw data uzunluk uyumsuzluğu (timestamps: 1014, data: 254)
2026-02-26 00:14:24 - spektroskopi - WARNING - RealTimePanel: UV_360nm calibrated data uzunluk uyumsuzluğu (timestamps: 1014, data: 254)
2026-02-26 00:14:24 - spektroskopi - WARNING - RealTimePanel: Blue_450nm raw data uzunluk uyumsuzluğu (timestamps: 1014, data: 254)
2026-02-26 00:14:24 - spektroskopi - WARNING - RealTimePanel: Blue_450nm calibrated data uzunluk uyumsuzluğu (timestamps: 1014, data: 254)
2026-02-26 00:14:24 - spektroskopi - WARNING - RealTimePanel: IR_850nm raw data uzunluk uyumsuzluğu (timestamps: 1014, data: 254)
2026-02-26 00:14:24 - spektroskopi - WARNING - RealTimePanel: IR_850nm calibrated data uzunluk uyumsuzluğu (timestamps: 1014, data: 254)
2026-02-26 00:14:24 - spektroskopi - WARNING - RealTimePanel: IR_940nm raw data uzunluk uyumsuzluğu (timestamps: 1014, data: 252)
2026-02-26 00:14:24 - spektroskopi - WARNING - RealTimePanel: IR_940nm calibrated data uzunluk uyumsuzluğu (timestamps: 1014, data: 252)
2026-02-26 00:14:25 - spektroskopi - WARNING - RealTimePanel: UV_360nm raw data uzunluk uyumsuzluğu (timestamps: 1014, data: 254)
2026-02-26 00:14:25 - spektroskopi - WARNING - RealTimePanel: UV_360nm calibrated data uzunluk uyumsuzluğu (timestamps: 1014, data: 254)
2026-02-26 00:14:25 - spektroskopi - WARNING - RealTimePanel: Blue_450nm raw data uzunluk uyumsuzluğu (timestamps: 1014, data: 254)
2026-02-26 00:14:25 - spektroskopi - WARNING - RealTimePanel: Blue_450nm calibrated data uzunluk uyumsuzluğu (timestamps: 1014, data: 254)
2026-02-26 00:14:25 - spektroskopi - WARNING - RealTimePanel: IR_850nm raw data uzunluk uyumsuzluğu (timestamps: 1014, data: 254)
2026-02-26 00:14:25 - spektroskopi - WARNING - RealTimePanel: IR_850nm calibrated data uzunluk uyumsuzluğu (timestamps: 1014, data: 254)
2026-02-26 00:14:25 - spektroskopi - WARNING - RealTimePanel: IR_940nm raw data uzunluk uyumsuzluğu (timestamps: 1014, data: 252)
2026-02-26 00:14:25 - spektroskopi - WARNING - RealTimePanel: IR_940nm calibrated data uzunluk uyumsuzluğu (timestamps: 1014, data: 252)
2026-02-26 00:14:26 - spektroskopi - WARNING - RealTimePanel: UV_360nm raw data uzunluk uyumsuzluğu (timestamps: 1014, data: 254)
2026-02-26 00:14:26 - spektroskopi - WARNING - RealTimePanel: UV_360nm calibrated data uzunluk uyumsuzluğu (timestamps: 1014, data: 254)
2026-02-26 00:14:26 - spektroskopi - WARNING - RealTimePanel: Blue_450nm raw data uzunluk uyumsuzluğu (timestamps: 1014, data: 254)
2026-02-26 00:14:26 - spektroskopi - WARNING - RealTimePanel: Blue_450nm calibrated data uzunluk uyumsuzluğu (timestamps: 1014, data: 254)
2026-02-26 00:14:26 - spektroskopi - WARNING - RealTimePanel: IR_850nm raw data uzunluk uyumsuzluğu (timestamps: 1014, data: 254)
2026-02-26 00:14:26 - spektroskopi - WARNING - RealTimePanel: IR_850nm calibrated data uzunluk uyumsuzluğu (timestamps: 1014, data: 254)
2026-02-26 00:14:26 - spektroskopi - WARNING - RealTimePanel: IR_940nm raw data uzunluk uyumsuzluğu (timestamps: 1014, data: 252)
2026-02-26 00:14:26 - spektroskopi - WARNING - RealTimePanel: IR_940nm calibrated data uzunluk uyumsuzluğu (timestamps: 1014, data: 252)
2026-02-26 00:14:27 - spektroskopi - WARNING - RealTimePanel: UV_360nm raw data uzunluk uyumsuzluğu (timestamps: 1014, data: 254)
2026-02-26 00:14:27 - spektroskopi - WARNING - RealTimePanel: UV_360nm calibrated data uzunluk uyumsuzluğu (timestamps: 1014, data: 254)
2026-02-26 00:14:27 - spektroskopi - WARNING - RealTimePanel: Blue_450nm raw data uzunluk uyumsuzluğu (timestamps: 1014, data: 254)
2026-02-26 00:14:27 - spektroskopi - WARNING - RealTimePanel: Blue_450nm calibrated data uzunluk uyumsuzluğu (timestamps: 1014, data: 254)
2026-02-26 00:14:27 - spektroskopi - WARNING - RealTimePanel: IR_850nm raw data uzunluk uyumsuzluğu (timestamps: 1014, data: 254)
2026-02-26 00:14:27 - spektroskopi - WARNING - RealTimePanel: IR_850nm calibrated data uzunluk uyumsuzluğu (timestamps: 1014, data: 254)
2026-02-26 00:14:27 - spektroskopi - WARNING - RealTimePanel: IR_940nm raw data uzunluk uyumsuzluğu (timestamps: 1014, data: 252)
2026-02-26 00:14:27 - spektroskopi - WARNING - RealTimePanel: IR_940nm calibrated data uzunluk uyumsuzluğu (timestamps: 1014, data: 252)
2026-02-26 00:14:28 - spektroskopi - WARNING - RealTimePanel: UV_360nm raw data uzunluk uyumsuzluğu (timestamps: 1014, data: 254)
2026-02-26 00:14:28 - spektroskopi - WARNING - RealTimePanel: UV_360nm calibrated data uzunluk uyumsuzluğu (timestamps: 1014, data: 254)
2026-02-26 00:14:28 - spektroskopi - WARNING - RealTimePanel: Blue_450nm raw data uzunluk uyumsuzluğu (timestamps: 1014, data: 254)
2026-02-26 00:14:28 - spektroskopi - WARNING - RealTimePanel: Blue_450nm calibrated data uzunluk uyumsuzluğu (timestamps: 1014, data: 254)
2026-02-26 00:14:28 - spektroskopi - WARNING - RealTimePanel: IR_850nm raw data uzunluk uyumsuzluğu (timestamps: 1014, data: 254)
2026-02-26 00:14:28 - spektroskopi - WARNING - RealTimePanel: IR_850nm calibrated data uzunluk uyumsuzluğu (timestamps: 1014, data: 254)
2026-02-26 00:14:28 - spektroskopi - WARNING - RealTimePanel: IR_940nm raw data uzunluk uyumsuzluğu (timestamps: 1014, data: 252)
2026-02-26 00:14:28 - spektroskopi - WARNING - RealTimePanel: IR_940nm calibrated data uzunluk uyumsuzluğu (timestamps: 1014, data: 252)
2026-02-26 00:14:29 - spektroskopi - WARNING - RealTimePanel: UV_360nm raw data uzunluk uyumsuzluğu (timestamps: 1014, data: 254)
2026-02-26 00:14:29 - spektroskopi - WARNING - RealTimePanel: UV_360nm calibrated data uzunluk uyumsuzluğu (timestamps: 1014, data: 254)
2026-02-26 00:14:29 - spektroskopi - WARNING - RealTimePanel: Blue_450nm raw data uzunluk uyumsuzluğu (timestamps: 1014, data: 254)
2026-02-26 00:14:29 - spektroskopi - WARNING - RealTimePanel: Blue_450nm calibrated data uzunluk uyumsuzluğu (timestamps: 1014, data: 254)
2026-02-26 00:14:29 - spektroskopi - WARNING - RealTimePanel: IR_850nm raw data uzunluk uyumsuzluğu (timestamps: 1014, data: 254)
2026-02-26 00:14:29 - spektroskopi - WARNING - RealTimePanel: IR_850nm calibrated data uzunluk uyumsuzluğu (timestamps: 1014, data: 254)
2026-02-26 00:14:29 - spektroskopi - WARNING - RealTimePanel: IR_940nm raw data uzunluk uyumsuzluğu (timestamps: 1014, data: 252)
2026-02-26 00:14:29 - spektroskopi - WARNING - RealTimePanel: IR_940nm calibrated data uzunluk uyumsuzluğu (timestamps: 1014, data: 252)
2026-02-26 00:14:30 - spektroskopi - WARNING - RealTimePanel: UV_360nm raw data uzunluk uyumsuzluğu (timestamps: 1014, data: 254)
2026-02-26 00:14:30 - spektroskopi - WARNING - RealTimePanel: UV_360nm calibrated data uzunluk uyumsuzluğu (timestamps: 1014, data: 254)
2026-02-26 00:14:30 - spektroskopi - WARNING - RealTimePanel: Blue_450nm raw data uzunluk uyumsuzluğu (timestamps: 1014, data: 254)
2026-02-26 00:14:30 - spektroskopi - WARNING - RealTimePanel: Blue_450nm calibrated data uzunluk uyumsuzluğu (timestamps: 1014, data: 254)
2026-02-26 00:14:30 - spektroskopi - WARNING - RealTimePanel: IR_850nm raw data uzunluk uyumsuzluğu (timestamps: 1014, data: 254)
2026-02-26 00:14:30 - spektroskopi - WARNING - RealTimePanel: IR_850nm calibrated data uzunluk uyumsuzluğu (timestamps: 1014, data: 254)
2026-02-26 00:14:30 - spektroskopi - WARNING - RealTimePanel: IR_940nm raw data uzunluk uyumsuzluğu (timestamps: 1014, data: 252)
2026-02-26 00:14:30 - spektroskopi - WARNING - RealTimePanel: IR_940nm calibrated data uzunluk uyumsuzluğu (timestamps: 1014, data: 252)
2026-02-26 00:14:31 - spektroskopi - WARNING - RealTimePanel: UV_360nm raw data uzunluk uyumsuzluğu (timestamps: 1014, data: 254)
2026-02-26 00:14:31 - spektroskopi - WARNING - RealTimePanel: UV_360nm calibrated data uzunluk uyumsuzluğu (timestamps: 1014, data: 254)
2026-02-26 00:14:31 - spektroskopi - WARNING - RealTimePanel: Blue_450nm raw data uzunluk uyumsuzluğu (timestamps: 1014, data: 254)
2026-02-26 00:14:31 - spektroskopi - WARNING - RealTimePanel: Blue_450nm calibrated data uzunluk uyumsuzluğu (timestamps: 1014, data: 254)
2026-02-26 00:14:31 - spektroskopi - WARNING - RealTimePanel: IR_850nm raw data uzunluk uyumsuzluğu (timestamps: 1014, data: 254)
2026-02-26 00:14:31 - spektroskopi - WARNING - RealTimePanel: IR_850nm calibrated data uzunluk uyumsuzluğu (timestamps: 1014, data: 254)
2026-02-26 00:14:31 - spektroskopi - WARNING - RealTimePanel: IR_940nm raw data uzunluk uyumsuzluğu (timestamps: 1014, data: 252)
2026-02-26 00:14:31 - spektroskopi - WARNING - RealTimePanel: IR_940nm calibrated data uzunluk uyumsuzluğu (timestamps: 1014, data: 252)
2026-02-26 00:14:32 - spektroskopi - WARNING - RealTimePanel: UV_360nm raw data uzunluk uyumsuzluğu (timestamps: 1014, data: 254)
2026-02-26 00:14:32 - spektroskopi - WARNING - RealTimePanel: UV_360nm calibrated data uzunluk uyumsuzluğu (timestamps: 1014, data: 254)
2026-02-26 00:14:32 - spektroskopi - WARNING - RealTimePanel: Blue_450nm raw data uzunluk uyumsuzluğu (timestamps: 1014, data: 254)
2026-02-26 00:14:32 - spektroskopi - WARNING - RealTimePanel: Blue_450nm calibrated data uzunluk uyumsuzluğu (timestamps: 1014, data: 254)
2026-02-26 00:14:32 - spektroskopi - WARNING - RealTimePanel: IR_850nm raw data uzunluk uyumsuzluğu (timestamps: 1014, data: 254)
2026-02-26 00:14:32 - spektroskopi - WARNING - RealTimePanel: IR_850nm calibrated data uzunluk uyumsuzluğu (timestamps: 1014, data: 254)
2026-02-26 00:14:32 - spektroskopi - WARNING - RealTimePanel: IR_940nm raw data uzunluk uyumsuzluğu (timestamps: 1014, data: 252)
2026-02-26 00:14:32 - spektroskopi - WARNING - RealTimePanel: IR_940nm calibrated data uzunluk uyumsuzluğu (timestamps: 1014, data: 252)
2026-02-26 00:14:33 - spektroskopi - WARNING - RealTimePanel: UV_360nm raw data uzunluk uyumsuzluğu (timestamps: 1014, data: 254)
2026-02-26 00:14:33 - spektroskopi - WARNING - RealTimePanel: UV_360nm calibrated data uzunluk uyumsuzluğu (timestamps: 1014, data: 254)
2026-02-26 00:14:33 - spektroskopi - WARNING - RealTimePanel: Blue_450nm raw data uzunluk uyumsuzluğu (timestamps: 1014, data: 254)
2026-02-26 00:14:33 - spektroskopi - WARNING - RealTimePanel: Blue_450nm calibrated data uzunluk uyumsuzluğu (timestamps: 1014, data: 254)
2026-02-26 00:14:33 - spektroskopi - WARNING - RealTimePanel: IR_850nm raw data uzunluk uyumsuzluğu (timestamps: 1014, data: 254)
2026-02-26 00:14:33 - spektroskopi - WARNING - RealTimePanel: IR_850nm calibrated data uzunluk uyumsuzluğu (timestamps: 1014, data: 254)
2026-02-26 00:14:33 - spektroskopi - WARNING - RealTimePanel: IR_940nm raw data uzunluk uyumsuzluğu (timestamps: 1014, data: 252)
2026-02-26 00:14:33 - spektroskopi - WARNING - RealTimePanel: IR_940nm calibrated data uzunluk uyumsuzluğu (timestamps: 1014, data: 252)
2026-02-26 00:14:34 - spektroskopi - WARNING - RealTimePanel: UV_360nm raw data uzunluk uyumsuzluğu (timestamps: 1014, data: 254)
2026-02-26 00:14:34 - spektroskopi - WARNING - RealTimePanel: UV_360nm calibrated data uzunluk uyumsuzluğu (timestamps: 1014, data: 254)
2026-02-26 00:14:34 - spektroskopi - WARNING - RealTimePanel: Blue_450nm raw data uzunluk uyumsuzluğu (timestamps: 1014, data: 254)
2026-02-26 00:14:34 - spektroskopi - WARNING - RealTimePanel: Blue_450nm calibrated data uzunluk uyumsuzluğu (timestamps: 1014, data: 254)
2026-02-26 00:14:34 - spektroskopi - WARNING - RealTimePanel: IR_850nm raw data uzunluk uyumsuzluğu (timestamps: 1014, data: 254)
2026-02-26 00:14:34 - spektroskopi - WARNING - RealTimePanel: IR_850nm calibrated data uzunluk uyumsuzluğu (timestamps: 1014, data: 254)
2026-02-26 00:14:34 - spektroskopi - WARNING - RealTimePanel: IR_940nm raw data uzunluk uyumsuzluğu (timestamps: 1014, data: 252)
2026-02-26 00:14:34 - spektroskopi - WARNING - RealTimePanel: IR_940nm calibrated data uzunluk uyumsuzluğu (timestamps: 1014, data: 252)
2026-02-26 00:14:35 - spektroskopi - WARNING - RealTimePanel: UV_360nm raw data uzunluk uyumsuzluğu (timestamps: 1014, data: 254)
2026-02-26 00:14:35 - spektroskopi - WARNING - RealTimePanel: UV_360nm calibrated data uzunluk uyumsuzluğu (timestamps: 1014, data: 254)
2026-02-26 00:14:35 - spektroskopi - WARNING - RealTimePanel: Blue_450nm raw data uzunluk uyumsuzluğu (timestamps: 1014, data: 254)
2026-02-26 00:14:35 - spektroskopi - WARNING - RealTimePanel: Blue_450nm calibrated data uzunluk uyumsuzluğu (timestamps: 1014, data: 254)
2026-02-26 00:14:35 - spektroskopi - WARNING - RealTimePanel: IR_850nm raw data uzunluk uyumsuzluğu (timestamps: 1014, data: 254)
2026-02-26 00:14:35 - spektroskopi - WARNING - RealTimePanel: IR_850nm calibrated data uzunluk uyumsuzluğu (timestamps: 1014, data: 254)
2026-02-26 00:14:35 - spektroskopi - WARNING - RealTimePanel: IR_940nm raw data uzunluk uyumsuzluğu (timestamps: 1014, data: 252)
2026-02-26 00:14:35 - spektroskopi - WARNING - RealTimePanel: IR_940nm calibrated data uzunluk uyumsuzluğu (timestamps: 1014, data: 252)
2026-02-26 00:14:36 - spektroskopi - WARNING - RealTimePanel: UV_360nm raw data uzunluk uyumsuzluğu (timestamps: 1014, data: 254)
2026-02-26 00:14:36 - spektroskopi - WARNING - RealTimePanel: UV_360nm calibrated data uzunluk uyumsuzluğu (timestamps: 1014, data: 254)
2026-02-26 00:14:36 - spektroskopi - WARNING - RealTimePanel: Blue_450nm raw data uzunluk uyumsuzluğu (timestamps: 1014, data: 254)
2026-02-26 00:14:36 - spektroskopi - WARNING - RealTimePanel: Blue_450nm calibrated data uzunluk uyumsuzluğu (timestamps: 1014, data: 254)
2026-02-26 00:14:36 - spektroskopi - WARNING - RealTimePanel: IR_850nm raw data uzunluk uyumsuzluğu (timestamps: 1014, data: 254)
2026-02-26 00:14:36 - spektroskopi - WARNING - RealTimePanel: IR_850nm calibrated data uzunluk uyumsuzluğu (timestamps: 1014, data: 254)
2026-02-26 00:14:36 - spektroskopi - WARNING - RealTimePanel: IR_940nm raw data uzunluk uyumsuzluğu (timestamps: 1014, data: 252)
2026-02-26 00:14:36 - spektroskopi - WARNING - RealTimePanel: IR_940nm calibrated data uzunluk uyumsuzluğu (timestamps: 1014, data: 252)
2026-02-26 00:14:37 - spektroskopi - WARNING - RealTimePanel: UV_360nm raw data uzunluk uyumsuzluğu (timestamps: 1014, data: 254)
2026-02-26 00:14:37 - spektroskopi - WARNING - RealTimePanel: UV_360nm calibrated data uzunluk uyumsuzluğu (timestamps: 1014, data: 254)
2026-02-26 00:14:37 - spektroskopi - WARNING - RealTimePanel: Blue_450nm raw data uzunluk uyumsuzluğu (timestamps: 1014, data: 254)
2026-02-26 00:14:37 - spektroskopi - WARNING - RealTimePanel: Blue_450nm calibrated data uzunluk uyumsuzluğu (timestamps: 1014, data: 254)
2026-02-26 00:14:37 - spektroskopi - WARNING - RealTimePanel: IR_850nm raw data uzunluk uyumsuzluğu (timestamps: 1014, data: 254)
2026-02-26 00:14:37 - spektroskopi - WARNING - RealTimePanel: IR_850nm calibrated data uzunluk uyumsuzluğu (timestamps: 1014, data: 254)
2026-02-26 00:14:37 - spektroskopi - WARNING - RealTimePanel: IR_940nm raw data uzunluk uyumsuzluğu (timestamps: 1014, data: 252)
2026-02-26 00:14:37 - spektroskopi - WARNING - RealTimePanel: IR_940nm calibrated data uzunluk uyumsuzluğu (timestamps: 1014, data: 252)
2026-02-26 00:14:38 - spektroskopi - WARNING - RealTimePanel: UV_360nm raw data uzunluk uyumsuzluğu (timestamps: 1014, data: 254)
2026-02-26 00:14:38 - spektroskopi - WARNING - RealTimePanel: UV_360nm calibrated data uzunluk uyumsuzluğu (timestamps: 1014, data: 254)
2026-02-26 00:14:38 - spektroskopi - WARNING - RealTimePanel: Blue_450nm raw data uzunluk uyumsuzluğu (timestamps: 1014, data: 254)
2026-02-26 00:14:38 - spektroskopi - WARNING - RealTimePanel: Blue_450nm calibrated data uzunluk uyumsuzluğu (timestamps: 1014, data: 254)
2026-02-26 00:14:38 - spektroskopi - WARNING - RealTimePanel: IR_850nm raw data uzunluk uyumsuzluğu (timestamps: 1014, data: 254)
2026-02-26 00:14:38 - spektroskopi - WARNING - RealTimePanel: IR_850nm calibrated data uzunluk uyumsuzluğu (timestamps: 1014, data: 254)
2026-02-26 00:14:38 - spektroskopi - WARNING - RealTimePanel: IR_940nm raw data uzunluk uyumsuzluğu (timestamps: 1014, data: 252)
2026-02-26 00:14:38 - spektroskopi - WARNING - RealTimePanel: IR_940nm calibrated data uzunluk uyumsuzluğu (timestamps: 1014, data: 252)
2026-02-26 00:14:39 - spektroskopi - WARNING - RealTimePanel: UV_360nm raw data uzunluk uyumsuzluğu (timestamps: 1014, data: 254)
2026-02-26 00:14:39 - spektroskopi - WARNING - RealTimePanel: UV_360nm calibrated data uzunluk uyumsuzluğu (timestamps: 1014, data: 254)
2026-02-26 00:14:39 - spektroskopi - WARNING - RealTimePanel: Blue_450nm raw data uzunluk uyumsuzluğu (timestamps: 1014, data: 254)
2026-02-26 00:14:39 - spektroskopi - WARNING - RealTimePanel: Blue_450nm calibrated data uzunluk uyumsuzluğu (timestamps: 1014, data: 254)
2026-02-26 00:14:39 - spektroskopi - WARNING - RealTimePanel: IR_850nm raw data uzunluk uyumsuzluğu (timestamps: 1014, data: 254)
2026-02-26 00:14:39 - spektroskopi - WARNING - RealTimePanel: IR_850nm calibrated data uzunluk uyumsuzluğu (timestamps: 1014, data: 254)
2026-02-26 00:14:39 - spektroskopi - WARNING - RealTimePanel: IR_940nm raw data uzunluk uyumsuzluğu (timestamps: 1014, data: 252)
2026-02-26 00:14:39 - spektroskopi - WARNING - RealTimePanel: IR_940nm calibrated data uzunluk uyumsuzluğu (timestamps: 1014, data: 252)
2026-02-26 00:14:40 - spektroskopi - WARNING - RealTimePanel: UV_360nm raw data uzunluk uyumsuzluğu (timestamps: 1014, data: 254)
2026-02-26 00:14:40 - spektroskopi - WARNING - RealTimePanel: UV_360nm calibrated data uzunluk uyumsuzluğu (timestamps: 1014, data: 254)
2026-02-26 00:14:40 - spektroskopi - WARNING - RealTimePanel: Blue_450nm raw data uzunluk uyumsuzluğu (timestamps: 1014, data: 254)
2026-02-26 00:14:40 - spektroskopi - WARNING - RealTimePanel: Blue_450nm calibrated data uzunluk uyumsuzluğu (timestamps: 1014, data: 254)
2026-02-26 00:14:40 - spektroskopi - WARNING - RealTimePanel: IR_850nm raw data uzunluk uyumsuzluğu (timestamps: 1014, data: 254)
2026-02-26 00:14:40 - spektroskopi - WARNING - RealTimePanel: IR_850nm calibrated data uzunluk uyumsuzluğu (timestamps: 1014, data: 254)
2026-02-26 00:14:40 - spektroskopi - WARNING - RealTimePanel: IR_940nm raw data uzunluk uyumsuzluğu (timestamps: 1014, data: 252)
2026-02-26 00:14:40 - spektroskopi - WARNING - RealTimePanel: IR_940nm calibrated data uzunluk uyumsuzluğu (timestamps: 1014, data: 252)
2026-02-26 00:14:41 - spektroskopi - WARNING - RealTimePanel: UV_360nm raw data uzunluk uyumsuzluğu (timestamps: 1014, data: 254)
2026-02-26 00:14:41 - spektroskopi - WARNING - RealTimePanel: UV_360nm calibrated data uzunluk uyumsuzluğu (timestamps: 1014, data: 254)
2026-02-26 00:14:41 - spektroskopi - WARNING - RealTimePanel: Blue_450nm raw data uzunluk uyumsuzluğu (timestamps: 1014, data: 254)
2026-02-26 00:14:41 - spektroskopi - WARNING - RealTimePanel: Blue_450nm calibrated data uzunluk uyumsuzluğu (timestamps: 1014, data: 254)
2026-02-26 00:14:41 - spektroskopi - WARNING - RealTimePanel: IR_850nm raw data uzunluk uyumsuzluğu (timestamps: 1014, data: 254)
2026-02-26 00:14:41 - spektroskopi - WARNING - RealTimePanel: IR_850nm calibrated data uzunluk uyumsuzluğu (timestamps: 1014, data: 254)
2026-02-26 00:14:41 - spektroskopi - WARNING - RealTimePanel: IR_940nm raw data uzunluk uyumsuzluğu (timestamps: 1014, data: 252)
2026-02-26 00:14:41 - spektroskopi - WARNING - RealTimePanel: IR_940nm calibrated data uzunluk uyumsuzluğu (timestamps: 1014, data: 252)
2026-02-26 00:14:42 - spektroskopi - WARNING - RealTimePanel: UV_360nm raw data uzunluk uyumsuzluğu (timestamps: 1014, data: 254)
2026-02-26 00:14:42 - spektroskopi - WARNING - RealTimePanel: UV_360nm calibrated data uzunluk uyumsuzluğu (timestamps: 1014, data: 254)
2026-02-26 00:14:42 - spektroskopi - WARNING - RealTimePanel: Blue_450nm raw data uzunluk uyumsuzluğu (timestamps: 1014, data: 254)
2026-02-26 00:14:42 - spektroskopi - WARNING - RealTimePanel: Blue_450nm calibrated data uzunluk uyumsuzluğu (timestamps: 1014, data: 254)
2026-02-26 00:14:42 - spektroskopi - WARNING - RealTimePanel: IR_850nm raw data uzunluk uyumsuzluğu (timestamps: 1014, data: 254)
2026-02-26 00:14:42 - spektroskopi - WARNING - RealTimePanel: IR_850nm calibrated data uzunluk uyumsuzluğu (timestamps: 1014, data: 254)
2026-02-26 00:14:42 - spektroskopi - WARNING - RealTimePanel: IR_940nm raw data uzunluk uyumsuzluğu (timestamps: 1014, data: 252)
2026-02-26 00:14:42 - spektroskopi - WARNING - RealTimePanel: IR_940nm calibrated data uzunluk uyumsuzluğu (timestamps: 1014, data: 252)
2026-02-26 00:14:43 - spektroskopi - WARNING - RealTimePanel: UV_360nm raw data uzunluk uyumsuzluğu (timestamps: 1014, data: 254)
2026-02-26 00:14:43 - spektroskopi - WARNING - RealTimePanel: UV_360nm calibrated data uzunluk uyumsuzluğu (timestamps: 1014, data: 254)
2026-02-26 00:14:43 - spektroskopi - WARNING - RealTimePanel: Blue_450nm raw data uzunluk uyumsuzluğu (timestamps: 1014, data: 254)
2026-02-26 00:14:43 - spektroskopi - WARNING - RealTimePanel: Blue_450nm calibrated data uzunluk uyumsuzluğu (timestamps: 1014, data: 254)
2026-02-26 00:14:43 - spektroskopi - WARNING - RealTimePanel: IR_850nm raw data uzunluk uyumsuzluğu (timestamps: 1014, data: 254)
2026-02-26 00:14:43 - spektroskopi - WARNING - RealTimePanel: IR_850nm calibrated data uzunluk uyumsuzluğu (timestamps: 1014, data: 254)
2026-02-26 00:14:43 - spektroskopi - WARNING - RealTimePanel: IR_940nm raw data uzunluk uyumsuzluğu (timestamps: 1014, data: 252)
2026-02-26 00:14:43 - spektroskopi - WARNING - RealTimePanel: IR_940nm calibrated data uzunluk uyumsuzluğu (timestamps: 1014, data: 252)
2026-02-26 00:14:44 - spektroskopi - WARNING - RealTimePanel: UV_360nm raw data uzunluk uyumsuzluğu (timestamps: 1014, data: 254)
2026-02-26 00:14:44 - spektroskopi - WARNING - RealTimePanel: UV_360nm calibrated data uzunluk uyumsuzluğu (timestamps: 1014, data: 254)
2026-02-26 00:14:44 - spektroskopi - WARNING - RealTimePanel: Blue_450nm raw data uzunluk uyumsuzluğu (timestamps: 1014, data: 254)
2026-02-26 00:14:44 - spektroskopi - WARNING - RealTimePanel: Blue_450nm calibrated data uzunluk uyumsuzluğu (timestamps: 1014, data: 254)
2026-02-26 00:14:44 - spektroskopi - WARNING - RealTimePanel: IR_850nm raw data uzunluk uyumsuzluğu (timestamps: 1014, data: 254)
2026-02-26 00:14:44 - spektroskopi - WARNING - RealTimePanel: IR_850nm calibrated data uzunluk uyumsuzluğu (timestamps: 1014, data: 254)
2026-02-26 00:14:44 - spektroskopi - WARNING - RealTimePanel: IR_940nm raw data uzunluk uyumsuzluğu (timestamps: 1014, data: 252)
2026-02-26 00:14:44 - spektroskopi - WARNING - RealTimePanel: IR_940nm calibrated data uzunluk uyumsuzluğu (timestamps: 1014, data: 252)
2026-02-26 00:14:45 - spektroskopi - WARNING - RealTimePanel: UV_360nm raw data uzunluk uyumsuzluğu (timestamps: 1014, data: 254)
2026-02-26 00:14:45 - spektroskopi - WARNING - RealTimePanel: UV_360nm calibrated data uzunluk uyumsuzluğu (timestamps: 1014, data: 254)
2026-02-26 00:14:45 - spektroskopi - WARNING - RealTimePanel: Blue_450nm raw data uzunluk uyumsuzluğu (timestamps: 1014, data: 254)
2026-02-26 00:14:45 - spektroskopi - WARNING - RealTimePanel: Blue_450nm calibrated data uzunluk uyumsuzluğu (timestamps: 1014, data: 254)
2026-02-26 00:14:45 - spektroskopi - WARNING - RealTimePanel: IR_850nm raw data uzunluk uyumsuzluğu (timestamps: 1014, data: 254)
2026-02-26 00:14:45 - spektroskopi - WARNING - RealTimePanel: IR_850nm calibrated data uzunluk uyumsuzluğu (timestamps: 1014, data: 254)
2026-02-26 00:14:45 - spektroskopi - WARNING - RealTimePanel: IR_940nm raw data uzunluk uyumsuzluğu (timestamps: 1014, data: 252)
2026-02-26 00:14:45 - spektroskopi - WARNING - RealTimePanel: IR_940nm calibrated data uzunluk uyumsuzluğu (timestamps: 1014, data: 252)
2026-02-26 00:14:46 - spektroskopi - WARNING - RealTimePanel: UV_360nm raw data uzunluk uyumsuzluğu (timestamps: 1014, data: 254)
2026-02-26 00:14:46 - spektroskopi - WARNING - RealTimePanel: UV_360nm calibrated data uzunluk uyumsuzluğu (timestamps: 1014, data: 254)
2026-02-26 00:14:46 - spektroskopi - WARNING - RealTimePanel: Blue_450nm raw data uzunluk uyumsuzluğu (timestamps: 1014, data: 254)
2026-02-26 00:14:46 - spektroskopi - WARNING - RealTimePanel: Blue_450nm calibrated data uzunluk uyumsuzluğu (timestamps: 1014, data: 254)
2026-02-26 00:14:46 - spektroskopi - WARNING - RealTimePanel: IR_850nm raw data uzunluk uyumsuzluğu (timestamps: 1014, data: 254)
2026-02-26 00:14:46 - spektroskopi - WARNING - RealTimePanel: IR_850nm calibrated data uzunluk uyumsuzluğu (timestamps: 1014, data: 254)
2026-02-26 00:14:46 - spektroskopi - WARNING - RealTimePanel: IR_940nm raw data uzunluk uyumsuzluğu (timestamps: 1014, data: 252)
2026-02-26 00:14:46 - spektroskopi - WARNING - RealTimePanel: IR_940nm calibrated data uzunluk uyumsuzluğu (timestamps: 1014, data: 252)
2026-02-26 00:14:47 - spektroskopi - WARNING - RealTimePanel: UV_360nm raw data uzunluk uyumsuzluğu (timestamps: 1014, data: 254)
2026-02-26 00:14:47 - spektroskopi - WARNING - RealTimePanel: UV_360nm calibrated data uzunluk uyumsuzluğu (timestamps: 1014, data: 254)
2026-02-26 00:14:47 - spektroskopi - WARNING - RealTimePanel: Blue_450nm raw data uzunluk uyumsuzluğu (timestamps: 1014, data: 254)
2026-02-26 00:14:47 - spektroskopi - WARNING - RealTimePanel: Blue_450nm calibrated data uzunluk uyumsuzluğu (timestamps: 1014, data: 254)
2026-02-26 00:14:47 - spektroskopi - WARNING - RealTimePanel: IR_850nm raw data uzunluk uyumsuzluğu (timestamps: 1014, data: 254)
2026-02-26 00:14:47 - spektroskopi - WARNING - RealTimePanel: IR_850nm calibrated data uzunluk uyumsuzluğu (timestamps: 1014, data: 254)
2026-02-26 00:14:47 - spektroskopi - WARNING - RealTimePanel: IR_940nm raw data uzunluk uyumsuzluğu (timestamps: 1014, data: 252)
2026-02-26 00:14:47 - spektroskopi - WARNING - RealTimePanel: IR_940nm calibrated data uzunluk uyumsuzluğu (timestamps: 1014, data: 252)
2026-02-26 00:14:48 - spektroskopi - WARNING - RealTimePanel: UV_360nm raw data uzunluk uyumsuzluğu (timestamps: 1014, data: 254)
2026-02-26 00:14:48 - spektroskopi - WARNING - RealTimePanel: UV_360nm calibrated data uzunluk uyumsuzluğu (timestamps: 1014, data: 254)
2026-02-26 00:14:48 - spektroskopi - WARNING - RealTimePanel: Blue_450nm raw data uzunluk uyumsuzluğu (timestamps: 1014, data: 254)
2026-02-26 00:14:48 - spektroskopi - WARNING - RealTimePanel: Blue_450nm calibrated data uzunluk uyumsuzluğu (timestamps: 1014, data: 254)
2026-02-26 00:14:48 - spektroskopi - WARNING - RealTimePanel: IR_850nm raw data uzunluk uyumsuzluğu (timestamps: 1014, data: 254)
2026-02-26 00:14:48 - spektroskopi - WARNING - RealTimePanel: IR_850nm calibrated data uzunluk uyumsuzluğu (timestamps: 1014, data: 254)
2026-02-26 00:14:48 - spektroskopi - WARNING - RealTimePanel: IR_940nm raw data uzunluk uyumsuzluğu (timestamps: 1014, data: 252)
2026-02-26 00:14:48 - spektroskopi - WARNING - RealTimePanel: IR_940nm calibrated data uzunluk uyumsuzluğu (timestamps: 1014, data: 252)
2026-02-26 00:14:49 - spektroskopi - WARNING - RealTimePanel: UV_360nm raw data uzunluk uyumsuzluğu (timestamps: 1014, data: 254)
2026-02-26 00:14:49 - spektroskopi - WARNING - RealTimePanel: UV_360nm calibrated data uzunluk uyumsuzluğu (timestamps: 1014, data: 254)
2026-02-26 00:14:49 - spektroskopi - WARNING - RealTimePanel: Blue_450nm raw data uzunluk uyumsuzluğu (timestamps: 1014, data: 254)
2026-02-26 00:14:49 - spektroskopi - WARNING - RealTimePanel: Blue_450nm calibrated data uzunluk uyumsuzluğu (timestamps: 1014, data: 254)
2026-02-26 00:14:49 - spektroskopi - WARNING - RealTimePanel: IR_850nm raw data uzunluk uyumsuzluğu (timestamps: 1014, data: 254)
2026-02-26 00:14:49 - spektroskopi - WARNING - RealTimePanel: IR_850nm calibrated data uzunluk uyumsuzluğu (timestamps: 1014, data: 254)
2026-02-26 00:14:49 - spektroskopi - WARNING - RealTimePanel: IR_940nm raw data uzunluk uyumsuzluğu (timestamps: 1014, data: 252)
2026-02-26 00:14:49 - spektroskopi - WARNING - RealTimePanel: IR_940nm calibrated data uzunluk uyumsuzluğu (timestamps: 1014, data: 252)
2026-02-26 00:14:50 - spektroskopi - WARNING - RealTimePanel: UV_360nm raw data uzunluk uyumsuzluğu (timestamps: 1014, data: 254)
2026-02-26 00:14:50 - spektroskopi - WARNING - RealTimePanel: UV_360nm calibrated data uzunluk uyumsuzluğu (timestamps: 1014, data: 254)
2026-02-26 00:14:50 - spektroskopi - WARNING - RealTimePanel: Blue_450nm raw data uzunluk uyumsuzluğu (timestamps: 1014, data: 254)
2026-02-26 00:14:50 - spektroskopi - WARNING - RealTimePanel: Blue_450nm calibrated data uzunluk uyumsuzluğu (timestamps: 1014, data: 254)
2026-02-26 00:14:50 - spektroskopi - WARNING - RealTimePanel: IR_850nm raw data uzunluk uyumsuzluğu (timestamps: 1014, data: 254)
2026-02-26 00:14:50 - spektroskopi - WARNING - RealTimePanel: IR_850nm calibrated data uzunluk uyumsuzluğu (timestamps: 1014, data: 254)
2026-02-26 00:14:50 - spektroskopi - WARNING - RealTimePanel: IR_940nm raw data uzunluk uyumsuzluğu (timestamps: 1014, data: 252)
2026-02-26 00:14:50 - spektroskopi - WARNING - RealTimePanel: IR_940nm calibrated data uzunluk uyumsuzluğu (timestamps: 1014, data: 252)
2026-02-26 00:14:51 - spektroskopi - WARNING - RealTimePanel: UV_360nm raw data uzunluk uyumsuzluğu (timestamps: 1014, data: 254)
2026-02-26 00:14:51 - spektroskopi - WARNING - RealTimePanel: UV_360nm calibrated data uzunluk uyumsuzluğu (timestamps: 1014, data: 254)
2026-02-26 00:14:51 - spektroskopi - WARNING - RealTimePanel: Blue_450nm raw data uzunluk uyumsuzluğu (timestamps: 1014, data: 254)
2026-02-26 00:14:51 - spektroskopi - WARNING - RealTimePanel: Blue_450nm calibrated data uzunluk uyumsuzluğu (timestamps: 1014, data: 254)
2026-02-26 00:14:51 - spektroskopi - WARNING - RealTimePanel: IR_850nm raw data uzunluk uyumsuzluğu (timestamps: 1014, data: 254)
2026-02-26 00:14:51 - spektroskopi - WARNING - RealTimePanel: IR_850nm calibrated data uzunluk uyumsuzluğu (timestamps: 1014, data: 254)
2026-02-26 00:14:51 - spektroskopi - WARNING - RealTimePanel: IR_940nm raw data uzunluk uyumsuzluğu (timestamps: 1014, data: 252)
2026-02-26 00:14:51 - spektroskopi - WARNING - RealTimePanel: IR_940nm calibrated data uzunluk uyumsuzluğu (timestamps: 1014, data: 252)
2026-02-26 00:14:52 - spektroskopi - WARNING - RealTimePanel: UV_360nm raw data uzunluk uyumsuzluğu (timestamps: 1014, data: 254)
2026-02-26 00:14:52 - spektroskopi - WARNING - RealTimePanel: UV_360nm calibrated data uzunluk uyumsuzluğu (timestamps: 1014, data: 254)
2026-02-26 00:14:52 - spektroskopi - WARNING - RealTimePanel: Blue_450nm raw data uzunluk uyumsuzluğu (timestamps: 1014, data: 254)
2026-02-26 00:14:52 - spektroskopi - WARNING - RealTimePanel: Blue_450nm calibrated data uzunluk uyumsuzluğu (timestamps: 1014, data: 254)
2026-02-26 00:14:52 - spektroskopi - WARNING - RealTimePanel: IR_850nm raw data uzunluk uyumsuzluğu (timestamps: 1014, data: 254)
2026-02-26 00:14:52 - spektroskopi - WARNING - RealTimePanel: IR_850nm calibrated data uzunluk uyumsuzluğu (timestamps: 1014, data: 254)
2026-02-26 00:14:52 - spektroskopi - WARNING - RealTimePanel: IR_940nm raw data uzunluk uyumsuzluğu (timestamps: 1014, data: 252)
2026-02-26 00:14:52 - spektroskopi - WARNING - RealTimePanel: IR_940nm calibrated data uzunluk uyumsuzluğu (timestamps: 1014, data: 252)
2026-02-26 00:14:53 - spektroskopi - WARNING - RealTimePanel: UV_360nm raw data uzunluk uyumsuzluğu (timestamps: 1014, data: 254)
2026-02-26 00:14:53 - spektroskopi - WARNING - RealTimePanel: UV_360nm calibrated data uzunluk uyumsuzluğu (timestamps: 1014, data: 254)
2026-02-26 00:14:53 - spektroskopi - WARNING - RealTimePanel: Blue_450nm raw data uzunluk uyumsuzluğu (timestamps: 1014, data: 254)
2026-02-26 00:14:53 - spektroskopi - WARNING - RealTimePanel: Blue_450nm calibrated data uzunluk uyumsuzluğu (timestamps: 1014, data: 254)
2026-02-26 00:14:53 - spektroskopi - WARNING - RealTimePanel: IR_850nm raw data uzunluk uyumsuzluğu (timestamps: 1014, data: 254)
2026-02-26 00:14:53 - spektroskopi - WARNING - RealTimePanel: IR_850nm calibrated data uzunluk uyumsuzluğu (timestamps: 1014, data: 254)
2026-02-26 00:14:53 - spektroskopi - WARNING - RealTimePanel: IR_940nm raw data uzunluk uyumsuzluğu (timestamps: 1014, data: 252)
2026-02-26 00:14:53 - spektroskopi - WARNING - RealTimePanel: IR_940nm calibrated data uzunluk uyumsuzluğu (timestamps: 1014, data: 252)
2026-02-26 00:14:54 - spektroskopi - WARNING - RealTimePanel: UV_360nm raw data uzunluk uyumsuzluğu (timestamps: 1014, data: 254)
2026-02-26 00:14:54 - spektroskopi - WARNING - RealTimePanel: UV_360nm calibrated data uzunluk uyumsuzluğu (timestamps: 1014, data: 254)
2026-02-26 00:14:54 - spektroskopi - WARNING - RealTimePanel: Blue_450nm raw data uzunluk uyumsuzluğu (timestamps: 1014, data: 254)
2026-02-26 00:14:54 - spektroskopi - WARNING - RealTimePanel: Blue_450nm calibrated data uzunluk uyumsuzluğu (timestamps: 1014, data: 254)
2026-02-26 00:14:54 - spektroskopi - WARNING - RealTimePanel: IR_850nm raw data uzunluk uyumsuzluğu (timestamps: 1014, data: 254)
2026-02-26 00:14:54 - spektroskopi - WARNING - RealTimePanel: IR_850nm calibrated data uzunluk uyumsuzluğu (timestamps: 1014, data: 254)
2026-02-26 00:14:54 - spektroskopi - WARNING - RealTimePanel: IR_940nm raw data uzunluk uyumsuzluğu (timestamps: 1014, data: 252)
2026-02-26 00:14:54 - spektroskopi - WARNING - RealTimePanel: IR_940nm calibrated data uzunluk uyumsuzluğu (timestamps: 1014, data: 252)
2026-02-26 00:14:55 - spektroskopi - WARNING - RealTimePanel: UV_360nm raw data uzunluk uyumsuzluğu (timestamps: 1014, data: 254)
2026-02-26 00:14:55 - spektroskopi - WARNING - RealTimePanel: UV_360nm calibrated data uzunluk uyumsuzluğu (timestamps: 1014, data: 254)
2026-02-26 00:14:55 - spektroskopi - WARNING - RealTimePanel: Blue_450nm raw data uzunluk uyumsuzluğu (timestamps: 1014, data: 254)
2026-02-26 00:14:55 - spektroskopi - WARNING - RealTimePanel: Blue_450nm calibrated data uzunluk uyumsuzluğu (timestamps: 1014, data: 254)
2026-02-26 00:14:55 - spektroskopi - WARNING - RealTimePanel: IR_850nm raw data uzunluk uyumsuzluğu (timestamps: 1014, data: 254)
2026-02-26 00:14:55 - spektroskopi - WARNING - RealTimePanel: IR_850nm calibrated data uzunluk uyumsuzluğu (timestamps: 1014, data: 254)
2026-02-26 00:14:55 - spektroskopi - WARNING - RealTimePanel: IR_940nm raw data uzunluk uyumsuzluğu (timestamps: 1014, data: 252)
2026-02-26 00:14:55 - spektroskopi - WARNING - RealTimePanel: IR_940nm calibrated data uzunluk uyumsuzluğu (timestamps: 1014, data: 252)
2026-02-26 00:14:56 - spektroskopi - WARNING - RealTimePanel: UV_360nm raw data uzunluk uyumsuzluğu (timestamps: 1014, data: 254)
2026-02-26 00:14:56 - spektroskopi - WARNING - RealTimePanel: UV_360nm calibrated data uzunluk uyumsuzluğu (timestamps: 1014, data: 254)
2026-02-26 00:14:56 - spektroskopi - WARNING - RealTimePanel: Blue_450nm raw data uzunluk uyumsuzluğu (timestamps: 1014, data: 254)
2026-02-26 00:14:56 - spektroskopi - WARNING - RealTimePanel: Blue_450nm calibrated data uzunluk uyumsuzluğu (timestamps: 1014, data: 254)
2026-02-26 00:14:56 - spektroskopi - WARNING - RealTimePanel: IR_850nm raw data uzunluk uyumsuzluğu (timestamps: 1014, data: 254)
2026-02-26 00:14:56 - spektroskopi - WARNING - RealTimePanel: IR_850nm calibrated data uzunluk uyumsuzluğu (timestamps: 1014, data: 254)
2026-02-26 00:14:56 - spektroskopi - WARNING - RealTimePanel: IR_940nm raw data uzunluk uyumsuzluğu (timestamps: 1014, data: 252)
2026-02-26 00:14:56 - spektroskopi - WARNING - RealTimePanel: IR_940nm calibrated data uzunluk uyumsuzluğu (timestamps: 1014, data: 252)
2026-02-26 00:14:57 - spektroskopi - WARNING - RealTimePanel: UV_360nm raw data uzunluk uyumsuzluğu (timestamps: 1014, data: 254)
2026-02-26 00:14:57 - spektroskopi - WARNING - RealTimePanel: UV_360nm calibrated data uzunluk uyumsuzluğu (timestamps: 1014, data: 254)
2026-02-26 00:14:57 - spektroskopi - WARNING - RealTimePanel: Blue_450nm raw data uzunluk uyumsuzluğu (timestamps: 1014, data: 254)
2026-02-26 00:14:57 - spektroskopi - WARNING - RealTimePanel: Blue_450nm calibrated data uzunluk uyumsuzluğu (timestamps: 1014, data: 254)
2026-02-26 00:14:57 - spektroskopi - WARNING - RealTimePanel: IR_850nm raw data uzunluk uyumsuzluğu (timestamps: 1014, data: 254)
2026-02-26 00:14:57 - spektroskopi - WARNING - RealTimePanel: IR_850nm calibrated data uzunluk uyumsuzluğu (timestamps: 1014, data: 254)
2026-02-26 00:14:57 - spektroskopi - WARNING - RealTimePanel: IR_940nm raw data uzunluk uyumsuzluğu (timestamps: 1014, data: 252)
2026-02-26 00:14:57 - spektroskopi - WARNING - RealTimePanel: IR_940nm calibrated data uzunluk uyumsuzluğu (timestamps: 1014, data: 252)
2026-02-26 00:14:58 - spektroskopi - WARNING - RealTimePanel: UV_360nm raw data uzunluk uyumsuzluğu (timestamps: 1014, data: 254)
2026-02-26 00:14:58 - spektroskopi - WARNING - RealTimePanel: UV_360nm calibrated data uzunluk uyumsuzluğu (timestamps: 1014, data: 254)
2026-02-26 00:14:58 - spektroskopi - WARNING - RealTimePanel: Blue_450nm raw data uzunluk uyumsuzluğu (timestamps: 1014, data: 254)
2026-02-26 00:14:58 - spektroskopi - WARNING - RealTimePanel: Blue_450nm calibrated data uzunluk uyumsuzluğu (timestamps: 1014, data: 254)
2026-02-26 00:14:58 - spektroskopi - WARNING - RealTimePanel: IR_850nm raw data uzunluk uyumsuzluğu (timestamps: 1014, data: 254)
2026-02-26 00:14:58 - spektroskopi - WARNING - RealTimePanel: IR_850nm calibrated data uzunluk uyumsuzluğu (timestamps: 1014, data: 254)
2026-02-26 00:14:58 - spektroskopi - WARNING - RealTimePanel: IR_940nm raw data uzunluk uyumsuzluğu (timestamps: 1014, data: 252)
2026-02-26 00:14:58 - spektroskopi - WARNING - RealTimePanel: IR_940nm calibrated data uzunluk uyumsuzluğu (timestamps: 1014, data: 252)
2026-02-26 00:14:59 - spektroskopi - WARNING - RealTimePanel: UV_360nm raw data uzunluk uyumsuzluğu (timestamps: 1014, data: 254)
2026-02-26 00:14:59 - spektroskopi - WARNING - RealTimePanel: UV_360nm calibrated data uzunluk uyumsuzluğu (timestamps: 1014, data: 254)
2026-02-26 00:14:59 - spektroskopi - WARNING - RealTimePanel: Blue_450nm raw data uzunluk uyumsuzluğu (timestamps: 1014, data: 254)
2026-02-26 00:14:59 - spektroskopi - WARNING - RealTimePanel: Blue_450nm calibrated data uzunluk uyumsuzluğu (timestamps: 1014, data: 254)
2026-02-26 00:14:59 - spektroskopi - WARNING - RealTimePanel: IR_850nm raw data uzunluk uyumsuzluğu (timestamps: 1014, data: 254)
2026-02-26 00:14:59 - spektroskopi - WARNING - RealTimePanel: IR_850nm calibrated data uzunluk uyumsuzluğu (timestamps: 1014, data: 254)
2026-02-26 00:14:59 - spektroskopi - WARNING - RealTimePanel: IR_940nm raw data uzunluk uyumsuzluğu (timestamps: 1014, data: 252)
2026-02-26 00:14:59 - spektroskopi - WARNING - RealTimePanel: IR_940nm calibrated data uzunluk uyumsuzluğu (timestamps: 1014, data: 252)
2026-02-26 00:15:00 - spektroskopi - WARNING - RealTimePanel: UV_360nm raw data uzunluk uyumsuzluğu (timestamps: 1014, data: 254)
2026-02-26 00:15:00 - spektroskopi - WARNING - RealTimePanel: UV_360nm calibrated data uzunluk uyumsuzluğu (timestamps: 1014, data: 254)
2026-02-26 00:15:00 - spektroskopi - WARNING - RealTimePanel: Blue_450nm raw data uzunluk uyumsuzluğu (timestamps: 1014, data: 254)
2026-02-26 00:15:00 - spektroskopi - WARNING - RealTimePanel: Blue_450nm calibrated data uzunluk uyumsuzluğu (timestamps: 1014, data: 254)
2026-02-26 00:15:00 - spektroskopi - WARNING - RealTimePanel: IR_850nm raw data uzunluk uyumsuzluğu (timestamps: 1014, data: 254)
2026-02-26 00:15:00 - spektroskopi - WARNING - RealTimePanel: IR_850nm calibrated data uzunluk uyumsuzluğu (timestamps: 1014, data: 254)
2026-02-26 00:15:00 - spektroskopi - WARNING - RealTimePanel: IR_940nm raw data uzunluk uyumsuzluğu (timestamps: 1014, data: 252)
2026-02-26 00:15:00 - spektroskopi - WARNING - RealTimePanel: IR_940nm calibrated data uzunluk uyumsuzluğu (timestamps: 1014, data: 252)
2026-02-26 00:15:01 - spektroskopi - WARNING - RealTimePanel: UV_360nm raw data uzunluk uyumsuzluğu (timestamps: 1014, data: 254)
2026-02-26 00:15:01 - spektroskopi - WARNING - RealTimePanel: UV_360nm calibrated data uzunluk uyumsuzluğu (timestamps: 1014, data: 254)
2026-02-26 00:15:01 - spektroskopi - WARNING - RealTimePanel: Blue_450nm raw data uzunluk uyumsuzluğu (timestamps: 1014, data: 254)
2026-02-26 00:15:01 - spektroskopi - WARNING - RealTimePanel: Blue_450nm calibrated data uzunluk uyumsuzluğu (timestamps: 1014, data: 254)
2026-02-26 00:15:01 - spektroskopi - WARNING - RealTimePanel: IR_850nm raw data uzunluk uyumsuzluğu (timestamps: 1014, data: 254)
2026-02-26 00:15:01 - spektroskopi - WARNING - RealTimePanel: IR_850nm calibrated data uzunluk uyumsuzluğu (timestamps: 1014, data: 254)
2026-02-26 00:15:01 - spektroskopi - WARNING - RealTimePanel: IR_940nm raw data uzunluk uyumsuzluğu (timestamps: 1014, data: 252)
2026-02-26 00:15:01 - spektroskopi - WARNING - RealTimePanel: IR_940nm calibrated data uzunluk uyumsuzluğu (timestamps: 1014, data: 252)
2026-02-26 00:15:02 - spektroskopi - WARNING - RealTimePanel: UV_360nm raw data uzunluk uyumsuzluğu (timestamps: 1014, data: 254)
2026-02-26 00:15:02 - spektroskopi - WARNING - RealTimePanel: UV_360nm calibrated data uzunluk uyumsuzluğu (timestamps: 1014, data: 254)
2026-02-26 00:15:02 - spektroskopi - WARNING - RealTimePanel: Blue_450nm raw data uzunluk uyumsuzluğu (timestamps: 1014, data: 254)
2026-02-26 00:15:02 - spektroskopi - WARNING - RealTimePanel: Blue_450nm calibrated data uzunluk uyumsuzluğu (timestamps: 1014, data: 254)
2026-02-26 00:15:02 - spektroskopi - WARNING - RealTimePanel: IR_850nm raw data uzunluk uyumsuzluğu (timestamps: 1014, data: 254)
2026-02-26 00:15:02 - spektroskopi - WARNING - RealTimePanel: IR_850nm calibrated data uzunluk uyumsuzluğu (timestamps: 1014, data: 254)
2026-02-26 00:15:02 - spektroskopi - WARNING - RealTimePanel: IR_940nm raw data uzunluk uyumsuzluğu (timestamps: 1014, data: 252)
2026-02-26 00:15:02 - spektroskopi - WARNING - RealTimePanel: IR_940nm calibrated data uzunluk uyumsuzluğu (timestamps: 1014, data: 252)
2026-02-26 00:15:03 - spektroskopi - WARNING - RealTimePanel: UV_360nm raw data uzunluk uyumsuzluğu (timestamps: 1014, data: 254)
2026-02-26 00:15:03 - spektroskopi - WARNING - RealTimePanel: UV_360nm calibrated data uzunluk uyumsuzluğu (timestamps: 1014, data: 254)
2026-02-26 00:15:03 - spektroskopi - WARNING - RealTimePanel: Blue_450nm raw data uzunluk uyumsuzluğu (timestamps: 1014, data: 254)
2026-02-26 00:15:03 - spektroskopi - WARNING - RealTimePanel: Blue_450nm calibrated data uzunluk uyumsuzluğu (timestamps: 1014, data: 254)
2026-02-26 00:15:03 - spektroskopi - WARNING - RealTimePanel: IR_850nm raw data uzunluk uyumsuzluğu (timestamps: 1014, data: 254)
2026-02-26 00:15:03 - spektroskopi - WARNING - RealTimePanel: IR_850nm calibrated data uzunluk uyumsuzluğu (timestamps: 1014, data: 254)
2026-02-26 00:15:03 - spektroskopi - WARNING - RealTimePanel: IR_940nm raw data uzunluk uyumsuzluğu (timestamps: 1014, data: 252)
2026-02-26 00:15:03 - spektroskopi - WARNING - RealTimePanel: IR_940nm calibrated data uzunluk uyumsuzluğu (timestamps: 1014, data: 252)
2026-02-26 00:15:04 - spektroskopi - WARNING - RealTimePanel: UV_360nm raw data uzunluk uyumsuzluğu (timestamps: 1014, data: 254)
2026-02-26 00:15:04 - spektroskopi - WARNING - RealTimePanel: UV_360nm calibrated data uzunluk uyumsuzluğu (timestamps: 1014, data: 254)
2026-02-26 00:15:04 - spektroskopi - WARNING - RealTimePanel: Blue_450nm raw data uzunluk uyumsuzluğu (timestamps: 1014, data: 254)
2026-02-26 00:15:04 - spektroskopi - WARNING - RealTimePanel: Blue_450nm calibrated data uzunluk uyumsuzluğu (timestamps: 1014, data: 254)
2026-02-26 00:15:04 - spektroskopi - WARNING - RealTimePanel: IR_850nm raw data uzunluk uyumsuzluğu (timestamps: 1014, data: 254)
2026-02-26 00:15:04 - spektroskopi - WARNING - RealTimePanel: IR_850nm calibrated data uzunluk uyumsuzluğu (timestamps: 1014, data: 254)
2026-02-26 00:15:04 - spektroskopi - WARNING - RealTimePanel: IR_940nm raw data uzunluk uyumsuzluğu (timestamps: 1014, data: 252)
2026-02-26 00:15:04 - spektroskopi - WARNING - RealTimePanel: IR_940nm calibrated data uzunluk uyumsuzluğu (timestamps: 1014, data: 252)
2026-02-26 00:15:05 - spektroskopi - WARNING - RealTimePanel: UV_360nm raw data uzunluk uyumsuzluğu (timestamps: 1014, data: 254)
2026-02-26 00:15:05 - spektroskopi - WARNING - RealTimePanel: UV_360nm calibrated data uzunluk uyumsuzluğu (timestamps: 1014, data: 254)
2026-02-26 00:15:05 - spektroskopi - WARNING - RealTimePanel: Blue_450nm raw data uzunluk uyumsuzluğu (timestamps: 1014, data: 254)
2026-02-26 00:15:05 - spektroskopi - WARNING - RealTimePanel: Blue_450nm calibrated data uzunluk uyumsuzluğu (timestamps: 1014, data: 254)
2026-02-26 00:15:05 - spektroskopi - WARNING - RealTimePanel: IR_850nm raw data uzunluk uyumsuzluğu (timestamps: 1014, data: 254)
2026-02-26 00:15:05 - spektroskopi - WARNING - RealTimePanel: IR_850nm calibrated data uzunluk uyumsuzluğu (timestamps: 1014, data: 254)
2026-02-26 00:15:05 - spektroskopi - WARNING - RealTimePanel: IR_940nm raw data uzunluk uyumsuzluğu (timestamps: 1014, data: 252)
2026-02-26 00:15:05 - spektroskopi - WARNING - RealTimePanel: IR_940nm calibrated data uzunluk uyumsuzluğu (timestamps: 1014, data: 252)
2026-02-26 00:15:06 - spektroskopi - WARNING - RealTimePanel: UV_360nm raw data uzunluk uyumsuzluğu (timestamps: 1014, data: 254)
2026-02-26 00:15:06 - spektroskopi - WARNING - RealTimePanel: UV_360nm calibrated data uzunluk uyumsuzluğu (timestamps: 1014, data: 254)
2026-02-26 00:15:06 - spektroskopi - WARNING - RealTimePanel: Blue_450nm raw data uzunluk uyumsuzluğu (timestamps: 1014, data: 254)
2026-02-26 00:15:06 - spektroskopi - WARNING - RealTimePanel: Blue_450nm calibrated data uzunluk uyumsuzluğu (timestamps: 1014, data: 254)
2026-02-26 00:15:06 - spektroskopi - WARNING - RealTimePanel: IR_850nm raw data uzunluk uyumsuzluğu (timestamps: 1014, data: 254)
2026-02-26 00:15:06 - spektroskopi - WARNING - RealTimePanel: IR_850nm calibrated data uzunluk uyumsuzluğu (timestamps: 1014, data: 254)
2026-02-26 00:15:06 - spektroskopi - WARNING - RealTimePanel: IR_940nm raw data uzunluk uyumsuzluğu (timestamps: 1014, data: 252)
2026-02-26 00:15:06 - spektroskopi - WARNING - RealTimePanel: IR_940nm calibrated data uzunluk uyumsuzluğu (timestamps: 1014, data: 252)
2026-02-26 00:15:07 - spektroskopi - WARNING - RealTimePanel: UV_360nm raw data uzunluk uyumsuzluğu (timestamps: 1014, data: 254)
2026-02-26 00:15:07 - spektroskopi - WARNING - RealTimePanel: UV_360nm calibrated data uzunluk uyumsuzluğu (timestamps: 1014, data: 254)
2026-02-26 00:15:07 - spektroskopi - WARNING - RealTimePanel: Blue_450nm raw data uzunluk uyumsuzluğu (timestamps: 1014, data: 254)
2026-02-26 00:15:07 - spektroskopi - WARNING - RealTimePanel: Blue_450nm calibrated data uzunluk uyumsuzluğu (timestamps: 1014, data: 254)
2026-02-26 00:15:07 - spektroskopi - WARNING - RealTimePanel: IR_850nm raw data uzunluk uyumsuzluğu (timestamps: 1014, data: 254)
2026-02-26 00:15:07 - spektroskopi - WARNING - RealTimePanel: IR_850nm calibrated data uzunluk uyumsuzluğu (timestamps: 1014, data: 254)
2026-02-26 00:15:07 - spektroskopi - WARNING - RealTimePanel: IR_940nm raw data uzunluk uyumsuzluğu (timestamps: 1014, data: 252)
2026-02-26 00:15:07 - spektroskopi - WARNING - RealTimePanel: IR_940nm calibrated data uzunluk uyumsuzluğu (timestamps: 1014, data: 252)
2026-02-26 00:15:08 - spektroskopi - WARNING - RealTimePanel: UV_360nm raw data uzunluk uyumsuzluğu (timestamps: 1014, data: 254)
2026-02-26 00:15:08 - spektroskopi - WARNING - RealTimePanel: UV_360nm calibrated data uzunluk uyumsuzluğu (timestamps: 1014, data: 254)
2026-02-26 00:15:08 - spektroskopi - WARNING - RealTimePanel: Blue_450nm raw data uzunluk uyumsuzluğu (timestamps: 1014, data: 254)
2026-02-26 00:15:08 - spektroskopi - WARNING - RealTimePanel: Blue_450nm calibrated data uzunluk uyumsuzluğu (timestamps: 1014, data: 254)
2026-02-26 00:15:08 - spektroskopi - WARNING - RealTimePanel: IR_850nm raw data uzunluk uyumsuzluğu (timestamps: 1014, data: 254)
2026-02-26 00:15:08 - spektroskopi - WARNING - RealTimePanel: IR_850nm calibrated data uzunluk uyumsuzluğu (timestamps: 1014, data: 254)
2026-02-26 00:15:08 - spektroskopi - WARNING - RealTimePanel: IR_940nm raw data uzunluk uyumsuzluğu (timestamps: 1014, data: 252)
2026-02-26 00:15:08 - spektroskopi - WARNING - RealTimePanel: IR_940nm calibrated data uzunluk uyumsuzluğu (timestamps: 1014, data: 252)
2026-02-26 00:15:09 - spektroskopi - WARNING - RealTimePanel: UV_360nm raw data uzunluk uyumsuzluğu (timestamps: 1014, data: 254)
2026-02-26 00:15:09 - spektroskopi - WARNING - RealTimePanel: UV_360nm calibrated data uzunluk uyumsuzluğu (timestamps: 1014, data: 254)
2026-02-26 00:15:09 - spektroskopi - WARNING - RealTimePanel: Blue_450nm raw data uzunluk uyumsuzluğu (timestamps: 1014, data: 254)
2026-02-26 00:15:09 - spektroskopi - WARNING - RealTimePanel: Blue_450nm calibrated data uzunluk uyumsuzluğu (timestamps: 1014, data: 254)
2026-02-26 00:15:09 - spektroskopi - WARNING - RealTimePanel: IR_850nm raw data uzunluk uyumsuzluğu (timestamps: 1014, data: 254)
2026-02-26 00:15:09 - spektroskopi - WARNING - RealTimePanel: IR_850nm calibrated data uzunluk uyumsuzluğu (timestamps: 1014, data: 254)
2026-02-26 00:15:09 - spektroskopi - WARNING - RealTimePanel: IR_940nm raw data uzunluk uyumsuzluğu (timestamps: 1014, data: 252)
2026-02-26 00:15:09 - spektroskopi - WARNING - RealTimePanel: IR_940nm calibrated data uzunluk uyumsuzluğu (timestamps: 1014, data: 252)
2026-02-26 00:15:10 - spektroskopi - WARNING - RealTimePanel: UV_360nm raw data uzunluk uyumsuzluğu (timestamps: 1014, data: 254)
2026-02-26 00:15:10 - spektroskopi - WARNING - RealTimePanel: UV_360nm calibrated data uzunluk uyumsuzluğu (timestamps: 1014, data: 254)
2026-02-26 00:15:10 - spektroskopi - WARNING - RealTimePanel: Blue_450nm raw data uzunluk uyumsuzluğu (timestamps: 1014, data: 254)
2026-02-26 00:15:10 - spektroskopi - WARNING - RealTimePanel: Blue_450nm calibrated data uzunluk uyumsuzluğu (timestamps: 1014, data: 254)
2026-02-26 00:15:10 - spektroskopi - WARNING - RealTimePanel: IR_850nm raw data uzunluk uyumsuzluğu (timestamps: 1014, data: 254)
2026-02-26 00:15:10 - spektroskopi - WARNING - RealTimePanel: IR_850nm calibrated data uzunluk uyumsuzluğu (timestamps: 1014, data: 254)
2026-02-26 00:15:10 - spektroskopi - WARNING - RealTimePanel: IR_940nm raw data uzunluk uyumsuzluğu (timestamps: 1014, data: 252)
2026-02-26 00:15:10 - spektroskopi - WARNING - RealTimePanel: IR_940nm calibrated data uzunluk uyumsuzluğu (timestamps: 1014, data: 252)
2026-02-26 00:15:11 - spektroskopi - WARNING - RealTimePanel: UV_360nm raw data uzunluk uyumsuzluğu (timestamps: 1014, data: 254)
2026-02-26 00:15:11 - spektroskopi - WARNING - RealTimePanel: UV_360nm calibrated data uzunluk uyumsuzluğu (timestamps: 1014, data: 254)
2026-02-26 00:15:11 - spektroskopi - WARNING - RealTimePanel: Blue_450nm raw data uzunluk uyumsuzluğu (timestamps: 1014, data: 254)
2026-02-26 00:15:11 - spektroskopi - WARNING - RealTimePanel: Blue_450nm calibrated data uzunluk uyumsuzluğu (timestamps: 1014, data: 254)
2026-02-26 00:15:11 - spektroskopi - WARNING - RealTimePanel: IR_850nm raw data uzunluk uyumsuzluğu (timestamps: 1014, data: 254)
2026-02-26 00:15:11 - spektroskopi - WARNING - RealTimePanel: IR_850nm calibrated data uzunluk uyumsuzluğu (timestamps: 1014, data: 254)
2026-02-26 00:15:11 - spektroskopi - WARNING - RealTimePanel: IR_940nm raw data uzunluk uyumsuzluğu (timestamps: 1014, data: 252)
2026-02-26 00:15:11 - spektroskopi - WARNING - RealTimePanel: IR_940nm calibrated data uzunluk uyumsuzluğu (timestamps: 1014, data: 252)
2026-02-26 00:15:12 - spektroskopi - WARNING - RealTimePanel: UV_360nm raw data uzunluk uyumsuzluğu (timestamps: 1014, data: 254)
2026-02-26 00:15:12 - spektroskopi - WARNING - RealTimePanel: UV_360nm calibrated data uzunluk uyumsuzluğu (timestamps: 1014, data: 254)
2026-02-26 00:15:12 - spektroskopi - WARNING - RealTimePanel: Blue_450nm raw data uzunluk uyumsuzluğu (timestamps: 1014, data: 254)
2026-02-26 00:15:12 - spektroskopi - WARNING - RealTimePanel: Blue_450nm calibrated data uzunluk uyumsuzluğu (timestamps: 1014, data: 254)
2026-02-26 00:15:12 - spektroskopi - WARNING - RealTimePanel: IR_850nm raw data uzunluk uyumsuzluğu (timestamps: 1014, data: 254)
2026-02-26 00:15:12 - spektroskopi - WARNING - RealTimePanel: IR_850nm calibrated data uzunluk uyumsuzluğu (timestamps: 1014, data: 254)
2026-02-26 00:15:12 - spektroskopi - WARNING - RealTimePanel: IR_940nm raw data uzunluk uyumsuzluğu (timestamps: 1014, data: 252)
2026-02-26 00:15:12 - spektroskopi - WARNING - RealTimePanel: IR_940nm calibrated data uzunluk uyumsuzluğu (timestamps: 1014, data: 252)
2026-02-26 00:15:13 - spektroskopi - WARNING - RealTimePanel: UV_360nm raw data uzunluk uyumsuzluğu (timestamps: 1014, data: 254)
2026-02-26 00:15:13 - spektroskopi - WARNING - RealTimePanel: UV_360nm calibrated data uzunluk uyumsuzluğu (timestamps: 1014, data: 254)
2026-02-26 00:15:13 - spektroskopi - WARNING - RealTimePanel: Blue_450nm raw data uzunluk uyumsuzluğu (timestamps: 1014, data: 254)
2026-02-26 00:15:13 - spektroskopi - WARNING - RealTimePanel: Blue_450nm calibrated data uzunluk uyumsuzluğu (timestamps: 1014, data: 254)
2026-02-26 00:15:13 - spektroskopi - WARNING - RealTimePanel: IR_850nm raw data uzunluk uyumsuzluğu (timestamps: 1014, data: 254)
2026-02-26 00:15:13 - spektroskopi - WARNING - RealTimePanel: IR_850nm calibrated data uzunluk uyumsuzluğu (timestamps: 1014, data: 254)
2026-02-26 00:15:13 - spektroskopi - WARNING - RealTimePanel: IR_940nm raw data uzunluk uyumsuzluğu (timestamps: 1014, data: 252)
2026-02-26 00:15:13 - spektroskopi - WARNING - RealTimePanel: IR_940nm calibrated data uzunluk uyumsuzluğu (timestamps: 1014, data: 252)
2026-02-26 00:15:14 - spektroskopi - WARNING - RealTimePanel: UV_360nm raw data uzunluk uyumsuzluğu (timestamps: 1014, data: 254)
2026-02-26 00:15:14 - spektroskopi - WARNING - RealTimePanel: UV_360nm calibrated data uzunluk uyumsuzluğu (timestamps: 1014, data: 254)
2026-02-26 00:15:14 - spektroskopi - WARNING - RealTimePanel: Blue_450nm raw data uzunluk uyumsuzluğu (timestamps: 1014, data: 254)
2026-02-26 00:15:14 - spektroskopi - WARNING - RealTimePanel: Blue_450nm calibrated data uzunluk uyumsuzluğu (timestamps: 1014, data: 254)
2026-02-26 00:15:14 - spektroskopi - WARNING - RealTimePanel: IR_850nm raw data uzunluk uyumsuzluğu (timestamps: 1014, data: 254)
2026-02-26 00:15:14 - spektroskopi - WARNING - RealTimePanel: IR_850nm calibrated data uzunluk uyumsuzluğu (timestamps: 1014, data: 254)
2026-02-26 00:15:14 - spektroskopi - WARNING - RealTimePanel: IR_940nm raw data uzunluk uyumsuzluğu (timestamps: 1014, data: 252)
2026-02-26 00:15:14 - spektroskopi - WARNING - RealTimePanel: IR_940nm calibrated data uzunluk uyumsuzluğu (timestamps: 1014, data: 252)
2026-02-26 00:15:15 - spektroskopi - WARNING - RealTimePanel: UV_360nm raw data uzunluk uyumsuzluğu (timestamps: 1014, data: 254)
2026-02-26 00:15:15 - spektroskopi - WARNING - RealTimePanel: UV_360nm calibrated data uzunluk uyumsuzluğu (timestamps: 1014, data: 254)
2026-02-26 00:15:15 - spektroskopi - WARNING - RealTimePanel: Blue_450nm raw data uzunluk uyumsuzluğu (timestamps: 1014, data: 254)
2026-02-26 00:15:15 - spektroskopi - WARNING - RealTimePanel: Blue_450nm calibrated data uzunluk uyumsuzluğu (timestamps: 1014, data: 254)
2026-02-26 00:15:15 - spektroskopi - WARNING - RealTimePanel: IR_850nm raw data uzunluk uyumsuzluğu (timestamps: 1014, data: 254)
2026-02-26 00:15:15 - spektroskopi - WARNING - RealTimePanel: IR_850nm calibrated data uzunluk uyumsuzluğu (timestamps: 1014, data: 254)
2026-02-26 00:15:15 - spektroskopi - WARNING - RealTimePanel: IR_940nm raw data uzunluk uyumsuzluğu (timestamps: 1014, data: 252)
2026-02-26 00:15:15 - spektroskopi - WARNING - RealTimePanel: IR_940nm calibrated data uzunluk uyumsuzluğu (timestamps: 1014, data: 252)
2026-02-26 00:15:16 - spektroskopi - WARNING - RealTimePanel: UV_360nm raw data uzunluk uyumsuzluğu (timestamps: 1014, data: 254)
2026-02-26 00:15:16 - spektroskopi - WARNING - RealTimePanel: UV_360nm calibrated data uzunluk uyumsuzluğu (timestamps: 1014, data: 254)
2026-02-26 00:15:16 - spektroskopi - WARNING - RealTimePanel: Blue_450nm raw data uzunluk uyumsuzluğu (timestamps: 1014, data: 254)
2026-02-26 00:15:16 - spektroskopi - WARNING - RealTimePanel: Blue_450nm calibrated data uzunluk uyumsuzluğu (timestamps: 1014, data: 254)
2026-02-26 00:15:16 - spektroskopi - WARNING - RealTimePanel: IR_850nm raw data uzunluk uyumsuzluğu (timestamps: 1014, data: 254)
2026-02-26 00:15:16 - spektroskopi - WARNING - RealTimePanel: IR_850nm calibrated data uzunluk uyumsuzluğu (timestamps: 1014, data: 254)
2026-02-26 00:15:16 - spektroskopi - WARNING - RealTimePanel: IR_940nm raw data uzunluk uyumsuzluğu (timestamps: 1014, data: 252)
2026-02-26 00:15:16 - spektroskopi - WARNING - RealTimePanel: IR_940nm calibrated data uzunluk uyumsuzluğu (timestamps: 1014, data: 252)
2026-02-26 00:15:17 - spektroskopi - WARNING - RealTimePanel: UV_360nm raw data uzunluk uyumsuzluğu (timestamps: 1014, data: 254)
2026-02-26 00:15:17 - spektroskopi - WARNING - RealTimePanel: UV_360nm calibrated data uzunluk uyumsuzluğu (timestamps: 1014, data: 254)
2026-02-26 00:15:17 - spektroskopi - WARNING - RealTimePanel: Blue_450nm raw data uzunluk uyumsuzluğu (timestamps: 1014, data: 254)
2026-02-26 00:15:17 - spektroskopi - WARNING - RealTimePanel: Blue_450nm calibrated data uzunluk uyumsuzluğu (timestamps: 1014, data: 254)
2026-02-26 00:15:17 - spektroskopi - WARNING - RealTimePanel: IR_850nm raw data uzunluk uyumsuzluğu (timestamps: 1014, data: 254)
2026-02-26 00:15:17 - spektroskopi - WARNING - RealTimePanel: IR_850nm calibrated data uzunluk uyumsuzluğu (timestamps: 1014, data: 254)
2026-02-26 00:15:17 - spektroskopi - WARNING - RealTimePanel: IR_940nm raw data uzunluk uyumsuzluğu (timestamps: 1014, data: 252)
2026-02-26 00:15:17 - spektroskopi - WARNING - RealTimePanel: IR_940nm calibrated data uzunluk uyumsuzluğu (timestamps: 1014, data: 252)
2026-02-26 00:15:18 - spektroskopi - WARNING - RealTimePanel: UV_360nm raw data uzunluk uyumsuzluğu (timestamps: 1014, data: 254)
2026-02-26 00:15:18 - spektroskopi - WARNING - RealTimePanel: UV_360nm calibrated data uzunluk uyumsuzluğu (timestamps: 1014, data: 254)
2026-02-26 00:15:18 - spektroskopi - WARNING - RealTimePanel: Blue_450nm raw data uzunluk uyumsuzluğu (timestamps: 1014, data: 254)
2026-02-26 00:15:18 - spektroskopi - WARNING - RealTimePanel: Blue_450nm calibrated data uzunluk uyumsuzluğu (timestamps: 1014, data: 254)
2026-02-26 00:15:18 - spektroskopi - WARNING - RealTimePanel: IR_850nm raw data uzunluk uyumsuzluğu (timestamps: 1014, data: 254)
2026-02-26 00:15:18 - spektroskopi - WARNING - RealTimePanel: IR_850nm calibrated data uzunluk uyumsuzluğu (timestamps: 1014, data: 254)
2026-02-26 00:15:18 - spektroskopi - WARNING - RealTimePanel: IR_940nm raw data uzunluk uyumsuzluğu (timestamps: 1014, data: 252)
2026-02-26 00:15:18 - spektroskopi - WARNING - RealTimePanel: IR_940nm calibrated data uzunluk uyumsuzluğu (timestamps: 1014, data: 252)
2026-02-26 00:15:19 - spektroskopi - WARNING - RealTimePanel: UV_360nm raw data uzunluk uyumsuzluğu (timestamps: 1014, data: 254)
2026-02-26 00:15:19 - spektroskopi - WARNING - RealTimePanel: UV_360nm calibrated data uzunluk uyumsuzluğu (timestamps: 1014, data: 254)
2026-02-26 00:15:19 - spektroskopi - WARNING - RealTimePanel: Blue_450nm raw data uzunluk uyumsuzluğu (timestamps: 1014, data: 254)
2026-02-26 00:15:19 - spektroskopi - WARNING - RealTimePanel: Blue_450nm calibrated data uzunluk uyumsuzluğu (timestamps: 1014, data: 254)
2026-02-26 00:15:19 - spektroskopi - WARNING - RealTimePanel: IR_850nm raw data uzunluk uyumsuzluğu (timestamps: 1014, data: 254)
2026-02-26 00:15:19 - spektroskopi - WARNING - RealTimePanel: IR_850nm calibrated data uzunluk uyumsuzluğu (timestamps: 1014, data: 254)
2026-02-26 00:15:19 - spektroskopi - WARNING - RealTimePanel: IR_940nm raw data uzunluk uyumsuzluğu (timestamps: 1014, data: 252)
2026-02-26 00:15:19 - spektroskopi - WARNING - RealTimePanel: IR_940nm calibrated data uzunluk uyumsuzluğu (timestamps: 1014, data: 252)
2026-02-26 00:15:20 - spektroskopi - WARNING - RealTimePanel: UV_360nm raw data uzunluk uyumsuzluğu (timestamps: 1014, data: 254)
2026-02-26 00:15:20 - spektroskopi - WARNING - RealTimePanel: UV_360nm calibrated data uzunluk uyumsuzluğu (timestamps: 1014, data: 254)
2026-02-26 00:15:20 - spektroskopi - WARNING - RealTimePanel: Blue_450nm raw data uzunluk uyumsuzluğu (timestamps: 1014, data: 254)
2026-02-26 00:15:20 - spektroskopi - WARNING - RealTimePanel: Blue_450nm calibrated data uzunluk uyumsuzluğu (timestamps: 1014, data: 254)
2026-02-26 00:15:20 - spektroskopi - WARNING - RealTimePanel: IR_850nm raw data uzunluk uyumsuzluğu (timestamps: 1014, data: 254)
2026-02-26 00:15:20 - spektroskopi - WARNING - RealTimePanel: IR_850nm calibrated data uzunluk uyumsuzluğu (timestamps: 1014, data: 254)
2026-02-26 00:15:20 - spektroskopi - WARNING - RealTimePanel: IR_940nm raw data uzunluk uyumsuzluğu (timestamps: 1014, data: 252)
2026-02-26 00:15:20 - spektroskopi - WARNING - RealTimePanel: IR_940nm calibrated data uzunluk uyumsuzluğu (timestamps: 1014, data: 252)
2026-02-26 00:15:21 - spektroskopi - WARNING - RealTimePanel: UV_360nm raw data uzunluk uyumsuzluğu (timestamps: 1014, data: 254)
2026-02-26 00:15:21 - spektroskopi - WARNING - RealTimePanel: UV_360nm calibrated data uzunluk uyumsuzluğu (timestamps: 1014, data: 254)
2026-02-26 00:15:21 - spektroskopi - WARNING - RealTimePanel: Blue_450nm raw data uzunluk uyumsuzluğu (timestamps: 1014, data: 254)
2026-02-26 00:15:21 - spektroskopi - WARNING - RealTimePanel: Blue_450nm calibrated data uzunluk uyumsuzluğu (timestamps: 1014, data: 254)
2026-02-26 00:15:21 - spektroskopi - WARNING - RealTimePanel: IR_850nm raw data uzunluk uyumsuzluğu (timestamps: 1014, data: 254)
2026-02-26 00:15:21 - spektroskopi - WARNING - RealTimePanel: IR_850nm calibrated data uzunluk uyumsuzluğu (timestamps: 1014, data: 254)
2026-02-26 00:15:21 - spektroskopi - WARNING - RealTimePanel: IR_940nm raw data uzunluk uyumsuzluğu (timestamps: 1014, data: 252)
2026-02-26 00:15:21 - spektroskopi - WARNING - RealTimePanel: IR_940nm calibrated data uzunluk uyumsuzluğu (timestamps: 1014, data: 252)
2026-02-26 00:15:22 - spektroskopi - WARNING - RealTimePanel: UV_360nm raw data uzunluk uyumsuzluğu (timestamps: 1014, data: 254)
2026-02-26 00:15:22 - spektroskopi - WARNING - RealTimePanel: UV_360nm calibrated data uzunluk uyumsuzluğu (timestamps: 1014, data: 254)
2026-02-26 00:15:22 - spektroskopi - WARNING - RealTimePanel: Blue_450nm raw data uzunluk uyumsuzluğu (timestamps: 1014, data: 254)
2026-02-26 00:15:22 - spektroskopi - WARNING - RealTimePanel: Blue_450nm calibrated data uzunluk uyumsuzluğu (timestamps: 1014, data: 254)
2026-02-26 00:15:22 - spektroskopi - WARNING - RealTimePanel: IR_850nm raw data uzunluk uyumsuzluğu (timestamps: 1014, data: 254)
2026-02-26 00:15:22 - spektroskopi - WARNING - RealTimePanel: IR_850nm calibrated data uzunluk uyumsuzluğu (timestamps: 1014, data: 254)
2026-02-26 00:15:22 - spektroskopi - WARNING - RealTimePanel: IR_940nm raw data uzunluk uyumsuzluğu (timestamps: 1014, data: 252)
2026-02-26 00:15:22 - spektroskopi - WARNING - RealTimePanel: IR_940nm calibrated data uzunluk uyumsuzluğu (timestamps: 1014, data: 252)
2026-02-26 00:15:23 - spektroskopi - WARNING - RealTimePanel: UV_360nm raw data uzunluk uyumsuzluğu (timestamps: 1014, data: 254)
2026-02-26 00:15:23 - spektroskopi - WARNING - RealTimePanel: UV_360nm calibrated data uzunluk uyumsuzluğu (timestamps: 1014, data: 254)
2026-02-26 00:15:23 - spektroskopi - WARNING - RealTimePanel: Blue_450nm raw data uzunluk uyumsuzluğu (timestamps: 1014, data: 254)
2026-02-26 00:15:23 - spektroskopi - WARNING - RealTimePanel: Blue_450nm calibrated data uzunluk uyumsuzluğu (timestamps: 1014, data: 254)
2026-02-26 00:15:23 - spektroskopi - WARNING - RealTimePanel: IR_850nm raw data uzunluk uyumsuzluğu (timestamps: 1014, data: 254)
2026-02-26 00:15:23 - spektroskopi - WARNING - RealTimePanel: IR_850nm calibrated data uzunluk uyumsuzluğu (timestamps: 1014, data: 254)
2026-02-26 00:15:23 - spektroskopi - WARNING - RealTimePanel: IR_940nm raw data uzunluk uyumsuzluğu (timestamps: 1014, data: 252)
2026-02-26 00:15:23 - spektroskopi - WARNING - RealTimePanel: IR_940nm calibrated data uzunluk uyumsuzluğu (timestamps: 1014, data: 252)
2026-02-26 00:15:24 - spektroskopi - WARNING - RealTimePanel: UV_360nm raw data uzunluk uyumsuzluğu (timestamps: 1014, data: 254)
2026-02-26 00:15:24 - spektroskopi - WARNING - RealTimePanel: UV_360nm calibrated data uzunluk uyumsuzluğu (timestamps: 1014, data: 254)
2026-02-26 00:15:24 - spektroskopi - WARNING - RealTimePanel: Blue_450nm raw data uzunluk uyumsuzluğu (timestamps: 1014, data: 254)
2026-02-26 00:15:24 - spektroskopi - WARNING - RealTimePanel: Blue_450nm calibrated data uzunluk uyumsuzluğu (timestamps: 1014, data: 254)
2026-02-26 00:15:24 - spektroskopi - WARNING - RealTimePanel: IR_850nm raw data uzunluk uyumsuzluğu (timestamps: 1014, data: 254)
2026-02-26 00:15:24 - spektroskopi - WARNING - RealTimePanel: IR_850nm calibrated data uzunluk uyumsuzluğu (timestamps: 1014, data: 254)
2026-02-26 00:15:24 - spektroskopi - WARNING - RealTimePanel: IR_940nm raw data uzunluk uyumsuzluğu (timestamps: 1014, data: 252)
2026-02-26 00:15:24 - spektroskopi - WARNING - RealTimePanel: IR_940nm calibrated data uzunluk uyumsuzluğu (timestamps: 1014, data: 252)
2026-02-26 00:15:25 - spektroskopi - WARNING - RealTimePanel: UV_360nm raw data uzunluk uyumsuzluğu (timestamps: 1014, data: 254)
2026-02-26 00:15:25 - spektroskopi - WARNING - RealTimePanel: UV_360nm calibrated data uzunluk uyumsuzluğu (timestamps: 1014, data: 254)
2026-02-26 00:15:25 - spektroskopi - WARNING - RealTimePanel: Blue_450nm raw data uzunluk uyumsuzluğu (timestamps: 1014, data: 254)
2026-02-26 00:15:25 - spektroskopi - WARNING - RealTimePanel: Blue_450nm calibrated data uzunluk uyumsuzluğu (timestamps: 1014, data: 254)
2026-02-26 00:15:25 - spektroskopi - WARNING - RealTimePanel: IR_850nm raw data uzunluk uyumsuzluğu (timestamps: 1014, data: 254)
2026-02-26 00:15:25 - spektroskopi - WARNING - RealTimePanel: IR_850nm calibrated data uzunluk uyumsuzluğu (timestamps: 1014, data: 254)
2026-02-26 00:15:25 - spektroskopi - WARNING - RealTimePanel: IR_940nm raw data uzunluk uyumsuzluğu (timestamps: 1014, data: 252)
2026-02-26 00:15:25 - spektroskopi - WARNING - RealTimePanel: IR_940nm calibrated data uzunluk uyumsuzluğu (timestamps: 1014, data: 252)
2026-02-26 00:15:26 - spektroskopi - WARNING - RealTimePanel: UV_360nm raw data uzunluk uyumsuzluğu (timestamps: 1014, data: 254)
2026-02-26 00:15:26 - spektroskopi - WARNING - RealTimePanel: UV_360nm calibrated data uzunluk uyumsuzluğu (timestamps: 1014, data: 254)
2026-02-26 00:15:26 - spektroskopi - WARNING - RealTimePanel: Blue_450nm raw data uzunluk uyumsuzluğu (timestamps: 1014, data: 254)
2026-02-26 00:15:26 - spektroskopi - WARNING - RealTimePanel: Blue_450nm calibrated data uzunluk uyumsuzluğu (timestamps: 1014, data: 254)
2026-02-26 00:15:26 - spektroskopi - WARNING - RealTimePanel: IR_850nm raw data uzunluk uyumsuzluğu (timestamps: 1014, data: 254)
2026-02-26 00:15:26 - spektroskopi - WARNING - RealTimePanel: IR_850nm calibrated data uzunluk uyumsuzluğu (timestamps: 1014, data: 254)
2026-02-26 00:15:26 - spektroskopi - WARNING - RealTimePanel: IR_940nm raw data uzunluk uyumsuzluğu (timestamps: 1014, data: 252)
2026-02-26 00:15:26 - spektroskopi - WARNING - RealTimePanel: IR_940nm calibrated data uzunluk uyumsuzluğu (timestamps: 1014, data: 252)
2026-02-26 00:15:27 - spektroskopi - WARNING - RealTimePanel: UV_360nm raw data uzunluk uyumsuzluğu (timestamps: 1014, data: 254)
2026-02-26 00:15:27 - spektroskopi - WARNING - RealTimePanel: UV_360nm calibrated data uzunluk uyumsuzluğu (timestamps: 1014, data: 254)
2026-02-26 00:15:27 - spektroskopi - WARNING - RealTimePanel: Blue_450nm raw data uzunluk uyumsuzluğu (timestamps: 1014, data: 254)
2026-02-26 00:15:27 - spektroskopi - WARNING - RealTimePanel: Blue_450nm calibrated data uzunluk uyumsuzluğu (timestamps: 1014, data: 254)
2026-02-26 00:15:27 - spektroskopi - WARNING - RealTimePanel: IR_850nm raw data uzunluk uyumsuzluğu (timestamps: 1014, data: 254)
2026-02-26 00:15:27 - spektroskopi - WARNING - RealTimePanel: IR_850nm calibrated data uzunluk uyumsuzluğu (timestamps: 1014, data: 254)
2026-02-26 00:15:27 - spektroskopi - WARNING - RealTimePanel: IR_940nm raw data uzunluk uyumsuzluğu (timestamps: 1014, data: 252)
2026-02-26 00:15:27 - spektroskopi - WARNING - RealTimePanel: IR_940nm calibrated data uzunluk uyumsuzluğu (timestamps: 1014, data: 252)
2026-02-26 00:15:28 - spektroskopi - WARNING - RealTimePanel: UV_360nm raw data uzunluk uyumsuzluğu (timestamps: 1014, data: 254)
2026-02-26 00:15:28 - spektroskopi - WARNING - RealTimePanel: UV_360nm calibrated data uzunluk uyumsuzluğu (timestamps: 1014, data: 254)
2026-02-26 00:15:28 - spektroskopi - WARNING - RealTimePanel: Blue_450nm raw data uzunluk uyumsuzluğu (timestamps: 1014, data: 254)
2026-02-26 00:15:28 - spektroskopi - WARNING - RealTimePanel: Blue_450nm calibrated data uzunluk uyumsuzluğu (timestamps: 1014, data: 254)
2026-02-26 00:15:28 - spektroskopi - WARNING - RealTimePanel: IR_850nm raw data uzunluk uyumsuzluğu (timestamps: 1014, data: 254)
2026-02-26 00:15:28 - spektroskopi - WARNING - RealTimePanel: IR_850nm calibrated data uzunluk uyumsuzluğu (timestamps: 1014, data: 254)
2026-02-26 00:15:28 - spektroskopi - WARNING - RealTimePanel: IR_940nm raw data uzunluk uyumsuzluğu (timestamps: 1014, data: 252)
2026-02-26 00:15:28 - spektroskopi - WARNING - RealTimePanel: IR_940nm calibrated data uzunluk uyumsuzluğu (timestamps: 1014, data: 252)
2026-02-26 00:15:29 - spektroskopi - WARNING - RealTimePanel: UV_360nm raw data uzunluk uyumsuzluğu (timestamps: 1014, data: 254)
2026-02-26 00:15:29 - spektroskopi - WARNING - RealTimePanel: UV_360nm calibrated data uzunluk uyumsuzluğu (timestamps: 1014, data: 254)
2026-02-26 00:15:29 - spektroskopi - WARNING - RealTimePanel: Blue_450nm raw data uzunluk uyumsuzluğu (timestamps: 1014, data: 254)
2026-02-26 00:15:29 - spektroskopi - WARNING - RealTimePanel: Blue_450nm calibrated data uzunluk uyumsuzluğu (timestamps: 1014, data: 254)
2026-02-26 00:15:29 - spektroskopi - WARNING - RealTimePanel: IR_850nm raw data uzunluk uyumsuzluğu (timestamps: 1014, data: 254)
2026-02-26 00:15:29 - spektroskopi - WARNING - RealTimePanel: IR_850nm calibrated data uzunluk uyumsuzluğu (timestamps: 1014, data: 254)
2026-02-26 00:15:29 - spektroskopi - WARNING - RealTimePanel: IR_940nm raw data uzunluk uyumsuzluğu (timestamps: 1014, data: 252)
2026-02-26 00:15:29 - spektroskopi - WARNING - RealTimePanel: IR_940nm calibrated data uzunluk uyumsuzluğu (timestamps: 1014, data: 252)
2026-02-26 00:15:30 - spektroskopi - WARNING - RealTimePanel: UV_360nm raw data uzunluk uyumsuzluğu (timestamps: 1014, data: 254)
2026-02-26 00:15:30 - spektroskopi - WARNING - RealTimePanel: UV_360nm calibrated data uzunluk uyumsuzluğu (timestamps: 1014, data: 254)
2026-02-26 00:15:30 - spektroskopi - WARNING - RealTimePanel: Blue_450nm raw data uzunluk uyumsuzluğu (timestamps: 1014, data: 254)
2026-02-26 00:15:30 - spektroskopi - WARNING - RealTimePanel: Blue_450nm calibrated data uzunluk uyumsuzluğu (timestamps: 1014, data: 254)
2026-02-26 00:15:30 - spektroskopi - WARNING - RealTimePanel: IR_850nm raw data uzunluk uyumsuzluğu (timestamps: 1014, data: 254)
2026-02-26 00:15:30 - spektroskopi - WARNING - RealTimePanel: IR_850nm calibrated data uzunluk uyumsuzluğu (timestamps: 1014, data: 254)
2026-02-26 00:15:30 - spektroskopi - WARNING - RealTimePanel: IR_940nm raw data uzunluk uyumsuzluğu (timestamps: 1014, data: 252)
2026-02-26 00:15:30 - spektroskopi - WARNING - RealTimePanel: IR_940nm calibrated data uzunluk uyumsuzluğu (timestamps: 1014, data: 252)
2026-02-26 00:15:31 - spektroskopi - WARNING - RealTimePanel: UV_360nm raw data uzunluk uyumsuzluğu (timestamps: 1014, data: 254)
2026-02-26 00:15:31 - spektroskopi - WARNING - RealTimePanel: UV_360nm calibrated data uzunluk uyumsuzluğu (timestamps: 1014, data: 254)
2026-02-26 00:15:31 - spektroskopi - WARNING - RealTimePanel: Blue_450nm raw data uzunluk uyumsuzluğu (timestamps: 1014, data: 254)
2026-02-26 00:15:31 - spektroskopi - WARNING - RealTimePanel: Blue_450nm calibrated data uzunluk uyumsuzluğu (timestamps: 1014, data: 254)
2026-02-26 00:15:31 - spektroskopi - WARNING - RealTimePanel: IR_850nm raw data uzunluk uyumsuzluğu (timestamps: 1014, data: 254)
2026-02-26 00:15:31 - spektroskopi - WARNING - RealTimePanel: IR_850nm calibrated data uzunluk uyumsuzluğu (timestamps: 1014, data: 254)
2026-02-26 00:15:31 - spektroskopi - WARNING - RealTimePanel: IR_940nm raw data uzunluk uyumsuzluğu (timestamps: 1014, data: 252)
2026-02-26 00:15:31 - spektroskopi - WARNING - RealTimePanel: IR_940nm calibrated data uzunluk uyumsuzluğu (timestamps: 1014, data: 252)
2026-02-26 00:15:32 - spektroskopi - WARNING - RealTimePanel: UV_360nm raw data uzunluk uyumsuzluğu (timestamps: 1014, data: 254)
2026-02-26 00:15:32 - spektroskopi - WARNING - RealTimePanel: UV_360nm calibrated data uzunluk uyumsuzluğu (timestamps: 1014, data: 254)
2026-02-26 00:15:32 - spektroskopi - WARNING - RealTimePanel: Blue_450nm raw data uzunluk uyumsuzluğu (timestamps: 1014, data: 254)
2026-02-26 00:15:32 - spektroskopi - WARNING - RealTimePanel: Blue_450nm calibrated data uzunluk uyumsuzluğu (timestamps: 1014, data: 254)
2026-02-26 00:15:32 - spektroskopi - WARNING - RealTimePanel: IR_850nm raw data uzunluk uyumsuzluğu (timestamps: 1014, data: 254)
2026-02-26 00:15:32 - spektroskopi - WARNING - RealTimePanel: IR_850nm calibrated data uzunluk uyumsuzluğu (timestamps: 1014, data: 254)
2026-02-26 00:15:32 - spektroskopi - WARNING - RealTimePanel: IR_940nm raw data uzunluk uyumsuzluğu (timestamps: 1014, data: 252)
2026-02-26 00:15:32 - spektroskopi - WARNING - RealTimePanel: IR_940nm calibrated data uzunluk uyumsuzluğu (timestamps: 1014, data: 252)
2026-02-26 00:15:33 - spektroskopi - WARNING - RealTimePanel: UV_360nm raw data uzunluk uyumsuzluğu (timestamps: 1014, data: 254)
2026-02-26 00:15:33 - spektroskopi - WARNING - RealTimePanel: UV_360nm calibrated data uzunluk uyumsuzluğu (timestamps: 1014, data: 254)
2026-02-26 00:15:33 - spektroskopi - WARNING - RealTimePanel: Blue_450nm raw data uzunluk uyumsuzluğu (timestamps: 1014, data: 254)
2026-02-26 00:15:33 - spektroskopi - WARNING - RealTimePanel: Blue_450nm calibrated data uzunluk uyumsuzluğu (timestamps: 1014, data: 254)
2026-02-26 00:15:33 - spektroskopi - WARNING - RealTimePanel: IR_850nm raw data uzunluk uyumsuzluğu (timestamps: 1014, data: 254)
2026-02-26 00:15:33 - spektroskopi - WARNING - RealTimePanel: IR_850nm calibrated data uzunluk uyumsuzluğu (timestamps: 1014, data: 254)
2026-02-26 00:15:33 - spektroskopi - WARNING - RealTimePanel: IR_940nm raw data uzunluk uyumsuzluğu (timestamps: 1014, data: 252)
2026-02-26 00:15:33 - spektroskopi - WARNING - RealTimePanel: IR_940nm calibrated data uzunluk uyumsuzluğu (timestamps: 1014, data: 252)
2026-02-26 00:15:34 - spektroskopi - WARNING - RealTimePanel: UV_360nm raw data uzunluk uyumsuzluğu (timestamps: 1014, data: 254)
2026-02-26 00:15:34 - spektroskopi - WARNING - RealTimePanel: UV_360nm calibrated data uzunluk uyumsuzluğu (timestamps: 1014, data: 254)
2026-02-26 00:15:34 - spektroskopi - WARNING - RealTimePanel: Blue_450nm raw data uzunluk uyumsuzluğu (timestamps: 1014, data: 254)
2026-02-26 00:15:34 - spektroskopi - WARNING - RealTimePanel: Blue_450nm calibrated data uzunluk uyumsuzluğu (timestamps: 1014, data: 254)
2026-02-26 00:15:34 - spektroskopi - WARNING - RealTimePanel: IR_850nm raw data uzunluk uyumsuzluğu (timestamps: 1014, data: 254)
2026-02-26 00:15:34 - spektroskopi - WARNING - RealTimePanel: IR_850nm calibrated data uzunluk uyumsuzluğu (timestamps: 1014, data: 254)
2026-02-26 00:15:34 - spektroskopi - WARNING - RealTimePanel: IR_940nm raw data uzunluk uyumsuzluğu (timestamps: 1014, data: 252)
2026-02-26 00:15:34 - spektroskopi - WARNING - RealTimePanel: IR_940nm calibrated data uzunluk uyumsuzluğu (timestamps: 1014, data: 252)
2026-02-26 00:15:35 - spektroskopi - WARNING - RealTimePanel: UV_360nm raw data uzunluk uyumsuzluğu (timestamps: 1014, data: 254)
2026-02-26 00:15:35 - spektroskopi - WARNING - RealTimePanel: UV_360nm calibrated data uzunluk uyumsuzluğu (timestamps: 1014, data: 254)
2026-02-26 00:15:35 - spektroskopi - WARNING - RealTimePanel: Blue_450nm raw data uzunluk uyumsuzluğu (timestamps: 1014, data: 254)
2026-02-26 00:15:35 - spektroskopi - WARNING - RealTimePanel: Blue_450nm calibrated data uzunluk uyumsuzluğu (timestamps: 1014, data: 254)
2026-02-26 00:15:35 - spektroskopi - WARNING - RealTimePanel: IR_850nm raw data uzunluk uyumsuzluğu (timestamps: 1014, data: 254)
2026-02-26 00:15:35 - spektroskopi - WARNING - RealTimePanel: IR_850nm calibrated data uzunluk uyumsuzluğu (timestamps: 1014, data: 254)
2026-02-26 00:15:35 - spektroskopi - WARNING - RealTimePanel: IR_940nm raw data uzunluk uyumsuzluğu (timestamps: 1014, data: 252)
2026-02-26 00:15:35 - spektroskopi - WARNING - RealTimePanel: IR_940nm calibrated data uzunluk uyumsuzluğu (timestamps: 1014, data: 252)
2026-02-26 00:15:36 - spektroskopi - WARNING - RealTimePanel: UV_360nm raw data uzunluk uyumsuzluğu (timestamps: 1014, data: 254)
2026-02-26 00:15:36 - spektroskopi - WARNING - RealTimePanel: UV_360nm calibrated data uzunluk uyumsuzluğu (timestamps: 1014, data: 254)
2026-02-26 00:15:36 - spektroskopi - WARNING - RealTimePanel: Blue_450nm raw data uzunluk uyumsuzluğu (timestamps: 1014, data: 254)
2026-02-26 00:15:36 - spektroskopi - WARNING - RealTimePanel: Blue_450nm calibrated data uzunluk uyumsuzluğu (timestamps: 1014, data: 254)
2026-02-26 00:15:36 - spektroskopi - WARNING - RealTimePanel: IR_850nm raw data uzunluk uyumsuzluğu (timestamps: 1014, data: 254)
2026-02-26 00:15:36 - spektroskopi - WARNING - RealTimePanel: IR_850nm calibrated data uzunluk uyumsuzluğu (timestamps: 1014, data: 254)
2026-02-26 00:15:36 - spektroskopi - WARNING - RealTimePanel: IR_940nm raw data uzunluk uyumsuzluğu (timestamps: 1014, data: 252)
2026-02-26 00:15:36 - spektroskopi - WARNING - RealTimePanel: IR_940nm calibrated data uzunluk uyumsuzluğu (timestamps: 1014, data: 252)
2026-02-26 00:15:37 - spektroskopi - WARNING - RealTimePanel: UV_360nm raw data uzunluk uyumsuzluğu (timestamps: 1014, data: 254)
2026-02-26 00:15:37 - spektroskopi - WARNING - RealTimePanel: UV_360nm calibrated data uzunluk uyumsuzluğu (timestamps: 1014, data: 254)
2026-02-26 00:15:37 - spektroskopi - WARNING - RealTimePanel: Blue_450nm raw data uzunluk uyumsuzluğu (timestamps: 1014, data: 254)
2026-02-26 00:15:37 - spektroskopi - WARNING - RealTimePanel: Blue_450nm calibrated data uzunluk uyumsuzluğu (timestamps: 1014, data: 254)
2026-02-26 00:15:37 - spektroskopi - WARNING - RealTimePanel: IR_850nm raw data uzunluk uyumsuzluğu (timestamps: 1014, data: 254)
2026-02-26 00:15:37 - spektroskopi - WARNING - RealTimePanel: IR_850nm calibrated data uzunluk uyumsuzluğu (timestamps: 1014, data: 254)
2026-02-26 00:15:37 - spektroskopi - WARNING - RealTimePanel: IR_940nm raw data uzunluk uyumsuzluğu (timestamps: 1014, data: 252)
2026-02-26 00:15:37 - spektroskopi - WARNING - RealTimePanel: IR_940nm calibrated data uzunluk uyumsuzluğu (timestamps: 1014, data: 252)
2026-02-26 00:15:38 - spektroskopi - WARNING - RealTimePanel: UV_360nm raw data uzunluk uyumsuzluğu (timestamps: 1014, data: 254)
2026-02-26 00:15:38 - spektroskopi - WARNING - RealTimePanel: UV_360nm calibrated data uzunluk uyumsuzluğu (timestamps: 1014, data: 254)
2026-02-26 00:15:38 - spektroskopi - WARNING - RealTimePanel: Blue_450nm raw data uzunluk uyumsuzluğu (timestamps: 1014, data: 254)
2026-02-26 00:15:38 - spektroskopi - WARNING - RealTimePanel: Blue_450nm calibrated data uzunluk uyumsuzluğu (timestamps: 1014, data: 254)
2026-02-26 00:15:38 - spektroskopi - WARNING - RealTimePanel: IR_850nm raw data uzunluk uyumsuzluğu (timestamps: 1014, data: 254)
2026-02-26 00:15:38 - spektroskopi - WARNING - RealTimePanel: IR_850nm calibrated data uzunluk uyumsuzluğu (timestamps: 1014, data: 254)
2026-02-26 00:15:38 - spektroskopi - WARNING - RealTimePanel: IR_940nm raw data uzunluk uyumsuzluğu (timestamps: 1014, data: 252)
2026-02-26 00:15:38 - spektroskopi - WARNING - RealTimePanel: IR_940nm calibrated data uzunluk uyumsuzluğu (timestamps: 1014, data: 252)
2026-02-26 00:15:39 - spektroskopi - WARNING - RealTimePanel: UV_360nm raw data uzunluk uyumsuzluğu (timestamps: 1014, data: 254)
2026-02-26 00:15:39 - spektroskopi - WARNING - RealTimePanel: UV_360nm calibrated data uzunluk uyumsuzluğu (timestamps: 1014, data: 254)
2026-02-26 00:15:39 - spektroskopi - WARNING - RealTimePanel: Blue_450nm raw data uzunluk uyumsuzluğu (timestamps: 1014, data: 254)
2026-02-26 00:15:39 - spektroskopi - WARNING - RealTimePanel: Blue_450nm calibrated data uzunluk uyumsuzluğu (timestamps: 1014, data: 254)
2026-02-26 00:15:39 - spektroskopi - WARNING - RealTimePanel: IR_850nm raw data uzunluk uyumsuzluğu (timestamps: 1014, data: 254)
2026-02-26 00:15:39 - spektroskopi - WARNING - RealTimePanel: IR_850nm calibrated data uzunluk uyumsuzluğu (timestamps: 1014, data: 254)
2026-02-26 00:15:39 - spektroskopi - WARNING - RealTimePanel: IR_940nm raw data uzunluk uyumsuzluğu (timestamps: 1014, data: 252)
2026-02-26 00:15:39 - spektroskopi - WARNING - RealTimePanel: IR_940nm calibrated data uzunluk uyumsuzluğu (timestamps: 1014, data: 252)
2026-02-26 00:15:40 - spektroskopi - WARNING - RealTimePanel: UV_360nm raw data uzunluk uyumsuzluğu (timestamps: 1014, data: 254)
2026-02-26 00:15:40 - spektroskopi - WARNING - RealTimePanel: UV_360nm calibrated data uzunluk uyumsuzluğu (timestamps: 1014, data: 254)
2026-02-26 00:15:40 - spektroskopi - WARNING - RealTimePanel: Blue_450nm raw data uzunluk uyumsuzluğu (timestamps: 1014, data: 254)
2026-02-26 00:15:40 - spektroskopi - WARNING - RealTimePanel: Blue_450nm calibrated data uzunluk uyumsuzluğu (timestamps: 1014, data: 254)
2026-02-26 00:15:40 - spektroskopi - WARNING - RealTimePanel: IR_850nm raw data uzunluk uyumsuzluğu (timestamps: 1014, data: 254)
2026-02-26 00:15:40 - spektroskopi - WARNING - RealTimePanel: IR_850nm calibrated data uzunluk uyumsuzluğu (timestamps: 1014, data: 254)
2026-02-26 00:15:40 - spektroskopi - WARNING - RealTimePanel: IR_940nm raw data uzunluk uyumsuzluğu (timestamps: 1014, data: 252)
2026-02-26 00:15:40 - spektroskopi - WARNING - RealTimePanel: IR_940nm calibrated data uzunluk uyumsuzluğu (timestamps: 1014, data: 252)
2026-02-26 00:15:41 - spektroskopi - WARNING - RealTimePanel: UV_360nm raw data uzunluk uyumsuzluğu (timestamps: 1014, data: 254)
2026-02-26 00:15:41 - spektroskopi - WARNING - RealTimePanel: UV_360nm calibrated data uzunluk uyumsuzluğu (timestamps: 1014, data: 254)
2026-02-26 00:15:41 - spektroskopi - WARNING - RealTimePanel: Blue_450nm raw data uzunluk uyumsuzluğu (timestamps: 1014, data: 254)
2026-02-26 00:15:41 - spektroskopi - WARNING - RealTimePanel: Blue_450nm calibrated data uzunluk uyumsuzluğu (timestamps: 1014, data: 254)
2026-02-26 00:15:41 - spektroskopi - WARNING - RealTimePanel: IR_850nm raw data uzunluk uyumsuzluğu (timestamps: 1014, data: 254)
2026-02-26 00:15:41 - spektroskopi - WARNING - RealTimePanel: IR_850nm calibrated data uzunluk uyumsuzluğu (timestamps: 1014, data: 254)
2026-02-26 00:15:41 - spektroskopi - WARNING - RealTimePanel: IR_940nm raw data uzunluk uyumsuzluğu (timestamps: 1014, data: 252)
2026-02-26 00:15:41 - spektroskopi - WARNING - RealTimePanel: IR_940nm calibrated data uzunluk uyumsuzluğu (timestamps: 1014, data: 252)
2026-02-26 00:15:42 - spektroskopi - WARNING - RealTimePanel: UV_360nm raw data uzunluk uyumsuzluğu (timestamps: 1014, data: 254)
2026-02-26 00:15:42 - spektroskopi - WARNING - RealTimePanel: UV_360nm calibrated data uzunluk uyumsuzluğu (timestamps: 1014, data: 254)
2026-02-26 00:15:42 - spektroskopi - WARNING - RealTimePanel: Blue_450nm raw data uzunluk uyumsuzluğu (timestamps: 1014, data: 254)
2026-02-26 00:15:42 - spektroskopi - WARNING - RealTimePanel: Blue_450nm calibrated data uzunluk uyumsuzluğu (timestamps: 1014, data: 254)
2026-02-26 00:15:42 - spektroskopi - WARNING - RealTimePanel: IR_850nm raw data uzunluk uyumsuzluğu (timestamps: 1014, data: 254)
2026-02-26 00:15:42 - spektroskopi - WARNING - RealTimePanel: IR_850nm calibrated data uzunluk uyumsuzluğu (timestamps: 1014, data: 254)
2026-02-26 00:15:42 - spektroskopi - WARNING - RealTimePanel: IR_940nm raw data uzunluk uyumsuzluğu (timestamps: 1014, data: 252)
2026-02-26 00:15:42 - spektroskopi - WARNING - RealTimePanel: IR_940nm calibrated data uzunluk uyumsuzluğu (timestamps: 1014, data: 252)
2026-02-26 00:15:43 - spektroskopi - WARNING - RealTimePanel: UV_360nm raw data uzunluk uyumsuzluğu (timestamps: 1014, data: 254)
2026-02-26 00:15:43 - spektroskopi - WARNING - RealTimePanel: UV_360nm calibrated data uzunluk uyumsuzluğu (timestamps: 1014, data: 254)
2026-02-26 00:15:43 - spektroskopi - WARNING - RealTimePanel: Blue_450nm raw data uzunluk uyumsuzluğu (timestamps: 1014, data: 254)
2026-02-26 00:15:43 - spektroskopi - WARNING - RealTimePanel: Blue_450nm calibrated data uzunluk uyumsuzluğu (timestamps: 1014, data: 254)
2026-02-26 00:15:43 - spektroskopi - WARNING - RealTimePanel: IR_850nm raw data uzunluk uyumsuzluğu (timestamps: 1014, data: 254)
2026-02-26 00:15:43 - spektroskopi - WARNING - RealTimePanel: IR_850nm calibrated data uzunluk uyumsuzluğu (timestamps: 1014, data: 254)
2026-02-26 00:15:43 - spektroskopi - WARNING - RealTimePanel: IR_940nm raw data uzunluk uyumsuzluğu (timestamps: 1014, data: 252)
2026-02-26 00:15:43 - spektroskopi - WARNING - RealTimePanel: IR_940nm calibrated data uzunluk uyumsuzluğu (timestamps: 1014, data: 252)
2026-02-26 00:15:44 - spektroskopi - WARNING - RealTimePanel: UV_360nm raw data uzunluk uyumsuzluğu (timestamps: 1014, data: 254)
2026-02-26 00:15:44 - spektroskopi - WARNING - RealTimePanel: UV_360nm calibrated data uzunluk uyumsuzluğu (timestamps: 1014, data: 254)
2026-02-26 00:15:44 - spektroskopi - WARNING - RealTimePanel: Blue_450nm raw data uzunluk uyumsuzluğu (timestamps: 1014, data: 254)
2026-02-26 00:15:44 - spektroskopi - WARNING - RealTimePanel: Blue_450nm calibrated data uzunluk uyumsuzluğu (timestamps: 1014, data: 254)
2026-02-26 00:15:44 - spektroskopi - WARNING - RealTimePanel: IR_850nm raw data uzunluk uyumsuzluğu (timestamps: 1014, data: 254)
2026-02-26 00:15:44 - spektroskopi - WARNING - RealTimePanel: IR_850nm calibrated data uzunluk uyumsuzluğu (timestamps: 1014, data: 254)
2026-02-26 00:15:44 - spektroskopi - WARNING - RealTimePanel: IR_940nm raw data uzunluk uyumsuzluğu (timestamps: 1014, data: 252)
2026-02-26 00:15:44 - spektroskopi - WARNING - RealTimePanel: IR_940nm calibrated data uzunluk uyumsuzluğu (timestamps: 1014, data: 252)
2026-02-26 00:15:45 - spektroskopi - WARNING - RealTimePanel: UV_360nm raw data uzunluk uyumsuzluğu (timestamps: 1014, data: 254)
2026-02-26 00:15:45 - spektroskopi - WARNING - RealTimePanel: UV_360nm calibrated data uzunluk uyumsuzluğu (timestamps: 1014, data: 254)
2026-02-26 00:15:45 - spektroskopi - WARNING - RealTimePanel: Blue_450nm raw data uzunluk uyumsuzluğu (timestamps: 1014, data: 254)
2026-02-26 00:15:45 - spektroskopi - WARNING - RealTimePanel: Blue_450nm calibrated data uzunluk uyumsuzluğu (timestamps: 1014, data: 254)
2026-02-26 00:15:45 - spektroskopi - WARNING - RealTimePanel: IR_850nm raw data uzunluk uyumsuzluğu (timestamps: 1014, data: 254)
2026-02-26 00:15:45 - spektroskopi - WARNING - RealTimePanel: IR_850nm calibrated data uzunluk uyumsuzluğu (timestamps: 1014, data: 254)
2026-02-26 00:15:45 - spektroskopi - WARNING - RealTimePanel: IR_940nm raw data uzunluk uyumsuzluğu (timestamps: 1014, data: 252)
2026-02-26 00:15:45 - spektroskopi - WARNING - RealTimePanel: IR_940nm calibrated data uzunluk uyumsuzluğu (timestamps: 1014, data: 252)
2026-02-26 00:15:46 - spektroskopi - WARNING - RealTimePanel: UV_360nm raw data uzunluk uyumsuzluğu (timestamps: 1014, data: 254)
2026-02-26 00:15:46 - spektroskopi - WARNING - RealTimePanel: UV_360nm calibrated data uzunluk uyumsuzluğu (timestamps: 1014, data: 254)
2026-02-26 00:15:46 - spektroskopi - WARNING - RealTimePanel: Blue_450nm raw data uzunluk uyumsuzluğu (timestamps: 1014, data: 254)
2026-02-26 00:15:46 - spektroskopi - WARNING - RealTimePanel: Blue_450nm calibrated data uzunluk uyumsuzluğu (timestamps: 1014, data: 254)
2026-02-26 00:15:46 - spektroskopi - WARNING - RealTimePanel: IR_850nm raw data uzunluk uyumsuzluğu (timestamps: 1014, data: 254)
2026-02-26 00:15:46 - spektroskopi - WARNING - RealTimePanel: IR_850nm calibrated data uzunluk uyumsuzluğu (timestamps: 1014, data: 254)
2026-02-26 00:15:46 - spektroskopi - WARNING - RealTimePanel: IR_940nm raw data uzunluk uyumsuzluğu (timestamps: 1014, data: 252)
2026-02-26 00:15:46 - spektroskopi - WARNING - RealTimePanel: IR_940nm calibrated data uzunluk uyumsuzluğu (timestamps: 1014, data: 252)
2026-02-26 00:15:47 - spektroskopi - WARNING - RealTimePanel: UV_360nm raw data uzunluk uyumsuzluğu (timestamps: 1014, data: 254)
2026-02-26 00:15:47 - spektroskopi - WARNING - RealTimePanel: UV_360nm calibrated data uzunluk uyumsuzluğu (timestamps: 1014, data: 254)
2026-02-26 00:15:47 - spektroskopi - WARNING - RealTimePanel: Blue_450nm raw data uzunluk uyumsuzluğu (timestamps: 1014, data: 254)
2026-02-26 00:15:47 - spektroskopi - WARNING - RealTimePanel: Blue_450nm calibrated data uzunluk uyumsuzluğu (timestamps: 1014, data: 254)
2026-02-26 00:15:47 - spektroskopi - WARNING - RealTimePanel: IR_850nm raw data uzunluk uyumsuzluğu (timestamps: 1014, data: 254)
2026-02-26 00:15:47 - spektroskopi - WARNING - RealTimePanel: IR_850nm calibrated data uzunluk uyumsuzluğu (timestamps: 1014, data: 254)
2026-02-26 00:15:47 - spektroskopi - WARNING - RealTimePanel: IR_940nm raw data uzunluk uyumsuzluğu (timestamps: 1014, data: 252)
2026-02-26 00:15:47 - spektroskopi - WARNING - RealTimePanel: IR_940nm calibrated data uzunluk uyumsuzluğu (timestamps: 1014, data: 252)
2026-02-26 00:15:48 - spektroskopi - WARNING - RealTimePanel: UV_360nm raw data uzunluk uyumsuzluğu (timestamps: 1014, data: 254)
2026-02-26 00:15:48 - spektroskopi - WARNING - RealTimePanel: UV_360nm calibrated data uzunluk uyumsuzluğu (timestamps: 1014, data: 254)
2026-02-26 00:15:48 - spektroskopi - WARNING - RealTimePanel: Blue_450nm raw data uzunluk uyumsuzluğu (timestamps: 1014, data: 254)
2026-02-26 00:15:48 - spektroskopi - WARNING - RealTimePanel: Blue_450nm calibrated data uzunluk uyumsuzluğu (timestamps: 1014, data: 254)
2026-02-26 00:15:48 - spektroskopi - WARNING - RealTimePanel: IR_850nm raw data uzunluk uyumsuzluğu (timestamps: 1014, data: 254)
2026-02-26 00:15:48 - spektroskopi - WARNING - RealTimePanel: IR_850nm calibrated data uzunluk uyumsuzluğu (timestamps: 1014, data: 254)
2026-02-26 00:15:48 - spektroskopi - WARNING - RealTimePanel: IR_940nm raw data uzunluk uyumsuzluğu (timestamps: 1014, data: 252)
2026-02-26 00:15:48 - spektroskopi - WARNING - RealTimePanel: IR_940nm calibrated data uzunluk uyumsuzluğu (timestamps: 1014, data: 252)
2026-02-26 00:15:49 - spektroskopi - WARNING - RealTimePanel: UV_360nm raw data uzunluk uyumsuzluğu (timestamps: 1014, data: 254)
2026-02-26 00:15:49 - spektroskopi - WARNING - RealTimePanel: UV_360nm calibrated data uzunluk uyumsuzluğu (timestamps: 1014, data: 254)
2026-02-26 00:15:49 - spektroskopi - WARNING - RealTimePanel: Blue_450nm raw data uzunluk uyumsuzluğu (timestamps: 1014, data: 254)
2026-02-26 00:15:49 - spektroskopi - WARNING - RealTimePanel: Blue_450nm calibrated data uzunluk uyumsuzluğu (timestamps: 1014, data: 254)
2026-02-26 00:15:49 - spektroskopi - WARNING - RealTimePanel: IR_850nm raw data uzunluk uyumsuzluğu (timestamps: 1014, data: 254)
2026-02-26 00:15:49 - spektroskopi - WARNING - RealTimePanel: IR_850nm calibrated data uzunluk uyumsuzluğu (timestamps: 1014, data: 254)
2026-02-26 00:15:49 - spektroskopi - WARNING - RealTimePanel: IR_940nm raw data uzunluk uyumsuzluğu (timestamps: 1014, data: 252)
2026-02-26 00:15:49 - spektroskopi - WARNING - RealTimePanel: IR_940nm calibrated data uzunluk uyumsuzluğu (timestamps: 1014, data: 252)
2026-02-26 00:15:50 - spektroskopi - WARNING - RealTimePanel: UV_360nm raw data uzunluk uyumsuzluğu (timestamps: 1014, data: 254)
2026-02-26 00:15:50 - spektroskopi - WARNING - RealTimePanel: UV_360nm calibrated data uzunluk uyumsuzluğu (timestamps: 1014, data: 254)
2026-02-26 00:15:50 - spektroskopi - WARNING - RealTimePanel: Blue_450nm raw data uzunluk uyumsuzluğu (timestamps: 1014, data: 254)
2026-02-26 00:15:50 - spektroskopi - WARNING - RealTimePanel: Blue_450nm calibrated data uzunluk uyumsuzluğu (timestamps: 1014, data: 254)
2026-02-26 00:15:50 - spektroskopi - WARNING - RealTimePanel: IR_850nm raw data uzunluk uyumsuzluğu (timestamps: 1014, data: 254)
2026-02-26 00:15:50 - spektroskopi - WARNING - RealTimePanel: IR_850nm calibrated data uzunluk uyumsuzluğu (timestamps: 1014, data: 254)
2026-02-26 00:15:50 - spektroskopi - WARNING - RealTimePanel: IR_940nm raw data uzunluk uyumsuzluğu (timestamps: 1014, data: 252)
2026-02-26 00:15:50 - spektroskopi - WARNING - RealTimePanel: IR_940nm calibrated data uzunluk uyumsuzluğu (timestamps: 1014, data: 252)
2026-02-26 00:15:51 - spektroskopi - WARNING - RealTimePanel: UV_360nm raw data uzunluk uyumsuzluğu (timestamps: 1014, data: 254)
2026-02-26 00:15:51 - spektroskopi - WARNING - RealTimePanel: UV_360nm calibrated data uzunluk uyumsuzluğu (timestamps: 1014, data: 254)
2026-02-26 00:15:51 - spektroskopi - WARNING - RealTimePanel: Blue_450nm raw data uzunluk uyumsuzluğu (timestamps: 1014, data: 254)
2026-02-26 00:15:51 - spektroskopi - WARNING - RealTimePanel: Blue_450nm calibrated data uzunluk uyumsuzluğu (timestamps: 1014, data: 254)
2026-02-26 00:15:51 - spektroskopi - WARNING - RealTimePanel: IR_850nm raw data uzunluk uyumsuzluğu (timestamps: 1014, data: 254)
2026-02-26 00:15:51 - spektroskopi - WARNING - RealTimePanel: IR_850nm calibrated data uzunluk uyumsuzluğu (timestamps: 1014, data: 254)
2026-02-26 00:15:51 - spektroskopi - WARNING - RealTimePanel: IR_940nm raw data uzunluk uyumsuzluğu (timestamps: 1014, data: 252)
2026-02-26 00:15:51 - spektroskopi - WARNING - RealTimePanel: IR_940nm calibrated data uzunluk uyumsuzluğu (timestamps: 1014, data: 252)
2026-02-26 00:15:52 - spektroskopi - WARNING - RealTimePanel: UV_360nm raw data uzunluk uyumsuzluğu (timestamps: 1014, data: 254)
2026-02-26 00:15:52 - spektroskopi - WARNING - RealTimePanel: UV_360nm calibrated data uzunluk uyumsuzluğu (timestamps: 1014, data: 254)
2026-02-26 00:15:52 - spektroskopi - WARNING - RealTimePanel: Blue_450nm raw data uzunluk uyumsuzluğu (timestamps: 1014, data: 254)
2026-02-26 00:15:52 - spektroskopi - WARNING - RealTimePanel: Blue_450nm calibrated data uzunluk uyumsuzluğu (timestamps: 1014, data: 254)
2026-02-26 00:15:52 - spektroskopi - WARNING - RealTimePanel: IR_850nm raw data uzunluk uyumsuzluğu (timestamps: 1014, data: 254)
2026-02-26 00:15:52 - spektroskopi - WARNING - RealTimePanel: IR_850nm calibrated data uzunluk uyumsuzluğu (timestamps: 1014, data: 254)
2026-02-26 00:15:52 - spektroskopi - WARNING - RealTimePanel: IR_940nm raw data uzunluk uyumsuzluğu (timestamps: 1014, data: 252)
2026-02-26 00:15:52 - spektroskopi - WARNING - RealTimePanel: IR_940nm calibrated data uzunluk uyumsuzluğu (timestamps: 1014, data: 252)
2026-02-26 00:15:53 - spektroskopi - WARNING - RealTimePanel: UV_360nm raw data uzunluk uyumsuzluğu (timestamps: 1014, data: 254)
2026-02-26 00:15:53 - spektroskopi - WARNING - RealTimePanel: UV_360nm calibrated data uzunluk uyumsuzluğu (timestamps: 1014, data: 254)
2026-02-26 00:15:53 - spektroskopi - WARNING - RealTimePanel: Blue_450nm raw data uzunluk uyumsuzluğu (timestamps: 1014, data: 254)
2026-02-26 00:15:53 - spektroskopi - WARNING - RealTimePanel: Blue_450nm calibrated data uzunluk uyumsuzluğu (timestamps: 1014, data: 254)
2026-02-26 00:15:53 - spektroskopi - WARNING - RealTimePanel: IR_850nm raw data uzunluk uyumsuzluğu (timestamps: 1014, data: 254)
2026-02-26 00:15:53 - spektroskopi - WARNING - RealTimePanel: IR_850nm calibrated data uzunluk uyumsuzluğu (timestamps: 1014, data: 254)
2026-02-26 00:15:53 - spektroskopi - WARNING - RealTimePanel: IR_940nm raw data uzunluk uyumsuzluğu (timestamps: 1014, data: 252)
2026-02-26 00:15:53 - spektroskopi - WARNING - RealTimePanel: IR_940nm calibrated data uzunluk uyumsuzluğu (timestamps: 1014, data: 252)
2026-02-26 00:15:54 - spektroskopi - WARNING - RealTimePanel: UV_360nm raw data uzunluk uyumsuzluğu (timestamps: 1014, data: 254)
2026-02-26 00:15:54 - spektroskopi - WARNING - RealTimePanel: UV_360nm calibrated data uzunluk uyumsuzluğu (timestamps: 1014, data: 254)
2026-02-26 00:15:54 - spektroskopi - WARNING - RealTimePanel: Blue_450nm raw data uzunluk uyumsuzluğu (timestamps: 1014, data: 254)
2026-02-26 00:15:54 - spektroskopi - WARNING - RealTimePanel: Blue_450nm calibrated data uzunluk uyumsuzluğu (timestamps: 1014, data: 254)
2026-02-26 00:15:54 - spektroskopi - WARNING - RealTimePanel: IR_850nm raw data uzunluk uyumsuzluğu (timestamps: 1014, data: 254)
2026-02-26 00:15:54 - spektroskopi - WARNING - RealTimePanel: IR_850nm calibrated data uzunluk uyumsuzluğu (timestamps: 1014, data: 254)
2026-02-26 00:15:54 - spektroskopi - WARNING - RealTimePanel: IR_940nm raw data uzunluk uyumsuzluğu (timestamps: 1014, data: 252)
2026-02-26 00:15:54 - spektroskopi - WARNING - RealTimePanel: IR_940nm calibrated data uzunluk uyumsuzluğu (timestamps: 1014, data: 252)
2026-02-26 00:15:55 - spektroskopi - WARNING - RealTimePanel: UV_360nm raw data uzunluk uyumsuzluğu (timestamps: 1014, data: 254)
2026-02-26 00:15:55 - spektroskopi - WARNING - RealTimePanel: UV_360nm calibrated data uzunluk uyumsuzluğu (timestamps: 1014, data: 254)
2026-02-26 00:15:55 - spektroskopi - WARNING - RealTimePanel: Blue_450nm raw data uzunluk uyumsuzluğu (timestamps: 1014, data: 254)
2026-02-26 00:15:55 - spektroskopi - WARNING - RealTimePanel: Blue_450nm calibrated data uzunluk uyumsuzluğu (timestamps: 1014, data: 254)
2026-02-26 00:15:55 - spektroskopi - WARNING - RealTimePanel: IR_850nm raw data uzunluk uyumsuzluğu (timestamps: 1014, data: 254)
2026-02-26 00:15:55 - spektroskopi - WARNING - RealTimePanel: IR_850nm calibrated data uzunluk uyumsuzluğu (timestamps: 1014, data: 254)
2026-02-26 00:15:55 - spektroskopi - WARNING - RealTimePanel: IR_940nm raw data uzunluk uyumsuzluğu (timestamps: 1014, data: 252)
2026-02-26 00:15:55 - spektroskopi - WARNING - RealTimePanel: IR_940nm calibrated data uzunluk uyumsuzluğu (timestamps: 1014, data: 252)
2026-02-26 00:15:56 - spektroskopi - WARNING - RealTimePanel: UV_360nm raw data uzunluk uyumsuzluğu (timestamps: 1014, data: 254)
2026-02-26 00:15:56 - spektroskopi - WARNING - RealTimePanel: UV_360nm calibrated data uzunluk uyumsuzluğu (timestamps: 1014, data: 254)
2026-02-26 00:15:56 - spektroskopi - WARNING - RealTimePanel: Blue_450nm raw data uzunluk uyumsuzluğu (timestamps: 1014, data: 254)
2026-02-26 00:15:56 - spektroskopi - WARNING - RealTimePanel: Blue_450nm calibrated data uzunluk uyumsuzluğu (timestamps: 1014, data: 254)
2026-02-26 00:15:56 - spektroskopi - WARNING - RealTimePanel: IR_850nm raw data uzunluk uyumsuzluğu (timestamps: 1014, data: 254)
2026-02-26 00:15:56 - spektroskopi - WARNING - RealTimePanel: IR_850nm calibrated data uzunluk uyumsuzluğu (timestamps: 1014, data: 254)
2026-02-26 00:15:56 - spektroskopi - WARNING - RealTimePanel: IR_940nm raw data uzunluk uyumsuzluğu (timestamps: 1014, data: 252)
2026-02-26 00:15:56 - spektroskopi - WARNING - RealTimePanel: IR_940nm calibrated data uzunluk uyumsuzluğu (timestamps: 1014, data: 252)
2026-02-26 00:15:57 - spektroskopi - WARNING - RealTimePanel: UV_360nm raw data uzunluk uyumsuzluğu (timestamps: 1014, data: 254)
2026-02-26 00:15:57 - spektroskopi - WARNING - RealTimePanel: UV_360nm calibrated data uzunluk uyumsuzluğu (timestamps: 1014, data: 254)
2026-02-26 00:15:57 - spektroskopi - WARNING - RealTimePanel: Blue_450nm raw data uzunluk uyumsuzluğu (timestamps: 1014, data: 254)
2026-02-26 00:15:57 - spektroskopi - WARNING - RealTimePanel: Blue_450nm calibrated data uzunluk uyumsuzluğu (timestamps: 1014, data: 254)
2026-02-26 00:15:57 - spektroskopi - WARNING - RealTimePanel: IR_850nm raw data uzunluk uyumsuzluğu (timestamps: 1014, data: 254)
2026-02-26 00:15:57 - spektroskopi - WARNING - RealTimePanel: IR_850nm calibrated data uzunluk uyumsuzluğu (timestamps: 1014, data: 254)
2026-02-26 00:15:57 - spektroskopi - WARNING - RealTimePanel: IR_940nm raw data uzunluk uyumsuzluğu (timestamps: 1014, data: 252)
2026-02-26 00:15:57 - spektroskopi - WARNING - RealTimePanel: IR_940nm calibrated data uzunluk uyumsuzluğu (timestamps: 1014, data: 252)
2026-02-26 00:15:58 - spektroskopi - WARNING - RealTimePanel: UV_360nm raw data uzunluk uyumsuzluğu (timestamps: 1014, data: 254)
2026-02-26 00:15:58 - spektroskopi - WARNING - RealTimePanel: UV_360nm calibrated data uzunluk uyumsuzluğu (timestamps: 1014, data: 254)
2026-02-26 00:15:58 - spektroskopi - WARNING - RealTimePanel: Blue_450nm raw data uzunluk uyumsuzluğu (timestamps: 1014, data: 254)
2026-02-26 00:15:58 - spektroskopi - WARNING - RealTimePanel: Blue_450nm calibrated data uzunluk uyumsuzluğu (timestamps: 1014, data: 254)
2026-02-26 00:15:58 - spektroskopi - WARNING - RealTimePanel: IR_850nm raw data uzunluk uyumsuzluğu (timestamps: 1014, data: 254)
2026-02-26 00:15:58 - spektroskopi - WARNING - RealTimePanel: IR_850nm calibrated data uzunluk uyumsuzluğu (timestamps: 1014, data: 254)
2026-02-26 00:15:58 - spektroskopi - WARNING - RealTimePanel: IR_940nm raw data uzunluk uyumsuzluğu (timestamps: 1014, data: 252)
2026-02-26 00:15:58 - spektroskopi - WARNING - RealTimePanel: IR_940nm calibrated data uzunluk uyumsuzluğu (timestamps: 1014, data: 252)
2026-02-26 00:15:59 - spektroskopi - WARNING - RealTimePanel: UV_360nm raw data uzunluk uyumsuzluğu (timestamps: 1014, data: 254)
2026-02-26 00:15:59 - spektroskopi - WARNING - RealTimePanel: UV_360nm calibrated data uzunluk uyumsuzluğu (timestamps: 1014, data: 254)
2026-02-26 00:15:59 - spektroskopi - WARNING - RealTimePanel: Blue_450nm raw data uzunluk uyumsuzluğu (timestamps: 1014, data: 254)
2026-02-26 00:15:59 - spektroskopi - WARNING - RealTimePanel: Blue_450nm calibrated data uzunluk uyumsuzluğu (timestamps: 1014, data: 254)
2026-02-26 00:15:59 - spektroskopi - WARNING - RealTimePanel: IR_850nm raw data uzunluk uyumsuzluğu (timestamps: 1014, data: 254)
2026-02-26 00:15:59 - spektroskopi - WARNING - RealTimePanel: IR_850nm calibrated data uzunluk uyumsuzluğu (timestamps: 1014, data: 254)
2026-02-26 00:15:59 - spektroskopi - WARNING - RealTimePanel: IR_940nm raw data uzunluk uyumsuzluğu (timestamps: 1014, data: 252)
2026-02-26 00:15:59 - spektroskopi - WARNING - RealTimePanel: IR_940nm calibrated data uzunluk uyumsuzluğu (timestamps: 1014, data: 252)
2026-02-26 00:16:00 - spektroskopi - WARNING - RealTimePanel: UV_360nm raw data uzunluk uyumsuzluğu (timestamps: 1014, data: 254)
2026-02-26 00:16:00 - spektroskopi - WARNING - RealTimePanel: UV_360nm calibrated data uzunluk uyumsuzluğu (timestamps: 1014, data: 254)
2026-02-26 00:16:00 - spektroskopi - WARNING - RealTimePanel: Blue_450nm raw data uzunluk uyumsuzluğu (timestamps: 1014, data: 254)
2026-02-26 00:16:00 - spektroskopi - WARNING - RealTimePanel: Blue_450nm calibrated data uzunluk uyumsuzluğu (timestamps: 1014, data: 254)
2026-02-26 00:16:00 - spektroskopi - WARNING - RealTimePanel: IR_850nm raw data uzunluk uyumsuzluğu (timestamps: 1014, data: 254)
2026-02-26 00:16:00 - spektroskopi - WARNING - RealTimePanel: IR_850nm calibrated data uzunluk uyumsuzluğu (timestamps: 1014, data: 254)
2026-02-26 00:16:00 - spektroskopi - WARNING - RealTimePanel: IR_940nm raw data uzunluk uyumsuzluğu (timestamps: 1014, data: 252)
2026-02-26 00:16:00 - spektroskopi - WARNING - RealTimePanel: IR_940nm calibrated data uzunluk uyumsuzluğu (timestamps: 1014, data: 252)
2026-02-26 00:16:01 - spektroskopi - WARNING - RealTimePanel: UV_360nm raw data uzunluk uyumsuzluğu (timestamps: 1014, data: 254)
2026-02-26 00:16:01 - spektroskopi - WARNING - RealTimePanel: UV_360nm calibrated data uzunluk uyumsuzluğu (timestamps: 1014, data: 254)
2026-02-26 00:16:01 - spektroskopi - WARNING - RealTimePanel: Blue_450nm raw data uzunluk uyumsuzluğu (timestamps: 1014, data: 254)
2026-02-26 00:16:01 - spektroskopi - WARNING - RealTimePanel: Blue_450nm calibrated data uzunluk uyumsuzluğu (timestamps: 1014, data: 254)
2026-02-26 00:16:01 - spektroskopi - WARNING - RealTimePanel: IR_850nm raw data uzunluk uyumsuzluğu (timestamps: 1014, data: 254)
2026-02-26 00:16:01 - spektroskopi - WARNING - RealTimePanel: IR_850nm calibrated data uzunluk uyumsuzluğu (timestamps: 1014, data: 254)
2026-02-26 00:16:01 - spektroskopi - WARNING - RealTimePanel: IR_940nm raw data uzunluk uyumsuzluğu (timestamps: 1014, data: 252)
2026-02-26 00:16:01 - spektroskopi - WARNING - RealTimePanel: IR_940nm calibrated data uzunluk uyumsuzluğu (timestamps: 1014, data: 252)
2026-02-26 00:16:02 - spektroskopi - WARNING - RealTimePanel: UV_360nm raw data uzunluk uyumsuzluğu (timestamps: 1014, data: 254)
2026-02-26 00:16:02 - spektroskopi - WARNING - RealTimePanel: UV_360nm calibrated data uzunluk uyumsuzluğu (timestamps: 1014, data: 254)
2026-02-26 00:16:02 - spektroskopi - WARNING - RealTimePanel: Blue_450nm raw data uzunluk uyumsuzluğu (timestamps: 1014, data: 254)
2026-02-26 00:16:02 - spektroskopi - WARNING - RealTimePanel: Blue_450nm calibrated data uzunluk uyumsuzluğu (timestamps: 1014, data: 254)
2026-02-26 00:16:02 - spektroskopi - WARNING - RealTimePanel: IR_850nm raw data uzunluk uyumsuzluğu (timestamps: 1014, data: 254)
2026-02-26 00:16:02 - spektroskopi - WARNING - RealTimePanel: IR_850nm calibrated data uzunluk uyumsuzluğu (timestamps: 1014, data: 254)
2026-02-26 00:16:02 - spektroskopi - WARNING - RealTimePanel: IR_940nm raw data uzunluk uyumsuzluğu (timestamps: 1014, data: 252)
2026-02-26 00:16:02 - spektroskopi - WARNING - RealTimePanel: IR_940nm calibrated data uzunluk uyumsuzluğu (timestamps: 1014, data: 252)
2026-02-26 00:16:03 - spektroskopi - WARNING - RealTimePanel: UV_360nm raw data uzunluk uyumsuzluğu (timestamps: 1014, data: 254)
2026-02-26 00:16:03 - spektroskopi - WARNING - RealTimePanel: UV_360nm calibrated data uzunluk uyumsuzluğu (timestamps: 1014, data: 254)
2026-02-26 00:16:03 - spektroskopi - WARNING - RealTimePanel: Blue_450nm raw data uzunluk uyumsuzluğu (timestamps: 1014, data: 254)
2026-02-26 00:16:03 - spektroskopi - WARNING - RealTimePanel: Blue_450nm calibrated data uzunluk uyumsuzluğu (timestamps: 1014, data: 254)
2026-02-26 00:16:03 - spektroskopi - WARNING - RealTimePanel: IR_850nm raw data uzunluk uyumsuzluğu (timestamps: 1014, data: 254)
2026-02-26 00:16:03 - spektroskopi - WARNING - RealTimePanel: IR_850nm calibrated data uzunluk uyumsuzluğu (timestamps: 1014, data: 254)
2026-02-26 00:16:03 - spektroskopi - WARNING - RealTimePanel: IR_940nm raw data uzunluk uyumsuzluğu (timestamps: 1014, data: 252)
2026-02-26 00:16:03 - spektroskopi - WARNING - RealTimePanel: IR_940nm calibrated data uzunluk uyumsuzluğu (timestamps: 1014, data: 252)
2026-02-26 00:16:04 - spektroskopi - WARNING - RealTimePanel: UV_360nm raw data uzunluk uyumsuzluğu (timestamps: 1014, data: 254)
2026-02-26 00:16:04 - spektroskopi - WARNING - RealTimePanel: UV_360nm calibrated data uzunluk uyumsuzluğu (timestamps: 1014, data: 254)
2026-02-26 00:16:04 - spektroskopi - WARNING - RealTimePanel: Blue_450nm raw data uzunluk uyumsuzluğu (timestamps: 1014, data: 254)
2026-02-26 00:16:04 - spektroskopi - WARNING - RealTimePanel: Blue_450nm calibrated data uzunluk uyumsuzluğu (timestamps: 1014, data: 254)
2026-02-26 00:16:04 - spektroskopi - WARNING - RealTimePanel: IR_850nm raw data uzunluk uyumsuzluğu (timestamps: 1014, data: 254)
2026-02-26 00:16:04 - spektroskopi - WARNING - RealTimePanel: IR_850nm calibrated data uzunluk uyumsuzluğu (timestamps: 1014, data: 254)
2026-02-26 00:16:04 - spektroskopi - WARNING - RealTimePanel: IR_940nm raw data uzunluk uyumsuzluğu (timestamps: 1014, data: 252)
2026-02-26 00:16:04 - spektroskopi - WARNING - RealTimePanel: IR_940nm calibrated data uzunluk uyumsuzluğu (timestamps: 1014, data: 252)
2026-02-26 00:16:05 - spektroskopi - WARNING - RealTimePanel: UV_360nm raw data uzunluk uyumsuzluğu (timestamps: 1014, data: 254)
2026-02-26 00:16:05 - spektroskopi - WARNING - RealTimePanel: UV_360nm calibrated data uzunluk uyumsuzluğu (timestamps: 1014, data: 254)
2026-02-26 00:16:05 - spektroskopi - WARNING - RealTimePanel: Blue_450nm raw data uzunluk uyumsuzluğu (timestamps: 1014, data: 254)
2026-02-26 00:16:05 - spektroskopi - WARNING - RealTimePanel: Blue_450nm calibrated data uzunluk uyumsuzluğu (timestamps: 1014, data: 254)
2026-02-26 00:16:05 - spektroskopi - WARNING - RealTimePanel: IR_850nm raw data uzunluk uyumsuzluğu (timestamps: 1014, data: 254)
2026-02-26 00:16:05 - spektroskopi - WARNING - RealTimePanel: IR_850nm calibrated data uzunluk uyumsuzluğu (timestamps: 1014, data: 254)
2026-02-26 00:16:05 - spektroskopi - WARNING - RealTimePanel: IR_940nm raw data uzunluk uyumsuzluğu (timestamps: 1014, data: 252)
2026-02-26 00:16:05 - spektroskopi - WARNING - RealTimePanel: IR_940nm calibrated data uzunluk uyumsuzluğu (timestamps: 1014, data: 252)
2026-02-26 00:16:06 - spektroskopi - WARNING - RealTimePanel: UV_360nm raw data uzunluk uyumsuzluğu (timestamps: 1014, data: 254)
2026-02-26 00:16:06 - spektroskopi - WARNING - RealTimePanel: UV_360nm calibrated data uzunluk uyumsuzluğu (timestamps: 1014, data: 254)
2026-02-26 00:16:06 - spektroskopi - WARNING - RealTimePanel: Blue_450nm raw data uzunluk uyumsuzluğu (timestamps: 1014, data: 254)
2026-02-26 00:16:06 - spektroskopi - WARNING - RealTimePanel: Blue_450nm calibrated data uzunluk uyumsuzluğu (timestamps: 1014, data: 254)
2026-02-26 00:16:06 - spektroskopi - WARNING - RealTimePanel: IR_850nm raw data uzunluk uyumsuzluğu (timestamps: 1014, data: 254)
2026-02-26 00:16:06 - spektroskopi - WARNING - RealTimePanel: IR_850nm calibrated data uzunluk uyumsuzluğu (timestamps: 1014, data: 254)
2026-02-26 00:16:06 - spektroskopi - WARNING - RealTimePanel: IR_940nm raw data uzunluk uyumsuzluğu (timestamps: 1014, data: 252)
2026-02-26 00:16:06 - spektroskopi - WARNING - RealTimePanel: IR_940nm calibrated data uzunluk uyumsuzluğu (timestamps: 1014, data: 252)
2026-02-26 00:16:07 - spektroskopi - WARNING - RealTimePanel: UV_360nm raw data uzunluk uyumsuzluğu (timestamps: 1014, data: 254)
2026-02-26 00:16:07 - spektroskopi - WARNING - RealTimePanel: UV_360nm calibrated data uzunluk uyumsuzluğu (timestamps: 1014, data: 254)
2026-02-26 00:16:07 - spektroskopi - WARNING - RealTimePanel: Blue_450nm raw data uzunluk uyumsuzluğu (timestamps: 1014, data: 254)
2026-02-26 00:16:07 - spektroskopi - WARNING - RealTimePanel: Blue_450nm calibrated data uzunluk uyumsuzluğu (timestamps: 1014, data: 254)
2026-02-26 00:16:07 - spektroskopi - WARNING - RealTimePanel: IR_850nm raw data uzunluk uyumsuzluğu (timestamps: 1014, data: 254)
2026-02-26 00:16:07 - spektroskopi - WARNING - RealTimePanel: IR_850nm calibrated data uzunluk uyumsuzluğu (timestamps: 1014, data: 254)
2026-02-26 00:16:07 - spektroskopi - WARNING - RealTimePanel: IR_940nm raw data uzunluk uyumsuzluğu (timestamps: 1014, data: 252)
2026-02-26 00:16:07 - spektroskopi - WARNING - RealTimePanel: IR_940nm calibrated data uzunluk uyumsuzluğu (timestamps: 1014, data: 252)
2026-02-26 00:16:08 - spektroskopi - WARNING - RealTimePanel: UV_360nm raw data uzunluk uyumsuzluğu (timestamps: 1014, data: 254)
2026-02-26 00:16:08 - spektroskopi - WARNING - RealTimePanel: UV_360nm calibrated data uzunluk uyumsuzluğu (timestamps: 1014, data: 254)
2026-02-26 00:16:08 - spektroskopi - WARNING - RealTimePanel: Blue_450nm raw data uzunluk uyumsuzluğu (timestamps: 1014, data: 254)
2026-02-26 00:16:08 - spektroskopi - WARNING - RealTimePanel: Blue_450nm calibrated data uzunluk uyumsuzluğu (timestamps: 1014, data: 254)
2026-02-26 00:16:08 - spektroskopi - WARNING - RealTimePanel: IR_850nm raw data uzunluk uyumsuzluğu (timestamps: 1014, data: 254)
2026-02-26 00:16:08 - spektroskopi - WARNING - RealTimePanel: IR_850nm calibrated data uzunluk uyumsuzluğu (timestamps: 1014, data: 254)
2026-02-26 00:16:08 - spektroskopi - WARNING - RealTimePanel: IR_940nm raw data uzunluk uyumsuzluğu (timestamps: 1014, data: 252)
2026-02-26 00:16:08 - spektroskopi - WARNING - RealTimePanel: IR_940nm calibrated data uzunluk uyumsuzluğu (timestamps: 1014, data: 252)
2026-02-26 00:16:09 - spektroskopi - WARNING - RealTimePanel: UV_360nm raw data uzunluk uyumsuzluğu (timestamps: 1014, data: 254)
2026-02-26 00:16:09 - spektroskopi - WARNING - RealTimePanel: UV_360nm calibrated data uzunluk uyumsuzluğu (timestamps: 1014, data: 254)
2026-02-26 00:16:09 - spektroskopi - WARNING - RealTimePanel: Blue_450nm raw data uzunluk uyumsuzluğu (timestamps: 1014, data: 254)
2026-02-26 00:16:09 - spektroskopi - WARNING - RealTimePanel: Blue_450nm calibrated data uzunluk uyumsuzluğu (timestamps: 1014, data: 254)
2026-02-26 00:16:09 - spektroskopi - WARNING - RealTimePanel: IR_850nm raw data uzunluk uyumsuzluğu (timestamps: 1014, data: 254)
2026-02-26 00:16:09 - spektroskopi - WARNING - RealTimePanel: IR_850nm calibrated data uzunluk uyumsuzluğu (timestamps: 1014, data: 254)
2026-02-26 00:16:09 - spektroskopi - WARNING - RealTimePanel: IR_940nm raw data uzunluk uyumsuzluğu (timestamps: 1014, data: 252)
2026-02-26 00:16:09 - spektroskopi - WARNING - RealTimePanel: IR_940nm calibrated data uzunluk uyumsuzluğu (timestamps: 1014, data: 252)
2026-02-26 00:16:10 - spektroskopi - WARNING - RealTimePanel: UV_360nm raw data uzunluk uyumsuzluğu (timestamps: 1014, data: 254)
2026-02-26 00:16:10 - spektroskopi - WARNING - RealTimePanel: UV_360nm calibrated data uzunluk uyumsuzluğu (timestamps: 1014, data: 254)
2026-02-26 00:16:10 - spektroskopi - WARNING - RealTimePanel: Blue_450nm raw data uzunluk uyumsuzluğu (timestamps: 1014, data: 254)
2026-02-26 00:16:10 - spektroskopi - WARNING - RealTimePanel: Blue_450nm calibrated data uzunluk uyumsuzluğu (timestamps: 1014, data: 254)
2026-02-26 00:16:10 - spektroskopi - WARNING - RealTimePanel: IR_850nm raw data uzunluk uyumsuzluğu (timestamps: 1014, data: 254)
2026-02-26 00:16:10 - spektroskopi - WARNING - RealTimePanel: IR_850nm calibrated data uzunluk uyumsuzluğu (timestamps: 1014, data: 254)
2026-02-26 00:16:10 - spektroskopi - WARNING - RealTimePanel: IR_940nm raw data uzunluk uyumsuzluğu (timestamps: 1014, data: 252)
2026-02-26 00:16:10 - spektroskopi - WARNING - RealTimePanel: IR_940nm calibrated data uzunluk uyumsuzluğu (timestamps: 1014, data: 252)
2026-02-26 00:16:11 - spektroskopi - WARNING - RealTimePanel: UV_360nm raw data uzunluk uyumsuzluğu (timestamps: 1014, data: 254)
2026-02-26 00:16:11 - spektroskopi - WARNING - RealTimePanel: UV_360nm calibrated data uzunluk uyumsuzluğu (timestamps: 1014, data: 254)
2026-02-26 00:16:11 - spektroskopi - WARNING - RealTimePanel: Blue_450nm raw data uzunluk uyumsuzluğu (timestamps: 1014, data: 254)
2026-02-26 00:16:11 - spektroskopi - WARNING - RealTimePanel: Blue_450nm calibrated data uzunluk uyumsuzluğu (timestamps: 1014, data: 254)
2026-02-26 00:16:11 - spektroskopi - WARNING - RealTimePanel: IR_850nm raw data uzunluk uyumsuzluğu (timestamps: 1014, data: 254)
2026-02-26 00:16:11 - spektroskopi - WARNING - RealTimePanel: IR_850nm calibrated data uzunluk uyumsuzluğu (timestamps: 1014, data: 254)
2026-02-26 00:16:11 - spektroskopi - WARNING - RealTimePanel: IR_940nm raw data uzunluk uyumsuzluğu (timestamps: 1014, data: 252)
2026-02-26 00:16:11 - spektroskopi - WARNING - RealTimePanel: IR_940nm calibrated data uzunluk uyumsuzluğu (timestamps: 1014, data: 252)
2026-02-26 00:16:12 - spektroskopi - WARNING - RealTimePanel: UV_360nm raw data uzunluk uyumsuzluğu (timestamps: 1014, data: 254)
2026-02-26 00:16:12 - spektroskopi - WARNING - RealTimePanel: UV_360nm calibrated data uzunluk uyumsuzluğu (timestamps: 1014, data: 254)
2026-02-26 00:16:12 - spektroskopi - WARNING - RealTimePanel: Blue_450nm raw data uzunluk uyumsuzluğu (timestamps: 1014, data: 254)
2026-02-26 00:16:12 - spektroskopi - WARNING - RealTimePanel: Blue_450nm calibrated data uzunluk uyumsuzluğu (timestamps: 1014, data: 254)
2026-02-26 00:16:12 - spektroskopi - WARNING - RealTimePanel: IR_850nm raw data uzunluk uyumsuzluğu (timestamps: 1014, data: 254)
2026-02-26 00:16:12 - spektroskopi - WARNING - RealTimePanel: IR_850nm calibrated data uzunluk uyumsuzluğu (timestamps: 1014, data: 254)
2026-02-26 00:16:12 - spektroskopi - WARNING - RealTimePanel: IR_940nm raw data uzunluk uyumsuzluğu (timestamps: 1014, data: 252)
2026-02-26 00:16:12 - spektroskopi - WARNING - RealTimePanel: IR_940nm calibrated data uzunluk uyumsuzluğu (timestamps: 1014, data: 252)
2026-02-26 00:16:13 - spektroskopi - WARNING - RealTimePanel: UV_360nm raw data uzunluk uyumsuzluğu (timestamps: 1014, data: 254)
2026-02-26 00:16:13 - spektroskopi - WARNING - RealTimePanel: UV_360nm calibrated data uzunluk uyumsuzluğu (timestamps: 1014, data: 254)
2026-02-26 00:16:13 - spektroskopi - WARNING - RealTimePanel: Blue_450nm raw data uzunluk uyumsuzluğu (timestamps: 1014, data: 254)
2026-02-26 00:16:13 - spektroskopi - WARNING - RealTimePanel: Blue_450nm calibrated data uzunluk uyumsuzluğu (timestamps: 1014, data: 254)
2026-02-26 00:16:13 - spektroskopi - WARNING - RealTimePanel: IR_850nm raw data uzunluk uyumsuzluğu (timestamps: 1014, data: 254)
2026-02-26 00:16:13 - spektroskopi - WARNING - RealTimePanel: IR_850nm calibrated data uzunluk uyumsuzluğu (timestamps: 1014, data: 254)
2026-02-26 00:16:13 - spektroskopi - WARNING - RealTimePanel: IR_940nm raw data uzunluk uyumsuzluğu (timestamps: 1014, data: 252)
2026-02-26 00:16:13 - spektroskopi - WARNING - RealTimePanel: IR_940nm calibrated data uzunluk uyumsuzluğu (timestamps: 1014, data: 252)
2026-02-26 00:16:14 - spektroskopi - WARNING - RealTimePanel: UV_360nm raw data uzunluk uyumsuzluğu (timestamps: 1014, data: 254)
2026-02-26 00:16:14 - spektroskopi - WARNING - RealTimePanel: UV_360nm calibrated data uzunluk uyumsuzluğu (timestamps: 1014, data: 254)
2026-02-26 00:16:14 - spektroskopi - WARNING - RealTimePanel: Blue_450nm raw data uzunluk uyumsuzluğu (timestamps: 1014, data: 254)
2026-02-26 00:16:14 - spektroskopi - WARNING - RealTimePanel: Blue_450nm calibrated data uzunluk uyumsuzluğu (timestamps: 1014, data: 254)
2026-02-26 00:16:14 - spektroskopi - WARNING - RealTimePanel: IR_850nm raw data uzunluk uyumsuzluğu (timestamps: 1014, data: 254)
2026-02-26 00:16:14 - spektroskopi - WARNING - RealTimePanel: IR_850nm calibrated data uzunluk uyumsuzluğu (timestamps: 1014, data: 254)
2026-02-26 00:16:14 - spektroskopi - WARNING - RealTimePanel: IR_940nm raw data uzunluk uyumsuzluğu (timestamps: 1014, data: 252)
2026-02-26 00:16:14 - spektroskopi - WARNING - RealTimePanel: IR_940nm calibrated data uzunluk uyumsuzluğu (timestamps: 1014, data: 252)
2026-02-26 00:16:15 - spektroskopi - WARNING - RealTimePanel: UV_360nm raw data uzunluk uyumsuzluğu (timestamps: 1014, data: 254)
2026-02-26 00:16:15 - spektroskopi - WARNING - RealTimePanel: UV_360nm calibrated data uzunluk uyumsuzluğu (timestamps: 1014, data: 254)
2026-02-26 00:16:15 - spektroskopi - WARNING - RealTimePanel: Blue_450nm raw data uzunluk uyumsuzluğu (timestamps: 1014, data: 254)
2026-02-26 00:16:15 - spektroskopi - WARNING - RealTimePanel: Blue_450nm calibrated data uzunluk uyumsuzluğu (timestamps: 1014, data: 254)
2026-02-26 00:16:15 - spektroskopi - WARNING - RealTimePanel: IR_850nm raw data uzunluk uyumsuzluğu (timestamps: 1014, data: 254)
2026-02-26 00:16:15 - spektroskopi - WARNING - RealTimePanel: IR_850nm calibrated data uzunluk uyumsuzluğu (timestamps: 1014, data: 254)
2026-02-26 00:16:15 - spektroskopi - WARNING - RealTimePanel: IR_940nm raw data uzunluk uyumsuzluğu (timestamps: 1014, data: 252)
2026-02-26 00:16:15 - spektroskopi - WARNING - RealTimePanel: IR_940nm calibrated data uzunluk uyumsuzluğu (timestamps: 1014, data: 252)
2026-02-26 00:16:16 - spektroskopi - WARNING - RealTimePanel: UV_360nm raw data uzunluk uyumsuzluğu (timestamps: 1014, data: 254)
2026-02-26 00:16:16 - spektroskopi - WARNING - RealTimePanel: UV_360nm calibrated data uzunluk uyumsuzluğu (timestamps: 1014, data: 254)
2026-02-26 00:16:16 - spektroskopi - WARNING - RealTimePanel: Blue_450nm raw data uzunluk uyumsuzluğu (timestamps: 1014, data: 254)
2026-02-26 00:16:16 - spektroskopi - WARNING - RealTimePanel: Blue_450nm calibrated data uzunluk uyumsuzluğu (timestamps: 1014, data: 254)
2026-02-26 00:16:16 - spektroskopi - WARNING - RealTimePanel: IR_850nm raw data uzunluk uyumsuzluğu (timestamps: 1014, data: 254)
2026-02-26 00:16:16 - spektroskopi - WARNING - RealTimePanel: IR_850nm calibrated data uzunluk uyumsuzluğu (timestamps: 1014, data: 254)
2026-02-26 00:16:16 - spektroskopi - WARNING - RealTimePanel: IR_940nm raw data uzunluk uyumsuzluğu (timestamps: 1014, data: 252)
2026-02-26 00:16:16 - spektroskopi - WARNING - RealTimePanel: IR_940nm calibrated data uzunluk uyumsuzluğu (timestamps: 1014, data: 252)
2026-02-26 00:16:17 - spektroskopi - WARNING - RealTimePanel: UV_360nm raw data uzunluk uyumsuzluğu (timestamps: 1014, data: 254)
2026-02-26 00:16:17 - spektroskopi - WARNING - RealTimePanel: UV_360nm calibrated data uzunluk uyumsuzluğu (timestamps: 1014, data: 254)
2026-02-26 00:16:17 - spektroskopi - WARNING - RealTimePanel: Blue_450nm raw data uzunluk uyumsuzluğu (timestamps: 1014, data: 254)
2026-02-26 00:16:17 - spektroskopi - WARNING - RealTimePanel: Blue_450nm calibrated data uzunluk uyumsuzluğu (timestamps: 1014, data: 254)
2026-02-26 00:16:17 - spektroskopi - WARNING - RealTimePanel: IR_850nm raw data uzunluk uyumsuzluğu (timestamps: 1014, data: 254)
2026-02-26 00:16:17 - spektroskopi - WARNING - RealTimePanel: IR_850nm calibrated data uzunluk uyumsuzluğu (timestamps: 1014, data: 254)
2026-02-26 00:16:17 - spektroskopi - WARNING - RealTimePanel: IR_940nm raw data uzunluk uyumsuzluğu (timestamps: 1014, data: 252)
2026-02-26 00:16:17 - spektroskopi - WARNING - RealTimePanel: IR_940nm calibrated data uzunluk uyumsuzluğu (timestamps: 1014, data: 252)
2026-02-26 00:16:18 - spektroskopi - WARNING - RealTimePanel: UV_360nm raw data uzunluk uyumsuzluğu (timestamps: 1014, data: 254)
2026-02-26 00:16:18 - spektroskopi - WARNING - RealTimePanel: UV_360nm calibrated data uzunluk uyumsuzluğu (timestamps: 1014, data: 254)
2026-02-26 00:16:18 - spektroskopi - WARNING - RealTimePanel: Blue_450nm raw data uzunluk uyumsuzluğu (timestamps: 1014, data: 254)
2026-02-26 00:16:18 - spektroskopi - WARNING - RealTimePanel: Blue_450nm calibrated data uzunluk uyumsuzluğu (timestamps: 1014, data: 254)
2026-02-26 00:16:18 - spektroskopi - WARNING - RealTimePanel: IR_850nm raw data uzunluk uyumsuzluğu (timestamps: 1014, data: 254)
2026-02-26 00:16:18 - spektroskopi - WARNING - RealTimePanel: IR_850nm calibrated data uzunluk uyumsuzluğu (timestamps: 1014, data: 254)
2026-02-26 00:16:18 - spektroskopi - WARNING - RealTimePanel: IR_940nm raw data uzunluk uyumsuzluğu (timestamps: 1014, data: 252)
2026-02-26 00:16:18 - spektroskopi - WARNING - RealTimePanel: IR_940nm calibrated data uzunluk uyumsuzluğu (timestamps: 1014, data: 252)
2026-02-26 00:16:19 - spektroskopi - WARNING - RealTimePanel: UV_360nm raw data uzunluk uyumsuzluğu (timestamps: 1014, data: 254)
2026-02-26 00:16:19 - spektroskopi - WARNING - RealTimePanel: UV_360nm calibrated data uzunluk uyumsuzluğu (timestamps: 1014, data: 254)
2026-02-26 00:16:19 - spektroskopi - WARNING - RealTimePanel: Blue_450nm raw data uzunluk uyumsuzluğu (timestamps: 1014, data: 254)
2026-02-26 00:16:19 - spektroskopi - WARNING - RealTimePanel: Blue_450nm calibrated data uzunluk uyumsuzluğu (timestamps: 1014, data: 254)
2026-02-26 00:16:19 - spektroskopi - WARNING - RealTimePanel: IR_850nm raw data uzunluk uyumsuzluğu (timestamps: 1014, data: 254)
2026-02-26 00:16:19 - spektroskopi - WARNING - RealTimePanel: IR_850nm calibrated data uzunluk uyumsuzluğu (timestamps: 1014, data: 254)
2026-02-26 00:16:19 - spektroskopi - WARNING - RealTimePanel: IR_940nm raw data uzunluk uyumsuzluğu (timestamps: 1014, data: 252)
2026-02-26 00:16:19 - spektroskopi - WARNING - RealTimePanel: IR_940nm calibrated data uzunluk uyumsuzluğu (timestamps: 1014, data: 252)
2026-02-26 00:16:20 - spektroskopi - WARNING - RealTimePanel: UV_360nm raw data uzunluk uyumsuzluğu (timestamps: 1014, data: 254)
2026-02-26 00:16:20 - spektroskopi - WARNING - RealTimePanel: UV_360nm calibrated data uzunluk uyumsuzluğu (timestamps: 1014, data: 254)
2026-02-26 00:16:20 - spektroskopi - WARNING - RealTimePanel: Blue_450nm raw data uzunluk uyumsuzluğu (timestamps: 1014, data: 254)
2026-02-26 00:16:20 - spektroskopi - WARNING - RealTimePanel: Blue_450nm calibrated data uzunluk uyumsuzluğu (timestamps: 1014, data: 254)
2026-02-26 00:16:20 - spektroskopi - WARNING - RealTimePanel: IR_850nm raw data uzunluk uyumsuzluğu (timestamps: 1014, data: 254)
2026-02-26 00:16:20 - spektroskopi - WARNING - RealTimePanel: IR_850nm calibrated data uzunluk uyumsuzluğu (timestamps: 1014, data: 254)
2026-02-26 00:16:20 - spektroskopi - WARNING - RealTimePanel: IR_940nm raw data uzunluk uyumsuzluğu (timestamps: 1014, data: 252)
2026-02-26 00:16:20 - spektroskopi - WARNING - RealTimePanel: IR_940nm calibrated data uzunluk uyumsuzluğu (timestamps: 1014, data: 252)
2026-02-26 00:16:21 - spektroskopi - WARNING - RealTimePanel: UV_360nm raw data uzunluk uyumsuzluğu (timestamps: 1014, data: 254)
2026-02-26 00:16:21 - spektroskopi - WARNING - RealTimePanel: UV_360nm calibrated data uzunluk uyumsuzluğu (timestamps: 1014, data: 254)
2026-02-26 00:16:21 - spektroskopi - WARNING - RealTimePanel: Blue_450nm raw data uzunluk uyumsuzluğu (timestamps: 1014, data: 254)
2026-02-26 00:16:21 - spektroskopi - WARNING - RealTimePanel: Blue_450nm calibrated data uzunluk uyumsuzluğu (timestamps: 1014, data: 254)
2026-02-26 00:16:21 - spektroskopi - WARNING - RealTimePanel: IR_850nm raw data uzunluk uyumsuzluğu (timestamps: 1014, data: 254)
2026-02-26 00:16:21 - spektroskopi - WARNING - RealTimePanel: IR_850nm calibrated data uzunluk uyumsuzluğu (timestamps: 1014, data: 254)
2026-02-26 00:16:21 - spektroskopi - WARNING - RealTimePanel: IR_940nm raw data uzunluk uyumsuzluğu (timestamps: 1014, data: 252)
2026-02-26 00:16:21 - spektroskopi - WARNING - RealTimePanel: IR_940nm calibrated data uzunluk uyumsuzluğu (timestamps: 1014, data: 252)
2026-02-26 00:16:22 - spektroskopi - WARNING - RealTimePanel: UV_360nm raw data uzunluk uyumsuzluğu (timestamps: 1014, data: 254)
2026-02-26 00:16:22 - spektroskopi - WARNING - RealTimePanel: UV_360nm calibrated data uzunluk uyumsuzluğu (timestamps: 1014, data: 254)
2026-02-26 00:16:22 - spektroskopi - WARNING - RealTimePanel: Blue_450nm raw data uzunluk uyumsuzluğu (timestamps: 1014, data: 254)
2026-02-26 00:16:22 - spektroskopi - WARNING - RealTimePanel: Blue_450nm calibrated data uzunluk uyumsuzluğu (timestamps: 1014, data: 254)
2026-02-26 00:16:22 - spektroskopi - WARNING - RealTimePanel: IR_850nm raw data uzunluk uyumsuzluğu (timestamps: 1014, data: 254)
2026-02-26 00:16:22 - spektroskopi - WARNING - RealTimePanel: IR_850nm calibrated data uzunluk uyumsuzluğu (timestamps: 1014, data: 254)
2026-02-26 00:16:22 - spektroskopi - WARNING - RealTimePanel: IR_940nm raw data uzunluk uyumsuzluğu (timestamps: 1014, data: 252)
2026-02-26 00:16:22 - spektroskopi - WARNING - RealTimePanel: IR_940nm calibrated data uzunluk uyumsuzluğu (timestamps: 1014, data: 252)
2026-02-26 00:16:23 - spektroskopi - WARNING - RealTimePanel: UV_360nm raw data uzunluk uyumsuzluğu (timestamps: 1014, data: 254)
2026-02-26 00:16:23 - spektroskopi - WARNING - RealTimePanel: UV_360nm calibrated data uzunluk uyumsuzluğu (timestamps: 1014, data: 254)
2026-02-26 00:16:23 - spektroskopi - WARNING - RealTimePanel: Blue_450nm raw data uzunluk uyumsuzluğu (timestamps: 1014, data: 254)
2026-02-26 00:16:23 - spektroskopi - WARNING - RealTimePanel: Blue_450nm calibrated data uzunluk uyumsuzluğu (timestamps: 1014, data: 254)
2026-02-26 00:16:23 - spektroskopi - WARNING - RealTimePanel: IR_850nm raw data uzunluk uyumsuzluğu (timestamps: 1014, data: 254)
2026-02-26 00:16:23 - spektroskopi - WARNING - RealTimePanel: IR_850nm calibrated data uzunluk uyumsuzluğu (timestamps: 1014, data: 254)
2026-02-26 00:16:23 - spektroskopi - WARNING - RealTimePanel: IR_940nm raw data uzunluk uyumsuzluğu (timestamps: 1014, data: 252)
2026-02-26 00:16:23 - spektroskopi - WARNING - RealTimePanel: IR_940nm calibrated data uzunluk uyumsuzluğu (timestamps: 1014, data: 252)
2026-02-26 00:16:24 - spektroskopi - WARNING - RealTimePanel: UV_360nm raw data uzunluk uyumsuzluğu (timestamps: 1014, data: 254)
2026-02-26 00:16:24 - spektroskopi - WARNING - RealTimePanel: UV_360nm calibrated data uzunluk uyumsuzluğu (timestamps: 1014, data: 254)
2026-02-26 00:16:24 - spektroskopi - WARNING - RealTimePanel: Blue_450nm raw data uzunluk uyumsuzluğu (timestamps: 1014, data: 254)
2026-02-26 00:16:24 - spektroskopi - WARNING - RealTimePanel: Blue_450nm calibrated data uzunluk uyumsuzluğu (timestamps: 1014, data: 254)
2026-02-26 00:16:24 - spektroskopi - WARNING - RealTimePanel: IR_850nm raw data uzunluk uyumsuzluğu (timestamps: 1014, data: 254)
2026-02-26 00:16:24 - spektroskopi - WARNING - RealTimePanel: IR_850nm calibrated data uzunluk uyumsuzluğu (timestamps: 1014, data: 254)
2026-02-26 00:16:24 - spektroskopi - WARNING - RealTimePanel: IR_940nm raw data uzunluk uyumsuzluğu (timestamps: 1014, data: 252)
2026-02-26 00:16:24 - spektroskopi - WARNING - RealTimePanel: IR_940nm calibrated data uzunluk uyumsuzluğu (timestamps: 1014, data: 252)
2026-02-26 00:16:25 - spektroskopi - WARNING - RealTimePanel: UV_360nm raw data uzunluk uyumsuzluğu (timestamps: 1014, data: 254)
2026-02-26 00:16:25 - spektroskopi - WARNING - RealTimePanel: UV_360nm calibrated data uzunluk uyumsuzluğu (timestamps: 1014, data: 254)
2026-02-26 00:16:25 - spektroskopi - WARNING - RealTimePanel: Blue_450nm raw data uzunluk uyumsuzluğu (timestamps: 1014, data: 254)
2026-02-26 00:16:25 - spektroskopi - WARNING - RealTimePanel: Blue_450nm calibrated data uzunluk uyumsuzluğu (timestamps: 1014, data: 254)
2026-02-26 00:16:25 - spektroskopi - WARNING - RealTimePanel: IR_850nm raw data uzunluk uyumsuzluğu (timestamps: 1014, data: 254)
2026-02-26 00:16:25 - spektroskopi - WARNING - RealTimePanel: IR_850nm calibrated data uzunluk uyumsuzluğu (timestamps: 1014, data: 254)
2026-02-26 00:16:25 - spektroskopi - WARNING - RealTimePanel: IR_940nm raw data uzunluk uyumsuzluğu (timestamps: 1014, data: 252)
2026-02-26 00:16:25 - spektroskopi - WARNING - RealTimePanel: IR_940nm calibrated data uzunluk uyumsuzluğu (timestamps: 1014, data: 252)
2026-02-26 00:16:26 - spektroskopi - WARNING - RealTimePanel: UV_360nm raw data uzunluk uyumsuzluğu (timestamps: 1014, data: 254)
2026-02-26 00:16:26 - spektroskopi - WARNING - RealTimePanel: UV_360nm calibrated data uzunluk uyumsuzluğu (timestamps: 1014, data: 254)
2026-02-26 00:16:26 - spektroskopi - WARNING - RealTimePanel: Blue_450nm raw data uzunluk uyumsuzluğu (timestamps: 1014, data: 254)
2026-02-26 00:16:26 - spektroskopi - WARNING - RealTimePanel: Blue_450nm calibrated data uzunluk uyumsuzluğu (timestamps: 1014, data: 254)
2026-02-26 00:16:26 - spektroskopi - WARNING - RealTimePanel: IR_850nm raw data uzunluk uyumsuzluğu (timestamps: 1014, data: 254)
2026-02-26 00:16:26 - spektroskopi - WARNING - RealTimePanel: IR_850nm calibrated data uzunluk uyumsuzluğu (timestamps: 1014, data: 254)
2026-02-26 00:16:26 - spektroskopi - WARNING - RealTimePanel: IR_940nm raw data uzunluk uyumsuzluğu (timestamps: 1014, data: 252)
2026-02-26 00:16:26 - spektroskopi - WARNING - RealTimePanel: IR_940nm calibrated data uzunluk uyumsuzluğu (timestamps: 1014, data: 252)
2026-02-26 00:16:27 - spektroskopi - WARNING - RealTimePanel: UV_360nm raw data uzunluk uyumsuzluğu (timestamps: 1014, data: 254)
2026-02-26 00:16:27 - spektroskopi - WARNING - RealTimePanel: UV_360nm calibrated data uzunluk uyumsuzluğu (timestamps: 1014, data: 254)
2026-02-26 00:16:27 - spektroskopi - WARNING - RealTimePanel: Blue_450nm raw data uzunluk uyumsuzluğu (timestamps: 1014, data: 254)
2026-02-26 00:16:27 - spektroskopi - WARNING - RealTimePanel: Blue_450nm calibrated data uzunluk uyumsuzluğu (timestamps: 1014, data: 254)
2026-02-26 00:16:27 - spektroskopi - WARNING - RealTimePanel: IR_850nm raw data uzunluk uyumsuzluğu (timestamps: 1014, data: 254)
2026-02-26 00:16:27 - spektroskopi - WARNING - RealTimePanel: IR_850nm calibrated data uzunluk uyumsuzluğu (timestamps: 1014, data: 254)
2026-02-26 00:16:27 - spektroskopi - WARNING - RealTimePanel: IR_940nm raw data uzunluk uyumsuzluğu (timestamps: 1014, data: 252)
2026-02-26 00:16:27 - spektroskopi - WARNING - RealTimePanel: IR_940nm calibrated data uzunluk uyumsuzluğu (timestamps: 1014, data: 252)
2026-02-26 00:16:28 - spektroskopi - WARNING - RealTimePanel: UV_360nm raw data uzunluk uyumsuzluğu (timestamps: 1014, data: 254)
2026-02-26 00:16:28 - spektroskopi - WARNING - RealTimePanel: UV_360nm calibrated data uzunluk uyumsuzluğu (timestamps: 1014, data: 254)
2026-02-26 00:16:28 - spektroskopi - WARNING - RealTimePanel: Blue_450nm raw data uzunluk uyumsuzluğu (timestamps: 1014, data: 254)
2026-02-26 00:16:28 - spektroskopi - WARNING - RealTimePanel: Blue_450nm calibrated data uzunluk uyumsuzluğu (timestamps: 1014, data: 254)
2026-02-26 00:16:28 - spektroskopi - WARNING - RealTimePanel: IR_850nm raw data uzunluk uyumsuzluğu (timestamps: 1014, data: 254)
2026-02-26 00:16:28 - spektroskopi - WARNING - RealTimePanel: IR_850nm calibrated data uzunluk uyumsuzluğu (timestamps: 1014, data: 254)
2026-02-26 00:16:28 - spektroskopi - WARNING - RealTimePanel: IR_940nm raw data uzunluk uyumsuzluğu (timestamps: 1014, data: 252)
2026-02-26 00:16:28 - spektroskopi - WARNING - RealTimePanel: IR_940nm calibrated data uzunluk uyumsuzluğu (timestamps: 1014, data: 252)
2026-02-26 00:16:29 - spektroskopi - WARNING - RealTimePanel: UV_360nm raw data uzunluk uyumsuzluğu (timestamps: 1014, data: 254)
2026-02-26 00:16:29 - spektroskopi - WARNING - RealTimePanel: UV_360nm calibrated data uzunluk uyumsuzluğu (timestamps: 1014, data: 254)
2026-02-26 00:16:29 - spektroskopi - WARNING - RealTimePanel: Blue_450nm raw data uzunluk uyumsuzluğu (timestamps: 1014, data: 254)
2026-02-26 00:16:29 - spektroskopi - WARNING - RealTimePanel: Blue_450nm calibrated data uzunluk uyumsuzluğu (timestamps: 1014, data: 254)
2026-02-26 00:16:29 - spektroskopi - WARNING - RealTimePanel: IR_850nm raw data uzunluk uyumsuzluğu (timestamps: 1014, data: 254)
2026-02-26 00:16:29 - spektroskopi - WARNING - RealTimePanel: IR_850nm calibrated data uzunluk uyumsuzluğu (timestamps: 1014, data: 254)
2026-02-26 00:16:29 - spektroskopi - WARNING - RealTimePanel: IR_940nm raw data uzunluk uyumsuzluğu (timestamps: 1014, data: 252)
2026-02-26 00:16:29 - spektroskopi - WARNING - RealTimePanel: IR_940nm calibrated data uzunluk uyumsuzluğu (timestamps: 1014, data: 252)
2026-02-26 00:16:30 - spektroskopi - WARNING - RealTimePanel: UV_360nm raw data uzunluk uyumsuzluğu (timestamps: 1014, data: 254)
2026-02-26 00:16:30 - spektroskopi - WARNING - RealTimePanel: UV_360nm calibrated data uzunluk uyumsuzluğu (timestamps: 1014, data: 254)
2026-02-26 00:16:30 - spektroskopi - WARNING - RealTimePanel: Blue_450nm raw data uzunluk uyumsuzluğu (timestamps: 1014, data: 254)
2026-02-26 00:16:30 - spektroskopi - WARNING - RealTimePanel: Blue_450nm calibrated data uzunluk uyumsuzluğu (timestamps: 1014, data: 254)
2026-02-26 00:16:30 - spektroskopi - WARNING - RealTimePanel: IR_850nm raw data uzunluk uyumsuzluğu (timestamps: 1014, data: 254)
2026-02-26 00:16:30 - spektroskopi - WARNING - RealTimePanel: IR_850nm calibrated data uzunluk uyumsuzluğu (timestamps: 1014, data: 254)
2026-02-26 00:16:30 - spektroskopi - WARNING - RealTimePanel: IR_940nm raw data uzunluk uyumsuzluğu (timestamps: 1014, data: 252)
2026-02-26 00:16:30 - spektroskopi - WARNING - RealTimePanel: IR_940nm calibrated data uzunluk uyumsuzluğu (timestamps: 1014, data: 252)
2026-02-26 00:16:31 - spektroskopi - WARNING - RealTimePanel: UV_360nm raw data uzunluk uyumsuzluğu (timestamps: 1014, data: 254)
2026-02-26 00:16:31 - spektroskopi - WARNING - RealTimePanel: UV_360nm calibrated data uzunluk uyumsuzluğu (timestamps: 1014, data: 254)
2026-02-26 00:16:31 - spektroskopi - WARNING - RealTimePanel: Blue_450nm raw data uzunluk uyumsuzluğu (timestamps: 1014, data: 254)
2026-02-26 00:16:31 - spektroskopi - WARNING - RealTimePanel: Blue_450nm calibrated data uzunluk uyumsuzluğu (timestamps: 1014, data: 254)
2026-02-26 00:16:31 - spektroskopi - WARNING - RealTimePanel: IR_850nm raw data uzunluk uyumsuzluğu (timestamps: 1014, data: 254)
2026-02-26 00:16:31 - spektroskopi - WARNING - RealTimePanel: IR_850nm calibrated data uzunluk uyumsuzluğu (timestamps: 1014, data: 254)
2026-02-26 00:16:31 - spektroskopi - WARNING - RealTimePanel: IR_940nm raw data uzunluk uyumsuzluğu (timestamps: 1014, data: 252)
2026-02-26 00:16:31 - spektroskopi - WARNING - RealTimePanel: IR_940nm calibrated data uzunluk uyumsuzluğu (timestamps: 1014, data: 252)
2026-02-26 00:16:32 - spektroskopi - WARNING - RealTimePanel: UV_360nm raw data uzunluk uyumsuzluğu (timestamps: 1014, data: 254)
2026-02-26 00:16:32 - spektroskopi - WARNING - RealTimePanel: UV_360nm calibrated data uzunluk uyumsuzluğu (timestamps: 1014, data: 254)
2026-02-26 00:16:32 - spektroskopi - WARNING - RealTimePanel: Blue_450nm raw data uzunluk uyumsuzluğu (timestamps: 1014, data: 254)
2026-02-26 00:16:32 - spektroskopi - WARNING - RealTimePanel: Blue_450nm calibrated data uzunluk uyumsuzluğu (timestamps: 1014, data: 254)
2026-02-26 00:16:32 - spektroskopi - WARNING - RealTimePanel: IR_850nm raw data uzunluk uyumsuzluğu (timestamps: 1014, data: 254)
2026-02-26 00:16:32 - spektroskopi - WARNING - RealTimePanel: IR_850nm calibrated data uzunluk uyumsuzluğu (timestamps: 1014, data: 254)
2026-02-26 00:16:32 - spektroskopi - WARNING - RealTimePanel: IR_940nm raw data uzunluk uyumsuzluğu (timestamps: 1014, data: 252)
2026-02-26 00:16:32 - spektroskopi - WARNING - RealTimePanel: IR_940nm calibrated data uzunluk uyumsuzluğu (timestamps: 1014, data: 252)
2026-02-26 00:16:33 - spektroskopi - WARNING - RealTimePanel: UV_360nm raw data uzunluk uyumsuzluğu (timestamps: 1014, data: 254)
2026-02-26 00:16:33 - spektroskopi - WARNING - RealTimePanel: UV_360nm calibrated data uzunluk uyumsuzluğu (timestamps: 1014, data: 254)
2026-02-26 00:16:33 - spektroskopi - WARNING - RealTimePanel: Blue_450nm raw data uzunluk uyumsuzluğu (timestamps: 1014, data: 254)
2026-02-26 00:16:33 - spektroskopi - WARNING - RealTimePanel: Blue_450nm calibrated data uzunluk uyumsuzluğu (timestamps: 1014, data: 254)
2026-02-26 00:16:33 - spektroskopi - WARNING - RealTimePanel: IR_850nm raw data uzunluk uyumsuzluğu (timestamps: 1014, data: 254)
2026-02-26 00:16:33 - spektroskopi - WARNING - RealTimePanel: IR_850nm calibrated data uzunluk uyumsuzluğu (timestamps: 1014, data: 254)
2026-02-26 00:16:33 - spektroskopi - WARNING - RealTimePanel: IR_940nm raw data uzunluk uyumsuzluğu (timestamps: 1014, data: 252)
2026-02-26 00:16:33 - spektroskopi - WARNING - RealTimePanel: IR_940nm calibrated data uzunluk uyumsuzluğu (timestamps: 1014, data: 252)
2026-02-26 00:16:34 - spektroskopi - WARNING - RealTimePanel: UV_360nm raw data uzunluk uyumsuzluğu (timestamps: 1014, data: 254)
2026-02-26 00:16:34 - spektroskopi - WARNING - RealTimePanel: UV_360nm calibrated data uzunluk uyumsuzluğu (timestamps: 1014, data: 254)
2026-02-26 00:16:34 - spektroskopi - WARNING - RealTimePanel: Blue_450nm raw data uzunluk uyumsuzluğu (timestamps: 1014, data: 254)
2026-02-26 00:16:34 - spektroskopi - WARNING - RealTimePanel: Blue_450nm calibrated data uzunluk uyumsuzluğu (timestamps: 1014, data: 254)
2026-02-26 00:16:34 - spektroskopi - WARNING - RealTimePanel: IR_850nm raw data uzunluk uyumsuzluğu (timestamps: 1014, data: 254)
2026-02-26 00:16:34 - spektroskopi - WARNING - RealTimePanel: IR_850nm calibrated data uzunluk uyumsuzluğu (timestamps: 1014, data: 254)
2026-02-26 00:16:34 - spektroskopi - WARNING - RealTimePanel: IR_940nm raw data uzunluk uyumsuzluğu (timestamps: 1014, data: 252)
2026-02-26 00:16:34 - spektroskopi - WARNING - RealTimePanel: IR_940nm calibrated data uzunluk uyumsuzluğu (timestamps: 1014, data: 252)
2026-02-26 00:16:35 - spektroskopi - WARNING - RealTimePanel: UV_360nm raw data uzunluk uyumsuzluğu (timestamps: 1014, data: 254)
2026-02-26 00:16:35 - spektroskopi - WARNING - RealTimePanel: UV_360nm calibrated data uzunluk uyumsuzluğu (timestamps: 1014, data: 254)
2026-02-26 00:16:35 - spektroskopi - WARNING - RealTimePanel: Blue_450nm raw data uzunluk uyumsuzluğu (timestamps: 1014, data: 254)
2026-02-26 00:16:35 - spektroskopi - WARNING - RealTimePanel: Blue_450nm calibrated data uzunluk uyumsuzluğu (timestamps: 1014, data: 254)
2026-02-26 00:16:35 - spektroskopi - WARNING - RealTimePanel: IR_850nm raw data uzunluk uyumsuzluğu (timestamps: 1014, data: 254)
2026-02-26 00:16:35 - spektroskopi - WARNING - RealTimePanel: IR_850nm calibrated data uzunluk uyumsuzluğu (timestamps: 1014, data: 254)
2026-02-26 00:16:35 - spektroskopi - WARNING - RealTimePanel: IR_940nm raw data uzunluk uyumsuzluğu (timestamps: 1014, data: 252)
2026-02-26 00:16:35 - spektroskopi - WARNING - RealTimePanel: IR_940nm calibrated data uzunluk uyumsuzluğu (timestamps: 1014, data: 252)
2026-02-26 00:16:36 - spektroskopi - WARNING - RealTimePanel: UV_360nm raw data uzunluk uyumsuzluğu (timestamps: 1014, data: 254)
2026-02-26 00:16:36 - spektroskopi - WARNING - RealTimePanel: UV_360nm calibrated data uzunluk uyumsuzluğu (timestamps: 1014, data: 254)
2026-02-26 00:16:36 - spektroskopi - WARNING - RealTimePanel: Blue_450nm raw data uzunluk uyumsuzluğu (timestamps: 1014, data: 254)
2026-02-26 00:16:36 - spektroskopi - WARNING - RealTimePanel: Blue_450nm calibrated data uzunluk uyumsuzluğu (timestamps: 1014, data: 254)
2026-02-26 00:16:36 - spektroskopi - WARNING - RealTimePanel: IR_850nm raw data uzunluk uyumsuzluğu (timestamps: 1014, data: 254)
2026-02-26 00:16:36 - spektroskopi - WARNING - RealTimePanel: IR_850nm calibrated data uzunluk uyumsuzluğu (timestamps: 1014, data: 254)
2026-02-26 00:16:36 - spektroskopi - WARNING - RealTimePanel: IR_940nm raw data uzunluk uyumsuzluğu (timestamps: 1014, data: 252)
2026-02-26 00:16:36 - spektroskopi - WARNING - RealTimePanel: IR_940nm calibrated data uzunluk uyumsuzluğu (timestamps: 1014, data: 252)
2026-02-26 00:16:37 - spektroskopi - WARNING - RealTimePanel: UV_360nm raw data uzunluk uyumsuzluğu (timestamps: 1014, data: 254)
2026-02-26 00:16:37 - spektroskopi - WARNING - RealTimePanel: UV_360nm calibrated data uzunluk uyumsuzluğu (timestamps: 1014, data: 254)
2026-02-26 00:16:37 - spektroskopi - WARNING - RealTimePanel: Blue_450nm raw data uzunluk uyumsuzluğu (timestamps: 1014, data: 254)
2026-02-26 00:16:37 - spektroskopi - WARNING - RealTimePanel: Blue_450nm calibrated data uzunluk uyumsuzluğu (timestamps: 1014, data: 254)
2026-02-26 00:16:37 - spektroskopi - WARNING - RealTimePanel: IR_850nm raw data uzunluk uyumsuzluğu (timestamps: 1014, data: 254)
2026-02-26 00:16:37 - spektroskopi - WARNING - RealTimePanel: IR_850nm calibrated data uzunluk uyumsuzluğu (timestamps: 1014, data: 254)
2026-02-26 00:16:37 - spektroskopi - WARNING - RealTimePanel: IR_940nm raw data uzunluk uyumsuzluğu (timestamps: 1014, data: 252)
2026-02-26 00:16:37 - spektroskopi - WARNING - RealTimePanel: IR_940nm calibrated data uzunluk uyumsuzluğu (timestamps: 1014, data: 252)
2026-02-26 00:16:38 - spektroskopi - WARNING - RealTimePanel: UV_360nm raw data uzunluk uyumsuzluğu (timestamps: 1014, data: 254)
2026-02-26 00:16:38 - spektroskopi - WARNING - RealTimePanel: UV_360nm calibrated data uzunluk uyumsuzluğu (timestamps: 1014, data: 254)
2026-02-26 00:16:38 - spektroskopi - WARNING - RealTimePanel: Blue_450nm raw data uzunluk uyumsuzluğu (timestamps: 1014, data: 254)
2026-02-26 00:16:38 - spektroskopi - WARNING - RealTimePanel: Blue_450nm calibrated data uzunluk uyumsuzluğu (timestamps: 1014, data: 254)
2026-02-26 00:16:38 - spektroskopi - WARNING - RealTimePanel: IR_850nm raw data uzunluk uyumsuzluğu (timestamps: 1014, data: 254)
2026-02-26 00:16:38 - spektroskopi - WARNING - RealTimePanel: IR_850nm calibrated data uzunluk uyumsuzluğu (timestamps: 1014, data: 254)
2026-02-26 00:16:38 - spektroskopi - WARNING - RealTimePanel: IR_940nm raw data uzunluk uyumsuzluğu (timestamps: 1014, data: 252)
2026-02-26 00:16:38 - spektroskopi - WARNING - RealTimePanel: IR_940nm calibrated data uzunluk uyumsuzluğu (timestamps: 1014, data: 252)
2026-02-26 00:16:39 - spektroskopi - WARNING - RealTimePanel: UV_360nm raw data uzunluk uyumsuzluğu (timestamps: 1014, data: 254)
2026-02-26 00:16:39 - spektroskopi - WARNING - RealTimePanel: UV_360nm calibrated data uzunluk uyumsuzluğu (timestamps: 1014, data: 254)
2026-02-26 00:16:39 - spektroskopi - WARNING - RealTimePanel: Blue_450nm raw data uzunluk uyumsuzluğu (timestamps: 1014, data: 254)
2026-02-26 00:16:39 - spektroskopi - WARNING - RealTimePanel: Blue_450nm calibrated data uzunluk uyumsuzluğu (timestamps: 1014, data: 254)
2026-02-26 00:16:39 - spektroskopi - WARNING - RealTimePanel: IR_850nm raw data uzunluk uyumsuzluğu (timestamps: 1014, data: 254)
2026-02-26 00:16:39 - spektroskopi - WARNING - RealTimePanel: IR_850nm calibrated data uzunluk uyumsuzluğu (timestamps: 1014, data: 254)
2026-02-26 00:16:39 - spektroskopi - WARNING - RealTimePanel: IR_940nm raw data uzunluk uyumsuzluğu (timestamps: 1014, data: 252)
2026-02-26 00:16:39 - spektroskopi - WARNING - RealTimePanel: IR_940nm calibrated data uzunluk uyumsuzluğu (timestamps: 1014, data: 252)
2026-02-26 00:16:40 - spektroskopi - WARNING - RealTimePanel: UV_360nm raw data uzunluk uyumsuzluğu (timestamps: 1014, data: 254)
2026-02-26 00:16:40 - spektroskopi - WARNING - RealTimePanel: UV_360nm calibrated data uzunluk uyumsuzluğu (timestamps: 1014, data: 254)
2026-02-26 00:16:40 - spektroskopi - WARNING - RealTimePanel: Blue_450nm raw data uzunluk uyumsuzluğu (timestamps: 1014, data: 254)
2026-02-26 00:16:40 - spektroskopi - WARNING - RealTimePanel: Blue_450nm calibrated data uzunluk uyumsuzluğu (timestamps: 1014, data: 254)
2026-02-26 00:16:40 - spektroskopi - WARNING - RealTimePanel: IR_850nm raw data uzunluk uyumsuzluğu (timestamps: 1014, data: 254)
2026-02-26 00:16:40 - spektroskopi - WARNING - RealTimePanel: IR_850nm calibrated data uzunluk uyumsuzluğu (timestamps: 1014, data: 254)
2026-02-26 00:16:40 - spektroskopi - WARNING - RealTimePanel: IR_940nm raw data uzunluk uyumsuzluğu (timestamps: 1014, data: 252)
2026-02-26 00:16:40 - spektroskopi - WARNING - RealTimePanel: IR_940nm calibrated data uzunluk uyumsuzluğu (timestamps: 1014, data: 252)
2026-02-26 00:16:41 - spektroskopi - WARNING - RealTimePanel: UV_360nm raw data uzunluk uyumsuzluğu (timestamps: 1014, data: 254)
2026-02-26 00:16:41 - spektroskopi - WARNING - RealTimePanel: UV_360nm calibrated data uzunluk uyumsuzluğu (timestamps: 1014, data: 254)
2026-02-26 00:16:41 - spektroskopi - WARNING - RealTimePanel: Blue_450nm raw data uzunluk uyumsuzluğu (timestamps: 1014, data: 254)
2026-02-26 00:16:41 - spektroskopi - WARNING - RealTimePanel: Blue_450nm calibrated data uzunluk uyumsuzluğu (timestamps: 1014, data: 254)
2026-02-26 00:16:41 - spektroskopi - WARNING - RealTimePanel: IR_850nm raw data uzunluk uyumsuzluğu (timestamps: 1014, data: 254)
2026-02-26 00:16:41 - spektroskopi - WARNING - RealTimePanel: IR_850nm calibrated data uzunluk uyumsuzluğu (timestamps: 1014, data: 254)
2026-02-26 00:16:41 - spektroskopi - WARNING - RealTimePanel: IR_940nm raw data uzunluk uyumsuzluğu (timestamps: 1014, data: 252)
2026-02-26 00:16:41 - spektroskopi - WARNING - RealTimePanel: IR_940nm calibrated data uzunluk uyumsuzluğu (timestamps: 1014, data: 252)
2026-02-26 00:16:42 - spektroskopi - WARNING - RealTimePanel: UV_360nm raw data uzunluk uyumsuzluğu (timestamps: 1014, data: 254)
2026-02-26 00:16:42 - spektroskopi - WARNING - RealTimePanel: UV_360nm calibrated data uzunluk uyumsuzluğu (timestamps: 1014, data: 254)
2026-02-26 00:16:42 - spektroskopi - WARNING - RealTimePanel: Blue_450nm raw data uzunluk uyumsuzluğu (timestamps: 1014, data: 254)
2026-02-26 00:16:42 - spektroskopi - WARNING - RealTimePanel: Blue_450nm calibrated data uzunluk uyumsuzluğu (timestamps: 1014, data: 254)
2026-02-26 00:16:42 - spektroskopi - WARNING - RealTimePanel: IR_850nm raw data uzunluk uyumsuzluğu (timestamps: 1014, data: 254)
2026-02-26 00:16:42 - spektroskopi - WARNING - RealTimePanel: IR_850nm calibrated data uzunluk uyumsuzluğu (timestamps: 1014, data: 254)
2026-02-26 00:16:42 - spektroskopi - WARNING - RealTimePanel: IR_940nm raw data uzunluk uyumsuzluğu (timestamps: 1014, data: 252)
2026-02-26 00:16:42 - spektroskopi - WARNING - RealTimePanel: IR_940nm calibrated data uzunluk uyumsuzluğu (timestamps: 1014, data: 252)
2026-02-26 00:16:43 - spektroskopi - WARNING - RealTimePanel: UV_360nm raw data uzunluk uyumsuzluğu (timestamps: 1014, data: 254)
2026-02-26 00:16:43 - spektroskopi - WARNING - RealTimePanel: UV_360nm calibrated data uzunluk uyumsuzluğu (timestamps: 1014, data: 254)
2026-02-26 00:16:43 - spektroskopi - WARNING - RealTimePanel: Blue_450nm raw data uzunluk uyumsuzluğu (timestamps: 1014, data: 254)
2026-02-26 00:16:43 - spektroskopi - WARNING - RealTimePanel: Blue_450nm calibrated data uzunluk uyumsuzluğu (timestamps: 1014, data: 254)
2026-02-26 00:16:43 - spektroskopi - WARNING - RealTimePanel: IR_850nm raw data uzunluk uyumsuzluğu (timestamps: 1014, data: 254)
2026-02-26 00:16:43 - spektroskopi - WARNING - RealTimePanel: IR_850nm calibrated data uzunluk uyumsuzluğu (timestamps: 1014, data: 254)
2026-02-26 00:16:43 - spektroskopi - WARNING - RealTimePanel: IR_940nm raw data uzunluk uyumsuzluğu (timestamps: 1014, data: 252)
2026-02-26 00:16:43 - spektroskopi - WARNING - RealTimePanel: IR_940nm calibrated data uzunluk uyumsuzluğu (timestamps: 1014, data: 252)
2026-02-26 00:16:44 - spektroskopi - WARNING - RealTimePanel: UV_360nm raw data uzunluk uyumsuzluğu (timestamps: 1014, data: 254)
2026-02-26 00:16:44 - spektroskopi - WARNING - RealTimePanel: UV_360nm calibrated data uzunluk uyumsuzluğu (timestamps: 1014, data: 254)
2026-02-26 00:16:44 - spektroskopi - WARNING - RealTimePanel: Blue_450nm raw data uzunluk uyumsuzluğu (timestamps: 1014, data: 254)
2026-02-26 00:16:44 - spektroskopi - WARNING - RealTimePanel: Blue_450nm calibrated data uzunluk uyumsuzluğu (timestamps: 1014, data: 254)
2026-02-26 00:16:44 - spektroskopi - WARNING - RealTimePanel: IR_850nm raw data uzunluk uyumsuzluğu (timestamps: 1014, data: 254)
2026-02-26 00:16:44 - spektroskopi - WARNING - RealTimePanel: IR_850nm calibrated data uzunluk uyumsuzluğu (timestamps: 1014, data: 254)
2026-02-26 00:16:44 - spektroskopi - WARNING - RealTimePanel: IR_940nm raw data uzunluk uyumsuzluğu (timestamps: 1014, data: 252)
2026-02-26 00:16:44 - spektroskopi - WARNING - RealTimePanel: IR_940nm calibrated data uzunluk uyumsuzluğu (timestamps: 1014, data: 252)
2026-02-26 00:16:45 - spektroskopi - WARNING - RealTimePanel: UV_360nm raw data uzunluk uyumsuzluğu (timestamps: 1014, data: 254)
2026-02-26 00:16:45 - spektroskopi - WARNING - RealTimePanel: UV_360nm calibrated data uzunluk uyumsuzluğu (timestamps: 1014, data: 254)
2026-02-26 00:16:45 - spektroskopi - WARNING - RealTimePanel: Blue_450nm raw data uzunluk uyumsuzluğu (timestamps: 1014, data: 254)
2026-02-26 00:16:45 - spektroskopi - WARNING - RealTimePanel: Blue_450nm calibrated data uzunluk uyumsuzluğu (timestamps: 1014, data: 254)
2026-02-26 00:16:45 - spektroskopi - WARNING - RealTimePanel: IR_850nm raw data uzunluk uyumsuzluğu (timestamps: 1014, data: 254)
2026-02-26 00:16:45 - spektroskopi - WARNING - RealTimePanel: IR_850nm calibrated data uzunluk uyumsuzluğu (timestamps: 1014, data: 254)
2026-02-26 00:16:45 - spektroskopi - WARNING - RealTimePanel: IR_940nm raw data uzunluk uyumsuzluğu (timestamps: 1014, data: 252)
2026-02-26 00:16:45 - spektroskopi - WARNING - RealTimePanel: IR_940nm calibrated data uzunluk uyumsuzluğu (timestamps: 1014, data: 252)
2026-02-26 00:16:46 - spektroskopi - WARNING - RealTimePanel: UV_360nm raw data uzunluk uyumsuzluğu (timestamps: 1014, data: 254)
2026-02-26 00:16:46 - spektroskopi - WARNING - RealTimePanel: UV_360nm calibrated data uzunluk uyumsuzluğu (timestamps: 1014, data: 254)
2026-02-26 00:16:46 - spektroskopi - WARNING - RealTimePanel: Blue_450nm raw data uzunluk uyumsuzluğu (timestamps: 1014, data: 254)
2026-02-26 00:16:46 - spektroskopi - WARNING - RealTimePanel: Blue_450nm calibrated data uzunluk uyumsuzluğu (timestamps: 1014, data: 254)
2026-02-26 00:16:46 - spektroskopi - WARNING - RealTimePanel: IR_850nm raw data uzunluk uyumsuzluğu (timestamps: 1014, data: 254)
2026-02-26 00:16:46 - spektroskopi - WARNING - RealTimePanel: IR_850nm calibrated data uzunluk uyumsuzluğu (timestamps: 1014, data: 254)
2026-02-26 00:16:46 - spektroskopi - WARNING - RealTimePanel: IR_940nm raw data uzunluk uyumsuzluğu (timestamps: 1014, data: 252)
2026-02-26 00:16:46 - spektroskopi - WARNING - RealTimePanel: IR_940nm calibrated data uzunluk uyumsuzluğu (timestamps: 1014, data: 252)
2026-02-26 00:16:47 - spektroskopi - WARNING - RealTimePanel: UV_360nm raw data uzunluk uyumsuzluğu (timestamps: 1014, data: 254)
2026-02-26 00:16:47 - spektroskopi - WARNING - RealTimePanel: UV_360nm calibrated data uzunluk uyumsuzluğu (timestamps: 1014, data: 254)
2026-02-26 00:16:47 - spektroskopi - WARNING - RealTimePanel: Blue_450nm raw data uzunluk uyumsuzluğu (timestamps: 1014, data: 254)
2026-02-26 00:16:47 - spektroskopi - WARNING - RealTimePanel: Blue_450nm calibrated data uzunluk uyumsuzluğu (timestamps: 1014, data: 254)
2026-02-26 00:16:47 - spektroskopi - WARNING - RealTimePanel: IR_850nm raw data uzunluk uyumsuzluğu (timestamps: 1014, data: 254)
2026-02-26 00:16:47 - spektroskopi - WARNING - RealTimePanel: IR_850nm calibrated data uzunluk uyumsuzluğu (timestamps: 1014, data: 254)
2026-02-26 00:16:47 - spektroskopi - WARNING - RealTimePanel: IR_940nm raw data uzunluk uyumsuzluğu (timestamps: 1014, data: 252)
2026-02-26 00:16:47 - spektroskopi - WARNING - RealTimePanel: IR_940nm calibrated data uzunluk uyumsuzluğu (timestamps: 1014, data: 252)
2026-02-26 00:16:48 - spektroskopi - WARNING - RealTimePanel: UV_360nm raw data uzunluk uyumsuzluğu (timestamps: 1014, data: 254)
2026-02-26 00:16:48 - spektroskopi - WARNING - RealTimePanel: UV_360nm calibrated data uzunluk uyumsuzluğu (timestamps: 1014, data: 254)
2026-02-26 00:16:48 - spektroskopi - WARNING - RealTimePanel: Blue_450nm raw data uzunluk uyumsuzluğu (timestamps: 1014, data: 254)
2026-02-26 00:16:48 - spektroskopi - WARNING - RealTimePanel: Blue_450nm calibrated data uzunluk uyumsuzluğu (timestamps: 1014, data: 254)
2026-02-26 00:16:48 - spektroskopi - WARNING - RealTimePanel: IR_850nm raw data uzunluk uyumsuzluğu (timestamps: 1014, data: 254)
2026-02-26 00:16:48 - spektroskopi - WARNING - RealTimePanel: IR_850nm calibrated data uzunluk uyumsuzluğu (timestamps: 1014, data: 254)
2026-02-26 00:16:48 - spektroskopi - WARNING - RealTimePanel: IR_940nm raw data uzunluk uyumsuzluğu (timestamps: 1014, data: 252)
2026-02-26 00:16:48 - spektroskopi - WARNING - RealTimePanel: IR_940nm calibrated data uzunluk uyumsuzluğu (timestamps: 1014, data: 252)
2026-02-26 00:16:49 - spektroskopi - WARNING - RealTimePanel: UV_360nm raw data uzunluk uyumsuzluğu (timestamps: 1014, data: 254)
2026-02-26 00:16:49 - spektroskopi - WARNING - RealTimePanel: UV_360nm calibrated data uzunluk uyumsuzluğu (timestamps: 1014, data: 254)
2026-02-26 00:16:49 - spektroskopi - WARNING - RealTimePanel: Blue_450nm raw data uzunluk uyumsuzluğu (timestamps: 1014, data: 254)
2026-02-26 00:16:49 - spektroskopi - WARNING - RealTimePanel: Blue_450nm calibrated data uzunluk uyumsuzluğu (timestamps: 1014, data: 254)
2026-02-26 00:16:49 - spektroskopi - WARNING - RealTimePanel: IR_850nm raw data uzunluk uyumsuzluğu (timestamps: 1014, data: 254)
2026-02-26 00:16:49 - spektroskopi - WARNING - RealTimePanel: IR_850nm calibrated data uzunluk uyumsuzluğu (timestamps: 1014, data: 254)
2026-02-26 00:16:49 - spektroskopi - WARNING - RealTimePanel: IR_940nm raw data uzunluk uyumsuzluğu (timestamps: 1014, data: 252)
2026-02-26 00:16:49 - spektroskopi - WARNING - RealTimePanel: IR_940nm calibrated data uzunluk uyumsuzluğu (timestamps: 1014, data: 252)
2026-02-26 00:16:50 - spektroskopi - WARNING - RealTimePanel: UV_360nm raw data uzunluk uyumsuzluğu (timestamps: 1014, data: 254)
2026-02-26 00:16:50 - spektroskopi - WARNING - RealTimePanel: UV_360nm calibrated data uzunluk uyumsuzluğu (timestamps: 1014, data: 254)
2026-02-26 00:16:50 - spektroskopi - WARNING - RealTimePanel: Blue_450nm raw data uzunluk uyumsuzluğu (timestamps: 1014, data: 254)
2026-02-26 00:16:50 - spektroskopi - WARNING - RealTimePanel: Blue_450nm calibrated data uzunluk uyumsuzluğu (timestamps: 1014, data: 254)
2026-02-26 00:16:50 - spektroskopi - WARNING - RealTimePanel: IR_850nm raw data uzunluk uyumsuzluğu (timestamps: 1014, data: 254)
2026-02-26 00:16:50 - spektroskopi - WARNING - RealTimePanel: IR_850nm calibrated data uzunluk uyumsuzluğu (timestamps: 1014, data: 254)
2026-02-26 00:16:50 - spektroskopi - WARNING - RealTimePanel: IR_940nm raw data uzunluk uyumsuzluğu (timestamps: 1014, data: 252)
2026-02-26 00:16:50 - spektroskopi - WARNING - RealTimePanel: IR_940nm calibrated data uzunluk uyumsuzluğu (timestamps: 1014, data: 252)
2026-02-26 00:16:51 - spektroskopi - WARNING - RealTimePanel: UV_360nm raw data uzunluk uyumsuzluğu (timestamps: 1014, data: 254)
2026-02-26 00:16:51 - spektroskopi - WARNING - RealTimePanel: UV_360nm calibrated data uzunluk uyumsuzluğu (timestamps: 1014, data: 254)
2026-02-26 00:16:51 - spektroskopi - WARNING - RealTimePanel: Blue_450nm raw data uzunluk uyumsuzluğu (timestamps: 1014, data: 254)
2026-02-26 00:16:51 - spektroskopi - WARNING - RealTimePanel: Blue_450nm calibrated data uzunluk uyumsuzluğu (timestamps: 1014, data: 254)
2026-02-26 00:16:51 - spektroskopi - WARNING - RealTimePanel: IR_850nm raw data uzunluk uyumsuzluğu (timestamps: 1014, data: 254)
2026-02-26 00:16:51 - spektroskopi - WARNING - RealTimePanel: IR_850nm calibrated data uzunluk uyumsuzluğu (timestamps: 1014, data: 254)
2026-02-26 00:16:51 - spektroskopi - WARNING - RealTimePanel: IR_940nm raw data uzunluk uyumsuzluğu (timestamps: 1014, data: 252)
2026-02-26 00:16:51 - spektroskopi - WARNING - RealTimePanel: IR_940nm calibrated data uzunluk uyumsuzluğu (timestamps: 1014, data: 252)
2026-02-26 00:16:52 - spektroskopi - WARNING - RealTimePanel: UV_360nm raw data uzunluk uyumsuzluğu (timestamps: 1014, data: 254)
2026-02-26 00:16:52 - spektroskopi - WARNING - RealTimePanel: UV_360nm calibrated data uzunluk uyumsuzluğu (timestamps: 1014, data: 254)
2026-02-26 00:16:52 - spektroskopi - WARNING - RealTimePanel: Blue_450nm raw data uzunluk uyumsuzluğu (timestamps: 1014, data: 254)
2026-02-26 00:16:52 - spektroskopi - WARNING - RealTimePanel: Blue_450nm calibrated data uzunluk uyumsuzluğu (timestamps: 1014, data: 254)
2026-02-26 00:16:52 - spektroskopi - WARNING - RealTimePanel: IR_850nm raw data uzunluk uyumsuzluğu (timestamps: 1014, data: 254)
2026-02-26 00:16:52 - spektroskopi - WARNING - RealTimePanel: IR_850nm calibrated data uzunluk uyumsuzluğu (timestamps: 1014, data: 254)
2026-02-26 00:16:52 - spektroskopi - WARNING - RealTimePanel: IR_940nm raw data uzunluk uyumsuzluğu (timestamps: 1014, data: 252)
2026-02-26 00:16:52 - spektroskopi - WARNING - RealTimePanel: IR_940nm calibrated data uzunluk uyumsuzluğu (timestamps: 1014, data: 252)
2026-02-26 00:16:53 - spektroskopi - WARNING - RealTimePanel: UV_360nm raw data uzunluk uyumsuzluğu (timestamps: 1014, data: 254)
2026-02-26 00:16:53 - spektroskopi - WARNING - RealTimePanel: UV_360nm calibrated data uzunluk uyumsuzluğu (timestamps: 1014, data: 254)
2026-02-26 00:16:53 - spektroskopi - WARNING - RealTimePanel: Blue_450nm raw data uzunluk uyumsuzluğu (timestamps: 1014, data: 254)
2026-02-26 00:16:53 - spektroskopi - WARNING - RealTimePanel: Blue_450nm calibrated data uzunluk uyumsuzluğu (timestamps: 1014, data: 254)
2026-02-26 00:16:53 - spektroskopi - WARNING - RealTimePanel: IR_850nm raw data uzunluk uyumsuzluğu (timestamps: 1014, data: 254)
2026-02-26 00:16:53 - spektroskopi - WARNING - RealTimePanel: IR_850nm calibrated data uzunluk uyumsuzluğu (timestamps: 1014, data: 254)
2026-02-26 00:16:53 - spektroskopi - WARNING - RealTimePanel: IR_940nm raw data uzunluk uyumsuzluğu (timestamps: 1014, data: 252)
2026-02-26 00:16:53 - spektroskopi - WARNING - RealTimePanel: IR_940nm calibrated data uzunluk uyumsuzluğu (timestamps: 1014, data: 252)
2026-02-26 00:16:54 - spektroskopi - WARNING - RealTimePanel: UV_360nm raw data uzunluk uyumsuzluğu (timestamps: 1014, data: 254)
2026-02-26 00:16:54 - spektroskopi - WARNING - RealTimePanel: UV_360nm calibrated data uzunluk uyumsuzluğu (timestamps: 1014, data: 254)
2026-02-26 00:16:54 - spektroskopi - WARNING - RealTimePanel: Blue_450nm raw data uzunluk uyumsuzluğu (timestamps: 1014, data: 254)
2026-02-26 00:16:54 - spektroskopi - WARNING - RealTimePanel: Blue_450nm calibrated data uzunluk uyumsuzluğu (timestamps: 1014, data: 254)
2026-02-26 00:16:54 - spektroskopi - WARNING - RealTimePanel: IR_850nm raw data uzunluk uyumsuzluğu (timestamps: 1014, data: 254)
2026-02-26 00:16:54 - spektroskopi - WARNING - RealTimePanel: IR_850nm calibrated data uzunluk uyumsuzluğu (timestamps: 1014, data: 254)
2026-02-26 00:16:54 - spektroskopi - WARNING - RealTimePanel: IR_940nm raw data uzunluk uyumsuzluğu (timestamps: 1014, data: 252)
2026-02-26 00:16:54 - spektroskopi - WARNING - RealTimePanel: IR_940nm calibrated data uzunluk uyumsuzluğu (timestamps: 1014, data: 252)
2026-02-26 00:16:55 - spektroskopi - WARNING - RealTimePanel: UV_360nm raw data uzunluk uyumsuzluğu (timestamps: 1014, data: 254)
2026-02-26 00:16:55 - spektroskopi - WARNING - RealTimePanel: UV_360nm calibrated data uzunluk uyumsuzluğu (timestamps: 1014, data: 254)
2026-02-26 00:16:55 - spektroskopi - WARNING - RealTimePanel: Blue_450nm raw data uzunluk uyumsuzluğu (timestamps: 1014, data: 254)
2026-02-26 00:16:55 - spektroskopi - WARNING - RealTimePanel: Blue_450nm calibrated data uzunluk uyumsuzluğu (timestamps: 1014, data: 254)
2026-02-26 00:16:55 - spektroskopi - WARNING - RealTimePanel: IR_850nm raw data uzunluk uyumsuzluğu (timestamps: 1014, data: 254)
2026-02-26 00:16:55 - spektroskopi - WARNING - RealTimePanel: IR_850nm calibrated data uzunluk uyumsuzluğu (timestamps: 1014, data: 254)
2026-02-26 00:16:55 - spektroskopi - WARNING - RealTimePanel: IR_940nm raw data uzunluk uyumsuzluğu (timestamps: 1014, data: 252)
2026-02-26 00:16:55 - spektroskopi - WARNING - RealTimePanel: IR_940nm calibrated data uzunluk uyumsuzluğu (timestamps: 1014, data: 252)
2026-02-26 00:16:56 - spektroskopi - WARNING - RealTimePanel: UV_360nm raw data uzunluk uyumsuzluğu (timestamps: 1014, data: 254)
2026-02-26 00:16:56 - spektroskopi - WARNING - RealTimePanel: UV_360nm calibrated data uzunluk uyumsuzluğu (timestamps: 1014, data: 254)
2026-02-26 00:16:56 - spektroskopi - WARNING - RealTimePanel: Blue_450nm raw data uzunluk uyumsuzluğu (timestamps: 1014, data: 254)
2026-02-26 00:16:56 - spektroskopi - WARNING - RealTimePanel: Blue_450nm calibrated data uzunluk uyumsuzluğu (timestamps: 1014, data: 254)
2026-02-26 00:16:56 - spektroskopi - WARNING - RealTimePanel: IR_850nm raw data uzunluk uyumsuzluğu (timestamps: 1014, data: 254)
2026-02-26 00:16:56 - spektroskopi - WARNING - RealTimePanel: IR_850nm calibrated data uzunluk uyumsuzluğu (timestamps: 1014, data: 254)
2026-02-26 00:16:56 - spektroskopi - WARNING - RealTimePanel: IR_940nm raw data uzunluk uyumsuzluğu (timestamps: 1014, data: 252)
2026-02-26 00:16:56 - spektroskopi - WARNING - RealTimePanel: IR_940nm calibrated data uzunluk uyumsuzluğu (timestamps: 1014, data: 252)
2026-02-26 00:16:57 - spektroskopi - WARNING - RealTimePanel: UV_360nm raw data uzunluk uyumsuzluğu (timestamps: 1014, data: 254)
2026-02-26 00:16:57 - spektroskopi - WARNING - RealTimePanel: UV_360nm calibrated data uzunluk uyumsuzluğu (timestamps: 1014, data: 254)
2026-02-26 00:16:57 - spektroskopi - WARNING - RealTimePanel: Blue_450nm raw data uzunluk uyumsuzluğu (timestamps: 1014, data: 254)
2026-02-26 00:16:57 - spektroskopi - WARNING - RealTimePanel: Blue_450nm calibrated data uzunluk uyumsuzluğu (timestamps: 1014, data: 254)
2026-02-26 00:16:57 - spektroskopi - WARNING - RealTimePanel: IR_850nm raw data uzunluk uyumsuzluğu (timestamps: 1014, data: 254)
2026-02-26 00:16:57 - spektroskopi - WARNING - RealTimePanel: IR_850nm calibrated data uzunluk uyumsuzluğu (timestamps: 1014, data: 254)
2026-02-26 00:16:57 - spektroskopi - WARNING - RealTimePanel: IR_940nm raw data uzunluk uyumsuzluğu (timestamps: 1014, data: 252)
2026-02-26 00:16:57 - spektroskopi - WARNING - RealTimePanel: IR_940nm calibrated data uzunluk uyumsuzluğu (timestamps: 1014, data: 252)
2026-02-26 00:16:58 - spektroskopi - WARNING - RealTimePanel: UV_360nm raw data uzunluk uyumsuzluğu (timestamps: 1014, data: 254)
2026-02-26 00:16:58 - spektroskopi - WARNING - RealTimePanel: UV_360nm calibrated data uzunluk uyumsuzluğu (timestamps: 1014, data: 254)
2026-02-26 00:16:58 - spektroskopi - WARNING - RealTimePanel: Blue_450nm raw data uzunluk uyumsuzluğu (timestamps: 1014, data: 254)
2026-02-26 00:16:58 - spektroskopi - WARNING - RealTimePanel: Blue_450nm calibrated data uzunluk uyumsuzluğu (timestamps: 1014, data: 254)
2026-02-26 00:16:58 - spektroskopi - WARNING - RealTimePanel: IR_850nm raw data uzunluk uyumsuzluğu (timestamps: 1014, data: 254)
2026-02-26 00:16:58 - spektroskopi - WARNING - RealTimePanel: IR_850nm calibrated data uzunluk uyumsuzluğu (timestamps: 1014, data: 254)
2026-02-26 00:16:58 - spektroskopi - WARNING - RealTimePanel: IR_940nm raw data uzunluk uyumsuzluğu (timestamps: 1014, data: 252)
2026-02-26 00:16:58 - spektroskopi - WARNING - RealTimePanel: IR_940nm calibrated data uzunluk uyumsuzluğu (timestamps: 1014, data: 252)
2026-02-26 00:16:59 - spektroskopi - WARNING - RealTimePanel: UV_360nm raw data uzunluk uyumsuzluğu (timestamps: 1014, data: 254)
2026-02-26 00:16:59 - spektroskopi - WARNING - RealTimePanel: UV_360nm calibrated data uzunluk uyumsuzluğu (timestamps: 1014, data: 254)
2026-02-26 00:16:59 - spektroskopi - WARNING - RealTimePanel: Blue_450nm raw data uzunluk uyumsuzluğu (timestamps: 1014, data: 254)
2026-02-26 00:16:59 - spektroskopi - WARNING - RealTimePanel: Blue_450nm calibrated data uzunluk uyumsuzluğu (timestamps: 1014, data: 254)
2026-02-26 00:16:59 - spektroskopi - WARNING - RealTimePanel: IR_850nm raw data uzunluk uyumsuzluğu (timestamps: 1014, data: 254)
2026-02-26 00:16:59 - spektroskopi - WARNING - RealTimePanel: IR_850nm calibrated data uzunluk uyumsuzluğu (timestamps: 1014, data: 254)
2026-02-26 00:16:59 - spektroskopi - WARNING - RealTimePanel: IR_940nm raw data uzunluk uyumsuzluğu (timestamps: 1014, data: 252)
2026-02-26 00:16:59 - spektroskopi - WARNING - RealTimePanel: IR_940nm calibrated data uzunluk uyumsuzluğu (timestamps: 1014, data: 252)
2026-02-26 00:17:00 - spektroskopi - WARNING - RealTimePanel: UV_360nm raw data uzunluk uyumsuzluğu (timestamps: 1014, data: 254)
2026-02-26 00:17:00 - spektroskopi - WARNING - RealTimePanel: UV_360nm calibrated data uzunluk uyumsuzluğu (timestamps: 1014, data: 254)
2026-02-26 00:17:00 - spektroskopi - WARNING - RealTimePanel: Blue_450nm raw data uzunluk uyumsuzluğu (timestamps: 1014, data: 254)
2026-02-26 00:17:00 - spektroskopi - WARNING - RealTimePanel: Blue_450nm calibrated data uzunluk uyumsuzluğu (timestamps: 1014, data: 254)
2026-02-26 00:17:00 - spektroskopi - WARNING - RealTimePanel: IR_850nm raw data uzunluk uyumsuzluğu (timestamps: 1014, data: 254)
2026-02-26 00:17:00 - spektroskopi - WARNING - RealTimePanel: IR_850nm calibrated data uzunluk uyumsuzluğu (timestamps: 1014, data: 254)
2026-02-26 00:17:00 - spektroskopi - WARNING - RealTimePanel: IR_940nm raw data uzunluk uyumsuzluğu (timestamps: 1014, data: 252)
2026-02-26 00:17:00 - spektroskopi - WARNING - RealTimePanel: IR_940nm calibrated data uzunluk uyumsuzluğu (timestamps: 1014, data: 252)
2026-02-26 00:17:01 - spektroskopi - WARNING - RealTimePanel: UV_360nm raw data uzunluk uyumsuzluğu (timestamps: 1014, data: 254)
2026-02-26 00:17:01 - spektroskopi - WARNING - RealTimePanel: UV_360nm calibrated data uzunluk uyumsuzluğu (timestamps: 1014, data: 254)
2026-02-26 00:17:01 - spektroskopi - WARNING - RealTimePanel: Blue_450nm raw data uzunluk uyumsuzluğu (timestamps: 1014, data: 254)
2026-02-26 00:17:01 - spektroskopi - WARNING - RealTimePanel: Blue_450nm calibrated data uzunluk uyumsuzluğu (timestamps: 1014, data: 254)
2026-02-26 00:17:01 - spektroskopi - WARNING - RealTimePanel: IR_850nm raw data uzunluk uyumsuzluğu (timestamps: 1014, data: 254)
2026-02-26 00:17:01 - spektroskopi - WARNING - RealTimePanel: IR_850nm calibrated data uzunluk uyumsuzluğu (timestamps: 1014, data: 254)
2026-02-26 00:17:01 - spektroskopi - WARNING - RealTimePanel: IR_940nm raw data uzunluk uyumsuzluğu (timestamps: 1014, data: 252)
2026-02-26 00:17:01 - spektroskopi - WARNING - RealTimePanel: IR_940nm calibrated data uzunluk uyumsuzluğu (timestamps: 1014, data: 252)
2026-02-26 00:17:02 - spektroskopi - WARNING - RealTimePanel: UV_360nm raw data uzunluk uyumsuzluğu (timestamps: 1014, data: 254)
2026-02-26 00:17:02 - spektroskopi - WARNING - RealTimePanel: UV_360nm calibrated data uzunluk uyumsuzluğu (timestamps: 1014, data: 254)
2026-02-26 00:17:02 - spektroskopi - WARNING - RealTimePanel: Blue_450nm raw data uzunluk uyumsuzluğu (timestamps: 1014, data: 254)
2026-02-26 00:17:02 - spektroskopi - WARNING - RealTimePanel: Blue_450nm calibrated data uzunluk uyumsuzluğu (timestamps: 1014, data: 254)
2026-02-26 00:17:02 - spektroskopi - WARNING - RealTimePanel: IR_850nm raw data uzunluk uyumsuzluğu (timestamps: 1014, data: 254)
2026-02-26 00:17:02 - spektroskopi - WARNING - RealTimePanel: IR_850nm calibrated data uzunluk uyumsuzluğu (timestamps: 1014, data: 254)
2026-02-26 00:17:02 - spektroskopi - WARNING - RealTimePanel: IR_940nm raw data uzunluk uyumsuzluğu (timestamps: 1014, data: 252)
2026-02-26 00:17:02 - spektroskopi - WARNING - RealTimePanel: IR_940nm calibrated data uzunluk uyumsuzluğu (timestamps: 1014, data: 252)
2026-02-26 00:17:03 - spektroskopi - WARNING - RealTimePanel: UV_360nm raw data uzunluk uyumsuzluğu (timestamps: 1014, data: 254)
2026-02-26 00:17:03 - spektroskopi - WARNING - RealTimePanel: UV_360nm calibrated data uzunluk uyumsuzluğu (timestamps: 1014, data: 254)
2026-02-26 00:17:03 - spektroskopi - WARNING - RealTimePanel: Blue_450nm raw data uzunluk uyumsuzluğu (timestamps: 1014, data: 254)
2026-02-26 00:17:03 - spektroskopi - WARNING - RealTimePanel: Blue_450nm calibrated data uzunluk uyumsuzluğu (timestamps: 1014, data: 254)
2026-02-26 00:17:03 - spektroskopi - WARNING - RealTimePanel: IR_850nm raw data uzunluk uyumsuzluğu (timestamps: 1014, data: 254)
2026-02-26 00:17:03 - spektroskopi - WARNING - RealTimePanel: IR_850nm calibrated data uzunluk uyumsuzluğu (timestamps: 1014, data: 254)
2026-02-26 00:17:03 - spektroskopi - WARNING - RealTimePanel: IR_940nm raw data uzunluk uyumsuzluğu (timestamps: 1014, data: 252)
2026-02-26 00:17:03 - spektroskopi - WARNING - RealTimePanel: IR_940nm calibrated data uzunluk uyumsuzluğu (timestamps: 1014, data: 252)
2026-02-26 00:17:04 - spektroskopi - WARNING - RealTimePanel: UV_360nm raw data uzunluk uyumsuzluğu (timestamps: 1014, data: 254)
2026-02-26 00:17:04 - spektroskopi - WARNING - RealTimePanel: UV_360nm calibrated data uzunluk uyumsuzluğu (timestamps: 1014, data: 254)
2026-02-26 00:17:04 - spektroskopi - WARNING - RealTimePanel: Blue_450nm raw data uzunluk uyumsuzluğu (timestamps: 1014, data: 254)
2026-02-26 00:17:04 - spektroskopi - WARNING - RealTimePanel: Blue_450nm calibrated data uzunluk uyumsuzluğu (timestamps: 1014, data: 254)
2026-02-26 00:17:04 - spektroskopi - WARNING - RealTimePanel: IR_850nm raw data uzunluk uyumsuzluğu (timestamps: 1014, data: 254)
2026-02-26 00:17:04 - spektroskopi - WARNING - RealTimePanel: IR_850nm calibrated data uzunluk uyumsuzluğu (timestamps: 1014, data: 254)
2026-02-26 00:17:04 - spektroskopi - WARNING - RealTimePanel: IR_940nm raw data uzunluk uyumsuzluğu (timestamps: 1014, data: 252)
2026-02-26 00:17:04 - spektroskopi - WARNING - RealTimePanel: IR_940nm calibrated data uzunluk uyumsuzluğu (timestamps: 1014, data: 252)
2026-02-26 00:17:05 - spektroskopi - WARNING - RealTimePanel: UV_360nm raw data uzunluk uyumsuzluğu (timestamps: 1014, data: 254)
2026-02-26 00:17:05 - spektroskopi - WARNING - RealTimePanel: UV_360nm calibrated data uzunluk uyumsuzluğu (timestamps: 1014, data: 254)
2026-02-26 00:17:05 - spektroskopi - WARNING - RealTimePanel: Blue_450nm raw data uzunluk uyumsuzluğu (timestamps: 1014, data: 254)
2026-02-26 00:17:05 - spektroskopi - WARNING - RealTimePanel: Blue_450nm calibrated data uzunluk uyumsuzluğu (timestamps: 1014, data: 254)
2026-02-26 00:17:05 - spektroskopi - WARNING - RealTimePanel: IR_850nm raw data uzunluk uyumsuzluğu (timestamps: 1014, data: 254)
2026-02-26 00:17:05 - spektroskopi - WARNING - RealTimePanel: IR_850nm calibrated data uzunluk uyumsuzluğu (timestamps: 1014, data: 254)
2026-02-26 00:17:05 - spektroskopi - WARNING - RealTimePanel: IR_940nm raw data uzunluk uyumsuzluğu (timestamps: 1014, data: 252)
2026-02-26 00:17:05 - spektroskopi - WARNING - RealTimePanel: IR_940nm calibrated data uzunluk uyumsuzluğu (timestamps: 1014, data: 252)
2026-02-26 00:17:06 - spektroskopi - WARNING - RealTimePanel: UV_360nm raw data uzunluk uyumsuzluğu (timestamps: 1014, data: 254)
2026-02-26 00:17:06 - spektroskopi - WARNING - RealTimePanel: UV_360nm calibrated data uzunluk uyumsuzluğu (timestamps: 1014, data: 254)
2026-02-26 00:17:06 - spektroskopi - WARNING - RealTimePanel: Blue_450nm raw data uzunluk uyumsuzluğu (timestamps: 1014, data: 254)
2026-02-26 00:17:06 - spektroskopi - WARNING - RealTimePanel: Blue_450nm calibrated data uzunluk uyumsuzluğu (timestamps: 1014, data: 254)
2026-02-26 00:17:06 - spektroskopi - WARNING - RealTimePanel: IR_850nm raw data uzunluk uyumsuzluğu (timestamps: 1014, data: 254)
2026-02-26 00:17:06 - spektroskopi - WARNING - RealTimePanel: IR_850nm calibrated data uzunluk uyumsuzluğu (timestamps: 1014, data: 254)
2026-02-26 00:17:06 - spektroskopi - WARNING - RealTimePanel: IR_940nm raw data uzunluk uyumsuzluğu (timestamps: 1014, data: 252)
2026-02-26 00:17:06 - spektroskopi - WARNING - RealTimePanel: IR_940nm calibrated data uzunluk uyumsuzluğu (timestamps: 1014, data: 252)
2026-02-26 00:17:07 - spektroskopi - WARNING - RealTimePanel: UV_360nm raw data uzunluk uyumsuzluğu (timestamps: 1014, data: 254)
2026-02-26 00:17:07 - spektroskopi - WARNING - RealTimePanel: UV_360nm calibrated data uzunluk uyumsuzluğu (timestamps: 1014, data: 254)
2026-02-26 00:17:07 - spektroskopi - WARNING - RealTimePanel: Blue_450nm raw data uzunluk uyumsuzluğu (timestamps: 1014, data: 254)
2026-02-26 00:17:07 - spektroskopi - WARNING - RealTimePanel: Blue_450nm calibrated data uzunluk uyumsuzluğu (timestamps: 1014, data: 254)
2026-02-26 00:17:07 - spektroskopi - WARNING - RealTimePanel: IR_850nm raw data uzunluk uyumsuzluğu (timestamps: 1014, data: 254)
2026-02-26 00:17:07 - spektroskopi - WARNING - RealTimePanel: IR_850nm calibrated data uzunluk uyumsuzluğu (timestamps: 1014, data: 254)
2026-02-26 00:17:07 - spektroskopi - WARNING - RealTimePanel: IR_940nm raw data uzunluk uyumsuzluğu (timestamps: 1014, data: 252)
2026-02-26 00:17:07 - spektroskopi - WARNING - RealTimePanel: IR_940nm calibrated data uzunluk uyumsuzluğu (timestamps: 1014, data: 252)
2026-02-26 00:17:08 - spektroskopi - WARNING - RealTimePanel: UV_360nm raw data uzunluk uyumsuzluğu (timestamps: 1014, data: 254)
2026-02-26 00:17:08 - spektroskopi - WARNING - RealTimePanel: UV_360nm calibrated data uzunluk uyumsuzluğu (timestamps: 1014, data: 254)
2026-02-26 00:17:08 - spektroskopi - WARNING - RealTimePanel: Blue_450nm raw data uzunluk uyumsuzluğu (timestamps: 1014, data: 254)
2026-02-26 00:17:08 - spektroskopi - WARNING - RealTimePanel: Blue_450nm calibrated data uzunluk uyumsuzluğu (timestamps: 1014, data: 254)
2026-02-26 00:17:08 - spektroskopi - WARNING - RealTimePanel: IR_850nm raw data uzunluk uyumsuzluğu (timestamps: 1014, data: 254)
2026-02-26 00:17:08 - spektroskopi - WARNING - RealTimePanel: IR_850nm calibrated data uzunluk uyumsuzluğu (timestamps: 1014, data: 254)
2026-02-26 00:17:08 - spektroskopi - WARNING - RealTimePanel: IR_940nm raw data uzunluk uyumsuzluğu (timestamps: 1014, data: 252)
2026-02-26 00:17:08 - spektroskopi - WARNING - RealTimePanel: IR_940nm calibrated data uzunluk uyumsuzluğu (timestamps: 1014, data: 252)
2026-02-26 00:17:09 - spektroskopi - WARNING - RealTimePanel: UV_360nm raw data uzunluk uyumsuzluğu (timestamps: 1014, data: 254)
2026-02-26 00:17:09 - spektroskopi - WARNING - RealTimePanel: UV_360nm calibrated data uzunluk uyumsuzluğu (timestamps: 1014, data: 254)
2026-02-26 00:17:09 - spektroskopi - WARNING - RealTimePanel: Blue_450nm raw data uzunluk uyumsuzluğu (timestamps: 1014, data: 254)
2026-02-26 00:17:09 - spektroskopi - WARNING - RealTimePanel: Blue_450nm calibrated data uzunluk uyumsuzluğu (timestamps: 1014, data: 254)
2026-02-26 00:17:09 - spektroskopi - WARNING - RealTimePanel: IR_850nm raw data uzunluk uyumsuzluğu (timestamps: 1014, data: 254)
2026-02-26 00:17:09 - spektroskopi - WARNING - RealTimePanel: IR_850nm calibrated data uzunluk uyumsuzluğu (timestamps: 1014, data: 254)
2026-02-26 00:17:09 - spektroskopi - WARNING - RealTimePanel: IR_940nm raw data uzunluk uyumsuzluğu (timestamps: 1014, data: 252)
2026-02-26 00:17:09 - spektroskopi - WARNING - RealTimePanel: IR_940nm calibrated data uzunluk uyumsuzluğu (timestamps: 1014, data: 252)
2026-02-26 00:17:10 - spektroskopi - WARNING - RealTimePanel: UV_360nm raw data uzunluk uyumsuzluğu (timestamps: 1014, data: 254)
2026-02-26 00:17:10 - spektroskopi - WARNING - RealTimePanel: UV_360nm calibrated data uzunluk uyumsuzluğu (timestamps: 1014, data: 254)
2026-02-26 00:17:10 - spektroskopi - WARNING - RealTimePanel: Blue_450nm raw data uzunluk uyumsuzluğu (timestamps: 1014, data: 254)
2026-02-26 00:17:10 - spektroskopi - WARNING - RealTimePanel: Blue_450nm calibrated data uzunluk uyumsuzluğu (timestamps: 1014, data: 254)
2026-02-26 00:17:10 - spektroskopi - WARNING - RealTimePanel: IR_850nm raw data uzunluk uyumsuzluğu (timestamps: 1014, data: 254)
2026-02-26 00:17:10 - spektroskopi - WARNING - RealTimePanel: IR_850nm calibrated data uzunluk uyumsuzluğu (timestamps: 1014, data: 254)
2026-02-26 00:17:10 - spektroskopi - WARNING - RealTimePanel: IR_940nm raw data uzunluk uyumsuzluğu (timestamps: 1014, data: 252)
2026-02-26 00:17:10 - spektroskopi - WARNING - RealTimePanel: IR_940nm calibrated data uzunluk uyumsuzluğu (timestamps: 1014, data: 252)
2026-02-26 00:17:11 - spektroskopi - WARNING - RealTimePanel: UV_360nm raw data uzunluk uyumsuzluğu (timestamps: 1014, data: 254)
2026-02-26 00:17:11 - spektroskopi - WARNING - RealTimePanel: UV_360nm calibrated data uzunluk uyumsuzluğu (timestamps: 1014, data: 254)
2026-02-26 00:17:11 - spektroskopi - WARNING - RealTimePanel: Blue_450nm raw data uzunluk uyumsuzluğu (timestamps: 1014, data: 254)
2026-02-26 00:17:11 - spektroskopi - WARNING - RealTimePanel: Blue_450nm calibrated data uzunluk uyumsuzluğu (timestamps: 1014, data: 254)
2026-02-26 00:17:11 - spektroskopi - WARNING - RealTimePanel: IR_850nm raw data uzunluk uyumsuzluğu (timestamps: 1014, data: 254)
2026-02-26 00:17:11 - spektroskopi - WARNING - RealTimePanel: IR_850nm calibrated data uzunluk uyumsuzluğu (timestamps: 1014, data: 254)
2026-02-26 00:17:11 - spektroskopi - WARNING - RealTimePanel: IR_940nm raw data uzunluk uyumsuzluğu (timestamps: 1014, data: 252)
2026-02-26 00:17:11 - spektroskopi - WARNING - RealTimePanel: IR_940nm calibrated data uzunluk uyumsuzluğu (timestamps: 1014, data: 252)
2026-02-26 00:17:12 - spektroskopi - WARNING - RealTimePanel: UV_360nm raw data uzunluk uyumsuzluğu (timestamps: 1014, data: 254)
2026-02-26 00:17:12 - spektroskopi - WARNING - RealTimePanel: UV_360nm calibrated data uzunluk uyumsuzluğu (timestamps: 1014, data: 254)
2026-02-26 00:17:12 - spektroskopi - WARNING - RealTimePanel: Blue_450nm raw data uzunluk uyumsuzluğu (timestamps: 1014, data: 254)
2026-02-26 00:17:12 - spektroskopi - WARNING - RealTimePanel: Blue_450nm calibrated data uzunluk uyumsuzluğu (timestamps: 1014, data: 254)
2026-02-26 00:17:12 - spektroskopi - WARNING - RealTimePanel: IR_850nm raw data uzunluk uyumsuzluğu (timestamps: 1014, data: 254)
2026-02-26 00:17:12 - spektroskopi - WARNING - RealTimePanel: IR_850nm calibrated data uzunluk uyumsuzluğu (timestamps: 1014, data: 254)
2026-02-26 00:17:12 - spektroskopi - WARNING - RealTimePanel: IR_940nm raw data uzunluk uyumsuzluğu (timestamps: 1014, data: 252)
2026-02-26 00:17:12 - spektroskopi - WARNING - RealTimePanel: IR_940nm calibrated data uzunluk uyumsuzluğu (timestamps: 1014, data: 252)
2026-02-26 00:17:13 - spektroskopi - WARNING - RealTimePanel: UV_360nm raw data uzunluk uyumsuzluğu (timestamps: 1014, data: 254)
2026-02-26 00:17:13 - spektroskopi - WARNING - RealTimePanel: UV_360nm calibrated data uzunluk uyumsuzluğu (timestamps: 1014, data: 254)
2026-02-26 00:17:13 - spektroskopi - WARNING - RealTimePanel: Blue_450nm raw data uzunluk uyumsuzluğu (timestamps: 1014, data: 254)
2026-02-26 00:17:13 - spektroskopi - WARNING - RealTimePanel: Blue_450nm calibrated data uzunluk uyumsuzluğu (timestamps: 1014, data: 254)
2026-02-26 00:17:13 - spektroskopi - WARNING - RealTimePanel: IR_850nm raw data uzunluk uyumsuzluğu (timestamps: 1014, data: 254)
2026-02-26 00:17:13 - spektroskopi - WARNING - RealTimePanel: IR_850nm calibrated data uzunluk uyumsuzluğu (timestamps: 1014, data: 254)
2026-02-26 00:17:13 - spektroskopi - WARNING - RealTimePanel: IR_940nm raw data uzunluk uyumsuzluğu (timestamps: 1014, data: 252)
2026-02-26 00:17:13 - spektroskopi - WARNING - RealTimePanel: IR_940nm calibrated data uzunluk uyumsuzluğu (timestamps: 1014, data: 252)
2026-02-26 00:17:14 - spektroskopi - WARNING - RealTimePanel: UV_360nm raw data uzunluk uyumsuzluğu (timestamps: 1014, data: 254)
2026-02-26 00:17:14 - spektroskopi - WARNING - RealTimePanel: UV_360nm calibrated data uzunluk uyumsuzluğu (timestamps: 1014, data: 254)
2026-02-26 00:17:14 - spektroskopi - WARNING - RealTimePanel: Blue_450nm raw data uzunluk uyumsuzluğu (timestamps: 1014, data: 254)
2026-02-26 00:17:14 - spektroskopi - WARNING - RealTimePanel: Blue_450nm calibrated data uzunluk uyumsuzluğu (timestamps: 1014, data: 254)
2026-02-26 00:17:14 - spektroskopi - WARNING - RealTimePanel: IR_850nm raw data uzunluk uyumsuzluğu (timestamps: 1014, data: 254)
2026-02-26 00:17:14 - spektroskopi - WARNING - RealTimePanel: IR_850nm calibrated data uzunluk uyumsuzluğu (timestamps: 1014, data: 254)
2026-02-26 00:17:14 - spektroskopi - WARNING - RealTimePanel: IR_940nm raw data uzunluk uyumsuzluğu (timestamps: 1014, data: 252)
2026-02-26 00:17:14 - spektroskopi - WARNING - RealTimePanel: IR_940nm calibrated data uzunluk uyumsuzluğu (timestamps: 1014, data: 252)
2026-02-26 00:17:15 - spektroskopi - WARNING - RealTimePanel: UV_360nm raw data uzunluk uyumsuzluğu (timestamps: 1014, data: 254)
2026-02-26 00:17:15 - spektroskopi - WARNING - RealTimePanel: UV_360nm calibrated data uzunluk uyumsuzluğu (timestamps: 1014, data: 254)
2026-02-26 00:17:15 - spektroskopi - WARNING - RealTimePanel: Blue_450nm raw data uzunluk uyumsuzluğu (timestamps: 1014, data: 254)
2026-02-26 00:17:15 - spektroskopi - WARNING - RealTimePanel: Blue_450nm calibrated data uzunluk uyumsuzluğu (timestamps: 1014, data: 254)
2026-02-26 00:17:15 - spektroskopi - WARNING - RealTimePanel: IR_850nm raw data uzunluk uyumsuzluğu (timestamps: 1014, data: 254)
2026-02-26 00:17:15 - spektroskopi - WARNING - RealTimePanel: IR_850nm calibrated data uzunluk uyumsuzluğu (timestamps: 1014, data: 254)
2026-02-26 00:17:15 - spektroskopi - WARNING - RealTimePanel: IR_940nm raw data uzunluk uyumsuzluğu (timestamps: 1014, data: 252)
2026-02-26 00:17:15 - spektroskopi - WARNING - RealTimePanel: IR_940nm calibrated data uzunluk uyumsuzluğu (timestamps: 1014, data: 252)
2026-02-26 00:17:16 - spektroskopi - WARNING - RealTimePanel: UV_360nm raw data uzunluk uyumsuzluğu (timestamps: 1014, data: 254)
2026-02-26 00:17:16 - spektroskopi - WARNING - RealTimePanel: UV_360nm calibrated data uzunluk uyumsuzluğu (timestamps: 1014, data: 254)
2026-02-26 00:17:16 - spektroskopi - WARNING - RealTimePanel: Blue_450nm raw data uzunluk uyumsuzluğu (timestamps: 1014, data: 254)
2026-02-26 00:17:16 - spektroskopi - WARNING - RealTimePanel: Blue_450nm calibrated data uzunluk uyumsuzluğu (timestamps: 1014, data: 254)
2026-02-26 00:17:16 - spektroskopi - WARNING - RealTimePanel: IR_850nm raw data uzunluk uyumsuzluğu (timestamps: 1014, data: 254)
2026-02-26 00:17:16 - spektroskopi - WARNING - RealTimePanel: IR_850nm calibrated data uzunluk uyumsuzluğu (timestamps: 1014, data: 254)
2026-02-26 00:17:16 - spektroskopi - WARNING - RealTimePanel: IR_940nm raw data uzunluk uyumsuzluğu (timestamps: 1014, data: 252)
2026-02-26 00:17:16 - spektroskopi - WARNING - RealTimePanel: IR_940nm calibrated data uzunluk uyumsuzluğu (timestamps: 1014, data: 252)
2026-02-26 00:17:17 - spektroskopi - WARNING - RealTimePanel: UV_360nm raw data uzunluk uyumsuzluğu (timestamps: 1014, data: 254)
2026-02-26 00:17:17 - spektroskopi - WARNING - RealTimePanel: UV_360nm calibrated data uzunluk uyumsuzluğu (timestamps: 1014, data: 254)
2026-02-26 00:17:17 - spektroskopi - WARNING - RealTimePanel: Blue_450nm raw data uzunluk uyumsuzluğu (timestamps: 1014, data: 254)
2026-02-26 00:17:17 - spektroskopi - WARNING - RealTimePanel: Blue_450nm calibrated data uzunluk uyumsuzluğu (timestamps: 1014, data: 254)
2026-02-26 00:17:17 - spektroskopi - WARNING - RealTimePanel: IR_850nm raw data uzunluk uyumsuzluğu (timestamps: 1014, data: 254)
2026-02-26 00:17:17 - spektroskopi - WARNING - RealTimePanel: IR_850nm calibrated data uzunluk uyumsuzluğu (timestamps: 1014, data: 254)
2026-02-26 00:17:17 - spektroskopi - WARNING - RealTimePanel: IR_940nm raw data uzunluk uyumsuzluğu (timestamps: 1014, data: 252)
2026-02-26 00:17:17 - spektroskopi - WARNING - RealTimePanel: IR_940nm calibrated data uzunluk uyumsuzluğu (timestamps: 1014, data: 252)
2026-02-26 00:17:18 - spektroskopi - WARNING - RealTimePanel: UV_360nm raw data uzunluk uyumsuzluğu (timestamps: 1014, data: 254)
2026-02-26 00:17:18 - spektroskopi - WARNING - RealTimePanel: UV_360nm calibrated data uzunluk uyumsuzluğu (timestamps: 1014, data: 254)
2026-02-26 00:17:18 - spektroskopi - WARNING - RealTimePanel: Blue_450nm raw data uzunluk uyumsuzluğu (timestamps: 1014, data: 254)
2026-02-26 00:17:18 - spektroskopi - WARNING - RealTimePanel: Blue_450nm calibrated data uzunluk uyumsuzluğu (timestamps: 1014, data: 254)
2026-02-26 00:17:18 - spektroskopi - WARNING - RealTimePanel: IR_850nm raw data uzunluk uyumsuzluğu (timestamps: 1014, data: 254)
2026-02-26 00:17:18 - spektroskopi - WARNING - RealTimePanel: IR_850nm calibrated data uzunluk uyumsuzluğu (timestamps: 1014, data: 254)
2026-02-26 00:17:18 - spektroskopi - WARNING - RealTimePanel: IR_940nm raw data uzunluk uyumsuzluğu (timestamps: 1014, data: 252)
2026-02-26 00:17:18 - spektroskopi - WARNING - RealTimePanel: IR_940nm calibrated data uzunluk uyumsuzluğu (timestamps: 1014, data: 252)
2026-02-26 00:17:19 - spektroskopi - WARNING - RealTimePanel: UV_360nm raw data uzunluk uyumsuzluğu (timestamps: 1014, data: 254)
2026-02-26 00:17:19 - spektroskopi - WARNING - RealTimePanel: UV_360nm calibrated data uzunluk uyumsuzluğu (timestamps: 1014, data: 254)
2026-02-26 00:17:19 - spektroskopi - WARNING - RealTimePanel: Blue_450nm raw data uzunluk uyumsuzluğu (timestamps: 1014, data: 254)
2026-02-26 00:17:19 - spektroskopi - WARNING - RealTimePanel: Blue_450nm calibrated data uzunluk uyumsuzluğu (timestamps: 1014, data: 254)
2026-02-26 00:17:19 - spektroskopi - WARNING - RealTimePanel: IR_850nm raw data uzunluk uyumsuzluğu (timestamps: 1014, data: 254)
2026-02-26 00:17:19 - spektroskopi - WARNING - RealTimePanel: IR_850nm calibrated data uzunluk uyumsuzluğu (timestamps: 1014, data: 254)
2026-02-26 00:17:19 - spektroskopi - WARNING - RealTimePanel: IR_940nm raw data uzunluk uyumsuzluğu (timestamps: 1014, data: 252)
2026-02-26 00:17:19 - spektroskopi - WARNING - RealTimePanel: IR_940nm calibrated data uzunluk uyumsuzluğu (timestamps: 1014, data: 252)
2026-02-26 00:17:20 - spektroskopi - WARNING - RealTimePanel: UV_360nm raw data uzunluk uyumsuzluğu (timestamps: 1014, data: 254)
2026-02-26 00:17:20 - spektroskopi - WARNING - RealTimePanel: UV_360nm calibrated data uzunluk uyumsuzluğu (timestamps: 1014, data: 254)
2026-02-26 00:17:20 - spektroskopi - WARNING - RealTimePanel: Blue_450nm raw data uzunluk uyumsuzluğu (timestamps: 1014, data: 254)
2026-02-26 00:17:20 - spektroskopi - WARNING - RealTimePanel: Blue_450nm calibrated data uzunluk uyumsuzluğu (timestamps: 1014, data: 254)
2026-02-26 00:17:20 - spektroskopi - WARNING - RealTimePanel: IR_850nm raw data uzunluk uyumsuzluğu (timestamps: 1014, data: 254)
2026-02-26 00:17:20 - spektroskopi - WARNING - RealTimePanel: IR_850nm calibrated data uzunluk uyumsuzluğu (timestamps: 1014, data: 254)
2026-02-26 00:17:20 - spektroskopi - WARNING - RealTimePanel: IR_940nm raw data uzunluk uyumsuzluğu (timestamps: 1014, data: 252)
2026-02-26 00:17:20 - spektroskopi - WARNING - RealTimePanel: IR_940nm calibrated data uzunluk uyumsuzluğu (timestamps: 1014, data: 252)
2026-02-26 00:17:21 - spektroskopi - WARNING - RealTimePanel: UV_360nm raw data uzunluk uyumsuzluğu (timestamps: 1014, data: 254)
2026-02-26 00:17:21 - spektroskopi - WARNING - RealTimePanel: UV_360nm calibrated data uzunluk uyumsuzluğu (timestamps: 1014, data: 254)
2026-02-26 00:17:21 - spektroskopi - WARNING - RealTimePanel: Blue_450nm raw data uzunluk uyumsuzluğu (timestamps: 1014, data: 254)
2026-02-26 00:17:21 - spektroskopi - WARNING - RealTimePanel: Blue_450nm calibrated data uzunluk uyumsuzluğu (timestamps: 1014, data: 254)
2026-02-26 00:17:21 - spektroskopi - WARNING - RealTimePanel: IR_850nm raw data uzunluk uyumsuzluğu (timestamps: 1014, data: 254)
2026-02-26 00:17:21 - spektroskopi - WARNING - RealTimePanel: IR_850nm calibrated data uzunluk uyumsuzluğu (timestamps: 1014, data: 254)
2026-02-26 00:17:21 - spektroskopi - WARNING - RealTimePanel: IR_940nm raw data uzunluk uyumsuzluğu (timestamps: 1014, data: 252)
2026-02-26 00:17:21 - spektroskopi - WARNING - RealTimePanel: IR_940nm calibrated data uzunluk uyumsuzluğu (timestamps: 1014, data: 252)
2026-02-26 00:17:22 - spektroskopi - WARNING - RealTimePanel: UV_360nm raw data uzunluk uyumsuzluğu (timestamps: 1014, data: 254)
2026-02-26 00:17:22 - spektroskopi - WARNING - RealTimePanel: UV_360nm calibrated data uzunluk uyumsuzluğu (timestamps: 1014, data: 254)
2026-02-26 00:17:22 - spektroskopi - WARNING - RealTimePanel: Blue_450nm raw data uzunluk uyumsuzluğu (timestamps: 1014, data: 254)
2026-02-26 00:17:22 - spektroskopi - WARNING - RealTimePanel: Blue_450nm calibrated data uzunluk uyumsuzluğu (timestamps: 1014, data: 254)
2026-02-26 00:17:22 - spektroskopi - WARNING - RealTimePanel: IR_850nm raw data uzunluk uyumsuzluğu (timestamps: 1014, data: 254)
2026-02-26 00:17:22 - spektroskopi - WARNING - RealTimePanel: IR_850nm calibrated data uzunluk uyumsuzluğu (timestamps: 1014, data: 254)
2026-02-26 00:17:22 - spektroskopi - WARNING - RealTimePanel: IR_940nm raw data uzunluk uyumsuzluğu (timestamps: 1014, data: 252)
2026-02-26 00:17:22 - spektroskopi - WARNING - RealTimePanel: IR_940nm calibrated data uzunluk uyumsuzluğu (timestamps: 1014, data: 252)
2026-02-26 00:17:23 - spektroskopi - WARNING - RealTimePanel: UV_360nm raw data uzunluk uyumsuzluğu (timestamps: 1014, data: 254)
2026-02-26 00:17:23 - spektroskopi - WARNING - RealTimePanel: UV_360nm calibrated data uzunluk uyumsuzluğu (timestamps: 1014, data: 254)
2026-02-26 00:17:23 - spektroskopi - WARNING - RealTimePanel: Blue_450nm raw data uzunluk uyumsuzluğu (timestamps: 1014, data: 254)
2026-02-26 00:17:23 - spektroskopi - WARNING - RealTimePanel: Blue_450nm calibrated data uzunluk uyumsuzluğu (timestamps: 1014, data: 254)
2026-02-26 00:17:23 - spektroskopi - WARNING - RealTimePanel: IR_850nm raw data uzunluk uyumsuzluğu (timestamps: 1014, data: 254)
2026-02-26 00:17:23 - spektroskopi - WARNING - RealTimePanel: IR_850nm calibrated data uzunluk uyumsuzluğu (timestamps: 1014, data: 254)
2026-02-26 00:17:23 - spektroskopi - WARNING - RealTimePanel: IR_940nm raw data uzunluk uyumsuzluğu (timestamps: 1014, data: 252)
2026-02-26 00:17:23 - spektroskopi - WARNING - RealTimePanel: IR_940nm calibrated data uzunluk uyumsuzluğu (timestamps: 1014, data: 252)
2026-02-26 00:17:24 - spektroskopi - WARNING - RealTimePanel: UV_360nm raw data uzunluk uyumsuzluğu (timestamps: 1014, data: 254)
2026-02-26 00:17:24 - spektroskopi - WARNING - RealTimePanel: UV_360nm calibrated data uzunluk uyumsuzluğu (timestamps: 1014, data: 254)
2026-02-26 00:17:24 - spektroskopi - WARNING - RealTimePanel: Blue_450nm raw data uzunluk uyumsuzluğu (timestamps: 1014, data: 254)
2026-02-26 00:17:24 - spektroskopi - WARNING - RealTimePanel: Blue_450nm calibrated data uzunluk uyumsuzluğu (timestamps: 1014, data: 254)
2026-02-26 00:17:24 - spektroskopi - WARNING - RealTimePanel: IR_850nm raw data uzunluk uyumsuzluğu (timestamps: 1014, data: 254)
2026-02-26 00:17:24 - spektroskopi - WARNING - RealTimePanel: IR_850nm calibrated data uzunluk uyumsuzluğu (timestamps: 1014, data: 254)
2026-02-26 00:17:24 - spektroskopi - WARNING - RealTimePanel: IR_940nm raw data uzunluk uyumsuzluğu (timestamps: 1014, data: 252)
2026-02-26 00:17:24 - spektroskopi - WARNING - RealTimePanel: IR_940nm calibrated data uzunluk uyumsuzluğu (timestamps: 1014, data: 252)
2026-02-26 00:17:25 - spektroskopi - WARNING - RealTimePanel: UV_360nm raw data uzunluk uyumsuzluğu (timestamps: 1014, data: 254)
2026-02-26 00:17:25 - spektroskopi - WARNING - RealTimePanel: UV_360nm calibrated data uzunluk uyumsuzluğu (timestamps: 1014, data: 254)
2026-02-26 00:17:25 - spektroskopi - WARNING - RealTimePanel: Blue_450nm raw data uzunluk uyumsuzluğu (timestamps: 1014, data: 254)
2026-02-26 00:17:25 - spektroskopi - WARNING - RealTimePanel: Blue_450nm calibrated data uzunluk uyumsuzluğu (timestamps: 1014, data: 254)
2026-02-26 00:17:25 - spektroskopi - WARNING - RealTimePanel: IR_850nm raw data uzunluk uyumsuzluğu (timestamps: 1014, data: 254)
2026-02-26 00:17:25 - spektroskopi - WARNING - RealTimePanel: IR_850nm calibrated data uzunluk uyumsuzluğu (timestamps: 1014, data: 254)
2026-02-26 00:17:25 - spektroskopi - WARNING - RealTimePanel: IR_940nm raw data uzunluk uyumsuzluğu (timestamps: 1014, data: 252)
2026-02-26 00:17:25 - spektroskopi - WARNING - RealTimePanel: IR_940nm calibrated data uzunluk uyumsuzluğu (timestamps: 1014, data: 252)
2026-02-26 00:17:26 - spektroskopi - WARNING - RealTimePanel: UV_360nm raw data uzunluk uyumsuzluğu (timestamps: 1014, data: 254)
2026-02-26 00:17:26 - spektroskopi - WARNING - RealTimePanel: UV_360nm calibrated data uzunluk uyumsuzluğu (timestamps: 1014, data: 254)
2026-02-26 00:17:26 - spektroskopi - WARNING - RealTimePanel: Blue_450nm raw data uzunluk uyumsuzluğu (timestamps: 1014, data: 254)
2026-02-26 00:17:26 - spektroskopi - WARNING - RealTimePanel: Blue_450nm calibrated data uzunluk uyumsuzluğu (timestamps: 1014, data: 254)
2026-02-26 00:17:26 - spektroskopi - WARNING - RealTimePanel: IR_850nm raw data uzunluk uyumsuzluğu (timestamps: 1014, data: 254)
2026-02-26 00:17:26 - spektroskopi - WARNING - RealTimePanel: IR_850nm calibrated data uzunluk uyumsuzluğu (timestamps: 1014, data: 254)
2026-02-26 00:17:26 - spektroskopi - WARNING - RealTimePanel: IR_940nm raw data uzunluk uyumsuzluğu (timestamps: 1014, data: 252)
2026-02-26 00:17:26 - spektroskopi - WARNING - RealTimePanel: IR_940nm calibrated data uzunluk uyumsuzluğu (timestamps: 1014, data: 252)
2026-02-26 00:17:27 - spektroskopi - WARNING - RealTimePanel: UV_360nm raw data uzunluk uyumsuzluğu (timestamps: 1014, data: 254)
2026-02-26 00:17:27 - spektroskopi - WARNING - RealTimePanel: UV_360nm calibrated data uzunluk uyumsuzluğu (timestamps: 1014, data: 254)
2026-02-26 00:17:27 - spektroskopi - WARNING - RealTimePanel: Blue_450nm raw data uzunluk uyumsuzluğu (timestamps: 1014, data: 254)
2026-02-26 00:17:27 - spektroskopi - WARNING - RealTimePanel: Blue_450nm calibrated data uzunluk uyumsuzluğu (timestamps: 1014, data: 254)
2026-02-26 00:17:27 - spektroskopi - WARNING - RealTimePanel: IR_850nm raw data uzunluk uyumsuzluğu (timestamps: 1014, data: 254)
2026-02-26 00:17:27 - spektroskopi - WARNING - RealTimePanel: IR_850nm calibrated data uzunluk uyumsuzluğu (timestamps: 1014, data: 254)
2026-02-26 00:17:27 - spektroskopi - WARNING - RealTimePanel: IR_940nm raw data uzunluk uyumsuzluğu (timestamps: 1014, data: 252)
2026-02-26 00:17:27 - spektroskopi - WARNING - RealTimePanel: IR_940nm calibrated data uzunluk uyumsuzluğu (timestamps: 1014, data: 252)
2026-02-26 00:17:28 - spektroskopi - WARNING - RealTimePanel: UV_360nm raw data uzunluk uyumsuzluğu (timestamps: 1014, data: 254)
2026-02-26 00:17:28 - spektroskopi - WARNING - RealTimePanel: UV_360nm calibrated data uzunluk uyumsuzluğu (timestamps: 1014, data: 254)
2026-02-26 00:17:28 - spektroskopi - WARNING - RealTimePanel: Blue_450nm raw data uzunluk uyumsuzluğu (timestamps: 1014, data: 254)
2026-02-26 00:17:28 - spektroskopi - WARNING - RealTimePanel: Blue_450nm calibrated data uzunluk uyumsuzluğu (timestamps: 1014, data: 254)
2026-02-26 00:17:28 - spektroskopi - WARNING - RealTimePanel: IR_850nm raw data uzunluk uyumsuzluğu (timestamps: 1014, data: 254)
2026-02-26 00:17:28 - spektroskopi - WARNING - RealTimePanel: IR_850nm calibrated data uzunluk uyumsuzluğu (timestamps: 1014, data: 254)
2026-02-26 00:17:28 - spektroskopi - WARNING - RealTimePanel: IR_940nm raw data uzunluk uyumsuzluğu (timestamps: 1014, data: 252)
2026-02-26 00:17:28 - spektroskopi - WARNING - RealTimePanel: IR_940nm calibrated data uzunluk uyumsuzluğu (timestamps: 1014, data: 252)
2026-02-26 00:17:29 - spektroskopi - WARNING - RealTimePanel: UV_360nm raw data uzunluk uyumsuzluğu (timestamps: 1014, data: 254)
2026-02-26 00:17:29 - spektroskopi - WARNING - RealTimePanel: UV_360nm calibrated data uzunluk uyumsuzluğu (timestamps: 1014, data: 254)
2026-02-26 00:17:29 - spektroskopi - WARNING - RealTimePanel: Blue_450nm raw data uzunluk uyumsuzluğu (timestamps: 1014, data: 254)
2026-02-26 00:17:29 - spektroskopi - WARNING - RealTimePanel: Blue_450nm calibrated data uzunluk uyumsuzluğu (timestamps: 1014, data: 254)
2026-02-26 00:17:29 - spektroskopi - WARNING - RealTimePanel: IR_850nm raw data uzunluk uyumsuzluğu (timestamps: 1014, data: 254)
2026-02-26 00:17:29 - spektroskopi - WARNING - RealTimePanel: IR_850nm calibrated data uzunluk uyumsuzluğu (timestamps: 1014, data: 254)
2026-02-26 00:17:29 - spektroskopi - WARNING - RealTimePanel: IR_940nm raw data uzunluk uyumsuzluğu (timestamps: 1014, data: 252)
2026-02-26 00:17:29 - spektroskopi - WARNING - RealTimePanel: IR_940nm calibrated data uzunluk uyumsuzluğu (timestamps: 1014, data: 252)
2026-02-26 00:17:30 - spektroskopi - WARNING - RealTimePanel: UV_360nm raw data uzunluk uyumsuzluğu (timestamps: 1014, data: 254)
2026-02-26 00:17:30 - spektroskopi - WARNING - RealTimePanel: UV_360nm calibrated data uzunluk uyumsuzluğu (timestamps: 1014, data: 254)
2026-02-26 00:17:30 - spektroskopi - WARNING - RealTimePanel: Blue_450nm raw data uzunluk uyumsuzluğu (timestamps: 1014, data: 254)
2026-02-26 00:17:30 - spektroskopi - WARNING - RealTimePanel: Blue_450nm calibrated data uzunluk uyumsuzluğu (timestamps: 1014, data: 254)
2026-02-26 00:17:30 - spektroskopi - WARNING - RealTimePanel: IR_850nm raw data uzunluk uyumsuzluğu (timestamps: 1014, data: 254)
2026-02-26 00:17:30 - spektroskopi - WARNING - RealTimePanel: IR_850nm calibrated data uzunluk uyumsuzluğu (timestamps: 1014, data: 254)
2026-02-26 00:17:30 - spektroskopi - WARNING - RealTimePanel: IR_940nm raw data uzunluk uyumsuzluğu (timestamps: 1014, data: 252)
2026-02-26 00:17:30 - spektroskopi - WARNING - RealTimePanel: IR_940nm calibrated data uzunluk uyumsuzluğu (timestamps: 1014, data: 252)
2026-02-26 00:17:31 - spektroskopi - WARNING - RealTimePanel: UV_360nm raw data uzunluk uyumsuzluğu (timestamps: 1014, data: 254)
2026-02-26 00:17:31 - spektroskopi - WARNING - RealTimePanel: UV_360nm calibrated data uzunluk uyumsuzluğu (timestamps: 1014, data: 254)
2026-02-26 00:17:31 - spektroskopi - WARNING - RealTimePanel: Blue_450nm raw data uzunluk uyumsuzluğu (timestamps: 1014, data: 254)
2026-02-26 00:17:31 - spektroskopi - WARNING - RealTimePanel: Blue_450nm calibrated data uzunluk uyumsuzluğu (timestamps: 1014, data: 254)
2026-02-26 00:17:31 - spektroskopi - WARNING - RealTimePanel: IR_850nm raw data uzunluk uyumsuzluğu (timestamps: 1014, data: 254)
2026-02-26 00:17:31 - spektroskopi - WARNING - RealTimePanel: IR_850nm calibrated data uzunluk uyumsuzluğu (timestamps: 1014, data: 254)
2026-02-26 00:17:31 - spektroskopi - WARNING - RealTimePanel: IR_940nm raw data uzunluk uyumsuzluğu (timestamps: 1014, data: 252)
2026-02-26 00:17:31 - spektroskopi - WARNING - RealTimePanel: IR_940nm calibrated data uzunluk uyumsuzluğu (timestamps: 1014, data: 252)
2026-02-26 00:17:32 - spektroskopi - WARNING - RealTimePanel: UV_360nm raw data uzunluk uyumsuzluğu (timestamps: 1014, data: 254)
2026-02-26 00:17:32 - spektroskopi - WARNING - RealTimePanel: UV_360nm calibrated data uzunluk uyumsuzluğu (timestamps: 1014, data: 254)
2026-02-26 00:17:32 - spektroskopi - WARNING - RealTimePanel: Blue_450nm raw data uzunluk uyumsuzluğu (timestamps: 1014, data: 254)
2026-02-26 00:17:32 - spektroskopi - WARNING - RealTimePanel: Blue_450nm calibrated data uzunluk uyumsuzluğu (timestamps: 1014, data: 254)
2026-02-26 00:17:32 - spektroskopi - WARNING - RealTimePanel: IR_850nm raw data uzunluk uyumsuzluğu (timestamps: 1014, data: 254)
2026-02-26 00:17:32 - spektroskopi - WARNING - RealTimePanel: IR_850nm calibrated data uzunluk uyumsuzluğu (timestamps: 1014, data: 254)
2026-02-26 00:17:32 - spektroskopi - WARNING - RealTimePanel: IR_940nm raw data uzunluk uyumsuzluğu (timestamps: 1014, data: 252)
2026-02-26 00:17:32 - spektroskopi - WARNING - RealTimePanel: IR_940nm calibrated data uzunluk uyumsuzluğu (timestamps: 1014, data: 252)
2026-02-26 00:17:33 - spektroskopi - WARNING - RealTimePanel: UV_360nm raw data uzunluk uyumsuzluğu (timestamps: 1014, data: 254)
2026-02-26 00:17:33 - spektroskopi - WARNING - RealTimePanel: UV_360nm calibrated data uzunluk uyumsuzluğu (timestamps: 1014, data: 254)
2026-02-26 00:17:33 - spektroskopi - WARNING - RealTimePanel: Blue_450nm raw data uzunluk uyumsuzluğu (timestamps: 1014, data: 254)
2026-02-26 00:17:33 - spektroskopi - WARNING - RealTimePanel: Blue_450nm calibrated data uzunluk uyumsuzluğu (timestamps: 1014, data: 254)
2026-02-26 00:17:33 - spektroskopi - WARNING - RealTimePanel: IR_850nm raw data uzunluk uyumsuzluğu (timestamps: 1014, data: 254)
2026-02-26 00:17:33 - spektroskopi - WARNING - RealTimePanel: IR_850nm calibrated data uzunluk uyumsuzluğu (timestamps: 1014, data: 254)
2026-02-26 00:17:33 - spektroskopi - WARNING - RealTimePanel: IR_940nm raw data uzunluk uyumsuzluğu (timestamps: 1014, data: 252)
2026-02-26 00:17:33 - spektroskopi - WARNING - RealTimePanel: IR_940nm calibrated data uzunluk uyumsuzluğu (timestamps: 1014, data: 252)
2026-02-26 00:17:34 - spektroskopi - WARNING - RealTimePanel: UV_360nm raw data uzunluk uyumsuzluğu (timestamps: 1014, data: 254)
2026-02-26 00:17:34 - spektroskopi - WARNING - RealTimePanel: UV_360nm calibrated data uzunluk uyumsuzluğu (timestamps: 1014, data: 254)
2026-02-26 00:17:34 - spektroskopi - WARNING - RealTimePanel: Blue_450nm raw data uzunluk uyumsuzluğu (timestamps: 1014, data: 254)
2026-02-26 00:17:34 - spektroskopi - WARNING - RealTimePanel: Blue_450nm calibrated data uzunluk uyumsuzluğu (timestamps: 1014, data: 254)
2026-02-26 00:17:34 - spektroskopi - WARNING - RealTimePanel: IR_850nm raw data uzunluk uyumsuzluğu (timestamps: 1014, data: 254)
2026-02-26 00:17:34 - spektroskopi - WARNING - RealTimePanel: IR_850nm calibrated data uzunluk uyumsuzluğu (timestamps: 1014, data: 254)
2026-02-26 00:17:34 - spektroskopi - WARNING - RealTimePanel: IR_940nm raw data uzunluk uyumsuzluğu (timestamps: 1014, data: 252)
2026-02-26 00:17:34 - spektroskopi - WARNING - RealTimePanel: IR_940nm calibrated data uzunluk uyumsuzluğu (timestamps: 1014, data: 252)
2026-02-26 00:17:35 - spektroskopi - WARNING - RealTimePanel: UV_360nm raw data uzunluk uyumsuzluğu (timestamps: 1014, data: 254)
2026-02-26 00:17:35 - spektroskopi - WARNING - RealTimePanel: UV_360nm calibrated data uzunluk uyumsuzluğu (timestamps: 1014, data: 254)
2026-02-26 00:17:35 - spektroskopi - WARNING - RealTimePanel: Blue_450nm raw data uzunluk uyumsuzluğu (timestamps: 1014, data: 254)
2026-02-26 00:17:35 - spektroskopi - WARNING - RealTimePanel: Blue_450nm calibrated data uzunluk uyumsuzluğu (timestamps: 1014, data: 254)
2026-02-26 00:17:35 - spektroskopi - WARNING - RealTimePanel: IR_850nm raw data uzunluk uyumsuzluğu (timestamps: 1014, data: 254)
2026-02-26 00:17:35 - spektroskopi - WARNING - RealTimePanel: IR_850nm calibrated data uzunluk uyumsuzluğu (timestamps: 1014, data: 254)
2026-02-26 00:17:35 - spektroskopi - WARNING - RealTimePanel: IR_940nm raw data uzunluk uyumsuzluğu (timestamps: 1014, data: 252)
2026-02-26 00:17:35 - spektroskopi - WARNING - RealTimePanel: IR_940nm calibrated data uzunluk uyumsuzluğu (timestamps: 1014, data: 252)
2026-02-26 00:17:36 - spektroskopi - WARNING - RealTimePanel: UV_360nm raw data uzunluk uyumsuzluğu (timestamps: 1014, data: 254)
2026-02-26 00:17:36 - spektroskopi - WARNING - RealTimePanel: UV_360nm calibrated data uzunluk uyumsuzluğu (timestamps: 1014, data: 254)
2026-02-26 00:17:36 - spektroskopi - WARNING - RealTimePanel: Blue_450nm raw data uzunluk uyumsuzluğu (timestamps: 1014, data: 254)
2026-02-26 00:17:36 - spektroskopi - WARNING - RealTimePanel: Blue_450nm calibrated data uzunluk uyumsuzluğu (timestamps: 1014, data: 254)
2026-02-26 00:17:36 - spektroskopi - WARNING - RealTimePanel: IR_850nm raw data uzunluk uyumsuzluğu (timestamps: 1014, data: 254)
2026-02-26 00:17:36 - spektroskopi - WARNING - RealTimePanel: IR_850nm calibrated data uzunluk uyumsuzluğu (timestamps: 1014, data: 254)
2026-02-26 00:17:36 - spektroskopi - WARNING - RealTimePanel: IR_940nm raw data uzunluk uyumsuzluğu (timestamps: 1014, data: 252)
2026-02-26 00:17:36 - spektroskopi - WARNING - RealTimePanel: IR_940nm calibrated data uzunluk uyumsuzluğu (timestamps: 1014, data: 252)
2026-02-26 00:17:37 - spektroskopi - WARNING - RealTimePanel: UV_360nm raw data uzunluk uyumsuzluğu (timestamps: 1014, data: 254)
2026-02-26 00:17:37 - spektroskopi - WARNING - RealTimePanel: UV_360nm calibrated data uzunluk uyumsuzluğu (timestamps: 1014, data: 254)
2026-02-26 00:17:37 - spektroskopi - WARNING - RealTimePanel: Blue_450nm raw data uzunluk uyumsuzluğu (timestamps: 1014, data: 254)
2026-02-26 00:17:37 - spektroskopi - WARNING - RealTimePanel: Blue_450nm calibrated data uzunluk uyumsuzluğu (timestamps: 1014, data: 254)
2026-02-26 00:17:37 - spektroskopi - WARNING - RealTimePanel: IR_850nm raw data uzunluk uyumsuzluğu (timestamps: 1014, data: 254)
2026-02-26 00:17:37 - spektroskopi - WARNING - RealTimePanel: IR_850nm calibrated data uzunluk uyumsuzluğu (timestamps: 1014, data: 254)
2026-02-26 00:17:37 - spektroskopi - WARNING - RealTimePanel: IR_940nm raw data uzunluk uyumsuzluğu (timestamps: 1014, data: 252)
2026-02-26 00:17:37 - spektroskopi - WARNING - RealTimePanel: IR_940nm calibrated data uzunluk uyumsuzluğu (timestamps: 1014, data: 252)
2026-02-26 00:17:38 - spektroskopi - WARNING - RealTimePanel: UV_360nm raw data uzunluk uyumsuzluğu (timestamps: 1014, data: 254)
2026-02-26 00:17:38 - spektroskopi - WARNING - RealTimePanel: UV_360nm calibrated data uzunluk uyumsuzluğu (timestamps: 1014, data: 254)
2026-02-26 00:17:38 - spektroskopi - WARNING - RealTimePanel: Blue_450nm raw data uzunluk uyumsuzluğu (timestamps: 1014, data: 254)
2026-02-26 00:17:38 - spektroskopi - WARNING - RealTimePanel: Blue_450nm calibrated data uzunluk uyumsuzluğu (timestamps: 1014, data: 254)
2026-02-26 00:17:38 - spektroskopi - WARNING - RealTimePanel: IR_850nm raw data uzunluk uyumsuzluğu (timestamps: 1014, data: 254)
2026-02-26 00:17:38 - spektroskopi - WARNING - RealTimePanel: IR_850nm calibrated data uzunluk uyumsuzluğu (timestamps: 1014, data: 254)
2026-02-26 00:17:38 - spektroskopi - WARNING - RealTimePanel: IR_940nm raw data uzunluk uyumsuzluğu (timestamps: 1014, data: 252)
2026-02-26 00:17:38 - spektroskopi - WARNING - RealTimePanel: IR_940nm calibrated data uzunluk uyumsuzluğu (timestamps: 1014, data: 252)
2026-02-26 00:17:39 - spektroskopi - WARNING - RealTimePanel: UV_360nm raw data uzunluk uyumsuzluğu (timestamps: 1014, data: 254)
2026-02-26 00:17:39 - spektroskopi - WARNING - RealTimePanel: UV_360nm calibrated data uzunluk uyumsuzluğu (timestamps: 1014, data: 254)
2026-02-26 00:17:39 - spektroskopi - WARNING - RealTimePanel: Blue_450nm raw data uzunluk uyumsuzluğu (timestamps: 1014, data: 254)
2026-02-26 00:17:39 - spektroskopi - WARNING - RealTimePanel: Blue_450nm calibrated data uzunluk uyumsuzluğu (timestamps: 1014, data: 254)
2026-02-26 00:17:39 - spektroskopi - WARNING - RealTimePanel: IR_850nm raw data uzunluk uyumsuzluğu (timestamps: 1014, data: 254)
2026-02-26 00:17:39 - spektroskopi - WARNING - RealTimePanel: IR_850nm calibrated data uzunluk uyumsuzluğu (timestamps: 1014, data: 254)
2026-02-26 00:17:39 - spektroskopi - WARNING - RealTimePanel: IR_940nm raw data uzunluk uyumsuzluğu (timestamps: 1014, data: 252)
2026-02-26 00:17:39 - spektroskopi - WARNING - RealTimePanel: IR_940nm calibrated data uzunluk uyumsuzluğu (timestamps: 1014, data: 252)
2026-02-26 00:17:40 - spektroskopi - WARNING - RealTimePanel: UV_360nm raw data uzunluk uyumsuzluğu (timestamps: 1014, data: 254)
2026-02-26 00:17:40 - spektroskopi - WARNING - RealTimePanel: UV_360nm calibrated data uzunluk uyumsuzluğu (timestamps: 1014, data: 254)
2026-02-26 00:17:40 - spektroskopi - WARNING - RealTimePanel: Blue_450nm raw data uzunluk uyumsuzluğu (timestamps: 1014, data: 254)
2026-02-26 00:17:40 - spektroskopi - WARNING - RealTimePanel: Blue_450nm calibrated data uzunluk uyumsuzluğu (timestamps: 1014, data: 254)
2026-02-26 00:17:40 - spektroskopi - WARNING - RealTimePanel: IR_850nm raw data uzunluk uyumsuzluğu (timestamps: 1014, data: 254)
2026-02-26 00:17:40 - spektroskopi - WARNING - RealTimePanel: IR_850nm calibrated data uzunluk uyumsuzluğu (timestamps: 1014, data: 254)
2026-02-26 00:17:40 - spektroskopi - WARNING - RealTimePanel: IR_940nm raw data uzunluk uyumsuzluğu (timestamps: 1014, data: 252)
2026-02-26 00:17:40 - spektroskopi - WARNING - RealTimePanel: IR_940nm calibrated data uzunluk uyumsuzluğu (timestamps: 1014, data: 252)
2026-02-26 00:17:41 - spektroskopi - WARNING - RealTimePanel: UV_360nm raw data uzunluk uyumsuzluğu (timestamps: 1014, data: 254)
2026-02-26 00:17:41 - spektroskopi - WARNING - RealTimePanel: UV_360nm calibrated data uzunluk uyumsuzluğu (timestamps: 1014, data: 254)
2026-02-26 00:17:41 - spektroskopi - WARNING - RealTimePanel: Blue_450nm raw data uzunluk uyumsuzluğu (timestamps: 1014, data: 254)
2026-02-26 00:17:41 - spektroskopi - WARNING - RealTimePanel: Blue_450nm calibrated data uzunluk uyumsuzluğu (timestamps: 1014, data: 254)
2026-02-26 00:17:41 - spektroskopi - WARNING - RealTimePanel: IR_850nm raw data uzunluk uyumsuzluğu (timestamps: 1014, data: 254)
2026-02-26 00:17:41 - spektroskopi - WARNING - RealTimePanel: IR_850nm calibrated data uzunluk uyumsuzluğu (timestamps: 1014, data: 254)
2026-02-26 00:17:41 - spektroskopi - WARNING - RealTimePanel: IR_940nm raw data uzunluk uyumsuzluğu (timestamps: 1014, data: 252)
2026-02-26 00:17:41 - spektroskopi - WARNING - RealTimePanel: IR_940nm calibrated data uzunluk uyumsuzluğu (timestamps: 1014, data: 252)
2026-02-26 00:17:42 - spektroskopi - WARNING - RealTimePanel: UV_360nm raw data uzunluk uyumsuzluğu (timestamps: 1014, data: 254)
2026-02-26 00:17:42 - spektroskopi - WARNING - RealTimePanel: UV_360nm calibrated data uzunluk uyumsuzluğu (timestamps: 1014, data: 254)
2026-02-26 00:17:42 - spektroskopi - WARNING - RealTimePanel: Blue_450nm raw data uzunluk uyumsuzluğu (timestamps: 1014, data: 254)
2026-02-26 00:17:42 - spektroskopi - WARNING - RealTimePanel: Blue_450nm calibrated data uzunluk uyumsuzluğu (timestamps: 1014, data: 254)
2026-02-26 00:17:42 - spektroskopi - WARNING - RealTimePanel: IR_850nm raw data uzunluk uyumsuzluğu (timestamps: 1014, data: 254)
2026-02-26 00:17:42 - spektroskopi - WARNING - RealTimePanel: IR_850nm calibrated data uzunluk uyumsuzluğu (timestamps: 1014, data: 254)
2026-02-26 00:17:42 - spektroskopi - WARNING - RealTimePanel: IR_940nm raw data uzunluk uyumsuzluğu (timestamps: 1014, data: 252)
2026-02-26 00:17:42 - spektroskopi - WARNING - RealTimePanel: IR_940nm calibrated data uzunluk uyumsuzluğu (timestamps: 1014, data: 252)
2026-02-26 00:17:43 - spektroskopi - WARNING - RealTimePanel: UV_360nm raw data uzunluk uyumsuzluğu (timestamps: 1014, data: 254)
2026-02-26 00:17:43 - spektroskopi - WARNING - RealTimePanel: UV_360nm calibrated data uzunluk uyumsuzluğu (timestamps: 1014, data: 254)
2026-02-26 00:17:43 - spektroskopi - WARNING - RealTimePanel: Blue_450nm raw data uzunluk uyumsuzluğu (timestamps: 1014, data: 254)
2026-02-26 00:17:43 - spektroskopi - WARNING - RealTimePanel: Blue_450nm calibrated data uzunluk uyumsuzluğu (timestamps: 1014, data: 254)
2026-02-26 00:17:43 - spektroskopi - WARNING - RealTimePanel: IR_850nm raw data uzunluk uyumsuzluğu (timestamps: 1014, data: 254)
2026-02-26 00:17:43 - spektroskopi - WARNING - RealTimePanel: IR_850nm calibrated data uzunluk uyumsuzluğu (timestamps: 1014, data: 254)
2026-02-26 00:17:43 - spektroskopi - WARNING - RealTimePanel: IR_940nm raw data uzunluk uyumsuzluğu (timestamps: 1014, data: 252)
2026-02-26 00:17:43 - spektroskopi - WARNING - RealTimePanel: IR_940nm calibrated data uzunluk uyumsuzluğu (timestamps: 1014, data: 252)
2026-02-26 00:17:44 - spektroskopi - WARNING - RealTimePanel: UV_360nm raw data uzunluk uyumsuzluğu (timestamps: 1014, data: 254)
2026-02-26 00:17:44 - spektroskopi - WARNING - RealTimePanel: UV_360nm calibrated data uzunluk uyumsuzluğu (timestamps: 1014, data: 254)
2026-02-26 00:17:44 - spektroskopi - WARNING - RealTimePanel: Blue_450nm raw data uzunluk uyumsuzluğu (timestamps: 1014, data: 254)
2026-02-26 00:17:44 - spektroskopi - WARNING - RealTimePanel: Blue_450nm calibrated data uzunluk uyumsuzluğu (timestamps: 1014, data: 254)
2026-02-26 00:17:44 - spektroskopi - WARNING - RealTimePanel: IR_850nm raw data uzunluk uyumsuzluğu (timestamps: 1014, data: 254)
2026-02-26 00:17:44 - spektroskopi - WARNING - RealTimePanel: IR_850nm calibrated data uzunluk uyumsuzluğu (timestamps: 1014, data: 254)
2026-02-26 00:17:44 - spektroskopi - WARNING - RealTimePanel: IR_940nm raw data uzunluk uyumsuzluğu (timestamps: 1014, data: 252)
2026-02-26 00:17:44 - spektroskopi - WARNING - RealTimePanel: IR_940nm calibrated data uzunluk uyumsuzluğu (timestamps: 1014, data: 252)
2026-02-26 00:17:45 - spektroskopi - WARNING - RealTimePanel: UV_360nm raw data uzunluk uyumsuzluğu (timestamps: 1014, data: 254)
2026-02-26 00:17:45 - spektroskopi - WARNING - RealTimePanel: UV_360nm calibrated data uzunluk uyumsuzluğu (timestamps: 1014, data: 254)
2026-02-26 00:17:45 - spektroskopi - WARNING - RealTimePanel: Blue_450nm raw data uzunluk uyumsuzluğu (timestamps: 1014, data: 254)
2026-02-26 00:17:45 - spektroskopi - WARNING - RealTimePanel: Blue_450nm calibrated data uzunluk uyumsuzluğu (timestamps: 1014, data: 254)
2026-02-26 00:17:45 - spektroskopi - WARNING - RealTimePanel: IR_850nm raw data uzunluk uyumsuzluğu (timestamps: 1014, data: 254)
2026-02-26 00:17:45 - spektroskopi - WARNING - RealTimePanel: IR_850nm calibrated data uzunluk uyumsuzluğu (timestamps: 1014, data: 254)
2026-02-26 00:17:45 - spektroskopi - WARNING - RealTimePanel: IR_940nm raw data uzunluk uyumsuzluğu (timestamps: 1014, data: 252)
2026-02-26 00:17:45 - spektroskopi - WARNING - RealTimePanel: IR_940nm calibrated data uzunluk uyumsuzluğu (timestamps: 1014, data: 252)
2026-02-26 00:17:46 - spektroskopi - WARNING - RealTimePanel: UV_360nm raw data uzunluk uyumsuzluğu (timestamps: 1014, data: 254)
2026-02-26 00:17:46 - spektroskopi - WARNING - RealTimePanel: UV_360nm calibrated data uzunluk uyumsuzluğu (timestamps: 1014, data: 254)
2026-02-26 00:17:46 - spektroskopi - WARNING - RealTimePanel: Blue_450nm raw data uzunluk uyumsuzluğu (timestamps: 1014, data: 254)
2026-02-26 00:17:46 - spektroskopi - WARNING - RealTimePanel: Blue_450nm calibrated data uzunluk uyumsuzluğu (timestamps: 1014, data: 254)
2026-02-26 00:17:46 - spektroskopi - WARNING - RealTimePanel: IR_850nm raw data uzunluk uyumsuzluğu (timestamps: 1014, data: 254)
2026-02-26 00:17:46 - spektroskopi - WARNING - RealTimePanel: IR_850nm calibrated data uzunluk uyumsuzluğu (timestamps: 1014, data: 254)
2026-02-26 00:17:46 - spektroskopi - WARNING - RealTimePanel: IR_940nm raw data uzunluk uyumsuzluğu (timestamps: 1014, data: 252)
2026-02-26 00:17:46 - spektroskopi - WARNING - RealTimePanel: IR_940nm calibrated data uzunluk uyumsuzluğu (timestamps: 1014, data: 252)
2026-02-26 00:17:47 - spektroskopi - WARNING - RealTimePanel: UV_360nm raw data uzunluk uyumsuzluğu (timestamps: 1014, data: 254)
2026-02-26 00:17:47 - spektroskopi - WARNING - RealTimePanel: UV_360nm calibrated data uzunluk uyumsuzluğu (timestamps: 1014, data: 254)
2026-02-26 00:17:47 - spektroskopi - WARNING - RealTimePanel: Blue_450nm raw data uzunluk uyumsuzluğu (timestamps: 1014, data: 254)
2026-02-26 00:17:47 - spektroskopi - WARNING - RealTimePanel: Blue_450nm calibrated data uzunluk uyumsuzluğu (timestamps: 1014, data: 254)
2026-02-26 00:17:47 - spektroskopi - WARNING - RealTimePanel: IR_850nm raw data uzunluk uyumsuzluğu (timestamps: 1014, data: 254)
2026-02-26 00:17:47 - spektroskopi - WARNING - RealTimePanel: IR_850nm calibrated data uzunluk uyumsuzluğu (timestamps: 1014, data: 254)
2026-02-26 00:17:47 - spektroskopi - WARNING - RealTimePanel: IR_940nm raw data uzunluk uyumsuzluğu (timestamps: 1014, data: 252)
2026-02-26 00:17:47 - spektroskopi - WARNING - RealTimePanel: IR_940nm calibrated data uzunluk uyumsuzluğu (timestamps: 1014, data: 252)
2026-02-26 00:17:48 - spektroskopi - WARNING - RealTimePanel: UV_360nm raw data uzunluk uyumsuzluğu (timestamps: 1014, data: 254)
2026-02-26 00:17:48 - spektroskopi - WARNING - RealTimePanel: UV_360nm calibrated data uzunluk uyumsuzluğu (timestamps: 1014, data: 254)
2026-02-26 00:17:48 - spektroskopi - WARNING - RealTimePanel: Blue_450nm raw data uzunluk uyumsuzluğu (timestamps: 1014, data: 254)
2026-02-26 00:17:48 - spektroskopi - WARNING - RealTimePanel: Blue_450nm calibrated data uzunluk uyumsuzluğu (timestamps: 1014, data: 254)
2026-02-26 00:17:48 - spektroskopi - WARNING - RealTimePanel: IR_850nm raw data uzunluk uyumsuzluğu (timestamps: 1014, data: 254)
2026-02-26 00:17:48 - spektroskopi - WARNING - RealTimePanel: IR_850nm calibrated data uzunluk uyumsuzluğu (timestamps: 1014, data: 254)
2026-02-26 00:17:48 - spektroskopi - WARNING - RealTimePanel: IR_940nm raw data uzunluk uyumsuzluğu (timestamps: 1014, data: 252)
2026-02-26 00:17:48 - spektroskopi - WARNING - RealTimePanel: IR_940nm calibrated data uzunluk uyumsuzluğu (timestamps: 1014, data: 252)
2026-02-26 00:17:49 - spektroskopi - WARNING - RealTimePanel: UV_360nm raw data uzunluk uyumsuzluğu (timestamps: 1014, data: 254)
2026-02-26 00:17:49 - spektroskopi - WARNING - RealTimePanel: UV_360nm calibrated data uzunluk uyumsuzluğu (timestamps: 1014, data: 254)
2026-02-26 00:17:49 - spektroskopi - WARNING - RealTimePanel: Blue_450nm raw data uzunluk uyumsuzluğu (timestamps: 1014, data: 254)
2026-02-26 00:17:49 - spektroskopi - WARNING - RealTimePanel: Blue_450nm calibrated data uzunluk uyumsuzluğu (timestamps: 1014, data: 254)
2026-02-26 00:17:49 - spektroskopi - WARNING - RealTimePanel: IR_850nm raw data uzunluk uyumsuzluğu (timestamps: 1014, data: 254)
2026-02-26 00:17:49 - spektroskopi - WARNING - RealTimePanel: IR_850nm calibrated data uzunluk uyumsuzluğu (timestamps: 1014, data: 254)
2026-02-26 00:17:49 - spektroskopi - WARNING - RealTimePanel: IR_940nm raw data uzunluk uyumsuzluğu (timestamps: 1014, data: 252)
2026-02-26 00:17:49 - spektroskopi - WARNING - RealTimePanel: IR_940nm calibrated data uzunluk uyumsuzluğu (timestamps: 1014, data: 252)
2026-02-26 00:17:50 - spektroskopi - WARNING - RealTimePanel: UV_360nm raw data uzunluk uyumsuzluğu (timestamps: 1014, data: 254)
2026-02-26 00:17:50 - spektroskopi - WARNING - RealTimePanel: UV_360nm calibrated data uzunluk uyumsuzluğu (timestamps: 1014, data: 254)
2026-02-26 00:17:50 - spektroskopi - WARNING - RealTimePanel: Blue_450nm raw data uzunluk uyumsuzluğu (timestamps: 1014, data: 254)
2026-02-26 00:17:50 - spektroskopi - WARNING - RealTimePanel: Blue_450nm calibrated data uzunluk uyumsuzluğu (timestamps: 1014, data: 254)
2026-02-26 00:17:50 - spektroskopi - WARNING - RealTimePanel: IR_850nm raw data uzunluk uyumsuzluğu (timestamps: 1014, data: 254)
2026-02-26 00:17:50 - spektroskopi - WARNING - RealTimePanel: IR_850nm calibrated data uzunluk uyumsuzluğu (timestamps: 1014, data: 254)
2026-02-26 00:17:50 - spektroskopi - WARNING - RealTimePanel: IR_940nm raw data uzunluk uyumsuzluğu (timestamps: 1014, data: 252)
2026-02-26 00:17:50 - spektroskopi - WARNING - RealTimePanel: IR_940nm calibrated data uzunluk uyumsuzluğu (timestamps: 1014, data: 252)
2026-02-26 00:17:51 - spektroskopi - WARNING - RealTimePanel: UV_360nm raw data uzunluk uyumsuzluğu (timestamps: 1014, data: 254)
2026-02-26 00:17:51 - spektroskopi - WARNING - RealTimePanel: UV_360nm calibrated data uzunluk uyumsuzluğu (timestamps: 1014, data: 254)
2026-02-26 00:17:51 - spektroskopi - WARNING - RealTimePanel: Blue_450nm raw data uzunluk uyumsuzluğu (timestamps: 1014, data: 254)
2026-02-26 00:17:51 - spektroskopi - WARNING - RealTimePanel: Blue_450nm calibrated data uzunluk uyumsuzluğu (timestamps: 1014, data: 254)
2026-02-26 00:17:51 - spektroskopi - WARNING - RealTimePanel: IR_850nm raw data uzunluk uyumsuzluğu (timestamps: 1014, data: 254)
2026-02-26 00:17:51 - spektroskopi - WARNING - RealTimePanel: IR_850nm calibrated data uzunluk uyumsuzluğu (timestamps: 1014, data: 254)
2026-02-26 00:17:51 - spektroskopi - WARNING - RealTimePanel: IR_940nm raw data uzunluk uyumsuzluğu (timestamps: 1014, data: 252)
2026-02-26 00:17:51 - spektroskopi - WARNING - RealTimePanel: IR_940nm calibrated data uzunluk uyumsuzluğu (timestamps: 1014, data: 252)
2026-02-26 00:17:52 - spektroskopi - WARNING - RealTimePanel: UV_360nm raw data uzunluk uyumsuzluğu (timestamps: 1014, data: 254)
2026-02-26 00:17:52 - spektroskopi - WARNING - RealTimePanel: UV_360nm calibrated data uzunluk uyumsuzluğu (timestamps: 1014, data: 254)
2026-02-26 00:17:52 - spektroskopi - WARNING - RealTimePanel: Blue_450nm raw data uzunluk uyumsuzluğu (timestamps: 1014, data: 254)
2026-02-26 00:17:52 - spektroskopi - WARNING - RealTimePanel: Blue_450nm calibrated data uzunluk uyumsuzluğu (timestamps: 1014, data: 254)
2026-02-26 00:17:52 - spektroskopi - WARNING - RealTimePanel: IR_850nm raw data uzunluk uyumsuzluğu (timestamps: 1014, data: 254)
2026-02-26 00:17:52 - spektroskopi - WARNING - RealTimePanel: IR_850nm calibrated data uzunluk uyumsuzluğu (timestamps: 1014, data: 254)
2026-02-26 00:17:52 - spektroskopi - WARNING - RealTimePanel: IR_940nm raw data uzunluk uyumsuzluğu (timestamps: 1014, data: 252)
2026-02-26 00:17:52 - spektroskopi - WARNING - RealTimePanel: IR_940nm calibrated data uzunluk uyumsuzluğu (timestamps: 1014, data: 252)
2026-02-26 00:17:53 - spektroskopi - WARNING - RealTimePanel: UV_360nm raw data uzunluk uyumsuzluğu (timestamps: 1014, data: 254)
2026-02-26 00:17:53 - spektroskopi - WARNING - RealTimePanel: UV_360nm calibrated data uzunluk uyumsuzluğu (timestamps: 1014, data: 254)
2026-02-26 00:17:53 - spektroskopi - WARNING - RealTimePanel: Blue_450nm raw data uzunluk uyumsuzluğu (timestamps: 1014, data: 254)
2026-02-26 00:17:53 - spektroskopi - WARNING - RealTimePanel: Blue_450nm calibrated data uzunluk uyumsuzluğu (timestamps: 1014, data: 254)
2026-02-26 00:17:53 - spektroskopi - WARNING - RealTimePanel: IR_850nm raw data uzunluk uyumsuzluğu (timestamps: 1014, data: 254)
2026-02-26 00:17:53 - spektroskopi - WARNING - RealTimePanel: IR_850nm calibrated data uzunluk uyumsuzluğu (timestamps: 1014, data: 254)
2026-02-26 00:17:53 - spektroskopi - WARNING - RealTimePanel: IR_940nm raw data uzunluk uyumsuzluğu (timestamps: 1014, data: 252)
2026-02-26 00:17:53 - spektroskopi - WARNING - RealTimePanel: IR_940nm calibrated data uzunluk uyumsuzluğu (timestamps: 1014, data: 252)
2026-02-26 00:17:54 - spektroskopi - WARNING - RealTimePanel: UV_360nm raw data uzunluk uyumsuzluğu (timestamps: 1014, data: 254)
2026-02-26 00:17:54 - spektroskopi - WARNING - RealTimePanel: UV_360nm calibrated data uzunluk uyumsuzluğu (timestamps: 1014, data: 254)
2026-02-26 00:17:54 - spektroskopi - WARNING - RealTimePanel: Blue_450nm raw data uzunluk uyumsuzluğu (timestamps: 1014, data: 254)
2026-02-26 00:17:54 - spektroskopi - WARNING - RealTimePanel: Blue_450nm calibrated data uzunluk uyumsuzluğu (timestamps: 1014, data: 254)
2026-02-26 00:17:54 - spektroskopi - WARNING - RealTimePanel: IR_850nm raw data uzunluk uyumsuzluğu (timestamps: 1014, data: 254)
2026-02-26 00:17:54 - spektroskopi - WARNING - RealTimePanel: IR_850nm calibrated data uzunluk uyumsuzluğu (timestamps: 1014, data: 254)
2026-02-26 00:17:54 - spektroskopi - WARNING - RealTimePanel: IR_940nm raw data uzunluk uyumsuzluğu (timestamps: 1014, data: 252)
2026-02-26 00:17:54 - spektroskopi - WARNING - RealTimePanel: IR_940nm calibrated data uzunluk uyumsuzluğu (timestamps: 1014, data: 252)
2026-02-26 00:17:55 - spektroskopi - WARNING - RealTimePanel: UV_360nm raw data uzunluk uyumsuzluğu (timestamps: 1014, data: 254)
2026-02-26 00:17:55 - spektroskopi - WARNING - RealTimePanel: UV_360nm calibrated data uzunluk uyumsuzluğu (timestamps: 1014, data: 254)
2026-02-26 00:17:55 - spektroskopi - WARNING - RealTimePanel: Blue_450nm raw data uzunluk uyumsuzluğu (timestamps: 1014, data: 254)
2026-02-26 00:17:55 - spektroskopi - WARNING - RealTimePanel: Blue_450nm calibrated data uzunluk uyumsuzluğu (timestamps: 1014, data: 254)
2026-02-26 00:17:55 - spektroskopi - WARNING - RealTimePanel: IR_850nm raw data uzunluk uyumsuzluğu (timestamps: 1014, data: 254)
2026-02-26 00:17:55 - spektroskopi - WARNING - RealTimePanel: IR_850nm calibrated data uzunluk uyumsuzluğu (timestamps: 1014, data: 254)
2026-02-26 00:17:55 - spektroskopi - WARNING - RealTimePanel: IR_940nm raw data uzunluk uyumsuzluğu (timestamps: 1014, data: 252)
2026-02-26 00:17:55 - spektroskopi - WARNING - RealTimePanel: IR_940nm calibrated data uzunluk uyumsuzluğu (timestamps: 1014, data: 252)
2026-02-26 00:17:56 - spektroskopi - WARNING - RealTimePanel: UV_360nm raw data uzunluk uyumsuzluğu (timestamps: 1014, data: 254)
2026-02-26 00:17:56 - spektroskopi - WARNING - RealTimePanel: UV_360nm calibrated data uzunluk uyumsuzluğu (timestamps: 1014, data: 254)
2026-02-26 00:17:56 - spektroskopi - WARNING - RealTimePanel: Blue_450nm raw data uzunluk uyumsuzluğu (timestamps: 1014, data: 254)
2026-02-26 00:17:56 - spektroskopi - WARNING - RealTimePanel: Blue_450nm calibrated data uzunluk uyumsuzluğu (timestamps: 1014, data: 254)
2026-02-26 00:17:56 - spektroskopi - WARNING - RealTimePanel: IR_850nm raw data uzunluk uyumsuzluğu (timestamps: 1014, data: 254)
2026-02-26 00:17:56 - spektroskopi - WARNING - RealTimePanel: IR_850nm calibrated data uzunluk uyumsuzluğu (timestamps: 1014, data: 254)
2026-02-26 00:17:56 - spektroskopi - WARNING - RealTimePanel: IR_940nm raw data uzunluk uyumsuzluğu (timestamps: 1014, data: 252)
2026-02-26 00:17:56 - spektroskopi - WARNING - RealTimePanel: IR_940nm calibrated data uzunluk uyumsuzluğu (timestamps: 1014, data: 252)
2026-02-26 00:17:57 - spektroskopi - WARNING - RealTimePanel: UV_360nm raw data uzunluk uyumsuzluğu (timestamps: 1014, data: 254)
2026-02-26 00:17:57 - spektroskopi - WARNING - RealTimePanel: UV_360nm calibrated data uzunluk uyumsuzluğu (timestamps: 1014, data: 254)
2026-02-26 00:17:57 - spektroskopi - WARNING - RealTimePanel: Blue_450nm raw data uzunluk uyumsuzluğu (timestamps: 1014, data: 254)
2026-02-26 00:17:57 - spektroskopi - WARNING - RealTimePanel: Blue_450nm calibrated data uzunluk uyumsuzluğu (timestamps: 1014, data: 254)
2026-02-26 00:17:57 - spektroskopi - WARNING - RealTimePanel: IR_850nm raw data uzunluk uyumsuzluğu (timestamps: 1014, data: 254)
2026-02-26 00:17:57 - spektroskopi - WARNING - RealTimePanel: IR_850nm calibrated data uzunluk uyumsuzluğu (timestamps: 1014, data: 254)
2026-02-26 00:17:57 - spektroskopi - WARNING - RealTimePanel: IR_940nm raw data uzunluk uyumsuzluğu (timestamps: 1014, data: 252)
2026-02-26 00:17:57 - spektroskopi - WARNING - RealTimePanel: IR_940nm calibrated data uzunluk uyumsuzluğu (timestamps: 1014, data: 252)
2026-02-26 00:17:58 - spektroskopi - WARNING - RealTimePanel: UV_360nm raw data uzunluk uyumsuzluğu (timestamps: 1014, data: 254)
2026-02-26 00:17:58 - spektroskopi - WARNING - RealTimePanel: UV_360nm calibrated data uzunluk uyumsuzluğu (timestamps: 1014, data: 254)
2026-02-26 00:17:58 - spektroskopi - WARNING - RealTimePanel: Blue_450nm raw data uzunluk uyumsuzluğu (timestamps: 1014, data: 254)
2026-02-26 00:17:58 - spektroskopi - WARNING - RealTimePanel: Blue_450nm calibrated data uzunluk uyumsuzluğu (timestamps: 1014, data: 254)
2026-02-26 00:17:58 - spektroskopi - WARNING - RealTimePanel: IR_850nm raw data uzunluk uyumsuzluğu (timestamps: 1014, data: 254)
2026-02-26 00:17:58 - spektroskopi - WARNING - RealTimePanel: IR_850nm calibrated data uzunluk uyumsuzluğu (timestamps: 1014, data: 254)
2026-02-26 00:17:58 - spektroskopi - WARNING - RealTimePanel: IR_940nm raw data uzunluk uyumsuzluğu (timestamps: 1014, data: 252)
2026-02-26 00:17:58 - spektroskopi - WARNING - RealTimePanel: IR_940nm calibrated data uzunluk uyumsuzluğu (timestamps: 1014, data: 252)
2026-02-26 00:17:59 - spektroskopi - WARNING - RealTimePanel: UV_360nm raw data uzunluk uyumsuzluğu (timestamps: 1014, data: 254)
2026-02-26 00:17:59 - spektroskopi - WARNING - RealTimePanel: UV_360nm calibrated data uzunluk uyumsuzluğu (timestamps: 1014, data: 254)
2026-02-26 00:17:59 - spektroskopi - WARNING - RealTimePanel: Blue_450nm raw data uzunluk uyumsuzluğu (timestamps: 1014, data: 254)
2026-02-26 00:17:59 - spektroskopi - WARNING - RealTimePanel: Blue_450nm calibrated data uzunluk uyumsuzluğu (timestamps: 1014, data: 254)
2026-02-26 00:17:59 - spektroskopi - WARNING - RealTimePanel: IR_850nm raw data uzunluk uyumsuzluğu (timestamps: 1014, data: 254)
2026-02-26 00:17:59 - spektroskopi - WARNING - RealTimePanel: IR_850nm calibrated data uzunluk uyumsuzluğu (timestamps: 1014, data: 254)
2026-02-26 00:17:59 - spektroskopi - WARNING - RealTimePanel: IR_940nm raw data uzunluk uyumsuzluğu (timestamps: 1014, data: 252)
2026-02-26 00:17:59 - spektroskopi - WARNING - RealTimePanel: IR_940nm calibrated data uzunluk uyumsuzluğu (timestamps: 1014, data: 252)
2026-02-26 00:18:00 - spektroskopi - WARNING - RealTimePanel: UV_360nm raw data uzunluk uyumsuzluğu (timestamps: 1014, data: 254)
2026-02-26 00:18:00 - spektroskopi - WARNING - RealTimePanel: UV_360nm calibrated data uzunluk uyumsuzluğu (timestamps: 1014, data: 254)
2026-02-26 00:18:00 - spektroskopi - WARNING - RealTimePanel: Blue_450nm raw data uzunluk uyumsuzluğu (timestamps: 1014, data: 254)
2026-02-26 00:18:00 - spektroskopi - WARNING - RealTimePanel: Blue_450nm calibrated data uzunluk uyumsuzluğu (timestamps: 1014, data: 254)
2026-02-26 00:18:00 - spektroskopi - WARNING - RealTimePanel: IR_850nm raw data uzunluk uyumsuzluğu (timestamps: 1014, data: 254)
2026-02-26 00:18:00 - spektroskopi - WARNING - RealTimePanel: IR_850nm calibrated data uzunluk uyumsuzluğu (timestamps: 1014, data: 254)
2026-02-26 00:18:00 - spektroskopi - WARNING - RealTimePanel: IR_940nm raw data uzunluk uyumsuzluğu (timestamps: 1014, data: 252)
2026-02-26 00:18:00 - spektroskopi - WARNING - RealTimePanel: IR_940nm calibrated data uzunluk uyumsuzluğu (timestamps: 1014, data: 252)
2026-02-26 00:18:01 - spektroskopi - WARNING - RealTimePanel: UV_360nm raw data uzunluk uyumsuzluğu (timestamps: 1014, data: 254)
2026-02-26 00:18:01 - spektroskopi - WARNING - RealTimePanel: UV_360nm calibrated data uzunluk uyumsuzluğu (timestamps: 1014, data: 254)
2026-02-26 00:18:01 - spektroskopi - WARNING - RealTimePanel: Blue_450nm raw data uzunluk uyumsuzluğu (timestamps: 1014, data: 254)
2026-02-26 00:18:01 - spektroskopi - WARNING - RealTimePanel: Blue_450nm calibrated data uzunluk uyumsuzluğu (timestamps: 1014, data: 254)
2026-02-26 00:18:01 - spektroskopi - WARNING - RealTimePanel: IR_850nm raw data uzunluk uyumsuzluğu (timestamps: 1014, data: 254)
2026-02-26 00:18:01 - spektroskopi - WARNING - RealTimePanel: IR_850nm calibrated data uzunluk uyumsuzluğu (timestamps: 1014, data: 254)
2026-02-26 00:18:01 - spektroskopi - WARNING - RealTimePanel: IR_940nm raw data uzunluk uyumsuzluğu (timestamps: 1014, data: 252)
2026-02-26 00:18:01 - spektroskopi - WARNING - RealTimePanel: IR_940nm calibrated data uzunluk uyumsuzluğu (timestamps: 1014, data: 252)
2026-02-26 00:18:02 - spektroskopi - WARNING - RealTimePanel: UV_360nm raw data uzunluk uyumsuzluğu (timestamps: 1014, data: 254)
2026-02-26 00:18:02 - spektroskopi - WARNING - RealTimePanel: UV_360nm calibrated data uzunluk uyumsuzluğu (timestamps: 1014, data: 254)
2026-02-26 00:18:02 - spektroskopi - WARNING - RealTimePanel: Blue_450nm raw data uzunluk uyumsuzluğu (timestamps: 1014, data: 254)
2026-02-26 00:18:02 - spektroskopi - WARNING - RealTimePanel: Blue_450nm calibrated data uzunluk uyumsuzluğu (timestamps: 1014, data: 254)
2026-02-26 00:18:02 - spektroskopi - WARNING - RealTimePanel: IR_850nm raw data uzunluk uyumsuzluğu (timestamps: 1014, data: 254)
2026-02-26 00:18:02 - spektroskopi - WARNING - RealTimePanel: IR_850nm calibrated data uzunluk uyumsuzluğu (timestamps: 1014, data: 254)
2026-02-26 00:18:02 - spektroskopi - WARNING - RealTimePanel: IR_940nm raw data uzunluk uyumsuzluğu (timestamps: 1014, data: 252)
2026-02-26 00:18:02 - spektroskopi - WARNING - RealTimePanel: IR_940nm calibrated data uzunluk uyumsuzluğu (timestamps: 1014, data: 252)
2026-02-26 00:18:03 - spektroskopi - WARNING - RealTimePanel: UV_360nm raw data uzunluk uyumsuzluğu (timestamps: 1014, data: 254)
2026-02-26 00:18:03 - spektroskopi - WARNING - RealTimePanel: UV_360nm calibrated data uzunluk uyumsuzluğu (timestamps: 1014, data: 254)
2026-02-26 00:18:03 - spektroskopi - WARNING - RealTimePanel: Blue_450nm raw data uzunluk uyumsuzluğu (timestamps: 1014, data: 254)
2026-02-26 00:18:03 - spektroskopi - WARNING - RealTimePanel: Blue_450nm calibrated data uzunluk uyumsuzluğu (timestamps: 1014, data: 254)
2026-02-26 00:18:03 - spektroskopi - WARNING - RealTimePanel: IR_850nm raw data uzunluk uyumsuzluğu (timestamps: 1014, data: 254)
2026-02-26 00:18:03 - spektroskopi - WARNING - RealTimePanel: IR_850nm calibrated data uzunluk uyumsuzluğu (timestamps: 1014, data: 254)
2026-02-26 00:18:03 - spektroskopi - WARNING - RealTimePanel: IR_940nm raw data uzunluk uyumsuzluğu (timestamps: 1014, data: 252)
2026-02-26 00:18:03 - spektroskopi - WARNING - RealTimePanel: IR_940nm calibrated data uzunluk uyumsuzluğu (timestamps: 1014, data: 252)
2026-02-26 00:18:04 - spektroskopi - WARNING - RealTimePanel: UV_360nm raw data uzunluk uyumsuzluğu (timestamps: 1014, data: 254)
2026-02-26 00:18:04 - spektroskopi - WARNING - RealTimePanel: UV_360nm calibrated data uzunluk uyumsuzluğu (timestamps: 1014, data: 254)
2026-02-26 00:18:04 - spektroskopi - WARNING - RealTimePanel: Blue_450nm raw data uzunluk uyumsuzluğu (timestamps: 1014, data: 254)
2026-02-26 00:18:04 - spektroskopi - WARNING - RealTimePanel: Blue_450nm calibrated data uzunluk uyumsuzluğu (timestamps: 1014, data: 254)
2026-02-26 00:18:04 - spektroskopi - WARNING - RealTimePanel: IR_850nm raw data uzunluk uyumsuzluğu (timestamps: 1014, data: 254)
2026-02-26 00:18:04 - spektroskopi - WARNING - RealTimePanel: IR_850nm calibrated data uzunluk uyumsuzluğu (timestamps: 1014, data: 254)
2026-02-26 00:18:04 - spektroskopi - WARNING - RealTimePanel: IR_940nm raw data uzunluk uyumsuzluğu (timestamps: 1014, data: 252)
2026-02-26 00:18:04 - spektroskopi - WARNING - RealTimePanel: IR_940nm calibrated data uzunluk uyumsuzluğu (timestamps: 1014, data: 252)
2026-02-26 00:18:06 - spektroskopi - WARNING - RealTimePanel: UV_360nm raw data uzunluk uyumsuzluğu (timestamps: 1014, data: 254)
2026-02-26 00:18:06 - spektroskopi - WARNING - RealTimePanel: UV_360nm calibrated data uzunluk uyumsuzluğu (timestamps: 1014, data: 254)
2026-02-26 00:18:06 - spektroskopi - WARNING - RealTimePanel: Blue_450nm raw data uzunluk uyumsuzluğu (timestamps: 1014, data: 254)
2026-02-26 00:18:06 - spektroskopi - WARNING - RealTimePanel: Blue_450nm calibrated data uzunluk uyumsuzluğu (timestamps: 1014, data: 254)
2026-02-26 00:18:06 - spektroskopi - WARNING - RealTimePanel: IR_850nm raw data uzunluk uyumsuzluğu (timestamps: 1014, data: 254)
2026-02-26 00:18:06 - spektroskopi - WARNING - RealTimePanel: IR_850nm calibrated data uzunluk uyumsuzluğu (timestamps: 1014, data: 254)
2026-02-26 00:18:06 - spektroskopi - WARNING - RealTimePanel: IR_940nm raw data uzunluk uyumsuzluğu (timestamps: 1014, data: 252)
2026-02-26 00:18:06 - spektroskopi - WARNING - RealTimePanel: IR_940nm calibrated data uzunluk uyumsuzluğu (timestamps: 1014, data: 252)
2026-02-26 00:18:07 - spektroskopi - WARNING - RealTimePanel: UV_360nm raw data uzunluk uyumsuzluğu (timestamps: 1014, data: 254)
2026-02-26 00:18:07 - spektroskopi - WARNING - RealTimePanel: UV_360nm calibrated data uzunluk uyumsuzluğu (timestamps: 1014, data: 254)
2026-02-26 00:18:07 - spektroskopi - WARNING - RealTimePanel: Blue_450nm raw data uzunluk uyumsuzluğu (timestamps: 1014, data: 254)
2026-02-26 00:18:07 - spektroskopi - WARNING - RealTimePanel: Blue_450nm calibrated data uzunluk uyumsuzluğu (timestamps: 1014, data: 254)
2026-02-26 00:18:07 - spektroskopi - WARNING - RealTimePanel: IR_850nm raw data uzunluk uyumsuzluğu (timestamps: 1014, data: 254)
2026-02-26 00:18:07 - spektroskopi - WARNING - RealTimePanel: IR_850nm calibrated data uzunluk uyumsuzluğu (timestamps: 1014, data: 254)
2026-02-26 00:18:07 - spektroskopi - WARNING - RealTimePanel: IR_940nm raw data uzunluk uyumsuzluğu (timestamps: 1014, data: 252)
2026-02-26 00:18:07 - spektroskopi - WARNING - RealTimePanel: IR_940nm calibrated data uzunluk uyumsuzluğu (timestamps: 1014, data: 252)
2026-02-26 00:18:08 - spektroskopi - WARNING - RealTimePanel: UV_360nm raw data uzunluk uyumsuzluğu (timestamps: 1014, data: 254)
2026-02-26 00:18:08 - spektroskopi - WARNING - RealTimePanel: UV_360nm calibrated data uzunluk uyumsuzluğu (timestamps: 1014, data: 254)
2026-02-26 00:18:08 - spektroskopi - WARNING - RealTimePanel: Blue_450nm raw data uzunluk uyumsuzluğu (timestamps: 1014, data: 254)
2026-02-26 00:18:08 - spektroskopi - WARNING - RealTimePanel: Blue_450nm calibrated data uzunluk uyumsuzluğu (timestamps: 1014, data: 254)
2026-02-26 00:18:08 - spektroskopi - WARNING - RealTimePanel: IR_850nm raw data uzunluk uyumsuzluğu (timestamps: 1014, data: 254)
2026-02-26 00:18:08 - spektroskopi - WARNING - RealTimePanel: IR_850nm calibrated data uzunluk uyumsuzluğu (timestamps: 1014, data: 254)
2026-02-26 00:18:08 - spektroskopi - WARNING - RealTimePanel: IR_940nm raw data uzunluk uyumsuzluğu (timestamps: 1014, data: 252)
2026-02-26 00:18:08 - spektroskopi - WARNING - RealTimePanel: IR_940nm calibrated data uzunluk uyumsuzluğu (timestamps: 1014, data: 252)
2026-02-26 00:18:09 - spektroskopi - WARNING - RealTimePanel: UV_360nm raw data uzunluk uyumsuzluğu (timestamps: 1014, data: 254)
2026-02-26 00:18:09 - spektroskopi - WARNING - RealTimePanel: UV_360nm calibrated data uzunluk uyumsuzluğu (timestamps: 1014, data: 254)
2026-02-26 00:18:09 - spektroskopi - WARNING - RealTimePanel: Blue_450nm raw data uzunluk uyumsuzluğu (timestamps: 1014, data: 254)
2026-02-26 00:18:09 - spektroskopi - WARNING - RealTimePanel: Blue_450nm calibrated data uzunluk uyumsuzluğu (timestamps: 1014, data: 254)
2026-02-26 00:18:09 - spektroskopi - WARNING - RealTimePanel: IR_850nm raw data uzunluk uyumsuzluğu (timestamps: 1014, data: 254)
2026-02-26 00:18:09 - spektroskopi - WARNING - RealTimePanel: IR_850nm calibrated data uzunluk uyumsuzluğu (timestamps: 1014, data: 254)
2026-02-26 00:18:09 - spektroskopi - WARNING - RealTimePanel: IR_940nm raw data uzunluk uyumsuzluğu (timestamps: 1014, data: 252)
2026-02-26 00:18:09 - spektroskopi - WARNING - RealTimePanel: IR_940nm calibrated data uzunluk uyumsuzluğu (timestamps: 1014, data: 252)
2026-02-26 00:18:10 - spektroskopi - WARNING - RealTimePanel: UV_360nm raw data uzunluk uyumsuzluğu (timestamps: 1014, data: 254)
2026-02-26 00:18:10 - spektroskopi - WARNING - RealTimePanel: UV_360nm calibrated data uzunluk uyumsuzluğu (timestamps: 1014, data: 254)
2026-02-26 00:18:10 - spektroskopi - WARNING - RealTimePanel: Blue_450nm raw data uzunluk uyumsuzluğu (timestamps: 1014, data: 254)
2026-02-26 00:18:10 - spektroskopi - WARNING - RealTimePanel: Blue_450nm calibrated data uzunluk uyumsuzluğu (timestamps: 1014, data: 254)
2026-02-26 00:18:10 - spektroskopi - WARNING - RealTimePanel: IR_850nm raw data uzunluk uyumsuzluğu (timestamps: 1014, data: 254)
2026-02-26 00:18:10 - spektroskopi - WARNING - RealTimePanel: IR_850nm calibrated data uzunluk uyumsuzluğu (timestamps: 1014, data: 254)
2026-02-26 00:18:10 - spektroskopi - WARNING - RealTimePanel: IR_940nm raw data uzunluk uyumsuzluğu (timestamps: 1014, data: 252)
2026-02-26 00:18:10 - spektroskopi - WARNING - RealTimePanel: IR_940nm calibrated data uzunluk uyumsuzluğu (timestamps: 1014, data: 252)
2026-02-26 00:18:11 - spektroskopi - WARNING - RealTimePanel: UV_360nm raw data uzunluk uyumsuzluğu (timestamps: 1014, data: 254)
2026-02-26 00:18:11 - spektroskopi - WARNING - RealTimePanel: UV_360nm calibrated data uzunluk uyumsuzluğu (timestamps: 1014, data: 254)
2026-02-26 00:18:11 - spektroskopi - WARNING - RealTimePanel: Blue_450nm raw data uzunluk uyumsuzluğu (timestamps: 1014, data: 254)
2026-02-26 00:18:11 - spektroskopi - WARNING - RealTimePanel: Blue_450nm calibrated data uzunluk uyumsuzluğu (timestamps: 1014, data: 254)
2026-02-26 00:18:11 - spektroskopi - WARNING - RealTimePanel: IR_850nm raw data uzunluk uyumsuzluğu (timestamps: 1014, data: 254)
2026-02-26 00:18:11 - spektroskopi - WARNING - RealTimePanel: IR_850nm calibrated data uzunluk uyumsuzluğu (timestamps: 1014, data: 254)
2026-02-26 00:18:11 - spektroskopi - WARNING - RealTimePanel: IR_940nm raw data uzunluk uyumsuzluğu (timestamps: 1014, data: 252)
2026-02-26 00:18:11 - spektroskopi - WARNING - RealTimePanel: IR_940nm calibrated data uzunluk uyumsuzluğu (timestamps: 1014, data: 252)
2026-02-26 00:18:12 - spektroskopi - WARNING - RealTimePanel: UV_360nm raw data uzunluk uyumsuzluğu (timestamps: 1014, data: 254)
2026-02-26 00:18:12 - spektroskopi - WARNING - RealTimePanel: UV_360nm calibrated data uzunluk uyumsuzluğu (timestamps: 1014, data: 254)
2026-02-26 00:18:12 - spektroskopi - WARNING - RealTimePanel: Blue_450nm raw data uzunluk uyumsuzluğu (timestamps: 1014, data: 254)
2026-02-26 00:18:12 - spektroskopi - WARNING - RealTimePanel: Blue_450nm calibrated data uzunluk uyumsuzluğu (timestamps: 1014, data: 254)
2026-02-26 00:18:12 - spektroskopi - WARNING - RealTimePanel: IR_850nm raw data uzunluk uyumsuzluğu (timestamps: 1014, data: 254)
2026-02-26 00:18:12 - spektroskopi - WARNING - RealTimePanel: IR_850nm calibrated data uzunluk uyumsuzluğu (timestamps: 1014, data: 254)
2026-02-26 00:18:12 - spektroskopi - WARNING - RealTimePanel: IR_940nm raw data uzunluk uyumsuzluğu (timestamps: 1014, data: 252)
2026-02-26 00:18:12 - spektroskopi - WARNING - RealTimePanel: IR_940nm calibrated data uzunluk uyumsuzluğu (timestamps: 1014, data: 252)
2026-02-26 00:18:13 - spektroskopi - WARNING - RealTimePanel: UV_360nm raw data uzunluk uyumsuzluğu (timestamps: 1014, data: 254)
2026-02-26 00:18:13 - spektroskopi - WARNING - RealTimePanel: UV_360nm calibrated data uzunluk uyumsuzluğu (timestamps: 1014, data: 254)
2026-02-26 00:18:13 - spektroskopi - WARNING - RealTimePanel: Blue_450nm raw data uzunluk uyumsuzluğu (timestamps: 1014, data: 254)
2026-02-26 00:18:13 - spektroskopi - WARNING - RealTimePanel: Blue_450nm calibrated data uzunluk uyumsuzluğu (timestamps: 1014, data: 254)
2026-02-26 00:18:13 - spektroskopi - WARNING - RealTimePanel: IR_850nm raw data uzunluk uyumsuzluğu (timestamps: 1014, data: 254)
2026-02-26 00:18:13 - spektroskopi - WARNING - RealTimePanel: IR_850nm calibrated data uzunluk uyumsuzluğu (timestamps: 1014, data: 254)
2026-02-26 00:18:13 - spektroskopi - WARNING - RealTimePanel: IR_940nm raw data uzunluk uyumsuzluğu (timestamps: 1014, data: 252)
2026-02-26 00:18:13 - spektroskopi - WARNING - RealTimePanel: IR_940nm calibrated data uzunluk uyumsuzluğu (timestamps: 1014, data: 252)
2026-02-26 00:18:14 - spektroskopi - WARNING - RealTimePanel: UV_360nm raw data uzunluk uyumsuzluğu (timestamps: 1014, data: 254)
2026-02-26 00:18:14 - spektroskopi - WARNING - RealTimePanel: UV_360nm calibrated data uzunluk uyumsuzluğu (timestamps: 1014, data: 254)
2026-02-26 00:18:14 - spektroskopi - WARNING - RealTimePanel: Blue_450nm raw data uzunluk uyumsuzluğu (timestamps: 1014, data: 254)
2026-02-26 00:18:14 - spektroskopi - WARNING - RealTimePanel: Blue_450nm calibrated data uzunluk uyumsuzluğu (timestamps: 1014, data: 254)
2026-02-26 00:18:14 - spektroskopi - WARNING - RealTimePanel: IR_850nm raw data uzunluk uyumsuzluğu (timestamps: 1014, data: 254)
2026-02-26 00:18:14 - spektroskopi - WARNING - RealTimePanel: IR_850nm calibrated data uzunluk uyumsuzluğu (timestamps: 1014, data: 254)
2026-02-26 00:18:14 - spektroskopi - WARNING - RealTimePanel: IR_940nm raw data uzunluk uyumsuzluğu (timestamps: 1014, data: 252)
2026-02-26 00:18:14 - spektroskopi - WARNING - RealTimePanel: IR_940nm calibrated data uzunluk uyumsuzluğu (timestamps: 1014, data: 252)
2026-02-26 00:18:15 - spektroskopi - WARNING - RealTimePanel: UV_360nm raw data uzunluk uyumsuzluğu (timestamps: 1014, data: 254)
2026-02-26 00:18:15 - spektroskopi - WARNING - RealTimePanel: UV_360nm calibrated data uzunluk uyumsuzluğu (timestamps: 1014, data: 254)
2026-02-26 00:18:15 - spektroskopi - WARNING - RealTimePanel: Blue_450nm raw data uzunluk uyumsuzluğu (timestamps: 1014, data: 254)
2026-02-26 00:18:15 - spektroskopi - WARNING - RealTimePanel: Blue_450nm calibrated data uzunluk uyumsuzluğu (timestamps: 1014, data: 254)
2026-02-26 00:18:15 - spektroskopi - WARNING - RealTimePanel: IR_850nm raw data uzunluk uyumsuzluğu (timestamps: 1014, data: 254)
2026-02-26 00:18:15 - spektroskopi - WARNING - RealTimePanel: IR_850nm calibrated data uzunluk uyumsuzluğu (timestamps: 1014, data: 254)
2026-02-26 00:18:15 - spektroskopi - WARNING - RealTimePanel: IR_940nm raw data uzunluk uyumsuzluğu (timestamps: 1014, data: 252)
2026-02-26 00:18:15 - spektroskopi - WARNING - RealTimePanel: IR_940nm calibrated data uzunluk uyumsuzluğu (timestamps: 1014, data: 252)
2026-02-26 00:18:16 - spektroskopi - WARNING - RealTimePanel: UV_360nm raw data uzunluk uyumsuzluğu (timestamps: 1014, data: 254)
2026-02-26 00:18:16 - spektroskopi - WARNING - RealTimePanel: UV_360nm calibrated data uzunluk uyumsuzluğu (timestamps: 1014, data: 254)
2026-02-26 00:18:16 - spektroskopi - WARNING - RealTimePanel: Blue_450nm raw data uzunluk uyumsuzluğu (timestamps: 1014, data: 254)
2026-02-26 00:18:16 - spektroskopi - WARNING - RealTimePanel: Blue_450nm calibrated data uzunluk uyumsuzluğu (timestamps: 1014, data: 254)
2026-02-26 00:18:16 - spektroskopi - WARNING - RealTimePanel: IR_850nm raw data uzunluk uyumsuzluğu (timestamps: 1014, data: 254)
2026-02-26 00:18:16 - spektroskopi - WARNING - RealTimePanel: IR_850nm calibrated data uzunluk uyumsuzluğu (timestamps: 1014, data: 254)
2026-02-26 00:18:16 - spektroskopi - WARNING - RealTimePanel: IR_940nm raw data uzunluk uyumsuzluğu (timestamps: 1014, data: 252)
2026-02-26 00:18:16 - spektroskopi - WARNING - RealTimePanel: IR_940nm calibrated data uzunluk uyumsuzluğu (timestamps: 1014, data: 252)
2026-02-26 00:18:17 - spektroskopi - WARNING - RealTimePanel: UV_360nm raw data uzunluk uyumsuzluğu (timestamps: 1014, data: 254)
2026-02-26 00:18:17 - spektroskopi - WARNING - RealTimePanel: UV_360nm calibrated data uzunluk uyumsuzluğu (timestamps: 1014, data: 254)
2026-02-26 00:18:17 - spektroskopi - WARNING - RealTimePanel: Blue_450nm raw data uzunluk uyumsuzluğu (timestamps: 1014, data: 254)
2026-02-26 00:18:17 - spektroskopi - WARNING - RealTimePanel: Blue_450nm calibrated data uzunluk uyumsuzluğu (timestamps: 1014, data: 254)
2026-02-26 00:18:17 - spektroskopi - WARNING - RealTimePanel: IR_850nm raw data uzunluk uyumsuzluğu (timestamps: 1014, data: 254)
2026-02-26 00:18:17 - spektroskopi - WARNING - RealTimePanel: IR_850nm calibrated data uzunluk uyumsuzluğu (timestamps: 1014, data: 254)
2026-02-26 00:18:17 - spektroskopi - WARNING - RealTimePanel: IR_940nm raw data uzunluk uyumsuzluğu (timestamps: 1014, data: 252)
2026-02-26 00:18:17 - spektroskopi - WARNING - RealTimePanel: IR_940nm calibrated data uzunluk uyumsuzluğu (timestamps: 1014, data: 252)
2026-02-26 00:18:18 - spektroskopi - WARNING - RealTimePanel: UV_360nm raw data uzunluk uyumsuzluğu (timestamps: 1014, data: 254)
2026-02-26 00:18:18 - spektroskopi - WARNING - RealTimePanel: UV_360nm calibrated data uzunluk uyumsuzluğu (timestamps: 1014, data: 254)
2026-02-26 00:18:18 - spektroskopi - WARNING - RealTimePanel: Blue_450nm raw data uzunluk uyumsuzluğu (timestamps: 1014, data: 254)
2026-02-26 00:18:18 - spektroskopi - WARNING - RealTimePanel: Blue_450nm calibrated data uzunluk uyumsuzluğu (timestamps: 1014, data: 254)
2026-02-26 00:18:18 - spektroskopi - WARNING - RealTimePanel: IR_850nm raw data uzunluk uyumsuzluğu (timestamps: 1014, data: 254)
2026-02-26 00:18:18 - spektroskopi - WARNING - RealTimePanel: IR_850nm calibrated data uzunluk uyumsuzluğu (timestamps: 1014, data: 254)
2026-02-26 00:18:18 - spektroskopi - WARNING - RealTimePanel: IR_940nm raw data uzunluk uyumsuzluğu (timestamps: 1014, data: 252)
2026-02-26 00:18:18 - spektroskopi - WARNING - RealTimePanel: IR_940nm calibrated data uzunluk uyumsuzluğu (timestamps: 1014, data: 252)
2026-02-26 00:18:19 - spektroskopi - WARNING - RealTimePanel: UV_360nm raw data uzunluk uyumsuzluğu (timestamps: 1014, data: 254)
2026-02-26 00:18:19 - spektroskopi - WARNING - RealTimePanel: UV_360nm calibrated data uzunluk uyumsuzluğu (timestamps: 1014, data: 254)
2026-02-26 00:18:19 - spektroskopi - WARNING - RealTimePanel: Blue_450nm raw data uzunluk uyumsuzluğu (timestamps: 1014, data: 254)
2026-02-26 00:18:19 - spektroskopi - WARNING - RealTimePanel: Blue_450nm calibrated data uzunluk uyumsuzluğu (timestamps: 1014, data: 254)
2026-02-26 00:18:19 - spektroskopi - WARNING - RealTimePanel: IR_850nm raw data uzunluk uyumsuzluğu (timestamps: 1014, data: 254)
2026-02-26 00:18:19 - spektroskopi - WARNING - RealTimePanel: IR_850nm calibrated data uzunluk uyumsuzluğu (timestamps: 1014, data: 254)
2026-02-26 00:18:19 - spektroskopi - WARNING - RealTimePanel: IR_940nm raw data uzunluk uyumsuzluğu (timestamps: 1014, data: 252)
2026-02-26 00:18:19 - spektroskopi - WARNING - RealTimePanel: IR_940nm calibrated data uzunluk uyumsuzluğu (timestamps: 1014, data: 252)
2026-02-26 00:18:20 - spektroskopi - WARNING - RealTimePanel: UV_360nm raw data uzunluk uyumsuzluğu (timestamps: 1014, data: 254)
2026-02-26 00:18:20 - spektroskopi - WARNING - RealTimePanel: UV_360nm calibrated data uzunluk uyumsuzluğu (timestamps: 1014, data: 254)
2026-02-26 00:18:20 - spektroskopi - WARNING - RealTimePanel: Blue_450nm raw data uzunluk uyumsuzluğu (timestamps: 1014, data: 254)
2026-02-26 00:18:20 - spektroskopi - WARNING - RealTimePanel: Blue_450nm calibrated data uzunluk uyumsuzluğu (timestamps: 1014, data: 254)
2026-02-26 00:18:20 - spektroskopi - WARNING - RealTimePanel: IR_850nm raw data uzunluk uyumsuzluğu (timestamps: 1014, data: 254)
2026-02-26 00:18:20 - spektroskopi - WARNING - RealTimePanel: IR_850nm calibrated data uzunluk uyumsuzluğu (timestamps: 1014, data: 254)
2026-02-26 00:18:20 - spektroskopi - WARNING - RealTimePanel: IR_940nm raw data uzunluk uyumsuzluğu (timestamps: 1014, data: 252)
2026-02-26 00:18:20 - spektroskopi - WARNING - RealTimePanel: IR_940nm calibrated data uzunluk uyumsuzluğu (timestamps: 1014, data: 252)
2026-02-26 00:18:21 - spektroskopi - WARNING - RealTimePanel: UV_360nm raw data uzunluk uyumsuzluğu (timestamps: 1014, data: 254)
2026-02-26 00:18:21 - spektroskopi - WARNING - RealTimePanel: UV_360nm calibrated data uzunluk uyumsuzluğu (timestamps: 1014, data: 254)
2026-02-26 00:18:21 - spektroskopi - WARNING - RealTimePanel: Blue_450nm raw data uzunluk uyumsuzluğu (timestamps: 1014, data: 254)
2026-02-26 00:18:21 - spektroskopi - WARNING - RealTimePanel: Blue_450nm calibrated data uzunluk uyumsuzluğu (timestamps: 1014, data: 254)
2026-02-26 00:18:21 - spektroskopi - WARNING - RealTimePanel: IR_850nm raw data uzunluk uyumsuzluğu (timestamps: 1014, data: 254)
2026-02-26 00:18:21 - spektroskopi - WARNING - RealTimePanel: IR_850nm calibrated data uzunluk uyumsuzluğu (timestamps: 1014, data: 254)
2026-02-26 00:18:21 - spektroskopi - WARNING - RealTimePanel: IR_940nm raw data uzunluk uyumsuzluğu (timestamps: 1014, data: 252)
2026-02-26 00:18:21 - spektroskopi - WARNING - RealTimePanel: IR_940nm calibrated data uzunluk uyumsuzluğu (timestamps: 1014, data: 252)
2026-02-26 00:18:22 - spektroskopi - WARNING - RealTimePanel: UV_360nm raw data uzunluk uyumsuzluğu (timestamps: 1014, data: 254)
2026-02-26 00:18:22 - spektroskopi - WARNING - RealTimePanel: UV_360nm calibrated data uzunluk uyumsuzluğu (timestamps: 1014, data: 254)
2026-02-26 00:18:22 - spektroskopi - WARNING - RealTimePanel: Blue_450nm raw data uzunluk uyumsuzluğu (timestamps: 1014, data: 254)
2026-02-26 00:18:22 - spektroskopi - WARNING - RealTimePanel: Blue_450nm calibrated data uzunluk uyumsuzluğu (timestamps: 1014, data: 254)
2026-02-26 00:18:22 - spektroskopi - WARNING - RealTimePanel: IR_850nm raw data uzunluk uyumsuzluğu (timestamps: 1014, data: 254)
2026-02-26 00:18:22 - spektroskopi - WARNING - RealTimePanel: IR_850nm calibrated data uzunluk uyumsuzluğu (timestamps: 1014, data: 254)
2026-02-26 00:18:22 - spektroskopi - WARNING - RealTimePanel: IR_940nm raw data uzunluk uyumsuzluğu (timestamps: 1014, data: 252)
2026-02-26 00:18:22 - spektroskopi - WARNING - RealTimePanel: IR_940nm calibrated data uzunluk uyumsuzluğu (timestamps: 1014, data: 252)
2026-02-26 00:18:23 - spektroskopi - WARNING - RealTimePanel: UV_360nm raw data uzunluk uyumsuzluğu (timestamps: 1014, data: 254)
2026-02-26 00:18:23 - spektroskopi - WARNING - RealTimePanel: UV_360nm calibrated data uzunluk uyumsuzluğu (timestamps: 1014, data: 254)
2026-02-26 00:18:23 - spektroskopi - WARNING - RealTimePanel: Blue_450nm raw data uzunluk uyumsuzluğu (timestamps: 1014, data: 254)
2026-02-26 00:18:23 - spektroskopi - WARNING - RealTimePanel: Blue_450nm calibrated data uzunluk uyumsuzluğu (timestamps: 1014, data: 254)
2026-02-26 00:18:23 - spektroskopi - WARNING - RealTimePanel: IR_850nm raw data uzunluk uyumsuzluğu (timestamps: 1014, data: 254)
2026-02-26 00:18:23 - spektroskopi - WARNING - RealTimePanel: IR_850nm calibrated data uzunluk uyumsuzluğu (timestamps: 1014, data: 254)
2026-02-26 00:18:23 - spektroskopi - WARNING - RealTimePanel: IR_940nm raw data uzunluk uyumsuzluğu (timestamps: 1014, data: 252)
2026-02-26 00:18:23 - spektroskopi - WARNING - RealTimePanel: IR_940nm calibrated data uzunluk uyumsuzluğu (timestamps: 1014, data: 252)
2026-02-26 00:18:24 - spektroskopi - WARNING - RealTimePanel: UV_360nm raw data uzunluk uyumsuzluğu (timestamps: 1014, data: 254)
2026-02-26 00:18:24 - spektroskopi - WARNING - RealTimePanel: UV_360nm calibrated data uzunluk uyumsuzluğu (timestamps: 1014, data: 254)
2026-02-26 00:18:24 - spektroskopi - WARNING - RealTimePanel: Blue_450nm raw data uzunluk uyumsuzluğu (timestamps: 1014, data: 254)
2026-02-26 00:18:24 - spektroskopi - WARNING - RealTimePanel: Blue_450nm calibrated data uzunluk uyumsuzluğu (timestamps: 1014, data: 254)
2026-02-26 00:18:24 - spektroskopi - WARNING - RealTimePanel: IR_850nm raw data uzunluk uyumsuzluğu (timestamps: 1014, data: 254)
2026-02-26 00:18:24 - spektroskopi - WARNING - RealTimePanel: IR_850nm calibrated data uzunluk uyumsuzluğu (timestamps: 1014, data: 254)
2026-02-26 00:18:24 - spektroskopi - WARNING - RealTimePanel: IR_940nm raw data uzunluk uyumsuzluğu (timestamps: 1014, data: 252)
2026-02-26 00:18:24 - spektroskopi - WARNING - RealTimePanel: IR_940nm calibrated data uzunluk uyumsuzluğu (timestamps: 1014, data: 252)
2026-02-26 00:18:25 - spektroskopi - WARNING - RealTimePanel: UV_360nm raw data uzunluk uyumsuzluğu (timestamps: 1014, data: 254)
2026-02-26 00:18:25 - spektroskopi - WARNING - RealTimePanel: UV_360nm calibrated data uzunluk uyumsuzluğu (timestamps: 1014, data: 254)
2026-02-26 00:18:25 - spektroskopi - WARNING - RealTimePanel: Blue_450nm raw data uzunluk uyumsuzluğu (timestamps: 1014, data: 254)
2026-02-26 00:18:25 - spektroskopi - WARNING - RealTimePanel: Blue_450nm calibrated data uzunluk uyumsuzluğu (timestamps: 1014, data: 254)
2026-02-26 00:18:25 - spektroskopi - WARNING - RealTimePanel: IR_850nm raw data uzunluk uyumsuzluğu (timestamps: 1014, data: 254)
2026-02-26 00:18:25 - spektroskopi - WARNING - RealTimePanel: IR_850nm calibrated data uzunluk uyumsuzluğu (timestamps: 1014, data: 254)
2026-02-26 00:18:25 - spektroskopi - WARNING - RealTimePanel: IR_940nm raw data uzunluk uyumsuzluğu (timestamps: 1014, data: 252)
2026-02-26 00:18:25 - spektroskopi - WARNING - RealTimePanel: IR_940nm calibrated data uzunluk uyumsuzluğu (timestamps: 1014, data: 252)
2026-02-26 00:18:26 - spektroskopi - WARNING - RealTimePanel: UV_360nm raw data uzunluk uyumsuzluğu (timestamps: 1014, data: 254)
2026-02-26 00:18:26 - spektroskopi - WARNING - RealTimePanel: UV_360nm calibrated data uzunluk uyumsuzluğu (timestamps: 1014, data: 254)
2026-02-26 00:18:26 - spektroskopi - WARNING - RealTimePanel: Blue_450nm raw data uzunluk uyumsuzluğu (timestamps: 1014, data: 254)
2026-02-26 00:18:26 - spektroskopi - WARNING - RealTimePanel: Blue_450nm calibrated data uzunluk uyumsuzluğu (timestamps: 1014, data: 254)
2026-02-26 00:18:26 - spektroskopi - WARNING - RealTimePanel: IR_850nm raw data uzunluk uyumsuzluğu (timestamps: 1014, data: 254)
2026-02-26 00:18:26 - spektroskopi - WARNING - RealTimePanel: IR_850nm calibrated data uzunluk uyumsuzluğu (timestamps: 1014, data: 254)
2026-02-26 00:18:26 - spektroskopi - WARNING - RealTimePanel: IR_940nm raw data uzunluk uyumsuzluğu (timestamps: 1014, data: 252)
2026-02-26 00:18:26 - spektroskopi - WARNING - RealTimePanel: IR_940nm calibrated data uzunluk uyumsuzluğu (timestamps: 1014, data: 252)
2026-02-26 00:18:27 - spektroskopi - WARNING - RealTimePanel: UV_360nm raw data uzunluk uyumsuzluğu (timestamps: 1014, data: 254)
2026-02-26 00:18:27 - spektroskopi - WARNING - RealTimePanel: UV_360nm calibrated data uzunluk uyumsuzluğu (timestamps: 1014, data: 254)
2026-02-26 00:18:27 - spektroskopi - WARNING - RealTimePanel: Blue_450nm raw data uzunluk uyumsuzluğu (timestamps: 1014, data: 254)
2026-02-26 00:18:27 - spektroskopi - WARNING - RealTimePanel: Blue_450nm calibrated data uzunluk uyumsuzluğu (timestamps: 1014, data: 254)
2026-02-26 00:18:27 - spektroskopi - WARNING - RealTimePanel: IR_850nm raw data uzunluk uyumsuzluğu (timestamps: 1014, data: 254)
2026-02-26 00:18:27 - spektroskopi - WARNING - RealTimePanel: IR_850nm calibrated data uzunluk uyumsuzluğu (timestamps: 1014, data: 254)
2026-02-26 00:18:27 - spektroskopi - WARNING - RealTimePanel: IR_940nm raw data uzunluk uyumsuzluğu (timestamps: 1014, data: 252)
2026-02-26 00:18:27 - spektroskopi - WARNING - RealTimePanel: IR_940nm calibrated data uzunluk uyumsuzluğu (timestamps: 1014, data: 252)
2026-02-26 00:18:28 - spektroskopi - WARNING - RealTimePanel: UV_360nm raw data uzunluk uyumsuzluğu (timestamps: 1014, data: 254)
2026-02-26 00:18:28 - spektroskopi - WARNING - RealTimePanel: UV_360nm calibrated data uzunluk uyumsuzluğu (timestamps: 1014, data: 254)
2026-02-26 00:18:28 - spektroskopi - WARNING - RealTimePanel: Blue_450nm raw data uzunluk uyumsuzluğu (timestamps: 1014, data: 254)
2026-02-26 00:18:28 - spektroskopi - WARNING - RealTimePanel: Blue_450nm calibrated data uzunluk uyumsuzluğu (timestamps: 1014, data: 254)
2026-02-26 00:18:28 - spektroskopi - WARNING - RealTimePanel: IR_850nm raw data uzunluk uyumsuzluğu (timestamps: 1014, data: 254)
2026-02-26 00:18:28 - spektroskopi - WARNING - RealTimePanel: IR_850nm calibrated data uzunluk uyumsuzluğu (timestamps: 1014, data: 254)
2026-02-26 00:18:28 - spektroskopi - WARNING - RealTimePanel: IR_940nm raw data uzunluk uyumsuzluğu (timestamps: 1014, data: 252)
2026-02-26 00:18:28 - spektroskopi - WARNING - RealTimePanel: IR_940nm calibrated data uzunluk uyumsuzluğu (timestamps: 1014, data: 252)
2026-02-26 00:18:29 - spektroskopi - WARNING - RealTimePanel: UV_360nm raw data uzunluk uyumsuzluğu (timestamps: 1014, data: 254)
2026-02-26 00:18:29 - spektroskopi - WARNING - RealTimePanel: UV_360nm calibrated data uzunluk uyumsuzluğu (timestamps: 1014, data: 254)
2026-02-26 00:18:29 - spektroskopi - WARNING - RealTimePanel: Blue_450nm raw data uzunluk uyumsuzluğu (timestamps: 1014, data: 254)
2026-02-26 00:18:29 - spektroskopi - WARNING - RealTimePanel: Blue_450nm calibrated data uzunluk uyumsuzluğu (timestamps: 1014, data: 254)
2026-02-26 00:18:29 - spektroskopi - WARNING - RealTimePanel: IR_850nm raw data uzunluk uyumsuzluğu (timestamps: 1014, data: 254)
2026-02-26 00:18:29 - spektroskopi - WARNING - RealTimePanel: IR_850nm calibrated data uzunluk uyumsuzluğu (timestamps: 1014, data: 254)
2026-02-26 00:18:29 - spektroskopi - WARNING - RealTimePanel: IR_940nm raw data uzunluk uyumsuzluğu (timestamps: 1014, data: 252)
2026-02-26 00:18:29 - spektroskopi - WARNING - RealTimePanel: IR_940nm calibrated data uzunluk uyumsuzluğu (timestamps: 1014, data: 252)
2026-02-26 00:18:30 - spektroskopi - WARNING - RealTimePanel: UV_360nm raw data uzunluk uyumsuzluğu (timestamps: 1014, data: 254)
2026-02-26 00:18:30 - spektroskopi - WARNING - RealTimePanel: UV_360nm calibrated data uzunluk uyumsuzluğu (timestamps: 1014, data: 254)
2026-02-26 00:18:30 - spektroskopi - WARNING - RealTimePanel: Blue_450nm raw data uzunluk uyumsuzluğu (timestamps: 1014, data: 254)
2026-02-26 00:18:30 - spektroskopi - WARNING - RealTimePanel: Blue_450nm calibrated data uzunluk uyumsuzluğu (timestamps: 1014, data: 254)
2026-02-26 00:18:30 - spektroskopi - WARNING - RealTimePanel: IR_850nm raw data uzunluk uyumsuzluğu (timestamps: 1014, data: 254)
2026-02-26 00:18:30 - spektroskopi - WARNING - RealTimePanel: IR_850nm calibrated data uzunluk uyumsuzluğu (timestamps: 1014, data: 254)
2026-02-26 00:18:30 - spektroskopi - WARNING - RealTimePanel: IR_940nm raw data uzunluk uyumsuzluğu (timestamps: 1014, data: 252)
2026-02-26 00:18:30 - spektroskopi - WARNING - RealTimePanel: IR_940nm calibrated data uzunluk uyumsuzluğu (timestamps: 1014, data: 252)
2026-02-26 00:18:31 - spektroskopi - WARNING - RealTimePanel: UV_360nm raw data uzunluk uyumsuzluğu (timestamps: 1014, data: 254)
2026-02-26 00:18:31 - spektroskopi - WARNING - RealTimePanel: UV_360nm calibrated data uzunluk uyumsuzluğu (timestamps: 1014, data: 254)
2026-02-26 00:18:31 - spektroskopi - WARNING - RealTimePanel: Blue_450nm raw data uzunluk uyumsuzluğu (timestamps: 1014, data: 254)
2026-02-26 00:18:31 - spektroskopi - WARNING - RealTimePanel: Blue_450nm calibrated data uzunluk uyumsuzluğu (timestamps: 1014, data: 254)
2026-02-26 00:18:31 - spektroskopi - WARNING - RealTimePanel: IR_850nm raw data uzunluk uyumsuzluğu (timestamps: 1014, data: 254)
2026-02-26 00:18:31 - spektroskopi - WARNING - RealTimePanel: IR_850nm calibrated data uzunluk uyumsuzluğu (timestamps: 1014, data: 254)
2026-02-26 00:18:31 - spektroskopi - WARNING - RealTimePanel: IR_940nm raw data uzunluk uyumsuzluğu (timestamps: 1014, data: 252)
2026-02-26 00:18:31 - spektroskopi - WARNING - RealTimePanel: IR_940nm calibrated data uzunluk uyumsuzluğu (timestamps: 1014, data: 252)
2026-02-26 00:18:32 - spektroskopi - WARNING - RealTimePanel: UV_360nm raw data uzunluk uyumsuzluğu (timestamps: 1014, data: 254)
2026-02-26 00:18:32 - spektroskopi - WARNING - RealTimePanel: UV_360nm calibrated data uzunluk uyumsuzluğu (timestamps: 1014, data: 254)
2026-02-26 00:18:32 - spektroskopi - WARNING - RealTimePanel: Blue_450nm raw data uzunluk uyumsuzluğu (timestamps: 1014, data: 254)
2026-02-26 00:18:32 - spektroskopi - WARNING - RealTimePanel: Blue_450nm calibrated data uzunluk uyumsuzluğu (timestamps: 1014, data: 254)
2026-02-26 00:18:32 - spektroskopi - WARNING - RealTimePanel: IR_850nm raw data uzunluk uyumsuzluğu (timestamps: 1014, data: 254)
2026-02-26 00:18:32 - spektroskopi - WARNING - RealTimePanel: IR_850nm calibrated data uzunluk uyumsuzluğu (timestamps: 1014, data: 254)
2026-02-26 00:18:32 - spektroskopi - WARNING - RealTimePanel: IR_940nm raw data uzunluk uyumsuzluğu (timestamps: 1014, data: 252)
2026-02-26 00:18:32 - spektroskopi - WARNING - RealTimePanel: IR_940nm calibrated data uzunluk uyumsuzluğu (timestamps: 1014, data: 252)
2026-02-26 00:18:33 - spektroskopi - WARNING - RealTimePanel: UV_360nm raw data uzunluk uyumsuzluğu (timestamps: 1014, data: 254)
2026-02-26 00:18:33 - spektroskopi - WARNING - RealTimePanel: UV_360nm calibrated data uzunluk uyumsuzluğu (timestamps: 1014, data: 254)
2026-02-26 00:18:33 - spektroskopi - WARNING - RealTimePanel: Blue_450nm raw data uzunluk uyumsuzluğu (timestamps: 1014, data: 254)
2026-02-26 00:18:33 - spektroskopi - WARNING - RealTimePanel: Blue_450nm calibrated data uzunluk uyumsuzluğu (timestamps: 1014, data: 254)
2026-02-26 00:18:33 - spektroskopi - WARNING - RealTimePanel: IR_850nm raw data uzunluk uyumsuzluğu (timestamps: 1014, data: 254)
2026-02-26 00:18:33 - spektroskopi - WARNING - RealTimePanel: IR_850nm calibrated data uzunluk uyumsuzluğu (timestamps: 1014, data: 254)
2026-02-26 00:18:33 - spektroskopi - WARNING - RealTimePanel: IR_940nm raw data uzunluk uyumsuzluğu (timestamps: 1014, data: 252)
2026-02-26 00:18:33 - spektroskopi - WARNING - RealTimePanel: IR_940nm calibrated data uzunluk uyumsuzluğu (timestamps: 1014, data: 252)
2026-02-26 00:18:34 - spektroskopi - WARNING - RealTimePanel: UV_360nm raw data uzunluk uyumsuzluğu (timestamps: 1014, data: 254)
2026-02-26 00:18:34 - spektroskopi - WARNING - RealTimePanel: UV_360nm calibrated data uzunluk uyumsuzluğu (timestamps: 1014, data: 254)
2026-02-26 00:18:34 - spektroskopi - WARNING - RealTimePanel: Blue_450nm raw data uzunluk uyumsuzluğu (timestamps: 1014, data: 254)
2026-02-26 00:18:34 - spektroskopi - WARNING - RealTimePanel: Blue_450nm calibrated data uzunluk uyumsuzluğu (timestamps: 1014, data: 254)
2026-02-26 00:18:34 - spektroskopi - WARNING - RealTimePanel: IR_850nm raw data uzunluk uyumsuzluğu (timestamps: 1014, data: 254)
2026-02-26 00:18:34 - spektroskopi - WARNING - RealTimePanel: IR_850nm calibrated data uzunluk uyumsuzluğu (timestamps: 1014, data: 254)
2026-02-26 00:18:34 - spektroskopi - WARNING - RealTimePanel: IR_940nm raw data uzunluk uyumsuzluğu (timestamps: 1014, data: 252)
2026-02-26 00:18:34 - spektroskopi - WARNING - RealTimePanel: IR_940nm calibrated data uzunluk uyumsuzluğu (timestamps: 1014, data: 252)
2026-02-26 00:18:35 - spektroskopi - WARNING - RealTimePanel: UV_360nm raw data uzunluk uyumsuzluğu (timestamps: 1014, data: 254)
2026-02-26 00:18:35 - spektroskopi - WARNING - RealTimePanel: UV_360nm calibrated data uzunluk uyumsuzluğu (timestamps: 1014, data: 254)
2026-02-26 00:18:35 - spektroskopi - WARNING - RealTimePanel: Blue_450nm raw data uzunluk uyumsuzluğu (timestamps: 1014, data: 254)
2026-02-26 00:18:35 - spektroskopi - WARNING - RealTimePanel: Blue_450nm calibrated data uzunluk uyumsuzluğu (timestamps: 1014, data: 254)
2026-02-26 00:18:35 - spektroskopi - WARNING - RealTimePanel: IR_850nm raw data uzunluk uyumsuzluğu (timestamps: 1014, data: 254)
2026-02-26 00:18:35 - spektroskopi - WARNING - RealTimePanel: IR_850nm calibrated data uzunluk uyumsuzluğu (timestamps: 1014, data: 254)
2026-02-26 00:18:35 - spektroskopi - WARNING - RealTimePanel: IR_940nm raw data uzunluk uyumsuzluğu (timestamps: 1014, data: 252)
2026-02-26 00:18:35 - spektroskopi - WARNING - RealTimePanel: IR_940nm calibrated data uzunluk uyumsuzluğu (timestamps: 1014, data: 252)
2026-02-26 00:18:36 - spektroskopi - WARNING - RealTimePanel: UV_360nm raw data uzunluk uyumsuzluğu (timestamps: 1014, data: 254)
2026-02-26 00:18:36 - spektroskopi - WARNING - RealTimePanel: UV_360nm calibrated data uzunluk uyumsuzluğu (timestamps: 1014, data: 254)
2026-02-26 00:18:36 - spektroskopi - WARNING - RealTimePanel: Blue_450nm raw data uzunluk uyumsuzluğu (timestamps: 1014, data: 254)
2026-02-26 00:18:36 - spektroskopi - WARNING - RealTimePanel: Blue_450nm calibrated data uzunluk uyumsuzluğu (timestamps: 1014, data: 254)
2026-02-26 00:18:36 - spektroskopi - WARNING - RealTimePanel: IR_850nm raw data uzunluk uyumsuzluğu (timestamps: 1014, data: 254)
2026-02-26 00:18:36 - spektroskopi - WARNING - RealTimePanel: IR_850nm calibrated data uzunluk uyumsuzluğu (timestamps: 1014, data: 254)
2026-02-26 00:18:36 - spektroskopi - WARNING - RealTimePanel: IR_940nm raw data uzunluk uyumsuzluğu (timestamps: 1014, data: 252)
2026-02-26 00:18:36 - spektroskopi - WARNING - RealTimePanel: IR_940nm calibrated data uzunluk uyumsuzluğu (timestamps: 1014, data: 252)
2026-02-26 00:18:37 - spektroskopi - WARNING - RealTimePanel: UV_360nm raw data uzunluk uyumsuzluğu (timestamps: 1014, data: 254)
2026-02-26 00:18:37 - spektroskopi - WARNING - RealTimePanel: UV_360nm calibrated data uzunluk uyumsuzluğu (timestamps: 1014, data: 254)
2026-02-26 00:18:37 - spektroskopi - WARNING - RealTimePanel: Blue_450nm raw data uzunluk uyumsuzluğu (timestamps: 1014, data: 254)
2026-02-26 00:18:37 - spektroskopi - WARNING - RealTimePanel: Blue_450nm calibrated data uzunluk uyumsuzluğu (timestamps: 1014, data: 254)
2026-02-26 00:18:37 - spektroskopi - WARNING - RealTimePanel: IR_850nm raw data uzunluk uyumsuzluğu (timestamps: 1014, data: 254)
2026-02-26 00:18:37 - spektroskopi - WARNING - RealTimePanel: IR_850nm calibrated data uzunluk uyumsuzluğu (timestamps: 1014, data: 254)
2026-02-26 00:18:37 - spektroskopi - WARNING - RealTimePanel: IR_940nm raw data uzunluk uyumsuzluğu (timestamps: 1014, data: 252)
2026-02-26 00:18:37 - spektroskopi - WARNING - RealTimePanel: IR_940nm calibrated data uzunluk uyumsuzluğu (timestamps: 1014, data: 252)
2026-02-26 00:18:38 - spektroskopi - WARNING - RealTimePanel: UV_360nm raw data uzunluk uyumsuzluğu (timestamps: 1014, data: 254)
2026-02-26 00:18:38 - spektroskopi - WARNING - RealTimePanel: UV_360nm calibrated data uzunluk uyumsuzluğu (timestamps: 1014, data: 254)
2026-02-26 00:18:38 - spektroskopi - WARNING - RealTimePanel: Blue_450nm raw data uzunluk uyumsuzluğu (timestamps: 1014, data: 254)
2026-02-26 00:18:38 - spektroskopi - WARNING - RealTimePanel: Blue_450nm calibrated data uzunluk uyumsuzluğu (timestamps: 1014, data: 254)
2026-02-26 00:18:38 - spektroskopi - WARNING - RealTimePanel: IR_850nm raw data uzunluk uyumsuzluğu (timestamps: 1014, data: 254)
2026-02-26 00:18:38 - spektroskopi - WARNING - RealTimePanel: IR_850nm calibrated data uzunluk uyumsuzluğu (timestamps: 1014, data: 254)
2026-02-26 00:18:38 - spektroskopi - WARNING - RealTimePanel: IR_940nm raw data uzunluk uyumsuzluğu (timestamps: 1014, data: 252)
2026-02-26 00:18:38 - spektroskopi - WARNING - RealTimePanel: IR_940nm calibrated data uzunluk uyumsuzluğu (timestamps: 1014, data: 252)
2026-02-26 00:18:39 - spektroskopi - WARNING - RealTimePanel: UV_360nm raw data uzunluk uyumsuzluğu (timestamps: 1014, data: 254)
2026-02-26 00:18:39 - spektroskopi - WARNING - RealTimePanel: UV_360nm calibrated data uzunluk uyumsuzluğu (timestamps: 1014, data: 254)
2026-02-26 00:18:39 - spektroskopi - WARNING - RealTimePanel: Blue_450nm raw data uzunluk uyumsuzluğu (timestamps: 1014, data: 254)
2026-02-26 00:18:39 - spektroskopi - WARNING - RealTimePanel: Blue_450nm calibrated data uzunluk uyumsuzluğu (timestamps: 1014, data: 254)
2026-02-26 00:18:39 - spektroskopi - WARNING - RealTimePanel: IR_850nm raw data uzunluk uyumsuzluğu (timestamps: 1014, data: 254)
2026-02-26 00:18:39 - spektroskopi - WARNING - RealTimePanel: IR_850nm calibrated data uzunluk uyumsuzluğu (timestamps: 1014, data: 254)
2026-02-26 00:18:39 - spektroskopi - WARNING - RealTimePanel: IR_940nm raw data uzunluk uyumsuzluğu (timestamps: 1014, data: 252)
2026-02-26 00:18:39 - spektroskopi - WARNING - RealTimePanel: IR_940nm calibrated data uzunluk uyumsuzluğu (timestamps: 1014, data: 252)
2026-02-26 00:18:40 - spektroskopi - WARNING - RealTimePanel: UV_360nm raw data uzunluk uyumsuzluğu (timestamps: 1014, data: 254)
2026-02-26 00:18:40 - spektroskopi - WARNING - RealTimePanel: UV_360nm calibrated data uzunluk uyumsuzluğu (timestamps: 1014, data: 254)
2026-02-26 00:18:40 - spektroskopi - WARNING - RealTimePanel: Blue_450nm raw data uzunluk uyumsuzluğu (timestamps: 1014, data: 254)
2026-02-26 00:18:40 - spektroskopi - WARNING - RealTimePanel: Blue_450nm calibrated data uzunluk uyumsuzluğu (timestamps: 1014, data: 254)
2026-02-26 00:18:40 - spektroskopi - WARNING - RealTimePanel: IR_850nm raw data uzunluk uyumsuzluğu (timestamps: 1014, data: 254)
2026-02-26 00:18:40 - spektroskopi - WARNING - RealTimePanel: IR_850nm calibrated data uzunluk uyumsuzluğu (timestamps: 1014, data: 254)
2026-02-26 00:18:40 - spektroskopi - WARNING - RealTimePanel: IR_940nm raw data uzunluk uyumsuzluğu (timestamps: 1014, data: 252)
2026-02-26 00:18:40 - spektroskopi - WARNING - RealTimePanel: IR_940nm calibrated data uzunluk uyumsuzluğu (timestamps: 1014, data: 252)
2026-02-26 00:18:41 - spektroskopi - WARNING - RealTimePanel: UV_360nm raw data uzunluk uyumsuzluğu (timestamps: 1014, data: 254)
2026-02-26 00:18:41 - spektroskopi - WARNING - RealTimePanel: UV_360nm calibrated data uzunluk uyumsuzluğu (timestamps: 1014, data: 254)
2026-02-26 00:18:41 - spektroskopi - WARNING - RealTimePanel: Blue_450nm raw data uzunluk uyumsuzluğu (timestamps: 1014, data: 254)
2026-02-26 00:18:41 - spektroskopi - WARNING - RealTimePanel: Blue_450nm calibrated data uzunluk uyumsuzluğu (timestamps: 1014, data: 254)
2026-02-26 00:18:41 - spektroskopi - WARNING - RealTimePanel: IR_850nm raw data uzunluk uyumsuzluğu (timestamps: 1014, data: 254)
2026-02-26 00:18:41 - spektroskopi - WARNING - RealTimePanel: IR_850nm calibrated data uzunluk uyumsuzluğu (timestamps: 1014, data: 254)
2026-02-26 00:18:41 - spektroskopi - WARNING - RealTimePanel: IR_940nm raw data uzunluk uyumsuzluğu (timestamps: 1014, data: 252)
2026-02-26 00:18:41 - spektroskopi - WARNING - RealTimePanel: IR_940nm calibrated data uzunluk uyumsuzluğu (timestamps: 1014, data: 252)
2026-02-26 00:18:42 - spektroskopi - WARNING - RealTimePanel: UV_360nm raw data uzunluk uyumsuzluğu (timestamps: 1014, data: 254)
2026-02-26 00:18:42 - spektroskopi - WARNING - RealTimePanel: UV_360nm calibrated data uzunluk uyumsuzluğu (timestamps: 1014, data: 254)
2026-02-26 00:18:42 - spektroskopi - WARNING - RealTimePanel: Blue_450nm raw data uzunluk uyumsuzluğu (timestamps: 1014, data: 254)
2026-02-26 00:18:42 - spektroskopi - WARNING - RealTimePanel: Blue_450nm calibrated data uzunluk uyumsuzluğu (timestamps: 1014, data: 254)
2026-02-26 00:18:42 - spektroskopi - WARNING - RealTimePanel: IR_850nm raw data uzunluk uyumsuzluğu (timestamps: 1014, data: 254)
2026-02-26 00:18:42 - spektroskopi - WARNING - RealTimePanel: IR_850nm calibrated data uzunluk uyumsuzluğu (timestamps: 1014, data: 254)
2026-02-26 00:18:42 - spektroskopi - WARNING - RealTimePanel: IR_940nm raw data uzunluk uyumsuzluğu (timestamps: 1014, data: 252)
2026-02-26 00:18:42 - spektroskopi - WARNING - RealTimePanel: IR_940nm calibrated data uzunluk uyumsuzluğu (timestamps: 1014, data: 252)
2026-02-26 00:18:43 - spektroskopi - WARNING - RealTimePanel: UV_360nm raw data uzunluk uyumsuzluğu (timestamps: 1014, data: 254)
2026-02-26 00:18:43 - spektroskopi - WARNING - RealTimePanel: UV_360nm calibrated data uzunluk uyumsuzluğu (timestamps: 1014, data: 254)
2026-02-26 00:18:43 - spektroskopi - WARNING - RealTimePanel: Blue_450nm raw data uzunluk uyumsuzluğu (timestamps: 1014, data: 254)
2026-02-26 00:18:43 - spektroskopi - WARNING - RealTimePanel: Blue_450nm calibrated data uzunluk uyumsuzluğu (timestamps: 1014, data: 254)
2026-02-26 00:18:43 - spektroskopi - WARNING - RealTimePanel: IR_850nm raw data uzunluk uyumsuzluğu (timestamps: 1014, data: 254)
2026-02-26 00:18:43 - spektroskopi - WARNING - RealTimePanel: IR_850nm calibrated data uzunluk uyumsuzluğu (timestamps: 1014, data: 254)
2026-02-26 00:18:43 - spektroskopi - WARNING - RealTimePanel: IR_940nm raw data uzunluk uyumsuzluğu (timestamps: 1014, data: 252)
2026-02-26 00:18:43 - spektroskopi - WARNING - RealTimePanel: IR_940nm calibrated data uzunluk uyumsuzluğu (timestamps: 1014, data: 252)
2026-02-26 00:18:44 - spektroskopi - WARNING - RealTimePanel: UV_360nm raw data uzunluk uyumsuzluğu (timestamps: 1014, data: 254)
2026-02-26 00:18:44 - spektroskopi - WARNING - RealTimePanel: UV_360nm calibrated data uzunluk uyumsuzluğu (timestamps: 1014, data: 254)
2026-02-26 00:18:44 - spektroskopi - WARNING - RealTimePanel: Blue_450nm raw data uzunluk uyumsuzluğu (timestamps: 1014, data: 254)
2026-02-26 00:18:44 - spektroskopi - WARNING - RealTimePanel: Blue_450nm calibrated data uzunluk uyumsuzluğu (timestamps: 1014, data: 254)
2026-02-26 00:18:44 - spektroskopi - WARNING - RealTimePanel: IR_850nm raw data uzunluk uyumsuzluğu (timestamps: 1014, data: 254)
2026-02-26 00:18:44 - spektroskopi - WARNING - RealTimePanel: IR_850nm calibrated data uzunluk uyumsuzluğu (timestamps: 1014, data: 254)
2026-02-26 00:18:44 - spektroskopi - WARNING - RealTimePanel: IR_940nm raw data uzunluk uyumsuzluğu (timestamps: 1014, data: 252)
2026-02-26 00:18:44 - spektroskopi - WARNING - RealTimePanel: IR_940nm calibrated data uzunluk uyumsuzluğu (timestamps: 1014, data: 252)
2026-02-26 00:18:45 - spektroskopi - WARNING - RealTimePanel: UV_360nm raw data uzunluk uyumsuzluğu (timestamps: 1014, data: 254)
2026-02-26 00:18:45 - spektroskopi - WARNING - RealTimePanel: UV_360nm calibrated data uzunluk uyumsuzluğu (timestamps: 1014, data: 254)
2026-02-26 00:18:45 - spektroskopi - WARNING - RealTimePanel: Blue_450nm raw data uzunluk uyumsuzluğu (timestamps: 1014, data: 254)
2026-02-26 00:18:45 - spektroskopi - WARNING - RealTimePanel: Blue_450nm calibrated data uzunluk uyumsuzluğu (timestamps: 1014, data: 254)
2026-02-26 00:18:45 - spektroskopi - WARNING - RealTimePanel: IR_850nm raw data uzunluk uyumsuzluğu (timestamps: 1014, data: 254)
2026-02-26 00:18:45 - spektroskopi - WARNING - RealTimePanel: IR_850nm calibrated data uzunluk uyumsuzluğu (timestamps: 1014, data: 254)
2026-02-26 00:18:45 - spektroskopi - WARNING - RealTimePanel: IR_940nm raw data uzunluk uyumsuzluğu (timestamps: 1014, data: 252)
2026-02-26 00:18:45 - spektroskopi - WARNING - RealTimePanel: IR_940nm calibrated data uzunluk uyumsuzluğu (timestamps: 1014, data: 252)
2026-02-26 00:18:46 - spektroskopi - WARNING - RealTimePanel: UV_360nm raw data uzunluk uyumsuzluğu (timestamps: 1014, data: 254)
2026-02-26 00:18:46 - spektroskopi - WARNING - RealTimePanel: UV_360nm calibrated data uzunluk uyumsuzluğu (timestamps: 1014, data: 254)
2026-02-26 00:18:46 - spektroskopi - WARNING - RealTimePanel: Blue_450nm raw data uzunluk uyumsuzluğu (timestamps: 1014, data: 254)
2026-02-26 00:18:46 - spektroskopi - WARNING - RealTimePanel: Blue_450nm calibrated data uzunluk uyumsuzluğu (timestamps: 1014, data: 254)
2026-02-26 00:18:46 - spektroskopi - WARNING - RealTimePanel: IR_850nm raw data uzunluk uyumsuzluğu (timestamps: 1014, data: 254)
2026-02-26 00:18:46 - spektroskopi - WARNING - RealTimePanel: IR_850nm calibrated data uzunluk uyumsuzluğu (timestamps: 1014, data: 254)
2026-02-26 00:18:46 - spektroskopi - WARNING - RealTimePanel: IR_940nm raw data uzunluk uyumsuzluğu (timestamps: 1014, data: 252)
2026-02-26 00:18:46 - spektroskopi - WARNING - RealTimePanel: IR_940nm calibrated data uzunluk uyumsuzluğu (timestamps: 1014, data: 252)
2026-02-26 00:18:47 - spektroskopi - WARNING - RealTimePanel: UV_360nm raw data uzunluk uyumsuzluğu (timestamps: 1014, data: 254)
2026-02-26 00:18:47 - spektroskopi - WARNING - RealTimePanel: UV_360nm calibrated data uzunluk uyumsuzluğu (timestamps: 1014, data: 254)
2026-02-26 00:18:47 - spektroskopi - WARNING - RealTimePanel: Blue_450nm raw data uzunluk uyumsuzluğu (timestamps: 1014, data: 254)
2026-02-26 00:18:47 - spektroskopi - WARNING - RealTimePanel: Blue_450nm calibrated data uzunluk uyumsuzluğu (timestamps: 1014, data: 254)
2026-02-26 00:18:47 - spektroskopi - WARNING - RealTimePanel: IR_850nm raw data uzunluk uyumsuzluğu (timestamps: 1014, data: 254)
2026-02-26 00:18:47 - spektroskopi - WARNING - RealTimePanel: IR_850nm calibrated data uzunluk uyumsuzluğu (timestamps: 1014, data: 254)
2026-02-26 00:18:47 - spektroskopi - WARNING - RealTimePanel: IR_940nm raw data uzunluk uyumsuzluğu (timestamps: 1014, data: 252)
2026-02-26 00:18:47 - spektroskopi - WARNING - RealTimePanel: IR_940nm calibrated data uzunluk uyumsuzluğu (timestamps: 1014, data: 252)
2026-02-26 00:18:48 - spektroskopi - WARNING - RealTimePanel: UV_360nm raw data uzunluk uyumsuzluğu (timestamps: 1014, data: 254)
2026-02-26 00:18:48 - spektroskopi - WARNING - RealTimePanel: UV_360nm calibrated data uzunluk uyumsuzluğu (timestamps: 1014, data: 254)
2026-02-26 00:18:48 - spektroskopi - WARNING - RealTimePanel: Blue_450nm raw data uzunluk uyumsuzluğu (timestamps: 1014, data: 254)
2026-02-26 00:18:48 - spektroskopi - WARNING - RealTimePanel: Blue_450nm calibrated data uzunluk uyumsuzluğu (timestamps: 1014, data: 254)
2026-02-26 00:18:48 - spektroskopi - WARNING - RealTimePanel: IR_850nm raw data uzunluk uyumsuzluğu (timestamps: 1014, data: 254)
2026-02-26 00:18:48 - spektroskopi - WARNING - RealTimePanel: IR_850nm calibrated data uzunluk uyumsuzluğu (timestamps: 1014, data: 254)
2026-02-26 00:18:48 - spektroskopi - WARNING - RealTimePanel: IR_940nm raw data uzunluk uyumsuzluğu (timestamps: 1014, data: 252)
2026-02-26 00:18:48 - spektroskopi - WARNING - RealTimePanel: IR_940nm calibrated data uzunluk uyumsuzluğu (timestamps: 1014, data: 252)
2026-02-26 00:18:49 - spektroskopi - WARNING - RealTimePanel: UV_360nm raw data uzunluk uyumsuzluğu (timestamps: 1014, data: 254)
2026-02-26 00:18:49 - spektroskopi - WARNING - RealTimePanel: UV_360nm calibrated data uzunluk uyumsuzluğu (timestamps: 1014, data: 254)
2026-02-26 00:18:49 - spektroskopi - WARNING - RealTimePanel: Blue_450nm raw data uzunluk uyumsuzluğu (timestamps: 1014, data: 254)
2026-02-26 00:18:49 - spektroskopi - WARNING - RealTimePanel: Blue_450nm calibrated data uzunluk uyumsuzluğu (timestamps: 1014, data: 254)
2026-02-26 00:18:49 - spektroskopi - WARNING - RealTimePanel: IR_850nm raw data uzunluk uyumsuzluğu (timestamps: 1014, data: 254)
2026-02-26 00:18:49 - spektroskopi - WARNING - RealTimePanel: IR_850nm calibrated data uzunluk uyumsuzluğu (timestamps: 1014, data: 254)
2026-02-26 00:18:49 - spektroskopi - WARNING - RealTimePanel: IR_940nm raw data uzunluk uyumsuzluğu (timestamps: 1014, data: 252)
2026-02-26 00:18:49 - spektroskopi - WARNING - RealTimePanel: IR_940nm calibrated data uzunluk uyumsuzluğu (timestamps: 1014, data: 252)
2026-02-26 00:18:50 - spektroskopi - WARNING - RealTimePanel: UV_360nm raw data uzunluk uyumsuzluğu (timestamps: 1014, data: 254)
2026-02-26 00:18:50 - spektroskopi - WARNING - RealTimePanel: UV_360nm calibrated data uzunluk uyumsuzluğu (timestamps: 1014, data: 254)
2026-02-26 00:18:50 - spektroskopi - WARNING - RealTimePanel: Blue_450nm raw data uzunluk uyumsuzluğu (timestamps: 1014, data: 254)
2026-02-26 00:18:50 - spektroskopi - WARNING - RealTimePanel: Blue_450nm calibrated data uzunluk uyumsuzluğu (timestamps: 1014, data: 254)
2026-02-26 00:18:50 - spektroskopi - WARNING - RealTimePanel: IR_850nm raw data uzunluk uyumsuzluğu (timestamps: 1014, data: 254)
2026-02-26 00:18:50 - spektroskopi - WARNING - RealTimePanel: IR_850nm calibrated data uzunluk uyumsuzluğu (timestamps: 1014, data: 254)
2026-02-26 00:18:50 - spektroskopi - WARNING - RealTimePanel: IR_940nm raw data uzunluk uyumsuzluğu (timestamps: 1014, data: 252)
2026-02-26 00:18:50 - spektroskopi - WARNING - RealTimePanel: IR_940nm calibrated data uzunluk uyumsuzluğu (timestamps: 1014, data: 252)
2026-02-26 00:18:51 - spektroskopi - WARNING - RealTimePanel: UV_360nm raw data uzunluk uyumsuzluğu (timestamps: 1014, data: 254)
2026-02-26 00:18:51 - spektroskopi - WARNING - RealTimePanel: UV_360nm calibrated data uzunluk uyumsuzluğu (timestamps: 1014, data: 254)
2026-02-26 00:18:51 - spektroskopi - WARNING - RealTimePanel: Blue_450nm raw data uzunluk uyumsuzluğu (timestamps: 1014, data: 254)
2026-02-26 00:18:51 - spektroskopi - WARNING - RealTimePanel: Blue_450nm calibrated data uzunluk uyumsuzluğu (timestamps: 1014, data: 254)
2026-02-26 00:18:51 - spektroskopi - WARNING - RealTimePanel: IR_850nm raw data uzunluk uyumsuzluğu (timestamps: 1014, data: 254)
2026-02-26 00:18:51 - spektroskopi - WARNING - RealTimePanel: IR_850nm calibrated data uzunluk uyumsuzluğu (timestamps: 1014, data: 254)
2026-02-26 00:18:51 - spektroskopi - WARNING - RealTimePanel: IR_940nm raw data uzunluk uyumsuzluğu (timestamps: 1014, data: 252)
2026-02-26 00:18:51 - spektroskopi - WARNING - RealTimePanel: IR_940nm calibrated data uzunluk uyumsuzluğu (timestamps: 1014, data: 252)
2026-02-26 00:18:52 - spektroskopi - WARNING - RealTimePanel: UV_360nm raw data uzunluk uyumsuzluğu (timestamps: 1014, data: 254)
2026-02-26 00:18:52 - spektroskopi - WARNING - RealTimePanel: UV_360nm calibrated data uzunluk uyumsuzluğu (timestamps: 1014, data: 254)
2026-02-26 00:18:52 - spektroskopi - WARNING - RealTimePanel: Blue_450nm raw data uzunluk uyumsuzluğu (timestamps: 1014, data: 254)
2026-02-26 00:18:52 - spektroskopi - WARNING - RealTimePanel: Blue_450nm calibrated data uzunluk uyumsuzluğu (timestamps: 1014, data: 254)
2026-02-26 00:18:52 - spektroskopi - WARNING - RealTimePanel: IR_850nm raw data uzunluk uyumsuzluğu (timestamps: 1014, data: 254)
2026-02-26 00:18:52 - spektroskopi - WARNING - RealTimePanel: IR_850nm calibrated data uzunluk uyumsuzluğu (timestamps: 1014, data: 254)
2026-02-26 00:18:52 - spektroskopi - WARNING - RealTimePanel: IR_940nm raw data uzunluk uyumsuzluğu (timestamps: 1014, data: 252)
2026-02-26 00:18:52 - spektroskopi - WARNING - RealTimePanel: IR_940nm calibrated data uzunluk uyumsuzluğu (timestamps: 1014, data: 252)
2026-02-26 00:18:53 - spektroskopi - WARNING - RealTimePanel: UV_360nm raw data uzunluk uyumsuzluğu (timestamps: 1014, data: 254)
2026-02-26 00:18:53 - spektroskopi - WARNING - RealTimePanel: UV_360nm calibrated data uzunluk uyumsuzluğu (timestamps: 1014, data: 254)
2026-02-26 00:18:53 - spektroskopi - WARNING - RealTimePanel: Blue_450nm raw data uzunluk uyumsuzluğu (timestamps: 1014, data: 254)
2026-02-26 00:18:53 - spektroskopi - WARNING - RealTimePanel: Blue_450nm calibrated data uzunluk uyumsuzluğu (timestamps: 1014, data: 254)
2026-02-26 00:18:53 - spektroskopi - WARNING - RealTimePanel: IR_850nm raw data uzunluk uyumsuzluğu (timestamps: 1014, data: 254)
2026-02-26 00:18:53 - spektroskopi - WARNING - RealTimePanel: IR_850nm calibrated data uzunluk uyumsuzluğu (timestamps: 1014, data: 254)
2026-02-26 00:18:53 - spektroskopi - WARNING - RealTimePanel: IR_940nm raw data uzunluk uyumsuzluğu (timestamps: 1014, data: 252)
2026-02-26 00:18:53 - spektroskopi - WARNING - RealTimePanel: IR_940nm calibrated data uzunluk uyumsuzluğu (timestamps: 1014, data: 252)
2026-02-26 00:18:54 - spektroskopi - WARNING - RealTimePanel: UV_360nm raw data uzunluk uyumsuzluğu (timestamps: 1014, data: 254)
2026-02-26 00:18:54 - spektroskopi - WARNING - RealTimePanel: UV_360nm calibrated data uzunluk uyumsuzluğu (timestamps: 1014, data: 254)
2026-02-26 00:18:54 - spektroskopi - WARNING - RealTimePanel: Blue_450nm raw data uzunluk uyumsuzluğu (timestamps: 1014, data: 254)
2026-02-26 00:18:54 - spektroskopi - WARNING - RealTimePanel: Blue_450nm calibrated data uzunluk uyumsuzluğu (timestamps: 1014, data: 254)
2026-02-26 00:18:54 - spektroskopi - WARNING - RealTimePanel: IR_850nm raw data uzunluk uyumsuzluğu (timestamps: 1014, data: 254)
2026-02-26 00:18:54 - spektroskopi - WARNING - RealTimePanel: IR_850nm calibrated data uzunluk uyumsuzluğu (timestamps: 1014, data: 254)
2026-02-26 00:18:54 - spektroskopi - WARNING - RealTimePanel: IR_940nm raw data uzunluk uyumsuzluğu (timestamps: 1014, data: 252)
2026-02-26 00:18:54 - spektroskopi - WARNING - RealTimePanel: IR_940nm calibrated data uzunluk uyumsuzluğu (timestamps: 1014, data: 252)
2026-02-26 00:18:55 - spektroskopi - WARNING - RealTimePanel: UV_360nm raw data uzunluk uyumsuzluğu (timestamps: 1014, data: 254)
2026-02-26 00:18:55 - spektroskopi - WARNING - RealTimePanel: UV_360nm calibrated data uzunluk uyumsuzluğu (timestamps: 1014, data: 254)
2026-02-26 00:18:55 - spektroskopi - WARNING - RealTimePanel: Blue_450nm raw data uzunluk uyumsuzluğu (timestamps: 1014, data: 254)
2026-02-26 00:18:55 - spektroskopi - WARNING - RealTimePanel: Blue_450nm calibrated data uzunluk uyumsuzluğu (timestamps: 1014, data: 254)
2026-02-26 00:18:55 - spektroskopi - WARNING - RealTimePanel: IR_850nm raw data uzunluk uyumsuzluğu (timestamps: 1014, data: 254)
2026-02-26 00:18:55 - spektroskopi - WARNING - RealTimePanel: IR_850nm calibrated data uzunluk uyumsuzluğu (timestamps: 1014, data: 254)
2026-02-26 00:18:55 - spektroskopi - WARNING - RealTimePanel: IR_940nm raw data uzunluk uyumsuzluğu (timestamps: 1014, data: 252)
2026-02-26 00:18:55 - spektroskopi - WARNING - RealTimePanel: IR_940nm calibrated data uzunluk uyumsuzluğu (timestamps: 1014, data: 252)
2026-02-26 00:18:56 - spektroskopi - WARNING - RealTimePanel: UV_360nm raw data uzunluk uyumsuzluğu (timestamps: 1014, data: 254)
2026-02-26 00:18:56 - spektroskopi - WARNING - RealTimePanel: UV_360nm calibrated data uzunluk uyumsuzluğu (timestamps: 1014, data: 254)
2026-02-26 00:18:56 - spektroskopi - WARNING - RealTimePanel: Blue_450nm raw data uzunluk uyumsuzluğu (timestamps: 1014, data: 254)
2026-02-26 00:18:56 - spektroskopi - WARNING - RealTimePanel: Blue_450nm calibrated data uzunluk uyumsuzluğu (timestamps: 1014, data: 254)
2026-02-26 00:18:56 - spektroskopi - WARNING - RealTimePanel: IR_850nm raw data uzunluk uyumsuzluğu (timestamps: 1014, data: 254)
2026-02-26 00:18:56 - spektroskopi - WARNING - RealTimePanel: IR_850nm calibrated data uzunluk uyumsuzluğu (timestamps: 1014, data: 254)
2026-02-26 00:18:56 - spektroskopi - WARNING - RealTimePanel: IR_940nm raw data uzunluk uyumsuzluğu (timestamps: 1014, data: 252)
2026-02-26 00:18:56 - spektroskopi - WARNING - RealTimePanel: IR_940nm calibrated data uzunluk uyumsuzluğu (timestamps: 1014, data: 252)
2026-02-26 00:18:57 - spektroskopi - WARNING - RealTimePanel: UV_360nm raw data uzunluk uyumsuzluğu (timestamps: 1014, data: 254)
2026-02-26 00:18:57 - spektroskopi - WARNING - RealTimePanel: UV_360nm calibrated data uzunluk uyumsuzluğu (timestamps: 1014, data: 254)
2026-02-26 00:18:57 - spektroskopi - WARNING - RealTimePanel: Blue_450nm raw data uzunluk uyumsuzluğu (timestamps: 1014, data: 254)
2026-02-26 00:18:57 - spektroskopi - WARNING - RealTimePanel: Blue_450nm calibrated data uzunluk uyumsuzluğu (timestamps: 1014, data: 254)
2026-02-26 00:18:57 - spektroskopi - WARNING - RealTimePanel: IR_850nm raw data uzunluk uyumsuzluğu (timestamps: 1014, data: 254)
2026-02-26 00:18:57 - spektroskopi - WARNING - RealTimePanel: IR_850nm calibrated data uzunluk uyumsuzluğu (timestamps: 1014, data: 254)
2026-02-26 00:18:57 - spektroskopi - WARNING - RealTimePanel: IR_940nm raw data uzunluk uyumsuzluğu (timestamps: 1014, data: 252)
2026-02-26 00:18:57 - spektroskopi - WARNING - RealTimePanel: IR_940nm calibrated data uzunluk uyumsuzluğu (timestamps: 1014, data: 252)
2026-02-26 00:18:58 - spektroskopi - WARNING - RealTimePanel: UV_360nm raw data uzunluk uyumsuzluğu (timestamps: 1014, data: 254)
2026-02-26 00:18:58 - spektroskopi - WARNING - RealTimePanel: UV_360nm calibrated data uzunluk uyumsuzluğu (timestamps: 1014, data: 254)
2026-02-26 00:18:58 - spektroskopi - WARNING - RealTimePanel: Blue_450nm raw data uzunluk uyumsuzluğu (timestamps: 1014, data: 254)
2026-02-26 00:18:58 - spektroskopi - WARNING - RealTimePanel: Blue_450nm calibrated data uzunluk uyumsuzluğu (timestamps: 1014, data: 254)
2026-02-26 00:18:58 - spektroskopi - WARNING - RealTimePanel: IR_850nm raw data uzunluk uyumsuzluğu (timestamps: 1014, data: 254)
2026-02-26 00:18:58 - spektroskopi - WARNING - RealTimePanel: IR_850nm calibrated data uzunluk uyumsuzluğu (timestamps: 1014, data: 254)
2026-02-26 00:18:58 - spektroskopi - WARNING - RealTimePanel: IR_940nm raw data uzunluk uyumsuzluğu (timestamps: 1014, data: 252)
2026-02-26 00:18:58 - spektroskopi - WARNING - RealTimePanel: IR_940nm calibrated data uzunluk uyumsuzluğu (timestamps: 1014, data: 252)
2026-02-26 00:18:59 - spektroskopi - WARNING - RealTimePanel: UV_360nm raw data uzunluk uyumsuzluğu (timestamps: 1014, data: 254)
2026-02-26 00:18:59 - spektroskopi - WARNING - RealTimePanel: UV_360nm calibrated data uzunluk uyumsuzluğu (timestamps: 1014, data: 254)
2026-02-26 00:18:59 - spektroskopi - WARNING - RealTimePanel: Blue_450nm raw data uzunluk uyumsuzluğu (timestamps: 1014, data: 254)
2026-02-26 00:18:59 - spektroskopi - WARNING - RealTimePanel: Blue_450nm calibrated data uzunluk uyumsuzluğu (timestamps: 1014, data: 254)
2026-02-26 00:18:59 - spektroskopi - WARNING - RealTimePanel: IR_850nm raw data uzunluk uyumsuzluğu (timestamps: 1014, data: 254)
2026-02-26 00:18:59 - spektroskopi - WARNING - RealTimePanel: IR_850nm calibrated data uzunluk uyumsuzluğu (timestamps: 1014, data: 254)
2026-02-26 00:18:59 - spektroskopi - WARNING - RealTimePanel: IR_940nm raw data uzunluk uyumsuzluğu (timestamps: 1014, data: 252)
2026-02-26 00:18:59 - spektroskopi - WARNING - RealTimePanel: IR_940nm calibrated data uzunluk uyumsuzluğu (timestamps: 1014, data: 252)
2026-02-26 00:19:00 - spektroskopi - WARNING - RealTimePanel: UV_360nm raw data uzunluk uyumsuzluğu (timestamps: 1014, data: 254)
2026-02-26 00:19:00 - spektroskopi - WARNING - RealTimePanel: UV_360nm calibrated data uzunluk uyumsuzluğu (timestamps: 1014, data: 254)
2026-02-26 00:19:00 - spektroskopi - WARNING - RealTimePanel: Blue_450nm raw data uzunluk uyumsuzluğu (timestamps: 1014, data: 254)
2026-02-26 00:19:00 - spektroskopi - WARNING - RealTimePanel: Blue_450nm calibrated data uzunluk uyumsuzluğu (timestamps: 1014, data: 254)
2026-02-26 00:19:00 - spektroskopi - WARNING - RealTimePanel: IR_850nm raw data uzunluk uyumsuzluğu (timestamps: 1014, data: 254)
2026-02-26 00:19:00 - spektroskopi - WARNING - RealTimePanel: IR_850nm calibrated data uzunluk uyumsuzluğu (timestamps: 1014, data: 254)
2026-02-26 00:19:00 - spektroskopi - WARNING - RealTimePanel: IR_940nm raw data uzunluk uyumsuzluğu (timestamps: 1014, data: 252)
2026-02-26 00:19:00 - spektroskopi - WARNING - RealTimePanel: IR_940nm calibrated data uzunluk uyumsuzluğu (timestamps: 1014, data: 252)
2026-02-26 00:19:01 - spektroskopi - WARNING - RealTimePanel: UV_360nm raw data uzunluk uyumsuzluğu (timestamps: 1014, data: 254)
2026-02-26 00:19:01 - spektroskopi - WARNING - RealTimePanel: UV_360nm calibrated data uzunluk uyumsuzluğu (timestamps: 1014, data: 254)
2026-02-26 00:19:01 - spektroskopi - WARNING - RealTimePanel: Blue_450nm raw data uzunluk uyumsuzluğu (timestamps: 1014, data: 254)
2026-02-26 00:19:01 - spektroskopi - WARNING - RealTimePanel: Blue_450nm calibrated data uzunluk uyumsuzluğu (timestamps: 1014, data: 254)
2026-02-26 00:19:01 - spektroskopi - WARNING - RealTimePanel: IR_850nm raw data uzunluk uyumsuzluğu (timestamps: 1014, data: 254)
2026-02-26 00:19:01 - spektroskopi - WARNING - RealTimePanel: IR_850nm calibrated data uzunluk uyumsuzluğu (timestamps: 1014, data: 254)
2026-02-26 00:19:01 - spektroskopi - WARNING - RealTimePanel: IR_940nm raw data uzunluk uyumsuzluğu (timestamps: 1014, data: 252)
2026-02-26 00:19:01 - spektroskopi - WARNING - RealTimePanel: IR_940nm calibrated data uzunluk uyumsuzluğu (timestamps: 1014, data: 252)
2026-02-26 00:19:02 - spektroskopi - WARNING - RealTimePanel: UV_360nm raw data uzunluk uyumsuzluğu (timestamps: 1014, data: 254)
2026-02-26 00:19:02 - spektroskopi - WARNING - RealTimePanel: UV_360nm calibrated data uzunluk uyumsuzluğu (timestamps: 1014, data: 254)
2026-02-26 00:19:02 - spektroskopi - WARNING - RealTimePanel: Blue_450nm raw data uzunluk uyumsuzluğu (timestamps: 1014, data: 254)
2026-02-26 00:19:02 - spektroskopi - WARNING - RealTimePanel: Blue_450nm calibrated data uzunluk uyumsuzluğu (timestamps: 1014, data: 254)
2026-02-26 00:19:02 - spektroskopi - WARNING - RealTimePanel: IR_850nm raw data uzunluk uyumsuzluğu (timestamps: 1014, data: 254)
2026-02-26 00:19:02 - spektroskopi - WARNING - RealTimePanel: IR_850nm calibrated data uzunluk uyumsuzluğu (timestamps: 1014, data: 254)
2026-02-26 00:19:02 - spektroskopi - WARNING - RealTimePanel: IR_940nm raw data uzunluk uyumsuzluğu (timestamps: 1014, data: 252)
2026-02-26 00:19:02 - spektroskopi - WARNING - RealTimePanel: IR_940nm calibrated data uzunluk uyumsuzluğu (timestamps: 1014, data: 252)
2026-02-26 00:19:03 - spektroskopi - WARNING - RealTimePanel: UV_360nm raw data uzunluk uyumsuzluğu (timestamps: 1014, data: 254)
2026-02-26 00:19:03 - spektroskopi - WARNING - RealTimePanel: UV_360nm calibrated data uzunluk uyumsuzluğu (timestamps: 1014, data: 254)
2026-02-26 00:19:03 - spektroskopi - WARNING - RealTimePanel: Blue_450nm raw data uzunluk uyumsuzluğu (timestamps: 1014, data: 254)
2026-02-26 00:19:03 - spektroskopi - WARNING - RealTimePanel: Blue_450nm calibrated data uzunluk uyumsuzluğu (timestamps: 1014, data: 254)
2026-02-26 00:19:03 - spektroskopi - WARNING - RealTimePanel: IR_850nm raw data uzunluk uyumsuzluğu (timestamps: 1014, data: 254)
2026-02-26 00:19:03 - spektroskopi - WARNING - RealTimePanel: IR_850nm calibrated data uzunluk uyumsuzluğu (timestamps: 1014, data: 254)
2026-02-26 00:19:03 - spektroskopi - WARNING - RealTimePanel: IR_940nm raw data uzunluk uyumsuzluğu (timestamps: 1014, data: 252)
2026-02-26 00:19:03 - spektroskopi - WARNING - RealTimePanel: IR_940nm calibrated data uzunluk uyumsuzluğu (timestamps: 1014, data: 252)
2026-02-26 00:19:04 - spektroskopi - WARNING - RealTimePanel: UV_360nm raw data uzunluk uyumsuzluğu (timestamps: 1014, data: 254)
2026-02-26 00:19:04 - spektroskopi - WARNING - RealTimePanel: UV_360nm calibrated data uzunluk uyumsuzluğu (timestamps: 1014, data: 254)
2026-02-26 00:19:04 - spektroskopi - WARNING - RealTimePanel: Blue_450nm raw data uzunluk uyumsuzluğu (timestamps: 1014, data: 254)
2026-02-26 00:19:04 - spektroskopi - WARNING - RealTimePanel: Blue_450nm calibrated data uzunluk uyumsuzluğu (timestamps: 1014, data: 254)
2026-02-26 00:19:04 - spektroskopi - WARNING - RealTimePanel: IR_850nm raw data uzunluk uyumsuzluğu (timestamps: 1014, data: 254)
2026-02-26 00:19:04 - spektroskopi - WARNING - RealTimePanel: IR_850nm calibrated data uzunluk uyumsuzluğu (timestamps: 1014, data: 254)
2026-02-26 00:19:04 - spektroskopi - WARNING - RealTimePanel: IR_940nm raw data uzunluk uyumsuzluğu (timestamps: 1014, data: 252)
2026-02-26 00:19:04 - spektroskopi - WARNING - RealTimePanel: IR_940nm calibrated data uzunluk uyumsuzluğu (timestamps: 1014, data: 252)
2026-02-26 00:19:05 - spektroskopi - WARNING - RealTimePanel: UV_360nm raw data uzunluk uyumsuzluğu (timestamps: 1014, data: 254)
2026-02-26 00:19:05 - spektroskopi - WARNING - RealTimePanel: UV_360nm calibrated data uzunluk uyumsuzluğu (timestamps: 1014, data: 254)
2026-02-26 00:19:05 - spektroskopi - WARNING - RealTimePanel: Blue_450nm raw data uzunluk uyumsuzluğu (timestamps: 1014, data: 254)
2026-02-26 00:19:05 - spektroskopi - WARNING - RealTimePanel: Blue_450nm calibrated data uzunluk uyumsuzluğu (timestamps: 1014, data: 254)
2026-02-26 00:19:05 - spektroskopi - WARNING - RealTimePanel: IR_850nm raw data uzunluk uyumsuzluğu (timestamps: 1014, data: 254)
2026-02-26 00:19:05 - spektroskopi - WARNING - RealTimePanel: IR_850nm calibrated data uzunluk uyumsuzluğu (timestamps: 1014, data: 254)
2026-02-26 00:19:05 - spektroskopi - WARNING - RealTimePanel: IR_940nm raw data uzunluk uyumsuzluğu (timestamps: 1014, data: 252)
2026-02-26 00:19:05 - spektroskopi - WARNING - RealTimePanel: IR_940nm calibrated data uzunluk uyumsuzluğu (timestamps: 1014, data: 252)
2026-02-26 00:19:06 - spektroskopi - WARNING - RealTimePanel: UV_360nm raw data uzunluk uyumsuzluğu (timestamps: 1014, data: 254)
2026-02-26 00:19:06 - spektroskopi - WARNING - RealTimePanel: UV_360nm calibrated data uzunluk uyumsuzluğu (timestamps: 1014, data: 254)
2026-02-26 00:19:06 - spektroskopi - WARNING - RealTimePanel: Blue_450nm raw data uzunluk uyumsuzluğu (timestamps: 1014, data: 254)
2026-02-26 00:19:06 - spektroskopi - WARNING - RealTimePanel: Blue_450nm calibrated data uzunluk uyumsuzluğu (timestamps: 1014, data: 254)
2026-02-26 00:19:06 - spektroskopi - WARNING - RealTimePanel: IR_850nm raw data uzunluk uyumsuzluğu (timestamps: 1014, data: 254)
2026-02-26 00:19:06 - spektroskopi - WARNING - RealTimePanel: IR_850nm calibrated data uzunluk uyumsuzluğu (timestamps: 1014, data: 254)
2026-02-26 00:19:06 - spektroskopi - WARNING - RealTimePanel: IR_940nm raw data uzunluk uyumsuzluğu (timestamps: 1014, data: 252)
2026-02-26 00:19:06 - spektroskopi - WARNING - RealTimePanel: IR_940nm calibrated data uzunluk uyumsuzluğu (timestamps: 1014, data: 252)
2026-02-26 00:19:07 - spektroskopi - WARNING - RealTimePanel: UV_360nm raw data uzunluk uyumsuzluğu (timestamps: 1014, data: 254)
2026-02-26 00:19:07 - spektroskopi - WARNING - RealTimePanel: UV_360nm calibrated data uzunluk uyumsuzluğu (timestamps: 1014, data: 254)
2026-02-26 00:19:07 - spektroskopi - WARNING - RealTimePanel: Blue_450nm raw data uzunluk uyumsuzluğu (timestamps: 1014, data: 254)
2026-02-26 00:19:07 - spektroskopi - WARNING - RealTimePanel: Blue_450nm calibrated data uzunluk uyumsuzluğu (timestamps: 1014, data: 254)
2026-02-26 00:19:07 - spektroskopi - WARNING - RealTimePanel: IR_850nm raw data uzunluk uyumsuzluğu (timestamps: 1014, data: 254)
2026-02-26 00:19:07 - spektroskopi - WARNING - RealTimePanel: IR_850nm calibrated data uzunluk uyumsuzluğu (timestamps: 1014, data: 254)
2026-02-26 00:19:07 - spektroskopi - WARNING - RealTimePanel: IR_940nm raw data uzunluk uyumsuzluğu (timestamps: 1014, data: 252)
2026-02-26 00:19:07 - spektroskopi - WARNING - RealTimePanel: IR_940nm calibrated data uzunluk uyumsuzluğu (timestamps: 1014, data: 252)
2026-02-26 00:19:08 - spektroskopi - WARNING - RealTimePanel: UV_360nm raw data uzunluk uyumsuzluğu (timestamps: 1014, data: 254)
2026-02-26 00:19:08 - spektroskopi - WARNING - RealTimePanel: UV_360nm calibrated data uzunluk uyumsuzluğu (timestamps: 1014, data: 254)
2026-02-26 00:19:08 - spektroskopi - WARNING - RealTimePanel: Blue_450nm raw data uzunluk uyumsuzluğu (timestamps: 1014, data: 254)
2026-02-26 00:19:08 - spektroskopi - WARNING - RealTimePanel: Blue_450nm calibrated data uzunluk uyumsuzluğu (timestamps: 1014, data: 254)
2026-02-26 00:19:08 - spektroskopi - WARNING - RealTimePanel: IR_850nm raw data uzunluk uyumsuzluğu (timestamps: 1014, data: 254)
2026-02-26 00:19:08 - spektroskopi - WARNING - RealTimePanel: IR_850nm calibrated data uzunluk uyumsuzluğu (timestamps: 1014, data: 254)
2026-02-26 00:19:08 - spektroskopi - WARNING - RealTimePanel: IR_940nm raw data uzunluk uyumsuzluğu (timestamps: 1014, data: 252)
2026-02-26 00:19:08 - spektroskopi - WARNING - RealTimePanel: IR_940nm calibrated data uzunluk uyumsuzluğu (timestamps: 1014, data: 252)
2026-02-26 00:19:09 - spektroskopi - WARNING - RealTimePanel: UV_360nm raw data uzunluk uyumsuzluğu (timestamps: 1014, data: 254)
2026-02-26 00:19:09 - spektroskopi - WARNING - RealTimePanel: UV_360nm calibrated data uzunluk uyumsuzluğu (timestamps: 1014, data: 254)
2026-02-26 00:19:09 - spektroskopi - WARNING - RealTimePanel: Blue_450nm raw data uzunluk uyumsuzluğu (timestamps: 1014, data: 254)
2026-02-26 00:19:09 - spektroskopi - WARNING - RealTimePanel: Blue_450nm calibrated data uzunluk uyumsuzluğu (timestamps: 1014, data: 254)
2026-02-26 00:19:09 - spektroskopi - WARNING - RealTimePanel: IR_850nm raw data uzunluk uyumsuzluğu (timestamps: 1014, data: 254)
2026-02-26 00:19:09 - spektroskopi - WARNING - RealTimePanel: IR_850nm calibrated data uzunluk uyumsuzluğu (timestamps: 1014, data: 254)
2026-02-26 00:19:09 - spektroskopi - WARNING - RealTimePanel: IR_940nm raw data uzunluk uyumsuzluğu (timestamps: 1014, data: 252)
2026-02-26 00:19:09 - spektroskopi - WARNING - RealTimePanel: IR_940nm calibrated data uzunluk uyumsuzluğu (timestamps: 1014, data: 252)
2026-02-26 00:19:10 - spektroskopi - WARNING - RealTimePanel: UV_360nm raw data uzunluk uyumsuzluğu (timestamps: 1014, data: 254)
2026-02-26 00:19:10 - spektroskopi - WARNING - RealTimePanel: UV_360nm calibrated data uzunluk uyumsuzluğu (timestamps: 1014, data: 254)
2026-02-26 00:19:10 - spektroskopi - WARNING - RealTimePanel: Blue_450nm raw data uzunluk uyumsuzluğu (timestamps: 1014, data: 254)
2026-02-26 00:19:10 - spektroskopi - WARNING - RealTimePanel: Blue_450nm calibrated data uzunluk uyumsuzluğu (timestamps: 1014, data: 254)
2026-02-26 00:19:10 - spektroskopi - WARNING - RealTimePanel: IR_850nm raw data uzunluk uyumsuzluğu (timestamps: 1014, data: 254)
2026-02-26 00:19:10 - spektroskopi - WARNING - RealTimePanel: IR_850nm calibrated data uzunluk uyumsuzluğu (timestamps: 1014, data: 254)
2026-02-26 00:19:10 - spektroskopi - WARNING - RealTimePanel: IR_940nm raw data uzunluk uyumsuzluğu (timestamps: 1014, data: 252)
2026-02-26 00:19:10 - spektroskopi - WARNING - RealTimePanel: IR_940nm calibrated data uzunluk uyumsuzluğu (timestamps: 1014, data: 252)
2026-02-26 00:19:11 - spektroskopi - WARNING - RealTimePanel: UV_360nm raw data uzunluk uyumsuzluğu (timestamps: 1014, data: 254)
2026-02-26 00:19:11 - spektroskopi - WARNING - RealTimePanel: UV_360nm calibrated data uzunluk uyumsuzluğu (timestamps: 1014, data: 254)
2026-02-26 00:19:11 - spektroskopi - WARNING - RealTimePanel: Blue_450nm raw data uzunluk uyumsuzluğu (timestamps: 1014, data: 254)
2026-02-26 00:19:11 - spektroskopi - WARNING - RealTimePanel: Blue_450nm calibrated data uzunluk uyumsuzluğu (timestamps: 1014, data: 254)
2026-02-26 00:19:11 - spektroskopi - WARNING - RealTimePanel: IR_850nm raw data uzunluk uyumsuzluğu (timestamps: 1014, data: 254)
2026-02-26 00:19:11 - spektroskopi - WARNING - RealTimePanel: IR_850nm calibrated data uzunluk uyumsuzluğu (timestamps: 1014, data: 254)
2026-02-26 00:19:11 - spektroskopi - WARNING - RealTimePanel: IR_940nm raw data uzunluk uyumsuzluğu (timestamps: 1014, data: 252)
2026-02-26 00:19:11 - spektroskopi - WARNING - RealTimePanel: IR_940nm calibrated data uzunluk uyumsuzluğu (timestamps: 1014, data: 252)
2026-02-26 00:19:12 - spektroskopi - WARNING - RealTimePanel: UV_360nm raw data uzunluk uyumsuzluğu (timestamps: 1014, data: 254)
2026-02-26 00:19:12 - spektroskopi - WARNING - RealTimePanel: UV_360nm calibrated data uzunluk uyumsuzluğu (timestamps: 1014, data: 254)
2026-02-26 00:19:12 - spektroskopi - WARNING - RealTimePanel: Blue_450nm raw data uzunluk uyumsuzluğu (timestamps: 1014, data: 254)
2026-02-26 00:19:12 - spektroskopi - WARNING - RealTimePanel: Blue_450nm calibrated data uzunluk uyumsuzluğu (timestamps: 1014, data: 254)
2026-02-26 00:19:12 - spektroskopi - WARNING - RealTimePanel: IR_850nm raw data uzunluk uyumsuzluğu (timestamps: 1014, data: 254)
2026-02-26 00:19:12 - spektroskopi - WARNING - RealTimePanel: IR_850nm calibrated data uzunluk uyumsuzluğu (timestamps: 1014, data: 254)
2026-02-26 00:19:12 - spektroskopi - WARNING - RealTimePanel: IR_940nm raw data uzunluk uyumsuzluğu (timestamps: 1014, data: 252)
2026-02-26 00:19:12 - spektroskopi - WARNING - RealTimePanel: IR_940nm calibrated data uzunluk uyumsuzluğu (timestamps: 1014, data: 252)
2026-02-26 00:19:13 - spektroskopi - WARNING - RealTimePanel: UV_360nm raw data uzunluk uyumsuzluğu (timestamps: 1014, data: 254)
2026-02-26 00:19:13 - spektroskopi - WARNING - RealTimePanel: UV_360nm calibrated data uzunluk uyumsuzluğu (timestamps: 1014, data: 254)
2026-02-26 00:19:13 - spektroskopi - WARNING - RealTimePanel: Blue_450nm raw data uzunluk uyumsuzluğu (timestamps: 1014, data: 254)
2026-02-26 00:19:13 - spektroskopi - WARNING - RealTimePanel: Blue_450nm calibrated data uzunluk uyumsuzluğu (timestamps: 1014, data: 254)
2026-02-26 00:19:13 - spektroskopi - WARNING - RealTimePanel: IR_850nm raw data uzunluk uyumsuzluğu (timestamps: 1014, data: 254)
2026-02-26 00:19:13 - spektroskopi - WARNING - RealTimePanel: IR_850nm calibrated data uzunluk uyumsuzluğu (timestamps: 1014, data: 254)
2026-02-26 00:19:13 - spektroskopi - WARNING - RealTimePanel: IR_940nm raw data uzunluk uyumsuzluğu (timestamps: 1014, data: 252)
2026-02-26 00:19:13 - spektroskopi - WARNING - RealTimePanel: IR_940nm calibrated data uzunluk uyumsuzluğu (timestamps: 1014, data: 252)
2026-02-26 00:19:14 - spektroskopi - WARNING - RealTimePanel: UV_360nm raw data uzunluk uyumsuzluğu (timestamps: 1014, data: 254)
2026-02-26 00:19:14 - spektroskopi - WARNING - RealTimePanel: UV_360nm calibrated data uzunluk uyumsuzluğu (timestamps: 1014, data: 254)
2026-02-26 00:19:14 - spektroskopi - WARNING - RealTimePanel: Blue_450nm raw data uzunluk uyumsuzluğu (timestamps: 1014, data: 254)
2026-02-26 00:19:14 - spektroskopi - WARNING - RealTimePanel: Blue_450nm calibrated data uzunluk uyumsuzluğu (timestamps: 1014, data: 254)
2026-02-26 00:19:14 - spektroskopi - WARNING - RealTimePanel: IR_850nm raw data uzunluk uyumsuzluğu (timestamps: 1014, data: 254)
2026-02-26 00:19:14 - spektroskopi - WARNING - RealTimePanel: IR_850nm calibrated data uzunluk uyumsuzluğu (timestamps: 1014, data: 254)
2026-02-26 00:19:14 - spektroskopi - WARNING - RealTimePanel: IR_940nm raw data uzunluk uyumsuzluğu (timestamps: 1014, data: 252)
2026-02-26 00:19:14 - spektroskopi - WARNING - RealTimePanel: IR_940nm calibrated data uzunluk uyumsuzluğu (timestamps: 1014, data: 252)
2026-02-26 00:19:15 - spektroskopi - WARNING - RealTimePanel: UV_360nm raw data uzunluk uyumsuzluğu (timestamps: 1014, data: 254)
2026-02-26 00:19:15 - spektroskopi - WARNING - RealTimePanel: UV_360nm calibrated data uzunluk uyumsuzluğu (timestamps: 1014, data: 254)
2026-02-26 00:19:15 - spektroskopi - WARNING - RealTimePanel: Blue_450nm raw data uzunluk uyumsuzluğu (timestamps: 1014, data: 254)
2026-02-26 00:19:15 - spektroskopi - WARNING - RealTimePanel: Blue_450nm calibrated data uzunluk uyumsuzluğu (timestamps: 1014, data: 254)
2026-02-26 00:19:15 - spektroskopi - WARNING - RealTimePanel: IR_850nm raw data uzunluk uyumsuzluğu (timestamps: 1014, data: 254)
2026-02-26 00:19:15 - spektroskopi - WARNING - RealTimePanel: IR_850nm calibrated data uzunluk uyumsuzluğu (timestamps: 1014, data: 254)
2026-02-26 00:19:15 - spektroskopi - WARNING - RealTimePanel: IR_940nm raw data uzunluk uyumsuzluğu (timestamps: 1014, data: 252)
2026-02-26 00:19:15 - spektroskopi - WARNING - RealTimePanel: IR_940nm calibrated data uzunluk uyumsuzluğu (timestamps: 1014, data: 252)
2026-02-26 00:19:16 - spektroskopi - WARNING - RealTimePanel: UV_360nm raw data uzunluk uyumsuzluğu (timestamps: 1014, data: 254)
2026-02-26 00:19:16 - spektroskopi - WARNING - RealTimePanel: UV_360nm calibrated data uzunluk uyumsuzluğu (timestamps: 1014, data: 254)
2026-02-26 00:19:16 - spektroskopi - WARNING - RealTimePanel: Blue_450nm raw data uzunluk uyumsuzluğu (timestamps: 1014, data: 254)
2026-02-26 00:19:16 - spektroskopi - WARNING - RealTimePanel: Blue_450nm calibrated data uzunluk uyumsuzluğu (timestamps: 1014, data: 254)
2026-02-26 00:19:16 - spektroskopi - WARNING - RealTimePanel: IR_850nm raw data uzunluk uyumsuzluğu (timestamps: 1014, data: 254)
2026-02-26 00:19:16 - spektroskopi - WARNING - RealTimePanel: IR_850nm calibrated data uzunluk uyumsuzluğu (timestamps: 1014, data: 254)
2026-02-26 00:19:16 - spektroskopi - WARNING - RealTimePanel: IR_940nm raw data uzunluk uyumsuzluğu (timestamps: 1014, data: 252)
2026-02-26 00:19:16 - spektroskopi - WARNING - RealTimePanel: IR_940nm calibrated data uzunluk uyumsuzluğu (timestamps: 1014, data: 252)
2026-02-26 00:19:17 - spektroskopi - WARNING - RealTimePanel: UV_360nm raw data uzunluk uyumsuzluğu (timestamps: 1014, data: 254)
2026-02-26 00:19:17 - spektroskopi - WARNING - RealTimePanel: UV_360nm calibrated data uzunluk uyumsuzluğu (timestamps: 1014, data: 254)
2026-02-26 00:19:17 - spektroskopi - WARNING - RealTimePanel: Blue_450nm raw data uzunluk uyumsuzluğu (timestamps: 1014, data: 254)
2026-02-26 00:19:17 - spektroskopi - WARNING - RealTimePanel: Blue_450nm calibrated data uzunluk uyumsuzluğu (timestamps: 1014, data: 254)
2026-02-26 00:19:17 - spektroskopi - WARNING - RealTimePanel: IR_850nm raw data uzunluk uyumsuzluğu (timestamps: 1014, data: 254)
2026-02-26 00:19:17 - spektroskopi - WARNING - RealTimePanel: IR_850nm calibrated data uzunluk uyumsuzluğu (timestamps: 1014, data: 254)
2026-02-26 00:19:17 - spektroskopi - WARNING - RealTimePanel: IR_940nm raw data uzunluk uyumsuzluğu (timestamps: 1014, data: 252)
2026-02-26 00:19:17 - spektroskopi - WARNING - RealTimePanel: IR_940nm calibrated data uzunluk uyumsuzluğu (timestamps: 1014, data: 252)
2026-02-26 00:19:18 - spektroskopi - WARNING - RealTimePanel: UV_360nm raw data uzunluk uyumsuzluğu (timestamps: 1014, data: 254)
2026-02-26 00:19:18 - spektroskopi - WARNING - RealTimePanel: UV_360nm calibrated data uzunluk uyumsuzluğu (timestamps: 1014, data: 254)
2026-02-26 00:19:18 - spektroskopi - WARNING - RealTimePanel: Blue_450nm raw data uzunluk uyumsuzluğu (timestamps: 1014, data: 254)
2026-02-26 00:19:18 - spektroskopi - WARNING - RealTimePanel: Blue_450nm calibrated data uzunluk uyumsuzluğu (timestamps: 1014, data: 254)
2026-02-26 00:19:18 - spektroskopi - WARNING - RealTimePanel: IR_850nm raw data uzunluk uyumsuzluğu (timestamps: 1014, data: 254)
2026-02-26 00:19:18 - spektroskopi - WARNING - RealTimePanel: IR_850nm calibrated data uzunluk uyumsuzluğu (timestamps: 1014, data: 254)
2026-02-26 00:19:18 - spektroskopi - WARNING - RealTimePanel: IR_940nm raw data uzunluk uyumsuzluğu (timestamps: 1014, data: 252)
2026-02-26 00:19:18 - spektroskopi - WARNING - RealTimePanel: IR_940nm calibrated data uzunluk uyumsuzluğu (timestamps: 1014, data: 252)
2026-02-26 00:19:19 - spektroskopi - WARNING - RealTimePanel: UV_360nm raw data uzunluk uyumsuzluğu (timestamps: 1014, data: 254)
2026-02-26 00:19:19 - spektroskopi - WARNING - RealTimePanel: UV_360nm calibrated data uzunluk uyumsuzluğu (timestamps: 1014, data: 254)
2026-02-26 00:19:19 - spektroskopi - WARNING - RealTimePanel: Blue_450nm raw data uzunluk uyumsuzluğu (timestamps: 1014, data: 254)
2026-02-26 00:19:19 - spektroskopi - WARNING - RealTimePanel: Blue_450nm calibrated data uzunluk uyumsuzluğu (timestamps: 1014, data: 254)
2026-02-26 00:19:19 - spektroskopi - WARNING - RealTimePanel: IR_850nm raw data uzunluk uyumsuzluğu (timestamps: 1014, data: 254)
2026-02-26 00:19:19 - spektroskopi - WARNING - RealTimePanel: IR_850nm calibrated data uzunluk uyumsuzluğu (timestamps: 1014, data: 254)
2026-02-26 00:19:19 - spektroskopi - WARNING - RealTimePanel: IR_940nm raw data uzunluk uyumsuzluğu (timestamps: 1014, data: 252)
2026-02-26 00:19:19 - spektroskopi - WARNING - RealTimePanel: IR_940nm calibrated data uzunluk uyumsuzluğu (timestamps: 1014, data: 252)
2026-02-26 00:19:20 - spektroskopi - WARNING - RealTimePanel: UV_360nm raw data uzunluk uyumsuzluğu (timestamps: 1014, data: 254)
2026-02-26 00:19:20 - spektroskopi - WARNING - RealTimePanel: UV_360nm calibrated data uzunluk uyumsuzluğu (timestamps: 1014, data: 254)
2026-02-26 00:19:20 - spektroskopi - WARNING - RealTimePanel: Blue_450nm raw data uzunluk uyumsuzluğu (timestamps: 1014, data: 254)
2026-02-26 00:19:20 - spektroskopi - WARNING - RealTimePanel: Blue_450nm calibrated data uzunluk uyumsuzluğu (timestamps: 1014, data: 254)
2026-02-26 00:19:20 - spektroskopi - WARNING - RealTimePanel: IR_850nm raw data uzunluk uyumsuzluğu (timestamps: 1014, data: 254)
2026-02-26 00:19:20 - spektroskopi - WARNING - RealTimePanel: IR_850nm calibrated data uzunluk uyumsuzluğu (timestamps: 1014, data: 254)
2026-02-26 00:19:20 - spektroskopi - WARNING - RealTimePanel: IR_940nm raw data uzunluk uyumsuzluğu (timestamps: 1014, data: 252)
2026-02-26 00:19:20 - spektroskopi - WARNING - RealTimePanel: IR_940nm calibrated data uzunluk uyumsuzluğu (timestamps: 1014, data: 252)
2026-02-26 00:19:21 - spektroskopi - WARNING - RealTimePanel: UV_360nm raw data uzunluk uyumsuzluğu (timestamps: 1014, data: 254)
2026-02-26 00:19:21 - spektroskopi - WARNING - RealTimePanel: UV_360nm calibrated data uzunluk uyumsuzluğu (timestamps: 1014, data: 254)
2026-02-26 00:19:21 - spektroskopi - WARNING - RealTimePanel: Blue_450nm raw data uzunluk uyumsuzluğu (timestamps: 1014, data: 254)
2026-02-26 00:19:21 - spektroskopi - WARNING - RealTimePanel: Blue_450nm calibrated data uzunluk uyumsuzluğu (timestamps: 1014, data: 254)
2026-02-26 00:19:21 - spektroskopi - WARNING - RealTimePanel: IR_850nm raw data uzunluk uyumsuzluğu (timestamps: 1014, data: 254)
2026-02-26 00:19:21 - spektroskopi - WARNING - RealTimePanel: IR_850nm calibrated data uzunluk uyumsuzluğu (timestamps: 1014, data: 254)
2026-02-26 00:19:21 - spektroskopi - WARNING - RealTimePanel: IR_940nm raw data uzunluk uyumsuzluğu (timestamps: 1014, data: 252)
2026-02-26 00:19:21 - spektroskopi - WARNING - RealTimePanel: IR_940nm calibrated data uzunluk uyumsuzluğu (timestamps: 1014, data: 252)
2026-02-26 00:19:22 - spektroskopi - WARNING - RealTimePanel: UV_360nm raw data uzunluk uyumsuzluğu (timestamps: 1014, data: 254)
2026-02-26 00:19:22 - spektroskopi - WARNING - RealTimePanel: UV_360nm calibrated data uzunluk uyumsuzluğu (timestamps: 1014, data: 254)
2026-02-26 00:19:22 - spektroskopi - WARNING - RealTimePanel: Blue_450nm raw data uzunluk uyumsuzluğu (timestamps: 1014, data: 254)
2026-02-26 00:19:22 - spektroskopi - WARNING - RealTimePanel: Blue_450nm calibrated data uzunluk uyumsuzluğu (timestamps: 1014, data: 254)
2026-02-26 00:19:22 - spektroskopi - WARNING - RealTimePanel: IR_850nm raw data uzunluk uyumsuzluğu (timestamps: 1014, data: 254)
2026-02-26 00:19:22 - spektroskopi - WARNING - RealTimePanel: IR_850nm calibrated data uzunluk uyumsuzluğu (timestamps: 1014, data: 254)
2026-02-26 00:19:22 - spektroskopi - WARNING - RealTimePanel: IR_940nm raw data uzunluk uyumsuzluğu (timestamps: 1014, data: 252)
2026-02-26 00:19:22 - spektroskopi - WARNING - RealTimePanel: IR_940nm calibrated data uzunluk uyumsuzluğu (timestamps: 1014, data: 252)
2026-02-26 00:19:23 - spektroskopi - WARNING - RealTimePanel: UV_360nm raw data uzunluk uyumsuzluğu (timestamps: 1014, data: 254)
2026-02-26 00:19:23 - spektroskopi - WARNING - RealTimePanel: UV_360nm calibrated data uzunluk uyumsuzluğu (timestamps: 1014, data: 254)
2026-02-26 00:19:23 - spektroskopi - WARNING - RealTimePanel: Blue_450nm raw data uzunluk uyumsuzluğu (timestamps: 1014, data: 254)
2026-02-26 00:19:23 - spektroskopi - WARNING - RealTimePanel: Blue_450nm calibrated data uzunluk uyumsuzluğu (timestamps: 1014, data: 254)
2026-02-26 00:19:23 - spektroskopi - WARNING - RealTimePanel: IR_850nm raw data uzunluk uyumsuzluğu (timestamps: 1014, data: 254)
2026-02-26 00:19:23 - spektroskopi - WARNING - RealTimePanel: IR_850nm calibrated data uzunluk uyumsuzluğu (timestamps: 1014, data: 254)
2026-02-26 00:19:23 - spektroskopi - WARNING - RealTimePanel: IR_940nm raw data uzunluk uyumsuzluğu (timestamps: 1014, data: 252)
2026-02-26 00:19:23 - spektroskopi - WARNING - RealTimePanel: IR_940nm calibrated data uzunluk uyumsuzluğu (timestamps: 1014, data: 252)
2026-02-26 00:19:24 - spektroskopi - WARNING - RealTimePanel: UV_360nm raw data uzunluk uyumsuzluğu (timestamps: 1014, data: 254)
2026-02-26 00:19:24 - spektroskopi - WARNING - RealTimePanel: UV_360nm calibrated data uzunluk uyumsuzluğu (timestamps: 1014, data: 254)
2026-02-26 00:19:24 - spektroskopi - WARNING - RealTimePanel: Blue_450nm raw data uzunluk uyumsuzluğu (timestamps: 1014, data: 254)
2026-02-26 00:19:24 - spektroskopi - WARNING - RealTimePanel: Blue_450nm calibrated data uzunluk uyumsuzluğu (timestamps: 1014, data: 254)
2026-02-26 00:19:24 - spektroskopi - WARNING - RealTimePanel: IR_850nm raw data uzunluk uyumsuzluğu (timestamps: 1014, data: 254)
2026-02-26 00:19:24 - spektroskopi - WARNING - RealTimePanel: IR_850nm calibrated data uzunluk uyumsuzluğu (timestamps: 1014, data: 254)
2026-02-26 00:19:24 - spektroskopi - WARNING - RealTimePanel: IR_940nm raw data uzunluk uyumsuzluğu (timestamps: 1014, data: 252)
2026-02-26 00:19:24 - spektroskopi - WARNING - RealTimePanel: IR_940nm calibrated data uzunluk uyumsuzluğu (timestamps: 1014, data: 252)
2026-02-26 00:19:25 - spektroskopi - WARNING - RealTimePanel: UV_360nm raw data uzunluk uyumsuzluğu (timestamps: 1014, data: 254)
2026-02-26 00:19:25 - spektroskopi - WARNING - RealTimePanel: UV_360nm calibrated data uzunluk uyumsuzluğu (timestamps: 1014, data: 254)
2026-02-26 00:19:25 - spektroskopi - WARNING - RealTimePanel: Blue_450nm raw data uzunluk uyumsuzluğu (timestamps: 1014, data: 254)
2026-02-26 00:19:25 - spektroskopi - WARNING - RealTimePanel: Blue_450nm calibrated data uzunluk uyumsuzluğu (timestamps: 1014, data: 254)
2026-02-26 00:19:25 - spektroskopi - WARNING - RealTimePanel: IR_850nm raw data uzunluk uyumsuzluğu (timestamps: 1014, data: 254)
2026-02-26 00:19:25 - spektroskopi - WARNING - RealTimePanel: IR_850nm calibrated data uzunluk uyumsuzluğu (timestamps: 1014, data: 254)
2026-02-26 00:19:25 - spektroskopi - WARNING - RealTimePanel: IR_940nm raw data uzunluk uyumsuzluğu (timestamps: 1014, data: 252)
2026-02-26 00:19:25 - spektroskopi - WARNING - RealTimePanel: IR_940nm calibrated data uzunluk uyumsuzluğu (timestamps: 1014, data: 252)
2026-02-26 00:19:26 - spektroskopi - WARNING - RealTimePanel: UV_360nm raw data uzunluk uyumsuzluğu (timestamps: 1014, data: 254)
2026-02-26 00:19:26 - spektroskopi - WARNING - RealTimePanel: UV_360nm calibrated data uzunluk uyumsuzluğu (timestamps: 1014, data: 254)
2026-02-26 00:19:26 - spektroskopi - WARNING - RealTimePanel: Blue_450nm raw data uzunluk uyumsuzluğu (timestamps: 1014, data: 254)
2026-02-26 00:19:26 - spektroskopi - WARNING - RealTimePanel: Blue_450nm calibrated data uzunluk uyumsuzluğu (timestamps: 1014, data: 254)
2026-02-26 00:19:26 - spektroskopi - WARNING - RealTimePanel: IR_850nm raw data uzunluk uyumsuzluğu (timestamps: 1014, data: 254)
2026-02-26 00:19:26 - spektroskopi - WARNING - RealTimePanel: IR_850nm calibrated data uzunluk uyumsuzluğu (timestamps: 1014, data: 254)
2026-02-26 00:19:26 - spektroskopi - WARNING - RealTimePanel: IR_940nm raw data uzunluk uyumsuzluğu (timestamps: 1014, data: 252)
2026-02-26 00:19:26 - spektroskopi - WARNING - RealTimePanel: IR_940nm calibrated data uzunluk uyumsuzluğu (timestamps: 1014, data: 252)
2026-02-26 00:19:27 - spektroskopi - WARNING - RealTimePanel: UV_360nm raw data uzunluk uyumsuzluğu (timestamps: 1014, data: 254)
2026-02-26 00:19:27 - spektroskopi - WARNING - RealTimePanel: UV_360nm calibrated data uzunluk uyumsuzluğu (timestamps: 1014, data: 254)
2026-02-26 00:19:27 - spektroskopi - WARNING - RealTimePanel: Blue_450nm raw data uzunluk uyumsuzluğu (timestamps: 1014, data: 254)
2026-02-26 00:19:27 - spektroskopi - WARNING - RealTimePanel: Blue_450nm calibrated data uzunluk uyumsuzluğu (timestamps: 1014, data: 254)
2026-02-26 00:19:27 - spektroskopi - WARNING - RealTimePanel: IR_850nm raw data uzunluk uyumsuzluğu (timestamps: 1014, data: 254)
2026-02-26 00:19:27 - spektroskopi - WARNING - RealTimePanel: IR_850nm calibrated data uzunluk uyumsuzluğu (timestamps: 1014, data: 254)
2026-02-26 00:19:27 - spektroskopi - WARNING - RealTimePanel: IR_940nm raw data uzunluk uyumsuzluğu (timestamps: 1014, data: 252)
2026-02-26 00:19:27 - spektroskopi - WARNING - RealTimePanel: IR_940nm calibrated data uzunluk uyumsuzluğu (timestamps: 1014, data: 252)
2026-02-26 00:19:28 - spektroskopi - WARNING - RealTimePanel: UV_360nm raw data uzunluk uyumsuzluğu (timestamps: 1014, data: 254)
2026-02-26 00:19:28 - spektroskopi - WARNING - RealTimePanel: UV_360nm calibrated data uzunluk uyumsuzluğu (timestamps: 1014, data: 254)
2026-02-26 00:19:28 - spektroskopi - WARNING - RealTimePanel: Blue_450nm raw data uzunluk uyumsuzluğu (timestamps: 1014, data: 254)
2026-02-26 00:19:28 - spektroskopi - WARNING - RealTimePanel: Blue_450nm calibrated data uzunluk uyumsuzluğu (timestamps: 1014, data: 254)
2026-02-26 00:19:28 - spektroskopi - WARNING - RealTimePanel: IR_850nm raw data uzunluk uyumsuzluğu (timestamps: 1014, data: 254)
2026-02-26 00:19:28 - spektroskopi - WARNING - RealTimePanel: IR_850nm calibrated data uzunluk uyumsuzluğu (timestamps: 1014, data: 254)
2026-02-26 00:19:28 - spektroskopi - WARNING - RealTimePanel: IR_940nm raw data uzunluk uyumsuzluğu (timestamps: 1014, data: 252)
2026-02-26 00:19:28 - spektroskopi - WARNING - RealTimePanel: IR_940nm calibrated data uzunluk uyumsuzluğu (timestamps: 1014, data: 252)
2026-02-26 00:19:29 - spektroskopi - WARNING - RealTimePanel: UV_360nm raw data uzunluk uyumsuzluğu (timestamps: 1014, data: 254)
2026-02-26 00:19:29 - spektroskopi - WARNING - RealTimePanel: UV_360nm calibrated data uzunluk uyumsuzluğu (timestamps: 1014, data: 254)
2026-02-26 00:19:29 - spektroskopi - WARNING - RealTimePanel: Blue_450nm raw data uzunluk uyumsuzluğu (timestamps: 1014, data: 254)
2026-02-26 00:19:29 - spektroskopi - WARNING - RealTimePanel: Blue_450nm calibrated data uzunluk uyumsuzluğu (timestamps: 1014, data: 254)
2026-02-26 00:19:29 - spektroskopi - WARNING - RealTimePanel: IR_850nm raw data uzunluk uyumsuzluğu (timestamps: 1014, data: 254)
2026-02-26 00:19:29 - spektroskopi - WARNING - RealTimePanel: IR_850nm calibrated data uzunluk uyumsuzluğu (timestamps: 1014, data: 254)
2026-02-26 00:19:29 - spektroskopi - WARNING - RealTimePanel: IR_940nm raw data uzunluk uyumsuzluğu (timestamps: 1014, data: 252)
2026-02-26 00:19:29 - spektroskopi - WARNING - RealTimePanel: IR_940nm calibrated data uzunluk uyumsuzluğu (timestamps: 1014, data: 252)
2026-02-26 00:19:30 - spektroskopi - WARNING - RealTimePanel: UV_360nm raw data uzunluk uyumsuzluğu (timestamps: 1014, data: 254)
2026-02-26 00:19:30 - spektroskopi - WARNING - RealTimePanel: UV_360nm calibrated data uzunluk uyumsuzluğu (timestamps: 1014, data: 254)
2026-02-26 00:19:30 - spektroskopi - WARNING - RealTimePanel: Blue_450nm raw data uzunluk uyumsuzluğu (timestamps: 1014, data: 254)
2026-02-26 00:19:30 - spektroskopi - WARNING - RealTimePanel: Blue_450nm calibrated data uzunluk uyumsuzluğu (timestamps: 1014, data: 254)
2026-02-26 00:19:30 - spektroskopi - WARNING - RealTimePanel: IR_850nm raw data uzunluk uyumsuzluğu (timestamps: 1014, data: 254)
2026-02-26 00:19:30 - spektroskopi - WARNING - RealTimePanel: IR_850nm calibrated data uzunluk uyumsuzluğu (timestamps: 1014, data: 254)
2026-02-26 00:19:30 - spektroskopi - WARNING - RealTimePanel: IR_940nm raw data uzunluk uyumsuzluğu (timestamps: 1014, data: 252)
2026-02-26 00:19:30 - spektroskopi - WARNING - RealTimePanel: IR_940nm calibrated data uzunluk uyumsuzluğu (timestamps: 1014, data: 252)
2026-02-26 00:19:31 - spektroskopi - WARNING - RealTimePanel: UV_360nm raw data uzunluk uyumsuzluğu (timestamps: 1014, data: 254)
2026-02-26 00:19:31 - spektroskopi - WARNING - RealTimePanel: UV_360nm calibrated data uzunluk uyumsuzluğu (timestamps: 1014, data: 254)
2026-02-26 00:19:31 - spektroskopi - WARNING - RealTimePanel: Blue_450nm raw data uzunluk uyumsuzluğu (timestamps: 1014, data: 254)
2026-02-26 00:19:31 - spektroskopi - WARNING - RealTimePanel: Blue_450nm calibrated data uzunluk uyumsuzluğu (timestamps: 1014, data: 254)
2026-02-26 00:19:31 - spektroskopi - WARNING - RealTimePanel: IR_850nm raw data uzunluk uyumsuzluğu (timestamps: 1014, data: 254)
2026-02-26 00:19:31 - spektroskopi - WARNING - RealTimePanel: IR_850nm calibrated data uzunluk uyumsuzluğu (timestamps: 1014, data: 254)
2026-02-26 00:19:31 - spektroskopi - WARNING - RealTimePanel: IR_940nm raw data uzunluk uyumsuzluğu (timestamps: 1014, data: 252)
2026-02-26 00:19:31 - spektroskopi - WARNING - RealTimePanel: IR_940nm calibrated data uzunluk uyumsuzluğu (timestamps: 1014, data: 252)
2026-02-26 00:19:32 - spektroskopi - WARNING - RealTimePanel: UV_360nm raw data uzunluk uyumsuzluğu (timestamps: 1014, data: 254)
2026-02-26 00:19:32 - spektroskopi - WARNING - RealTimePanel: UV_360nm calibrated data uzunluk uyumsuzluğu (timestamps: 1014, data: 254)
2026-02-26 00:19:32 - spektroskopi - WARNING - RealTimePanel: Blue_450nm raw data uzunluk uyumsuzluğu (timestamps: 1014, data: 254)
2026-02-26 00:19:32 - spektroskopi - WARNING - RealTimePanel: Blue_450nm calibrated data uzunluk uyumsuzluğu (timestamps: 1014, data: 254)
2026-02-26 00:19:32 - spektroskopi - WARNING - RealTimePanel: IR_850nm raw data uzunluk uyumsuzluğu (timestamps: 1014, data: 254)
2026-02-26 00:19:32 - spektroskopi - WARNING - RealTimePanel: IR_850nm calibrated data uzunluk uyumsuzluğu (timestamps: 1014, data: 254)
2026-02-26 00:19:32 - spektroskopi - WARNING - RealTimePanel: IR_940nm raw data uzunluk uyumsuzluğu (timestamps: 1014, data: 252)
2026-02-26 00:19:32 - spektroskopi - WARNING - RealTimePanel: IR_940nm calibrated data uzunluk uyumsuzluğu (timestamps: 1014, data: 252)
2026-02-26 00:19:33 - spektroskopi - WARNING - RealTimePanel: UV_360nm raw data uzunluk uyumsuzluğu (timestamps: 1014, data: 254)
2026-02-26 00:19:33 - spektroskopi - WARNING - RealTimePanel: UV_360nm calibrated data uzunluk uyumsuzluğu (timestamps: 1014, data: 254)
2026-02-26 00:19:33 - spektroskopi - WARNING - RealTimePanel: Blue_450nm raw data uzunluk uyumsuzluğu (timestamps: 1014, data: 254)
2026-02-26 00:19:33 - spektroskopi - WARNING - RealTimePanel: Blue_450nm calibrated data uzunluk uyumsuzluğu (timestamps: 1014, data: 254)
2026-02-26 00:19:33 - spektroskopi - WARNING - RealTimePanel: IR_850nm raw data uzunluk uyumsuzluğu (timestamps: 1014, data: 254)
2026-02-26 00:19:33 - spektroskopi - WARNING - RealTimePanel: IR_850nm calibrated data uzunluk uyumsuzluğu (timestamps: 1014, data: 254)
2026-02-26 00:19:33 - spektroskopi - WARNING - RealTimePanel: IR_940nm raw data uzunluk uyumsuzluğu (timestamps: 1014, data: 252)
2026-02-26 00:19:33 - spektroskopi - WARNING - RealTimePanel: IR_940nm calibrated data uzunluk uyumsuzluğu (timestamps: 1014, data: 252)
2026-02-26 00:19:34 - spektroskopi - WARNING - RealTimePanel: UV_360nm raw data uzunluk uyumsuzluğu (timestamps: 1014, data: 254)
2026-02-26 00:19:34 - spektroskopi - WARNING - RealTimePanel: UV_360nm calibrated data uzunluk uyumsuzluğu (timestamps: 1014, data: 254)
2026-02-26 00:19:34 - spektroskopi - WARNING - RealTimePanel: Blue_450nm raw data uzunluk uyumsuzluğu (timestamps: 1014, data: 254)
2026-02-26 00:19:34 - spektroskopi - WARNING - RealTimePanel: Blue_450nm calibrated data uzunluk uyumsuzluğu (timestamps: 1014, data: 254)
2026-02-26 00:19:34 - spektroskopi - WARNING - RealTimePanel: IR_850nm raw data uzunluk uyumsuzluğu (timestamps: 1014, data: 254)
2026-02-26 00:19:34 - spektroskopi - WARNING - RealTimePanel: IR_850nm calibrated data uzunluk uyumsuzluğu (timestamps: 1014, data: 254)
2026-02-26 00:19:34 - spektroskopi - WARNING - RealTimePanel: IR_940nm raw data uzunluk uyumsuzluğu (timestamps: 1014, data: 252)
2026-02-26 00:19:34 - spektroskopi - WARNING - RealTimePanel: IR_940nm calibrated data uzunluk uyumsuzluğu (timestamps: 1014, data: 252)
2026-02-26 00:19:35 - spektroskopi - WARNING - RealTimePanel: UV_360nm raw data uzunluk uyumsuzluğu (timestamps: 1014, data: 254)
2026-02-26 00:19:35 - spektroskopi - WARNING - RealTimePanel: UV_360nm calibrated data uzunluk uyumsuzluğu (timestamps: 1014, data: 254)
2026-02-26 00:19:35 - spektroskopi - WARNING - RealTimePanel: Blue_450nm raw data uzunluk uyumsuzluğu (timestamps: 1014, data: 254)
2026-02-26 00:19:35 - spektroskopi - WARNING - RealTimePanel: Blue_450nm calibrated data uzunluk uyumsuzluğu (timestamps: 1014, data: 254)
2026-02-26 00:19:35 - spektroskopi - WARNING - RealTimePanel: IR_850nm raw data uzunluk uyumsuzluğu (timestamps: 1014, data: 254)
2026-02-26 00:19:35 - spektroskopi - WARNING - RealTimePanel: IR_850nm calibrated data uzunluk uyumsuzluğu (timestamps: 1014, data: 254)
2026-02-26 00:19:35 - spektroskopi - WARNING - RealTimePanel: IR_940nm raw data uzunluk uyumsuzluğu (timestamps: 1014, data: 252)
2026-02-26 00:19:35 - spektroskopi - WARNING - RealTimePanel: IR_940nm calibrated data uzunluk uyumsuzluğu (timestamps: 1014, data: 252)
2026-02-26 00:19:36 - spektroskopi - WARNING - RealTimePanel: UV_360nm raw data uzunluk uyumsuzluğu (timestamps: 1014, data: 254)
2026-02-26 00:19:36 - spektroskopi - WARNING - RealTimePanel: UV_360nm calibrated data uzunluk uyumsuzluğu (timestamps: 1014, data: 254)
2026-02-26 00:19:36 - spektroskopi - WARNING - RealTimePanel: Blue_450nm raw data uzunluk uyumsuzluğu (timestamps: 1014, data: 254)
2026-02-26 00:19:36 - spektroskopi - WARNING - RealTimePanel: Blue_450nm calibrated data uzunluk uyumsuzluğu (timestamps: 1014, data: 254)
2026-02-26 00:19:36 - spektroskopi - WARNING - RealTimePanel: IR_850nm raw data uzunluk uyumsuzluğu (timestamps: 1014, data: 254)
2026-02-26 00:19:36 - spektroskopi - WARNING - RealTimePanel: IR_850nm calibrated data uzunluk uyumsuzluğu (timestamps: 1014, data: 254)
2026-02-26 00:19:36 - spektroskopi - WARNING - RealTimePanel: IR_940nm raw data uzunluk uyumsuzluğu (timestamps: 1014, data: 252)
2026-02-26 00:19:36 - spektroskopi - WARNING - RealTimePanel: IR_940nm calibrated data uzunluk uyumsuzluğu (timestamps: 1014, data: 252)
2026-02-26 00:19:37 - spektroskopi - WARNING - RealTimePanel: UV_360nm raw data uzunluk uyumsuzluğu (timestamps: 1014, data: 254)
2026-02-26 00:19:37 - spektroskopi - WARNING - RealTimePanel: UV_360nm calibrated data uzunluk uyumsuzluğu (timestamps: 1014, data: 254)
2026-02-26 00:19:37 - spektroskopi - WARNING - RealTimePanel: Blue_450nm raw data uzunluk uyumsuzluğu (timestamps: 1014, data: 254)
2026-02-26 00:19:37 - spektroskopi - WARNING - RealTimePanel: Blue_450nm calibrated data uzunluk uyumsuzluğu (timestamps: 1014, data: 254)
2026-02-26 00:19:37 - spektroskopi - WARNING - RealTimePanel: IR_850nm raw data uzunluk uyumsuzluğu (timestamps: 1014, data: 254)
2026-02-26 00:19:37 - spektroskopi - WARNING - RealTimePanel: IR_850nm calibrated data uzunluk uyumsuzluğu (timestamps: 1014, data: 254)
2026-02-26 00:19:37 - spektroskopi - WARNING - RealTimePanel: IR_940nm raw data uzunluk uyumsuzluğu (timestamps: 1014, data: 252)
2026-02-26 00:19:37 - spektroskopi - WARNING - RealTimePanel: IR_940nm calibrated data uzunluk uyumsuzluğu (timestamps: 1014, data: 252)
2026-02-26 00:19:38 - spektroskopi - WARNING - RealTimePanel: UV_360nm raw data uzunluk uyumsuzluğu (timestamps: 1014, data: 254)
2026-02-26 00:19:38 - spektroskopi - WARNING - RealTimePanel: UV_360nm calibrated data uzunluk uyumsuzluğu (timestamps: 1014, data: 254)
2026-02-26 00:19:38 - spektroskopi - WARNING - RealTimePanel: Blue_450nm raw data uzunluk uyumsuzluğu (timestamps: 1014, data: 254)
2026-02-26 00:19:38 - spektroskopi - WARNING - RealTimePanel: Blue_450nm calibrated data uzunluk uyumsuzluğu (timestamps: 1014, data: 254)
2026-02-26 00:19:38 - spektroskopi - WARNING - RealTimePanel: IR_850nm raw data uzunluk uyumsuzluğu (timestamps: 1014, data: 254)
2026-02-26 00:19:38 - spektroskopi - WARNING - RealTimePanel: IR_850nm calibrated data uzunluk uyumsuzluğu (timestamps: 1014, data: 254)
2026-02-26 00:19:38 - spektroskopi - WARNING - RealTimePanel: IR_940nm raw data uzunluk uyumsuzluğu (timestamps: 1014, data: 252)
2026-02-26 00:19:38 - spektroskopi - WARNING - RealTimePanel: IR_940nm calibrated data uzunluk uyumsuzluğu (timestamps: 1014, data: 252)
2026-02-26 00:19:39 - spektroskopi - WARNING - RealTimePanel: UV_360nm raw data uzunluk uyumsuzluğu (timestamps: 1014, data: 254)
2026-02-26 00:19:39 - spektroskopi - WARNING - RealTimePanel: UV_360nm calibrated data uzunluk uyumsuzluğu (timestamps: 1014, data: 254)
2026-02-26 00:19:39 - spektroskopi - WARNING - RealTimePanel: Blue_450nm raw data uzunluk uyumsuzluğu (timestamps: 1014, data: 254)
2026-02-26 00:19:39 - spektroskopi - WARNING - RealTimePanel: Blue_450nm calibrated data uzunluk uyumsuzluğu (timestamps: 1014, data: 254)
2026-02-26 00:19:39 - spektroskopi - WARNING - RealTimePanel: IR_850nm raw data uzunluk uyumsuzluğu (timestamps: 1014, data: 254)
2026-02-26 00:19:39 - spektroskopi - WARNING - RealTimePanel: IR_850nm calibrated data uzunluk uyumsuzluğu (timestamps: 1014, data: 254)
2026-02-26 00:19:39 - spektroskopi - WARNING - RealTimePanel: IR_940nm raw data uzunluk uyumsuzluğu (timestamps: 1014, data: 252)
2026-02-26 00:19:39 - spektroskopi - WARNING - RealTimePanel: IR_940nm calibrated data uzunluk uyumsuzluğu (timestamps: 1014, data: 252)
2026-02-26 00:19:40 - spektroskopi - WARNING - RealTimePanel: UV_360nm raw data uzunluk uyumsuzluğu (timestamps: 1014, data: 254)
2026-02-26 00:19:40 - spektroskopi - WARNING - RealTimePanel: UV_360nm calibrated data uzunluk uyumsuzluğu (timestamps: 1014, data: 254)
2026-02-26 00:19:40 - spektroskopi - WARNING - RealTimePanel: Blue_450nm raw data uzunluk uyumsuzluğu (timestamps: 1014, data: 254)
2026-02-26 00:19:40 - spektroskopi - WARNING - RealTimePanel: Blue_450nm calibrated data uzunluk uyumsuzluğu (timestamps: 1014, data: 254)
2026-02-26 00:19:40 - spektroskopi - WARNING - RealTimePanel: IR_850nm raw data uzunluk uyumsuzluğu (timestamps: 1014, data: 254)
2026-02-26 00:19:40 - spektroskopi - WARNING - RealTimePanel: IR_850nm calibrated data uzunluk uyumsuzluğu (timestamps: 1014, data: 254)
2026-02-26 00:19:40 - spektroskopi - WARNING - RealTimePanel: IR_940nm raw data uzunluk uyumsuzluğu (timestamps: 1014, data: 252)
2026-02-26 00:19:40 - spektroskopi - WARNING - RealTimePanel: IR_940nm calibrated data uzunluk uyumsuzluğu (timestamps: 1014, data: 252)
2026-02-26 00:19:41 - spektroskopi - WARNING - RealTimePanel: UV_360nm raw data uzunluk uyumsuzluğu (timestamps: 1014, data: 254)
2026-02-26 00:19:41 - spektroskopi - WARNING - RealTimePanel: UV_360nm calibrated data uzunluk uyumsuzluğu (timestamps: 1014, data: 254)
2026-02-26 00:19:41 - spektroskopi - WARNING - RealTimePanel: Blue_450nm raw data uzunluk uyumsuzluğu (timestamps: 1014, data: 254)
2026-02-26 00:19:41 - spektroskopi - WARNING - RealTimePanel: Blue_450nm calibrated data uzunluk uyumsuzluğu (timestamps: 1014, data: 254)
2026-02-26 00:19:41 - spektroskopi - WARNING - RealTimePanel: IR_850nm raw data uzunluk uyumsuzluğu (timestamps: 1014, data: 254)
2026-02-26 00:19:41 - spektroskopi - WARNING - RealTimePanel: IR_850nm calibrated data uzunluk uyumsuzluğu (timestamps: 1014, data: 254)
2026-02-26 00:19:41 - spektroskopi - WARNING - RealTimePanel: IR_940nm raw data uzunluk uyumsuzluğu (timestamps: 1014, data: 252)
2026-02-26 00:19:41 - spektroskopi - WARNING - RealTimePanel: IR_940nm calibrated data uzunluk uyumsuzluğu (timestamps: 1014, data: 252)
2026-02-26 00:19:42 - spektroskopi - WARNING - RealTimePanel: UV_360nm raw data uzunluk uyumsuzluğu (timestamps: 1014, data: 254)
2026-02-26 00:19:42 - spektroskopi - WARNING - RealTimePanel: UV_360nm calibrated data uzunluk uyumsuzluğu (timestamps: 1014, data: 254)
2026-02-26 00:19:42 - spektroskopi - WARNING - RealTimePanel: Blue_450nm raw data uzunluk uyumsuzluğu (timestamps: 1014, data: 254)
2026-02-26 00:19:42 - spektroskopi - WARNING - RealTimePanel: Blue_450nm calibrated data uzunluk uyumsuzluğu (timestamps: 1014, data: 254)
2026-02-26 00:19:42 - spektroskopi - WARNING - RealTimePanel: IR_850nm raw data uzunluk uyumsuzluğu (timestamps: 1014, data: 254)
2026-02-26 00:19:42 - spektroskopi - WARNING - RealTimePanel: IR_850nm calibrated data uzunluk uyumsuzluğu (timestamps: 1014, data: 254)
2026-02-26 00:19:42 - spektroskopi - WARNING - RealTimePanel: IR_940nm raw data uzunluk uyumsuzluğu (timestamps: 1014, data: 252)
2026-02-26 00:19:42 - spektroskopi - WARNING - RealTimePanel: IR_940nm calibrated data uzunluk uyumsuzluğu (timestamps: 1014, data: 252)
2026-02-26 00:19:43 - spektroskopi - WARNING - RealTimePanel: UV_360nm raw data uzunluk uyumsuzluğu (timestamps: 1014, data: 254)
2026-02-26 00:19:43 - spektroskopi - WARNING - RealTimePanel: UV_360nm calibrated data uzunluk uyumsuzluğu (timestamps: 1014, data: 254)
2026-02-26 00:19:43 - spektroskopi - WARNING - RealTimePanel: Blue_450nm raw data uzunluk uyumsuzluğu (timestamps: 1014, data: 254)
2026-02-26 00:19:43 - spektroskopi - WARNING - RealTimePanel: Blue_450nm calibrated data uzunluk uyumsuzluğu (timestamps: 1014, data: 254)
2026-02-26 00:19:43 - spektroskopi - WARNING - RealTimePanel: IR_850nm raw data uzunluk uyumsuzluğu (timestamps: 1014, data: 254)
2026-02-26 00:19:43 - spektroskopi - WARNING - RealTimePanel: IR_850nm calibrated data uzunluk uyumsuzluğu (timestamps: 1014, data: 254)
2026-02-26 00:19:43 - spektroskopi - WARNING - RealTimePanel: IR_940nm raw data uzunluk uyumsuzluğu (timestamps: 1014, data: 252)
2026-02-26 00:19:43 - spektroskopi - WARNING - RealTimePanel: IR_940nm calibrated data uzunluk uyumsuzluğu (timestamps: 1014, data: 252)
2026-02-26 00:19:44 - spektroskopi - WARNING - RealTimePanel: UV_360nm raw data uzunluk uyumsuzluğu (timestamps: 1014, data: 254)
2026-02-26 00:19:44 - spektroskopi - WARNING - RealTimePanel: UV_360nm calibrated data uzunluk uyumsuzluğu (timestamps: 1014, data: 254)
2026-02-26 00:19:44 - spektroskopi - WARNING - RealTimePanel: Blue_450nm raw data uzunluk uyumsuzluğu (timestamps: 1014, data: 254)
2026-02-26 00:19:44 - spektroskopi - WARNING - RealTimePanel: Blue_450nm calibrated data uzunluk uyumsuzluğu (timestamps: 1014, data: 254)
2026-02-26 00:19:44 - spektroskopi - WARNING - RealTimePanel: IR_850nm raw data uzunluk uyumsuzluğu (timestamps: 1014, data: 254)
2026-02-26 00:19:44 - spektroskopi - WARNING - RealTimePanel: IR_850nm calibrated data uzunluk uyumsuzluğu (timestamps: 1014, data: 254)
2026-02-26 00:19:44 - spektroskopi - WARNING - RealTimePanel: IR_940nm raw data uzunluk uyumsuzluğu (timestamps: 1014, data: 252)
2026-02-26 00:19:44 - spektroskopi - WARNING - RealTimePanel: IR_940nm calibrated data uzunluk uyumsuzluğu (timestamps: 1014, data: 252)
2026-02-26 00:19:45 - spektroskopi - WARNING - RealTimePanel: UV_360nm raw data uzunluk uyumsuzluğu (timestamps: 1014, data: 254)
2026-02-26 00:19:45 - spektroskopi - WARNING - RealTimePanel: UV_360nm calibrated data uzunluk uyumsuzluğu (timestamps: 1014, data: 254)
2026-02-26 00:19:45 - spektroskopi - WARNING - RealTimePanel: Blue_450nm raw data uzunluk uyumsuzluğu (timestamps: 1014, data: 254)
2026-02-26 00:19:45 - spektroskopi - WARNING - RealTimePanel: Blue_450nm calibrated data uzunluk uyumsuzluğu (timestamps: 1014, data: 254)
2026-02-26 00:19:45 - spektroskopi - WARNING - RealTimePanel: IR_850nm raw data uzunluk uyumsuzluğu (timestamps: 1014, data: 254)
2026-02-26 00:19:45 - spektroskopi - WARNING - RealTimePanel: IR_850nm calibrated data uzunluk uyumsuzluğu (timestamps: 1014, data: 254)
2026-02-26 00:19:45 - spektroskopi - WARNING - RealTimePanel: IR_940nm raw data uzunluk uyumsuzluğu (timestamps: 1014, data: 252)
2026-02-26 00:19:45 - spektroskopi - WARNING - RealTimePanel: IR_940nm calibrated data uzunluk uyumsuzluğu (timestamps: 1014, data: 252)
2026-02-26 00:19:46 - spektroskopi - WARNING - RealTimePanel: UV_360nm raw data uzunluk uyumsuzluğu (timestamps: 1014, data: 254)
2026-02-26 00:19:46 - spektroskopi - WARNING - RealTimePanel: UV_360nm calibrated data uzunluk uyumsuzluğu (timestamps: 1014, data: 254)
2026-02-26 00:19:46 - spektroskopi - WARNING - RealTimePanel: Blue_450nm raw data uzunluk uyumsuzluğu (timestamps: 1014, data: 254)
2026-02-26 00:19:46 - spektroskopi - WARNING - RealTimePanel: Blue_450nm calibrated data uzunluk uyumsuzluğu (timestamps: 1014, data: 254)
2026-02-26 00:19:46 - spektroskopi - WARNING - RealTimePanel: IR_850nm raw data uzunluk uyumsuzluğu (timestamps: 1014, data: 254)
2026-02-26 00:19:46 - spektroskopi - WARNING - RealTimePanel: IR_850nm calibrated data uzunluk uyumsuzluğu (timestamps: 1014, data: 254)
2026-02-26 00:19:46 - spektroskopi - WARNING - RealTimePanel: IR_940nm raw data uzunluk uyumsuzluğu (timestamps: 1014, data: 252)
2026-02-26 00:19:46 - spektroskopi - WARNING - RealTimePanel: IR_940nm calibrated data uzunluk uyumsuzluğu (timestamps: 1014, data: 252)
2026-02-26 00:19:47 - spektroskopi - WARNING - RealTimePanel: UV_360nm raw data uzunluk uyumsuzluğu (timestamps: 1014, data: 254)
2026-02-26 00:19:47 - spektroskopi - WARNING - RealTimePanel: UV_360nm calibrated data uzunluk uyumsuzluğu (timestamps: 1014, data: 254)
2026-02-26 00:19:47 - spektroskopi - WARNING - RealTimePanel: Blue_450nm raw data uzunluk uyumsuzluğu (timestamps: 1014, data: 254)
2026-02-26 00:19:47 - spektroskopi - WARNING - RealTimePanel: Blue_450nm calibrated data uzunluk uyumsuzluğu (timestamps: 1014, data: 254)
2026-02-26 00:19:47 - spektroskopi - WARNING - RealTimePanel: IR_850nm raw data uzunluk uyumsuzluğu (timestamps: 1014, data: 254)
2026-02-26 00:19:47 - spektroskopi - WARNING - RealTimePanel: IR_850nm calibrated data uzunluk uyumsuzluğu (timestamps: 1014, data: 254)
2026-02-26 00:19:47 - spektroskopi - WARNING - RealTimePanel: IR_940nm raw data uzunluk uyumsuzluğu (timestamps: 1014, data: 252)
2026-02-26 00:19:47 - spektroskopi - WARNING - RealTimePanel: IR_940nm calibrated data uzunluk uyumsuzluğu (timestamps: 1014, data: 252)
2026-02-26 00:19:48 - spektroskopi - WARNING - RealTimePanel: UV_360nm raw data uzunluk uyumsuzluğu (timestamps: 1014, data: 254)
2026-02-26 00:19:48 - spektroskopi - WARNING - RealTimePanel: UV_360nm calibrated data uzunluk uyumsuzluğu (timestamps: 1014, data: 254)
2026-02-26 00:19:48 - spektroskopi - WARNING - RealTimePanel: Blue_450nm raw data uzunluk uyumsuzluğu (timestamps: 1014, data: 254)
2026-02-26 00:19:48 - spektroskopi - WARNING - RealTimePanel: Blue_450nm calibrated data uzunluk uyumsuzluğu (timestamps: 1014, data: 254)
2026-02-26 00:19:48 - spektroskopi - WARNING - RealTimePanel: IR_850nm raw data uzunluk uyumsuzluğu (timestamps: 1014, data: 254)
2026-02-26 00:19:48 - spektroskopi - WARNING - RealTimePanel: IR_850nm calibrated data uzunluk uyumsuzluğu (timestamps: 1014, data: 254)
2026-02-26 00:19:48 - spektroskopi - WARNING - RealTimePanel: IR_940nm raw data uzunluk uyumsuzluğu (timestamps: 1014, data: 252)
2026-02-26 00:19:48 - spektroskopi - WARNING - RealTimePanel: IR_940nm calibrated data uzunluk uyumsuzluğu (timestamps: 1014, data: 252)
2026-02-26 00:19:49 - spektroskopi - WARNING - RealTimePanel: UV_360nm raw data uzunluk uyumsuzluğu (timestamps: 1014, data: 254)
2026-02-26 00:19:49 - spektroskopi - WARNING - RealTimePanel: UV_360nm calibrated data uzunluk uyumsuzluğu (timestamps: 1014, data: 254)
2026-02-26 00:19:49 - spektroskopi - WARNING - RealTimePanel: Blue_450nm raw data uzunluk uyumsuzluğu (timestamps: 1014, data: 254)
2026-02-26 00:19:49 - spektroskopi - WARNING - RealTimePanel: Blue_450nm calibrated data uzunluk uyumsuzluğu (timestamps: 1014, data: 254)
2026-02-26 00:19:49 - spektroskopi - WARNING - RealTimePanel: IR_850nm raw data uzunluk uyumsuzluğu (timestamps: 1014, data: 254)
2026-02-26 00:19:49 - spektroskopi - WARNING - RealTimePanel: IR_850nm calibrated data uzunluk uyumsuzluğu (timestamps: 1014, data: 254)
2026-02-26 00:19:49 - spektroskopi - WARNING - RealTimePanel: IR_940nm raw data uzunluk uyumsuzluğu (timestamps: 1014, data: 252)
2026-02-26 00:19:49 - spektroskopi - WARNING - RealTimePanel: IR_940nm calibrated data uzunluk uyumsuzluğu (timestamps: 1014, data: 252)
2026-02-26 00:19:50 - spektroskopi - WARNING - RealTimePanel: UV_360nm raw data uzunluk uyumsuzluğu (timestamps: 1014, data: 254)
2026-02-26 00:19:50 - spektroskopi - WARNING - RealTimePanel: UV_360nm calibrated data uzunluk uyumsuzluğu (timestamps: 1014, data: 254)
2026-02-26 00:19:50 - spektroskopi - WARNING - RealTimePanel: Blue_450nm raw data uzunluk uyumsuzluğu (timestamps: 1014, data: 254)
2026-02-26 00:19:50 - spektroskopi - WARNING - RealTimePanel: Blue_450nm calibrated data uzunluk uyumsuzluğu (timestamps: 1014, data: 254)
2026-02-26 00:19:50 - spektroskopi - WARNING - RealTimePanel: IR_850nm raw data uzunluk uyumsuzluğu (timestamps: 1014, data: 254)
2026-02-26 00:19:50 - spektroskopi - WARNING - RealTimePanel: IR_850nm calibrated data uzunluk uyumsuzluğu (timestamps: 1014, data: 254)
2026-02-26 00:19:50 - spektroskopi - WARNING - RealTimePanel: IR_940nm raw data uzunluk uyumsuzluğu (timestamps: 1014, data: 252)
2026-02-26 00:19:50 - spektroskopi - WARNING - RealTimePanel: IR_940nm calibrated data uzunluk uyumsuzluğu (timestamps: 1014, data: 252)
2026-02-26 00:19:51 - spektroskopi - WARNING - RealTimePanel: UV_360nm raw data uzunluk uyumsuzluğu (timestamps: 1014, data: 254)
2026-02-26 00:19:51 - spektroskopi - WARNING - RealTimePanel: UV_360nm calibrated data uzunluk uyumsuzluğu (timestamps: 1014, data: 254)
2026-02-26 00:19:51 - spektroskopi - WARNING - RealTimePanel: Blue_450nm raw data uzunluk uyumsuzluğu (timestamps: 1014, data: 254)
2026-02-26 00:19:51 - spektroskopi - WARNING - RealTimePanel: Blue_450nm calibrated data uzunluk uyumsuzluğu (timestamps: 1014, data: 254)
2026-02-26 00:19:51 - spektroskopi - WARNING - RealTimePanel: IR_850nm raw data uzunluk uyumsuzluğu (timestamps: 1014, data: 254)
2026-02-26 00:19:51 - spektroskopi - WARNING - RealTimePanel: IR_850nm calibrated data uzunluk uyumsuzluğu (timestamps: 1014, data: 254)
2026-02-26 00:19:51 - spektroskopi - WARNING - RealTimePanel: IR_940nm raw data uzunluk uyumsuzluğu (timestamps: 1014, data: 252)
2026-02-26 00:19:51 - spektroskopi - WARNING - RealTimePanel: IR_940nm calibrated data uzunluk uyumsuzluğu (timestamps: 1014, data: 252)
2026-02-26 00:19:52 - spektroskopi - WARNING - RealTimePanel: UV_360nm raw data uzunluk uyumsuzluğu (timestamps: 1014, data: 254)
2026-02-26 00:19:52 - spektroskopi - WARNING - RealTimePanel: UV_360nm calibrated data uzunluk uyumsuzluğu (timestamps: 1014, data: 254)
2026-02-26 00:19:52 - spektroskopi - WARNING - RealTimePanel: Blue_450nm raw data uzunluk uyumsuzluğu (timestamps: 1014, data: 254)
2026-02-26 00:19:52 - spektroskopi - WARNING - RealTimePanel: Blue_450nm calibrated data uzunluk uyumsuzluğu (timestamps: 1014, data: 254)
2026-02-26 00:19:52 - spektroskopi - WARNING - RealTimePanel: IR_850nm raw data uzunluk uyumsuzluğu (timestamps: 1014, data: 254)
2026-02-26 00:19:52 - spektroskopi - WARNING - RealTimePanel: IR_850nm calibrated data uzunluk uyumsuzluğu (timestamps: 1014, data: 254)
2026-02-26 00:19:52 - spektroskopi - WARNING - RealTimePanel: IR_940nm raw data uzunluk uyumsuzluğu (timestamps: 1014, data: 252)
2026-02-26 00:19:52 - spektroskopi - WARNING - RealTimePanel: IR_940nm calibrated data uzunluk uyumsuzluğu (timestamps: 1014, data: 252)
2026-02-26 00:19:53 - spektroskopi - WARNING - RealTimePanel: UV_360nm raw data uzunluk uyumsuzluğu (timestamps: 1014, data: 254)
2026-02-26 00:19:53 - spektroskopi - WARNING - RealTimePanel: UV_360nm calibrated data uzunluk uyumsuzluğu (timestamps: 1014, data: 254)
2026-02-26 00:19:53 - spektroskopi - WARNING - RealTimePanel: Blue_450nm raw data uzunluk uyumsuzluğu (timestamps: 1014, data: 254)
2026-02-26 00:19:53 - spektroskopi - WARNING - RealTimePanel: Blue_450nm calibrated data uzunluk uyumsuzluğu (timestamps: 1014, data: 254)
2026-02-26 00:19:53 - spektroskopi - WARNING - RealTimePanel: IR_850nm raw data uzunluk uyumsuzluğu (timestamps: 1014, data: 254)
2026-02-26 00:19:53 - spektroskopi - WARNING - RealTimePanel: IR_850nm calibrated data uzunluk uyumsuzluğu (timestamps: 1014, data: 254)
2026-02-26 00:19:53 - spektroskopi - WARNING - RealTimePanel: IR_940nm raw data uzunluk uyumsuzluğu (timestamps: 1014, data: 252)
2026-02-26 00:19:53 - spektroskopi - WARNING - RealTimePanel: IR_940nm calibrated data uzunluk uyumsuzluğu (timestamps: 1014, data: 252)
2026-02-26 00:19:54 - spektroskopi - WARNING - RealTimePanel: UV_360nm raw data uzunluk uyumsuzluğu (timestamps: 1014, data: 254)
2026-02-26 00:19:54 - spektroskopi - WARNING - RealTimePanel: UV_360nm calibrated data uzunluk uyumsuzluğu (timestamps: 1014, data: 254)
2026-02-26 00:19:54 - spektroskopi - WARNING - RealTimePanel: Blue_450nm raw data uzunluk uyumsuzluğu (timestamps: 1014, data: 254)
2026-02-26 00:19:54 - spektroskopi - WARNING - RealTimePanel: Blue_450nm calibrated data uzunluk uyumsuzluğu (timestamps: 1014, data: 254)
2026-02-26 00:19:54 - spektroskopi - WARNING - RealTimePanel: IR_850nm raw data uzunluk uyumsuzluğu (timestamps: 1014, data: 254)
2026-02-26 00:19:54 - spektroskopi - WARNING - RealTimePanel: IR_850nm calibrated data uzunluk uyumsuzluğu (timestamps: 1014, data: 254)
2026-02-26 00:19:54 - spektroskopi - WARNING - RealTimePanel: IR_940nm raw data uzunluk uyumsuzluğu (timestamps: 1014, data: 252)
2026-02-26 00:19:54 - spektroskopi - WARNING - RealTimePanel: IR_940nm calibrated data uzunluk uyumsuzluğu (timestamps: 1014, data: 252)
2026-02-26 00:19:55 - spektroskopi - WARNING - RealTimePanel: UV_360nm raw data uzunluk uyumsuzluğu (timestamps: 1014, data: 254)
2026-02-26 00:19:55 - spektroskopi - WARNING - RealTimePanel: UV_360nm calibrated data uzunluk uyumsuzluğu (timestamps: 1014, data: 254)
2026-02-26 00:19:55 - spektroskopi - WARNING - RealTimePanel: Blue_450nm raw data uzunluk uyumsuzluğu (timestamps: 1014, data: 254)
2026-02-26 00:19:55 - spektroskopi - WARNING - RealTimePanel: Blue_450nm calibrated data uzunluk uyumsuzluğu (timestamps: 1014, data: 254)
2026-02-26 00:19:55 - spektroskopi - WARNING - RealTimePanel: IR_850nm raw data uzunluk uyumsuzluğu (timestamps: 1014, data: 254)
2026-02-26 00:19:55 - spektroskopi - WARNING - RealTimePanel: IR_850nm calibrated data uzunluk uyumsuzluğu (timestamps: 1014, data: 254)
2026-02-26 00:19:55 - spektroskopi - WARNING - RealTimePanel: IR_940nm raw data uzunluk uyumsuzluğu (timestamps: 1014, data: 252)
2026-02-26 00:19:55 - spektroskopi - WARNING - RealTimePanel: IR_940nm calibrated data uzunluk uyumsuzluğu (timestamps: 1014, data: 252)
2026-02-26 00:19:56 - spektroskopi - WARNING - RealTimePanel: UV_360nm raw data uzunluk uyumsuzluğu (timestamps: 1014, data: 254)
2026-02-26 00:19:56 - spektroskopi - WARNING - RealTimePanel: UV_360nm calibrated data uzunluk uyumsuzluğu (timestamps: 1014, data: 254)
2026-02-26 00:19:56 - spektroskopi - WARNING - RealTimePanel: Blue_450nm raw data uzunluk uyumsuzluğu (timestamps: 1014, data: 254)
2026-02-26 00:19:56 - spektroskopi - WARNING - RealTimePanel: Blue_450nm calibrated data uzunluk uyumsuzluğu (timestamps: 1014, data: 254)
2026-02-26 00:19:56 - spektroskopi - WARNING - RealTimePanel: IR_850nm raw data uzunluk uyumsuzluğu (timestamps: 1014, data: 254)
2026-02-26 00:19:56 - spektroskopi - WARNING - RealTimePanel: IR_850nm calibrated data uzunluk uyumsuzluğu (timestamps: 1014, data: 254)
2026-02-26 00:19:56 - spektroskopi - WARNING - RealTimePanel: IR_940nm raw data uzunluk uyumsuzluğu (timestamps: 1014, data: 252)
2026-02-26 00:19:56 - spektroskopi - WARNING - RealTimePanel: IR_940nm calibrated data uzunluk uyumsuzluğu (timestamps: 1014, data: 252)
2026-02-26 00:19:57 - spektroskopi - WARNING - RealTimePanel: UV_360nm raw data uzunluk uyumsuzluğu (timestamps: 1014, data: 254)
2026-02-26 00:19:57 - spektroskopi - WARNING - RealTimePanel: UV_360nm calibrated data uzunluk uyumsuzluğu (timestamps: 1014, data: 254)
2026-02-26 00:19:57 - spektroskopi - WARNING - RealTimePanel: Blue_450nm raw data uzunluk uyumsuzluğu (timestamps: 1014, data: 254)
2026-02-26 00:19:57 - spektroskopi - WARNING - RealTimePanel: Blue_450nm calibrated data uzunluk uyumsuzluğu (timestamps: 1014, data: 254)
2026-02-26 00:19:57 - spektroskopi - WARNING - RealTimePanel: IR_850nm raw data uzunluk uyumsuzluğu (timestamps: 1014, data: 254)
2026-02-26 00:19:57 - spektroskopi - WARNING - RealTimePanel: IR_850nm calibrated data uzunluk uyumsuzluğu (timestamps: 1014, data: 254)
2026-02-26 00:19:57 - spektroskopi - WARNING - RealTimePanel: IR_940nm raw data uzunluk uyumsuzluğu (timestamps: 1014, data: 252)
2026-02-26 00:19:57 - spektroskopi - WARNING - RealTimePanel: IR_940nm calibrated data uzunluk uyumsuzluğu (timestamps: 1014, data: 252)
2026-02-26 00:19:58 - spektroskopi - WARNING - RealTimePanel: UV_360nm raw data uzunluk uyumsuzluğu (timestamps: 1014, data: 254)
2026-02-26 00:19:58 - spektroskopi - WARNING - RealTimePanel: UV_360nm calibrated data uzunluk uyumsuzluğu (timestamps: 1014, data: 254)
2026-02-26 00:19:58 - spektroskopi - WARNING - RealTimePanel: Blue_450nm raw data uzunluk uyumsuzluğu (timestamps: 1014, data: 254)
2026-02-26 00:19:58 - spektroskopi - WARNING - RealTimePanel: Blue_450nm calibrated data uzunluk uyumsuzluğu (timestamps: 1014, data: 254)
2026-02-26 00:19:58 - spektroskopi - WARNING - RealTimePanel: IR_850nm raw data uzunluk uyumsuzluğu (timestamps: 1014, data: 254)
2026-02-26 00:19:58 - spektroskopi - WARNING - RealTimePanel: IR_850nm calibrated data uzunluk uyumsuzluğu (timestamps: 1014, data: 254)
2026-02-26 00:19:58 - spektroskopi - WARNING - RealTimePanel: IR_940nm raw data uzunluk uyumsuzluğu (timestamps: 1014, data: 252)
2026-02-26 00:19:58 - spektroskopi - WARNING - RealTimePanel: IR_940nm calibrated data uzunluk uyumsuzluğu (timestamps: 1014, data: 252)
2026-02-26 00:19:59 - spektroskopi - WARNING - RealTimePanel: UV_360nm raw data uzunluk uyumsuzluğu (timestamps: 1014, data: 254)
2026-02-26 00:19:59 - spektroskopi - WARNING - RealTimePanel: UV_360nm calibrated data uzunluk uyumsuzluğu (timestamps: 1014, data: 254)
2026-02-26 00:19:59 - spektroskopi - WARNING - RealTimePanel: Blue_450nm raw data uzunluk uyumsuzluğu (timestamps: 1014, data: 254)
2026-02-26 00:19:59 - spektroskopi - WARNING - RealTimePanel: Blue_450nm calibrated data uzunluk uyumsuzluğu (timestamps: 1014, data: 254)
2026-02-26 00:19:59 - spektroskopi - WARNING - RealTimePanel: IR_850nm raw data uzunluk uyumsuzluğu (timestamps: 1014, data: 254)
2026-02-26 00:19:59 - spektroskopi - WARNING - RealTimePanel: IR_850nm calibrated data uzunluk uyumsuzluğu (timestamps: 1014, data: 254)
2026-02-26 00:19:59 - spektroskopi - WARNING - RealTimePanel: IR_940nm raw data uzunluk uyumsuzluğu (timestamps: 1014, data: 252)
2026-02-26 00:19:59 - spektroskopi - WARNING - RealTimePanel: IR_940nm calibrated data uzunluk uyumsuzluğu (timestamps: 1014, data: 252)
2026-02-26 00:20:00 - spektroskopi - WARNING - RealTimePanel: UV_360nm raw data uzunluk uyumsuzluğu (timestamps: 1014, data: 254)
2026-02-26 00:20:00 - spektroskopi - WARNING - RealTimePanel: UV_360nm calibrated data uzunluk uyumsuzluğu (timestamps: 1014, data: 254)
2026-02-26 00:20:00 - spektroskopi - WARNING - RealTimePanel: Blue_450nm raw data uzunluk uyumsuzluğu (timestamps: 1014, data: 254)
2026-02-26 00:20:00 - spektroskopi - WARNING - RealTimePanel: Blue_450nm calibrated data uzunluk uyumsuzluğu (timestamps: 1014, data: 254)
2026-02-26 00:20:00 - spektroskopi - WARNING - RealTimePanel: IR_850nm raw data uzunluk uyumsuzluğu (timestamps: 1014, data: 254)
2026-02-26 00:20:00 - spektroskopi - WARNING - RealTimePanel: IR_850nm calibrated data uzunluk uyumsuzluğu (timestamps: 1014, data: 254)
2026-02-26 00:20:00 - spektroskopi - WARNING - RealTimePanel: IR_940nm raw data uzunluk uyumsuzluğu (timestamps: 1014, data: 252)
2026-02-26 00:20:00 - spektroskopi - WARNING - RealTimePanel: IR_940nm calibrated data uzunluk uyumsuzluğu (timestamps: 1014, data: 252)
2026-02-26 00:20:01 - spektroskopi - WARNING - RealTimePanel: UV_360nm raw data uzunluk uyumsuzluğu (timestamps: 1014, data: 254)
2026-02-26 00:20:01 - spektroskopi - WARNING - RealTimePanel: UV_360nm calibrated data uzunluk uyumsuzluğu (timestamps: 1014, data: 254)
2026-02-26 00:20:01 - spektroskopi - WARNING - RealTimePanel: Blue_450nm raw data uzunluk uyumsuzluğu (timestamps: 1014, data: 254)
2026-02-26 00:20:01 - spektroskopi - WARNING - RealTimePanel: Blue_450nm calibrated data uzunluk uyumsuzluğu (timestamps: 1014, data: 254)
2026-02-26 00:20:01 - spektroskopi - WARNING - RealTimePanel: IR_850nm raw data uzunluk uyumsuzluğu (timestamps: 1014, data: 254)
2026-02-26 00:20:01 - spektroskopi - WARNING - RealTimePanel: IR_850nm calibrated data uzunluk uyumsuzluğu (timestamps: 1014, data: 254)
2026-02-26 00:20:01 - spektroskopi - WARNING - RealTimePanel: IR_940nm raw data uzunluk uyumsuzluğu (timestamps: 1014, data: 252)
2026-02-26 00:20:01 - spektroskopi - WARNING - RealTimePanel: IR_940nm calibrated data uzunluk uyumsuzluğu (timestamps: 1014, data: 252)
2026-02-26 00:20:02 - spektroskopi - WARNING - RealTimePanel: UV_360nm raw data uzunluk uyumsuzluğu (timestamps: 1014, data: 254)
2026-02-26 00:20:02 - spektroskopi - WARNING - RealTimePanel: UV_360nm calibrated data uzunluk uyumsuzluğu (timestamps: 1014, data: 254)
2026-02-26 00:20:02 - spektroskopi - WARNING - RealTimePanel: Blue_450nm raw data uzunluk uyumsuzluğu (timestamps: 1014, data: 254)
2026-02-26 00:20:02 - spektroskopi - WARNING - RealTimePanel: Blue_450nm calibrated data uzunluk uyumsuzluğu (timestamps: 1014, data: 254)
2026-02-26 00:20:02 - spektroskopi - WARNING - RealTimePanel: IR_850nm raw data uzunluk uyumsuzluğu (timestamps: 1014, data: 254)
2026-02-26 00:20:02 - spektroskopi - WARNING - RealTimePanel: IR_850nm calibrated data uzunluk uyumsuzluğu (timestamps: 1014, data: 254)
2026-02-26 00:20:02 - spektroskopi - WARNING - RealTimePanel: IR_940nm raw data uzunluk uyumsuzluğu (timestamps: 1014, data: 252)
2026-02-26 00:20:02 - spektroskopi - WARNING - RealTimePanel: IR_940nm calibrated data uzunluk uyumsuzluğu (timestamps: 1014, data: 252)
2026-02-26 00:20:03 - spektroskopi - WARNING - RealTimePanel: UV_360nm raw data uzunluk uyumsuzluğu (timestamps: 1014, data: 254)
2026-02-26 00:20:03 - spektroskopi - WARNING - RealTimePanel: UV_360nm calibrated data uzunluk uyumsuzluğu (timestamps: 1014, data: 254)
2026-02-26 00:20:03 - spektroskopi - WARNING - RealTimePanel: Blue_450nm raw data uzunluk uyumsuzluğu (timestamps: 1014, data: 254)
2026-02-26 00:20:03 - spektroskopi - WARNING - RealTimePanel: Blue_450nm calibrated data uzunluk uyumsuzluğu (timestamps: 1014, data: 254)
2026-02-26 00:20:03 - spektroskopi - WARNING - RealTimePanel: IR_850nm raw data uzunluk uyumsuzluğu (timestamps: 1014, data: 254)
2026-02-26 00:20:03 - spektroskopi - WARNING - RealTimePanel: IR_850nm calibrated data uzunluk uyumsuzluğu (timestamps: 1014, data: 254)
2026-02-26 00:20:03 - spektroskopi - WARNING - RealTimePanel: IR_940nm raw data uzunluk uyumsuzluğu (timestamps: 1014, data: 252)
2026-02-26 00:20:03 - spektroskopi - WARNING - RealTimePanel: IR_940nm calibrated data uzunluk uyumsuzluğu (timestamps: 1014, data: 252)
2026-02-26 00:20:04 - spektroskopi - WARNING - RealTimePanel: UV_360nm raw data uzunluk uyumsuzluğu (timestamps: 1014, data: 254)
2026-02-26 00:20:04 - spektroskopi - WARNING - RealTimePanel: UV_360nm calibrated data uzunluk uyumsuzluğu (timestamps: 1014, data: 254)
2026-02-26 00:20:04 - spektroskopi - WARNING - RealTimePanel: Blue_450nm raw data uzunluk uyumsuzluğu (timestamps: 1014, data: 254)
2026-02-26 00:20:04 - spektroskopi - WARNING - RealTimePanel: Blue_450nm calibrated data uzunluk uyumsuzluğu (timestamps: 1014, data: 254)
2026-02-26 00:20:04 - spektroskopi - WARNING - RealTimePanel: IR_850nm raw data uzunluk uyumsuzluğu (timestamps: 1014, data: 254)
2026-02-26 00:20:04 - spektroskopi - WARNING - RealTimePanel: IR_850nm calibrated data uzunluk uyumsuzluğu (timestamps: 1014, data: 254)
2026-02-26 00:20:04 - spektroskopi - WARNING - RealTimePanel: IR_940nm raw data uzunluk uyumsuzluğu (timestamps: 1014, data: 252)
2026-02-26 00:20:04 - spektroskopi - WARNING - RealTimePanel: IR_940nm calibrated data uzunluk uyumsuzluğu (timestamps: 1014, data: 252)
2026-02-26 00:20:05 - spektroskopi - WARNING - RealTimePanel: UV_360nm raw data uzunluk uyumsuzluğu (timestamps: 1014, data: 254)
2026-02-26 00:20:05 - spektroskopi - WARNING - RealTimePanel: UV_360nm calibrated data uzunluk uyumsuzluğu (timestamps: 1014, data: 254)
2026-02-26 00:20:05 - spektroskopi - WARNING - RealTimePanel: Blue_450nm raw data uzunluk uyumsuzluğu (timestamps: 1014, data: 254)
2026-02-26 00:20:05 - spektroskopi - WARNING - RealTimePanel: Blue_450nm calibrated data uzunluk uyumsuzluğu (timestamps: 1014, data: 254)
2026-02-26 00:20:05 - spektroskopi - WARNING - RealTimePanel: IR_850nm raw data uzunluk uyumsuzluğu (timestamps: 1014, data: 254)
2026-02-26 00:20:05 - spektroskopi - WARNING - RealTimePanel: IR_850nm calibrated data uzunluk uyumsuzluğu (timestamps: 1014, data: 254)
2026-02-26 00:20:05 - spektroskopi - WARNING - RealTimePanel: IR_940nm raw data uzunluk uyumsuzluğu (timestamps: 1014, data: 252)
2026-02-26 00:20:05 - spektroskopi - WARNING - RealTimePanel: IR_940nm calibrated data uzunluk uyumsuzluğu (timestamps: 1014, data: 252)
2026-02-26 00:20:06 - spektroskopi - WARNING - RealTimePanel: UV_360nm raw data uzunluk uyumsuzluğu (timestamps: 1014, data: 254)
2026-02-26 00:20:06 - spektroskopi - WARNING - RealTimePanel: UV_360nm calibrated data uzunluk uyumsuzluğu (timestamps: 1014, data: 254)
2026-02-26 00:20:06 - spektroskopi - WARNING - RealTimePanel: Blue_450nm raw data uzunluk uyumsuzluğu (timestamps: 1014, data: 254)
2026-02-26 00:20:06 - spektroskopi - WARNING - RealTimePanel: Blue_450nm calibrated data uzunluk uyumsuzluğu (timestamps: 1014, data: 254)
2026-02-26 00:20:06 - spektroskopi - WARNING - RealTimePanel: IR_850nm raw data uzunluk uyumsuzluğu (timestamps: 1014, data: 254)
2026-02-26 00:20:06 - spektroskopi - WARNING - RealTimePanel: IR_850nm calibrated data uzunluk uyumsuzluğu (timestamps: 1014, data: 254)
2026-02-26 00:20:06 - spektroskopi - WARNING - RealTimePanel: IR_940nm raw data uzunluk uyumsuzluğu (timestamps: 1014, data: 252)
2026-02-26 00:20:06 - spektroskopi - WARNING - RealTimePanel: IR_940nm calibrated data uzunluk uyumsuzluğu (timestamps: 1014, data: 252)
2026-02-26 00:20:07 - spektroskopi - WARNING - RealTimePanel: UV_360nm raw data uzunluk uyumsuzluğu (timestamps: 1014, data: 254)
2026-02-26 00:20:07 - spektroskopi - WARNING - RealTimePanel: UV_360nm calibrated data uzunluk uyumsuzluğu (timestamps: 1014, data: 254)
2026-02-26 00:20:07 - spektroskopi - WARNING - RealTimePanel: Blue_450nm raw data uzunluk uyumsuzluğu (timestamps: 1014, data: 254)
2026-02-26 00:20:07 - spektroskopi - WARNING - RealTimePanel: Blue_450nm calibrated data uzunluk uyumsuzluğu (timestamps: 1014, data: 254)
2026-02-26 00:20:07 - spektroskopi - WARNING - RealTimePanel: IR_850nm raw data uzunluk uyumsuzluğu (timestamps: 1014, data: 254)
2026-02-26 00:20:07 - spektroskopi - WARNING - RealTimePanel: IR_850nm calibrated data uzunluk uyumsuzluğu (timestamps: 1014, data: 254)
2026-02-26 00:20:07 - spektroskopi - WARNING - RealTimePanel: IR_940nm raw data uzunluk uyumsuzluğu (timestamps: 1014, data: 252)
2026-02-26 00:20:07 - spektroskopi - WARNING - RealTimePanel: IR_940nm calibrated data uzunluk uyumsuzluğu (timestamps: 1014, data: 252)
2026-02-26 00:20:08 - spektroskopi - WARNING - RealTimePanel: UV_360nm raw data uzunluk uyumsuzluğu (timestamps: 1014, data: 254)
2026-02-26 00:20:08 - spektroskopi - WARNING - RealTimePanel: UV_360nm calibrated data uzunluk uyumsuzluğu (timestamps: 1014, data: 254)
2026-02-26 00:20:08 - spektroskopi - WARNING - RealTimePanel: Blue_450nm raw data uzunluk uyumsuzluğu (timestamps: 1014, data: 254)
2026-02-26 00:20:08 - spektroskopi - WARNING - RealTimePanel: Blue_450nm calibrated data uzunluk uyumsuzluğu (timestamps: 1014, data: 254)
2026-02-26 00:20:08 - spektroskopi - WARNING - RealTimePanel: IR_850nm raw data uzunluk uyumsuzluğu (timestamps: 1014, data: 254)
2026-02-26 00:20:08 - spektroskopi - WARNING - RealTimePanel: IR_850nm calibrated data uzunluk uyumsuzluğu (timestamps: 1014, data: 254)
2026-02-26 00:20:08 - spektroskopi - WARNING - RealTimePanel: IR_940nm raw data uzunluk uyumsuzluğu (timestamps: 1014, data: 252)
2026-02-26 00:20:08 - spektroskopi - WARNING - RealTimePanel: IR_940nm calibrated data uzunluk uyumsuzluğu (timestamps: 1014, data: 252)
2026-02-26 00:20:09 - spektroskopi - WARNING - RealTimePanel: UV_360nm raw data uzunluk uyumsuzluğu (timestamps: 1014, data: 254)
2026-02-26 00:20:09 - spektroskopi - WARNING - RealTimePanel: UV_360nm calibrated data uzunluk uyumsuzluğu (timestamps: 1014, data: 254)
2026-02-26 00:20:09 - spektroskopi - WARNING - RealTimePanel: Blue_450nm raw data uzunluk uyumsuzluğu (timestamps: 1014, data: 254)
2026-02-26 00:20:09 - spektroskopi - WARNING - RealTimePanel: Blue_450nm calibrated data uzunluk uyumsuzluğu (timestamps: 1014, data: 254)
2026-02-26 00:20:09 - spektroskopi - WARNING - RealTimePanel: IR_850nm raw data uzunluk uyumsuzluğu (timestamps: 1014, data: 254)
2026-02-26 00:20:09 - spektroskopi - WARNING - RealTimePanel: IR_850nm calibrated data uzunluk uyumsuzluğu (timestamps: 1014, data: 254)
2026-02-26 00:20:09 - spektroskopi - WARNING - RealTimePanel: IR_940nm raw data uzunluk uyumsuzluğu (timestamps: 1014, data: 252)
2026-02-26 00:20:09 - spektroskopi - WARNING - RealTimePanel: IR_940nm calibrated data uzunluk uyumsuzluğu (timestamps: 1014, data: 252)
2026-02-26 00:20:10 - spektroskopi - WARNING - RealTimePanel: UV_360nm raw data uzunluk uyumsuzluğu (timestamps: 1014, data: 254)
2026-02-26 00:20:10 - spektroskopi - WARNING - RealTimePanel: UV_360nm calibrated data uzunluk uyumsuzluğu (timestamps: 1014, data: 254)
2026-02-26 00:20:10 - spektroskopi - WARNING - RealTimePanel: Blue_450nm raw data uzunluk uyumsuzluğu (timestamps: 1014, data: 254)
2026-02-26 00:20:10 - spektroskopi - WARNING - RealTimePanel: Blue_450nm calibrated data uzunluk uyumsuzluğu (timestamps: 1014, data: 254)
2026-02-26 00:20:10 - spektroskopi - WARNING - RealTimePanel: IR_850nm raw data uzunluk uyumsuzluğu (timestamps: 1014, data: 254)
2026-02-26 00:20:10 - spektroskopi - WARNING - RealTimePanel: IR_850nm calibrated data uzunluk uyumsuzluğu (timestamps: 1014, data: 254)
2026-02-26 00:20:10 - spektroskopi - WARNING - RealTimePanel: IR_940nm raw data uzunluk uyumsuzluğu (timestamps: 1014, data: 252)
2026-02-26 00:20:10 - spektroskopi - WARNING - RealTimePanel: IR_940nm calibrated data uzunluk uyumsuzluğu (timestamps: 1014, data: 252)
2026-02-26 00:20:11 - spektroskopi - WARNING - RealTimePanel: UV_360nm raw data uzunluk uyumsuzluğu (timestamps: 1014, data: 254)
2026-02-26 00:20:11 - spektroskopi - WARNING - RealTimePanel: UV_360nm calibrated data uzunluk uyumsuzluğu (timestamps: 1014, data: 254)
2026-02-26 00:20:11 - spektroskopi - WARNING - RealTimePanel: Blue_450nm raw data uzunluk uyumsuzluğu (timestamps: 1014, data: 254)
2026-02-26 00:20:11 - spektroskopi - WARNING - RealTimePanel: Blue_450nm calibrated data uzunluk uyumsuzluğu (timestamps: 1014, data: 254)
2026-02-26 00:20:11 - spektroskopi - WARNING - RealTimePanel: IR_850nm raw data uzunluk uyumsuzluğu (timestamps: 1014, data: 254)
2026-02-26 00:20:11 - spektroskopi - WARNING - RealTimePanel: IR_850nm calibrated data uzunluk uyumsuzluğu (timestamps: 1014, data: 254)
2026-02-26 00:20:11 - spektroskopi - WARNING - RealTimePanel: IR_940nm raw data uzunluk uyumsuzluğu (timestamps: 1014, data: 252)
2026-02-26 00:20:11 - spektroskopi - WARNING - RealTimePanel: IR_940nm calibrated data uzunluk uyumsuzluğu (timestamps: 1014, data: 252)
2026-02-26 00:20:12 - spektroskopi - WARNING - RealTimePanel: UV_360nm raw data uzunluk uyumsuzluğu (timestamps: 1014, data: 254)
2026-02-26 00:20:12 - spektroskopi - WARNING - RealTimePanel: UV_360nm calibrated data uzunluk uyumsuzluğu (timestamps: 1014, data: 254)
2026-02-26 00:20:12 - spektroskopi - WARNING - RealTimePanel: Blue_450nm raw data uzunluk uyumsuzluğu (timestamps: 1014, data: 254)
2026-02-26 00:20:12 - spektroskopi - WARNING - RealTimePanel: Blue_450nm calibrated data uzunluk uyumsuzluğu (timestamps: 1014, data: 254)
2026-02-26 00:20:12 - spektroskopi - WARNING - RealTimePanel: IR_850nm raw data uzunluk uyumsuzluğu (timestamps: 1014, data: 254)
2026-02-26 00:20:12 - spektroskopi - WARNING - RealTimePanel: IR_850nm calibrated data uzunluk uyumsuzluğu (timestamps: 1014, data: 254)
2026-02-26 00:20:12 - spektroskopi - WARNING - RealTimePanel: IR_940nm raw data uzunluk uyumsuzluğu (timestamps: 1014, data: 252)
2026-02-26 00:20:12 - spektroskopi - WARNING - RealTimePanel: IR_940nm calibrated data uzunluk uyumsuzluğu (timestamps: 1014, data: 252)
2026-02-26 00:20:13 - spektroskopi - WARNING - RealTimePanel: UV_360nm raw data uzunluk uyumsuzluğu (timestamps: 1014, data: 254)
2026-02-26 00:20:13 - spektroskopi - WARNING - RealTimePanel: UV_360nm calibrated data uzunluk uyumsuzluğu (timestamps: 1014, data: 254)
2026-02-26 00:20:13 - spektroskopi - WARNING - RealTimePanel: Blue_450nm raw data uzunluk uyumsuzluğu (timestamps: 1014, data: 254)
2026-02-26 00:20:13 - spektroskopi - WARNING - RealTimePanel: Blue_450nm calibrated data uzunluk uyumsuzluğu (timestamps: 1014, data: 254)
2026-02-26 00:20:13 - spektroskopi - WARNING - RealTimePanel: IR_850nm raw data uzunluk uyumsuzluğu (timestamps: 1014, data: 254)
2026-02-26 00:20:13 - spektroskopi - WARNING - RealTimePanel: IR_850nm calibrated data uzunluk uyumsuzluğu (timestamps: 1014, data: 254)
2026-02-26 00:20:13 - spektroskopi - WARNING - RealTimePanel: IR_940nm raw data uzunluk uyumsuzluğu (timestamps: 1014, data: 252)
2026-02-26 00:20:13 - spektroskopi - WARNING - RealTimePanel: IR_940nm calibrated data uzunluk uyumsuzluğu (timestamps: 1014, data: 252)
2026-02-26 00:20:14 - spektroskopi - WARNING - RealTimePanel: UV_360nm raw data uzunluk uyumsuzluğu (timestamps: 1014, data: 254)
2026-02-26 00:20:14 - spektroskopi - WARNING - RealTimePanel: UV_360nm calibrated data uzunluk uyumsuzluğu (timestamps: 1014, data: 254)
2026-02-26 00:20:14 - spektroskopi - WARNING - RealTimePanel: Blue_450nm raw data uzunluk uyumsuzluğu (timestamps: 1014, data: 254)
2026-02-26 00:20:14 - spektroskopi - WARNING - RealTimePanel: Blue_450nm calibrated data uzunluk uyumsuzluğu (timestamps: 1014, data: 254)
2026-02-26 00:20:14 - spektroskopi - WARNING - RealTimePanel: IR_850nm raw data uzunluk uyumsuzluğu (timestamps: 1014, data: 254)
2026-02-26 00:20:14 - spektroskopi - WARNING - RealTimePanel: IR_850nm calibrated data uzunluk uyumsuzluğu (timestamps: 1014, data: 254)
2026-02-26 00:20:14 - spektroskopi - WARNING - RealTimePanel: IR_940nm raw data uzunluk uyumsuzluğu (timestamps: 1014, data: 252)
2026-02-26 00:20:14 - spektroskopi - WARNING - RealTimePanel: IR_940nm calibrated data uzunluk uyumsuzluğu (timestamps: 1014, data: 252)
2026-02-26 00:20:15 - spektroskopi - WARNING - RealTimePanel: UV_360nm raw data uzunluk uyumsuzluğu (timestamps: 1014, data: 254)
2026-02-26 00:20:15 - spektroskopi - WARNING - RealTimePanel: UV_360nm calibrated data uzunluk uyumsuzluğu (timestamps: 1014, data: 254)
2026-02-26 00:20:15 - spektroskopi - WARNING - RealTimePanel: Blue_450nm raw data uzunluk uyumsuzluğu (timestamps: 1014, data: 254)
2026-02-26 00:20:15 - spektroskopi - WARNING - RealTimePanel: Blue_450nm calibrated data uzunluk uyumsuzluğu (timestamps: 1014, data: 254)
2026-02-26 00:20:15 - spektroskopi - WARNING - RealTimePanel: IR_850nm raw data uzunluk uyumsuzluğu (timestamps: 1014, data: 254)
2026-02-26 00:20:15 - spektroskopi - WARNING - RealTimePanel: IR_850nm calibrated data uzunluk uyumsuzluğu (timestamps: 1014, data: 254)
2026-02-26 00:20:15 - spektroskopi - WARNING - RealTimePanel: IR_940nm raw data uzunluk uyumsuzluğu (timestamps: 1014, data: 252)
2026-02-26 00:20:15 - spektroskopi - WARNING - RealTimePanel: IR_940nm calibrated data uzunluk uyumsuzluğu (timestamps: 1014, data: 252)
2026-02-26 00:20:16 - spektroskopi - WARNING - RealTimePanel: UV_360nm raw data uzunluk uyumsuzluğu (timestamps: 1014, data: 254)
2026-02-26 00:20:16 - spektroskopi - WARNING - RealTimePanel: UV_360nm calibrated data uzunluk uyumsuzluğu (timestamps: 1014, data: 254)
2026-02-26 00:20:16 - spektroskopi - WARNING - RealTimePanel: Blue_450nm raw data uzunluk uyumsuzluğu (timestamps: 1014, data: 254)
2026-02-26 00:20:16 - spektroskopi - WARNING - RealTimePanel: Blue_450nm calibrated data uzunluk uyumsuzluğu (timestamps: 1014, data: 254)
2026-02-26 00:20:16 - spektroskopi - WARNING - RealTimePanel: IR_850nm raw data uzunluk uyumsuzluğu (timestamps: 1014, data: 254)
2026-02-26 00:20:16 - spektroskopi - WARNING - RealTimePanel: IR_850nm calibrated data uzunluk uyumsuzluğu (timestamps: 1014, data: 254)
2026-02-26 00:20:16 - spektroskopi - WARNING - RealTimePanel: IR_940nm raw data uzunluk uyumsuzluğu (timestamps: 1014, data: 252)
2026-02-26 00:20:16 - spektroskopi - WARNING - RealTimePanel: IR_940nm calibrated data uzunluk uyumsuzluğu (timestamps: 1014, data: 252)
2026-02-26 00:20:17 - spektroskopi - WARNING - RealTimePanel: UV_360nm raw data uzunluk uyumsuzluğu (timestamps: 1014, data: 254)
2026-02-26 00:20:17 - spektroskopi - WARNING - RealTimePanel: UV_360nm calibrated data uzunluk uyumsuzluğu (timestamps: 1014, data: 254)
2026-02-26 00:20:17 - spektroskopi - WARNING - RealTimePanel: Blue_450nm raw data uzunluk uyumsuzluğu (timestamps: 1014, data: 254)
2026-02-26 00:20:17 - spektroskopi - WARNING - RealTimePanel: Blue_450nm calibrated data uzunluk uyumsuzluğu (timestamps: 1014, data: 254)
2026-02-26 00:20:17 - spektroskopi - WARNING - RealTimePanel: IR_850nm raw data uzunluk uyumsuzluğu (timestamps: 1014, data: 254)
2026-02-26 00:20:17 - spektroskopi - WARNING - RealTimePanel: IR_850nm calibrated data uzunluk uyumsuzluğu (timestamps: 1014, data: 254)
2026-02-26 00:20:17 - spektroskopi - WARNING - RealTimePanel: IR_940nm raw data uzunluk uyumsuzluğu (timestamps: 1014, data: 252)
2026-02-26 00:20:17 - spektroskopi - WARNING - RealTimePanel: IR_940nm calibrated data uzunluk uyumsuzluğu (timestamps: 1014, data: 252)
2026-02-26 00:20:18 - spektroskopi - WARNING - RealTimePanel: UV_360nm raw data uzunluk uyumsuzluğu (timestamps: 1014, data: 254)
2026-02-26 00:20:18 - spektroskopi - WARNING - RealTimePanel: UV_360nm calibrated data uzunluk uyumsuzluğu (timestamps: 1014, data: 254)
2026-02-26 00:20:18 - spektroskopi - WARNING - RealTimePanel: Blue_450nm raw data uzunluk uyumsuzluğu (timestamps: 1014, data: 254)
2026-02-26 00:20:18 - spektroskopi - WARNING - RealTimePanel: Blue_450nm calibrated data uzunluk uyumsuzluğu (timestamps: 1014, data: 254)
2026-02-26 00:20:18 - spektroskopi - WARNING - RealTimePanel: IR_850nm raw data uzunluk uyumsuzluğu (timestamps: 1014, data: 254)
2026-02-26 00:20:18 - spektroskopi - WARNING - RealTimePanel: IR_850nm calibrated data uzunluk uyumsuzluğu (timestamps: 1014, data: 254)
2026-02-26 00:20:18 - spektroskopi - WARNING - RealTimePanel: IR_940nm raw data uzunluk uyumsuzluğu (timestamps: 1014, data: 252)
2026-02-26 00:20:18 - spektroskopi - WARNING - RealTimePanel: IR_940nm calibrated data uzunluk uyumsuzluğu (timestamps: 1014, data: 252)
2026-02-26 00:20:19 - spektroskopi - WARNING - RealTimePanel: UV_360nm raw data uzunluk uyumsuzluğu (timestamps: 1014, data: 254)
2026-02-26 00:20:19 - spektroskopi - WARNING - RealTimePanel: UV_360nm calibrated data uzunluk uyumsuzluğu (timestamps: 1014, data: 254)
2026-02-26 00:20:19 - spektroskopi - WARNING - RealTimePanel: Blue_450nm raw data uzunluk uyumsuzluğu (timestamps: 1014, data: 254)
2026-02-26 00:20:19 - spektroskopi - WARNING - RealTimePanel: Blue_450nm calibrated data uzunluk uyumsuzluğu (timestamps: 1014, data: 254)
2026-02-26 00:20:19 - spektroskopi - WARNING - RealTimePanel: IR_850nm raw data uzunluk uyumsuzluğu (timestamps: 1014, data: 254)
2026-02-26 00:20:19 - spektroskopi - WARNING - RealTimePanel: IR_850nm calibrated data uzunluk uyumsuzluğu (timestamps: 1014, data: 254)
2026-02-26 00:20:19 - spektroskopi - WARNING - RealTimePanel: IR_940nm raw data uzunluk uyumsuzluğu (timestamps: 1014, data: 252)
2026-02-26 00:20:19 - spektroskopi - WARNING - RealTimePanel: IR_940nm calibrated data uzunluk uyumsuzluğu (timestamps: 1014, data: 252)
2026-02-26 00:20:20 - spektroskopi - WARNING - RealTimePanel: UV_360nm raw data uzunluk uyumsuzluğu (timestamps: 1014, data: 254)
2026-02-26 00:20:20 - spektroskopi - WARNING - RealTimePanel: UV_360nm calibrated data uzunluk uyumsuzluğu (timestamps: 1014, data: 254)
2026-02-26 00:20:20 - spektroskopi - WARNING - RealTimePanel: Blue_450nm raw data uzunluk uyumsuzluğu (timestamps: 1014, data: 254)
2026-02-26 00:20:20 - spektroskopi - WARNING - RealTimePanel: Blue_450nm calibrated data uzunluk uyumsuzluğu (timestamps: 1014, data: 254)
2026-02-26 00:20:20 - spektroskopi - WARNING - RealTimePanel: IR_850nm raw data uzunluk uyumsuzluğu (timestamps: 1014, data: 254)
2026-02-26 00:20:20 - spektroskopi - WARNING - RealTimePanel: IR_850nm calibrated data uzunluk uyumsuzluğu (timestamps: 1014, data: 254)
2026-02-26 00:20:20 - spektroskopi - WARNING - RealTimePanel: IR_940nm raw data uzunluk uyumsuzluğu (timestamps: 1014, data: 252)
2026-02-26 00:20:20 - spektroskopi - WARNING - RealTimePanel: IR_940nm calibrated data uzunluk uyumsuzluğu (timestamps: 1014, data: 252)
2026-02-26 00:20:21 - spektroskopi - WARNING - RealTimePanel: UV_360nm raw data uzunluk uyumsuzluğu (timestamps: 1014, data: 254)
2026-02-26 00:20:21 - spektroskopi - WARNING - RealTimePanel: UV_360nm calibrated data uzunluk uyumsuzluğu (timestamps: 1014, data: 254)
2026-02-26 00:20:21 - spektroskopi - WARNING - RealTimePanel: Blue_450nm raw data uzunluk uyumsuzluğu (timestamps: 1014, data: 254)
2026-02-26 00:20:21 - spektroskopi - WARNING - RealTimePanel: Blue_450nm calibrated data uzunluk uyumsuzluğu (timestamps: 1014, data: 254)
2026-02-26 00:20:21 - spektroskopi - WARNING - RealTimePanel: IR_850nm raw data uzunluk uyumsuzluğu (timestamps: 1014, data: 254)
2026-02-26 00:20:21 - spektroskopi - WARNING - RealTimePanel: IR_850nm calibrated data uzunluk uyumsuzluğu (timestamps: 1014, data: 254)
2026-02-26 00:20:21 - spektroskopi - WARNING - RealTimePanel: IR_940nm raw data uzunluk uyumsuzluğu (timestamps: 1014, data: 252)
2026-02-26 00:20:21 - spektroskopi - WARNING - RealTimePanel: IR_940nm calibrated data uzunluk uyumsuzluğu (timestamps: 1014, data: 252)
2026-02-26 00:20:22 - spektroskopi - WARNING - RealTimePanel: UV_360nm raw data uzunluk uyumsuzluğu (timestamps: 1014, data: 254)
2026-02-26 00:20:22 - spektroskopi - WARNING - RealTimePanel: UV_360nm calibrated data uzunluk uyumsuzluğu (timestamps: 1014, data: 254)
2026-02-26 00:20:22 - spektroskopi - WARNING - RealTimePanel: Blue_450nm raw data uzunluk uyumsuzluğu (timestamps: 1014, data: 254)
2026-02-26 00:20:22 - spektroskopi - WARNING - RealTimePanel: Blue_450nm calibrated data uzunluk uyumsuzluğu (timestamps: 1014, data: 254)
2026-02-26 00:20:22 - spektroskopi - WARNING - RealTimePanel: IR_850nm raw data uzunluk uyumsuzluğu (timestamps: 1014, data: 254)
2026-02-26 00:20:22 - spektroskopi - WARNING - RealTimePanel: IR_850nm calibrated data uzunluk uyumsuzluğu (timestamps: 1014, data: 254)
2026-02-26 00:20:22 - spektroskopi - WARNING - RealTimePanel: IR_940nm raw data uzunluk uyumsuzluğu (timestamps: 1014, data: 252)
2026-02-26 00:20:22 - spektroskopi - WARNING - RealTimePanel: IR_940nm calibrated data uzunluk uyumsuzluğu (timestamps: 1014, data: 252)
2026-02-26 00:20:23 - spektroskopi - WARNING - RealTimePanel: UV_360nm raw data uzunluk uyumsuzluğu (timestamps: 1014, data: 254)
2026-02-26 00:20:23 - spektroskopi - WARNING - RealTimePanel: UV_360nm calibrated data uzunluk uyumsuzluğu (timestamps: 1014, data: 254)
2026-02-26 00:20:23 - spektroskopi - WARNING - RealTimePanel: Blue_450nm raw data uzunluk uyumsuzluğu (timestamps: 1014, data: 254)
2026-02-26 00:20:23 - spektroskopi - WARNING - RealTimePanel: Blue_450nm calibrated data uzunluk uyumsuzluğu (timestamps: 1014, data: 254)
2026-02-26 00:20:23 - spektroskopi - WARNING - RealTimePanel: IR_850nm raw data uzunluk uyumsuzluğu (timestamps: 1014, data: 254)
2026-02-26 00:20:23 - spektroskopi - WARNING - RealTimePanel: IR_850nm calibrated data uzunluk uyumsuzluğu (timestamps: 1014, data: 254)
2026-02-26 00:20:23 - spektroskopi - WARNING - RealTimePanel: IR_940nm raw data uzunluk uyumsuzluğu (timestamps: 1014, data: 252)
2026-02-26 00:20:23 - spektroskopi - WARNING - RealTimePanel: IR_940nm calibrated data uzunluk uyumsuzluğu (timestamps: 1014, data: 252)
2026-02-26 00:20:24 - spektroskopi - WARNING - RealTimePanel: UV_360nm raw data uzunluk uyumsuzluğu (timestamps: 1014, data: 254)
2026-02-26 00:20:24 - spektroskopi - WARNING - RealTimePanel: UV_360nm calibrated data uzunluk uyumsuzluğu (timestamps: 1014, data: 254)
2026-02-26 00:20:24 - spektroskopi - WARNING - RealTimePanel: Blue_450nm raw data uzunluk uyumsuzluğu (timestamps: 1014, data: 254)
2026-02-26 00:20:24 - spektroskopi - WARNING - RealTimePanel: Blue_450nm calibrated data uzunluk uyumsuzluğu (timestamps: 1014, data: 254)
2026-02-26 00:20:24 - spektroskopi - WARNING - RealTimePanel: IR_850nm raw data uzunluk uyumsuzluğu (timestamps: 1014, data: 254)
2026-02-26 00:20:24 - spektroskopi - WARNING - RealTimePanel: IR_850nm calibrated data uzunluk uyumsuzluğu (timestamps: 1014, data: 254)
2026-02-26 00:20:24 - spektroskopi - WARNING - RealTimePanel: IR_940nm raw data uzunluk uyumsuzluğu (timestamps: 1014, data: 252)
2026-02-26 00:20:24 - spektroskopi - WARNING - RealTimePanel: IR_940nm calibrated data uzunluk uyumsuzluğu (timestamps: 1014, data: 252)
2026-02-26 00:20:25 - spektroskopi - WARNING - RealTimePanel: UV_360nm raw data uzunluk uyumsuzluğu (timestamps: 1014, data: 254)
2026-02-26 00:20:25 - spektroskopi - WARNING - RealTimePanel: UV_360nm calibrated data uzunluk uyumsuzluğu (timestamps: 1014, data: 254)
2026-02-26 00:20:25 - spektroskopi - WARNING - RealTimePanel: Blue_450nm raw data uzunluk uyumsuzluğu (timestamps: 1014, data: 254)
2026-02-26 00:20:25 - spektroskopi - WARNING - RealTimePanel: Blue_450nm calibrated data uzunluk uyumsuzluğu (timestamps: 1014, data: 254)
2026-02-26 00:20:25 - spektroskopi - WARNING - RealTimePanel: IR_850nm raw data uzunluk uyumsuzluğu (timestamps: 1014, data: 254)
2026-02-26 00:20:25 - spektroskopi - WARNING - RealTimePanel: IR_850nm calibrated data uzunluk uyumsuzluğu (timestamps: 1014, data: 254)
2026-02-26 00:20:25 - spektroskopi - WARNING - RealTimePanel: IR_940nm raw data uzunluk uyumsuzluğu (timestamps: 1014, data: 252)
2026-02-26 00:20:25 - spektroskopi - WARNING - RealTimePanel: IR_940nm calibrated data uzunluk uyumsuzluğu (timestamps: 1014, data: 252)
2026-02-26 00:20:26 - spektroskopi - WARNING - RealTimePanel: UV_360nm raw data uzunluk uyumsuzluğu (timestamps: 1014, data: 254)
2026-02-26 00:20:26 - spektroskopi - WARNING - RealTimePanel: UV_360nm calibrated data uzunluk uyumsuzluğu (timestamps: 1014, data: 254)
2026-02-26 00:20:26 - spektroskopi - WARNING - RealTimePanel: Blue_450nm raw data uzunluk uyumsuzluğu (timestamps: 1014, data: 254)
2026-02-26 00:20:26 - spektroskopi - WARNING - RealTimePanel: Blue_450nm calibrated data uzunluk uyumsuzluğu (timestamps: 1014, data: 254)
2026-02-26 00:20:26 - spektroskopi - WARNING - RealTimePanel: IR_850nm raw data uzunluk uyumsuzluğu (timestamps: 1014, data: 254)
2026-02-26 00:20:26 - spektroskopi - WARNING - RealTimePanel: IR_850nm calibrated data uzunluk uyumsuzluğu (timestamps: 1014, data: 254)
2026-02-26 00:20:26 - spektroskopi - WARNING - RealTimePanel: IR_940nm raw data uzunluk uyumsuzluğu (timestamps: 1014, data: 252)
2026-02-26 00:20:26 - spektroskopi - WARNING - RealTimePanel: IR_940nm calibrated data uzunluk uyumsuzluğu (timestamps: 1014, data: 252)
2026-02-26 00:20:27 - spektroskopi - WARNING - RealTimePanel: UV_360nm raw data uzunluk uyumsuzluğu (timestamps: 1014, data: 254)
2026-02-26 00:20:27 - spektroskopi - WARNING - RealTimePanel: UV_360nm calibrated data uzunluk uyumsuzluğu (timestamps: 1014, data: 254)
2026-02-26 00:20:27 - spektroskopi - WARNING - RealTimePanel: Blue_450nm raw data uzunluk uyumsuzluğu (timestamps: 1014, data: 254)
2026-02-26 00:20:27 - spektroskopi - WARNING - RealTimePanel: Blue_450nm calibrated data uzunluk uyumsuzluğu (timestamps: 1014, data: 254)
2026-02-26 00:20:27 - spektroskopi - WARNING - RealTimePanel: IR_850nm raw data uzunluk uyumsuzluğu (timestamps: 1014, data: 254)
2026-02-26 00:20:27 - spektroskopi - WARNING - RealTimePanel: IR_850nm calibrated data uzunluk uyumsuzluğu (timestamps: 1014, data: 254)
2026-02-26 00:20:27 - spektroskopi - WARNING - RealTimePanel: IR_940nm raw data uzunluk uyumsuzluğu (timestamps: 1014, data: 252)
2026-02-26 00:20:27 - spektroskopi - WARNING - RealTimePanel: IR_940nm calibrated data uzunluk uyumsuzluğu (timestamps: 1014, data: 252)
2026-02-26 00:20:28 - spektroskopi - WARNING - RealTimePanel: UV_360nm raw data uzunluk uyumsuzluğu (timestamps: 1014, data: 254)
2026-02-26 00:20:28 - spektroskopi - WARNING - RealTimePanel: UV_360nm calibrated data uzunluk uyumsuzluğu (timestamps: 1014, data: 254)
2026-02-26 00:20:28 - spektroskopi - WARNING - RealTimePanel: Blue_450nm raw data uzunluk uyumsuzluğu (timestamps: 1014, data: 254)
2026-02-26 00:20:28 - spektroskopi - WARNING - RealTimePanel: Blue_450nm calibrated data uzunluk uyumsuzluğu (timestamps: 1014, data: 254)
2026-02-26 00:20:28 - spektroskopi - WARNING - RealTimePanel: IR_850nm raw data uzunluk uyumsuzluğu (timestamps: 1014, data: 254)
2026-02-26 00:20:28 - spektroskopi - WARNING - RealTimePanel: IR_850nm calibrated data uzunluk uyumsuzluğu (timestamps: 1014, data: 254)
2026-02-26 00:20:28 - spektroskopi - WARNING - RealTimePanel: IR_940nm raw data uzunluk uyumsuzluğu (timestamps: 1014, data: 252)
2026-02-26 00:20:28 - spektroskopi - WARNING - RealTimePanel: IR_940nm calibrated data uzunluk uyumsuzluğu (timestamps: 1014, data: 252)
2026-02-26 00:20:29 - spektroskopi - WARNING - RealTimePanel: UV_360nm raw data uzunluk uyumsuzluğu (timestamps: 1014, data: 254)
2026-02-26 00:20:29 - spektroskopi - WARNING - RealTimePanel: UV_360nm calibrated data uzunluk uyumsuzluğu (timestamps: 1014, data: 254)
2026-02-26 00:20:29 - spektroskopi - WARNING - RealTimePanel: Blue_450nm raw data uzunluk uyumsuzluğu (timestamps: 1014, data: 254)
2026-02-26 00:20:29 - spektroskopi - WARNING - RealTimePanel: Blue_450nm calibrated data uzunluk uyumsuzluğu (timestamps: 1014, data: 254)
2026-02-26 00:20:29 - spektroskopi - WARNING - RealTimePanel: IR_850nm raw data uzunluk uyumsuzluğu (timestamps: 1014, data: 254)
2026-02-26 00:20:29 - spektroskopi - WARNING - RealTimePanel: IR_850nm calibrated data uzunluk uyumsuzluğu (timestamps: 1014, data: 254)
2026-02-26 00:20:29 - spektroskopi - WARNING - RealTimePanel: IR_940nm raw data uzunluk uyumsuzluğu (timestamps: 1014, data: 252)
2026-02-26 00:20:29 - spektroskopi - WARNING - RealTimePanel: IR_940nm calibrated data uzunluk uyumsuzluğu (timestamps: 1014, data: 252)
2026-02-26 00:20:30 - spektroskopi - WARNING - RealTimePanel: UV_360nm raw data uzunluk uyumsuzluğu (timestamps: 1014, data: 254)
2026-02-26 00:20:30 - spektroskopi - WARNING - RealTimePanel: UV_360nm calibrated data uzunluk uyumsuzluğu (timestamps: 1014, data: 254)
2026-02-26 00:20:30 - spektroskopi - WARNING - RealTimePanel: Blue_450nm raw data uzunluk uyumsuzluğu (timestamps: 1014, data: 254)
2026-02-26 00:20:30 - spektroskopi - WARNING - RealTimePanel: Blue_450nm calibrated data uzunluk uyumsuzluğu (timestamps: 1014, data: 254)
2026-02-26 00:20:30 - spektroskopi - WARNING - RealTimePanel: IR_850nm raw data uzunluk uyumsuzluğu (timestamps: 1014, data: 254)
2026-02-26 00:20:30 - spektroskopi - WARNING - RealTimePanel: IR_850nm calibrated data uzunluk uyumsuzluğu (timestamps: 1014, data: 254)
2026-02-26 00:20:30 - spektroskopi - WARNING - RealTimePanel: IR_940nm raw data uzunluk uyumsuzluğu (timestamps: 1014, data: 252)
2026-02-26 00:20:30 - spektroskopi - WARNING - RealTimePanel: IR_940nm calibrated data uzunluk uyumsuzluğu (timestamps: 1014, data: 252)
2026-02-26 00:20:31 - spektroskopi - WARNING - RealTimePanel: UV_360nm raw data uzunluk uyumsuzluğu (timestamps: 1014, data: 254)
2026-02-26 00:20:31 - spektroskopi - WARNING - RealTimePanel: UV_360nm calibrated data uzunluk uyumsuzluğu (timestamps: 1014, data: 254)
2026-02-26 00:20:31 - spektroskopi - WARNING - RealTimePanel: Blue_450nm raw data uzunluk uyumsuzluğu (timestamps: 1014, data: 254)
2026-02-26 00:20:31 - spektroskopi - WARNING - RealTimePanel: Blue_450nm calibrated data uzunluk uyumsuzluğu (timestamps: 1014, data: 254)
2026-02-26 00:20:31 - spektroskopi - WARNING - RealTimePanel: IR_850nm raw data uzunluk uyumsuzluğu (timestamps: 1014, data: 254)
2026-02-26 00:20:31 - spektroskopi - WARNING - RealTimePanel: IR_850nm calibrated data uzunluk uyumsuzluğu (timestamps: 1014, data: 254)
2026-02-26 00:20:31 - spektroskopi - WARNING - RealTimePanel: IR_940nm raw data uzunluk uyumsuzluğu (timestamps: 1014, data: 252)
2026-02-26 00:20:31 - spektroskopi - WARNING - RealTimePanel: IR_940nm calibrated data uzunluk uyumsuzluğu (timestamps: 1014, data: 252)
2026-02-26 00:20:32 - spektroskopi - WARNING - RealTimePanel: UV_360nm raw data uzunluk uyumsuzluğu (timestamps: 1014, data: 254)
2026-02-26 00:20:32 - spektroskopi - WARNING - RealTimePanel: UV_360nm calibrated data uzunluk uyumsuzluğu (timestamps: 1014, data: 254)
2026-02-26 00:20:32 - spektroskopi - WARNING - RealTimePanel: Blue_450nm raw data uzunluk uyumsuzluğu (timestamps: 1014, data: 254)
2026-02-26 00:20:32 - spektroskopi - WARNING - RealTimePanel: Blue_450nm calibrated data uzunluk uyumsuzluğu (timestamps: 1014, data: 254)
2026-02-26 00:20:32 - spektroskopi - WARNING - RealTimePanel: IR_850nm raw data uzunluk uyumsuzluğu (timestamps: 1014, data: 254)
2026-02-26 00:20:32 - spektroskopi - WARNING - RealTimePanel: IR_850nm calibrated data uzunluk uyumsuzluğu (timestamps: 1014, data: 254)
2026-02-26 00:20:32 - spektroskopi - WARNING - RealTimePanel: IR_940nm raw data uzunluk uyumsuzluğu (timestamps: 1014, data: 252)
2026-02-26 00:20:32 - spektroskopi - WARNING - RealTimePanel: IR_940nm calibrated data uzunluk uyumsuzluğu (timestamps: 1014, data: 252)
2026-02-26 00:20:33 - spektroskopi - WARNING - RealTimePanel: UV_360nm raw data uzunluk uyumsuzluğu (timestamps: 1014, data: 254)
2026-02-26 00:20:33 - spektroskopi - WARNING - RealTimePanel: UV_360nm calibrated data uzunluk uyumsuzluğu (timestamps: 1014, data: 254)
2026-02-26 00:20:33 - spektroskopi - WARNING - RealTimePanel: Blue_450nm raw data uzunluk uyumsuzluğu (timestamps: 1014, data: 254)
2026-02-26 00:20:33 - spektroskopi - WARNING - RealTimePanel: Blue_450nm calibrated data uzunluk uyumsuzluğu (timestamps: 1014, data: 254)
2026-02-26 00:20:33 - spektroskopi - WARNING - RealTimePanel: IR_850nm raw data uzunluk uyumsuzluğu (timestamps: 1014, data: 254)
2026-02-26 00:20:33 - spektroskopi - WARNING - RealTimePanel: IR_850nm calibrated data uzunluk uyumsuzluğu (timestamps: 1014, data: 254)
2026-02-26 00:20:33 - spektroskopi - WARNING - RealTimePanel: IR_940nm raw data uzunluk uyumsuzluğu (timestamps: 1014, data: 252)
2026-02-26 00:20:33 - spektroskopi - WARNING - RealTimePanel: IR_940nm calibrated data uzunluk uyumsuzluğu (timestamps: 1014, data: 252)
2026-02-26 00:20:34 - spektroskopi - WARNING - RealTimePanel: UV_360nm raw data uzunluk uyumsuzluğu (timestamps: 1014, data: 254)
2026-02-26 00:20:34 - spektroskopi - WARNING - RealTimePanel: UV_360nm calibrated data uzunluk uyumsuzluğu (timestamps: 1014, data: 254)
2026-02-26 00:20:34 - spektroskopi - WARNING - RealTimePanel: Blue_450nm raw data uzunluk uyumsuzluğu (timestamps: 1014, data: 254)
2026-02-26 00:20:34 - spektroskopi - WARNING - RealTimePanel: Blue_450nm calibrated data uzunluk uyumsuzluğu (timestamps: 1014, data: 254)
2026-02-26 00:20:34 - spektroskopi - WARNING - RealTimePanel: IR_850nm raw data uzunluk uyumsuzluğu (timestamps: 1014, data: 254)
2026-02-26 00:20:34 - spektroskopi - WARNING - RealTimePanel: IR_850nm calibrated data uzunluk uyumsuzluğu (timestamps: 1014, data: 254)
2026-02-26 00:20:34 - spektroskopi - WARNING - RealTimePanel: IR_940nm raw data uzunluk uyumsuzluğu (timestamps: 1014, data: 252)
2026-02-26 00:20:34 - spektroskopi - WARNING - RealTimePanel: IR_940nm calibrated data uzunluk uyumsuzluğu (timestamps: 1014, data: 252)
2026-02-26 00:20:35 - spektroskopi - WARNING - RealTimePanel: UV_360nm raw data uzunluk uyumsuzluğu (timestamps: 1014, data: 254)
2026-02-26 00:20:35 - spektroskopi - WARNING - RealTimePanel: UV_360nm calibrated data uzunluk uyumsuzluğu (timestamps: 1014, data: 254)
2026-02-26 00:20:35 - spektroskopi - WARNING - RealTimePanel: Blue_450nm raw data uzunluk uyumsuzluğu (timestamps: 1014, data: 254)
2026-02-26 00:20:35 - spektroskopi - WARNING - RealTimePanel: Blue_450nm calibrated data uzunluk uyumsuzluğu (timestamps: 1014, data: 254)
2026-02-26 00:20:35 - spektroskopi - WARNING - RealTimePanel: IR_850nm raw data uzunluk uyumsuzluğu (timestamps: 1014, data: 254)
2026-02-26 00:20:35 - spektroskopi - WARNING - RealTimePanel: IR_850nm calibrated data uzunluk uyumsuzluğu (timestamps: 1014, data: 254)
2026-02-26 00:20:35 - spektroskopi - WARNING - RealTimePanel: IR_940nm raw data uzunluk uyumsuzluğu (timestamps: 1014, data: 252)
2026-02-26 00:20:35 - spektroskopi - WARNING - RealTimePanel: IR_940nm calibrated data uzunluk uyumsuzluğu (timestamps: 1014, data: 252)
2026-02-26 00:20:36 - spektroskopi - WARNING - RealTimePanel: UV_360nm raw data uzunluk uyumsuzluğu (timestamps: 1014, data: 254)
2026-02-26 00:20:36 - spektroskopi - WARNING - RealTimePanel: UV_360nm calibrated data uzunluk uyumsuzluğu (timestamps: 1014, data: 254)
2026-02-26 00:20:36 - spektroskopi - WARNING - RealTimePanel: Blue_450nm raw data uzunluk uyumsuzluğu (timestamps: 1014, data: 254)
2026-02-26 00:20:36 - spektroskopi - WARNING - RealTimePanel: Blue_450nm calibrated data uzunluk uyumsuzluğu (timestamps: 1014, data: 254)
2026-02-26 00:20:36 - spektroskopi - WARNING - RealTimePanel: IR_850nm raw data uzunluk uyumsuzluğu (timestamps: 1014, data: 254)
2026-02-26 00:20:36 - spektroskopi - WARNING - RealTimePanel: IR_850nm calibrated data uzunluk uyumsuzluğu (timestamps: 1014, data: 254)
2026-02-26 00:20:36 - spektroskopi - WARNING - RealTimePanel: IR_940nm raw data uzunluk uyumsuzluğu (timestamps: 1014, data: 252)
2026-02-26 00:20:36 - spektroskopi - WARNING - RealTimePanel: IR_940nm calibrated data uzunluk uyumsuzluğu (timestamps: 1014, data: 252)
2026-02-26 00:20:37 - spektroskopi - WARNING - RealTimePanel: UV_360nm raw data uzunluk uyumsuzluğu (timestamps: 1014, data: 254)
2026-02-26 00:20:37 - spektroskopi - WARNING - RealTimePanel: UV_360nm calibrated data uzunluk uyumsuzluğu (timestamps: 1014, data: 254)
2026-02-26 00:20:37 - spektroskopi - WARNING - RealTimePanel: Blue_450nm raw data uzunluk uyumsuzluğu (timestamps: 1014, data: 254)
2026-02-26 00:20:37 - spektroskopi - WARNING - RealTimePanel: Blue_450nm calibrated data uzunluk uyumsuzluğu (timestamps: 1014, data: 254)
2026-02-26 00:20:37 - spektroskopi - WARNING - RealTimePanel: IR_850nm raw data uzunluk uyumsuzluğu (timestamps: 1014, data: 254)
2026-02-26 00:20:37 - spektroskopi - WARNING - RealTimePanel: IR_850nm calibrated data uzunluk uyumsuzluğu (timestamps: 1014, data: 254)
2026-02-26 00:20:37 - spektroskopi - WARNING - RealTimePanel: IR_940nm raw data uzunluk uyumsuzluğu (timestamps: 1014, data: 252)
2026-02-26 00:20:37 - spektroskopi - WARNING - RealTimePanel: IR_940nm calibrated data uzunluk uyumsuzluğu (timestamps: 1014, data: 252)
2026-02-26 00:20:38 - spektroskopi - WARNING - RealTimePanel: UV_360nm raw data uzunluk uyumsuzluğu (timestamps: 1014, data: 254)
2026-02-26 00:20:38 - spektroskopi - WARNING - RealTimePanel: UV_360nm calibrated data uzunluk uyumsuzluğu (timestamps: 1014, data: 254)
2026-02-26 00:20:38 - spektroskopi - WARNING - RealTimePanel: Blue_450nm raw data uzunluk uyumsuzluğu (timestamps: 1014, data: 254)
2026-02-26 00:20:38 - spektroskopi - WARNING - RealTimePanel: Blue_450nm calibrated data uzunluk uyumsuzluğu (timestamps: 1014, data: 254)
2026-02-26 00:20:38 - spektroskopi - WARNING - RealTimePanel: IR_850nm raw data uzunluk uyumsuzluğu (timestamps: 1014, data: 254)
2026-02-26 00:20:38 - spektroskopi - WARNING - RealTimePanel: IR_850nm calibrated data uzunluk uyumsuzluğu (timestamps: 1014, data: 254)
2026-02-26 00:20:38 - spektroskopi - WARNING - RealTimePanel: IR_940nm raw data uzunluk uyumsuzluğu (timestamps: 1014, data: 252)
2026-02-26 00:20:38 - spektroskopi - WARNING - RealTimePanel: IR_940nm calibrated data uzunluk uyumsuzluğu (timestamps: 1014, data: 252)
2026-02-26 00:20:39 - spektroskopi - WARNING - RealTimePanel: UV_360nm raw data uzunluk uyumsuzluğu (timestamps: 1014, data: 254)
2026-02-26 00:20:39 - spektroskopi - WARNING - RealTimePanel: UV_360nm calibrated data uzunluk uyumsuzluğu (timestamps: 1014, data: 254)
2026-02-26 00:20:39 - spektroskopi - WARNING - RealTimePanel: Blue_450nm raw data uzunluk uyumsuzluğu (timestamps: 1014, data: 254)
2026-02-26 00:20:39 - spektroskopi - WARNING - RealTimePanel: Blue_450nm calibrated data uzunluk uyumsuzluğu (timestamps: 1014, data: 254)
2026-02-26 00:20:39 - spektroskopi - WARNING - RealTimePanel: IR_850nm raw data uzunluk uyumsuzluğu (timestamps: 1014, data: 254)
2026-02-26 00:20:39 - spektroskopi - WARNING - RealTimePanel: IR_850nm calibrated data uzunluk uyumsuzluğu (timestamps: 1014, data: 254)
2026-02-26 00:20:39 - spektroskopi - WARNING - RealTimePanel: IR_940nm raw data uzunluk uyumsuzluğu (timestamps: 1014, data: 252)
2026-02-26 00:20:39 - spektroskopi - WARNING - RealTimePanel: IR_940nm calibrated data uzunluk uyumsuzluğu (timestamps: 1014, data: 252)
2026-02-26 00:20:40 - spektroskopi - WARNING - RealTimePanel: UV_360nm raw data uzunluk uyumsuzluğu (timestamps: 1014, data: 254)
2026-02-26 00:20:40 - spektroskopi - WARNING - RealTimePanel: UV_360nm calibrated data uzunluk uyumsuzluğu (timestamps: 1014, data: 254)
2026-02-26 00:20:40 - spektroskopi - WARNING - RealTimePanel: Blue_450nm raw data uzunluk uyumsuzluğu (timestamps: 1014, data: 254)
2026-02-26 00:20:40 - spektroskopi - WARNING - RealTimePanel: Blue_450nm calibrated data uzunluk uyumsuzluğu (timestamps: 1014, data: 254)
2026-02-26 00:20:40 - spektroskopi - WARNING - RealTimePanel: IR_850nm raw data uzunluk uyumsuzluğu (timestamps: 1014, data: 254)
2026-02-26 00:20:40 - spektroskopi - WARNING - RealTimePanel: IR_850nm calibrated data uzunluk uyumsuzluğu (timestamps: 1014, data: 254)
2026-02-26 00:20:40 - spektroskopi - WARNING - RealTimePanel: IR_940nm raw data uzunluk uyumsuzluğu (timestamps: 1014, data: 252)
2026-02-26 00:20:40 - spektroskopi - WARNING - RealTimePanel: IR_940nm calibrated data uzunluk uyumsuzluğu (timestamps: 1014, data: 252)
2026-02-26 00:20:41 - spektroskopi - WARNING - RealTimePanel: UV_360nm raw data uzunluk uyumsuzluğu (timestamps: 1014, data: 254)
2026-02-26 00:20:41 - spektroskopi - WARNING - RealTimePanel: UV_360nm calibrated data uzunluk uyumsuzluğu (timestamps: 1014, data: 254)
2026-02-26 00:20:41 - spektroskopi - WARNING - RealTimePanel: Blue_450nm raw data uzunluk uyumsuzluğu (timestamps: 1014, data: 254)
2026-02-26 00:20:41 - spektroskopi - WARNING - RealTimePanel: Blue_450nm calibrated data uzunluk uyumsuzluğu (timestamps: 1014, data: 254)
2026-02-26 00:20:41 - spektroskopi - WARNING - RealTimePanel: IR_850nm raw data uzunluk uyumsuzluğu (timestamps: 1014, data: 254)
2026-02-26 00:20:41 - spektroskopi - WARNING - RealTimePanel: IR_850nm calibrated data uzunluk uyumsuzluğu (timestamps: 1014, data: 254)
2026-02-26 00:20:41 - spektroskopi - WARNING - RealTimePanel: IR_940nm raw data uzunluk uyumsuzluğu (timestamps: 1014, data: 252)
2026-02-26 00:20:41 - spektroskopi - WARNING - RealTimePanel: IR_940nm calibrated data uzunluk uyumsuzluğu (timestamps: 1014, data: 252)
2026-02-26 00:20:42 - spektroskopi - WARNING - RealTimePanel: UV_360nm raw data uzunluk uyumsuzluğu (timestamps: 1014, data: 254)
2026-02-26 00:20:42 - spektroskopi - WARNING - RealTimePanel: UV_360nm calibrated data uzunluk uyumsuzluğu (timestamps: 1014, data: 254)
2026-02-26 00:20:42 - spektroskopi - WARNING - RealTimePanel: Blue_450nm raw data uzunluk uyumsuzluğu (timestamps: 1014, data: 254)
2026-02-26 00:20:42 - spektroskopi - WARNING - RealTimePanel: Blue_450nm calibrated data uzunluk uyumsuzluğu (timestamps: 1014, data: 254)
2026-02-26 00:20:42 - spektroskopi - WARNING - RealTimePanel: IR_850nm raw data uzunluk uyumsuzluğu (timestamps: 1014, data: 254)
2026-02-26 00:20:42 - spektroskopi - WARNING - RealTimePanel: IR_850nm calibrated data uzunluk uyumsuzluğu (timestamps: 1014, data: 254)
2026-02-26 00:20:42 - spektroskopi - WARNING - RealTimePanel: IR_940nm raw data uzunluk uyumsuzluğu (timestamps: 1014, data: 252)
2026-02-26 00:20:42 - spektroskopi - WARNING - RealTimePanel: IR_940nm calibrated data uzunluk uyumsuzluğu (timestamps: 1014, data: 252)
2026-02-26 00:20:43 - spektroskopi - WARNING - RealTimePanel: UV_360nm raw data uzunluk uyumsuzluğu (timestamps: 1014, data: 254)
2026-02-26 00:20:43 - spektroskopi - WARNING - RealTimePanel: UV_360nm calibrated data uzunluk uyumsuzluğu (timestamps: 1014, data: 254)
2026-02-26 00:20:43 - spektroskopi - WARNING - RealTimePanel: Blue_450nm raw data uzunluk uyumsuzluğu (timestamps: 1014, data: 254)
2026-02-26 00:20:43 - spektroskopi - WARNING - RealTimePanel: Blue_450nm calibrated data uzunluk uyumsuzluğu (timestamps: 1014, data: 254)
2026-02-26 00:20:43 - spektroskopi - WARNING - RealTimePanel: IR_850nm raw data uzunluk uyumsuzluğu (timestamps: 1014, data: 254)
2026-02-26 00:20:43 - spektroskopi - WARNING - RealTimePanel: IR_850nm calibrated data uzunluk uyumsuzluğu (timestamps: 1014, data: 254)
2026-02-26 00:20:43 - spektroskopi - WARNING - RealTimePanel: IR_940nm raw data uzunluk uyumsuzluğu (timestamps: 1014, data: 252)
2026-02-26 00:20:43 - spektroskopi - WARNING - RealTimePanel: IR_940nm calibrated data uzunluk uyumsuzluğu (timestamps: 1014, data: 252)
2026-02-26 00:20:44 - spektroskopi - WARNING - RealTimePanel: UV_360nm raw data uzunluk uyumsuzluğu (timestamps: 1014, data: 254)
2026-02-26 00:20:44 - spektroskopi - WARNING - RealTimePanel: UV_360nm calibrated data uzunluk uyumsuzluğu (timestamps: 1014, data: 254)
2026-02-26 00:20:44 - spektroskopi - WARNING - RealTimePanel: Blue_450nm raw data uzunluk uyumsuzluğu (timestamps: 1014, data: 254)
2026-02-26 00:20:44 - spektroskopi - WARNING - RealTimePanel: Blue_450nm calibrated data uzunluk uyumsuzluğu (timestamps: 1014, data: 254)
2026-02-26 00:20:44 - spektroskopi - WARNING - RealTimePanel: IR_850nm raw data uzunluk uyumsuzluğu (timestamps: 1014, data: 254)
2026-02-26 00:20:44 - spektroskopi - WARNING - RealTimePanel: IR_850nm calibrated data uzunluk uyumsuzluğu (timestamps: 1014, data: 254)
2026-02-26 00:20:44 - spektroskopi - WARNING - RealTimePanel: IR_940nm raw data uzunluk uyumsuzluğu (timestamps: 1014, data: 252)
2026-02-26 00:20:44 - spektroskopi - WARNING - RealTimePanel: IR_940nm calibrated data uzunluk uyumsuzluğu (timestamps: 1014, data: 252)
2026-02-26 00:20:45 - spektroskopi - WARNING - RealTimePanel: UV_360nm raw data uzunluk uyumsuzluğu (timestamps: 1014, data: 254)
2026-02-26 00:20:45 - spektroskopi - WARNING - RealTimePanel: UV_360nm calibrated data uzunluk uyumsuzluğu (timestamps: 1014, data: 254)
2026-02-26 00:20:45 - spektroskopi - WARNING - RealTimePanel: Blue_450nm raw data uzunluk uyumsuzluğu (timestamps: 1014, data: 254)
2026-02-26 00:20:45 - spektroskopi - WARNING - RealTimePanel: Blue_450nm calibrated data uzunluk uyumsuzluğu (timestamps: 1014, data: 254)
2026-02-26 00:20:45 - spektroskopi - WARNING - RealTimePanel: IR_850nm raw data uzunluk uyumsuzluğu (timestamps: 1014, data: 254)
2026-02-26 00:20:45 - spektroskopi - WARNING - RealTimePanel: IR_850nm calibrated data uzunluk uyumsuzluğu (timestamps: 1014, data: 254)
2026-02-26 00:20:45 - spektroskopi - WARNING - RealTimePanel: IR_940nm raw data uzunluk uyumsuzluğu (timestamps: 1014, data: 252)
2026-02-26 00:20:45 - spektroskopi - WARNING - RealTimePanel: IR_940nm calibrated data uzunluk uyumsuzluğu (timestamps: 1014, data: 252)
2026-02-26 00:20:46 - spektroskopi - WARNING - RealTimePanel: UV_360nm raw data uzunluk uyumsuzluğu (timestamps: 1014, data: 254)
2026-02-26 00:20:46 - spektroskopi - WARNING - RealTimePanel: UV_360nm calibrated data uzunluk uyumsuzluğu (timestamps: 1014, data: 254)
2026-02-26 00:20:46 - spektroskopi - WARNING - RealTimePanel: Blue_450nm raw data uzunluk uyumsuzluğu (timestamps: 1014, data: 254)
2026-02-26 00:20:46 - spektroskopi - WARNING - RealTimePanel: Blue_450nm calibrated data uzunluk uyumsuzluğu (timestamps: 1014, data: 254)
2026-02-26 00:20:46 - spektroskopi - WARNING - RealTimePanel: IR_850nm raw data uzunluk uyumsuzluğu (timestamps: 1014, data: 254)
2026-02-26 00:20:46 - spektroskopi - WARNING - RealTimePanel: IR_850nm calibrated data uzunluk uyumsuzluğu (timestamps: 1014, data: 254)
2026-02-26 00:20:46 - spektroskopi - WARNING - RealTimePanel: IR_940nm raw data uzunluk uyumsuzluğu (timestamps: 1014, data: 252)
2026-02-26 00:20:46 - spektroskopi - WARNING - RealTimePanel: IR_940nm calibrated data uzunluk uyumsuzluğu (timestamps: 1014, data: 252)
2026-02-26 00:20:47 - spektroskopi - WARNING - RealTimePanel: UV_360nm raw data uzunluk uyumsuzluğu (timestamps: 1014, data: 254)
2026-02-26 00:20:47 - spektroskopi - WARNING - RealTimePanel: UV_360nm calibrated data uzunluk uyumsuzluğu (timestamps: 1014, data: 254)
2026-02-26 00:20:47 - spektroskopi - WARNING - RealTimePanel: Blue_450nm raw data uzunluk uyumsuzluğu (timestamps: 1014, data: 254)
2026-02-26 00:20:47 - spektroskopi - WARNING - RealTimePanel: Blue_450nm calibrated data uzunluk uyumsuzluğu (timestamps: 1014, data: 254)
2026-02-26 00:20:47 - spektroskopi - WARNING - RealTimePanel: IR_850nm raw data uzunluk uyumsuzluğu (timestamps: 1014, data: 254)
2026-02-26 00:20:47 - spektroskopi - WARNING - RealTimePanel: IR_850nm calibrated data uzunluk uyumsuzluğu (timestamps: 1014, data: 254)
2026-02-26 00:20:47 - spektroskopi - WARNING - RealTimePanel: IR_940nm raw data uzunluk uyumsuzluğu (timestamps: 1014, data: 252)
2026-02-26 00:20:47 - spektroskopi - WARNING - RealTimePanel: IR_940nm calibrated data uzunluk uyumsuzluğu (timestamps: 1014, data: 252)
2026-02-26 00:20:48 - spektroskopi - WARNING - RealTimePanel: UV_360nm raw data uzunluk uyumsuzluğu (timestamps: 1014, data: 254)
2026-02-26 00:20:48 - spektroskopi - WARNING - RealTimePanel: UV_360nm calibrated data uzunluk uyumsuzluğu (timestamps: 1014, data: 254)
2026-02-26 00:20:48 - spektroskopi - WARNING - RealTimePanel: Blue_450nm raw data uzunluk uyumsuzluğu (timestamps: 1014, data: 254)
2026-02-26 00:20:48 - spektroskopi - WARNING - RealTimePanel: Blue_450nm calibrated data uzunluk uyumsuzluğu (timestamps: 1014, data: 254)
2026-02-26 00:20:48 - spektroskopi - WARNING - RealTimePanel: IR_850nm raw data uzunluk uyumsuzluğu (timestamps: 1014, data: 254)
2026-02-26 00:20:48 - spektroskopi - WARNING - RealTimePanel: IR_850nm calibrated data uzunluk uyumsuzluğu (timestamps: 1014, data: 254)
2026-02-26 00:20:48 - spektroskopi - WARNING - RealTimePanel: IR_940nm raw data uzunluk uyumsuzluğu (timestamps: 1014, data: 252)
2026-02-26 00:20:48 - spektroskopi - WARNING - RealTimePanel: IR_940nm calibrated data uzunluk uyumsuzluğu (timestamps: 1014, data: 252)
2026-02-26 00:20:49 - spektroskopi - WARNING - RealTimePanel: UV_360nm raw data uzunluk uyumsuzluğu (timestamps: 1014, data: 254)
2026-02-26 00:20:49 - spektroskopi - WARNING - RealTimePanel: UV_360nm calibrated data uzunluk uyumsuzluğu (timestamps: 1014, data: 254)
2026-02-26 00:20:49 - spektroskopi - WARNING - RealTimePanel: Blue_450nm raw data uzunluk uyumsuzluğu (timestamps: 1014, data: 254)
2026-02-26 00:20:49 - spektroskopi - WARNING - RealTimePanel: Blue_450nm calibrated data uzunluk uyumsuzluğu (timestamps: 1014, data: 254)
2026-02-26 00:20:49 - spektroskopi - WARNING - RealTimePanel: IR_850nm raw data uzunluk uyumsuzluğu (timestamps: 1014, data: 254)
2026-02-26 00:20:49 - spektroskopi - WARNING - RealTimePanel: IR_850nm calibrated data uzunluk uyumsuzluğu (timestamps: 1014, data: 254)
2026-02-26 00:20:49 - spektroskopi - WARNING - RealTimePanel: IR_940nm raw data uzunluk uyumsuzluğu (timestamps: 1014, data: 252)
2026-02-26 00:20:49 - spektroskopi - WARNING - RealTimePanel: IR_940nm calibrated data uzunluk uyumsuzluğu (timestamps: 1014, data: 252)
2026-02-26 00:20:50 - spektroskopi - WARNING - RealTimePanel: UV_360nm raw data uzunluk uyumsuzluğu (timestamps: 1014, data: 254)
2026-02-26 00:20:50 - spektroskopi - WARNING - RealTimePanel: UV_360nm calibrated data uzunluk uyumsuzluğu (timestamps: 1014, data: 254)
2026-02-26 00:20:50 - spektroskopi - WARNING - RealTimePanel: Blue_450nm raw data uzunluk uyumsuzluğu (timestamps: 1014, data: 254)
2026-02-26 00:20:50 - spektroskopi - WARNING - RealTimePanel: Blue_450nm calibrated data uzunluk uyumsuzluğu (timestamps: 1014, data: 254)
2026-02-26 00:20:50 - spektroskopi - WARNING - RealTimePanel: IR_850nm raw data uzunluk uyumsuzluğu (timestamps: 1014, data: 254)
2026-02-26 00:20:50 - spektroskopi - WARNING - RealTimePanel: IR_850nm calibrated data uzunluk uyumsuzluğu (timestamps: 1014, data: 254)
2026-02-26 00:20:50 - spektroskopi - WARNING - RealTimePanel: IR_940nm raw data uzunluk uyumsuzluğu (timestamps: 1014, data: 252)
2026-02-26 00:20:50 - spektroskopi - WARNING - RealTimePanel: IR_940nm calibrated data uzunluk uyumsuzluğu (timestamps: 1014, data: 252)
2026-02-26 00:20:51 - spektroskopi - WARNING - RealTimePanel: UV_360nm raw data uzunluk uyumsuzluğu (timestamps: 1014, data: 254)
2026-02-26 00:20:51 - spektroskopi - WARNING - RealTimePanel: UV_360nm calibrated data uzunluk uyumsuzluğu (timestamps: 1014, data: 254)
2026-02-26 00:20:51 - spektroskopi - WARNING - RealTimePanel: Blue_450nm raw data uzunluk uyumsuzluğu (timestamps: 1014, data: 254)
2026-02-26 00:20:51 - spektroskopi - WARNING - RealTimePanel: Blue_450nm calibrated data uzunluk uyumsuzluğu (timestamps: 1014, data: 254)
2026-02-26 00:20:51 - spektroskopi - WARNING - RealTimePanel: IR_850nm raw data uzunluk uyumsuzluğu (timestamps: 1014, data: 254)
2026-02-26 00:20:51 - spektroskopi - WARNING - RealTimePanel: IR_850nm calibrated data uzunluk uyumsuzluğu (timestamps: 1014, data: 254)
2026-02-26 00:20:51 - spektroskopi - WARNING - RealTimePanel: IR_940nm raw data uzunluk uyumsuzluğu (timestamps: 1014, data: 252)
2026-02-26 00:20:51 - spektroskopi - WARNING - RealTimePanel: IR_940nm calibrated data uzunluk uyumsuzluğu (timestamps: 1014, data: 252)
2026-02-26 00:20:52 - spektroskopi - WARNING - RealTimePanel: UV_360nm raw data uzunluk uyumsuzluğu (timestamps: 1014, data: 254)
2026-02-26 00:20:52 - spektroskopi - WARNING - RealTimePanel: UV_360nm calibrated data uzunluk uyumsuzluğu (timestamps: 1014, data: 254)
2026-02-26 00:20:52 - spektroskopi - WARNING - RealTimePanel: Blue_450nm raw data uzunluk uyumsuzluğu (timestamps: 1014, data: 254)
2026-02-26 00:20:52 - spektroskopi - WARNING - RealTimePanel: Blue_450nm calibrated data uzunluk uyumsuzluğu (timestamps: 1014, data: 254)
2026-02-26 00:20:52 - spektroskopi - WARNING - RealTimePanel: IR_850nm raw data uzunluk uyumsuzluğu (timestamps: 1014, data: 254)
2026-02-26 00:20:52 - spektroskopi - WARNING - RealTimePanel: IR_850nm calibrated data uzunluk uyumsuzluğu (timestamps: 1014, data: 254)
2026-02-26 00:20:52 - spektroskopi - WARNING - RealTimePanel: IR_940nm raw data uzunluk uyumsuzluğu (timestamps: 1014, data: 252)
2026-02-26 00:20:52 - spektroskopi - WARNING - RealTimePanel: IR_940nm calibrated data uzunluk uyumsuzluğu (timestamps: 1014, data: 252)
2026-02-26 00:20:53 - spektroskopi - WARNING - RealTimePanel: UV_360nm raw data uzunluk uyumsuzluğu (timestamps: 1014, data: 254)
2026-02-26 00:20:53 - spektroskopi - WARNING - RealTimePanel: UV_360nm calibrated data uzunluk uyumsuzluğu (timestamps: 1014, data: 254)
2026-02-26 00:20:53 - spektroskopi - WARNING - RealTimePanel: Blue_450nm raw data uzunluk uyumsuzluğu (timestamps: 1014, data: 254)
2026-02-26 00:20:53 - spektroskopi - WARNING - RealTimePanel: Blue_450nm calibrated data uzunluk uyumsuzluğu (timestamps: 1014, data: 254)
2026-02-26 00:20:53 - spektroskopi - WARNING - RealTimePanel: IR_850nm raw data uzunluk uyumsuzluğu (timestamps: 1014, data: 254)
2026-02-26 00:20:53 - spektroskopi - WARNING - RealTimePanel: IR_850nm calibrated data uzunluk uyumsuzluğu (timestamps: 1014, data: 254)
2026-02-26 00:20:53 - spektroskopi - WARNING - RealTimePanel: IR_940nm raw data uzunluk uyumsuzluğu (timestamps: 1014, data: 252)
2026-02-26 00:20:53 - spektroskopi - WARNING - RealTimePanel: IR_940nm calibrated data uzunluk uyumsuzluğu (timestamps: 1014, data: 252)
2026-02-26 00:20:54 - spektroskopi - WARNING - RealTimePanel: UV_360nm raw data uzunluk uyumsuzluğu (timestamps: 1014, data: 254)
2026-02-26 00:20:54 - spektroskopi - WARNING - RealTimePanel: UV_360nm calibrated data uzunluk uyumsuzluğu (timestamps: 1014, data: 254)
2026-02-26 00:20:54 - spektroskopi - WARNING - RealTimePanel: Blue_450nm raw data uzunluk uyumsuzluğu (timestamps: 1014, data: 254)
2026-02-26 00:20:54 - spektroskopi - WARNING - RealTimePanel: Blue_450nm calibrated data uzunluk uyumsuzluğu (timestamps: 1014, data: 254)
2026-02-26 00:20:54 - spektroskopi - WARNING - RealTimePanel: IR_850nm raw data uzunluk uyumsuzluğu (timestamps: 1014, data: 254)
2026-02-26 00:20:54 - spektroskopi - WARNING - RealTimePanel: IR_850nm calibrated data uzunluk uyumsuzluğu (timestamps: 1014, data: 254)
2026-02-26 00:20:54 - spektroskopi - WARNING - RealTimePanel: IR_940nm raw data uzunluk uyumsuzluğu (timestamps: 1014, data: 252)
2026-02-26 00:20:54 - spektroskopi - WARNING - RealTimePanel: IR_940nm calibrated data uzunluk uyumsuzluğu (timestamps: 1014, data: 252)
2026-02-26 00:20:55 - spektroskopi - WARNING - RealTimePanel: UV_360nm raw data uzunluk uyumsuzluğu (timestamps: 1014, data: 254)
2026-02-26 00:20:55 - spektroskopi - WARNING - RealTimePanel: UV_360nm calibrated data uzunluk uyumsuzluğu (timestamps: 1014, data: 254)
2026-02-26 00:20:55 - spektroskopi - WARNING - RealTimePanel: Blue_450nm raw data uzunluk uyumsuzluğu (timestamps: 1014, data: 254)
2026-02-26 00:20:55 - spektroskopi - WARNING - RealTimePanel: Blue_450nm calibrated data uzunluk uyumsuzluğu (timestamps: 1014, data: 254)
2026-02-26 00:20:55 - spektroskopi - WARNING - RealTimePanel: IR_850nm raw data uzunluk uyumsuzluğu (timestamps: 1014, data: 254)
2026-02-26 00:20:55 - spektroskopi - WARNING - RealTimePanel: IR_850nm calibrated data uzunluk uyumsuzluğu (timestamps: 1014, data: 254)
2026-02-26 00:20:55 - spektroskopi - WARNING - RealTimePanel: IR_940nm raw data uzunluk uyumsuzluğu (timestamps: 1014, data: 252)
2026-02-26 00:20:55 - spektroskopi - WARNING - RealTimePanel: IR_940nm calibrated data uzunluk uyumsuzluğu (timestamps: 1014, data: 252)
2026-02-26 00:20:56 - spektroskopi - WARNING - RealTimePanel: UV_360nm raw data uzunluk uyumsuzluğu (timestamps: 1014, data: 254)
2026-02-26 00:20:56 - spektroskopi - WARNING - RealTimePanel: UV_360nm calibrated data uzunluk uyumsuzluğu (timestamps: 1014, data: 254)
2026-02-26 00:20:56 - spektroskopi - WARNING - RealTimePanel: Blue_450nm raw data uzunluk uyumsuzluğu (timestamps: 1014, data: 254)
2026-02-26 00:20:56 - spektroskopi - WARNING - RealTimePanel: Blue_450nm calibrated data uzunluk uyumsuzluğu (timestamps: 1014, data: 254)
2026-02-26 00:20:56 - spektroskopi - WARNING - RealTimePanel: IR_850nm raw data uzunluk uyumsuzluğu (timestamps: 1014, data: 254)
2026-02-26 00:20:56 - spektroskopi - WARNING - RealTimePanel: IR_850nm calibrated data uzunluk uyumsuzluğu (timestamps: 1014, data: 254)
2026-02-26 00:20:56 - spektroskopi - WARNING - RealTimePanel: IR_940nm raw data uzunluk uyumsuzluğu (timestamps: 1014, data: 252)
2026-02-26 00:20:56 - spektroskopi - WARNING - RealTimePanel: IR_940nm calibrated data uzunluk uyumsuzluğu (timestamps: 1014, data: 252)
2026-02-26 00:20:57 - spektroskopi - WARNING - RealTimePanel: UV_360nm raw data uzunluk uyumsuzluğu (timestamps: 1014, data: 254)
2026-02-26 00:20:57 - spektroskopi - WARNING - RealTimePanel: UV_360nm calibrated data uzunluk uyumsuzluğu (timestamps: 1014, data: 254)
2026-02-26 00:20:57 - spektroskopi - WARNING - RealTimePanel: Blue_450nm raw data uzunluk uyumsuzluğu (timestamps: 1014, data: 254)
2026-02-26 00:20:57 - spektroskopi - WARNING - RealTimePanel: Blue_450nm calibrated data uzunluk uyumsuzluğu (timestamps: 1014, data: 254)
2026-02-26 00:20:57 - spektroskopi - WARNING - RealTimePanel: IR_850nm raw data uzunluk uyumsuzluğu (timestamps: 1014, data: 254)
2026-02-26 00:20:57 - spektroskopi - WARNING - RealTimePanel: IR_850nm calibrated data uzunluk uyumsuzluğu (timestamps: 1014, data: 254)
2026-02-26 00:20:57 - spektroskopi - WARNING - RealTimePanel: IR_940nm raw data uzunluk uyumsuzluğu (timestamps: 1014, data: 252)
2026-02-26 00:20:57 - spektroskopi - WARNING - RealTimePanel: IR_940nm calibrated data uzunluk uyumsuzluğu (timestamps: 1014, data: 252)
2026-02-26 00:20:58 - spektroskopi - WARNING - RealTimePanel: UV_360nm raw data uzunluk uyumsuzluğu (timestamps: 1014, data: 254)
2026-02-26 00:20:58 - spektroskopi - WARNING - RealTimePanel: UV_360nm calibrated data uzunluk uyumsuzluğu (timestamps: 1014, data: 254)
2026-02-26 00:20:58 - spektroskopi - WARNING - RealTimePanel: Blue_450nm raw data uzunluk uyumsuzluğu (timestamps: 1014, data: 254)
2026-02-26 00:20:58 - spektroskopi - WARNING - RealTimePanel: Blue_450nm calibrated data uzunluk uyumsuzluğu (timestamps: 1014, data: 254)
2026-02-26 00:20:58 - spektroskopi - WARNING - RealTimePanel: IR_850nm raw data uzunluk uyumsuzluğu (timestamps: 1014, data: 254)
2026-02-26 00:20:58 - spektroskopi - WARNING - RealTimePanel: IR_850nm calibrated data uzunluk uyumsuzluğu (timestamps: 1014, data: 254)
2026-02-26 00:20:58 - spektroskopi - WARNING - RealTimePanel: IR_940nm raw data uzunluk uyumsuzluğu (timestamps: 1014, data: 252)
2026-02-26 00:20:58 - spektroskopi - WARNING - RealTimePanel: IR_940nm calibrated data uzunluk uyumsuzluğu (timestamps: 1014, data: 252)
2026-02-26 00:20:59 - spektroskopi - WARNING - RealTimePanel: UV_360nm raw data uzunluk uyumsuzluğu (timestamps: 1014, data: 254)
2026-02-26 00:20:59 - spektroskopi - WARNING - RealTimePanel: UV_360nm calibrated data uzunluk uyumsuzluğu (timestamps: 1014, data: 254)
2026-02-26 00:20:59 - spektroskopi - WARNING - RealTimePanel: Blue_450nm raw data uzunluk uyumsuzluğu (timestamps: 1014, data: 254)
2026-02-26 00:20:59 - spektroskopi - WARNING - RealTimePanel: Blue_450nm calibrated data uzunluk uyumsuzluğu (timestamps: 1014, data: 254)
2026-02-26 00:20:59 - spektroskopi - WARNING - RealTimePanel: IR_850nm raw data uzunluk uyumsuzluğu (timestamps: 1014, data: 254)
2026-02-26 00:20:59 - spektroskopi - WARNING - RealTimePanel: IR_850nm calibrated data uzunluk uyumsuzluğu (timestamps: 1014, data: 254)
2026-02-26 00:20:59 - spektroskopi - WARNING - RealTimePanel: IR_940nm raw data uzunluk uyumsuzluğu (timestamps: 1014, data: 252)
2026-02-26 00:20:59 - spektroskopi - WARNING - RealTimePanel: IR_940nm calibrated data uzunluk uyumsuzluğu (timestamps: 1014, data: 252)
2026-02-26 00:21:00 - spektroskopi - WARNING - RealTimePanel: UV_360nm raw data uzunluk uyumsuzluğu (timestamps: 1014, data: 254)
2026-02-26 00:21:00 - spektroskopi - WARNING - RealTimePanel: UV_360nm calibrated data uzunluk uyumsuzluğu (timestamps: 1014, data: 254)
2026-02-26 00:21:00 - spektroskopi - WARNING - RealTimePanel: Blue_450nm raw data uzunluk uyumsuzluğu (timestamps: 1014, data: 254)
2026-02-26 00:21:00 - spektroskopi - WARNING - RealTimePanel: Blue_450nm calibrated data uzunluk uyumsuzluğu (timestamps: 1014, data: 254)
2026-02-26 00:21:00 - spektroskopi - WARNING - RealTimePanel: IR_850nm raw data uzunluk uyumsuzluğu (timestamps: 1014, data: 254)
2026-02-26 00:21:00 - spektroskopi - WARNING - RealTimePanel: IR_850nm calibrated data uzunluk uyumsuzluğu (timestamps: 1014, data: 254)
2026-02-26 00:21:00 - spektroskopi - WARNING - RealTimePanel: IR_940nm raw data uzunluk uyumsuzluğu (timestamps: 1014, data: 252)
2026-02-26 00:21:00 - spektroskopi - WARNING - RealTimePanel: IR_940nm calibrated data uzunluk uyumsuzluğu (timestamps: 1014, data: 252)
2026-02-26 00:21:01 - spektroskopi - WARNING - RealTimePanel: UV_360nm raw data uzunluk uyumsuzluğu (timestamps: 1014, data: 254)
2026-02-26 00:21:01 - spektroskopi - WARNING - RealTimePanel: UV_360nm calibrated data uzunluk uyumsuzluğu (timestamps: 1014, data: 254)
2026-02-26 00:21:01 - spektroskopi - WARNING - RealTimePanel: Blue_450nm raw data uzunluk uyumsuzluğu (timestamps: 1014, data: 254)
2026-02-26 00:21:01 - spektroskopi - WARNING - RealTimePanel: Blue_450nm calibrated data uzunluk uyumsuzluğu (timestamps: 1014, data: 254)
2026-02-26 00:21:01 - spektroskopi - WARNING - RealTimePanel: IR_850nm raw data uzunluk uyumsuzluğu (timestamps: 1014, data: 254)
2026-02-26 00:21:01 - spektroskopi - WARNING - RealTimePanel: IR_850nm calibrated data uzunluk uyumsuzluğu (timestamps: 1014, data: 254)
2026-02-26 00:21:01 - spektroskopi - WARNING - RealTimePanel: IR_940nm raw data uzunluk uyumsuzluğu (timestamps: 1014, data: 252)
2026-02-26 00:21:01 - spektroskopi - WARNING - RealTimePanel: IR_940nm calibrated data uzunluk uyumsuzluğu (timestamps: 1014, data: 252)
2026-02-26 00:21:02 - spektroskopi - WARNING - RealTimePanel: UV_360nm raw data uzunluk uyumsuzluğu (timestamps: 1014, data: 254)
2026-02-26 00:21:02 - spektroskopi - WARNING - RealTimePanel: UV_360nm calibrated data uzunluk uyumsuzluğu (timestamps: 1014, data: 254)
2026-02-26 00:21:02 - spektroskopi - WARNING - RealTimePanel: Blue_450nm raw data uzunluk uyumsuzluğu (timestamps: 1014, data: 254)
2026-02-26 00:21:02 - spektroskopi - WARNING - RealTimePanel: Blue_450nm calibrated data uzunluk uyumsuzluğu (timestamps: 1014, data: 254)
2026-02-26 00:21:02 - spektroskopi - WARNING - RealTimePanel: IR_850nm raw data uzunluk uyumsuzluğu (timestamps: 1014, data: 254)
2026-02-26 00:21:02 - spektroskopi - WARNING - RealTimePanel: IR_850nm calibrated data uzunluk uyumsuzluğu (timestamps: 1014, data: 254)
2026-02-26 00:21:02 - spektroskopi - WARNING - RealTimePanel: IR_940nm raw data uzunluk uyumsuzluğu (timestamps: 1014, data: 252)
2026-02-26 00:21:02 - spektroskopi - WARNING - RealTimePanel: IR_940nm calibrated data uzunluk uyumsuzluğu (timestamps: 1014, data: 252)
2026-02-26 00:21:03 - spektroskopi - WARNING - RealTimePanel: UV_360nm raw data uzunluk uyumsuzluğu (timestamps: 1014, data: 254)
2026-02-26 00:21:03 - spektroskopi - WARNING - RealTimePanel: UV_360nm calibrated data uzunluk uyumsuzluğu (timestamps: 1014, data: 254)
2026-02-26 00:21:03 - spektroskopi - WARNING - RealTimePanel: Blue_450nm raw data uzunluk uyumsuzluğu (timestamps: 1014, data: 254)
2026-02-26 00:21:03 - spektroskopi - WARNING - RealTimePanel: Blue_450nm calibrated data uzunluk uyumsuzluğu (timestamps: 1014, data: 254)
2026-02-26 00:21:03 - spektroskopi - WARNING - RealTimePanel: IR_850nm raw data uzunluk uyumsuzluğu (timestamps: 1014, data: 254)
2026-02-26 00:21:03 - spektroskopi - WARNING - RealTimePanel: IR_850nm calibrated data uzunluk uyumsuzluğu (timestamps: 1014, data: 254)
2026-02-26 00:21:03 - spektroskopi - WARNING - RealTimePanel: IR_940nm raw data uzunluk uyumsuzluğu (timestamps: 1014, data: 252)
2026-02-26 00:21:03 - spektroskopi - WARNING - RealTimePanel: IR_940nm calibrated data uzunluk uyumsuzluğu (timestamps: 1014, data: 252)
2026-02-26 00:21:04 - spektroskopi - WARNING - RealTimePanel: UV_360nm raw data uzunluk uyumsuzluğu (timestamps: 1014, data: 254)
2026-02-26 00:21:04 - spektroskopi - WARNING - RealTimePanel: UV_360nm calibrated data uzunluk uyumsuzluğu (timestamps: 1014, data: 254)
2026-02-26 00:21:04 - spektroskopi - WARNING - RealTimePanel: Blue_450nm raw data uzunluk uyumsuzluğu (timestamps: 1014, data: 254)
2026-02-26 00:21:04 - spektroskopi - WARNING - RealTimePanel: Blue_450nm calibrated data uzunluk uyumsuzluğu (timestamps: 1014, data: 254)
2026-02-26 00:21:04 - spektroskopi - WARNING - RealTimePanel: IR_850nm raw data uzunluk uyumsuzluğu (timestamps: 1014, data: 254)
2026-02-26 00:21:04 - spektroskopi - WARNING - RealTimePanel: IR_850nm calibrated data uzunluk uyumsuzluğu (timestamps: 1014, data: 254)
2026-02-26 00:21:04 - spektroskopi - WARNING - RealTimePanel: IR_940nm raw data uzunluk uyumsuzluğu (timestamps: 1014, data: 252)
2026-02-26 00:21:04 - spektroskopi - WARNING - RealTimePanel: IR_940nm calibrated data uzunluk uyumsuzluğu (timestamps: 1014, data: 252)
2026-02-26 00:21:05 - spektroskopi - WARNING - RealTimePanel: UV_360nm raw data uzunluk uyumsuzluğu (timestamps: 1014, data: 254)
2026-02-26 00:21:05 - spektroskopi - WARNING - RealTimePanel: UV_360nm calibrated data uzunluk uyumsuzluğu (timestamps: 1014, data: 254)
2026-02-26 00:21:05 - spektroskopi - WARNING - RealTimePanel: Blue_450nm raw data uzunluk uyumsuzluğu (timestamps: 1014, data: 254)
2026-02-26 00:21:05 - spektroskopi - WARNING - RealTimePanel: Blue_450nm calibrated data uzunluk uyumsuzluğu (timestamps: 1014, data: 254)
2026-02-26 00:21:05 - spektroskopi - WARNING - RealTimePanel: IR_850nm raw data uzunluk uyumsuzluğu (timestamps: 1014, data: 254)
2026-02-26 00:21:05 - spektroskopi - WARNING - RealTimePanel: IR_850nm calibrated data uzunluk uyumsuzluğu (timestamps: 1014, data: 254)
2026-02-26 00:21:05 - spektroskopi - WARNING - RealTimePanel: IR_940nm raw data uzunluk uyumsuzluğu (timestamps: 1014, data: 252)
2026-02-26 00:21:05 - spektroskopi - WARNING - RealTimePanel: IR_940nm calibrated data uzunluk uyumsuzluğu (timestamps: 1014, data: 252)
2026-02-26 00:21:06 - spektroskopi - WARNING - RealTimePanel: UV_360nm raw data uzunluk uyumsuzluğu (timestamps: 1014, data: 254)
2026-02-26 00:21:06 - spektroskopi - WARNING - RealTimePanel: UV_360nm calibrated data uzunluk uyumsuzluğu (timestamps: 1014, data: 254)
2026-02-26 00:21:06 - spektroskopi - WARNING - RealTimePanel: Blue_450nm raw data uzunluk uyumsuzluğu (timestamps: 1014, data: 254)
2026-02-26 00:21:06 - spektroskopi - WARNING - RealTimePanel: Blue_450nm calibrated data uzunluk uyumsuzluğu (timestamps: 1014, data: 254)
2026-02-26 00:21:06 - spektroskopi - WARNING - RealTimePanel: IR_850nm raw data uzunluk uyumsuzluğu (timestamps: 1014, data: 254)
2026-02-26 00:21:06 - spektroskopi - WARNING - RealTimePanel: IR_850nm calibrated data uzunluk uyumsuzluğu (timestamps: 1014, data: 254)
2026-02-26 00:21:06 - spektroskopi - WARNING - RealTimePanel: IR_940nm raw data uzunluk uyumsuzluğu (timestamps: 1014, data: 252)
2026-02-26 00:21:06 - spektroskopi - WARNING - RealTimePanel: IR_940nm calibrated data uzunluk uyumsuzluğu (timestamps: 1014, data: 252)
2026-02-26 00:21:07 - spektroskopi - WARNING - RealTimePanel: UV_360nm raw data uzunluk uyumsuzluğu (timestamps: 1014, data: 254)
2026-02-26 00:21:07 - spektroskopi - WARNING - RealTimePanel: UV_360nm calibrated data uzunluk uyumsuzluğu (timestamps: 1014, data: 254)
2026-02-26 00:21:07 - spektroskopi - WARNING - RealTimePanel: Blue_450nm raw data uzunluk uyumsuzluğu (timestamps: 1014, data: 254)
2026-02-26 00:21:07 - spektroskopi - WARNING - RealTimePanel: Blue_450nm calibrated data uzunluk uyumsuzluğu (timestamps: 1014, data: 254)
2026-02-26 00:21:07 - spektroskopi - WARNING - RealTimePanel: IR_850nm raw data uzunluk uyumsuzluğu (timestamps: 1014, data: 254)
2026-02-26 00:21:07 - spektroskopi - WARNING - RealTimePanel: IR_850nm calibrated data uzunluk uyumsuzluğu (timestamps: 1014, data: 254)
2026-02-26 00:21:07 - spektroskopi - WARNING - RealTimePanel: IR_940nm raw data uzunluk uyumsuzluğu (timestamps: 1014, data: 252)
2026-02-26 00:21:07 - spektroskopi - WARNING - RealTimePanel: IR_940nm calibrated data uzunluk uyumsuzluğu (timestamps: 1014, data: 252)
2026-02-26 00:21:08 - spektroskopi - WARNING - RealTimePanel: UV_360nm raw data uzunluk uyumsuzluğu (timestamps: 1014, data: 254)
2026-02-26 00:21:08 - spektroskopi - WARNING - RealTimePanel: UV_360nm calibrated data uzunluk uyumsuzluğu (timestamps: 1014, data: 254)
2026-02-26 00:21:08 - spektroskopi - WARNING - RealTimePanel: Blue_450nm raw data uzunluk uyumsuzluğu (timestamps: 1014, data: 254)
2026-02-26 00:21:08 - spektroskopi - WARNING - RealTimePanel: Blue_450nm calibrated data uzunluk uyumsuzluğu (timestamps: 1014, data: 254)
2026-02-26 00:21:08 - spektroskopi - WARNING - RealTimePanel: IR_850nm raw data uzunluk uyumsuzluğu (timestamps: 1014, data: 254)
2026-02-26 00:21:08 - spektroskopi - WARNING - RealTimePanel: IR_850nm calibrated data uzunluk uyumsuzluğu (timestamps: 1014, data: 254)
2026-02-26 00:21:08 - spektroskopi - WARNING - RealTimePanel: IR_940nm raw data uzunluk uyumsuzluğu (timestamps: 1014, data: 252)
2026-02-26 00:21:08 - spektroskopi - WARNING - RealTimePanel: IR_940nm calibrated data uzunluk uyumsuzluğu (timestamps: 1014, data: 252)
2026-02-26 00:21:09 - spektroskopi - WARNING - RealTimePanel: UV_360nm raw data uzunluk uyumsuzluğu (timestamps: 1014, data: 254)
2026-02-26 00:21:09 - spektroskopi - WARNING - RealTimePanel: UV_360nm calibrated data uzunluk uyumsuzluğu (timestamps: 1014, data: 254)
2026-02-26 00:21:09 - spektroskopi - WARNING - RealTimePanel: Blue_450nm raw data uzunluk uyumsuzluğu (timestamps: 1014, data: 254)
2026-02-26 00:21:09 - spektroskopi - WARNING - RealTimePanel: Blue_450nm calibrated data uzunluk uyumsuzluğu (timestamps: 1014, data: 254)
2026-02-26 00:21:09 - spektroskopi - WARNING - RealTimePanel: IR_850nm raw data uzunluk uyumsuzluğu (timestamps: 1014, data: 254)
2026-02-26 00:21:09 - spektroskopi - WARNING - RealTimePanel: IR_850nm calibrated data uzunluk uyumsuzluğu (timestamps: 1014, data: 254)
2026-02-26 00:21:09 - spektroskopi - WARNING - RealTimePanel: IR_940nm raw data uzunluk uyumsuzluğu (timestamps: 1014, data: 252)
2026-02-26 00:21:09 - spektroskopi - WARNING - RealTimePanel: IR_940nm calibrated data uzunluk uyumsuzluğu (timestamps: 1014, data: 252)
2026-02-26 00:21:10 - spektroskopi - WARNING - RealTimePanel: UV_360nm raw data uzunluk uyumsuzluğu (timestamps: 1014, data: 254)
2026-02-26 00:21:10 - spektroskopi - WARNING - RealTimePanel: UV_360nm calibrated data uzunluk uyumsuzluğu (timestamps: 1014, data: 254)
2026-02-26 00:21:10 - spektroskopi - WARNING - RealTimePanel: Blue_450nm raw data uzunluk uyumsuzluğu (timestamps: 1014, data: 254)
2026-02-26 00:21:10 - spektroskopi - WARNING - RealTimePanel: Blue_450nm calibrated data uzunluk uyumsuzluğu (timestamps: 1014, data: 254)
2026-02-26 00:21:10 - spektroskopi - WARNING - RealTimePanel: IR_850nm raw data uzunluk uyumsuzluğu (timestamps: 1014, data: 254)
2026-02-26 00:21:10 - spektroskopi - WARNING - RealTimePanel: IR_850nm calibrated data uzunluk uyumsuzluğu (timestamps: 1014, data: 254)
2026-02-26 00:21:10 - spektroskopi - WARNING - RealTimePanel: IR_940nm raw data uzunluk uyumsuzluğu (timestamps: 1014, data: 252)
2026-02-26 00:21:10 - spektroskopi - WARNING - RealTimePanel: IR_940nm calibrated data uzunluk uyumsuzluğu (timestamps: 1014, data: 252)
2026-02-26 00:21:11 - spektroskopi - WARNING - RealTimePanel: UV_360nm raw data uzunluk uyumsuzluğu (timestamps: 1014, data: 254)
2026-02-26 00:21:11 - spektroskopi - WARNING - RealTimePanel: UV_360nm calibrated data uzunluk uyumsuzluğu (timestamps: 1014, data: 254)
2026-02-26 00:21:11 - spektroskopi - WARNING - RealTimePanel: Blue_450nm raw data uzunluk uyumsuzluğu (timestamps: 1014, data: 254)
2026-02-26 00:21:11 - spektroskopi - WARNING - RealTimePanel: Blue_450nm calibrated data uzunluk uyumsuzluğu (timestamps: 1014, data: 254)
2026-02-26 00:21:11 - spektroskopi - WARNING - RealTimePanel: IR_850nm raw data uzunluk uyumsuzluğu (timestamps: 1014, data: 254)
2026-02-26 00:21:11 - spektroskopi - WARNING - RealTimePanel: IR_850nm calibrated data uzunluk uyumsuzluğu (timestamps: 1014, data: 254)
2026-02-26 00:21:11 - spektroskopi - WARNING - RealTimePanel: IR_940nm raw data uzunluk uyumsuzluğu (timestamps: 1014, data: 252)
2026-02-26 00:21:11 - spektroskopi - WARNING - RealTimePanel: IR_940nm calibrated data uzunluk uyumsuzluğu (timestamps: 1014, data: 252)
2026-02-26 00:21:12 - spektroskopi - WARNING - RealTimePanel: UV_360nm raw data uzunluk uyumsuzluğu (timestamps: 1014, data: 254)
2026-02-26 00:21:12 - spektroskopi - WARNING - RealTimePanel: UV_360nm calibrated data uzunluk uyumsuzluğu (timestamps: 1014, data: 254)
2026-02-26 00:21:12 - spektroskopi - WARNING - RealTimePanel: Blue_450nm raw data uzunluk uyumsuzluğu (timestamps: 1014, data: 254)
2026-02-26 00:21:12 - spektroskopi - WARNING - RealTimePanel: Blue_450nm calibrated data uzunluk uyumsuzluğu (timestamps: 1014, data: 254)
2026-02-26 00:21:12 - spektroskopi - WARNING - RealTimePanel: IR_850nm raw data uzunluk uyumsuzluğu (timestamps: 1014, data: 254)
2026-02-26 00:21:12 - spektroskopi - WARNING - RealTimePanel: IR_850nm calibrated data uzunluk uyumsuzluğu (timestamps: 1014, data: 254)
2026-02-26 00:21:12 - spektroskopi - WARNING - RealTimePanel: IR_940nm raw data uzunluk uyumsuzluğu (timestamps: 1014, data: 252)
2026-02-26 00:21:12 - spektroskopi - WARNING - RealTimePanel: IR_940nm calibrated data uzunluk uyumsuzluğu (timestamps: 1014, data: 252)
2026-02-26 00:21:13 - spektroskopi - WARNING - RealTimePanel: UV_360nm raw data uzunluk uyumsuzluğu (timestamps: 1014, data: 254)
2026-02-26 00:21:13 - spektroskopi - WARNING - RealTimePanel: UV_360nm calibrated data uzunluk uyumsuzluğu (timestamps: 1014, data: 254)
2026-02-26 00:21:13 - spektroskopi - WARNING - RealTimePanel: Blue_450nm raw data uzunluk uyumsuzluğu (timestamps: 1014, data: 254)
2026-02-26 00:21:13 - spektroskopi - WARNING - RealTimePanel: Blue_450nm calibrated data uzunluk uyumsuzluğu (timestamps: 1014, data: 254)
2026-02-26 00:21:13 - spektroskopi - WARNING - RealTimePanel: IR_850nm raw data uzunluk uyumsuzluğu (timestamps: 1014, data: 254)
2026-02-26 00:21:13 - spektroskopi - WARNING - RealTimePanel: IR_850nm calibrated data uzunluk uyumsuzluğu (timestamps: 1014, data: 254)
2026-02-26 00:21:13 - spektroskopi - WARNING - RealTimePanel: IR_940nm raw data uzunluk uyumsuzluğu (timestamps: 1014, data: 252)
2026-02-26 00:21:13 - spektroskopi - WARNING - RealTimePanel: IR_940nm calibrated data uzunluk uyumsuzluğu (timestamps: 1014, data: 252)
2026-02-26 00:21:14 - spektroskopi - WARNING - RealTimePanel: UV_360nm raw data uzunluk uyumsuzluğu (timestamps: 1014, data: 254)
2026-02-26 00:21:14 - spektroskopi - WARNING - RealTimePanel: UV_360nm calibrated data uzunluk uyumsuzluğu (timestamps: 1014, data: 254)
2026-02-26 00:21:14 - spektroskopi - WARNING - RealTimePanel: Blue_450nm raw data uzunluk uyumsuzluğu (timestamps: 1014, data: 254)
2026-02-26 00:21:14 - spektroskopi - WARNING - RealTimePanel: Blue_450nm calibrated data uzunluk uyumsuzluğu (timestamps: 1014, data: 254)
2026-02-26 00:21:14 - spektroskopi - WARNING - RealTimePanel: IR_850nm raw data uzunluk uyumsuzluğu (timestamps: 1014, data: 254)
2026-02-26 00:21:14 - spektroskopi - WARNING - RealTimePanel: IR_850nm calibrated data uzunluk uyumsuzluğu (timestamps: 1014, data: 254)
2026-02-26 00:21:14 - spektroskopi - WARNING - RealTimePanel: IR_940nm raw data uzunluk uyumsuzluğu (timestamps: 1014, data: 252)
2026-02-26 00:21:14 - spektroskopi - WARNING - RealTimePanel: IR_940nm calibrated data uzunluk uyumsuzluğu (timestamps: 1014, data: 252)
2026-02-26 00:21:15 - spektroskopi - WARNING - RealTimePanel: UV_360nm raw data uzunluk uyumsuzluğu (timestamps: 1014, data: 254)
2026-02-26 00:21:15 - spektroskopi - WARNING - RealTimePanel: UV_360nm calibrated data uzunluk uyumsuzluğu (timestamps: 1014, data: 254)
2026-02-26 00:21:15 - spektroskopi - WARNING - RealTimePanel: Blue_450nm raw data uzunluk uyumsuzluğu (timestamps: 1014, data: 254)
2026-02-26 00:21:15 - spektroskopi - WARNING - RealTimePanel: Blue_450nm calibrated data uzunluk uyumsuzluğu (timestamps: 1014, data: 254)
2026-02-26 00:21:15 - spektroskopi - WARNING - RealTimePanel: IR_850nm raw data uzunluk uyumsuzluğu (timestamps: 1014, data: 254)
2026-02-26 00:21:15 - spektroskopi - WARNING - RealTimePanel: IR_850nm calibrated data uzunluk uyumsuzluğu (timestamps: 1014, data: 254)
2026-02-26 00:21:15 - spektroskopi - WARNING - RealTimePanel: IR_940nm raw data uzunluk uyumsuzluğu (timestamps: 1014, data: 252)
2026-02-26 00:21:15 - spektroskopi - WARNING - RealTimePanel: IR_940nm calibrated data uzunluk uyumsuzluğu (timestamps: 1014, data: 252)
2026-02-26 00:21:16 - spektroskopi - WARNING - RealTimePanel: UV_360nm raw data uzunluk uyumsuzluğu (timestamps: 1014, data: 254)
2026-02-26 00:21:16 - spektroskopi - WARNING - RealTimePanel: UV_360nm calibrated data uzunluk uyumsuzluğu (timestamps: 1014, data: 254)
2026-02-26 00:21:16 - spektroskopi - WARNING - RealTimePanel: Blue_450nm raw data uzunluk uyumsuzluğu (timestamps: 1014, data: 254)
2026-02-26 00:21:16 - spektroskopi - WARNING - RealTimePanel: Blue_450nm calibrated data uzunluk uyumsuzluğu (timestamps: 1014, data: 254)
2026-02-26 00:21:16 - spektroskopi - WARNING - RealTimePanel: IR_850nm raw data uzunluk uyumsuzluğu (timestamps: 1014, data: 254)
2026-02-26 00:21:16 - spektroskopi - WARNING - RealTimePanel: IR_850nm calibrated data uzunluk uyumsuzluğu (timestamps: 1014, data: 254)
2026-02-26 00:21:16 - spektroskopi - WARNING - RealTimePanel: IR_940nm raw data uzunluk uyumsuzluğu (timestamps: 1014, data: 252)
2026-02-26 00:21:16 - spektroskopi - WARNING - RealTimePanel: IR_940nm calibrated data uzunluk uyumsuzluğu (timestamps: 1014, data: 252)
2026-02-26 00:21:17 - spektroskopi - WARNING - RealTimePanel: UV_360nm raw data uzunluk uyumsuzluğu (timestamps: 1014, data: 254)
2026-02-26 00:21:17 - spektroskopi - WARNING - RealTimePanel: UV_360nm calibrated data uzunluk uyumsuzluğu (timestamps: 1014, data: 254)
2026-02-26 00:21:17 - spektroskopi - WARNING - RealTimePanel: Blue_450nm raw data uzunluk uyumsuzluğu (timestamps: 1014, data: 254)
2026-02-26 00:21:17 - spektroskopi - WARNING - RealTimePanel: Blue_450nm calibrated data uzunluk uyumsuzluğu (timestamps: 1014, data: 254)
2026-02-26 00:21:17 - spektroskopi - WARNING - RealTimePanel: IR_850nm raw data uzunluk uyumsuzluğu (timestamps: 1014, data: 254)
2026-02-26 00:21:17 - spektroskopi - WARNING - RealTimePanel: IR_850nm calibrated data uzunluk uyumsuzluğu (timestamps: 1014, data: 254)
2026-02-26 00:21:17 - spektroskopi - WARNING - RealTimePanel: IR_940nm raw data uzunluk uyumsuzluğu (timestamps: 1014, data: 252)
2026-02-26 00:21:17 - spektroskopi - WARNING - RealTimePanel: IR_940nm calibrated data uzunluk uyumsuzluğu (timestamps: 1014, data: 252)
2026-02-26 00:21:18 - spektroskopi - WARNING - RealTimePanel: UV_360nm raw data uzunluk uyumsuzluğu (timestamps: 1014, data: 254)
2026-02-26 00:21:18 - spektroskopi - WARNING - RealTimePanel: UV_360nm calibrated data uzunluk uyumsuzluğu (timestamps: 1014, data: 254)
2026-02-26 00:21:18 - spektroskopi - WARNING - RealTimePanel: Blue_450nm raw data uzunluk uyumsuzluğu (timestamps: 1014, data: 254)
2026-02-26 00:21:18 - spektroskopi - WARNING - RealTimePanel: Blue_450nm calibrated data uzunluk uyumsuzluğu (timestamps: 1014, data: 254)
2026-02-26 00:21:18 - spektroskopi - WARNING - RealTimePanel: IR_850nm raw data uzunluk uyumsuzluğu (timestamps: 1014, data: 254)
2026-02-26 00:21:18 - spektroskopi - WARNING - RealTimePanel: IR_850nm calibrated data uzunluk uyumsuzluğu (timestamps: 1014, data: 254)
2026-02-26 00:21:18 - spektroskopi - WARNING - RealTimePanel: IR_940nm raw data uzunluk uyumsuzluğu (timestamps: 1014, data: 252)
2026-02-26 00:21:18 - spektroskopi - WARNING - RealTimePanel: IR_940nm calibrated data uzunluk uyumsuzluğu (timestamps: 1014, data: 252)
2026-02-26 00:21:19 - spektroskopi - WARNING - RealTimePanel: UV_360nm raw data uzunluk uyumsuzluğu (timestamps: 1014, data: 254)
2026-02-26 00:21:19 - spektroskopi - WARNING - RealTimePanel: UV_360nm calibrated data uzunluk uyumsuzluğu (timestamps: 1014, data: 254)
2026-02-26 00:21:19 - spektroskopi - WARNING - RealTimePanel: Blue_450nm raw data uzunluk uyumsuzluğu (timestamps: 1014, data: 254)
2026-02-26 00:21:19 - spektroskopi - WARNING - RealTimePanel: Blue_450nm calibrated data uzunluk uyumsuzluğu (timestamps: 1014, data: 254)
2026-02-26 00:21:19 - spektroskopi - WARNING - RealTimePanel: IR_850nm raw data uzunluk uyumsuzluğu (timestamps: 1014, data: 254)
2026-02-26 00:21:19 - spektroskopi - WARNING - RealTimePanel: IR_850nm calibrated data uzunluk uyumsuzluğu (timestamps: 1014, data: 254)
2026-02-26 00:21:19 - spektroskopi - WARNING - RealTimePanel: IR_940nm raw data uzunluk uyumsuzluğu (timestamps: 1014, data: 252)
2026-02-26 00:21:19 - spektroskopi - WARNING - RealTimePanel: IR_940nm calibrated data uzunluk uyumsuzluğu (timestamps: 1014, data: 252)
2026-02-26 00:21:20 - spektroskopi - WARNING - RealTimePanel: UV_360nm raw data uzunluk uyumsuzluğu (timestamps: 1014, data: 254)
2026-02-26 00:21:20 - spektroskopi - WARNING - RealTimePanel: UV_360nm calibrated data uzunluk uyumsuzluğu (timestamps: 1014, data: 254)
2026-02-26 00:21:20 - spektroskopi - WARNING - RealTimePanel: Blue_450nm raw data uzunluk uyumsuzluğu (timestamps: 1014, data: 254)
2026-02-26 00:21:20 - spektroskopi - WARNING - RealTimePanel: Blue_450nm calibrated data uzunluk uyumsuzluğu (timestamps: 1014, data: 254)
2026-02-26 00:21:20 - spektroskopi - WARNING - RealTimePanel: IR_850nm raw data uzunluk uyumsuzluğu (timestamps: 1014, data: 254)
2026-02-26 00:21:20 - spektroskopi - WARNING - RealTimePanel: IR_850nm calibrated data uzunluk uyumsuzluğu (timestamps: 1014, data: 254)
2026-02-26 00:21:20 - spektroskopi - WARNING - RealTimePanel: IR_940nm raw data uzunluk uyumsuzluğu (timestamps: 1014, data: 252)
2026-02-26 00:21:20 - spektroskopi - WARNING - RealTimePanel: IR_940nm calibrated data uzunluk uyumsuzluğu (timestamps: 1014, data: 252)
2026-02-26 00:21:21 - spektroskopi - WARNING - RealTimePanel: UV_360nm raw data uzunluk uyumsuzluğu (timestamps: 1014, data: 254)
2026-02-26 00:21:21 - spektroskopi - WARNING - RealTimePanel: UV_360nm calibrated data uzunluk uyumsuzluğu (timestamps: 1014, data: 254)
2026-02-26 00:21:21 - spektroskopi - WARNING - RealTimePanel: Blue_450nm raw data uzunluk uyumsuzluğu (timestamps: 1014, data: 254)
2026-02-26 00:21:21 - spektroskopi - WARNING - RealTimePanel: Blue_450nm calibrated data uzunluk uyumsuzluğu (timestamps: 1014, data: 254)
2026-02-26 00:21:21 - spektroskopi - WARNING - RealTimePanel: IR_850nm raw data uzunluk uyumsuzluğu (timestamps: 1014, data: 254)
2026-02-26 00:21:21 - spektroskopi - WARNING - RealTimePanel: IR_850nm calibrated data uzunluk uyumsuzluğu (timestamps: 1014, data: 254)
2026-02-26 00:21:21 - spektroskopi - WARNING - RealTimePanel: IR_940nm raw data uzunluk uyumsuzluğu (timestamps: 1014, data: 252)
2026-02-26 00:21:21 - spektroskopi - WARNING - RealTimePanel: IR_940nm calibrated data uzunluk uyumsuzluğu (timestamps: 1014, data: 252)
2026-02-26 00:21:22 - spektroskopi - WARNING - RealTimePanel: UV_360nm raw data uzunluk uyumsuzluğu (timestamps: 1014, data: 254)
2026-02-26 00:21:22 - spektroskopi - WARNING - RealTimePanel: UV_360nm calibrated data uzunluk uyumsuzluğu (timestamps: 1014, data: 254)
2026-02-26 00:21:22 - spektroskopi - WARNING - RealTimePanel: Blue_450nm raw data uzunluk uyumsuzluğu (timestamps: 1014, data: 254)
2026-02-26 00:21:22 - spektroskopi - WARNING - RealTimePanel: Blue_450nm calibrated data uzunluk uyumsuzluğu (timestamps: 1014, data: 254)
2026-02-26 00:21:22 - spektroskopi - WARNING - RealTimePanel: IR_850nm raw data uzunluk uyumsuzluğu (timestamps: 1014, data: 254)
2026-02-26 00:21:22 - spektroskopi - WARNING - RealTimePanel: IR_850nm calibrated data uzunluk uyumsuzluğu (timestamps: 1014, data: 254)
2026-02-26 00:21:22 - spektroskopi - WARNING - RealTimePanel: IR_940nm raw data uzunluk uyumsuzluğu (timestamps: 1014, data: 252)
2026-02-26 00:21:22 - spektroskopi - WARNING - RealTimePanel: IR_940nm calibrated data uzunluk uyumsuzluğu (timestamps: 1014, data: 252)
2026-02-26 00:21:23 - spektroskopi - WARNING - RealTimePanel: UV_360nm raw data uzunluk uyumsuzluğu (timestamps: 1014, data: 254)
2026-02-26 00:21:23 - spektroskopi - WARNING - RealTimePanel: UV_360nm calibrated data uzunluk uyumsuzluğu (timestamps: 1014, data: 254)
2026-02-26 00:21:23 - spektroskopi - WARNING - RealTimePanel: Blue_450nm raw data uzunluk uyumsuzluğu (timestamps: 1014, data: 254)
2026-02-26 00:21:23 - spektroskopi - WARNING - RealTimePanel: Blue_450nm calibrated data uzunluk uyumsuzluğu (timestamps: 1014, data: 254)
2026-02-26 00:21:23 - spektroskopi - WARNING - RealTimePanel: IR_850nm raw data uzunluk uyumsuzluğu (timestamps: 1014, data: 254)
2026-02-26 00:21:23 - spektroskopi - WARNING - RealTimePanel: IR_850nm calibrated data uzunluk uyumsuzluğu (timestamps: 1014, data: 254)
2026-02-26 00:21:23 - spektroskopi - WARNING - RealTimePanel: IR_940nm raw data uzunluk uyumsuzluğu (timestamps: 1014, data: 252)
2026-02-26 00:21:23 - spektroskopi - WARNING - RealTimePanel: IR_940nm calibrated data uzunluk uyumsuzluğu (timestamps: 1014, data: 252)
2026-02-26 00:21:24 - spektroskopi - WARNING - RealTimePanel: UV_360nm raw data uzunluk uyumsuzluğu (timestamps: 1014, data: 254)
2026-02-26 00:21:24 - spektroskopi - WARNING - RealTimePanel: UV_360nm calibrated data uzunluk uyumsuzluğu (timestamps: 1014, data: 254)
2026-02-26 00:21:24 - spektroskopi - WARNING - RealTimePanel: Blue_450nm raw data uzunluk uyumsuzluğu (timestamps: 1014, data: 254)
2026-02-26 00:21:24 - spektroskopi - WARNING - RealTimePanel: Blue_450nm calibrated data uzunluk uyumsuzluğu (timestamps: 1014, data: 254)
2026-02-26 00:21:24 - spektroskopi - WARNING - RealTimePanel: IR_850nm raw data uzunluk uyumsuzluğu (timestamps: 1014, data: 254)
2026-02-26 00:21:24 - spektroskopi - WARNING - RealTimePanel: IR_850nm calibrated data uzunluk uyumsuzluğu (timestamps: 1014, data: 254)
2026-02-26 00:21:24 - spektroskopi - WARNING - RealTimePanel: IR_940nm raw data uzunluk uyumsuzluğu (timestamps: 1014, data: 252)
2026-02-26 00:21:24 - spektroskopi - WARNING - RealTimePanel: IR_940nm calibrated data uzunluk uyumsuzluğu (timestamps: 1014, data: 252)
2026-02-26 00:21:25 - spektroskopi - WARNING - RealTimePanel: UV_360nm raw data uzunluk uyumsuzluğu (timestamps: 1014, data: 254)
2026-02-26 00:21:25 - spektroskopi - WARNING - RealTimePanel: UV_360nm calibrated data uzunluk uyumsuzluğu (timestamps: 1014, data: 254)
2026-02-26 00:21:25 - spektroskopi - WARNING - RealTimePanel: Blue_450nm raw data uzunluk uyumsuzluğu (timestamps: 1014, data: 254)
2026-02-26 00:21:25 - spektroskopi - WARNING - RealTimePanel: Blue_450nm calibrated data uzunluk uyumsuzluğu (timestamps: 1014, data: 254)
2026-02-26 00:21:25 - spektroskopi - WARNING - RealTimePanel: IR_850nm raw data uzunluk uyumsuzluğu (timestamps: 1014, data: 254)
2026-02-26 00:21:25 - spektroskopi - WARNING - RealTimePanel: IR_850nm calibrated data uzunluk uyumsuzluğu (timestamps: 1014, data: 254)
2026-02-26 00:21:25 - spektroskopi - WARNING - RealTimePanel: IR_940nm raw data uzunluk uyumsuzluğu (timestamps: 1014, data: 252)
2026-02-26 00:21:25 - spektroskopi - WARNING - RealTimePanel: IR_940nm calibrated data uzunluk uyumsuzluğu (timestamps: 1014, data: 252)
2026-02-26 00:21:26 - spektroskopi - WARNING - RealTimePanel: UV_360nm raw data uzunluk uyumsuzluğu (timestamps: 1014, data: 254)
2026-02-26 00:21:26 - spektroskopi - WARNING - RealTimePanel: UV_360nm calibrated data uzunluk uyumsuzluğu (timestamps: 1014, data: 254)
2026-02-26 00:21:26 - spektroskopi - WARNING - RealTimePanel: Blue_450nm raw data uzunluk uyumsuzluğu (timestamps: 1014, data: 254)
2026-02-26 00:21:26 - spektroskopi - WARNING - RealTimePanel: Blue_450nm calibrated data uzunluk uyumsuzluğu (timestamps: 1014, data: 254)
2026-02-26 00:21:26 - spektroskopi - WARNING - RealTimePanel: IR_850nm raw data uzunluk uyumsuzluğu (timestamps: 1014, data: 254)
2026-02-26 00:21:26 - spektroskopi - WARNING - RealTimePanel: IR_850nm calibrated data uzunluk uyumsuzluğu (timestamps: 1014, data: 254)
2026-02-26 00:21:26 - spektroskopi - WARNING - RealTimePanel: IR_940nm raw data uzunluk uyumsuzluğu (timestamps: 1014, data: 252)
2026-02-26 00:21:26 - spektroskopi - WARNING - RealTimePanel: IR_940nm calibrated data uzunluk uyumsuzluğu (timestamps: 1014, data: 252)
2026-02-26 00:21:27 - spektroskopi - WARNING - RealTimePanel: UV_360nm raw data uzunluk uyumsuzluğu (timestamps: 1014, data: 254)
2026-02-26 00:21:27 - spektroskopi - WARNING - RealTimePanel: UV_360nm calibrated data uzunluk uyumsuzluğu (timestamps: 1014, data: 254)
2026-02-26 00:21:27 - spektroskopi - WARNING - RealTimePanel: Blue_450nm raw data uzunluk uyumsuzluğu (timestamps: 1014, data: 254)
2026-02-26 00:21:27 - spektroskopi - WARNING - RealTimePanel: Blue_450nm calibrated data uzunluk uyumsuzluğu (timestamps: 1014, data: 254)
2026-02-26 00:21:27 - spektroskopi - WARNING - RealTimePanel: IR_850nm raw data uzunluk uyumsuzluğu (timestamps: 1014, data: 254)
2026-02-26 00:21:27 - spektroskopi - WARNING - RealTimePanel: IR_850nm calibrated data uzunluk uyumsuzluğu (timestamps: 1014, data: 254)
2026-02-26 00:21:27 - spektroskopi - WARNING - RealTimePanel: IR_940nm raw data uzunluk uyumsuzluğu (timestamps: 1014, data: 252)
2026-02-26 00:21:27 - spektroskopi - WARNING - RealTimePanel: IR_940nm calibrated data uzunluk uyumsuzluğu (timestamps: 1014, data: 252)
2026-02-26 00:21:28 - spektroskopi - WARNING - RealTimePanel: UV_360nm raw data uzunluk uyumsuzluğu (timestamps: 1014, data: 254)
2026-02-26 00:21:28 - spektroskopi - WARNING - RealTimePanel: UV_360nm calibrated data uzunluk uyumsuzluğu (timestamps: 1014, data: 254)
2026-02-26 00:21:28 - spektroskopi - WARNING - RealTimePanel: Blue_450nm raw data uzunluk uyumsuzluğu (timestamps: 1014, data: 254)
2026-02-26 00:21:28 - spektroskopi - WARNING - RealTimePanel: Blue_450nm calibrated data uzunluk uyumsuzluğu (timestamps: 1014, data: 254)
2026-02-26 00:21:28 - spektroskopi - WARNING - RealTimePanel: IR_850nm raw data uzunluk uyumsuzluğu (timestamps: 1014, data: 254)
2026-02-26 00:21:28 - spektroskopi - WARNING - RealTimePanel: IR_850nm calibrated data uzunluk uyumsuzluğu (timestamps: 1014, data: 254)
2026-02-26 00:21:28 - spektroskopi - WARNING - RealTimePanel: IR_940nm raw data uzunluk uyumsuzluğu (timestamps: 1014, data: 252)
2026-02-26 00:21:28 - spektroskopi - WARNING - RealTimePanel: IR_940nm calibrated data uzunluk uyumsuzluğu (timestamps: 1014, data: 252)
2026-02-26 00:21:29 - spektroskopi - WARNING - RealTimePanel: UV_360nm raw data uzunluk uyumsuzluğu (timestamps: 1014, data: 254)
2026-02-26 00:21:29 - spektroskopi - WARNING - RealTimePanel: UV_360nm calibrated data uzunluk uyumsuzluğu (timestamps: 1014, data: 254)
2026-02-26 00:21:29 - spektroskopi - WARNING - RealTimePanel: Blue_450nm raw data uzunluk uyumsuzluğu (timestamps: 1014, data: 254)
2026-02-26 00:21:29 - spektroskopi - WARNING - RealTimePanel: Blue_450nm calibrated data uzunluk uyumsuzluğu (timestamps: 1014, data: 254)
2026-02-26 00:21:29 - spektroskopi - WARNING - RealTimePanel: IR_850nm raw data uzunluk uyumsuzluğu (timestamps: 1014, data: 254)
2026-02-26 00:21:29 - spektroskopi - WARNING - RealTimePanel: IR_850nm calibrated data uzunluk uyumsuzluğu (timestamps: 1014, data: 254)
2026-02-26 00:21:29 - spektroskopi - WARNING - RealTimePanel: IR_940nm raw data uzunluk uyumsuzluğu (timestamps: 1014, data: 252)
2026-02-26 00:21:29 - spektroskopi - WARNING - RealTimePanel: IR_940nm calibrated data uzunluk uyumsuzluğu (timestamps: 1014, data: 252)
2026-02-26 00:21:30 - spektroskopi - WARNING - RealTimePanel: UV_360nm raw data uzunluk uyumsuzluğu (timestamps: 1014, data: 254)
2026-02-26 00:21:30 - spektroskopi - WARNING - RealTimePanel: UV_360nm calibrated data uzunluk uyumsuzluğu (timestamps: 1014, data: 254)
2026-02-26 00:21:30 - spektroskopi - WARNING - RealTimePanel: Blue_450nm raw data uzunluk uyumsuzluğu (timestamps: 1014, data: 254)
2026-02-26 00:21:30 - spektroskopi - WARNING - RealTimePanel: Blue_450nm calibrated data uzunluk uyumsuzluğu (timestamps: 1014, data: 254)
2026-02-26 00:21:30 - spektroskopi - WARNING - RealTimePanel: IR_850nm raw data uzunluk uyumsuzluğu (timestamps: 1014, data: 254)
2026-02-26 00:21:30 - spektroskopi - WARNING - RealTimePanel: IR_850nm calibrated data uzunluk uyumsuzluğu (timestamps: 1014, data: 254)
2026-02-26 00:21:30 - spektroskopi - WARNING - RealTimePanel: IR_940nm raw data uzunluk uyumsuzluğu (timestamps: 1014, data: 252)
2026-02-26 00:21:30 - spektroskopi - WARNING - RealTimePanel: IR_940nm calibrated data uzunluk uyumsuzluğu (timestamps: 1014, data: 252)
2026-02-26 00:21:31 - spektroskopi - WARNING - RealTimePanel: UV_360nm raw data uzunluk uyumsuzluğu (timestamps: 1014, data: 254)
2026-02-26 00:21:31 - spektroskopi - WARNING - RealTimePanel: UV_360nm calibrated data uzunluk uyumsuzluğu (timestamps: 1014, data: 254)
2026-02-26 00:21:31 - spektroskopi - WARNING - RealTimePanel: Blue_450nm raw data uzunluk uyumsuzluğu (timestamps: 1014, data: 254)
2026-02-26 00:21:31 - spektroskopi - WARNING - RealTimePanel: Blue_450nm calibrated data uzunluk uyumsuzluğu (timestamps: 1014, data: 254)
2026-02-26 00:21:31 - spektroskopi - WARNING - RealTimePanel: IR_850nm raw data uzunluk uyumsuzluğu (timestamps: 1014, data: 254)
2026-02-26 00:21:31 - spektroskopi - WARNING - RealTimePanel: IR_850nm calibrated data uzunluk uyumsuzluğu (timestamps: 1014, data: 254)
2026-02-26 00:21:31 - spektroskopi - WARNING - RealTimePanel: IR_940nm raw data uzunluk uyumsuzluğu (timestamps: 1014, data: 252)
2026-02-26 00:21:31 - spektroskopi - WARNING - RealTimePanel: IR_940nm calibrated data uzunluk uyumsuzluğu (timestamps: 1014, data: 252)
2026-02-26 00:21:32 - spektroskopi - WARNING - RealTimePanel: UV_360nm raw data uzunluk uyumsuzluğu (timestamps: 1014, data: 254)
2026-02-26 00:21:32 - spektroskopi - WARNING - RealTimePanel: UV_360nm calibrated data uzunluk uyumsuzluğu (timestamps: 1014, data: 254)
2026-02-26 00:21:32 - spektroskopi - WARNING - RealTimePanel: Blue_450nm raw data uzunluk uyumsuzluğu (timestamps: 1014, data: 254)
2026-02-26 00:21:32 - spektroskopi - WARNING - RealTimePanel: Blue_450nm calibrated data uzunluk uyumsuzluğu (timestamps: 1014, data: 254)
2026-02-26 00:21:32 - spektroskopi - WARNING - RealTimePanel: IR_850nm raw data uzunluk uyumsuzluğu (timestamps: 1014, data: 254)
2026-02-26 00:21:32 - spektroskopi - WARNING - RealTimePanel: IR_850nm calibrated data uzunluk uyumsuzluğu (timestamps: 1014, data: 254)
2026-02-26 00:21:32 - spektroskopi - WARNING - RealTimePanel: IR_940nm raw data uzunluk uyumsuzluğu (timestamps: 1014, data: 252)
2026-02-26 00:21:32 - spektroskopi - WARNING - RealTimePanel: IR_940nm calibrated data uzunluk uyumsuzluğu (timestamps: 1014, data: 252)
2026-02-26 00:21:33 - spektroskopi - WARNING - RealTimePanel: UV_360nm raw data uzunluk uyumsuzluğu (timestamps: 1014, data: 254)
2026-02-26 00:21:33 - spektroskopi - WARNING - RealTimePanel: UV_360nm calibrated data uzunluk uyumsuzluğu (timestamps: 1014, data: 254)
2026-02-26 00:21:33 - spektroskopi - WARNING - RealTimePanel: Blue_450nm raw data uzunluk uyumsuzluğu (timestamps: 1014, data: 254)
2026-02-26 00:21:33 - spektroskopi - WARNING - RealTimePanel: Blue_450nm calibrated data uzunluk uyumsuzluğu (timestamps: 1014, data: 254)
2026-02-26 00:21:33 - spektroskopi - WARNING - RealTimePanel: IR_850nm raw data uzunluk uyumsuzluğu (timestamps: 1014, data: 254)
2026-02-26 00:21:33 - spektroskopi - WARNING - RealTimePanel: IR_850nm calibrated data uzunluk uyumsuzluğu (timestamps: 1014, data: 254)
2026-02-26 00:21:33 - spektroskopi - WARNING - RealTimePanel: IR_940nm raw data uzunluk uyumsuzluğu (timestamps: 1014, data: 252)
2026-02-26 00:21:33 - spektroskopi - WARNING - RealTimePanel: IR_940nm calibrated data uzunluk uyumsuzluğu (timestamps: 1014, data: 252)
2026-02-26 00:21:34 - spektroskopi - WARNING - RealTimePanel: UV_360nm raw data uzunluk uyumsuzluğu (timestamps: 1014, data: 254)
2026-02-26 00:21:34 - spektroskopi - WARNING - RealTimePanel: UV_360nm calibrated data uzunluk uyumsuzluğu (timestamps: 1014, data: 254)
2026-02-26 00:21:34 - spektroskopi - WARNING - RealTimePanel: Blue_450nm raw data uzunluk uyumsuzluğu (timestamps: 1014, data: 254)
2026-02-26 00:21:34 - spektroskopi - WARNING - RealTimePanel: Blue_450nm calibrated data uzunluk uyumsuzluğu (timestamps: 1014, data: 254)
2026-02-26 00:21:34 - spektroskopi - WARNING - RealTimePanel: IR_850nm raw data uzunluk uyumsuzluğu (timestamps: 1014, data: 254)
2026-02-26 00:21:34 - spektroskopi - WARNING - RealTimePanel: IR_850nm calibrated data uzunluk uyumsuzluğu (timestamps: 1014, data: 254)
2026-02-26 00:21:34 - spektroskopi - WARNING - RealTimePanel: IR_940nm raw data uzunluk uyumsuzluğu (timestamps: 1014, data: 252)
2026-02-26 00:21:34 - spektroskopi - WARNING - RealTimePanel: IR_940nm calibrated data uzunluk uyumsuzluğu (timestamps: 1014, data: 252)
2026-02-26 00:21:35 - spektroskopi - WARNING - RealTimePanel: UV_360nm raw data uzunluk uyumsuzluğu (timestamps: 1014, data: 254)
2026-02-26 00:21:35 - spektroskopi - WARNING - RealTimePanel: UV_360nm calibrated data uzunluk uyumsuzluğu (timestamps: 1014, data: 254)
2026-02-26 00:21:35 - spektroskopi - WARNING - RealTimePanel: Blue_450nm raw data uzunluk uyumsuzluğu (timestamps: 1014, data: 254)
2026-02-26 00:21:35 - spektroskopi - WARNING - RealTimePanel: Blue_450nm calibrated data uzunluk uyumsuzluğu (timestamps: 1014, data: 254)
2026-02-26 00:21:35 - spektroskopi - WARNING - RealTimePanel: IR_850nm raw data uzunluk uyumsuzluğu (timestamps: 1014, data: 254)
2026-02-26 00:21:35 - spektroskopi - WARNING - RealTimePanel: IR_850nm calibrated data uzunluk uyumsuzluğu (timestamps: 1014, data: 254)
2026-02-26 00:21:35 - spektroskopi - WARNING - RealTimePanel: IR_940nm raw data uzunluk uyumsuzluğu (timestamps: 1014, data: 252)
2026-02-26 00:21:35 - spektroskopi - WARNING - RealTimePanel: IR_940nm calibrated data uzunluk uyumsuzluğu (timestamps: 1014, data: 252)
2026-02-26 00:21:36 - spektroskopi - WARNING - RealTimePanel: UV_360nm raw data uzunluk uyumsuzluğu (timestamps: 1014, data: 254)
2026-02-26 00:21:36 - spektroskopi - WARNING - RealTimePanel: UV_360nm calibrated data uzunluk uyumsuzluğu (timestamps: 1014, data: 254)
2026-02-26 00:21:36 - spektroskopi - WARNING - RealTimePanel: Blue_450nm raw data uzunluk uyumsuzluğu (timestamps: 1014, data: 254)
2026-02-26 00:21:36 - spektroskopi - WARNING - RealTimePanel: Blue_450nm calibrated data uzunluk uyumsuzluğu (timestamps: 1014, data: 254)
2026-02-26 00:21:36 - spektroskopi - WARNING - RealTimePanel: IR_850nm raw data uzunluk uyumsuzluğu (timestamps: 1014, data: 254)
2026-02-26 00:21:36 - spektroskopi - WARNING - RealTimePanel: IR_850nm calibrated data uzunluk uyumsuzluğu (timestamps: 1014, data: 254)
2026-02-26 00:21:36 - spektroskopi - WARNING - RealTimePanel: IR_940nm raw data uzunluk uyumsuzluğu (timestamps: 1014, data: 252)
2026-02-26 00:21:36 - spektroskopi - WARNING - RealTimePanel: IR_940nm calibrated data uzunluk uyumsuzluğu (timestamps: 1014, data: 252)
2026-02-26 00:21:37 - spektroskopi - WARNING - RealTimePanel: UV_360nm raw data uzunluk uyumsuzluğu (timestamps: 1014, data: 254)
2026-02-26 00:21:37 - spektroskopi - WARNING - RealTimePanel: UV_360nm calibrated data uzunluk uyumsuzluğu (timestamps: 1014, data: 254)
2026-02-26 00:21:37 - spektroskopi - WARNING - RealTimePanel: Blue_450nm raw data uzunluk uyumsuzluğu (timestamps: 1014, data: 254)
2026-02-26 00:21:37 - spektroskopi - WARNING - RealTimePanel: Blue_450nm calibrated data uzunluk uyumsuzluğu (timestamps: 1014, data: 254)
2026-02-26 00:21:37 - spektroskopi - WARNING - RealTimePanel: IR_850nm raw data uzunluk uyumsuzluğu (timestamps: 1014, data: 254)
2026-02-26 00:21:37 - spektroskopi - WARNING - RealTimePanel: IR_850nm calibrated data uzunluk uyumsuzluğu (timestamps: 1014, data: 254)
2026-02-26 00:21:37 - spektroskopi - WARNING - RealTimePanel: IR_940nm raw data uzunluk uyumsuzluğu (timestamps: 1014, data: 252)
2026-02-26 00:21:37 - spektroskopi - WARNING - RealTimePanel: IR_940nm calibrated data uzunluk uyumsuzluğu (timestamps: 1014, data: 252)
2026-02-26 00:21:38 - spektroskopi - WARNING - RealTimePanel: UV_360nm raw data uzunluk uyumsuzluğu (timestamps: 1014, data: 254)
2026-02-26 00:21:38 - spektroskopi - WARNING - RealTimePanel: UV_360nm calibrated data uzunluk uyumsuzluğu (timestamps: 1014, data: 254)
2026-02-26 00:21:38 - spektroskopi - WARNING - RealTimePanel: Blue_450nm raw data uzunluk uyumsuzluğu (timestamps: 1014, data: 254)
2026-02-26 00:21:38 - spektroskopi - WARNING - RealTimePanel: Blue_450nm calibrated data uzunluk uyumsuzluğu (timestamps: 1014, data: 254)
2026-02-26 00:21:38 - spektroskopi - WARNING - RealTimePanel: IR_850nm raw data uzunluk uyumsuzluğu (timestamps: 1014, data: 254)
2026-02-26 00:21:38 - spektroskopi - WARNING - RealTimePanel: IR_850nm calibrated data uzunluk uyumsuzluğu (timestamps: 1014, data: 254)
2026-02-26 00:21:38 - spektroskopi - WARNING - RealTimePanel: IR_940nm raw data uzunluk uyumsuzluğu (timestamps: 1014, data: 252)
2026-02-26 00:21:38 - spektroskopi - WARNING - RealTimePanel: IR_940nm calibrated data uzunluk uyumsuzluğu (timestamps: 1014, data: 252)
2026-02-26 00:21:39 - spektroskopi - WARNING - RealTimePanel: UV_360nm raw data uzunluk uyumsuzluğu (timestamps: 1014, data: 254)
2026-02-26 00:21:39 - spektroskopi - WARNING - RealTimePanel: UV_360nm calibrated data uzunluk uyumsuzluğu (timestamps: 1014, data: 254)
2026-02-26 00:21:39 - spektroskopi - WARNING - RealTimePanel: Blue_450nm raw data uzunluk uyumsuzluğu (timestamps: 1014, data: 254)
2026-02-26 00:21:39 - spektroskopi - WARNING - RealTimePanel: Blue_450nm calibrated data uzunluk uyumsuzluğu (timestamps: 1014, data: 254)
2026-02-26 00:21:39 - spektroskopi - WARNING - RealTimePanel: IR_850nm raw data uzunluk uyumsuzluğu (timestamps: 1014, data: 254)
2026-02-26 00:21:39 - spektroskopi - WARNING - RealTimePanel: IR_850nm calibrated data uzunluk uyumsuzluğu (timestamps: 1014, data: 254)
2026-02-26 00:21:39 - spektroskopi - WARNING - RealTimePanel: IR_940nm raw data uzunluk uyumsuzluğu (timestamps: 1014, data: 252)
2026-02-26 00:21:39 - spektroskopi - WARNING - RealTimePanel: IR_940nm calibrated data uzunluk uyumsuzluğu (timestamps: 1014, data: 252)
2026-02-26 00:21:40 - spektroskopi - WARNING - RealTimePanel: UV_360nm raw data uzunluk uyumsuzluğu (timestamps: 1014, data: 254)
2026-02-26 00:21:40 - spektroskopi - WARNING - RealTimePanel: UV_360nm calibrated data uzunluk uyumsuzluğu (timestamps: 1014, data: 254)
2026-02-26 00:21:40 - spektroskopi - WARNING - RealTimePanel: Blue_450nm raw data uzunluk uyumsuzluğu (timestamps: 1014, data: 254)
2026-02-26 00:21:40 - spektroskopi - WARNING - RealTimePanel: Blue_450nm calibrated data uzunluk uyumsuzluğu (timestamps: 1014, data: 254)
2026-02-26 00:21:40 - spektroskopi - WARNING - RealTimePanel: IR_850nm raw data uzunluk uyumsuzluğu (timestamps: 1014, data: 254)
2026-02-26 00:21:40 - spektroskopi - WARNING - RealTimePanel: IR_850nm calibrated data uzunluk uyumsuzluğu (timestamps: 1014, data: 254)
2026-02-26 00:21:40 - spektroskopi - WARNING - RealTimePanel: IR_940nm raw data uzunluk uyumsuzluğu (timestamps: 1014, data: 252)
2026-02-26 00:21:40 - spektroskopi - WARNING - RealTimePanel: IR_940nm calibrated data uzunluk uyumsuzluğu (timestamps: 1014, data: 252)
2026-02-26 00:21:41 - spektroskopi - WARNING - RealTimePanel: UV_360nm raw data uzunluk uyumsuzluğu (timestamps: 1014, data: 254)
2026-02-26 00:21:41 - spektroskopi - WARNING - RealTimePanel: UV_360nm calibrated data uzunluk uyumsuzluğu (timestamps: 1014, data: 254)
2026-02-26 00:21:41 - spektroskopi - WARNING - RealTimePanel: Blue_450nm raw data uzunluk uyumsuzluğu (timestamps: 1014, data: 254)
2026-02-26 00:21:41 - spektroskopi - WARNING - RealTimePanel: Blue_450nm calibrated data uzunluk uyumsuzluğu (timestamps: 1014, data: 254)
2026-02-26 00:21:41 - spektroskopi - WARNING - RealTimePanel: IR_850nm raw data uzunluk uyumsuzluğu (timestamps: 1014, data: 254)
2026-02-26 00:21:41 - spektroskopi - WARNING - RealTimePanel: IR_850nm calibrated data uzunluk uyumsuzluğu (timestamps: 1014, data: 254)
2026-02-26 00:21:41 - spektroskopi - WARNING - RealTimePanel: IR_940nm raw data uzunluk uyumsuzluğu (timestamps: 1014, data: 252)
2026-02-26 00:21:41 - spektroskopi - WARNING - RealTimePanel: IR_940nm calibrated data uzunluk uyumsuzluğu (timestamps: 1014, data: 252)
2026-02-26 00:21:42 - spektroskopi - WARNING - RealTimePanel: UV_360nm raw data uzunluk uyumsuzluğu (timestamps: 1014, data: 254)
2026-02-26 00:21:42 - spektroskopi - WARNING - RealTimePanel: UV_360nm calibrated data uzunluk uyumsuzluğu (timestamps: 1014, data: 254)
2026-02-26 00:21:42 - spektroskopi - WARNING - RealTimePanel: Blue_450nm raw data uzunluk uyumsuzluğu (timestamps: 1014, data: 254)
2026-02-26 00:21:42 - spektroskopi - WARNING - RealTimePanel: Blue_450nm calibrated data uzunluk uyumsuzluğu (timestamps: 1014, data: 254)
2026-02-26 00:21:42 - spektroskopi - WARNING - RealTimePanel: IR_850nm raw data uzunluk uyumsuzluğu (timestamps: 1014, data: 254)
2026-02-26 00:21:42 - spektroskopi - WARNING - RealTimePanel: IR_850nm calibrated data uzunluk uyumsuzluğu (timestamps: 1014, data: 254)
2026-02-26 00:21:42 - spektroskopi - WARNING - RealTimePanel: IR_940nm raw data uzunluk uyumsuzluğu (timestamps: 1014, data: 252)
2026-02-26 00:21:42 - spektroskopi - WARNING - RealTimePanel: IR_940nm calibrated data uzunluk uyumsuzluğu (timestamps: 1014, data: 252)
2026-02-26 00:21:43 - spektroskopi - WARNING - RealTimePanel: UV_360nm raw data uzunluk uyumsuzluğu (timestamps: 1014, data: 254)
2026-02-26 00:21:43 - spektroskopi - WARNING - RealTimePanel: UV_360nm calibrated data uzunluk uyumsuzluğu (timestamps: 1014, data: 254)
2026-02-26 00:21:43 - spektroskopi - WARNING - RealTimePanel: Blue_450nm raw data uzunluk uyumsuzluğu (timestamps: 1014, data: 254)
2026-02-26 00:21:43 - spektroskopi - WARNING - RealTimePanel: Blue_450nm calibrated data uzunluk uyumsuzluğu (timestamps: 1014, data: 254)
2026-02-26 00:21:43 - spektroskopi - WARNING - RealTimePanel: IR_850nm raw data uzunluk uyumsuzluğu (timestamps: 1014, data: 254)
2026-02-26 00:21:43 - spektroskopi - WARNING - RealTimePanel: IR_850nm calibrated data uzunluk uyumsuzluğu (timestamps: 1014, data: 254)
2026-02-26 00:21:43 - spektroskopi - WARNING - RealTimePanel: IR_940nm raw data uzunluk uyumsuzluğu (timestamps: 1014, data: 252)
2026-02-26 00:21:43 - spektroskopi - WARNING - RealTimePanel: IR_940nm calibrated data uzunluk uyumsuzluğu (timestamps: 1014, data: 252)
2026-02-26 00:21:44 - spektroskopi - WARNING - RealTimePanel: UV_360nm raw data uzunluk uyumsuzluğu (timestamps: 1014, data: 254)
2026-02-26 00:21:44 - spektroskopi - WARNING - RealTimePanel: UV_360nm calibrated data uzunluk uyumsuzluğu (timestamps: 1014, data: 254)
2026-02-26 00:21:44 - spektroskopi - WARNING - RealTimePanel: Blue_450nm raw data uzunluk uyumsuzluğu (timestamps: 1014, data: 254)
2026-02-26 00:21:44 - spektroskopi - WARNING - RealTimePanel: Blue_450nm calibrated data uzunluk uyumsuzluğu (timestamps: 1014, data: 254)
2026-02-26 00:21:44 - spektroskopi - WARNING - RealTimePanel: IR_850nm raw data uzunluk uyumsuzluğu (timestamps: 1014, data: 254)
2026-02-26 00:21:44 - spektroskopi - WARNING - RealTimePanel: IR_850nm calibrated data uzunluk uyumsuzluğu (timestamps: 1014, data: 254)
2026-02-26 00:21:44 - spektroskopi - WARNING - RealTimePanel: IR_940nm raw data uzunluk uyumsuzluğu (timestamps: 1014, data: 252)
2026-02-26 00:21:44 - spektroskopi - WARNING - RealTimePanel: IR_940nm calibrated data uzunluk uyumsuzluğu (timestamps: 1014, data: 252)
2026-02-26 00:21:45 - spektroskopi - WARNING - RealTimePanel: UV_360nm raw data uzunluk uyumsuzluğu (timestamps: 1014, data: 254)
2026-02-26 00:21:45 - spektroskopi - WARNING - RealTimePanel: UV_360nm calibrated data uzunluk uyumsuzluğu (timestamps: 1014, data: 254)
2026-02-26 00:21:45 - spektroskopi - WARNING - RealTimePanel: Blue_450nm raw data uzunluk uyumsuzluğu (timestamps: 1014, data: 254)
2026-02-26 00:21:45 - spektroskopi - WARNING - RealTimePanel: Blue_450nm calibrated data uzunluk uyumsuzluğu (timestamps: 1014, data: 254)
2026-02-26 00:21:45 - spektroskopi - WARNING - RealTimePanel: IR_850nm raw data uzunluk uyumsuzluğu (timestamps: 1014, data: 254)
2026-02-26 00:21:45 - spektroskopi - WARNING - RealTimePanel: IR_850nm calibrated data uzunluk uyumsuzluğu (timestamps: 1014, data: 254)
2026-02-26 00:21:45 - spektroskopi - WARNING - RealTimePanel: IR_940nm raw data uzunluk uyumsuzluğu (timestamps: 1014, data: 252)
2026-02-26 00:21:45 - spektroskopi - WARNING - RealTimePanel: IR_940nm calibrated data uzunluk uyumsuzluğu (timestamps: 1014, data: 252)
2026-02-26 00:21:46 - spektroskopi - WARNING - RealTimePanel: UV_360nm raw data uzunluk uyumsuzluğu (timestamps: 1014, data: 254)
2026-02-26 00:21:46 - spektroskopi - WARNING - RealTimePanel: UV_360nm calibrated data uzunluk uyumsuzluğu (timestamps: 1014, data: 254)
2026-02-26 00:21:46 - spektroskopi - WARNING - RealTimePanel: Blue_450nm raw data uzunluk uyumsuzluğu (timestamps: 1014, data: 254)
2026-02-26 00:21:46 - spektroskopi - WARNING - RealTimePanel: Blue_450nm calibrated data uzunluk uyumsuzluğu (timestamps: 1014, data: 254)
2026-02-26 00:21:46 - spektroskopi - WARNING - RealTimePanel: IR_850nm raw data uzunluk uyumsuzluğu (timestamps: 1014, data: 254)
2026-02-26 00:21:46 - spektroskopi - WARNING - RealTimePanel: IR_850nm calibrated data uzunluk uyumsuzluğu (timestamps: 1014, data: 254)
2026-02-26 00:21:46 - spektroskopi - WARNING - RealTimePanel: IR_940nm raw data uzunluk uyumsuzluğu (timestamps: 1014, data: 252)
2026-02-26 00:21:46 - spektroskopi - WARNING - RealTimePanel: IR_940nm calibrated data uzunluk uyumsuzluğu (timestamps: 1014, data: 252)
2026-02-26 00:21:47 - spektroskopi - WARNING - RealTimePanel: UV_360nm raw data uzunluk uyumsuzluğu (timestamps: 1014, data: 254)
2026-02-26 00:21:47 - spektroskopi - WARNING - RealTimePanel: UV_360nm calibrated data uzunluk uyumsuzluğu (timestamps: 1014, data: 254)
2026-02-26 00:21:47 - spektroskopi - WARNING - RealTimePanel: Blue_450nm raw data uzunluk uyumsuzluğu (timestamps: 1014, data: 254)
2026-02-26 00:21:47 - spektroskopi - WARNING - RealTimePanel: Blue_450nm calibrated data uzunluk uyumsuzluğu (timestamps: 1014, data: 254)
2026-02-26 00:21:47 - spektroskopi - WARNING - RealTimePanel: IR_850nm raw data uzunluk uyumsuzluğu (timestamps: 1014, data: 254)
2026-02-26 00:21:47 - spektroskopi - WARNING - RealTimePanel: IR_850nm calibrated data uzunluk uyumsuzluğu (timestamps: 1014, data: 254)
2026-02-26 00:21:47 - spektroskopi - WARNING - RealTimePanel: IR_940nm raw data uzunluk uyumsuzluğu (timestamps: 1014, data: 252)
2026-02-26 00:21:47 - spektroskopi - WARNING - RealTimePanel: IR_940nm calibrated data uzunluk uyumsuzluğu (timestamps: 1014, data: 252)
2026-02-26 00:21:48 - spektroskopi - WARNING - RealTimePanel: UV_360nm raw data uzunluk uyumsuzluğu (timestamps: 1014, data: 254)
2026-02-26 00:21:48 - spektroskopi - WARNING - RealTimePanel: UV_360nm calibrated data uzunluk uyumsuzluğu (timestamps: 1014, data: 254)
2026-02-26 00:21:48 - spektroskopi - WARNING - RealTimePanel: Blue_450nm raw data uzunluk uyumsuzluğu (timestamps: 1014, data: 254)
2026-02-26 00:21:48 - spektroskopi - WARNING - RealTimePanel: Blue_450nm calibrated data uzunluk uyumsuzluğu (timestamps: 1014, data: 254)
2026-02-26 00:21:48 - spektroskopi - WARNING - RealTimePanel: IR_850nm raw data uzunluk uyumsuzluğu (timestamps: 1014, data: 254)
2026-02-26 00:21:48 - spektroskopi - WARNING - RealTimePanel: IR_850nm calibrated data uzunluk uyumsuzluğu (timestamps: 1014, data: 254)
2026-02-26 00:21:48 - spektroskopi - WARNING - RealTimePanel: IR_940nm raw data uzunluk uyumsuzluğu (timestamps: 1014, data: 252)
2026-02-26 00:21:48 - spektroskopi - WARNING - RealTimePanel: IR_940nm calibrated data uzunluk uyumsuzluğu (timestamps: 1014, data: 252)
2026-02-26 00:21:49 - spektroskopi - WARNING - RealTimePanel: UV_360nm raw data uzunluk uyumsuzluğu (timestamps: 1014, data: 254)
2026-02-26 00:21:49 - spektroskopi - WARNING - RealTimePanel: UV_360nm calibrated data uzunluk uyumsuzluğu (timestamps: 1014, data: 254)
2026-02-26 00:21:49 - spektroskopi - WARNING - RealTimePanel: Blue_450nm raw data uzunluk uyumsuzluğu (timestamps: 1014, data: 254)
2026-02-26 00:21:49 - spektroskopi - WARNING - RealTimePanel: Blue_450nm calibrated data uzunluk uyumsuzluğu (timestamps: 1014, data: 254)
2026-02-26 00:21:49 - spektroskopi - WARNING - RealTimePanel: IR_850nm raw data uzunluk uyumsuzluğu (timestamps: 1014, data: 254)
2026-02-26 00:21:49 - spektroskopi - WARNING - RealTimePanel: IR_850nm calibrated data uzunluk uyumsuzluğu (timestamps: 1014, data: 254)
2026-02-26 00:21:49 - spektroskopi - WARNING - RealTimePanel: IR_940nm raw data uzunluk uyumsuzluğu (timestamps: 1014, data: 252)
2026-02-26 00:21:49 - spektroskopi - WARNING - RealTimePanel: IR_940nm calibrated data uzunluk uyumsuzluğu (timestamps: 1014, data: 252)
2026-02-26 00:21:50 - spektroskopi - WARNING - RealTimePanel: UV_360nm raw data uzunluk uyumsuzluğu (timestamps: 1014, data: 254)
2026-02-26 00:21:50 - spektroskopi - WARNING - RealTimePanel: UV_360nm calibrated data uzunluk uyumsuzluğu (timestamps: 1014, data: 254)
2026-02-26 00:21:50 - spektroskopi - WARNING - RealTimePanel: Blue_450nm raw data uzunluk uyumsuzluğu (timestamps: 1014, data: 254)
2026-02-26 00:21:50 - spektroskopi - WARNING - RealTimePanel: Blue_450nm calibrated data uzunluk uyumsuzluğu (timestamps: 1014, data: 254)
2026-02-26 00:21:50 - spektroskopi - WARNING - RealTimePanel: IR_850nm raw data uzunluk uyumsuzluğu (timestamps: 1014, data: 254)
2026-02-26 00:21:50 - spektroskopi - WARNING - RealTimePanel: IR_850nm calibrated data uzunluk uyumsuzluğu (timestamps: 1014, data: 254)
2026-02-26 00:21:50 - spektroskopi - WARNING - RealTimePanel: IR_940nm raw data uzunluk uyumsuzluğu (timestamps: 1014, data: 252)
2026-02-26 00:21:50 - spektroskopi - WARNING - RealTimePanel: IR_940nm calibrated data uzunluk uyumsuzluğu (timestamps: 1014, data: 252)
2026-02-26 00:21:51 - spektroskopi - WARNING - RealTimePanel: UV_360nm raw data uzunluk uyumsuzluğu (timestamps: 1014, data: 254)
2026-02-26 00:21:51 - spektroskopi - WARNING - RealTimePanel: UV_360nm calibrated data uzunluk uyumsuzluğu (timestamps: 1014, data: 254)
2026-02-26 00:21:51 - spektroskopi - WARNING - RealTimePanel: Blue_450nm raw data uzunluk uyumsuzluğu (timestamps: 1014, data: 254)
2026-02-26 00:21:51 - spektroskopi - WARNING - RealTimePanel: Blue_450nm calibrated data uzunluk uyumsuzluğu (timestamps: 1014, data: 254)
2026-02-26 00:21:51 - spektroskopi - WARNING - RealTimePanel: IR_850nm raw data uzunluk uyumsuzluğu (timestamps: 1014, data: 254)
2026-02-26 00:21:51 - spektroskopi - WARNING - RealTimePanel: IR_850nm calibrated data uzunluk uyumsuzluğu (timestamps: 1014, data: 254)
2026-02-26 00:21:51 - spektroskopi - WARNING - RealTimePanel: IR_940nm raw data uzunluk uyumsuzluğu (timestamps: 1014, data: 252)
2026-02-26 00:21:51 - spektroskopi - WARNING - RealTimePanel: IR_940nm calibrated data uzunluk uyumsuzluğu (timestamps: 1014, data: 252)
2026-02-26 00:21:52 - spektroskopi - WARNING - RealTimePanel: UV_360nm raw data uzunluk uyumsuzluğu (timestamps: 1014, data: 254)
2026-02-26 00:21:52 - spektroskopi - WARNING - RealTimePanel: UV_360nm calibrated data uzunluk uyumsuzluğu (timestamps: 1014, data: 254)
2026-02-26 00:21:52 - spektroskopi - WARNING - RealTimePanel: Blue_450nm raw data uzunluk uyumsuzluğu (timestamps: 1014, data: 254)
2026-02-26 00:21:52 - spektroskopi - WARNING - RealTimePanel: Blue_450nm calibrated data uzunluk uyumsuzluğu (timestamps: 1014, data: 254)
2026-02-26 00:21:52 - spektroskopi - WARNING - RealTimePanel: IR_850nm raw data uzunluk uyumsuzluğu (timestamps: 1014, data: 254)
2026-02-26 00:21:52 - spektroskopi - WARNING - RealTimePanel: IR_850nm calibrated data uzunluk uyumsuzluğu (timestamps: 1014, data: 254)
2026-02-26 00:21:52 - spektroskopi - WARNING - RealTimePanel: IR_940nm raw data uzunluk uyumsuzluğu (timestamps: 1014, data: 252)
2026-02-26 00:21:52 - spektroskopi - WARNING - RealTimePanel: IR_940nm calibrated data uzunluk uyumsuzluğu (timestamps: 1014, data: 252)
2026-02-26 00:21:53 - spektroskopi - WARNING - RealTimePanel: UV_360nm raw data uzunluk uyumsuzluğu (timestamps: 1014, data: 254)
2026-02-26 00:21:53 - spektroskopi - WARNING - RealTimePanel: UV_360nm calibrated data uzunluk uyumsuzluğu (timestamps: 1014, data: 254)
2026-02-26 00:21:53 - spektroskopi - WARNING - RealTimePanel: Blue_450nm raw data uzunluk uyumsuzluğu (timestamps: 1014, data: 254)
2026-02-26 00:21:53 - spektroskopi - WARNING - RealTimePanel: Blue_450nm calibrated data uzunluk uyumsuzluğu (timestamps: 1014, data: 254)
2026-02-26 00:21:53 - spektroskopi - WARNING - RealTimePanel: IR_850nm raw data uzunluk uyumsuzluğu (timestamps: 1014, data: 254)
2026-02-26 00:21:53 - spektroskopi - WARNING - RealTimePanel: IR_850nm calibrated data uzunluk uyumsuzluğu (timestamps: 1014, data: 254)
2026-02-26 00:21:53 - spektroskopi - WARNING - RealTimePanel: IR_940nm raw data uzunluk uyumsuzluğu (timestamps: 1014, data: 252)
2026-02-26 00:21:53 - spektroskopi - WARNING - RealTimePanel: IR_940nm calibrated data uzunluk uyumsuzluğu (timestamps: 1014, data: 252)
2026-02-26 00:21:54 - spektroskopi - WARNING - RealTimePanel: UV_360nm raw data uzunluk uyumsuzluğu (timestamps: 1014, data: 254)
2026-02-26 00:21:54 - spektroskopi - WARNING - RealTimePanel: UV_360nm calibrated data uzunluk uyumsuzluğu (timestamps: 1014, data: 254)
2026-02-26 00:21:54 - spektroskopi - WARNING - RealTimePanel: Blue_450nm raw data uzunluk uyumsuzluğu (timestamps: 1014, data: 254)
2026-02-26 00:21:54 - spektroskopi - WARNING - RealTimePanel: Blue_450nm calibrated data uzunluk uyumsuzluğu (timestamps: 1014, data: 254)
2026-02-26 00:21:54 - spektroskopi - WARNING - RealTimePanel: IR_850nm raw data uzunluk uyumsuzluğu (timestamps: 1014, data: 254)
2026-02-26 00:21:54 - spektroskopi - WARNING - RealTimePanel: IR_850nm calibrated data uzunluk uyumsuzluğu (timestamps: 1014, data: 254)
2026-02-26 00:21:54 - spektroskopi - WARNING - RealTimePanel: IR_940nm raw data uzunluk uyumsuzluğu (timestamps: 1014, data: 252)
2026-02-26 00:21:54 - spektroskopi - WARNING - RealTimePanel: IR_940nm calibrated data uzunluk uyumsuzluğu (timestamps: 1014, data: 252)
2026-02-26 00:21:55 - spektroskopi - WARNING - RealTimePanel: UV_360nm raw data uzunluk uyumsuzluğu (timestamps: 1014, data: 254)
2026-02-26 00:21:55 - spektroskopi - WARNING - RealTimePanel: UV_360nm calibrated data uzunluk uyumsuzluğu (timestamps: 1014, data: 254)
2026-02-26 00:21:55 - spektroskopi - WARNING - RealTimePanel: Blue_450nm raw data uzunluk uyumsuzluğu (timestamps: 1014, data: 254)
2026-02-26 00:21:55 - spektroskopi - WARNING - RealTimePanel: Blue_450nm calibrated data uzunluk uyumsuzluğu (timestamps: 1014, data: 254)
2026-02-26 00:21:55 - spektroskopi - WARNING - RealTimePanel: IR_850nm raw data uzunluk uyumsuzluğu (timestamps: 1014, data: 254)
2026-02-26 00:21:55 - spektroskopi - WARNING - RealTimePanel: IR_850nm calibrated data uzunluk uyumsuzluğu (timestamps: 1014, data: 254)
2026-02-26 00:21:55 - spektroskopi - WARNING - RealTimePanel: IR_940nm raw data uzunluk uyumsuzluğu (timestamps: 1014, data: 252)
2026-02-26 00:21:55 - spektroskopi - WARNING - RealTimePanel: IR_940nm calibrated data uzunluk uyumsuzluğu (timestamps: 1014, data: 252)
2026-02-26 00:21:56 - spektroskopi - WARNING - RealTimePanel: UV_360nm raw data uzunluk uyumsuzluğu (timestamps: 1014, data: 254)
2026-02-26 00:21:56 - spektroskopi - WARNING - RealTimePanel: UV_360nm calibrated data uzunluk uyumsuzluğu (timestamps: 1014, data: 254)
2026-02-26 00:21:56 - spektroskopi - WARNING - RealTimePanel: Blue_450nm raw data uzunluk uyumsuzluğu (timestamps: 1014, data: 254)
2026-02-26 00:21:56 - spektroskopi - WARNING - RealTimePanel: Blue_450nm calibrated data uzunluk uyumsuzluğu (timestamps: 1014, data: 254)
2026-02-26 00:21:56 - spektroskopi - WARNING - RealTimePanel: IR_850nm raw data uzunluk uyumsuzluğu (timestamps: 1014, data: 254)
2026-02-26 00:21:56 - spektroskopi - WARNING - RealTimePanel: IR_850nm calibrated data uzunluk uyumsuzluğu (timestamps: 1014, data: 254)
2026-02-26 00:21:56 - spektroskopi - WARNING - RealTimePanel: IR_940nm raw data uzunluk uyumsuzluğu (timestamps: 1014, data: 252)
2026-02-26 00:21:56 - spektroskopi - WARNING - RealTimePanel: IR_940nm calibrated data uzunluk uyumsuzluğu (timestamps: 1014, data: 252)
2026-02-26 00:21:57 - spektroskopi - WARNING - RealTimePanel: UV_360nm raw data uzunluk uyumsuzluğu (timestamps: 1014, data: 254)
2026-02-26 00:21:57 - spektroskopi - WARNING - RealTimePanel: UV_360nm calibrated data uzunluk uyumsuzluğu (timestamps: 1014, data: 254)
2026-02-26 00:21:57 - spektroskopi - WARNING - RealTimePanel: Blue_450nm raw data uzunluk uyumsuzluğu (timestamps: 1014, data: 254)
2026-02-26 00:21:57 - spektroskopi - WARNING - RealTimePanel: Blue_450nm calibrated data uzunluk uyumsuzluğu (timestamps: 1014, data: 254)
2026-02-26 00:21:57 - spektroskopi - WARNING - RealTimePanel: IR_850nm raw data uzunluk uyumsuzluğu (timestamps: 1014, data: 254)
2026-02-26 00:21:57 - spektroskopi - WARNING - RealTimePanel: IR_850nm calibrated data uzunluk uyumsuzluğu (timestamps: 1014, data: 254)
2026-02-26 00:21:57 - spektroskopi - WARNING - RealTimePanel: IR_940nm raw data uzunluk uyumsuzluğu (timestamps: 1014, data: 252)
2026-02-26 00:21:57 - spektroskopi - WARNING - RealTimePanel: IR_940nm calibrated data uzunluk uyumsuzluğu (timestamps: 1014, data: 252)
2026-02-26 00:21:58 - spektroskopi - WARNING - RealTimePanel: UV_360nm raw data uzunluk uyumsuzluğu (timestamps: 1014, data: 254)
2026-02-26 00:21:58 - spektroskopi - WARNING - RealTimePanel: UV_360nm calibrated data uzunluk uyumsuzluğu (timestamps: 1014, data: 254)
2026-02-26 00:21:58 - spektroskopi - WARNING - RealTimePanel: Blue_450nm raw data uzunluk uyumsuzluğu (timestamps: 1014, data: 254)
2026-02-26 00:21:58 - spektroskopi - WARNING - RealTimePanel: Blue_450nm calibrated data uzunluk uyumsuzluğu (timestamps: 1014, data: 254)
2026-02-26 00:21:58 - spektroskopi - WARNING - RealTimePanel: IR_850nm raw data uzunluk uyumsuzluğu (timestamps: 1014, data: 254)
2026-02-26 00:21:58 - spektroskopi - WARNING - RealTimePanel: IR_850nm calibrated data uzunluk uyumsuzluğu (timestamps: 1014, data: 254)
2026-02-26 00:21:58 - spektroskopi - WARNING - RealTimePanel: IR_940nm raw data uzunluk uyumsuzluğu (timestamps: 1014, data: 252)
2026-02-26 00:21:58 - spektroskopi - WARNING - RealTimePanel: IR_940nm calibrated data uzunluk uyumsuzluğu (timestamps: 1014, data: 252)
2026-02-26 00:21:59 - spektroskopi - WARNING - RealTimePanel: UV_360nm raw data uzunluk uyumsuzluğu (timestamps: 1014, data: 254)
2026-02-26 00:21:59 - spektroskopi - WARNING - RealTimePanel: UV_360nm calibrated data uzunluk uyumsuzluğu (timestamps: 1014, data: 254)
2026-02-26 00:21:59 - spektroskopi - WARNING - RealTimePanel: Blue_450nm raw data uzunluk uyumsuzluğu (timestamps: 1014, data: 254)
2026-02-26 00:21:59 - spektroskopi - WARNING - RealTimePanel: Blue_450nm calibrated data uzunluk uyumsuzluğu (timestamps: 1014, data: 254)
2026-02-26 00:21:59 - spektroskopi - WARNING - RealTimePanel: IR_850nm raw data uzunluk uyumsuzluğu (timestamps: 1014, data: 254)
2026-02-26 00:21:59 - spektroskopi - WARNING - RealTimePanel: IR_850nm calibrated data uzunluk uyumsuzluğu (timestamps: 1014, data: 254)
2026-02-26 00:21:59 - spektroskopi - WARNING - RealTimePanel: IR_940nm raw data uzunluk uyumsuzluğu (timestamps: 1014, data: 252)
2026-02-26 00:21:59 - spektroskopi - WARNING - RealTimePanel: IR_940nm calibrated data uzunluk uyumsuzluğu (timestamps: 1014, data: 252)
2026-02-26 00:22:00 - spektroskopi - WARNING - RealTimePanel: UV_360nm raw data uzunluk uyumsuzluğu (timestamps: 1014, data: 254)
2026-02-26 00:22:00 - spektroskopi - WARNING - RealTimePanel: UV_360nm calibrated data uzunluk uyumsuzluğu (timestamps: 1014, data: 254)
2026-02-26 00:22:00 - spektroskopi - WARNING - RealTimePanel: Blue_450nm raw data uzunluk uyumsuzluğu (timestamps: 1014, data: 254)
2026-02-26 00:22:00 - spektroskopi - WARNING - RealTimePanel: Blue_450nm calibrated data uzunluk uyumsuzluğu (timestamps: 1014, data: 254)
2026-02-26 00:22:00 - spektroskopi - WARNING - RealTimePanel: IR_850nm raw data uzunluk uyumsuzluğu (timestamps: 1014, data: 254)
2026-02-26 00:22:00 - spektroskopi - WARNING - RealTimePanel: IR_850nm calibrated data uzunluk uyumsuzluğu (timestamps: 1014, data: 254)
2026-02-26 00:22:00 - spektroskopi - WARNING - RealTimePanel: IR_940nm raw data uzunluk uyumsuzluğu (timestamps: 1014, data: 252)
2026-02-26 00:22:00 - spektroskopi - WARNING - RealTimePanel: IR_940nm calibrated data uzunluk uyumsuzluğu (timestamps: 1014, data: 252)
2026-02-26 00:22:01 - spektroskopi - WARNING - RealTimePanel: UV_360nm raw data uzunluk uyumsuzluğu (timestamps: 1014, data: 254)
2026-02-26 00:22:01 - spektroskopi - WARNING - RealTimePanel: UV_360nm calibrated data uzunluk uyumsuzluğu (timestamps: 1014, data: 254)
2026-02-26 00:22:01 - spektroskopi - WARNING - RealTimePanel: Blue_450nm raw data uzunluk uyumsuzluğu (timestamps: 1014, data: 254)
2026-02-26 00:22:01 - spektroskopi - WARNING - RealTimePanel: Blue_450nm calibrated data uzunluk uyumsuzluğu (timestamps: 1014, data: 254)
2026-02-26 00:22:01 - spektroskopi - WARNING - RealTimePanel: IR_850nm raw data uzunluk uyumsuzluğu (timestamps: 1014, data: 254)
2026-02-26 00:22:01 - spektroskopi - WARNING - RealTimePanel: IR_850nm calibrated data uzunluk uyumsuzluğu (timestamps: 1014, data: 254)
2026-02-26 00:22:01 - spektroskopi - WARNING - RealTimePanel: IR_940nm raw data uzunluk uyumsuzluğu (timestamps: 1014, data: 252)
2026-02-26 00:22:01 - spektroskopi - WARNING - RealTimePanel: IR_940nm calibrated data uzunluk uyumsuzluğu (timestamps: 1014, data: 252)
2026-02-26 00:22:02 - spektroskopi - WARNING - RealTimePanel: UV_360nm raw data uzunluk uyumsuzluğu (timestamps: 1014, data: 254)
2026-02-26 00:22:02 - spektroskopi - WARNING - RealTimePanel: UV_360nm calibrated data uzunluk uyumsuzluğu (timestamps: 1014, data: 254)
2026-02-26 00:22:02 - spektroskopi - WARNING - RealTimePanel: Blue_450nm raw data uzunluk uyumsuzluğu (timestamps: 1014, data: 254)
2026-02-26 00:22:02 - spektroskopi - WARNING - RealTimePanel: Blue_450nm calibrated data uzunluk uyumsuzluğu (timestamps: 1014, data: 254)
2026-02-26 00:22:02 - spektroskopi - WARNING - RealTimePanel: IR_850nm raw data uzunluk uyumsuzluğu (timestamps: 1014, data: 254)
2026-02-26 00:22:02 - spektroskopi - WARNING - RealTimePanel: IR_850nm calibrated data uzunluk uyumsuzluğu (timestamps: 1014, data: 254)
2026-02-26 00:22:02 - spektroskopi - WARNING - RealTimePanel: IR_940nm raw data uzunluk uyumsuzluğu (timestamps: 1014, data: 252)
2026-02-26 00:22:02 - spektroskopi - WARNING - RealTimePanel: IR_940nm calibrated data uzunluk uyumsuzluğu (timestamps: 1014, data: 252)
2026-02-26 00:22:03 - spektroskopi - WARNING - RealTimePanel: UV_360nm raw data uzunluk uyumsuzluğu (timestamps: 1014, data: 254)
2026-02-26 00:22:03 - spektroskopi - WARNING - RealTimePanel: UV_360nm calibrated data uzunluk uyumsuzluğu (timestamps: 1014, data: 254)
2026-02-26 00:22:03 - spektroskopi - WARNING - RealTimePanel: Blue_450nm raw data uzunluk uyumsuzluğu (timestamps: 1014, data: 254)
2026-02-26 00:22:03 - spektroskopi - WARNING - RealTimePanel: Blue_450nm calibrated data uzunluk uyumsuzluğu (timestamps: 1014, data: 254)
2026-02-26 00:22:03 - spektroskopi - WARNING - RealTimePanel: IR_850nm raw data uzunluk uyumsuzluğu (timestamps: 1014, data: 254)
2026-02-26 00:22:03 - spektroskopi - WARNING - RealTimePanel: IR_850nm calibrated data uzunluk uyumsuzluğu (timestamps: 1014, data: 254)
2026-02-26 00:22:03 - spektroskopi - WARNING - RealTimePanel: IR_940nm raw data uzunluk uyumsuzluğu (timestamps: 1014, data: 252)
2026-02-26 00:22:03 - spektroskopi - WARNING - RealTimePanel: IR_940nm calibrated data uzunluk uyumsuzluğu (timestamps: 1014, data: 252)
2026-02-26 00:22:04 - spektroskopi - WARNING - RealTimePanel: UV_360nm raw data uzunluk uyumsuzluğu (timestamps: 1014, data: 254)
2026-02-26 00:22:04 - spektroskopi - WARNING - RealTimePanel: UV_360nm calibrated data uzunluk uyumsuzluğu (timestamps: 1014, data: 254)
2026-02-26 00:22:04 - spektroskopi - WARNING - RealTimePanel: Blue_450nm raw data uzunluk uyumsuzluğu (timestamps: 1014, data: 254)
2026-02-26 00:22:04 - spektroskopi - WARNING - RealTimePanel: Blue_450nm calibrated data uzunluk uyumsuzluğu (timestamps: 1014, data: 254)
2026-02-26 00:22:04 - spektroskopi - WARNING - RealTimePanel: IR_850nm raw data uzunluk uyumsuzluğu (timestamps: 1014, data: 254)
2026-02-26 00:22:04 - spektroskopi - WARNING - RealTimePanel: IR_850nm calibrated data uzunluk uyumsuzluğu (timestamps: 1014, data: 254)
2026-02-26 00:22:04 - spektroskopi - WARNING - RealTimePanel: IR_940nm raw data uzunluk uyumsuzluğu (timestamps: 1014, data: 252)
2026-02-26 00:22:04 - spektroskopi - WARNING - RealTimePanel: IR_940nm calibrated data uzunluk uyumsuzluğu (timestamps: 1014, data: 252)
2026-02-26 00:22:05 - spektroskopi - WARNING - RealTimePanel: UV_360nm raw data uzunluk uyumsuzluğu (timestamps: 1014, data: 254)
2026-02-26 00:22:05 - spektroskopi - WARNING - RealTimePanel: UV_360nm calibrated data uzunluk uyumsuzluğu (timestamps: 1014, data: 254)
2026-02-26 00:22:05 - spektroskopi - WARNING - RealTimePanel: Blue_450nm raw data uzunluk uyumsuzluğu (timestamps: 1014, data: 254)
2026-02-26 00:22:05 - spektroskopi - WARNING - RealTimePanel: Blue_450nm calibrated data uzunluk uyumsuzluğu (timestamps: 1014, data: 254)
2026-02-26 00:22:05 - spektroskopi - WARNING - RealTimePanel: IR_850nm raw data uzunluk uyumsuzluğu (timestamps: 1014, data: 254)
2026-02-26 00:22:05 - spektroskopi - WARNING - RealTimePanel: IR_850nm calibrated data uzunluk uyumsuzluğu (timestamps: 1014, data: 254)
2026-02-26 00:22:05 - spektroskopi - WARNING - RealTimePanel: IR_940nm raw data uzunluk uyumsuzluğu (timestamps: 1014, data: 252)
2026-02-26 00:22:05 - spektroskopi - WARNING - RealTimePanel: IR_940nm calibrated data uzunluk uyumsuzluğu (timestamps: 1014, data: 252)
2026-02-26 00:22:06 - spektroskopi - WARNING - RealTimePanel: UV_360nm raw data uzunluk uyumsuzluğu (timestamps: 1014, data: 254)
2026-02-26 00:22:06 - spektroskopi - WARNING - RealTimePanel: UV_360nm calibrated data uzunluk uyumsuzluğu (timestamps: 1014, data: 254)
2026-02-26 00:22:06 - spektroskopi - WARNING - RealTimePanel: Blue_450nm raw data uzunluk uyumsuzluğu (timestamps: 1014, data: 254)
2026-02-26 00:22:06 - spektroskopi - WARNING - RealTimePanel: Blue_450nm calibrated data uzunluk uyumsuzluğu (timestamps: 1014, data: 254)
2026-02-26 00:22:06 - spektroskopi - WARNING - RealTimePanel: IR_850nm raw data uzunluk uyumsuzluğu (timestamps: 1014, data: 254)
2026-02-26 00:22:06 - spektroskopi - WARNING - RealTimePanel: IR_850nm calibrated data uzunluk uyumsuzluğu (timestamps: 1014, data: 254)
2026-02-26 00:22:06 - spektroskopi - WARNING - RealTimePanel: IR_940nm raw data uzunluk uyumsuzluğu (timestamps: 1014, data: 252)
2026-02-26 00:22:06 - spektroskopi - WARNING - RealTimePanel: IR_940nm calibrated data uzunluk uyumsuzluğu (timestamps: 1014, data: 252)
2026-02-26 00:22:07 - spektroskopi - WARNING - RealTimePanel: UV_360nm raw data uzunluk uyumsuzluğu (timestamps: 1014, data: 254)
2026-02-26 00:22:07 - spektroskopi - WARNING - RealTimePanel: UV_360nm calibrated data uzunluk uyumsuzluğu (timestamps: 1014, data: 254)
2026-02-26 00:22:07 - spektroskopi - WARNING - RealTimePanel: Blue_450nm raw data uzunluk uyumsuzluğu (timestamps: 1014, data: 254)
2026-02-26 00:22:07 - spektroskopi - WARNING - RealTimePanel: Blue_450nm calibrated data uzunluk uyumsuzluğu (timestamps: 1014, data: 254)
2026-02-26 00:22:07 - spektroskopi - WARNING - RealTimePanel: IR_850nm raw data uzunluk uyumsuzluğu (timestamps: 1014, data: 254)
2026-02-26 00:22:07 - spektroskopi - WARNING - RealTimePanel: IR_850nm calibrated data uzunluk uyumsuzluğu (timestamps: 1014, data: 254)
2026-02-26 00:22:07 - spektroskopi - WARNING - RealTimePanel: IR_940nm raw data uzunluk uyumsuzluğu (timestamps: 1014, data: 252)
2026-02-26 00:22:07 - spektroskopi - WARNING - RealTimePanel: IR_940nm calibrated data uzunluk uyumsuzluğu (timestamps: 1014, data: 252)
2026-02-26 00:22:08 - spektroskopi - WARNING - RealTimePanel: UV_360nm raw data uzunluk uyumsuzluğu (timestamps: 1014, data: 254)
2026-02-26 00:22:09 - spektroskopi - WARNING - RealTimePanel: UV_360nm calibrated data uzunluk uyumsuzluğu (timestamps: 1014, data: 254)
2026-02-26 00:22:09 - spektroskopi - WARNING - RealTimePanel: Blue_450nm raw data uzunluk uyumsuzluğu (timestamps: 1014, data: 254)
2026-02-26 00:22:09 - spektroskopi - WARNING - RealTimePanel: Blue_450nm calibrated data uzunluk uyumsuzluğu (timestamps: 1014, data: 254)
2026-02-26 00:22:09 - spektroskopi - WARNING - RealTimePanel: IR_850nm raw data uzunluk uyumsuzluğu (timestamps: 1014, data: 254)
2026-02-26 00:22:09 - spektroskopi - WARNING - RealTimePanel: IR_850nm calibrated data uzunluk uyumsuzluğu (timestamps: 1014, data: 254)
2026-02-26 00:22:09 - spektroskopi - WARNING - RealTimePanel: IR_940nm raw data uzunluk uyumsuzluğu (timestamps: 1014, data: 252)
2026-02-26 00:22:09 - spektroskopi - WARNING - RealTimePanel: IR_940nm calibrated data uzunluk uyumsuzluğu (timestamps: 1014, data: 252)
2026-02-26 00:22:10 - spektroskopi - WARNING - RealTimePanel: UV_360nm raw data uzunluk uyumsuzluğu (timestamps: 1014, data: 254)
2026-02-26 00:22:10 - spektroskopi - WARNING - RealTimePanel: UV_360nm calibrated data uzunluk uyumsuzluğu (timestamps: 1014, data: 254)
2026-02-26 00:22:10 - spektroskopi - WARNING - RealTimePanel: Blue_450nm raw data uzunluk uyumsuzluğu (timestamps: 1014, data: 254)
2026-02-26 00:22:10 - spektroskopi - WARNING - RealTimePanel: Blue_450nm calibrated data uzunluk uyumsuzluğu (timestamps: 1014, data: 254)
2026-02-26 00:22:10 - spektroskopi - WARNING - RealTimePanel: IR_850nm raw data uzunluk uyumsuzluğu (timestamps: 1014, data: 254)
2026-02-26 00:22:10 - spektroskopi - WARNING - RealTimePanel: IR_850nm calibrated data uzunluk uyumsuzluğu (timestamps: 1014, data: 254)
2026-02-26 00:22:10 - spektroskopi - WARNING - RealTimePanel: IR_940nm raw data uzunluk uyumsuzluğu (timestamps: 1014, data: 252)
2026-02-26 00:22:10 - spektroskopi - WARNING - RealTimePanel: IR_940nm calibrated data uzunluk uyumsuzluğu (timestamps: 1014, data: 252)
2026-02-26 00:22:11 - spektroskopi - WARNING - RealTimePanel: UV_360nm raw data uzunluk uyumsuzluğu (timestamps: 1014, data: 254)
2026-02-26 00:22:11 - spektroskopi - WARNING - RealTimePanel: UV_360nm calibrated data uzunluk uyumsuzluğu (timestamps: 1014, data: 254)
2026-02-26 00:22:11 - spektroskopi - WARNING - RealTimePanel: Blue_450nm raw data uzunluk uyumsuzluğu (timestamps: 1014, data: 254)
2026-02-26 00:22:11 - spektroskopi - WARNING - RealTimePanel: Blue_450nm calibrated data uzunluk uyumsuzluğu (timestamps: 1014, data: 254)
2026-02-26 00:22:11 - spektroskopi - WARNING - RealTimePanel: IR_850nm raw data uzunluk uyumsuzluğu (timestamps: 1014, data: 254)
2026-02-26 00:22:11 - spektroskopi - WARNING - RealTimePanel: IR_850nm calibrated data uzunluk uyumsuzluğu (timestamps: 1014, data: 254)
2026-02-26 00:22:11 - spektroskopi - WARNING - RealTimePanel: IR_940nm raw data uzunluk uyumsuzluğu (timestamps: 1014, data: 252)
2026-02-26 00:22:11 - spektroskopi - WARNING - RealTimePanel: IR_940nm calibrated data uzunluk uyumsuzluğu (timestamps: 1014, data: 252)
2026-02-26 00:22:12 - spektroskopi - WARNING - RealTimePanel: UV_360nm raw data uzunluk uyumsuzluğu (timestamps: 1014, data: 254)
2026-02-26 00:22:12 - spektroskopi - WARNING - RealTimePanel: UV_360nm calibrated data uzunluk uyumsuzluğu (timestamps: 1014, data: 254)
2026-02-26 00:22:12 - spektroskopi - WARNING - RealTimePanel: Blue_450nm raw data uzunluk uyumsuzluğu (timestamps: 1014, data: 254)
2026-02-26 00:22:12 - spektroskopi - WARNING - RealTimePanel: Blue_450nm calibrated data uzunluk uyumsuzluğu (timestamps: 1014, data: 254)
2026-02-26 00:22:12 - spektroskopi - WARNING - RealTimePanel: IR_850nm raw data uzunluk uyumsuzluğu (timestamps: 1014, data: 254)
2026-02-26 00:22:12 - spektroskopi - WARNING - RealTimePanel: IR_850nm calibrated data uzunluk uyumsuzluğu (timestamps: 1014, data: 254)
2026-02-26 00:22:12 - spektroskopi - WARNING - RealTimePanel: IR_940nm raw data uzunluk uyumsuzluğu (timestamps: 1014, data: 252)
2026-02-26 00:22:12 - spektroskopi - WARNING - RealTimePanel: IR_940nm calibrated data uzunluk uyumsuzluğu (timestamps: 1014, data: 252)
2026-02-26 00:22:13 - spektroskopi - WARNING - RealTimePanel: UV_360nm raw data uzunluk uyumsuzluğu (timestamps: 1014, data: 254)
2026-02-26 00:22:13 - spektroskopi - WARNING - RealTimePanel: UV_360nm calibrated data uzunluk uyumsuzluğu (timestamps: 1014, data: 254)
2026-02-26 00:22:13 - spektroskopi - WARNING - RealTimePanel: Blue_450nm raw data uzunluk uyumsuzluğu (timestamps: 1014, data: 254)
2026-02-26 00:22:13 - spektroskopi - WARNING - RealTimePanel: Blue_450nm calibrated data uzunluk uyumsuzluğu (timestamps: 1014, data: 254)
2026-02-26 00:22:13 - spektroskopi - WARNING - RealTimePanel: IR_850nm raw data uzunluk uyumsuzluğu (timestamps: 1014, data: 254)
2026-02-26 00:22:13 - spektroskopi - WARNING - RealTimePanel: IR_850nm calibrated data uzunluk uyumsuzluğu (timestamps: 1014, data: 254)
2026-02-26 00:22:13 - spektroskopi - WARNING - RealTimePanel: IR_940nm raw data uzunluk uyumsuzluğu (timestamps: 1014, data: 252)
2026-02-26 00:22:13 - spektroskopi - WARNING - RealTimePanel: IR_940nm calibrated data uzunluk uyumsuzluğu (timestamps: 1014, data: 252)
2026-02-26 00:22:14 - spektroskopi - WARNING - RealTimePanel: UV_360nm raw data uzunluk uyumsuzluğu (timestamps: 1014, data: 254)
2026-02-26 00:22:14 - spektroskopi - WARNING - RealTimePanel: UV_360nm calibrated data uzunluk uyumsuzluğu (timestamps: 1014, data: 254)
2026-02-26 00:22:14 - spektroskopi - WARNING - RealTimePanel: Blue_450nm raw data uzunluk uyumsuzluğu (timestamps: 1014, data: 254)
2026-02-26 00:22:14 - spektroskopi - WARNING - RealTimePanel: Blue_450nm calibrated data uzunluk uyumsuzluğu (timestamps: 1014, data: 254)
2026-02-26 00:22:14 - spektroskopi - WARNING - RealTimePanel: IR_850nm raw data uzunluk uyumsuzluğu (timestamps: 1014, data: 254)
2026-02-26 00:22:14 - spektroskopi - WARNING - RealTimePanel: IR_850nm calibrated data uzunluk uyumsuzluğu (timestamps: 1014, data: 254)
2026-02-26 00:22:14 - spektroskopi - WARNING - RealTimePanel: IR_940nm raw data uzunluk uyumsuzluğu (timestamps: 1014, data: 252)
2026-02-26 00:22:14 - spektroskopi - WARNING - RealTimePanel: IR_940nm calibrated data uzunluk uyumsuzluğu (timestamps: 1014, data: 252)
2026-02-26 00:22:15 - spektroskopi - WARNING - RealTimePanel: UV_360nm raw data uzunluk uyumsuzluğu (timestamps: 1014, data: 254)
2026-02-26 00:22:15 - spektroskopi - WARNING - RealTimePanel: UV_360nm calibrated data uzunluk uyumsuzluğu (timestamps: 1014, data: 254)
2026-02-26 00:22:15 - spektroskopi - WARNING - RealTimePanel: Blue_450nm raw data uzunluk uyumsuzluğu (timestamps: 1014, data: 254)
2026-02-26 00:22:15 - spektroskopi - WARNING - RealTimePanel: Blue_450nm calibrated data uzunluk uyumsuzluğu (timestamps: 1014, data: 254)
2026-02-26 00:22:15 - spektroskopi - WARNING - RealTimePanel: IR_850nm raw data uzunluk uyumsuzluğu (timestamps: 1014, data: 254)
2026-02-26 00:22:15 - spektroskopi - WARNING - RealTimePanel: IR_850nm calibrated data uzunluk uyumsuzluğu (timestamps: 1014, data: 254)
2026-02-26 00:22:15 - spektroskopi - WARNING - RealTimePanel: IR_940nm raw data uzunluk uyumsuzluğu (timestamps: 1014, data: 252)
2026-02-26 00:22:15 - spektroskopi - WARNING - RealTimePanel: IR_940nm calibrated data uzunluk uyumsuzluğu (timestamps: 1014, data: 252)
2026-02-26 00:22:16 - spektroskopi - WARNING - RealTimePanel: UV_360nm raw data uzunluk uyumsuzluğu (timestamps: 1014, data: 254)
2026-02-26 00:22:16 - spektroskopi - WARNING - RealTimePanel: UV_360nm calibrated data uzunluk uyumsuzluğu (timestamps: 1014, data: 254)
2026-02-26 00:22:16 - spektroskopi - WARNING - RealTimePanel: Blue_450nm raw data uzunluk uyumsuzluğu (timestamps: 1014, data: 254)
2026-02-26 00:22:16 - spektroskopi - WARNING - RealTimePanel: Blue_450nm calibrated data uzunluk uyumsuzluğu (timestamps: 1014, data: 254)
2026-02-26 00:22:16 - spektroskopi - WARNING - RealTimePanel: IR_850nm raw data uzunluk uyumsuzluğu (timestamps: 1014, data: 254)
2026-02-26 00:22:16 - spektroskopi - WARNING - RealTimePanel: IR_850nm calibrated data uzunluk uyumsuzluğu (timestamps: 1014, data: 254)
2026-02-26 00:22:16 - spektroskopi - WARNING - RealTimePanel: IR_940nm raw data uzunluk uyumsuzluğu (timestamps: 1014, data: 252)
2026-02-26 00:22:16 - spektroskopi - WARNING - RealTimePanel: IR_940nm calibrated data uzunluk uyumsuzluğu (timestamps: 1014, data: 252)
2026-02-26 00:22:17 - spektroskopi - WARNING - RealTimePanel: UV_360nm raw data uzunluk uyumsuzluğu (timestamps: 1014, data: 254)
2026-02-26 00:22:17 - spektroskopi - WARNING - RealTimePanel: UV_360nm calibrated data uzunluk uyumsuzluğu (timestamps: 1014, data: 254)
2026-02-26 00:22:17 - spektroskopi - WARNING - RealTimePanel: Blue_450nm raw data uzunluk uyumsuzluğu (timestamps: 1014, data: 254)
2026-02-26 00:22:17 - spektroskopi - WARNING - RealTimePanel: Blue_450nm calibrated data uzunluk uyumsuzluğu (timestamps: 1014, data: 254)
2026-02-26 00:22:17 - spektroskopi - WARNING - RealTimePanel: IR_850nm raw data uzunluk uyumsuzluğu (timestamps: 1014, data: 254)
2026-02-26 00:22:17 - spektroskopi - WARNING - RealTimePanel: IR_850nm calibrated data uzunluk uyumsuzluğu (timestamps: 1014, data: 254)
2026-02-26 00:22:17 - spektroskopi - WARNING - RealTimePanel: IR_940nm raw data uzunluk uyumsuzluğu (timestamps: 1014, data: 252)
2026-02-26 00:22:17 - spektroskopi - WARNING - RealTimePanel: IR_940nm calibrated data uzunluk uyumsuzluğu (timestamps: 1014, data: 252)
2026-02-26 00:22:18 - spektroskopi - WARNING - RealTimePanel: UV_360nm raw data uzunluk uyumsuzluğu (timestamps: 1014, data: 254)
2026-02-26 00:22:18 - spektroskopi - WARNING - RealTimePanel: UV_360nm calibrated data uzunluk uyumsuzluğu (timestamps: 1014, data: 254)
2026-02-26 00:22:18 - spektroskopi - WARNING - RealTimePanel: Blue_450nm raw data uzunluk uyumsuzluğu (timestamps: 1014, data: 254)
2026-02-26 00:22:18 - spektroskopi - WARNING - RealTimePanel: Blue_450nm calibrated data uzunluk uyumsuzluğu (timestamps: 1014, data: 254)
2026-02-26 00:22:18 - spektroskopi - WARNING - RealTimePanel: IR_850nm raw data uzunluk uyumsuzluğu (timestamps: 1014, data: 254)
2026-02-26 00:22:18 - spektroskopi - WARNING - RealTimePanel: IR_850nm calibrated data uzunluk uyumsuzluğu (timestamps: 1014, data: 254)
2026-02-26 00:22:18 - spektroskopi - WARNING - RealTimePanel: IR_940nm raw data uzunluk uyumsuzluğu (timestamps: 1014, data: 252)
2026-02-26 00:22:18 - spektroskopi - WARNING - RealTimePanel: IR_940nm calibrated data uzunluk uyumsuzluğu (timestamps: 1014, data: 252)
2026-02-26 00:22:19 - spektroskopi - WARNING - RealTimePanel: UV_360nm raw data uzunluk uyumsuzluğu (timestamps: 1014, data: 254)
2026-02-26 00:22:19 - spektroskopi - WARNING - RealTimePanel: UV_360nm calibrated data uzunluk uyumsuzluğu (timestamps: 1014, data: 254)
2026-02-26 00:22:19 - spektroskopi - WARNING - RealTimePanel: Blue_450nm raw data uzunluk uyumsuzluğu (timestamps: 1014, data: 254)
2026-02-26 00:22:19 - spektroskopi - WARNING - RealTimePanel: Blue_450nm calibrated data uzunluk uyumsuzluğu (timestamps: 1014, data: 254)
2026-02-26 00:22:19 - spektroskopi - WARNING - RealTimePanel: IR_850nm raw data uzunluk uyumsuzluğu (timestamps: 1014, data: 254)
2026-02-26 00:22:19 - spektroskopi - WARNING - RealTimePanel: IR_850nm calibrated data uzunluk uyumsuzluğu (timestamps: 1014, data: 254)
2026-02-26 00:22:19 - spektroskopi - WARNING - RealTimePanel: IR_940nm raw data uzunluk uyumsuzluğu (timestamps: 1014, data: 252)
2026-02-26 00:22:19 - spektroskopi - WARNING - RealTimePanel: IR_940nm calibrated data uzunluk uyumsuzluğu (timestamps: 1014, data: 252)
2026-02-26 00:22:20 - spektroskopi - WARNING - RealTimePanel: UV_360nm raw data uzunluk uyumsuzluğu (timestamps: 1014, data: 254)
2026-02-26 00:22:20 - spektroskopi - WARNING - RealTimePanel: UV_360nm calibrated data uzunluk uyumsuzluğu (timestamps: 1014, data: 254)
2026-02-26 00:22:20 - spektroskopi - WARNING - RealTimePanel: Blue_450nm raw data uzunluk uyumsuzluğu (timestamps: 1014, data: 254)
2026-02-26 00:22:20 - spektroskopi - WARNING - RealTimePanel: Blue_450nm calibrated data uzunluk uyumsuzluğu (timestamps: 1014, data: 254)
2026-02-26 00:22:20 - spektroskopi - WARNING - RealTimePanel: IR_850nm raw data uzunluk uyumsuzluğu (timestamps: 1014, data: 254)
2026-02-26 00:22:20 - spektroskopi - WARNING - RealTimePanel: IR_850nm calibrated data uzunluk uyumsuzluğu (timestamps: 1014, data: 254)
2026-02-26 00:22:20 - spektroskopi - WARNING - RealTimePanel: IR_940nm raw data uzunluk uyumsuzluğu (timestamps: 1014, data: 252)
2026-02-26 00:22:20 - spektroskopi - WARNING - RealTimePanel: IR_940nm calibrated data uzunluk uyumsuzluğu (timestamps: 1014, data: 252)
2026-02-26 00:22:21 - spektroskopi - WARNING - RealTimePanel: UV_360nm raw data uzunluk uyumsuzluğu (timestamps: 1014, data: 254)
2026-02-26 00:22:21 - spektroskopi - WARNING - RealTimePanel: UV_360nm calibrated data uzunluk uyumsuzluğu (timestamps: 1014, data: 254)
2026-02-26 00:22:21 - spektroskopi - WARNING - RealTimePanel: Blue_450nm raw data uzunluk uyumsuzluğu (timestamps: 1014, data: 254)
2026-02-26 00:22:21 - spektroskopi - WARNING - RealTimePanel: Blue_450nm calibrated data uzunluk uyumsuzluğu (timestamps: 1014, data: 254)
2026-02-26 00:22:21 - spektroskopi - WARNING - RealTimePanel: IR_850nm raw data uzunluk uyumsuzluğu (timestamps: 1014, data: 254)
2026-02-26 00:22:21 - spektroskopi - WARNING - RealTimePanel: IR_850nm calibrated data uzunluk uyumsuzluğu (timestamps: 1014, data: 254)
2026-02-26 00:22:21 - spektroskopi - WARNING - RealTimePanel: IR_940nm raw data uzunluk uyumsuzluğu (timestamps: 1014, data: 252)
2026-02-26 00:22:21 - spektroskopi - WARNING - RealTimePanel: IR_940nm calibrated data uzunluk uyumsuzluğu (timestamps: 1014, data: 252)
2026-02-26 00:22:22 - spektroskopi - WARNING - RealTimePanel: UV_360nm raw data uzunluk uyumsuzluğu (timestamps: 1014, data: 254)
2026-02-26 00:22:22 - spektroskopi - WARNING - RealTimePanel: UV_360nm calibrated data uzunluk uyumsuzluğu (timestamps: 1014, data: 254)
2026-02-26 00:22:22 - spektroskopi - WARNING - RealTimePanel: Blue_450nm raw data uzunluk uyumsuzluğu (timestamps: 1014, data: 254)
2026-02-26 00:22:22 - spektroskopi - WARNING - RealTimePanel: Blue_450nm calibrated data uzunluk uyumsuzluğu (timestamps: 1014, data: 254)
2026-02-26 00:22:22 - spektroskopi - WARNING - RealTimePanel: IR_850nm raw data uzunluk uyumsuzluğu (timestamps: 1014, data: 254)
2026-02-26 00:22:22 - spektroskopi - WARNING - RealTimePanel: IR_850nm calibrated data uzunluk uyumsuzluğu (timestamps: 1014, data: 254)
2026-02-26 00:22:22 - spektroskopi - WARNING - RealTimePanel: IR_940nm raw data uzunluk uyumsuzluğu (timestamps: 1014, data: 252)
2026-02-26 00:22:22 - spektroskopi - WARNING - RealTimePanel: IR_940nm calibrated data uzunluk uyumsuzluğu (timestamps: 1014, data: 252)
2026-02-26 00:22:23 - spektroskopi - WARNING - RealTimePanel: UV_360nm raw data uzunluk uyumsuzluğu (timestamps: 1014, data: 254)
2026-02-26 00:22:23 - spektroskopi - WARNING - RealTimePanel: UV_360nm calibrated data uzunluk uyumsuzluğu (timestamps: 1014, data: 254)
2026-02-26 00:22:23 - spektroskopi - WARNING - RealTimePanel: Blue_450nm raw data uzunluk uyumsuzluğu (timestamps: 1014, data: 254)
2026-02-26 00:22:23 - spektroskopi - WARNING - RealTimePanel: Blue_450nm calibrated data uzunluk uyumsuzluğu (timestamps: 1014, data: 254)
2026-02-26 00:22:23 - spektroskopi - WARNING - RealTimePanel: IR_850nm raw data uzunluk uyumsuzluğu (timestamps: 1014, data: 254)
2026-02-26 00:22:23 - spektroskopi - WARNING - RealTimePanel: IR_850nm calibrated data uzunluk uyumsuzluğu (timestamps: 1014, data: 254)
2026-02-26 00:22:23 - spektroskopi - WARNING - RealTimePanel: IR_940nm raw data uzunluk uyumsuzluğu (timestamps: 1014, data: 252)
2026-02-26 00:22:23 - spektroskopi - WARNING - RealTimePanel: IR_940nm calibrated data uzunluk uyumsuzluğu (timestamps: 1014, data: 252)
2026-02-26 00:22:24 - spektroskopi - WARNING - RealTimePanel: UV_360nm raw data uzunluk uyumsuzluğu (timestamps: 1014, data: 254)
2026-02-26 00:22:24 - spektroskopi - WARNING - RealTimePanel: UV_360nm calibrated data uzunluk uyumsuzluğu (timestamps: 1014, data: 254)
2026-02-26 00:22:24 - spektroskopi - WARNING - RealTimePanel: Blue_450nm raw data uzunluk uyumsuzluğu (timestamps: 1014, data: 254)
2026-02-26 00:22:24 - spektroskopi - WARNING - RealTimePanel: Blue_450nm calibrated data uzunluk uyumsuzluğu (timestamps: 1014, data: 254)
2026-02-26 00:22:24 - spektroskopi - WARNING - RealTimePanel: IR_850nm raw data uzunluk uyumsuzluğu (timestamps: 1014, data: 254)
2026-02-26 00:22:24 - spektroskopi - WARNING - RealTimePanel: IR_850nm calibrated data uzunluk uyumsuzluğu (timestamps: 1014, data: 254)
2026-02-26 00:22:24 - spektroskopi - WARNING - RealTimePanel: IR_940nm raw data uzunluk uyumsuzluğu (timestamps: 1014, data: 252)
2026-02-26 00:22:24 - spektroskopi - WARNING - RealTimePanel: IR_940nm calibrated data uzunluk uyumsuzluğu (timestamps: 1014, data: 252)
2026-02-26 00:22:25 - spektroskopi - WARNING - RealTimePanel: UV_360nm raw data uzunluk uyumsuzluğu (timestamps: 1014, data: 254)
2026-02-26 00:22:25 - spektroskopi - WARNING - RealTimePanel: UV_360nm calibrated data uzunluk uyumsuzluğu (timestamps: 1014, data: 254)
2026-02-26 00:22:25 - spektroskopi - WARNING - RealTimePanel: Blue_450nm raw data uzunluk uyumsuzluğu (timestamps: 1014, data: 254)
2026-02-26 00:22:25 - spektroskopi - WARNING - RealTimePanel: Blue_450nm calibrated data uzunluk uyumsuzluğu (timestamps: 1014, data: 254)
2026-02-26 00:22:25 - spektroskopi - WARNING - RealTimePanel: IR_850nm raw data uzunluk uyumsuzluğu (timestamps: 1014, data: 254)
2026-02-26 00:22:25 - spektroskopi - WARNING - RealTimePanel: IR_850nm calibrated data uzunluk uyumsuzluğu (timestamps: 1014, data: 254)
2026-02-26 00:22:25 - spektroskopi - WARNING - RealTimePanel: IR_940nm raw data uzunluk uyumsuzluğu (timestamps: 1014, data: 252)
2026-02-26 00:22:25 - spektroskopi - WARNING - RealTimePanel: IR_940nm calibrated data uzunluk uyumsuzluğu (timestamps: 1014, data: 252)
2026-02-26 00:22:26 - spektroskopi - WARNING - RealTimePanel: UV_360nm raw data uzunluk uyumsuzluğu (timestamps: 1014, data: 254)
2026-02-26 00:22:26 - spektroskopi - WARNING - RealTimePanel: UV_360nm calibrated data uzunluk uyumsuzluğu (timestamps: 1014, data: 254)
2026-02-26 00:22:26 - spektroskopi - WARNING - RealTimePanel: Blue_450nm raw data uzunluk uyumsuzluğu (timestamps: 1014, data: 254)
2026-02-26 00:22:26 - spektroskopi - WARNING - RealTimePanel: Blue_450nm calibrated data uzunluk uyumsuzluğu (timestamps: 1014, data: 254)
2026-02-26 00:22:26 - spektroskopi - WARNING - RealTimePanel: IR_850nm raw data uzunluk uyumsuzluğu (timestamps: 1014, data: 254)
2026-02-26 00:22:26 - spektroskopi - WARNING - RealTimePanel: IR_850nm calibrated data uzunluk uyumsuzluğu (timestamps: 1014, data: 254)
2026-02-26 00:22:26 - spektroskopi - WARNING - RealTimePanel: IR_940nm raw data uzunluk uyumsuzluğu (timestamps: 1014, data: 252)
2026-02-26 00:22:26 - spektroskopi - WARNING - RealTimePanel: IR_940nm calibrated data uzunluk uyumsuzluğu (timestamps: 1014, data: 252)
2026-02-26 00:22:27 - spektroskopi - WARNING - RealTimePanel: UV_360nm raw data uzunluk uyumsuzluğu (timestamps: 1014, data: 254)
2026-02-26 00:22:27 - spektroskopi - WARNING - RealTimePanel: UV_360nm calibrated data uzunluk uyumsuzluğu (timestamps: 1014, data: 254)
2026-02-26 00:22:27 - spektroskopi - WARNING - RealTimePanel: Blue_450nm raw data uzunluk uyumsuzluğu (timestamps: 1014, data: 254)
2026-02-26 00:22:27 - spektroskopi - WARNING - RealTimePanel: Blue_450nm calibrated data uzunluk uyumsuzluğu (timestamps: 1014, data: 254)
2026-02-26 00:22:27 - spektroskopi - WARNING - RealTimePanel: IR_850nm raw data uzunluk uyumsuzluğu (timestamps: 1014, data: 254)
2026-02-26 00:22:27 - spektroskopi - WARNING - RealTimePanel: IR_850nm calibrated data uzunluk uyumsuzluğu (timestamps: 1014, data: 254)
2026-02-26 00:22:27 - spektroskopi - WARNING - RealTimePanel: IR_940nm raw data uzunluk uyumsuzluğu (timestamps: 1014, data: 252)
2026-02-26 00:22:27 - spektroskopi - WARNING - RealTimePanel: IR_940nm calibrated data uzunluk uyumsuzluğu (timestamps: 1014, data: 252)
2026-02-26 00:22:28 - spektroskopi - WARNING - RealTimePanel: UV_360nm raw data uzunluk uyumsuzluğu (timestamps: 1014, data: 254)
2026-02-26 00:22:28 - spektroskopi - WARNING - RealTimePanel: UV_360nm calibrated data uzunluk uyumsuzluğu (timestamps: 1014, data: 254)
2026-02-26 00:22:28 - spektroskopi - WARNING - RealTimePanel: Blue_450nm raw data uzunluk uyumsuzluğu (timestamps: 1014, data: 254)
2026-02-26 00:22:28 - spektroskopi - WARNING - RealTimePanel: Blue_450nm calibrated data uzunluk uyumsuzluğu (timestamps: 1014, data: 254)
2026-02-26 00:22:28 - spektroskopi - WARNING - RealTimePanel: IR_850nm raw data uzunluk uyumsuzluğu (timestamps: 1014, data: 254)
2026-02-26 00:22:28 - spektroskopi - WARNING - RealTimePanel: IR_850nm calibrated data uzunluk uyumsuzluğu (timestamps: 1014, data: 254)
2026-02-26 00:22:28 - spektroskopi - WARNING - RealTimePanel: IR_940nm raw data uzunluk uyumsuzluğu (timestamps: 1014, data: 252)
2026-02-26 00:22:28 - spektroskopi - WARNING - RealTimePanel: IR_940nm calibrated data uzunluk uyumsuzluğu (timestamps: 1014, data: 252)
2026-02-26 00:22:29 - spektroskopi - WARNING - RealTimePanel: UV_360nm raw data uzunluk uyumsuzluğu (timestamps: 1014, data: 254)
2026-02-26 00:22:29 - spektroskopi - WARNING - RealTimePanel: UV_360nm calibrated data uzunluk uyumsuzluğu (timestamps: 1014, data: 254)
2026-02-26 00:22:29 - spektroskopi - WARNING - RealTimePanel: Blue_450nm raw data uzunluk uyumsuzluğu (timestamps: 1014, data: 254)
2026-02-26 00:22:29 - spektroskopi - WARNING - RealTimePanel: Blue_450nm calibrated data uzunluk uyumsuzluğu (timestamps: 1014, data: 254)
2026-02-26 00:22:29 - spektroskopi - WARNING - RealTimePanel: IR_850nm raw data uzunluk uyumsuzluğu (timestamps: 1014, data: 254)
2026-02-26 00:22:29 - spektroskopi - WARNING - RealTimePanel: IR_850nm calibrated data uzunluk uyumsuzluğu (timestamps: 1014, data: 254)
2026-02-26 00:22:29 - spektroskopi - WARNING - RealTimePanel: IR_940nm raw data uzunluk uyumsuzluğu (timestamps: 1014, data: 252)
2026-02-26 00:22:29 - spektroskopi - WARNING - RealTimePanel: IR_940nm calibrated data uzunluk uyumsuzluğu (timestamps: 1014, data: 252)
2026-02-26 00:22:30 - spektroskopi - WARNING - RealTimePanel: UV_360nm raw data uzunluk uyumsuzluğu (timestamps: 1014, data: 254)
2026-02-26 00:22:30 - spektroskopi - WARNING - RealTimePanel: UV_360nm calibrated data uzunluk uyumsuzluğu (timestamps: 1014, data: 254)
2026-02-26 00:22:30 - spektroskopi - WARNING - RealTimePanel: Blue_450nm raw data uzunluk uyumsuzluğu (timestamps: 1014, data: 254)
2026-02-26 00:22:30 - spektroskopi - WARNING - RealTimePanel: Blue_450nm calibrated data uzunluk uyumsuzluğu (timestamps: 1014, data: 254)
2026-02-26 00:22:30 - spektroskopi - WARNING - RealTimePanel: IR_850nm raw data uzunluk uyumsuzluğu (timestamps: 1014, data: 254)
2026-02-26 00:22:30 - spektroskopi - WARNING - RealTimePanel: IR_850nm calibrated data uzunluk uyumsuzluğu (timestamps: 1014, data: 254)
2026-02-26 00:22:30 - spektroskopi - WARNING - RealTimePanel: IR_940nm raw data uzunluk uyumsuzluğu (timestamps: 1014, data: 252)
2026-02-26 00:22:30 - spektroskopi - WARNING - RealTimePanel: IR_940nm calibrated data uzunluk uyumsuzluğu (timestamps: 1014, data: 252)
2026-02-26 00:22:31 - spektroskopi - WARNING - RealTimePanel: UV_360nm raw data uzunluk uyumsuzluğu (timestamps: 1014, data: 254)
2026-02-26 00:22:31 - spektroskopi - WARNING - RealTimePanel: UV_360nm calibrated data uzunluk uyumsuzluğu (timestamps: 1014, data: 254)
2026-02-26 00:22:31 - spektroskopi - WARNING - RealTimePanel: Blue_450nm raw data uzunluk uyumsuzluğu (timestamps: 1014, data: 254)
2026-02-26 00:22:31 - spektroskopi - WARNING - RealTimePanel: Blue_450nm calibrated data uzunluk uyumsuzluğu (timestamps: 1014, data: 254)
2026-02-26 00:22:31 - spektroskopi - WARNING - RealTimePanel: IR_850nm raw data uzunluk uyumsuzluğu (timestamps: 1014, data: 254)
2026-02-26 00:22:31 - spektroskopi - WARNING - RealTimePanel: IR_850nm calibrated data uzunluk uyumsuzluğu (timestamps: 1014, data: 254)
2026-02-26 00:22:31 - spektroskopi - WARNING - RealTimePanel: IR_940nm raw data uzunluk uyumsuzluğu (timestamps: 1014, data: 252)
2026-02-26 00:22:31 - spektroskopi - WARNING - RealTimePanel: IR_940nm calibrated data uzunluk uyumsuzluğu (timestamps: 1014, data: 252)
2026-02-26 00:22:32 - spektroskopi - WARNING - RealTimePanel: UV_360nm raw data uzunluk uyumsuzluğu (timestamps: 1014, data: 254)
2026-02-26 00:22:32 - spektroskopi - WARNING - RealTimePanel: UV_360nm calibrated data uzunluk uyumsuzluğu (timestamps: 1014, data: 254)
2026-02-26 00:22:32 - spektroskopi - WARNING - RealTimePanel: Blue_450nm raw data uzunluk uyumsuzluğu (timestamps: 1014, data: 254)
2026-02-26 00:22:32 - spektroskopi - WARNING - RealTimePanel: Blue_450nm calibrated data uzunluk uyumsuzluğu (timestamps: 1014, data: 254)
2026-02-26 00:22:32 - spektroskopi - WARNING - RealTimePanel: IR_850nm raw data uzunluk uyumsuzluğu (timestamps: 1014, data: 254)
2026-02-26 00:22:32 - spektroskopi - WARNING - RealTimePanel: IR_850nm calibrated data uzunluk uyumsuzluğu (timestamps: 1014, data: 254)
2026-02-26 00:22:32 - spektroskopi - WARNING - RealTimePanel: IR_940nm raw data uzunluk uyumsuzluğu (timestamps: 1014, data: 252)
2026-02-26 00:22:32 - spektroskopi - WARNING - RealTimePanel: IR_940nm calibrated data uzunluk uyumsuzluğu (timestamps: 1014, data: 252)
2026-02-26 00:22:33 - spektroskopi - WARNING - RealTimePanel: UV_360nm raw data uzunluk uyumsuzluğu (timestamps: 1014, data: 254)
2026-02-26 00:22:33 - spektroskopi - WARNING - RealTimePanel: UV_360nm calibrated data uzunluk uyumsuzluğu (timestamps: 1014, data: 254)
2026-02-26 00:22:33 - spektroskopi - WARNING - RealTimePanel: Blue_450nm raw data uzunluk uyumsuzluğu (timestamps: 1014, data: 254)
2026-02-26 00:22:33 - spektroskopi - WARNING - RealTimePanel: Blue_450nm calibrated data uzunluk uyumsuzluğu (timestamps: 1014, data: 254)
2026-02-26 00:22:33 - spektroskopi - WARNING - RealTimePanel: IR_850nm raw data uzunluk uyumsuzluğu (timestamps: 1014, data: 254)
2026-02-26 00:22:33 - spektroskopi - WARNING - RealTimePanel: IR_850nm calibrated data uzunluk uyumsuzluğu (timestamps: 1014, data: 254)
2026-02-26 00:22:33 - spektroskopi - WARNING - RealTimePanel: IR_940nm raw data uzunluk uyumsuzluğu (timestamps: 1014, data: 252)
2026-02-26 00:22:33 - spektroskopi - WARNING - RealTimePanel: IR_940nm calibrated data uzunluk uyumsuzluğu (timestamps: 1014, data: 252)
2026-02-26 00:22:34 - spektroskopi - WARNING - RealTimePanel: UV_360nm raw data uzunluk uyumsuzluğu (timestamps: 1014, data: 254)
2026-02-26 00:22:34 - spektroskopi - WARNING - RealTimePanel: UV_360nm calibrated data uzunluk uyumsuzluğu (timestamps: 1014, data: 254)
2026-02-26 00:22:34 - spektroskopi - WARNING - RealTimePanel: Blue_450nm raw data uzunluk uyumsuzluğu (timestamps: 1014, data: 254)
2026-02-26 00:22:34 - spektroskopi - WARNING - RealTimePanel: Blue_450nm calibrated data uzunluk uyumsuzluğu (timestamps: 1014, data: 254)
2026-02-26 00:22:34 - spektroskopi - WARNING - RealTimePanel: IR_850nm raw data uzunluk uyumsuzluğu (timestamps: 1014, data: 254)
2026-02-26 00:22:34 - spektroskopi - WARNING - RealTimePanel: IR_850nm calibrated data uzunluk uyumsuzluğu (timestamps: 1014, data: 254)
2026-02-26 00:22:34 - spektroskopi - WARNING - RealTimePanel: IR_940nm raw data uzunluk uyumsuzluğu (timestamps: 1014, data: 252)
2026-02-26 00:22:34 - spektroskopi - WARNING - RealTimePanel: IR_940nm calibrated data uzunluk uyumsuzluğu (timestamps: 1014, data: 252)
2026-02-26 00:22:35 - spektroskopi - WARNING - RealTimePanel: UV_360nm raw data uzunluk uyumsuzluğu (timestamps: 1014, data: 254)
2026-02-26 00:22:35 - spektroskopi - WARNING - RealTimePanel: UV_360nm calibrated data uzunluk uyumsuzluğu (timestamps: 1014, data: 254)
2026-02-26 00:22:35 - spektroskopi - WARNING - RealTimePanel: Blue_450nm raw data uzunluk uyumsuzluğu (timestamps: 1014, data: 254)
2026-02-26 00:22:35 - spektroskopi - WARNING - RealTimePanel: Blue_450nm calibrated data uzunluk uyumsuzluğu (timestamps: 1014, data: 254)
2026-02-26 00:22:35 - spektroskopi - WARNING - RealTimePanel: IR_850nm raw data uzunluk uyumsuzluğu (timestamps: 1014, data: 254)
2026-02-26 00:22:35 - spektroskopi - WARNING - RealTimePanel: IR_850nm calibrated data uzunluk uyumsuzluğu (timestamps: 1014, data: 254)
2026-02-26 00:22:35 - spektroskopi - WARNING - RealTimePanel: IR_940nm raw data uzunluk uyumsuzluğu (timestamps: 1014, data: 252)
2026-02-26 00:22:35 - spektroskopi - WARNING - RealTimePanel: IR_940nm calibrated data uzunluk uyumsuzluğu (timestamps: 1014, data: 252)
2026-02-26 00:22:36 - spektroskopi - WARNING - RealTimePanel: UV_360nm raw data uzunluk uyumsuzluğu (timestamps: 1014, data: 254)
2026-02-26 00:22:36 - spektroskopi - WARNING - RealTimePanel: UV_360nm calibrated data uzunluk uyumsuzluğu (timestamps: 1014, data: 254)
2026-02-26 00:22:36 - spektroskopi - WARNING - RealTimePanel: Blue_450nm raw data uzunluk uyumsuzluğu (timestamps: 1014, data: 254)
2026-02-26 00:22:36 - spektroskopi - WARNING - RealTimePanel: Blue_450nm calibrated data uzunluk uyumsuzluğu (timestamps: 1014, data: 254)
2026-02-26 00:22:36 - spektroskopi - WARNING - RealTimePanel: IR_850nm raw data uzunluk uyumsuzluğu (timestamps: 1014, data: 254)
2026-02-26 00:22:36 - spektroskopi - WARNING - RealTimePanel: IR_850nm calibrated data uzunluk uyumsuzluğu (timestamps: 1014, data: 254)
2026-02-26 00:22:36 - spektroskopi - WARNING - RealTimePanel: IR_940nm raw data uzunluk uyumsuzluğu (timestamps: 1014, data: 252)
2026-02-26 00:22:36 - spektroskopi - WARNING - RealTimePanel: IR_940nm calibrated data uzunluk uyumsuzluğu (timestamps: 1014, data: 252)
2026-02-26 00:22:37 - spektroskopi - WARNING - RealTimePanel: UV_360nm raw data uzunluk uyumsuzluğu (timestamps: 1014, data: 254)
2026-02-26 00:22:37 - spektroskopi - WARNING - RealTimePanel: UV_360nm calibrated data uzunluk uyumsuzluğu (timestamps: 1014, data: 254)
2026-02-26 00:22:37 - spektroskopi - WARNING - RealTimePanel: Blue_450nm raw data uzunluk uyumsuzluğu (timestamps: 1014, data: 254)
2026-02-26 00:22:37 - spektroskopi - WARNING - RealTimePanel: Blue_450nm calibrated data uzunluk uyumsuzluğu (timestamps: 1014, data: 254)
2026-02-26 00:22:37 - spektroskopi - WARNING - RealTimePanel: IR_850nm raw data uzunluk uyumsuzluğu (timestamps: 1014, data: 254)
2026-02-26 00:22:37 - spektroskopi - WARNING - RealTimePanel: IR_850nm calibrated data uzunluk uyumsuzluğu (timestamps: 1014, data: 254)
2026-02-26 00:22:37 - spektroskopi - WARNING - RealTimePanel: IR_940nm raw data uzunluk uyumsuzluğu (timestamps: 1014, data: 252)
2026-02-26 00:22:37 - spektroskopi - WARNING - RealTimePanel: IR_940nm calibrated data uzunluk uyumsuzluğu (timestamps: 1014, data: 252)
2026-02-26 00:22:38 - spektroskopi - WARNING - RealTimePanel: UV_360nm raw data uzunluk uyumsuzluğu (timestamps: 1014, data: 254)
2026-02-26 00:22:38 - spektroskopi - WARNING - RealTimePanel: UV_360nm calibrated data uzunluk uyumsuzluğu (timestamps: 1014, data: 254)
2026-02-26 00:22:38 - spektroskopi - WARNING - RealTimePanel: Blue_450nm raw data uzunluk uyumsuzluğu (timestamps: 1014, data: 254)
2026-02-26 00:22:38 - spektroskopi - WARNING - RealTimePanel: Blue_450nm calibrated data uzunluk uyumsuzluğu (timestamps: 1014, data: 254)
2026-02-26 00:22:38 - spektroskopi - WARNING - RealTimePanel: IR_850nm raw data uzunluk uyumsuzluğu (timestamps: 1014, data: 254)
2026-02-26 00:22:38 - spektroskopi - WARNING - RealTimePanel: IR_850nm calibrated data uzunluk uyumsuzluğu (timestamps: 1014, data: 254)
2026-02-26 00:22:38 - spektroskopi - WARNING - RealTimePanel: IR_940nm raw data uzunluk uyumsuzluğu (timestamps: 1014, data: 252)
2026-02-26 00:22:38 - spektroskopi - WARNING - RealTimePanel: IR_940nm calibrated data uzunluk uyumsuzluğu (timestamps: 1014, data: 252)
2026-02-26 00:22:39 - spektroskopi - WARNING - RealTimePanel: UV_360nm raw data uzunluk uyumsuzluğu (timestamps: 1014, data: 254)
2026-02-26 00:22:39 - spektroskopi - WARNING - RealTimePanel: UV_360nm calibrated data uzunluk uyumsuzluğu (timestamps: 1014, data: 254)
2026-02-26 00:22:39 - spektroskopi - WARNING - RealTimePanel: Blue_450nm raw data uzunluk uyumsuzluğu (timestamps: 1014, data: 254)
2026-02-26 00:22:39 - spektroskopi - WARNING - RealTimePanel: Blue_450nm calibrated data uzunluk uyumsuzluğu (timestamps: 1014, data: 254)
2026-02-26 00:22:39 - spektroskopi - WARNING - RealTimePanel: IR_850nm raw data uzunluk uyumsuzluğu (timestamps: 1014, data: 254)
2026-02-26 00:22:39 - spektroskopi - WARNING - RealTimePanel: IR_850nm calibrated data uzunluk uyumsuzluğu (timestamps: 1014, data: 254)
2026-02-26 00:22:39 - spektroskopi - WARNING - RealTimePanel: IR_940nm raw data uzunluk uyumsuzluğu (timestamps: 1014, data: 252)
2026-02-26 00:22:39 - spektroskopi - WARNING - RealTimePanel: IR_940nm calibrated data uzunluk uyumsuzluğu (timestamps: 1014, data: 252)
2026-02-26 00:22:40 - spektroskopi - WARNING - RealTimePanel: UV_360nm raw data uzunluk uyumsuzluğu (timestamps: 1014, data: 254)
2026-02-26 00:22:40 - spektroskopi - WARNING - RealTimePanel: UV_360nm calibrated data uzunluk uyumsuzluğu (timestamps: 1014, data: 254)
2026-02-26 00:22:40 - spektroskopi - WARNING - RealTimePanel: Blue_450nm raw data uzunluk uyumsuzluğu (timestamps: 1014, data: 254)
2026-02-26 00:22:40 - spektroskopi - WARNING - RealTimePanel: Blue_450nm calibrated data uzunluk uyumsuzluğu (timestamps: 1014, data: 254)
2026-02-26 00:22:40 - spektroskopi - WARNING - RealTimePanel: IR_850nm raw data uzunluk uyumsuzluğu (timestamps: 1014, data: 254)
2026-02-26 00:22:40 - spektroskopi - WARNING - RealTimePanel: IR_850nm calibrated data uzunluk uyumsuzluğu (timestamps: 1014, data: 254)
2026-02-26 00:22:40 - spektroskopi - WARNING - RealTimePanel: IR_940nm raw data uzunluk uyumsuzluğu (timestamps: 1014, data: 252)
2026-02-26 00:22:40 - spektroskopi - WARNING - RealTimePanel: IR_940nm calibrated data uzunluk uyumsuzluğu (timestamps: 1014, data: 252)
2026-02-26 00:22:41 - spektroskopi - WARNING - RealTimePanel: UV_360nm raw data uzunluk uyumsuzluğu (timestamps: 1014, data: 254)
2026-02-26 00:22:41 - spektroskopi - WARNING - RealTimePanel: UV_360nm calibrated data uzunluk uyumsuzluğu (timestamps: 1014, data: 254)
2026-02-26 00:22:41 - spektroskopi - WARNING - RealTimePanel: Blue_450nm raw data uzunluk uyumsuzluğu (timestamps: 1014, data: 254)
2026-02-26 00:22:41 - spektroskopi - WARNING - RealTimePanel: Blue_450nm calibrated data uzunluk uyumsuzluğu (timestamps: 1014, data: 254)
2026-02-26 00:22:41 - spektroskopi - WARNING - RealTimePanel: IR_850nm raw data uzunluk uyumsuzluğu (timestamps: 1014, data: 254)
2026-02-26 00:22:41 - spektroskopi - WARNING - RealTimePanel: IR_850nm calibrated data uzunluk uyumsuzluğu (timestamps: 1014, data: 254)
2026-02-26 00:22:41 - spektroskopi - WARNING - RealTimePanel: IR_940nm raw data uzunluk uyumsuzluğu (timestamps: 1014, data: 252)
2026-02-26 00:22:41 - spektroskopi - WARNING - RealTimePanel: IR_940nm calibrated data uzunluk uyumsuzluğu (timestamps: 1014, data: 252)
2026-02-26 00:22:42 - spektroskopi - WARNING - RealTimePanel: UV_360nm raw data uzunluk uyumsuzluğu (timestamps: 1014, data: 254)
2026-02-26 00:22:42 - spektroskopi - WARNING - RealTimePanel: UV_360nm calibrated data uzunluk uyumsuzluğu (timestamps: 1014, data: 254)
2026-02-26 00:22:42 - spektroskopi - WARNING - RealTimePanel: Blue_450nm raw data uzunluk uyumsuzluğu (timestamps: 1014, data: 254)
2026-02-26 00:22:42 - spektroskopi - WARNING - RealTimePanel: Blue_450nm calibrated data uzunluk uyumsuzluğu (timestamps: 1014, data: 254)
2026-02-26 00:22:42 - spektroskopi - WARNING - RealTimePanel: IR_850nm raw data uzunluk uyumsuzluğu (timestamps: 1014, data: 254)
2026-02-26 00:22:42 - spektroskopi - WARNING - RealTimePanel: IR_850nm calibrated data uzunluk uyumsuzluğu (timestamps: 1014, data: 254)
2026-02-26 00:22:42 - spektroskopi - WARNING - RealTimePanel: IR_940nm raw data uzunluk uyumsuzluğu (timestamps: 1014, data: 252)
2026-02-26 00:22:42 - spektroskopi - WARNING - RealTimePanel: IR_940nm calibrated data uzunluk uyumsuzluğu (timestamps: 1014, data: 252)
2026-02-26 00:22:43 - spektroskopi - WARNING - RealTimePanel: UV_360nm raw data uzunluk uyumsuzluğu (timestamps: 1014, data: 254)
2026-02-26 00:22:43 - spektroskopi - WARNING - RealTimePanel: UV_360nm calibrated data uzunluk uyumsuzluğu (timestamps: 1014, data: 254)
2026-02-26 00:22:43 - spektroskopi - WARNING - RealTimePanel: Blue_450nm raw data uzunluk uyumsuzluğu (timestamps: 1014, data: 254)
2026-02-26 00:22:43 - spektroskopi - WARNING - RealTimePanel: Blue_450nm calibrated data uzunluk uyumsuzluğu (timestamps: 1014, data: 254)
2026-02-26 00:22:43 - spektroskopi - WARNING - RealTimePanel: IR_850nm raw data uzunluk uyumsuzluğu (timestamps: 1014, data: 254)
2026-02-26 00:22:43 - spektroskopi - WARNING - RealTimePanel: IR_850nm calibrated data uzunluk uyumsuzluğu (timestamps: 1014, data: 254)
2026-02-26 00:22:43 - spektroskopi - WARNING - RealTimePanel: IR_940nm raw data uzunluk uyumsuzluğu (timestamps: 1014, data: 252)
2026-02-26 00:22:43 - spektroskopi - WARNING - RealTimePanel: IR_940nm calibrated data uzunluk uyumsuzluğu (timestamps: 1014, data: 252)
2026-02-26 00:22:44 - spektroskopi - WARNING - RealTimePanel: UV_360nm raw data uzunluk uyumsuzluğu (timestamps: 1014, data: 254)
2026-02-26 00:22:44 - spektroskopi - WARNING - RealTimePanel: UV_360nm calibrated data uzunluk uyumsuzluğu (timestamps: 1014, data: 254)
2026-02-26 00:22:44 - spektroskopi - WARNING - RealTimePanel: Blue_450nm raw data uzunluk uyumsuzluğu (timestamps: 1014, data: 254)
2026-02-26 00:22:44 - spektroskopi - WARNING - RealTimePanel: Blue_450nm calibrated data uzunluk uyumsuzluğu (timestamps: 1014, data: 254)
2026-02-26 00:22:44 - spektroskopi - WARNING - RealTimePanel: IR_850nm raw data uzunluk uyumsuzluğu (timestamps: 1014, data: 254)
2026-02-26 00:22:44 - spektroskopi - WARNING - RealTimePanel: IR_850nm calibrated data uzunluk uyumsuzluğu (timestamps: 1014, data: 254)
2026-02-26 00:22:44 - spektroskopi - WARNING - RealTimePanel: IR_940nm raw data uzunluk uyumsuzluğu (timestamps: 1014, data: 252)
2026-02-26 00:22:44 - spektroskopi - WARNING - RealTimePanel: IR_940nm calibrated data uzunluk uyumsuzluğu (timestamps: 1014, data: 252)
2026-02-26 00:22:45 - spektroskopi - WARNING - RealTimePanel: UV_360nm raw data uzunluk uyumsuzluğu (timestamps: 1014, data: 254)
2026-02-26 00:22:45 - spektroskopi - WARNING - RealTimePanel: UV_360nm calibrated data uzunluk uyumsuzluğu (timestamps: 1014, data: 254)
2026-02-26 00:22:45 - spektroskopi - WARNING - RealTimePanel: Blue_450nm raw data uzunluk uyumsuzluğu (timestamps: 1014, data: 254)
2026-02-26 00:22:45 - spektroskopi - WARNING - RealTimePanel: Blue_450nm calibrated data uzunluk uyumsuzluğu (timestamps: 1014, data: 254)
2026-02-26 00:22:45 - spektroskopi - WARNING - RealTimePanel: IR_850nm raw data uzunluk uyumsuzluğu (timestamps: 1014, data: 254)
2026-02-26 00:22:45 - spektroskopi - WARNING - RealTimePanel: IR_850nm calibrated data uzunluk uyumsuzluğu (timestamps: 1014, data: 254)
2026-02-26 00:22:45 - spektroskopi - WARNING - RealTimePanel: IR_940nm raw data uzunluk uyumsuzluğu (timestamps: 1014, data: 252)
2026-02-26 00:22:45 - spektroskopi - WARNING - RealTimePanel: IR_940nm calibrated data uzunluk uyumsuzluğu (timestamps: 1014, data: 252)
2026-02-26 00:22:46 - spektroskopi - WARNING - RealTimePanel: UV_360nm raw data uzunluk uyumsuzluğu (timestamps: 1014, data: 254)
2026-02-26 00:22:46 - spektroskopi - WARNING - RealTimePanel: UV_360nm calibrated data uzunluk uyumsuzluğu (timestamps: 1014, data: 254)
2026-02-26 00:22:46 - spektroskopi - WARNING - RealTimePanel: Blue_450nm raw data uzunluk uyumsuzluğu (timestamps: 1014, data: 254)
2026-02-26 00:22:46 - spektroskopi - WARNING - RealTimePanel: Blue_450nm calibrated data uzunluk uyumsuzluğu (timestamps: 1014, data: 254)
2026-02-26 00:22:46 - spektroskopi - WARNING - RealTimePanel: IR_850nm raw data uzunluk uyumsuzluğu (timestamps: 1014, data: 254)
2026-02-26 00:22:46 - spektroskopi - WARNING - RealTimePanel: IR_850nm calibrated data uzunluk uyumsuzluğu (timestamps: 1014, data: 254)
2026-02-26 00:22:46 - spektroskopi - WARNING - RealTimePanel: IR_940nm raw data uzunluk uyumsuzluğu (timestamps: 1014, data: 252)
2026-02-26 00:22:46 - spektroskopi - WARNING - RealTimePanel: IR_940nm calibrated data uzunluk uyumsuzluğu (timestamps: 1014, data: 252)
2026-02-26 00:22:47 - spektroskopi - WARNING - RealTimePanel: UV_360nm raw data uzunluk uyumsuzluğu (timestamps: 1014, data: 254)
2026-02-26 00:22:47 - spektroskopi - WARNING - RealTimePanel: UV_360nm calibrated data uzunluk uyumsuzluğu (timestamps: 1014, data: 254)
2026-02-26 00:22:47 - spektroskopi - WARNING - RealTimePanel: Blue_450nm raw data uzunluk uyumsuzluğu (timestamps: 1014, data: 254)
2026-02-26 00:22:47 - spektroskopi - WARNING - RealTimePanel: Blue_450nm calibrated data uzunluk uyumsuzluğu (timestamps: 1014, data: 254)
2026-02-26 00:22:47 - spektroskopi - WARNING - RealTimePanel: IR_850nm raw data uzunluk uyumsuzluğu (timestamps: 1014, data: 254)
2026-02-26 00:22:47 - spektroskopi - WARNING - RealTimePanel: IR_850nm calibrated data uzunluk uyumsuzluğu (timestamps: 1014, data: 254)
2026-02-26 00:22:47 - spektroskopi - WARNING - RealTimePanel: IR_940nm raw data uzunluk uyumsuzluğu (timestamps: 1014, data: 252)
2026-02-26 00:22:47 - spektroskopi - WARNING - RealTimePanel: IR_940nm calibrated data uzunluk uyumsuzluğu (timestamps: 1014, data: 252)
2026-02-26 00:22:48 - spektroskopi - WARNING - RealTimePanel: UV_360nm raw data uzunluk uyumsuzluğu (timestamps: 1014, data: 254)
2026-02-26 00:22:48 - spektroskopi - WARNING - RealTimePanel: UV_360nm calibrated data uzunluk uyumsuzluğu (timestamps: 1014, data: 254)
2026-02-26 00:22:48 - spektroskopi - WARNING - RealTimePanel: Blue_450nm raw data uzunluk uyumsuzluğu (timestamps: 1014, data: 254)
2026-02-26 00:22:48 - spektroskopi - WARNING - RealTimePanel: Blue_450nm calibrated data uzunluk uyumsuzluğu (timestamps: 1014, data: 254)
2026-02-26 00:22:48 - spektroskopi - WARNING - RealTimePanel: IR_850nm raw data uzunluk uyumsuzluğu (timestamps: 1014, data: 254)
2026-02-26 00:22:48 - spektroskopi - WARNING - RealTimePanel: IR_850nm calibrated data uzunluk uyumsuzluğu (timestamps: 1014, data: 254)
2026-02-26 00:22:48 - spektroskopi - WARNING - RealTimePanel: IR_940nm raw data uzunluk uyumsuzluğu (timestamps: 1014, data: 252)
2026-02-26 00:22:48 - spektroskopi - WARNING - RealTimePanel: IR_940nm calibrated data uzunluk uyumsuzluğu (timestamps: 1014, data: 252)
2026-02-26 00:22:49 - spektroskopi - WARNING - RealTimePanel: UV_360nm raw data uzunluk uyumsuzluğu (timestamps: 1014, data: 254)
2026-02-26 00:22:49 - spektroskopi - WARNING - RealTimePanel: UV_360nm calibrated data uzunluk uyumsuzluğu (timestamps: 1014, data: 254)
2026-02-26 00:22:49 - spektroskopi - WARNING - RealTimePanel: Blue_450nm raw data uzunluk uyumsuzluğu (timestamps: 1014, data: 254)
2026-02-26 00:22:49 - spektroskopi - WARNING - RealTimePanel: Blue_450nm calibrated data uzunluk uyumsuzluğu (timestamps: 1014, data: 254)
2026-02-26 00:22:49 - spektroskopi - WARNING - RealTimePanel: IR_850nm raw data uzunluk uyumsuzluğu (timestamps: 1014, data: 254)
2026-02-26 00:22:49 - spektroskopi - WARNING - RealTimePanel: IR_850nm calibrated data uzunluk uyumsuzluğu (timestamps: 1014, data: 254)
2026-02-26 00:22:49 - spektroskopi - WARNING - RealTimePanel: IR_940nm raw data uzunluk uyumsuzluğu (timestamps: 1014, data: 252)
2026-02-26 00:22:49 - spektroskopi - WARNING - RealTimePanel: IR_940nm calibrated data uzunluk uyumsuzluğu (timestamps: 1014, data: 252)
2026-02-26 00:22:50 - spektroskopi - WARNING - RealTimePanel: UV_360nm raw data uzunluk uyumsuzluğu (timestamps: 1014, data: 254)
2026-02-26 00:22:50 - spektroskopi - WARNING - RealTimePanel: UV_360nm calibrated data uzunluk uyumsuzluğu (timestamps: 1014, data: 254)
2026-02-26 00:22:50 - spektroskopi - WARNING - RealTimePanel: Blue_450nm raw data uzunluk uyumsuzluğu (timestamps: 1014, data: 254)
2026-02-26 00:22:50 - spektroskopi - WARNING - RealTimePanel: Blue_450nm calibrated data uzunluk uyumsuzluğu (timestamps: 1014, data: 254)
2026-02-26 00:22:50 - spektroskopi - WARNING - RealTimePanel: IR_850nm raw data uzunluk uyumsuzluğu (timestamps: 1014, data: 254)
2026-02-26 00:22:50 - spektroskopi - WARNING - RealTimePanel: IR_850nm calibrated data uzunluk uyumsuzluğu (timestamps: 1014, data: 254)
2026-02-26 00:22:50 - spektroskopi - WARNING - RealTimePanel: IR_940nm raw data uzunluk uyumsuzluğu (timestamps: 1014, data: 252)
2026-02-26 00:22:50 - spektroskopi - WARNING - RealTimePanel: IR_940nm calibrated data uzunluk uyumsuzluğu (timestamps: 1014, data: 252)
2026-02-26 00:22:51 - spektroskopi - WARNING - RealTimePanel: UV_360nm raw data uzunluk uyumsuzluğu (timestamps: 1014, data: 254)
2026-02-26 00:22:51 - spektroskopi - WARNING - RealTimePanel: UV_360nm calibrated data uzunluk uyumsuzluğu (timestamps: 1014, data: 254)
2026-02-26 00:22:51 - spektroskopi - WARNING - RealTimePanel: Blue_450nm raw data uzunluk uyumsuzluğu (timestamps: 1014, data: 254)
2026-02-26 00:22:51 - spektroskopi - WARNING - RealTimePanel: Blue_450nm calibrated data uzunluk uyumsuzluğu (timestamps: 1014, data: 254)
2026-02-26 00:22:51 - spektroskopi - WARNING - RealTimePanel: IR_850nm raw data uzunluk uyumsuzluğu (timestamps: 1014, data: 254)
2026-02-26 00:22:51 - spektroskopi - WARNING - RealTimePanel: IR_850nm calibrated data uzunluk uyumsuzluğu (timestamps: 1014, data: 254)
2026-02-26 00:22:51 - spektroskopi - WARNING - RealTimePanel: IR_940nm raw data uzunluk uyumsuzluğu (timestamps: 1014, data: 252)
2026-02-26 00:22:51 - spektroskopi - WARNING - RealTimePanel: IR_940nm calibrated data uzunluk uyumsuzluğu (timestamps: 1014, data: 252)
2026-02-26 00:22:52 - spektroskopi - WARNING - RealTimePanel: UV_360nm raw data uzunluk uyumsuzluğu (timestamps: 1014, data: 254)
2026-02-26 00:22:52 - spektroskopi - WARNING - RealTimePanel: UV_360nm calibrated data uzunluk uyumsuzluğu (timestamps: 1014, data: 254)
2026-02-26 00:22:52 - spektroskopi - WARNING - RealTimePanel: Blue_450nm raw data uzunluk uyumsuzluğu (timestamps: 1014, data: 254)
2026-02-26 00:22:52 - spektroskopi - WARNING - RealTimePanel: Blue_450nm calibrated data uzunluk uyumsuzluğu (timestamps: 1014, data: 254)
2026-02-26 00:22:52 - spektroskopi - WARNING - RealTimePanel: IR_850nm raw data uzunluk uyumsuzluğu (timestamps: 1014, data: 254)
2026-02-26 00:22:52 - spektroskopi - WARNING - RealTimePanel: IR_850nm calibrated data uzunluk uyumsuzluğu (timestamps: 1014, data: 254)
2026-02-26 00:22:52 - spektroskopi - WARNING - RealTimePanel: IR_940nm raw data uzunluk uyumsuzluğu (timestamps: 1014, data: 252)
2026-02-26 00:22:52 - spektroskopi - WARNING - RealTimePanel: IR_940nm calibrated data uzunluk uyumsuzluğu (timestamps: 1014, data: 252)
2026-02-26 00:22:53 - spektroskopi - WARNING - RealTimePanel: UV_360nm raw data uzunluk uyumsuzluğu (timestamps: 1014, data: 254)
2026-02-26 00:22:53 - spektroskopi - WARNING - RealTimePanel: UV_360nm calibrated data uzunluk uyumsuzluğu (timestamps: 1014, data: 254)
2026-02-26 00:22:53 - spektroskopi - WARNING - RealTimePanel: Blue_450nm raw data uzunluk uyumsuzluğu (timestamps: 1014, data: 254)
2026-02-26 00:22:53 - spektroskopi - WARNING - RealTimePanel: Blue_450nm calibrated data uzunluk uyumsuzluğu (timestamps: 1014, data: 254)
2026-02-26 00:22:53 - spektroskopi - WARNING - RealTimePanel: IR_850nm raw data uzunluk uyumsuzluğu (timestamps: 1014, data: 254)
2026-02-26 00:22:53 - spektroskopi - WARNING - RealTimePanel: IR_850nm calibrated data uzunluk uyumsuzluğu (timestamps: 1014, data: 254)
2026-02-26 00:22:53 - spektroskopi - WARNING - RealTimePanel: IR_940nm raw data uzunluk uyumsuzluğu (timestamps: 1014, data: 252)
2026-02-26 00:22:53 - spektroskopi - WARNING - RealTimePanel: IR_940nm calibrated data uzunluk uyumsuzluğu (timestamps: 1014, data: 252)
2026-02-26 00:22:54 - spektroskopi - WARNING - RealTimePanel: UV_360nm raw data uzunluk uyumsuzluğu (timestamps: 1014, data: 254)
2026-02-26 00:22:54 - spektroskopi - WARNING - RealTimePanel: UV_360nm calibrated data uzunluk uyumsuzluğu (timestamps: 1014, data: 254)
2026-02-26 00:22:54 - spektroskopi - WARNING - RealTimePanel: Blue_450nm raw data uzunluk uyumsuzluğu (timestamps: 1014, data: 254)
2026-02-26 00:22:54 - spektroskopi - WARNING - RealTimePanel: Blue_450nm calibrated data uzunluk uyumsuzluğu (timestamps: 1014, data: 254)
2026-02-26 00:22:54 - spektroskopi - WARNING - RealTimePanel: IR_850nm raw data uzunluk uyumsuzluğu (timestamps: 1014, data: 254)
2026-02-26 00:22:54 - spektroskopi - WARNING - RealTimePanel: IR_850nm calibrated data uzunluk uyumsuzluğu (timestamps: 1014, data: 254)
2026-02-26 00:22:54 - spektroskopi - WARNING - RealTimePanel: IR_940nm raw data uzunluk uyumsuzluğu (timestamps: 1014, data: 252)
2026-02-26 00:22:54 - spektroskopi - WARNING - RealTimePanel: IR_940nm calibrated data uzunluk uyumsuzluğu (timestamps: 1014, data: 252)
2026-02-26 00:22:55 - spektroskopi - WARNING - RealTimePanel: UV_360nm raw data uzunluk uyumsuzluğu (timestamps: 1014, data: 254)
2026-02-26 00:22:55 - spektroskopi - WARNING - RealTimePanel: UV_360nm calibrated data uzunluk uyumsuzluğu (timestamps: 1014, data: 254)
2026-02-26 00:22:55 - spektroskopi - WARNING - RealTimePanel: Blue_450nm raw data uzunluk uyumsuzluğu (timestamps: 1014, data: 254)
2026-02-26 00:22:55 - spektroskopi - WARNING - RealTimePanel: Blue_450nm calibrated data uzunluk uyumsuzluğu (timestamps: 1014, data: 254)
2026-02-26 00:22:55 - spektroskopi - WARNING - RealTimePanel: IR_850nm raw data uzunluk uyumsuzluğu (timestamps: 1014, data: 254)
2026-02-26 00:22:55 - spektroskopi - WARNING - RealTimePanel: IR_850nm calibrated data uzunluk uyumsuzluğu (timestamps: 1014, data: 254)
2026-02-26 00:22:55 - spektroskopi - WARNING - RealTimePanel: IR_940nm raw data uzunluk uyumsuzluğu (timestamps: 1014, data: 252)
2026-02-26 00:22:55 - spektroskopi - WARNING - RealTimePanel: IR_940nm calibrated data uzunluk uyumsuzluğu (timestamps: 1014, data: 252)
2026-02-26 00:22:56 - spektroskopi - WARNING - RealTimePanel: UV_360nm raw data uzunluk uyumsuzluğu (timestamps: 1014, data: 254)
2026-02-26 00:22:56 - spektroskopi - WARNING - RealTimePanel: UV_360nm calibrated data uzunluk uyumsuzluğu (timestamps: 1014, data: 254)
2026-02-26 00:22:56 - spektroskopi - WARNING - RealTimePanel: Blue_450nm raw data uzunluk uyumsuzluğu (timestamps: 1014, data: 254)
2026-02-26 00:22:56 - spektroskopi - WARNING - RealTimePanel: Blue_450nm calibrated data uzunluk uyumsuzluğu (timestamps: 1014, data: 254)
2026-02-26 00:22:56 - spektroskopi - WARNING - RealTimePanel: IR_850nm raw data uzunluk uyumsuzluğu (timestamps: 1014, data: 254)
2026-02-26 00:22:56 - spektroskopi - WARNING - RealTimePanel: IR_850nm calibrated data uzunluk uyumsuzluğu (timestamps: 1014, data: 254)
2026-02-26 00:22:56 - spektroskopi - WARNING - RealTimePanel: IR_940nm raw data uzunluk uyumsuzluğu (timestamps: 1014, data: 252)
2026-02-26 00:22:56 - spektroskopi - WARNING - RealTimePanel: IR_940nm calibrated data uzunluk uyumsuzluğu (timestamps: 1014, data: 252)
