2026-05-02 23:25:58 - spektroskopi - INFO - Spektroskopi uygulaması başlatılıyor...
2026-05-02 23:25:58 - spektroskopi - INFO - Export için 1 formül yüklendi
2026-05-02 23:25:58 - spektroskopi - INFO - Uygulama ayarları yüklendi
2026-05-02 23:25:58 - spektroskopi - INFO - 1 formül içe aktarıldı
2026-05-02 23:25:58 - spektroskopi - INFO - Uygulama başlangıcında formüller yüklendi: 1
2026-05-02 23:25:58 - spektroskopi - WARNING - Error loading record Record_20251022_185402.json: Expecting value: line 515 column 9 (char 10867)
2026-05-02 23:25:58 - spektroskopi - INFO - Tema uygulandı: light (sistem: dark)
2026-05-02 23:25:58 - spektroskopi - INFO - Sensör bilgileri güncellendi
2026-05-02 23:25:58 - spektroskopi - INFO - Otomatik bağlantı başlatılıyor...
2026-05-02 23:25:58 - spektroskopi - INFO - Ana GUI başlatıldı
2026-05-02 23:25:59 - spektroskopi - INFO - BLE tarama başlatılıyor (timeout: 10.0s)
2026-05-02 23:26:09 - spektroskopi - INFO - Hedef cihaz bulundu: sensor-3 (7CDE3AD7-9E89-0DF9-28E4-1D56CA03E138)
2026-05-02 23:26:09 - spektroskopi - INFO - Tarama tamamlandı: 1 cihaz bulundu
2026-05-02 23:26:09 - spektroskopi - INFO - sensor-3 cihazına bağlanılıyor...
2026-05-02 23:26:09 - spektroskopi - INFO - BLE bağlantısı kuruluyor: sensor-3 (7CDE3AD7-9E89-0DF9-28E4-1D56CA03E138)
2026-05-02 23:26:09 - spektroskopi - INFO - Bağlantı kuruldu: sensor-3
2026-05-02 23:26:09 - spektroskopi - INFO - LED kontrolleri aktifleştirildi
2026-05-02 23:26:09 - spektroskopi - INFO - Tarama tamamlandı: 1 cihaz bulundu
2026-05-02 23:26:11 - spektroskopi - INFO - CONNECTION SUCCESS: sensor-3 - CONNECTED
2026-05-02 23:26:17 - spektroskopi - INFO - LED AÇMA komutu queue'ya eklendi
2026-05-02 23:26:17 - spektroskopi - INFO - Tüm LED'ler açıldı
2026-05-02 23:26:17 - spektroskopi - INFO - LED kontrol komutu gönderildi: TÜM LED'LER AÇILDI
2026-05-02 23:26:18 - spektroskopi - INFO - Veri buffer'ları temizlendi
2026-05-02 23:26:18 - spektroskopi - INFO - Sistem başlatıldı - veri işleme aktif
2026-05-02 23:26:18 - spektroskopi - INFO - Live mod aktifleştirildi
2026-05-02 23:26:18 - spektroskopi - INFO - Sistem başlatıldı - Custom data hesaplamaları otomatik başlatıldı
2026-05-02 23:26:18 - spektroskopi - INFO - START komutu gönderildi: l_d=4, a_d=3, r_d=250, LEDs=0b1111
2026-05-02 23:26:18 - spektroskopi - INFO - SYSTEM EVENT: SYSTEM_STARTED - l_d=4, a_d=3, r_d=250
2026-05-02 23:26:18 - spektroskopi - INFO - LED kontrol komutu gönderildi: LED durumları: L1=False, L3=False, L4=True, L6=False
2026-05-02 23:26:18 - spektroskopi - INFO - Raspberry Pi'dan veri alındı: 6e400002-b5a3-f393-e0a9-e50e24dcca9e (Handle: 19): Nordic UART RX, uzunluk: 2
2026-05-02 23:26:18 - spektroskopi - INFO - Raspberry Pi verisi: Ham=2633, Voltaj=2633.000V
2026-05-02 23:26:18 - spektroskopi - INFO - Raspberry Pi verisi işlendi: SENSOR_2 = 2633.000V
2026-05-02 23:26:18 - spektroskopi - INFO - Raspberry Pi'dan veri alındı: 6e400005-b5a3-f393-e0a9-e50e24dcca9e (Handle: 16): Unknown, uzunluk: 2
2026-05-02 23:26:18 - spektroskopi - INFO - Raspberry Pi verisi: Ham=965, Voltaj=965.000V
2026-05-02 23:26:18 - spektroskopi - INFO - Raspberry Pi verisi işlendi: SENSOR_EXTRA = 965.000V
2026-05-02 23:26:19 - spektroskopi - INFO - Raspberry Pi'dan veri alındı: 6e400004-b5a3-f393-e0a9-e50e24dcca9e (Handle: 11): Unknown, uzunluk: 2
2026-05-02 23:26:19 - spektroskopi - INFO - Raspberry Pi verisi: Ham=354, Voltaj=354.000V
2026-05-02 23:26:19 - spektroskopi - INFO - Raspberry Pi verisi işlendi: SENSOR_7 = 354.000V
2026-05-02 23:26:19 - spektroskopi - INFO - Raspberry Pi'dan veri alındı: 6e400003-b5a3-f393-e0a9-e50e24dcca9e (Handle: 8): Nordic UART TX, uzunluk: 2
2026-05-02 23:26:19 - spektroskopi - INFO - Raspberry Pi verisi: Ham=536, Voltaj=536.000V
2026-05-02 23:26:19 - spektroskopi - INFO - Raspberry Pi verisi işlendi: SENSOR_5 = 536.000V
2026-05-02 23:26:19 - spektroskopi - INFO - Raspberry Pi'dan veri alındı: 6e400002-b5a3-f393-e0a9-e50e24dcca9e (Handle: 19): Nordic UART RX, uzunluk: 2
2026-05-02 23:26:19 - spektroskopi - INFO - Raspberry Pi verisi: Ham=2656, Voltaj=2656.000V
2026-05-02 23:26:19 - spektroskopi - INFO - Raspberry Pi verisi işlendi: SENSOR_2 = 2656.000V
2026-05-02 23:26:19 - spektroskopi - WARNING - Zaman sıralama düzeltildi (averaged): 2026-05-02 23:26:19.399327
2026-05-02 23:26:19 - spektroskopi - WARNING - Zaman sıralama düzeltildi (averaged): 2026-05-02 23:26:19.400327
2026-05-02 23:26:19 - spektroskopi - WARNING - Zaman sıralama düzeltildi (averaged): 2026-05-02 23:26:19.401327
2026-05-02 23:26:19 - spektroskopi - WARNING - Zaman sıralama düzeltildi (averaged): 2026-05-02 23:26:19.402327
2026-05-02 23:26:19 - spektroskopi - WARNING - Zaman sıralama düzeltildi (averaged): 2026-05-02 23:26:19.403327
2026-05-02 23:26:19 - spektroskopi - WARNING - RealTimePanel: UV_360nm raw data uzunluk uyumsuzluğu (timestamps: 10, data: 4)
2026-05-02 23:26:19 - spektroskopi - WARNING - RealTimePanel: UV_360nm calibrated data uzunluk uyumsuzluğu (timestamps: 10, data: 4)
2026-05-02 23:26:19 - spektroskopi - WARNING - RealTimePanel: Blue_450nm raw data uzunluk uyumsuzluğu (timestamps: 10, data: 2)
2026-05-02 23:26:19 - spektroskopi - WARNING - RealTimePanel: Blue_450nm calibrated data uzunluk uyumsuzluğu (timestamps: 10, data: 2)
2026-05-02 23:26:19 - spektroskopi - WARNING - RealTimePanel: IR_850nm raw data uzunluk uyumsuzluğu (timestamps: 10, data: 2)
2026-05-02 23:26:19 - spektroskopi - WARNING - RealTimePanel: IR_850nm calibrated data uzunluk uyumsuzluğu (timestamps: 10, data: 2)
2026-05-02 23:26:19 - spektroskopi - WARNING - RealTimePanel: IR_940nm raw data uzunluk uyumsuzluğu (timestamps: 10, data: 2)
2026-05-02 23:26:19 - spektroskopi - WARNING - RealTimePanel: IR_940nm calibrated data uzunluk uyumsuzluğu (timestamps: 10, data: 2)
2026-05-02 23:26:19 - spektroskopi - INFO - Raspberry Pi'dan veri alındı: 6e400005-b5a3-f393-e0a9-e50e24dcca9e (Handle: 16): Unknown, uzunluk: 2
2026-05-02 23:26:19 - spektroskopi - INFO - Raspberry Pi verisi: Ham=959, Voltaj=959.000V
2026-05-02 23:26:19 - spektroskopi - INFO - Raspberry Pi verisi işlendi: SENSOR_EXTRA = 959.000V
2026-05-02 23:26:19 - spektroskopi - INFO - Raspberry Pi'dan veri alındı: 6e400004-b5a3-f393-e0a9-e50e24dcca9e (Handle: 11): Unknown, uzunluk: 2
2026-05-02 23:26:19 - spektroskopi - INFO - Raspberry Pi verisi: Ham=356, Voltaj=356.000V
2026-05-02 23:26:19 - spektroskopi - INFO - Raspberry Pi verisi işlendi: SENSOR_7 = 356.000V
2026-05-02 23:26:20 - spektroskopi - INFO - Raspberry Pi'dan veri alındı: 6e400003-b5a3-f393-e0a9-e50e24dcca9e (Handle: 8): Nordic UART TX, uzunluk: 2
2026-05-02 23:26:20 - spektroskopi - INFO - Raspberry Pi verisi: Ham=527, Voltaj=527.000V
2026-05-02 23:26:20 - spektroskopi - INFO - Raspberry Pi verisi işlendi: SENSOR_5 = 527.000V
2026-05-02 23:26:20 - spektroskopi - INFO - Raspberry Pi'dan veri alındı: 6e400002-b5a3-f393-e0a9-e50e24dcca9e (Handle: 19): Nordic UART RX, uzunluk: 2
2026-05-02 23:26:20 - spektroskopi - INFO - Raspberry Pi verisi: Ham=2388, Voltaj=2388.000V
2026-05-02 23:26:20 - spektroskopi - INFO - Raspberry Pi verisi işlendi: SENSOR_2 = 2388.000V
2026-05-02 23:26:20 - spektroskopi - INFO - Raspberry Pi'dan veri alındı: 6e400005-b5a3-f393-e0a9-e50e24dcca9e (Handle: 16): Unknown, uzunluk: 2
2026-05-02 23:26:20 - spektroskopi - INFO - Raspberry Pi verisi: Ham=697, Voltaj=697.000V
2026-05-02 23:26:20 - spektroskopi - INFO - Raspberry Pi verisi işlendi: SENSOR_EXTRA = 697.000V
2026-05-02 23:26:20 - spektroskopi - WARNING - Zaman sıralama düzeltildi (averaged): 2026-05-02 23:26:20.538938
2026-05-02 23:26:20 - spektroskopi - WARNING - Zaman sıralama düzeltildi (averaged): 2026-05-02 23:26:20.539938
2026-05-02 23:26:20 - spektroskopi - WARNING - Zaman sıralama düzeltildi (averaged): 2026-05-02 23:26:20.540938
2026-05-02 23:26:20 - spektroskopi - WARNING - Zaman sıralama düzeltildi (averaged): 2026-05-02 23:26:20.541938
2026-05-02 23:26:20 - spektroskopi - WARNING - Zaman sıralama düzeltildi (averaged): 2026-05-02 23:26:20.542938
2026-05-02 23:26:20 - spektroskopi - WARNING - RealTimePanel: UV_360nm raw data uzunluk uyumsuzluğu (timestamps: 20, data: 6)
2026-05-02 23:26:20 - spektroskopi - WARNING - RealTimePanel: UV_360nm calibrated data uzunluk uyumsuzluğu (timestamps: 20, data: 6)
2026-05-02 23:26:20 - spektroskopi - WARNING - RealTimePanel: Blue_450nm raw data uzunluk uyumsuzluğu (timestamps: 20, data: 6)
2026-05-02 23:26:20 - spektroskopi - WARNING - RealTimePanel: Blue_450nm calibrated data uzunluk uyumsuzluğu (timestamps: 20, data: 6)
2026-05-02 23:26:20 - spektroskopi - WARNING - RealTimePanel: IR_850nm raw data uzunluk uyumsuzluğu (timestamps: 20, data: 4)
2026-05-02 23:26:20 - spektroskopi - WARNING - RealTimePanel: IR_850nm calibrated data uzunluk uyumsuzluğu (timestamps: 20, data: 4)
2026-05-02 23:26:20 - spektroskopi - WARNING - RealTimePanel: IR_940nm raw data uzunluk uyumsuzluğu (timestamps: 20, data: 4)
2026-05-02 23:26:20 - spektroskopi - WARNING - RealTimePanel: IR_940nm calibrated data uzunluk uyumsuzluğu (timestamps: 20, data: 4)
2026-05-02 23:26:20 - spektroskopi - INFO - Raspberry Pi'dan veri alındı: 6e400004-b5a3-f393-e0a9-e50e24dcca9e (Handle: 11): Unknown, uzunluk: 2
2026-05-02 23:26:20 - spektroskopi - INFO - Raspberry Pi verisi: Ham=341, Voltaj=341.000V
2026-05-02 23:26:20 - spektroskopi - INFO - Raspberry Pi verisi işlendi: SENSOR_7 = 341.000V
2026-05-02 23:26:21 - spektroskopi - INFO - Raspberry Pi'dan veri alındı: 6e400003-b5a3-f393-e0a9-e50e24dcca9e (Handle: 8): Nordic UART TX, uzunluk: 2
2026-05-02 23:26:21 - spektroskopi - INFO - Raspberry Pi verisi: Ham=464, Voltaj=464.000V
2026-05-02 23:26:21 - spektroskopi - INFO - Raspberry Pi verisi işlendi: SENSOR_5 = 464.000V
2026-05-02 23:26:21 - spektroskopi - INFO - Raspberry Pi'dan veri alındı: 6e400002-b5a3-f393-e0a9-e50e24dcca9e (Handle: 19): Nordic UART RX, uzunluk: 2
2026-05-02 23:26:21 - spektroskopi - INFO - Raspberry Pi verisi: Ham=2517, Voltaj=2517.000V
2026-05-02 23:26:21 - spektroskopi - INFO - Raspberry Pi verisi işlendi: SENSOR_2 = 2517.000V
2026-05-02 23:26:21 - spektroskopi - INFO - Raspberry Pi'dan veri alındı: 6e400005-b5a3-f393-e0a9-e50e24dcca9e (Handle: 16): Unknown, uzunluk: 2
2026-05-02 23:26:21 - spektroskopi - INFO - Raspberry Pi verisi: Ham=1098, Voltaj=1098.000V
2026-05-02 23:26:21 - spektroskopi - INFO - Raspberry Pi verisi işlendi: SENSOR_EXTRA = 1098.000V
2026-05-02 23:26:21 - spektroskopi - WARNING - Zaman sıralama düzeltildi (averaged): 2026-05-02 23:26:21.408983
2026-05-02 23:26:21 - spektroskopi - WARNING - Zaman sıralama düzeltildi (averaged): 2026-05-02 23:26:21.409983
2026-05-02 23:26:21 - spektroskopi - WARNING - Zaman sıralama düzeltildi (averaged): 2026-05-02 23:26:21.410983
2026-05-02 23:26:21 - spektroskopi - WARNING - Zaman sıralama düzeltildi (averaged): 2026-05-02 23:26:21.411983
2026-05-02 23:26:21 - spektroskopi - WARNING - RealTimePanel: UV_360nm raw data uzunluk uyumsuzluğu (timestamps: 28, data: 8)
2026-05-02 23:26:21 - spektroskopi - WARNING - RealTimePanel: UV_360nm calibrated data uzunluk uyumsuzluğu (timestamps: 28, data: 8)
2026-05-02 23:26:21 - spektroskopi - WARNING - RealTimePanel: Blue_450nm raw data uzunluk uyumsuzluğu (timestamps: 28, data: 8)
2026-05-02 23:26:21 - spektroskopi - WARNING - RealTimePanel: Blue_450nm calibrated data uzunluk uyumsuzluğu (timestamps: 28, data: 8)
2026-05-02 23:26:21 - spektroskopi - WARNING - RealTimePanel: IR_850nm raw data uzunluk uyumsuzluğu (timestamps: 28, data: 6)
2026-05-02 23:26:21 - spektroskopi - WARNING - RealTimePanel: IR_850nm calibrated data uzunluk uyumsuzluğu (timestamps: 28, data: 6)
2026-05-02 23:26:21 - spektroskopi - WARNING - RealTimePanel: IR_940nm raw data uzunluk uyumsuzluğu (timestamps: 28, data: 6)
2026-05-02 23:26:21 - spektroskopi - WARNING - RealTimePanel: IR_940nm calibrated data uzunluk uyumsuzluğu (timestamps: 28, data: 6)
2026-05-02 23:26:21 - spektroskopi - INFO - Raspberry Pi'dan veri alındı: 6e400004-b5a3-f393-e0a9-e50e24dcca9e (Handle: 11): Unknown, uzunluk: 2
2026-05-02 23:26:21 - spektroskopi - INFO - Raspberry Pi verisi: Ham=377, Voltaj=377.000V
2026-05-02 23:26:21 - spektroskopi - INFO - Raspberry Pi verisi işlendi: SENSOR_7 = 377.000V
2026-05-02 23:26:21 - spektroskopi - INFO - Raspberry Pi'dan veri alındı: 6e400003-b5a3-f393-e0a9-e50e24dcca9e (Handle: 8): Nordic UART TX, uzunluk: 2
2026-05-02 23:26:21 - spektroskopi - INFO - Raspberry Pi verisi: Ham=656, Voltaj=656.000V
2026-05-02 23:26:21 - spektroskopi - INFO - Raspberry Pi verisi işlendi: SENSOR_5 = 656.000V
2026-05-02 23:26:22 - spektroskopi - INFO - Raspberry Pi'dan veri alındı: 6e400002-b5a3-f393-e0a9-e50e24dcca9e (Handle: 19): Nordic UART RX, uzunluk: 2
2026-05-02 23:26:22 - spektroskopi - INFO - Raspberry Pi verisi: Ham=2347, Voltaj=2347.000V
2026-05-02 23:26:22 - spektroskopi - INFO - Raspberry Pi verisi işlendi: SENSOR_2 = 2347.000V
2026-05-02 23:26:22 - spektroskopi - INFO - Raspberry Pi'dan veri alındı: 6e400005-b5a3-f393-e0a9-e50e24dcca9e (Handle: 16): Unknown, uzunluk: 2
2026-05-02 23:26:22 - spektroskopi - INFO - Raspberry Pi verisi: Ham=1191, Voltaj=1191.000V
2026-05-02 23:26:22 - spektroskopi - INFO - Raspberry Pi verisi işlendi: SENSOR_EXTRA = 1191.000V
2026-05-02 23:26:22 - spektroskopi - INFO - Raspberry Pi'dan veri alındı: 6e400004-b5a3-f393-e0a9-e50e24dcca9e (Handle: 11): Unknown, uzunluk: 2
2026-05-02 23:26:22 - spektroskopi - INFO - Raspberry Pi verisi: Ham=342, Voltaj=342.000V
2026-05-02 23:26:22 - spektroskopi - INFO - Raspberry Pi verisi işlendi: SENSOR_7 = 342.000V
2026-05-02 23:26:22 - spektroskopi - WARNING - Zaman sıralama düzeltildi (averaged): 2026-05-02 23:26:22.548903
2026-05-02 23:26:22 - spektroskopi - WARNING - Zaman sıralama düzeltildi (averaged): 2026-05-02 23:26:22.549903
2026-05-02 23:26:22 - spektroskopi - WARNING - Zaman sıralama düzeltildi (averaged): 2026-05-02 23:26:22.550903
2026-05-02 23:26:22 - spektroskopi - WARNING - Zaman sıralama düzeltildi (averaged): 2026-05-02 23:26:22.551903
2026-05-02 23:26:22 - spektroskopi - WARNING - Zaman sıralama düzeltildi (averaged): 2026-05-02 23:26:22.552903
2026-05-02 23:26:22 - spektroskopi - WARNING - RealTimePanel: UV_360nm raw data uzunluk uyumsuzluğu (timestamps: 38, data: 10)
2026-05-02 23:26:22 - spektroskopi - WARNING - RealTimePanel: UV_360nm calibrated data uzunluk uyumsuzluğu (timestamps: 38, data: 10)
2026-05-02 23:26:22 - spektroskopi - WARNING - RealTimePanel: Blue_450nm raw data uzunluk uyumsuzluğu (timestamps: 38, data: 10)
2026-05-02 23:26:22 - spektroskopi - WARNING - RealTimePanel: Blue_450nm calibrated data uzunluk uyumsuzluğu (timestamps: 38, data: 10)
2026-05-02 23:26:22 - spektroskopi - WARNING - RealTimePanel: IR_850nm raw data uzunluk uyumsuzluğu (timestamps: 38, data: 10)
2026-05-02 23:26:22 - spektroskopi - WARNING - RealTimePanel: IR_850nm calibrated data uzunluk uyumsuzluğu (timestamps: 38, data: 10)
2026-05-02 23:26:22 - spektroskopi - WARNING - RealTimePanel: IR_940nm raw data uzunluk uyumsuzluğu (timestamps: 38, data: 8)
2026-05-02 23:26:22 - spektroskopi - WARNING - RealTimePanel: IR_940nm calibrated data uzunluk uyumsuzluğu (timestamps: 38, data: 8)
2026-05-02 23:26:22 - spektroskopi - INFO - Raspberry Pi'dan veri alındı: 6e400003-b5a3-f393-e0a9-e50e24dcca9e (Handle: 8): Nordic UART TX, uzunluk: 2
2026-05-02 23:26:22 - spektroskopi - INFO - Raspberry Pi verisi: Ham=507, Voltaj=507.000V
2026-05-02 23:26:22 - spektroskopi - INFO - Raspberry Pi verisi işlendi: SENSOR_5 = 507.000V
2026-05-02 23:26:22 - spektroskopi - INFO - Raspberry Pi'dan veri alındı: 6e400002-b5a3-f393-e0a9-e50e24dcca9e (Handle: 19): Nordic UART RX, uzunluk: 2
2026-05-02 23:26:22 - spektroskopi - INFO - Raspberry Pi verisi: Ham=2393, Voltaj=2393.000V
2026-05-02 23:26:22 - spektroskopi - INFO - Raspberry Pi verisi işlendi: SENSOR_2 = 2393.000V
2026-05-02 23:26:23 - spektroskopi - INFO - Raspberry Pi'dan veri alındı: 6e400005-b5a3-f393-e0a9-e50e24dcca9e (Handle: 16): Unknown, uzunluk: 2
2026-05-02 23:26:23 - spektroskopi - INFO - Raspberry Pi verisi: Ham=1119, Voltaj=1119.000V
2026-05-02 23:26:23 - spektroskopi - INFO - Raspberry Pi verisi işlendi: SENSOR_EXTRA = 1119.000V
2026-05-02 23:26:23 - spektroskopi - INFO - Raspberry Pi'dan veri alındı: 6e400004-b5a3-f393-e0a9-e50e24dcca9e (Handle: 11): Unknown, uzunluk: 2
2026-05-02 23:26:23 - spektroskopi - INFO - Raspberry Pi verisi: Ham=284, Voltaj=284.000V
2026-05-02 23:26:23 - spektroskopi - INFO - Raspberry Pi verisi işlendi: SENSOR_7 = 284.000V
2026-05-02 23:26:23 - spektroskopi - WARNING - Zaman sıralama düzeltildi (averaged): 2026-05-02 23:26:23.418922
2026-05-02 23:26:23 - spektroskopi - WARNING - Zaman sıralama düzeltildi (averaged): 2026-05-02 23:26:23.419922
2026-05-02 23:26:23 - spektroskopi - WARNING - Zaman sıralama düzeltildi (averaged): 2026-05-02 23:26:23.420922
2026-05-02 23:26:23 - spektroskopi - WARNING - Zaman sıralama düzeltildi (averaged): 2026-05-02 23:26:23.421922
2026-05-02 23:26:23 - spektroskopi - WARNING - RealTimePanel: UV_360nm raw data uzunluk uyumsuzluğu (timestamps: 46, data: 12)
2026-05-02 23:26:23 - spektroskopi - WARNING - RealTimePanel: UV_360nm calibrated data uzunluk uyumsuzluğu (timestamps: 46, data: 12)
2026-05-02 23:26:23 - spektroskopi - WARNING - RealTimePanel: Blue_450nm raw data uzunluk uyumsuzluğu (timestamps: 46, data: 12)
2026-05-02 23:26:23 - spektroskopi - WARNING - RealTimePanel: Blue_450nm calibrated data uzunluk uyumsuzluğu (timestamps: 46, data: 12)
2026-05-02 23:26:23 - spektroskopi - WARNING - RealTimePanel: IR_850nm raw data uzunluk uyumsuzluğu (timestamps: 46, data: 12)
2026-05-02 23:26:23 - spektroskopi - WARNING - RealTimePanel: IR_850nm calibrated data uzunluk uyumsuzluğu (timestamps: 46, data: 12)
2026-05-02 23:26:23 - spektroskopi - WARNING - RealTimePanel: IR_940nm raw data uzunluk uyumsuzluğu (timestamps: 46, data: 10)
2026-05-02 23:26:23 - spektroskopi - WARNING - RealTimePanel: IR_940nm calibrated data uzunluk uyumsuzluğu (timestamps: 46, data: 10)
2026-05-02 23:26:23 - spektroskopi - INFO - Raspberry Pi'dan veri alındı: 6e400003-b5a3-f393-e0a9-e50e24dcca9e (Handle: 8): Nordic UART TX, uzunluk: 2
2026-05-02 23:26:23 - spektroskopi - INFO - Raspberry Pi verisi: Ham=452, Voltaj=452.000V
2026-05-02 23:26:23 - spektroskopi - INFO - Raspberry Pi verisi işlendi: SENSOR_5 = 452.000V
2026-05-02 23:26:23 - spektroskopi - INFO - Raspberry Pi'dan veri alındı: 6e400002-b5a3-f393-e0a9-e50e24dcca9e (Handle: 19): Nordic UART RX, uzunluk: 2
2026-05-02 23:26:23 - spektroskopi - INFO - Raspberry Pi verisi: Ham=2465, Voltaj=2465.000V
2026-05-02 23:26:23 - spektroskopi - INFO - Raspberry Pi verisi işlendi: SENSOR_2 = 2465.000V
2026-05-02 23:26:24 - spektroskopi - INFO - Raspberry Pi'dan veri alındı: 6e400005-b5a3-f393-e0a9-e50e24dcca9e (Handle: 16): Unknown, uzunluk: 2
2026-05-02 23:26:24 - spektroskopi - INFO - Raspberry Pi verisi: Ham=1040, Voltaj=1040.000V
2026-05-02 23:26:24 - spektroskopi - INFO - Raspberry Pi verisi işlendi: SENSOR_EXTRA = 1040.000V
2026-05-02 23:26:24 - spektroskopi - INFO - Raspberry Pi'dan veri alındı: 6e400004-b5a3-f393-e0a9-e50e24dcca9e (Handle: 11): Unknown, uzunluk: 2
2026-05-02 23:26:24 - spektroskopi - INFO - Raspberry Pi verisi: Ham=318, Voltaj=318.000V
2026-05-02 23:26:24 - spektroskopi - INFO - Raspberry Pi verisi işlendi: SENSOR_7 = 318.000V
2026-05-02 23:26:24 - spektroskopi - INFO - Raspberry Pi'dan veri alındı: 6e400003-b5a3-f393-e0a9-e50e24dcca9e (Handle: 8): Nordic UART TX, uzunluk: 2
2026-05-02 23:26:24 - spektroskopi - INFO - Raspberry Pi verisi: Ham=571, Voltaj=571.000V
2026-05-02 23:26:24 - spektroskopi - INFO - Raspberry Pi verisi işlendi: SENSOR_5 = 571.000V
2026-05-02 23:26:24 - spektroskopi - WARNING - Zaman sıralama düzeltildi (averaged): 2026-05-02 23:26:24.558825
2026-05-02 23:26:24 - spektroskopi - WARNING - Zaman sıralama düzeltildi (averaged): 2026-05-02 23:26:24.559825
2026-05-02 23:26:24 - spektroskopi - WARNING - Zaman sıralama düzeltildi (averaged): 2026-05-02 23:26:24.560825
2026-05-02 23:26:24 - spektroskopi - WARNING - Zaman sıralama düzeltildi (averaged): 2026-05-02 23:26:24.561825
2026-05-02 23:26:24 - spektroskopi - WARNING - Zaman sıralama düzeltildi (averaged): 2026-05-02 23:26:24.562825
2026-05-02 23:26:24 - spektroskopi - WARNING - RealTimePanel: UV_360nm raw data uzunluk uyumsuzluğu (timestamps: 56, data: 14)
2026-05-02 23:26:24 - spektroskopi - WARNING - RealTimePanel: UV_360nm calibrated data uzunluk uyumsuzluğu (timestamps: 56, data: 14)
2026-05-02 23:26:24 - spektroskopi - WARNING - RealTimePanel: Blue_450nm raw data uzunluk uyumsuzluğu (timestamps: 56, data: 14)
2026-05-02 23:26:24 - spektroskopi - WARNING - RealTimePanel: Blue_450nm calibrated data uzunluk uyumsuzluğu (timestamps: 56, data: 14)
2026-05-02 23:26:24 - spektroskopi - WARNING - RealTimePanel: IR_850nm raw data uzunluk uyumsuzluğu (timestamps: 56, data: 14)
2026-05-02 23:26:24 - spektroskopi - WARNING - RealTimePanel: IR_850nm calibrated data uzunluk uyumsuzluğu (timestamps: 56, data: 14)
2026-05-02 23:26:24 - spektroskopi - WARNING - RealTimePanel: IR_940nm raw data uzunluk uyumsuzluğu (timestamps: 56, data: 14)
2026-05-02 23:26:24 - spektroskopi - WARNING - RealTimePanel: IR_940nm calibrated data uzunluk uyumsuzluğu (timestamps: 56, data: 14)
2026-05-02 23:26:24 - spektroskopi - INFO - Raspberry Pi'dan veri alındı: 6e400002-b5a3-f393-e0a9-e50e24dcca9e (Handle: 19): Nordic UART RX, uzunluk: 2
2026-05-02 23:26:24 - spektroskopi - INFO - Raspberry Pi verisi: Ham=2501, Voltaj=2501.000V
2026-05-02 23:26:24 - spektroskopi - INFO - Raspberry Pi verisi işlendi: SENSOR_2 = 2501.000V
2026-05-02 23:26:24 - spektroskopi - INFO - Raspberry Pi'dan veri alındı: 6e400005-b5a3-f393-e0a9-e50e24dcca9e (Handle: 16): Unknown, uzunluk: 2
2026-05-02 23:26:24 - spektroskopi - INFO - Raspberry Pi verisi: Ham=1184, Voltaj=1184.000V
2026-05-02 23:26:24 - spektroskopi - INFO - Raspberry Pi verisi işlendi: SENSOR_EXTRA = 1184.000V
2026-05-02 23:26:25 - spektroskopi - INFO - Raspberry Pi'dan veri alındı: 6e400004-b5a3-f393-e0a9-e50e24dcca9e (Handle: 11): Unknown, uzunluk: 2
2026-05-02 23:26:25 - spektroskopi - INFO - Raspberry Pi verisi: Ham=323, Voltaj=323.000V
2026-05-02 23:26:25 - spektroskopi - INFO - Raspberry Pi verisi işlendi: SENSOR_7 = 323.000V
2026-05-02 23:26:25 - spektroskopi - INFO - Raspberry Pi'dan veri alındı: 6e400003-b5a3-f393-e0a9-e50e24dcca9e (Handle: 8): Nordic UART TX, uzunluk: 2
2026-05-02 23:26:25 - spektroskopi - INFO - Raspberry Pi verisi: Ham=504, Voltaj=504.000V
2026-05-02 23:26:25 - spektroskopi - INFO - Raspberry Pi verisi işlendi: SENSOR_5 = 504.000V
2026-05-02 23:26:25 - spektroskopi - INFO - Raspberry Pi'dan veri alındı: 6e400002-b5a3-f393-e0a9-e50e24dcca9e (Handle: 19): Nordic UART RX, uzunluk: 2
2026-05-02 23:26:25 - spektroskopi - INFO - Raspberry Pi verisi: Ham=2534, Voltaj=2534.000V
2026-05-02 23:26:25 - spektroskopi - INFO - Raspberry Pi verisi işlendi: SENSOR_2 = 2534.000V
2026-05-02 23:26:25 - spektroskopi - WARNING - Zaman sıralama düzeltildi (averaged): 2026-05-02 23:26:25.548974
2026-05-02 23:26:25 - spektroskopi - WARNING - Zaman sıralama düzeltildi (averaged): 2026-05-02 23:26:25.549974
2026-05-02 23:26:25 - spektroskopi - WARNING - Zaman sıralama düzeltildi (averaged): 2026-05-02 23:26:25.550974
2026-05-02 23:26:25 - spektroskopi - WARNING - Zaman sıralama düzeltildi (averaged): 2026-05-02 23:26:25.551974
2026-05-02 23:26:25 - spektroskopi - WARNING - Zaman sıralama düzeltildi (averaged): 2026-05-02 23:26:25.552974
2026-05-02 23:26:25 - spektroskopi - WARNING - RealTimePanel: UV_360nm raw data uzunluk uyumsuzluğu (timestamps: 66, data: 18)
2026-05-02 23:26:25 - spektroskopi - WARNING - RealTimePanel: UV_360nm calibrated data uzunluk uyumsuzluğu (timestamps: 66, data: 18)
2026-05-02 23:26:25 - spektroskopi - WARNING - RealTimePanel: Blue_450nm raw data uzunluk uyumsuzluğu (timestamps: 66, data: 16)
2026-05-02 23:26:25 - spektroskopi - WARNING - RealTimePanel: Blue_450nm calibrated data uzunluk uyumsuzluğu (timestamps: 66, data: 16)
2026-05-02 23:26:25 - spektroskopi - WARNING - RealTimePanel: IR_850nm raw data uzunluk uyumsuzluğu (timestamps: 66, data: 16)
2026-05-02 23:26:25 - spektroskopi - WARNING - RealTimePanel: IR_850nm calibrated data uzunluk uyumsuzluğu (timestamps: 66, data: 16)
2026-05-02 23:26:25 - spektroskopi - WARNING - RealTimePanel: IR_940nm raw data uzunluk uyumsuzluğu (timestamps: 66, data: 16)
2026-05-02 23:26:25 - spektroskopi - WARNING - RealTimePanel: IR_940nm calibrated data uzunluk uyumsuzluğu (timestamps: 66, data: 16)
2026-05-02 23:26:25 - spektroskopi - INFO - Raspberry Pi'dan veri alındı: 6e400005-b5a3-f393-e0a9-e50e24dcca9e (Handle: 16): Unknown, uzunluk: 2
2026-05-02 23:26:25 - spektroskopi - INFO - Raspberry Pi verisi: Ham=997, Voltaj=997.000V
2026-05-02 23:26:25 - spektroskopi - INFO - Raspberry Pi verisi işlendi: SENSOR_EXTRA = 997.000V
2026-05-02 23:26:26 - spektroskopi - INFO - Raspberry Pi'dan veri alındı: 6e400004-b5a3-f393-e0a9-e50e24dcca9e (Handle: 11): Unknown, uzunluk: 2
2026-05-02 23:26:26 - spektroskopi - INFO - Raspberry Pi verisi: Ham=316, Voltaj=316.000V
2026-05-02 23:26:26 - spektroskopi - INFO - Raspberry Pi verisi işlendi: SENSOR_7 = 316.000V
2026-05-02 23:26:26 - spektroskopi - INFO - Raspberry Pi'dan veri alındı: 6e400003-b5a3-f393-e0a9-e50e24dcca9e (Handle: 8): Nordic UART TX, uzunluk: 2
2026-05-02 23:26:26 - spektroskopi - INFO - Raspberry Pi verisi: Ham=524, Voltaj=524.000V
2026-05-02 23:26:26 - spektroskopi - INFO - Raspberry Pi verisi işlendi: SENSOR_5 = 524.000V
2026-05-02 23:26:26 - spektroskopi - INFO - Raspberry Pi'dan veri alındı: 6e400002-b5a3-f393-e0a9-e50e24dcca9e (Handle: 19): Nordic UART RX, uzunluk: 2
2026-05-02 23:26:26 - spektroskopi - INFO - Raspberry Pi verisi: Ham=2701, Voltaj=2701.000V
2026-05-02 23:26:26 - spektroskopi - INFO - Raspberry Pi verisi işlendi: SENSOR_2 = 2701.000V
2026-05-02 23:26:26 - spektroskopi - WARNING - Zaman sıralama düzeltildi (averaged): 2026-05-02 23:26:26.449006
2026-05-02 23:26:26 - spektroskopi - WARNING - Zaman sıralama düzeltildi (averaged): 2026-05-02 23:26:26.450006
2026-05-02 23:26:26 - spektroskopi - WARNING - Zaman sıralama düzeltildi (averaged): 2026-05-02 23:26:26.451006
2026-05-02 23:26:26 - spektroskopi - WARNING - Zaman sıralama düzeltildi (averaged): 2026-05-02 23:26:26.452006
2026-05-02 23:26:26 - spektroskopi - WARNING - RealTimePanel: UV_360nm raw data uzunluk uyumsuzluğu (timestamps: 74, data: 20)
2026-05-02 23:26:26 - spektroskopi - WARNING - RealTimePanel: UV_360nm calibrated data uzunluk uyumsuzluğu (timestamps: 74, data: 20)
2026-05-02 23:26:26 - spektroskopi - WARNING - RealTimePanel: Blue_450nm raw data uzunluk uyumsuzluğu (timestamps: 74, data: 18)
2026-05-02 23:26:26 - spektroskopi - WARNING - RealTimePanel: Blue_450nm calibrated data uzunluk uyumsuzluğu (timestamps: 74, data: 18)
2026-05-02 23:26:26 - spektroskopi - WARNING - RealTimePanel: IR_850nm raw data uzunluk uyumsuzluğu (timestamps: 74, data: 18)
2026-05-02 23:26:26 - spektroskopi - WARNING - RealTimePanel: IR_850nm calibrated data uzunluk uyumsuzluğu (timestamps: 74, data: 18)
2026-05-02 23:26:26 - spektroskopi - WARNING - RealTimePanel: IR_940nm raw data uzunluk uyumsuzluğu (timestamps: 74, data: 18)
2026-05-02 23:26:26 - spektroskopi - WARNING - RealTimePanel: IR_940nm calibrated data uzunluk uyumsuzluğu (timestamps: 74, data: 18)
2026-05-02 23:26:26 - spektroskopi - INFO - Raspberry Pi'dan veri alındı: 6e400005-b5a3-f393-e0a9-e50e24dcca9e (Handle: 16): Unknown, uzunluk: 2
2026-05-02 23:26:26 - spektroskopi - INFO - Raspberry Pi verisi: Ham=812, Voltaj=812.000V
2026-05-02 23:26:26 - spektroskopi - INFO - Raspberry Pi verisi işlendi: SENSOR_EXTRA = 812.000V
2026-05-02 23:26:26 - spektroskopi - INFO - Raspberry Pi'dan veri alındı: 6e400004-b5a3-f393-e0a9-e50e24dcca9e (Handle: 11): Unknown, uzunluk: 2
2026-05-02 23:26:26 - spektroskopi - INFO - Raspberry Pi verisi: Ham=336, Voltaj=336.000V
2026-05-02 23:26:26 - spektroskopi - INFO - Raspberry Pi verisi işlendi: SENSOR_7 = 336.000V
2026-05-02 23:26:27 - spektroskopi - INFO - Raspberry Pi'dan veri alındı: 6e400003-b5a3-f393-e0a9-e50e24dcca9e (Handle: 8): Nordic UART TX, uzunluk: 2
2026-05-02 23:26:27 - spektroskopi - INFO - Raspberry Pi verisi: Ham=557, Voltaj=557.000V
2026-05-02 23:26:27 - spektroskopi - INFO - Raspberry Pi verisi işlendi: SENSOR_5 = 557.000V
2026-05-02 23:26:27 - spektroskopi - INFO - Raspberry Pi'dan veri alındı: 6e400002-b5a3-f393-e0a9-e50e24dcca9e (Handle: 19): Nordic UART RX, uzunluk: 2
2026-05-02 23:26:27 - spektroskopi - INFO - Raspberry Pi verisi: Ham=2580, Voltaj=2580.000V
2026-05-02 23:26:27 - spektroskopi - INFO - Raspberry Pi verisi işlendi: SENSOR_2 = 2580.000V
2026-05-02 23:26:27 - spektroskopi - INFO - Raspberry Pi'dan veri alındı: 6e400005-b5a3-f393-e0a9-e50e24dcca9e (Handle: 16): Unknown, uzunluk: 2
2026-05-02 23:26:27 - spektroskopi - INFO - Raspberry Pi verisi: Ham=1060, Voltaj=1060.000V
2026-05-02 23:26:27 - spektroskopi - INFO - Raspberry Pi verisi işlendi: SENSOR_EXTRA = 1060.000V
2026-05-02 23:26:27 - spektroskopi - WARNING - Zaman sıralama düzeltildi (averaged): 2026-05-02 23:26:27.588941
2026-05-02 23:26:27 - spektroskopi - WARNING - Zaman sıralama düzeltildi (averaged): 2026-05-02 23:26:27.589941
2026-05-02 23:26:27 - spektroskopi - WARNING - Zaman sıralama düzeltildi (averaged): 2026-05-02 23:26:27.590941
2026-05-02 23:26:27 - spektroskopi - WARNING - Zaman sıralama düzeltildi (averaged): 2026-05-02 23:26:27.591941
2026-05-02 23:26:27 - spektroskopi - WARNING - Zaman sıralama düzeltildi (averaged): 2026-05-02 23:26:27.592941
2026-05-02 23:26:27 - spektroskopi - WARNING - RealTimePanel: UV_360nm raw data uzunluk uyumsuzluğu (timestamps: 84, data: 22)
2026-05-02 23:26:27 - spektroskopi - WARNING - RealTimePanel: UV_360nm calibrated data uzunluk uyumsuzluğu (timestamps: 84, data: 22)
2026-05-02 23:26:27 - spektroskopi - WARNING - RealTimePanel: Blue_450nm raw data uzunluk uyumsuzluğu (timestamps: 84, data: 22)
2026-05-02 23:26:27 - spektroskopi - WARNING - RealTimePanel: Blue_450nm calibrated data uzunluk uyumsuzluğu (timestamps: 84, data: 22)
2026-05-02 23:26:27 - spektroskopi - WARNING - RealTimePanel: IR_850nm raw data uzunluk uyumsuzluğu (timestamps: 84, data: 20)
2026-05-02 23:26:27 - spektroskopi - WARNING - RealTimePanel: IR_850nm calibrated data uzunluk uyumsuzluğu (timestamps: 84, data: 20)
2026-05-02 23:26:27 - spektroskopi - WARNING - RealTimePanel: IR_940nm raw data uzunluk uyumsuzluğu (timestamps: 84, data: 20)
2026-05-02 23:26:27 - spektroskopi - WARNING - RealTimePanel: IR_940nm calibrated data uzunluk uyumsuzluğu (timestamps: 84, data: 20)
2026-05-02 23:26:27 - spektroskopi - INFO - Raspberry Pi'dan veri alındı: 6e400004-b5a3-f393-e0a9-e50e24dcca9e (Handle: 11): Unknown, uzunluk: 2
2026-05-02 23:26:27 - spektroskopi - INFO - Raspberry Pi verisi: Ham=309, Voltaj=309.000V
2026-05-02 23:26:27 - spektroskopi - INFO - Raspberry Pi verisi işlendi: SENSOR_7 = 309.000V
2026-05-02 23:26:28 - spektroskopi - INFO - Raspberry Pi'dan veri alındı: 6e400003-b5a3-f393-e0a9-e50e24dcca9e (Handle: 8): Nordic UART TX, uzunluk: 2
2026-05-02 23:26:28 - spektroskopi - INFO - Raspberry Pi verisi: Ham=514, Voltaj=514.000V
2026-05-02 23:26:28 - spektroskopi - INFO - Raspberry Pi verisi işlendi: SENSOR_5 = 514.000V
2026-05-02 23:26:28 - spektroskopi - INFO - Raspberry Pi'dan veri alındı: 6e400002-b5a3-f393-e0a9-e50e24dcca9e (Handle: 19): Nordic UART RX, uzunluk: 2
2026-05-02 23:26:28 - spektroskopi - INFO - Raspberry Pi verisi: Ham=2565, Voltaj=2565.000V
2026-05-02 23:26:28 - spektroskopi - INFO - Raspberry Pi verisi işlendi: SENSOR_2 = 2565.000V
2026-05-02 23:26:28 - spektroskopi - INFO - Raspberry Pi'dan veri alındı: 6e400005-b5a3-f393-e0a9-e50e24dcca9e (Handle: 16): Unknown, uzunluk: 2
2026-05-02 23:26:28 - spektroskopi - INFO - Raspberry Pi verisi: Ham=1060, Voltaj=1060.000V
2026-05-02 23:26:28 - spektroskopi - INFO - Raspberry Pi verisi işlendi: SENSOR_EXTRA = 1060.000V
2026-05-02 23:26:28 - spektroskopi - WARNING - Zaman sıralama düzeltildi (averaged): 2026-05-02 23:26:28.458770
2026-05-02 23:26:28 - spektroskopi - WARNING - Zaman sıralama düzeltildi (averaged): 2026-05-02 23:26:28.459770
2026-05-02 23:26:28 - spektroskopi - WARNING - Zaman sıralama düzeltildi (averaged): 2026-05-02 23:26:28.460770
2026-05-02 23:26:28 - spektroskopi - WARNING - Zaman sıralama düzeltildi (averaged): 2026-05-02 23:26:28.461770
2026-05-02 23:26:28 - spektroskopi - WARNING - RealTimePanel: UV_360nm raw data uzunluk uyumsuzluğu (timestamps: 92, data: 24)
2026-05-02 23:26:28 - spektroskopi - WARNING - RealTimePanel: UV_360nm calibrated data uzunluk uyumsuzluğu (timestamps: 92, data: 24)
2026-05-02 23:26:28 - spektroskopi - WARNING - RealTimePanel: Blue_450nm raw data uzunluk uyumsuzluğu (timestamps: 92, data: 24)
2026-05-02 23:26:28 - spektroskopi - WARNING - RealTimePanel: Blue_450nm calibrated data uzunluk uyumsuzluğu (timestamps: 92, data: 24)
2026-05-02 23:26:28 - spektroskopi - WARNING - RealTimePanel: IR_850nm raw data uzunluk uyumsuzluğu (timestamps: 92, data: 22)
2026-05-02 23:26:28 - spektroskopi - WARNING - RealTimePanel: IR_850nm calibrated data uzunluk uyumsuzluğu (timestamps: 92, data: 22)
2026-05-02 23:26:28 - spektroskopi - WARNING - RealTimePanel: IR_940nm raw data uzunluk uyumsuzluğu (timestamps: 92, data: 22)
2026-05-02 23:26:28 - spektroskopi - WARNING - RealTimePanel: IR_940nm calibrated data uzunluk uyumsuzluğu (timestamps: 92, data: 22)
2026-05-02 23:26:28 - spektroskopi - INFO - Raspberry Pi'dan veri alındı: 6e400004-b5a3-f393-e0a9-e50e24dcca9e (Handle: 11): Unknown, uzunluk: 2
2026-05-02 23:26:28 - spektroskopi - INFO - Raspberry Pi verisi: Ham=327, Voltaj=327.000V
2026-05-02 23:26:28 - spektroskopi - INFO - Raspberry Pi verisi işlendi: SENSOR_7 = 327.000V
2026-05-02 23:26:28 - spektroskopi - INFO - Raspberry Pi'dan veri alındı: 6e400003-b5a3-f393-e0a9-e50e24dcca9e (Handle: 8): Nordic UART TX, uzunluk: 2
2026-05-02 23:26:28 - spektroskopi - INFO - Raspberry Pi verisi: Ham=507, Voltaj=507.000V
2026-05-02 23:26:28 - spektroskopi - INFO - Raspberry Pi verisi işlendi: SENSOR_5 = 507.000V
2026-05-02 23:26:29 - spektroskopi - INFO - Raspberry Pi'dan veri alındı: 6e400002-b5a3-f393-e0a9-e50e24dcca9e (Handle: 19): Nordic UART RX, uzunluk: 2
2026-05-02 23:26:29 - spektroskopi - INFO - Raspberry Pi verisi: Ham=2487, Voltaj=2487.000V
2026-05-02 23:26:29 - spektroskopi - INFO - Raspberry Pi verisi işlendi: SENSOR_2 = 2487.000V
2026-05-02 23:26:29 - spektroskopi - INFO - Raspberry Pi'dan veri alındı: 6e400005-b5a3-f393-e0a9-e50e24dcca9e (Handle: 16): Unknown, uzunluk: 2
2026-05-02 23:26:29 - spektroskopi - INFO - Raspberry Pi verisi: Ham=1025, Voltaj=1025.000V
2026-05-02 23:26:29 - spektroskopi - INFO - Raspberry Pi verisi işlendi: SENSOR_EXTRA = 1025.000V
2026-05-02 23:26:29 - spektroskopi - INFO - Raspberry Pi'dan veri alındı: 6e400004-b5a3-f393-e0a9-e50e24dcca9e (Handle: 11): Unknown, uzunluk: 2
2026-05-02 23:26:29 - spektroskopi - INFO - Raspberry Pi verisi: Ham=319, Voltaj=319.000V
2026-05-02 23:26:29 - spektroskopi - INFO - Raspberry Pi verisi işlendi: SENSOR_7 = 319.000V
2026-05-02 23:26:29 - spektroskopi - WARNING - Zaman sıralama düzeltildi (averaged): 2026-05-02 23:26:29.598918
2026-05-02 23:26:29 - spektroskopi - WARNING - Zaman sıralama düzeltildi (averaged): 2026-05-02 23:26:29.599918
2026-05-02 23:26:29 - spektroskopi - WARNING - Zaman sıralama düzeltildi (averaged): 2026-05-02 23:26:29.600918
2026-05-02 23:26:29 - spektroskopi - WARNING - Zaman sıralama düzeltildi (averaged): 2026-05-02 23:26:29.601918
2026-05-02 23:26:29 - spektroskopi - WARNING - Zaman sıralama düzeltildi (averaged): 2026-05-02 23:26:29.602918
2026-05-02 23:26:29 - spektroskopi - WARNING - RealTimePanel: UV_360nm raw data uzunluk uyumsuzluğu (timestamps: 102, data: 26)
2026-05-02 23:26:29 - spektroskopi - WARNING - RealTimePanel: UV_360nm calibrated data uzunluk uyumsuzluğu (timestamps: 102, data: 26)
2026-05-02 23:26:29 - spektroskopi - WARNING - RealTimePanel: Blue_450nm raw data uzunluk uyumsuzluğu (timestamps: 102, data: 26)
2026-05-02 23:26:29 - spektroskopi - WARNING - RealTimePanel: Blue_450nm calibrated data uzunluk uyumsuzluğu (timestamps: 102, data: 26)
2026-05-02 23:26:29 - spektroskopi - WARNING - RealTimePanel: IR_850nm raw data uzunluk uyumsuzluğu (timestamps: 102, data: 26)
2026-05-02 23:26:29 - spektroskopi - WARNING - RealTimePanel: IR_850nm calibrated data uzunluk uyumsuzluğu (timestamps: 102, data: 26)
2026-05-02 23:26:29 - spektroskopi - WARNING - RealTimePanel: IR_940nm raw data uzunluk uyumsuzluğu (timestamps: 102, data: 24)
2026-05-02 23:26:29 - spektroskopi - WARNING - RealTimePanel: IR_940nm calibrated data uzunluk uyumsuzluğu (timestamps: 102, data: 24)
2026-05-02 23:26:29 - spektroskopi - INFO - Raspberry Pi'dan veri alındı: 6e400003-b5a3-f393-e0a9-e50e24dcca9e (Handle: 8): Nordic UART TX, uzunluk: 2
2026-05-02 23:26:29 - spektroskopi - INFO - Raspberry Pi verisi: Ham=529, Voltaj=529.000V
2026-05-02 23:26:29 - spektroskopi - INFO - Raspberry Pi verisi işlendi: SENSOR_5 = 529.000V
2026-05-02 23:26:29 - spektroskopi - INFO - Raspberry Pi'dan veri alındı: 6e400002-b5a3-f393-e0a9-e50e24dcca9e (Handle: 19): Nordic UART RX, uzunluk: 2
2026-05-02 23:26:29 - spektroskopi - INFO - Raspberry Pi verisi: Ham=2687, Voltaj=2687.000V
2026-05-02 23:26:29 - spektroskopi - INFO - Raspberry Pi verisi işlendi: SENSOR_2 = 2687.000V
2026-05-02 23:26:30 - spektroskopi - INFO - Raspberry Pi'dan veri alındı: 6e400005-b5a3-f393-e0a9-e50e24dcca9e (Handle: 16): Unknown, uzunluk: 2
2026-05-02 23:26:30 - spektroskopi - INFO - Raspberry Pi verisi: Ham=948, Voltaj=948.000V
2026-05-02 23:26:30 - spektroskopi - INFO - Raspberry Pi verisi işlendi: SENSOR_EXTRA = 948.000V
2026-05-02 23:26:30 - spektroskopi - INFO - Raspberry Pi'dan veri alındı: 6e400004-b5a3-f393-e0a9-e50e24dcca9e (Handle: 11): Unknown, uzunluk: 2
2026-05-02 23:26:30 - spektroskopi - INFO - Raspberry Pi verisi: Ham=326, Voltaj=326.000V
2026-05-02 23:26:30 - spektroskopi - INFO - Raspberry Pi verisi işlendi: SENSOR_7 = 326.000V
2026-05-02 23:26:30 - spektroskopi - WARNING - Zaman sıralama düzeltildi (averaged): 2026-05-02 23:26:30.470890
2026-05-02 23:26:30 - spektroskopi - WARNING - Zaman sıralama düzeltildi (averaged): 2026-05-02 23:26:30.471890
2026-05-02 23:26:30 - spektroskopi - WARNING - Zaman sıralama düzeltildi (averaged): 2026-05-02 23:26:30.472890
2026-05-02 23:26:30 - spektroskopi - WARNING - Zaman sıralama düzeltildi (averaged): 2026-05-02 23:26:30.473890
2026-05-02 23:26:30 - spektroskopi - WARNING - RealTimePanel: UV_360nm raw data uzunluk uyumsuzluğu (timestamps: 110, data: 28)
2026-05-02 23:26:30 - spektroskopi - WARNING - RealTimePanel: UV_360nm calibrated data uzunluk uyumsuzluğu (timestamps: 110, data: 28)
2026-05-02 23:26:30 - spektroskopi - WARNING - RealTimePanel: Blue_450nm raw data uzunluk uyumsuzluğu (timestamps: 110, data: 28)
2026-05-02 23:26:30 - spektroskopi - WARNING - RealTimePanel: Blue_450nm calibrated data uzunluk uyumsuzluğu (timestamps: 110, data: 28)
2026-05-02 23:26:30 - spektroskopi - WARNING - RealTimePanel: IR_850nm raw data uzunluk uyumsuzluğu (timestamps: 110, data: 28)
2026-05-02 23:26:30 - spektroskopi - WARNING - RealTimePanel: IR_850nm calibrated data uzunluk uyumsuzluğu (timestamps: 110, data: 28)
2026-05-02 23:26:30 - spektroskopi - WARNING - RealTimePanel: IR_940nm raw data uzunluk uyumsuzluğu (timestamps: 110, data: 26)
2026-05-02 23:26:30 - spektroskopi - WARNING - RealTimePanel: IR_940nm calibrated data uzunluk uyumsuzluğu (timestamps: 110, data: 26)
2026-05-02 23:26:30 - spektroskopi - INFO - Raspberry Pi'dan veri alındı: 6e400003-b5a3-f393-e0a9-e50e24dcca9e (Handle: 8): Nordic UART TX, uzunluk: 2
2026-05-02 23:26:30 - spektroskopi - INFO - Raspberry Pi verisi: Ham=534, Voltaj=534.000V
2026-05-02 23:26:30 - spektroskopi - INFO - Raspberry Pi verisi işlendi: SENSOR_5 = 534.000V
2026-05-02 23:26:30 - spektroskopi - INFO - Raspberry Pi'dan veri alındı: 6e400002-b5a3-f393-e0a9-e50e24dcca9e (Handle: 19): Nordic UART RX, uzunluk: 2
2026-05-02 23:26:30 - spektroskopi - INFO - Raspberry Pi verisi: Ham=2664, Voltaj=2664.000V
2026-05-02 23:26:30 - spektroskopi - INFO - Raspberry Pi verisi işlendi: SENSOR_2 = 2664.000V
2026-05-02 23:26:31 - spektroskopi - INFO - Raspberry Pi'dan veri alındı: 6e400005-b5a3-f393-e0a9-e50e24dcca9e (Handle: 16): Unknown, uzunluk: 2
2026-05-02 23:26:31 - spektroskopi - INFO - Raspberry Pi verisi: Ham=948, Voltaj=948.000V
2026-05-02 23:26:31 - spektroskopi - INFO - Raspberry Pi verisi işlendi: SENSOR_EXTRA = 948.000V
2026-05-02 23:26:31 - spektroskopi - INFO - Raspberry Pi'dan veri alındı: 6e400004-b5a3-f393-e0a9-e50e24dcca9e (Handle: 11): Unknown, uzunluk: 2
2026-05-02 23:26:31 - spektroskopi - INFO - Raspberry Pi verisi: Ham=337, Voltaj=337.000V
2026-05-02 23:26:31 - spektroskopi - INFO - Raspberry Pi verisi işlendi: SENSOR_7 = 337.000V
2026-05-02 23:26:31 - spektroskopi - INFO - Raspberry Pi'dan veri alındı: 6e400003-b5a3-f393-e0a9-e50e24dcca9e (Handle: 8): Nordic UART TX, uzunluk: 2
2026-05-02 23:26:31 - spektroskopi - INFO - Raspberry Pi verisi: Ham=532, Voltaj=532.000V
2026-05-02 23:26:31 - spektroskopi - INFO - Raspberry Pi verisi işlendi: SENSOR_5 = 532.000V
2026-05-02 23:26:31 - spektroskopi - WARNING - Zaman sıralama düzeltildi (averaged): 2026-05-02 23:26:31.608860
2026-05-02 23:26:31 - spektroskopi - WARNING - Zaman sıralama düzeltildi (averaged): 2026-05-02 23:26:31.609860
2026-05-02 23:26:31 - spektroskopi - WARNING - Zaman sıralama düzeltildi (averaged): 2026-05-02 23:26:31.610860
2026-05-02 23:26:31 - spektroskopi - WARNING - Zaman sıralama düzeltildi (averaged): 2026-05-02 23:26:31.611860
2026-05-02 23:26:31 - spektroskopi - WARNING - Zaman sıralama düzeltildi (averaged): 2026-05-02 23:26:31.612860
2026-05-02 23:26:31 - spektroskopi - WARNING - RealTimePanel: UV_360nm raw data uzunluk uyumsuzluğu (timestamps: 120, data: 30)
2026-05-02 23:26:31 - spektroskopi - WARNING - RealTimePanel: UV_360nm calibrated data uzunluk uyumsuzluğu (timestamps: 120, data: 30)
2026-05-02 23:26:31 - spektroskopi - WARNING - RealTimePanel: Blue_450nm raw data uzunluk uyumsuzluğu (timestamps: 120, data: 30)
2026-05-02 23:26:31 - spektroskopi - WARNING - RealTimePanel: Blue_450nm calibrated data uzunluk uyumsuzluğu (timestamps: 120, data: 30)
2026-05-02 23:26:31 - spektroskopi - WARNING - RealTimePanel: IR_850nm raw data uzunluk uyumsuzluğu (timestamps: 120, data: 30)
2026-05-02 23:26:31 - spektroskopi - WARNING - RealTimePanel: IR_850nm calibrated data uzunluk uyumsuzluğu (timestamps: 120, data: 30)
2026-05-02 23:26:31 - spektroskopi - WARNING - RealTimePanel: IR_940nm raw data uzunluk uyumsuzluğu (timestamps: 120, data: 30)
2026-05-02 23:26:31 - spektroskopi - WARNING - RealTimePanel: IR_940nm calibrated data uzunluk uyumsuzluğu (timestamps: 120, data: 30)
2026-05-02 23:26:31 - spektroskopi - INFO - Raspberry Pi'dan veri alındı: 6e400002-b5a3-f393-e0a9-e50e24dcca9e (Handle: 19): Nordic UART RX, uzunluk: 2
2026-05-02 23:26:31 - spektroskopi - INFO - Raspberry Pi verisi: Ham=2676, Voltaj=2676.000V
2026-05-02 23:26:31 - spektroskopi - INFO - Raspberry Pi verisi işlendi: SENSOR_2 = 2676.000V
2026-05-02 23:26:32 - spektroskopi - INFO - Raspberry Pi'dan veri alındı: 6e400005-b5a3-f393-e0a9-e50e24dcca9e (Handle: 16): Unknown, uzunluk: 2
2026-05-02 23:26:32 - spektroskopi - INFO - Raspberry Pi verisi: Ham=1040, Voltaj=1040.000V
2026-05-02 23:26:32 - spektroskopi - INFO - Raspberry Pi verisi işlendi: SENSOR_EXTRA = 1040.000V
2026-05-02 23:26:32 - spektroskopi - INFO - Raspberry Pi'dan veri alındı: 6e400004-b5a3-f393-e0a9-e50e24dcca9e (Handle: 11): Unknown, uzunluk: 2
2026-05-02 23:26:32 - spektroskopi - INFO - Raspberry Pi verisi: Ham=323, Voltaj=323.000V
2026-05-02 23:26:32 - spektroskopi - INFO - Raspberry Pi verisi işlendi: SENSOR_7 = 323.000V
2026-05-02 23:26:32 - spektroskopi - INFO - Raspberry Pi'dan veri alındı: 6e400003-b5a3-f393-e0a9-e50e24dcca9e (Handle: 8): Nordic UART TX, uzunluk: 2
2026-05-02 23:26:32 - spektroskopi - INFO - Raspberry Pi verisi: Ham=525, Voltaj=525.000V
2026-05-02 23:26:32 - spektroskopi - INFO - Raspberry Pi verisi işlendi: SENSOR_5 = 525.000V
2026-05-02 23:26:32 - spektroskopi - INFO - Raspberry Pi'dan veri alındı: 6e400002-b5a3-f393-e0a9-e50e24dcca9e (Handle: 19): Nordic UART RX, uzunluk: 2
2026-05-02 23:26:32 - spektroskopi - INFO - Raspberry Pi verisi: Ham=2619, Voltaj=2619.000V
2026-05-02 23:26:32 - spektroskopi - INFO - Raspberry Pi verisi işlendi: SENSOR_2 = 2619.000V
2026-05-02 23:26:32 - spektroskopi - WARNING - Zaman sıralama düzeltildi (averaged): 2026-05-02 23:26:32.598882
2026-05-02 23:26:32 - spektroskopi - WARNING - Zaman sıralama düzeltildi (averaged): 2026-05-02 23:26:32.599882
2026-05-02 23:26:32 - spektroskopi - WARNING - Zaman sıralama düzeltildi (averaged): 2026-05-02 23:26:32.600882
2026-05-02 23:26:32 - spektroskopi - WARNING - Zaman sıralama düzeltildi (averaged): 2026-05-02 23:26:32.601882
2026-05-02 23:26:32 - spektroskopi - WARNING - Zaman sıralama düzeltildi (averaged): 2026-05-02 23:26:32.602882
2026-05-02 23:26:32 - spektroskopi - WARNING - RealTimePanel: UV_360nm raw data uzunluk uyumsuzluğu (timestamps: 130, data: 34)
2026-05-02 23:26:32 - spektroskopi - WARNING - RealTimePanel: UV_360nm calibrated data uzunluk uyumsuzluğu (timestamps: 130, data: 34)
2026-05-02 23:26:32 - spektroskopi - WARNING - RealTimePanel: Blue_450nm raw data uzunluk uyumsuzluğu (timestamps: 130, data: 32)
2026-05-02 23:26:32 - spektroskopi - WARNING - RealTimePanel: Blue_450nm calibrated data uzunluk uyumsuzluğu (timestamps: 130, data: 32)
2026-05-02 23:26:32 - spektroskopi - WARNING - RealTimePanel: IR_850nm raw data uzunluk uyumsuzluğu (timestamps: 130, data: 32)
2026-05-02 23:26:32 - spektroskopi - WARNING - RealTimePanel: IR_850nm calibrated data uzunluk uyumsuzluğu (timestamps: 130, data: 32)
2026-05-02 23:26:32 - spektroskopi - WARNING - RealTimePanel: IR_940nm raw data uzunluk uyumsuzluğu (timestamps: 130, data: 32)
2026-05-02 23:26:32 - spektroskopi - WARNING - RealTimePanel: IR_940nm calibrated data uzunluk uyumsuzluğu (timestamps: 130, data: 32)
2026-05-02 23:26:32 - spektroskopi - INFO - Raspberry Pi'dan veri alındı: 6e400005-b5a3-f393-e0a9-e50e24dcca9e (Handle: 16): Unknown, uzunluk: 2
2026-05-02 23:26:32 - spektroskopi - INFO - Raspberry Pi verisi: Ham=980, Voltaj=980.000V
2026-05-02 23:26:32 - spektroskopi - INFO - Raspberry Pi verisi işlendi: SENSOR_EXTRA = 980.000V
2026-05-02 23:26:33 - spektroskopi - INFO - Raspberry Pi'dan veri alındı: 6e400004-b5a3-f393-e0a9-e50e24dcca9e (Handle: 11): Unknown, uzunluk: 2
2026-05-02 23:26:33 - spektroskopi - INFO - Raspberry Pi verisi: Ham=290, Voltaj=290.000V
2026-05-02 23:26:33 - spektroskopi - INFO - Raspberry Pi verisi işlendi: SENSOR_7 = 290.000V
2026-05-02 23:26:33 - spektroskopi - INFO - Raspberry Pi'dan veri alındı: 6e400003-b5a3-f393-e0a9-e50e24dcca9e (Handle: 8): Nordic UART TX, uzunluk: 2
2026-05-02 23:26:33 - spektroskopi - INFO - Raspberry Pi verisi: Ham=533, Voltaj=533.000V
2026-05-02 23:26:33 - spektroskopi - INFO - Raspberry Pi verisi işlendi: SENSOR_5 = 533.000V
2026-05-02 23:26:33 - spektroskopi - INFO - Raspberry Pi'dan veri alındı: 6e400002-b5a3-f393-e0a9-e50e24dcca9e (Handle: 19): Nordic UART RX, uzunluk: 2
2026-05-02 23:26:33 - spektroskopi - INFO - Raspberry Pi verisi: Ham=2495, Voltaj=2495.000V
2026-05-02 23:26:33 - spektroskopi - INFO - Raspberry Pi verisi işlendi: SENSOR_2 = 2495.000V
2026-05-02 23:26:33 - spektroskopi - WARNING - Zaman sıralama düzeltildi (averaged): 2026-05-02 23:26:33.498858
2026-05-02 23:26:33 - spektroskopi - WARNING - Zaman sıralama düzeltildi (averaged): 2026-05-02 23:26:33.499858
2026-05-02 23:26:33 - spektroskopi - WARNING - Zaman sıralama düzeltildi (averaged): 2026-05-02 23:26:33.500858
2026-05-02 23:26:33 - spektroskopi - WARNING - Zaman sıralama düzeltildi (averaged): 2026-05-02 23:26:33.501858
2026-05-02 23:26:33 - spektroskopi - WARNING - RealTimePanel: UV_360nm raw data uzunluk uyumsuzluğu (timestamps: 138, data: 36)
2026-05-02 23:26:33 - spektroskopi - WARNING - RealTimePanel: UV_360nm calibrated data uzunluk uyumsuzluğu (timestamps: 138, data: 36)
2026-05-02 23:26:33 - spektroskopi - WARNING - RealTimePanel: Blue_450nm raw data uzunluk uyumsuzluğu (timestamps: 138, data: 34)
2026-05-02 23:26:33 - spektroskopi - WARNING - RealTimePanel: Blue_450nm calibrated data uzunluk uyumsuzluğu (timestamps: 138, data: 34)
2026-05-02 23:26:33 - spektroskopi - WARNING - RealTimePanel: IR_850nm raw data uzunluk uyumsuzluğu (timestamps: 138, data: 34)
2026-05-02 23:26:33 - spektroskopi - WARNING - RealTimePanel: IR_850nm calibrated data uzunluk uyumsuzluğu (timestamps: 138, data: 34)
2026-05-02 23:26:33 - spektroskopi - WARNING - RealTimePanel: IR_940nm raw data uzunluk uyumsuzluğu (timestamps: 138, data: 34)
2026-05-02 23:26:33 - spektroskopi - WARNING - RealTimePanel: IR_940nm calibrated data uzunluk uyumsuzluğu (timestamps: 138, data: 34)
2026-05-02 23:26:33 - spektroskopi - INFO - Raspberry Pi'dan veri alındı: 6e400005-b5a3-f393-e0a9-e50e24dcca9e (Handle: 16): Unknown, uzunluk: 2
2026-05-02 23:26:33 - spektroskopi - INFO - Raspberry Pi verisi: Ham=1053, Voltaj=1053.000V
2026-05-02 23:26:33 - spektroskopi - INFO - Raspberry Pi verisi işlendi: SENSOR_EXTRA = 1053.000V
2026-05-02 23:26:34 - spektroskopi - INFO - Raspberry Pi'dan veri alındı: 6e400004-b5a3-f393-e0a9-e50e24dcca9e (Handle: 11): Unknown, uzunluk: 2
2026-05-02 23:26:34 - spektroskopi - INFO - Raspberry Pi verisi: Ham=385, Voltaj=385.000V
2026-05-02 23:26:34 - spektroskopi - INFO - Raspberry Pi verisi işlendi: SENSOR_7 = 385.000V
2026-05-02 23:26:34 - spektroskopi - INFO - Raspberry Pi'dan veri alındı: 6e400003-b5a3-f393-e0a9-e50e24dcca9e (Handle: 8): Nordic UART TX, uzunluk: 2
2026-05-02 23:26:34 - spektroskopi - INFO - Raspberry Pi verisi: Ham=645, Voltaj=645.000V
2026-05-02 23:26:34 - spektroskopi - INFO - Raspberry Pi verisi işlendi: SENSOR_5 = 645.000V
2026-05-02 23:26:34 - spektroskopi - INFO - Raspberry Pi'dan veri alındı: 6e400002-b5a3-f393-e0a9-e50e24dcca9e (Handle: 19): Nordic UART RX, uzunluk: 2
2026-05-02 23:26:34 - spektroskopi - INFO - Raspberry Pi verisi: Ham=2618, Voltaj=2618.000V
2026-05-02 23:26:34 - spektroskopi - INFO - Raspberry Pi verisi işlendi: SENSOR_2 = 2618.000V
2026-05-02 23:26:34 - spektroskopi - INFO - Raspberry Pi'dan veri alındı: 6e400005-b5a3-f393-e0a9-e50e24dcca9e (Handle: 16): Unknown, uzunluk: 2
2026-05-02 23:26:34 - spektroskopi - INFO - Raspberry Pi verisi: Ham=590, Voltaj=590.000V
2026-05-02 23:26:34 - spektroskopi - INFO - Raspberry Pi verisi işlendi: SENSOR_EXTRA = 590.000V
2026-05-02 23:26:34 - spektroskopi - WARNING - Zaman sıralama düzeltildi (averaged): 2026-05-02 23:26:34.638722
2026-05-02 23:26:34 - spektroskopi - WARNING - Zaman sıralama düzeltildi (averaged): 2026-05-02 23:26:34.639722
2026-05-02 23:26:34 - spektroskopi - WARNING - Zaman sıralama düzeltildi (averaged): 2026-05-02 23:26:34.640722
2026-05-02 23:26:34 - spektroskopi - WARNING - Zaman sıralama düzeltildi (averaged): 2026-05-02 23:26:34.641722
2026-05-02 23:26:34 - spektroskopi - WARNING - Zaman sıralama düzeltildi (averaged): 2026-05-02 23:26:34.642722
2026-05-02 23:26:34 - spektroskopi - WARNING - RealTimePanel: UV_360nm raw data uzunluk uyumsuzluğu (timestamps: 148, data: 38)
2026-05-02 23:26:34 - spektroskopi - WARNING - RealTimePanel: UV_360nm calibrated data uzunluk uyumsuzluğu (timestamps: 148, data: 38)
2026-05-02 23:26:34 - spektroskopi - WARNING - RealTimePanel: Blue_450nm raw data uzunluk uyumsuzluğu (timestamps: 148, data: 38)
2026-05-02 23:26:34 - spektroskopi - WARNING - RealTimePanel: Blue_450nm calibrated data uzunluk uyumsuzluğu (timestamps: 148, data: 38)
2026-05-02 23:26:34 - spektroskopi - WARNING - RealTimePanel: IR_850nm raw data uzunluk uyumsuzluğu (timestamps: 148, data: 36)
2026-05-02 23:26:34 - spektroskopi - WARNING - RealTimePanel: IR_850nm calibrated data uzunluk uyumsuzluğu (timestamps: 148, data: 36)
2026-05-02 23:26:34 - spektroskopi - WARNING - RealTimePanel: IR_940nm raw data uzunluk uyumsuzluğu (timestamps: 148, data: 36)
2026-05-02 23:26:34 - spektroskopi - WARNING - RealTimePanel: IR_940nm calibrated data uzunluk uyumsuzluğu (timestamps: 148, data: 36)
2026-05-02 23:26:34 - spektroskopi - INFO - Raspberry Pi'dan veri alındı: 6e400004-b5a3-f393-e0a9-e50e24dcca9e (Handle: 11): Unknown, uzunluk: 2
2026-05-02 23:26:34 - spektroskopi - INFO - Raspberry Pi verisi: Ham=317, Voltaj=317.000V
2026-05-02 23:26:34 - spektroskopi - INFO - Raspberry Pi verisi işlendi: SENSOR_7 = 317.000V
2026-05-02 23:26:35 - spektroskopi - INFO - Raspberry Pi'dan veri alındı: 6e400003-b5a3-f393-e0a9-e50e24dcca9e (Handle: 8): Nordic UART TX, uzunluk: 2
2026-05-02 23:26:35 - spektroskopi - INFO - Raspberry Pi verisi: Ham=638, Voltaj=638.000V
2026-05-02 23:26:35 - spektroskopi - INFO - Raspberry Pi verisi işlendi: SENSOR_5 = 638.000V
2026-05-02 23:26:35 - spektroskopi - INFO - Raspberry Pi'dan veri alındı: 6e400002-b5a3-f393-e0a9-e50e24dcca9e (Handle: 19): Nordic UART RX, uzunluk: 2
2026-05-02 23:26:35 - spektroskopi - INFO - Raspberry Pi verisi: Ham=2879, Voltaj=2879.000V
2026-05-02 23:26:35 - spektroskopi - INFO - Raspberry Pi verisi işlendi: SENSOR_2 = 2879.000V
2026-05-02 23:26:35 - spektroskopi - INFO - Raspberry Pi'dan veri alındı: 6e400005-b5a3-f393-e0a9-e50e24dcca9e (Handle: 16): Unknown, uzunluk: 2
2026-05-02 23:26:35 - spektroskopi - INFO - Raspberry Pi verisi: Ham=652, Voltaj=652.000V
2026-05-02 23:26:35 - spektroskopi - INFO - Raspberry Pi verisi işlendi: SENSOR_EXTRA = 652.000V
2026-05-02 23:26:35 - spektroskopi - WARNING - Zaman sıralama düzeltildi (averaged): 2026-05-02 23:26:35.508807
2026-05-02 23:26:35 - spektroskopi - WARNING - Zaman sıralama düzeltildi (averaged): 2026-05-02 23:26:35.509807
2026-05-02 23:26:35 - spektroskopi - WARNING - Zaman sıralama düzeltildi (averaged): 2026-05-02 23:26:35.510807
2026-05-02 23:26:35 - spektroskopi - WARNING - Zaman sıralama düzeltildi (averaged): 2026-05-02 23:26:35.511807
2026-05-02 23:26:35 - spektroskopi - WARNING - RealTimePanel: UV_360nm raw data uzunluk uyumsuzluğu (timestamps: 156, data: 40)
2026-05-02 23:26:35 - spektroskopi - WARNING - RealTimePanel: UV_360nm calibrated data uzunluk uyumsuzluğu (timestamps: 156, data: 40)
2026-05-02 23:26:35 - spektroskopi - WARNING - RealTimePanel: Blue_450nm raw data uzunluk uyumsuzluğu (timestamps: 156, data: 40)
2026-05-02 23:26:35 - spektroskopi - WARNING - RealTimePanel: Blue_450nm calibrated data uzunluk uyumsuzluğu (timestamps: 156, data: 40)
2026-05-02 23:26:35 - spektroskopi - WARNING - RealTimePanel: IR_850nm raw data uzunluk uyumsuzluğu (timestamps: 156, data: 38)
2026-05-02 23:26:35 - spektroskopi - WARNING - RealTimePanel: IR_850nm calibrated data uzunluk uyumsuzluğu (timestamps: 156, data: 38)
2026-05-02 23:26:35 - spektroskopi - WARNING - RealTimePanel: IR_940nm raw data uzunluk uyumsuzluğu (timestamps: 156, data: 38)
2026-05-02 23:26:35 - spektroskopi - WARNING - RealTimePanel: IR_940nm calibrated data uzunluk uyumsuzluğu (timestamps: 156, data: 38)
2026-05-02 23:26:35 - spektroskopi - INFO - Raspberry Pi'dan veri alındı: 6e400004-b5a3-f393-e0a9-e50e24dcca9e (Handle: 11): Unknown, uzunluk: 2
2026-05-02 23:26:35 - spektroskopi - INFO - Raspberry Pi verisi: Ham=387, Voltaj=387.000V
2026-05-02 23:26:35 - spektroskopi - INFO - Raspberry Pi verisi işlendi: SENSOR_7 = 387.000V
2026-05-02 23:26:36 - spektroskopi - INFO - Raspberry Pi'dan veri alındı: 6e400003-b5a3-f393-e0a9-e50e24dcca9e (Handle: 8): Nordic UART TX, uzunluk: 2
2026-05-02 23:26:36 - spektroskopi - INFO - Raspberry Pi verisi: Ham=653, Voltaj=653.000V
2026-05-02 23:26:36 - spektroskopi - INFO - Raspberry Pi verisi işlendi: SENSOR_5 = 653.000V
2026-05-02 23:26:36 - spektroskopi - INFO - Raspberry Pi'dan veri alındı: 6e400002-b5a3-f393-e0a9-e50e24dcca9e (Handle: 19): Nordic UART RX, uzunluk: 2
2026-05-02 23:26:36 - spektroskopi - INFO - Raspberry Pi verisi: Ham=2757, Voltaj=2757.000V
2026-05-02 23:26:36 - spektroskopi - INFO - Raspberry Pi verisi işlendi: SENSOR_2 = 2757.000V
2026-05-02 23:26:36 - spektroskopi - INFO - Raspberry Pi'dan veri alındı: 6e400005-b5a3-f393-e0a9-e50e24dcca9e (Handle: 16): Unknown, uzunluk: 2
2026-05-02 23:26:36 - spektroskopi - INFO - Raspberry Pi verisi: Ham=992, Voltaj=992.000V
2026-05-02 23:26:36 - spektroskopi - INFO - Raspberry Pi verisi işlendi: SENSOR_EXTRA = 992.000V
2026-05-02 23:26:36 - spektroskopi - INFO - Raspberry Pi'dan veri alındı: 6e400004-b5a3-f393-e0a9-e50e24dcca9e (Handle: 11): Unknown, uzunluk: 2
2026-05-02 23:26:36 - spektroskopi - INFO - Raspberry Pi verisi: Ham=390, Voltaj=390.000V
2026-05-02 23:26:36 - spektroskopi - INFO - Raspberry Pi verisi işlendi: SENSOR_7 = 390.000V
2026-05-02 23:26:36 - spektroskopi - WARNING - Zaman sıralama düzeltildi (averaged): 2026-05-02 23:26:36.648595
2026-05-02 23:26:36 - spektroskopi - WARNING - Zaman sıralama düzeltildi (averaged): 2026-05-02 23:26:36.649595
2026-05-02 23:26:36 - spektroskopi - WARNING - Zaman sıralama düzeltildi (averaged): 2026-05-02 23:26:36.650595
2026-05-02 23:26:36 - spektroskopi - WARNING - Zaman sıralama düzeltildi (averaged): 2026-05-02 23:26:36.651595
2026-05-02 23:26:36 - spektroskopi - WARNING - Zaman sıralama düzeltildi (averaged): 2026-05-02 23:26:36.652595
2026-05-02 23:26:36 - spektroskopi - WARNING - RealTimePanel: UV_360nm raw data uzunluk uyumsuzluğu (timestamps: 166, data: 42)
2026-05-02 23:26:36 - spektroskopi - WARNING - RealTimePanel: UV_360nm calibrated data uzunluk uyumsuzluğu (timestamps: 166, data: 42)
2026-05-02 23:26:36 - spektroskopi - WARNING - RealTimePanel: Blue_450nm raw data uzunluk uyumsuzluğu (timestamps: 166, data: 42)
2026-05-02 23:26:36 - spektroskopi - WARNING - RealTimePanel: Blue_450nm calibrated data uzunluk uyumsuzluğu (timestamps: 166, data: 42)
2026-05-02 23:26:36 - spektroskopi - WARNING - RealTimePanel: IR_850nm raw data uzunluk uyumsuzluğu (timestamps: 166, data: 42)
2026-05-02 23:26:36 - spektroskopi - WARNING - RealTimePanel: IR_850nm calibrated data uzunluk uyumsuzluğu (timestamps: 166, data: 42)
2026-05-02 23:26:36 - spektroskopi - WARNING - RealTimePanel: IR_940nm raw data uzunluk uyumsuzluğu (timestamps: 166, data: 40)
2026-05-02 23:26:36 - spektroskopi - WARNING - RealTimePanel: IR_940nm calibrated data uzunluk uyumsuzluğu (timestamps: 166, data: 40)
2026-05-02 23:26:36 - spektroskopi - INFO - Raspberry Pi'dan veri alındı: 6e400003-b5a3-f393-e0a9-e50e24dcca9e (Handle: 8): Nordic UART TX, uzunluk: 2
2026-05-02 23:26:36 - spektroskopi - INFO - Raspberry Pi verisi: Ham=642, Voltaj=642.000V
2026-05-02 23:26:36 - spektroskopi - INFO - Raspberry Pi verisi işlendi: SENSOR_5 = 642.000V
2026-05-02 23:26:37 - spektroskopi - INFO - Raspberry Pi'dan veri alındı: 6e400002-b5a3-f393-e0a9-e50e24dcca9e (Handle: 19): Nordic UART RX, uzunluk: 2
2026-05-02 23:26:37 - spektroskopi - INFO - Raspberry Pi verisi: Ham=2949, Voltaj=2949.000V
2026-05-02 23:26:37 - spektroskopi - INFO - Raspberry Pi verisi işlendi: SENSOR_2 = 2949.000V
2026-05-02 23:26:37 - spektroskopi - INFO - Raspberry Pi'dan veri alındı: 6e400005-b5a3-f393-e0a9-e50e24dcca9e (Handle: 16): Unknown, uzunluk: 2
2026-05-02 23:26:37 - spektroskopi - INFO - Raspberry Pi verisi: Ham=694, Voltaj=694.000V
2026-05-02 23:26:37 - spektroskopi - INFO - Raspberry Pi verisi işlendi: SENSOR_EXTRA = 694.000V
2026-05-02 23:26:37 - spektroskopi - INFO - Raspberry Pi'dan veri alındı: 6e400004-b5a3-f393-e0a9-e50e24dcca9e (Handle: 11): Unknown, uzunluk: 2
2026-05-02 23:26:37 - spektroskopi - INFO - Raspberry Pi verisi: Ham=283, Voltaj=283.000V
2026-05-02 23:26:37 - spektroskopi - INFO - Raspberry Pi verisi işlendi: SENSOR_7 = 283.000V
2026-05-02 23:26:37 - spektroskopi - WARNING - Zaman sıralama düzeltildi (averaged): 2026-05-02 23:26:37.518841
2026-05-02 23:26:37 - spektroskopi - WARNING - Zaman sıralama düzeltildi (averaged): 2026-05-02 23:26:37.519841
2026-05-02 23:26:37 - spektroskopi - WARNING - Zaman sıralama düzeltildi (averaged): 2026-05-02 23:26:37.520841
2026-05-02 23:26:37 - spektroskopi - WARNING - Zaman sıralama düzeltildi (averaged): 2026-05-02 23:26:37.521841
2026-05-02 23:26:37 - spektroskopi - WARNING - RealTimePanel: UV_360nm raw data uzunluk uyumsuzluğu (timestamps: 174, data: 44)
2026-05-02 23:26:37 - spektroskopi - WARNING - RealTimePanel: UV_360nm calibrated data uzunluk uyumsuzluğu (timestamps: 174, data: 44)
2026-05-02 23:26:37 - spektroskopi - WARNING - RealTimePanel: Blue_450nm raw data uzunluk uyumsuzluğu (timestamps: 174, data: 44)
2026-05-02 23:26:37 - spektroskopi - WARNING - RealTimePanel: Blue_450nm calibrated data uzunluk uyumsuzluğu (timestamps: 174, data: 44)
2026-05-02 23:26:37 - spektroskopi - WARNING - RealTimePanel: IR_850nm raw data uzunluk uyumsuzluğu (timestamps: 174, data: 44)
2026-05-02 23:26:37 - spektroskopi - WARNING - RealTimePanel: IR_850nm calibrated data uzunluk uyumsuzluğu (timestamps: 174, data: 44)
2026-05-02 23:26:37 - spektroskopi - WARNING - RealTimePanel: IR_940nm raw data uzunluk uyumsuzluğu (timestamps: 174, data: 42)
2026-05-02 23:26:37 - spektroskopi - WARNING - RealTimePanel: IR_940nm calibrated data uzunluk uyumsuzluğu (timestamps: 174, data: 42)
2026-05-02 23:26:37 - spektroskopi - INFO - Raspberry Pi'dan veri alındı: 6e400003-b5a3-f393-e0a9-e50e24dcca9e (Handle: 8): Nordic UART TX, uzunluk: 2
2026-05-02 23:26:37 - spektroskopi - INFO - Raspberry Pi verisi: Ham=278, Voltaj=278.000V
2026-05-02 23:26:37 - spektroskopi - INFO - Raspberry Pi verisi işlendi: SENSOR_5 = 278.000V
2026-05-02 23:26:37 - spektroskopi - INFO - Raspberry Pi'dan veri alındı: 6e400002-b5a3-f393-e0a9-e50e24dcca9e (Handle: 19): Nordic UART RX, uzunluk: 2
2026-05-02 23:26:37 - spektroskopi - INFO - Raspberry Pi verisi: Ham=2857, Voltaj=2857.000V
2026-05-02 23:26:37 - spektroskopi - INFO - Raspberry Pi verisi işlendi: SENSOR_2 = 2857.000V
2026-05-02 23:26:38 - spektroskopi - INFO - Raspberry Pi'dan veri alındı: 6e400005-b5a3-f393-e0a9-e50e24dcca9e (Handle: 16): Unknown, uzunluk: 2
2026-05-02 23:26:38 - spektroskopi - INFO - Raspberry Pi verisi: Ham=627, Voltaj=627.000V
2026-05-02 23:26:38 - spektroskopi - INFO - Raspberry Pi verisi işlendi: SENSOR_EXTRA = 627.000V
2026-05-02 23:26:38 - spektroskopi - INFO - Raspberry Pi'dan veri alındı: 6e400004-b5a3-f393-e0a9-e50e24dcca9e (Handle: 11): Unknown, uzunluk: 2
2026-05-02 23:26:38 - spektroskopi - INFO - Raspberry Pi verisi: Ham=315, Voltaj=315.000V
2026-05-02 23:26:38 - spektroskopi - INFO - Raspberry Pi verisi işlendi: SENSOR_7 = 315.000V
2026-05-02 23:26:38 - spektroskopi - INFO - Raspberry Pi'dan veri alındı: 6e400003-b5a3-f393-e0a9-e50e24dcca9e (Handle: 8): Nordic UART TX, uzunluk: 2
2026-05-02 23:26:38 - spektroskopi - INFO - Raspberry Pi verisi: Ham=379, Voltaj=379.000V
2026-05-02 23:26:38 - spektroskopi - INFO - Raspberry Pi verisi işlendi: SENSOR_5 = 379.000V
2026-05-02 23:26:38 - spektroskopi - WARNING - Zaman sıralama düzeltildi (averaged): 2026-05-02 23:26:38.658793
2026-05-02 23:26:38 - spektroskopi - WARNING - Zaman sıralama düzeltildi (averaged): 2026-05-02 23:26:38.659793
2026-05-02 23:26:38 - spektroskopi - WARNING - Zaman sıralama düzeltildi (averaged): 2026-05-02 23:26:38.660793
2026-05-02 23:26:38 - spektroskopi - WARNING - Zaman sıralama düzeltildi (averaged): 2026-05-02 23:26:38.661793
2026-05-02 23:26:38 - spektroskopi - WARNING - Zaman sıralama düzeltildi (averaged): 2026-05-02 23:26:38.662793
2026-05-02 23:26:38 - spektroskopi - WARNING - RealTimePanel: UV_360nm raw data uzunluk uyumsuzluğu (timestamps: 184, data: 46)
2026-05-02 23:26:38 - spektroskopi - WARNING - RealTimePanel: UV_360nm calibrated data uzunluk uyumsuzluğu (timestamps: 184, data: 46)
2026-05-02 23:26:38 - spektroskopi - WARNING - RealTimePanel: Blue_450nm raw data uzunluk uyumsuzluğu (timestamps: 184, data: 46)
2026-05-02 23:26:38 - spektroskopi - WARNING - RealTimePanel: Blue_450nm calibrated data uzunluk uyumsuzluğu (timestamps: 184, data: 46)
2026-05-02 23:26:38 - spektroskopi - WARNING - RealTimePanel: IR_850nm raw data uzunluk uyumsuzluğu (timestamps: 184, data: 46)
2026-05-02 23:26:38 - spektroskopi - WARNING - RealTimePanel: IR_850nm calibrated data uzunluk uyumsuzluğu (timestamps: 184, data: 46)
2026-05-02 23:26:38 - spektroskopi - WARNING - RealTimePanel: IR_940nm raw data uzunluk uyumsuzluğu (timestamps: 184, data: 46)
2026-05-02 23:26:38 - spektroskopi - WARNING - RealTimePanel: IR_940nm calibrated data uzunluk uyumsuzluğu (timestamps: 184, data: 46)
2026-05-02 23:26:38 - spektroskopi - INFO - Raspberry Pi'dan veri alındı: 6e400002-b5a3-f393-e0a9-e50e24dcca9e (Handle: 19): Nordic UART RX, uzunluk: 2
2026-05-02 23:26:38 - spektroskopi - INFO - Raspberry Pi verisi: Ham=2893, Voltaj=2893.000V
2026-05-02 23:26:38 - spektroskopi - INFO - Raspberry Pi verisi işlendi: SENSOR_2 = 2893.000V
2026-05-02 23:26:39 - spektroskopi - INFO - Raspberry Pi'dan veri alındı: 6e400005-b5a3-f393-e0a9-e50e24dcca9e (Handle: 16): Unknown, uzunluk: 2
2026-05-02 23:26:39 - spektroskopi - INFO - Raspberry Pi verisi: Ham=620, Voltaj=620.000V
2026-05-02 23:26:39 - spektroskopi - INFO - Raspberry Pi verisi işlendi: SENSOR_EXTRA = 620.000V
2026-05-02 23:26:39 - spektroskopi - INFO - Raspberry Pi'dan veri alındı: 6e400004-b5a3-f393-e0a9-e50e24dcca9e (Handle: 11): Unknown, uzunluk: 2
2026-05-02 23:26:39 - spektroskopi - INFO - Raspberry Pi verisi: Ham=296, Voltaj=296.000V
2026-05-02 23:26:39 - spektroskopi - INFO - Raspberry Pi verisi işlendi: SENSOR_7 = 296.000V
2026-05-02 23:26:39 - spektroskopi - INFO - Raspberry Pi'dan veri alındı: 6e400003-b5a3-f393-e0a9-e50e24dcca9e (Handle: 8): Nordic UART TX, uzunluk: 2
2026-05-02 23:26:39 - spektroskopi - INFO - Raspberry Pi verisi: Ham=320, Voltaj=320.000V
2026-05-02 23:26:39 - spektroskopi - INFO - Raspberry Pi verisi işlendi: SENSOR_5 = 320.000V
2026-05-02 23:26:39 - spektroskopi - INFO - Raspberry Pi'dan veri alındı: 6e400002-b5a3-f393-e0a9-e50e24dcca9e (Handle: 19): Nordic UART RX, uzunluk: 2
2026-05-02 23:26:39 - spektroskopi - INFO - Raspberry Pi verisi: Ham=3086, Voltaj=3086.000V
2026-05-02 23:26:39 - spektroskopi - INFO - Raspberry Pi verisi işlendi: SENSOR_2 = 3086.000V
2026-05-02 23:26:39 - spektroskopi - WARNING - Zaman sıralama düzeltildi (averaged): 2026-05-02 23:26:39.648823
2026-05-02 23:26:39 - spektroskopi - WARNING - Zaman sıralama düzeltildi (averaged): 2026-05-02 23:26:39.649823
2026-05-02 23:26:39 - spektroskopi - WARNING - Zaman sıralama düzeltildi (averaged): 2026-05-02 23:26:39.650823
2026-05-02 23:26:39 - spektroskopi - WARNING - Zaman sıralama düzeltildi (averaged): 2026-05-02 23:26:39.651823
2026-05-02 23:26:39 - spektroskopi - WARNING - Zaman sıralama düzeltildi (averaged): 2026-05-02 23:26:39.652823
2026-05-02 23:26:39 - spektroskopi - WARNING - RealTimePanel: UV_360nm raw data uzunluk uyumsuzluğu (timestamps: 194, data: 50)
2026-05-02 23:26:39 - spektroskopi - WARNING - RealTimePanel: UV_360nm calibrated data uzunluk uyumsuzluğu (timestamps: 194, data: 50)
2026-05-02 23:26:39 - spektroskopi - WARNING - RealTimePanel: Blue_450nm raw data uzunluk uyumsuzluğu (timestamps: 194, data: 48)
2026-05-02 23:26:39 - spektroskopi - WARNING - RealTimePanel: Blue_450nm calibrated data uzunluk uyumsuzluğu (timestamps: 194, data: 48)
2026-05-02 23:26:39 - spektroskopi - WARNING - RealTimePanel: IR_850nm raw data uzunluk uyumsuzluğu (timestamps: 194, data: 48)
2026-05-02 23:26:39 - spektroskopi - WARNING - RealTimePanel: IR_850nm calibrated data uzunluk uyumsuzluğu (timestamps: 194, data: 48)
2026-05-02 23:26:39 - spektroskopi - WARNING - RealTimePanel: IR_940nm raw data uzunluk uyumsuzluğu (timestamps: 194, data: 48)
2026-05-02 23:26:39 - spektroskopi - WARNING - RealTimePanel: IR_940nm calibrated data uzunluk uyumsuzluğu (timestamps: 194, data: 48)
2026-05-02 23:26:39 - spektroskopi - INFO - Raspberry Pi'dan veri alındı: 6e400005-b5a3-f393-e0a9-e50e24dcca9e (Handle: 16): Unknown, uzunluk: 2
2026-05-02 23:26:39 - spektroskopi - INFO - Raspberry Pi verisi: Ham=463, Voltaj=463.000V
2026-05-02 23:26:39 - spektroskopi - INFO - Raspberry Pi verisi işlendi: SENSOR_EXTRA = 463.000V
2026-05-02 23:26:40 - spektroskopi - INFO - Raspberry Pi'dan veri alındı: 6e400004-b5a3-f393-e0a9-e50e24dcca9e (Handle: 11): Unknown, uzunluk: 2
2026-05-02 23:26:40 - spektroskopi - INFO - Raspberry Pi verisi: Ham=325, Voltaj=325.000V
2026-05-02 23:26:40 - spektroskopi - INFO - Raspberry Pi verisi işlendi: SENSOR_7 = 325.000V
2026-05-02 23:26:40 - spektroskopi - INFO - Raspberry Pi'dan veri alındı: 6e400003-b5a3-f393-e0a9-e50e24dcca9e (Handle: 8): Nordic UART TX, uzunluk: 2
2026-05-02 23:26:40 - spektroskopi - INFO - Raspberry Pi verisi: Ham=379, Voltaj=379.000V
2026-05-02 23:26:40 - spektroskopi - INFO - Raspberry Pi verisi işlendi: SENSOR_5 = 379.000V
2026-05-02 23:26:40 - spektroskopi - INFO - Raspberry Pi'dan veri alındı: 6e400002-b5a3-f393-e0a9-e50e24dcca9e (Handle: 19): Nordic UART RX, uzunluk: 2
2026-05-02 23:26:40 - spektroskopi - INFO - Raspberry Pi verisi: Ham=2812, Voltaj=2812.000V
2026-05-02 23:26:40 - spektroskopi - INFO - Raspberry Pi verisi işlendi: SENSOR_2 = 2812.000V
2026-05-02 23:26:40 - spektroskopi - WARNING - Zaman sıralama düzeltildi (averaged): 2026-05-02 23:26:40.548748
2026-05-02 23:26:40 - spektroskopi - WARNING - Zaman sıralama düzeltildi (averaged): 2026-05-02 23:26:40.549748
2026-05-02 23:26:40 - spektroskopi - WARNING - Zaman sıralama düzeltildi (averaged): 2026-05-02 23:26:40.550748
2026-05-02 23:26:40 - spektroskopi - WARNING - Zaman sıralama düzeltildi (averaged): 2026-05-02 23:26:40.551748
2026-05-02 23:26:40 - spektroskopi - WARNING - RealTimePanel: UV_360nm raw data uzunluk uyumsuzluğu (timestamps: 202, data: 52)
2026-05-02 23:26:40 - spektroskopi - WARNING - RealTimePanel: UV_360nm calibrated data uzunluk uyumsuzluğu (timestamps: 202, data: 52)
2026-05-02 23:26:40 - spektroskopi - WARNING - RealTimePanel: Blue_450nm raw data uzunluk uyumsuzluğu (timestamps: 202, data: 50)
2026-05-02 23:26:40 - spektroskopi - WARNING - RealTimePanel: Blue_450nm calibrated data uzunluk uyumsuzluğu (timestamps: 202, data: 50)
2026-05-02 23:26:40 - spektroskopi - WARNING - RealTimePanel: IR_850nm raw data uzunluk uyumsuzluğu (timestamps: 202, data: 50)
2026-05-02 23:26:40 - spektroskopi - WARNING - RealTimePanel: IR_850nm calibrated data uzunluk uyumsuzluğu (timestamps: 202, data: 50)
2026-05-02 23:26:40 - spektroskopi - WARNING - RealTimePanel: IR_940nm raw data uzunluk uyumsuzluğu (timestamps: 202, data: 50)
2026-05-02 23:26:40 - spektroskopi - WARNING - RealTimePanel: IR_940nm calibrated data uzunluk uyumsuzluğu (timestamps: 202, data: 50)
2026-05-02 23:26:40 - spektroskopi - INFO - Raspberry Pi'dan veri alındı: 6e400005-b5a3-f393-e0a9-e50e24dcca9e (Handle: 16): Unknown, uzunluk: 2
2026-05-02 23:26:40 - spektroskopi - INFO - Raspberry Pi verisi: Ham=730, Voltaj=730.000V
2026-05-02 23:26:40 - spektroskopi - INFO - Raspberry Pi verisi işlendi: SENSOR_EXTRA = 730.000V
2026-05-02 23:26:41 - spektroskopi - INFO - Raspberry Pi'dan veri alındı: 6e400004-b5a3-f393-e0a9-e50e24dcca9e (Handle: 11): Unknown, uzunluk: 2
2026-05-02 23:26:41 - spektroskopi - INFO - Raspberry Pi verisi: Ham=359, Voltaj=359.000V
2026-05-02 23:26:41 - spektroskopi - INFO - Raspberry Pi verisi işlendi: SENSOR_7 = 359.000V
2026-05-02 23:26:41 - spektroskopi - INFO - Raspberry Pi'dan veri alındı: 6e400003-b5a3-f393-e0a9-e50e24dcca9e (Handle: 8): Nordic UART TX, uzunluk: 2
2026-05-02 23:26:41 - spektroskopi - INFO - Raspberry Pi verisi: Ham=478, Voltaj=478.000V
2026-05-02 23:26:41 - spektroskopi - INFO - Raspberry Pi verisi işlendi: SENSOR_5 = 478.000V
2026-05-02 23:26:41 - spektroskopi - INFO - Raspberry Pi'dan veri alındı: 6e400002-b5a3-f393-e0a9-e50e24dcca9e (Handle: 19): Nordic UART RX, uzunluk: 2
2026-05-02 23:26:41 - spektroskopi - INFO - Raspberry Pi verisi: Ham=3041, Voltaj=3041.000V
2026-05-02 23:26:41 - spektroskopi - INFO - Raspberry Pi verisi işlendi: SENSOR_2 = 3041.000V
2026-05-02 23:26:41 - spektroskopi - WARNING - Zaman sıralama düzeltildi (averaged): 2026-05-02 23:26:41.418899
2026-05-02 23:26:41 - spektroskopi - WARNING - Zaman sıralama düzeltildi (averaged): 2026-05-02 23:26:41.419899
2026-05-02 23:26:41 - spektroskopi - WARNING - Zaman sıralama düzeltildi (averaged): 2026-05-02 23:26:41.420899
2026-05-02 23:26:41 - spektroskopi - WARNING - Zaman sıralama düzeltildi (averaged): 2026-05-02 23:26:41.421899
2026-05-02 23:26:41 - spektroskopi - WARNING - RealTimePanel: UV_360nm raw data uzunluk uyumsuzluğu (timestamps: 210, data: 54)
2026-05-02 23:26:41 - spektroskopi - WARNING - RealTimePanel: UV_360nm calibrated data uzunluk uyumsuzluğu (timestamps: 210, data: 54)
2026-05-02 23:26:41 - spektroskopi - WARNING - RealTimePanel: Blue_450nm raw data uzunluk uyumsuzluğu (timestamps: 210, data: 52)
2026-05-02 23:26:41 - spektroskopi - WARNING - RealTimePanel: Blue_450nm calibrated data uzunluk uyumsuzluğu (timestamps: 210, data: 52)
2026-05-02 23:26:41 - spektroskopi - WARNING - RealTimePanel: IR_850nm raw data uzunluk uyumsuzluğu (timestamps: 210, data: 52)
2026-05-02 23:26:41 - spektroskopi - WARNING - RealTimePanel: IR_850nm calibrated data uzunluk uyumsuzluğu (timestamps: 210, data: 52)
2026-05-02 23:26:41 - spektroskopi - WARNING - RealTimePanel: IR_940nm raw data uzunluk uyumsuzluğu (timestamps: 210, data: 52)
2026-05-02 23:26:41 - spektroskopi - WARNING - RealTimePanel: IR_940nm calibrated data uzunluk uyumsuzluğu (timestamps: 210, data: 52)
2026-05-02 23:26:41 - spektroskopi - INFO - Raspberry Pi'dan veri alındı: 6e400005-b5a3-f393-e0a9-e50e24dcca9e (Handle: 16): Unknown, uzunluk: 2
2026-05-02 23:26:41 - spektroskopi - INFO - Raspberry Pi verisi: Ham=535, Voltaj=535.000V
2026-05-02 23:26:41 - spektroskopi - INFO - Raspberry Pi verisi işlendi: SENSOR_EXTRA = 535.000V
2026-05-02 23:26:41 - spektroskopi - INFO - Raspberry Pi'dan veri alındı: 6e400004-b5a3-f393-e0a9-e50e24dcca9e (Handle: 11): Unknown, uzunluk: 2
2026-05-02 23:26:41 - spektroskopi - INFO - Raspberry Pi verisi: Ham=340, Voltaj=340.000V
2026-05-02 23:26:41 - spektroskopi - INFO - Raspberry Pi verisi işlendi: SENSOR_7 = 340.000V
2026-05-02 23:26:42 - spektroskopi - INFO - Raspberry Pi'dan veri alındı: 6e400003-b5a3-f393-e0a9-e50e24dcca9e (Handle: 8): Nordic UART TX, uzunluk: 2
2026-05-02 23:26:42 - spektroskopi - INFO - Raspberry Pi verisi: Ham=379, Voltaj=379.000V
2026-05-02 23:26:42 - spektroskopi - INFO - Raspberry Pi verisi işlendi: SENSOR_5 = 379.000V
2026-05-02 23:26:42 - spektroskopi - INFO - Raspberry Pi'dan veri alındı: 6e400002-b5a3-f393-e0a9-e50e24dcca9e (Handle: 19): Nordic UART RX, uzunluk: 2
2026-05-02 23:26:42 - spektroskopi - INFO - Raspberry Pi verisi: Ham=2796, Voltaj=2796.000V
2026-05-02 23:26:42 - spektroskopi - INFO - Raspberry Pi verisi işlendi: SENSOR_2 = 2796.000V
2026-05-02 23:26:42 - spektroskopi - INFO - Raspberry Pi'dan veri alındı: 6e400005-b5a3-f393-e0a9-e50e24dcca9e (Handle: 16): Unknown, uzunluk: 2
2026-05-02 23:26:42 - spektroskopi - INFO - Raspberry Pi verisi: Ham=901, Voltaj=901.000V
2026-05-02 23:26:42 - spektroskopi - INFO - Raspberry Pi verisi işlendi: SENSOR_EXTRA = 901.000V
2026-05-02 23:26:42 - spektroskopi - WARNING - Zaman sıralama düzeltildi (averaged): 2026-05-02 23:26:42.558831
2026-05-02 23:26:42 - spektroskopi - WARNING - Zaman sıralama düzeltildi (averaged): 2026-05-02 23:26:42.559831
2026-05-02 23:26:42 - spektroskopi - WARNING - Zaman sıralama düzeltildi (averaged): 2026-05-02 23:26:42.560831
2026-05-02 23:26:42 - spektroskopi - WARNING - Zaman sıralama düzeltildi (averaged): 2026-05-02 23:26:42.561831
2026-05-02 23:26:42 - spektroskopi - WARNING - Zaman sıralama düzeltildi (averaged): 2026-05-02 23:26:42.562831
2026-05-02 23:26:42 - spektroskopi - WARNING - RealTimePanel: UV_360nm raw data uzunluk uyumsuzluğu (timestamps: 220, data: 56)
2026-05-02 23:26:42 - spektroskopi - WARNING - RealTimePanel: UV_360nm calibrated data uzunluk uyumsuzluğu (timestamps: 220, data: 56)
2026-05-02 23:26:42 - spektroskopi - WARNING - RealTimePanel: Blue_450nm raw data uzunluk uyumsuzluğu (timestamps: 220, data: 56)
2026-05-02 23:26:42 - spektroskopi - WARNING - RealTimePanel: Blue_450nm calibrated data uzunluk uyumsuzluğu (timestamps: 220, data: 56)
2026-05-02 23:26:42 - spektroskopi - WARNING - RealTimePanel: IR_850nm raw data uzunluk uyumsuzluğu (timestamps: 220, data: 54)
2026-05-02 23:26:42 - spektroskopi - WARNING - RealTimePanel: IR_850nm calibrated data uzunluk uyumsuzluğu (timestamps: 220, data: 54)
2026-05-02 23:26:42 - spektroskopi - WARNING - RealTimePanel: IR_940nm raw data uzunluk uyumsuzluğu (timestamps: 220, data: 54)
2026-05-02 23:26:42 - spektroskopi - WARNING - RealTimePanel: IR_940nm calibrated data uzunluk uyumsuzluğu (timestamps: 220, data: 54)
2026-05-02 23:26:42 - spektroskopi - INFO - Raspberry Pi'dan veri alındı: 6e400004-b5a3-f393-e0a9-e50e24dcca9e (Handle: 11): Unknown, uzunluk: 2
2026-05-02 23:26:42 - spektroskopi - INFO - Raspberry Pi verisi: Ham=321, Voltaj=321.000V
2026-05-02 23:26:42 - spektroskopi - INFO - Raspberry Pi verisi işlendi: SENSOR_7 = 321.000V
2026-05-02 23:26:43 - spektroskopi - INFO - Raspberry Pi'dan veri alındı: 6e400003-b5a3-f393-e0a9-e50e24dcca9e (Handle: 8): Nordic UART TX, uzunluk: 2
2026-05-02 23:26:43 - spektroskopi - INFO - Raspberry Pi verisi: Ham=382, Voltaj=382.000V
2026-05-02 23:26:43 - spektroskopi - INFO - Raspberry Pi verisi işlendi: SENSOR_5 = 382.000V
2026-05-02 23:26:43 - spektroskopi - INFO - Raspberry Pi'dan veri alındı: 6e400002-b5a3-f393-e0a9-e50e24dcca9e (Handle: 19): Nordic UART RX, uzunluk: 2
2026-05-02 23:26:43 - spektroskopi - INFO - Raspberry Pi verisi: Ham=2762, Voltaj=2762.000V
2026-05-02 23:26:43 - spektroskopi - INFO - Raspberry Pi verisi işlendi: SENSOR_2 = 2762.000V
2026-05-02 23:26:43 - spektroskopi - INFO - Raspberry Pi'dan veri alındı: 6e400005-b5a3-f393-e0a9-e50e24dcca9e (Handle: 16): Unknown, uzunluk: 2
2026-05-02 23:26:43 - spektroskopi - INFO - Raspberry Pi verisi: Ham=730, Voltaj=730.000V
2026-05-02 23:26:43 - spektroskopi - INFO - Raspberry Pi verisi işlendi: SENSOR_EXTRA = 730.000V
2026-05-02 23:26:43 - spektroskopi - WARNING - Zaman sıralama düzeltildi (averaged): 2026-05-02 23:26:43.428805
2026-05-02 23:26:43 - spektroskopi - WARNING - Zaman sıralama düzeltildi (averaged): 2026-05-02 23:26:43.429805
2026-05-02 23:26:43 - spektroskopi - WARNING - Zaman sıralama düzeltildi (averaged): 2026-05-02 23:26:43.430805
2026-05-02 23:26:43 - spektroskopi - WARNING - Zaman sıralama düzeltildi (averaged): 2026-05-02 23:26:43.431805
2026-05-02 23:26:43 - spektroskopi - WARNING - RealTimePanel: UV_360nm raw data uzunluk uyumsuzluğu (timestamps: 228, data: 58)
2026-05-02 23:26:43 - spektroskopi - WARNING - RealTimePanel: UV_360nm calibrated data uzunluk uyumsuzluğu (timestamps: 228, data: 58)
2026-05-02 23:26:43 - spektroskopi - WARNING - RealTimePanel: Blue_450nm raw data uzunluk uyumsuzluğu (timestamps: 228, data: 58)
2026-05-02 23:26:43 - spektroskopi - WARNING - RealTimePanel: Blue_450nm calibrated data uzunluk uyumsuzluğu (timestamps: 228, data: 58)
2026-05-02 23:26:43 - spektroskopi - WARNING - RealTimePanel: IR_850nm raw data uzunluk uyumsuzluğu (timestamps: 228, data: 56)
2026-05-02 23:26:43 - spektroskopi - WARNING - RealTimePanel: IR_850nm calibrated data uzunluk uyumsuzluğu (timestamps: 228, data: 56)
2026-05-02 23:26:43 - spektroskopi - WARNING - RealTimePanel: IR_940nm raw data uzunluk uyumsuzluğu (timestamps: 228, data: 56)
2026-05-02 23:26:43 - spektroskopi - WARNING - RealTimePanel: IR_940nm calibrated data uzunluk uyumsuzluğu (timestamps: 228, data: 56)
2026-05-02 23:26:43 - spektroskopi - INFO - Raspberry Pi'dan veri alındı: 6e400004-b5a3-f393-e0a9-e50e24dcca9e (Handle: 11): Unknown, uzunluk: 2
2026-05-02 23:26:43 - spektroskopi - INFO - Raspberry Pi verisi: Ham=288, Voltaj=288.000V
2026-05-02 23:26:43 - spektroskopi - INFO - Raspberry Pi verisi işlendi: SENSOR_7 = 288.000V
2026-05-02 23:26:43 - spektroskopi - INFO - Raspberry Pi'dan veri alındı: 6e400003-b5a3-f393-e0a9-e50e24dcca9e (Handle: 8): Nordic UART TX, uzunluk: 2
2026-05-02 23:26:43 - spektroskopi - INFO - Raspberry Pi verisi: Ham=492, Voltaj=492.000V
2026-05-02 23:26:43 - spektroskopi - INFO - Raspberry Pi verisi işlendi: SENSOR_5 = 492.000V
2026-05-02 23:26:44 - spektroskopi - INFO - Raspberry Pi'dan veri alındı: 6e400002-b5a3-f393-e0a9-e50e24dcca9e (Handle: 19): Nordic UART RX, uzunluk: 2
2026-05-02 23:26:44 - spektroskopi - INFO - Raspberry Pi verisi: Ham=3126, Voltaj=3126.000V
2026-05-02 23:26:44 - spektroskopi - INFO - Raspberry Pi verisi işlendi: SENSOR_2 = 3126.000V
2026-05-02 23:26:44 - spektroskopi - INFO - Raspberry Pi'dan veri alındı: 6e400005-b5a3-f393-e0a9-e50e24dcca9e (Handle: 16): Unknown, uzunluk: 2
2026-05-02 23:26:44 - spektroskopi - INFO - Raspberry Pi verisi: Ham=444, Voltaj=444.000V
2026-05-02 23:26:44 - spektroskopi - INFO - Raspberry Pi verisi işlendi: SENSOR_EXTRA = 444.000V
2026-05-02 23:26:44 - spektroskopi - INFO - Raspberry Pi'dan veri alındı: 6e400004-b5a3-f393-e0a9-e50e24dcca9e (Handle: 11): Unknown, uzunluk: 2
2026-05-02 23:26:44 - spektroskopi - INFO - Raspberry Pi verisi: Ham=387, Voltaj=387.000V
2026-05-02 23:26:44 - spektroskopi - INFO - Raspberry Pi verisi işlendi: SENSOR_7 = 387.000V
2026-05-02 23:26:44 - spektroskopi - WARNING - Zaman sıralama düzeltildi (averaged): 2026-05-02 23:26:44.568705
2026-05-02 23:26:44 - spektroskopi - WARNING - Zaman sıralama düzeltildi (averaged): 2026-05-02 23:26:44.569705
2026-05-02 23:26:44 - spektroskopi - WARNING - Zaman sıralama düzeltildi (averaged): 2026-05-02 23:26:44.570705
2026-05-02 23:26:44 - spektroskopi - WARNING - Zaman sıralama düzeltildi (averaged): 2026-05-02 23:26:44.571705
2026-05-02 23:26:44 - spektroskopi - WARNING - Zaman sıralama düzeltildi (averaged): 2026-05-02 23:26:44.572705
2026-05-02 23:26:44 - spektroskopi - WARNING - RealTimePanel: UV_360nm raw data uzunluk uyumsuzluğu (timestamps: 238, data: 60)
2026-05-02 23:26:44 - spektroskopi - WARNING - RealTimePanel: UV_360nm calibrated data uzunluk uyumsuzluğu (timestamps: 238, data: 60)
2026-05-02 23:26:44 - spektroskopi - WARNING - RealTimePanel: Blue_450nm raw data uzunluk uyumsuzluğu (timestamps: 238, data: 60)
2026-05-02 23:26:44 - spektroskopi - WARNING - RealTimePanel: Blue_450nm calibrated data uzunluk uyumsuzluğu (timestamps: 238, data: 60)
2026-05-02 23:26:44 - spektroskopi - WARNING - RealTimePanel: IR_850nm raw data uzunluk uyumsuzluğu (timestamps: 238, data: 60)
2026-05-02 23:26:44 - spektroskopi - WARNING - RealTimePanel: IR_850nm calibrated data uzunluk uyumsuzluğu (timestamps: 238, data: 60)
2026-05-02 23:26:44 - spektroskopi - WARNING - RealTimePanel: IR_940nm raw data uzunluk uyumsuzluğu (timestamps: 238, data: 58)
2026-05-02 23:26:44 - spektroskopi - WARNING - RealTimePanel: IR_940nm calibrated data uzunluk uyumsuzluğu (timestamps: 238, data: 58)
2026-05-02 23:26:44 - spektroskopi - INFO - Raspberry Pi'dan veri alındı: 6e400003-b5a3-f393-e0a9-e50e24dcca9e (Handle: 8): Nordic UART TX, uzunluk: 2
2026-05-02 23:26:44 - spektroskopi - INFO - Raspberry Pi verisi: Ham=669, Voltaj=669.000V
2026-05-02 23:26:44 - spektroskopi - INFO - Raspberry Pi verisi işlendi: SENSOR_5 = 669.000V
2026-05-02 23:26:44 - spektroskopi - INFO - Raspberry Pi'dan veri alındı: 6e400002-b5a3-f393-e0a9-e50e24dcca9e (Handle: 19): Nordic UART RX, uzunluk: 2
2026-05-02 23:26:44 - spektroskopi - INFO - Raspberry Pi verisi: Ham=3098, Voltaj=3098.000V
2026-05-02 23:26:44 - spektroskopi - INFO - Raspberry Pi verisi işlendi: SENSOR_2 = 3098.000V
2026-05-02 23:26:45 - spektroskopi - INFO - Raspberry Pi'dan veri alındı: 6e400005-b5a3-f393-e0a9-e50e24dcca9e (Handle: 16): Unknown, uzunluk: 2
2026-05-02 23:26:45 - spektroskopi - INFO - Raspberry Pi verisi: Ham=526, Voltaj=526.000V
2026-05-02 23:26:45 - spektroskopi - INFO - Raspberry Pi verisi işlendi: SENSOR_EXTRA = 526.000V
2026-05-02 23:26:45 - spektroskopi - INFO - Raspberry Pi'dan veri alındı: 6e400004-b5a3-f393-e0a9-e50e24dcca9e (Handle: 11): Unknown, uzunluk: 2
2026-05-02 23:26:45 - spektroskopi - INFO - Raspberry Pi verisi: Ham=387, Voltaj=387.000V
2026-05-02 23:26:45 - spektroskopi - INFO - Raspberry Pi verisi işlendi: SENSOR_7 = 387.000V
2026-05-02 23:26:45 - spektroskopi - WARNING - Zaman sıralama düzeltildi (averaged): 2026-05-02 23:26:45.468601
2026-05-02 23:26:45 - spektroskopi - WARNING - Zaman sıralama düzeltildi (averaged): 2026-05-02 23:26:45.469601
2026-05-02 23:26:45 - spektroskopi - WARNING - Zaman sıralama düzeltildi (averaged): 2026-05-02 23:26:45.470601
2026-05-02 23:26:45 - spektroskopi - WARNING - Zaman sıralama düzeltildi (averaged): 2026-05-02 23:26:45.471601
2026-05-02 23:26:45 - spektroskopi - WARNING - RealTimePanel: UV_360nm raw data uzunluk uyumsuzluğu (timestamps: 246, data: 62)
2026-05-02 23:26:45 - spektroskopi - WARNING - RealTimePanel: UV_360nm calibrated data uzunluk uyumsuzluğu (timestamps: 246, data: 62)
2026-05-02 23:26:45 - spektroskopi - WARNING - RealTimePanel: Blue_450nm raw data uzunluk uyumsuzluğu (timestamps: 246, data: 62)
2026-05-02 23:26:45 - spektroskopi - WARNING - RealTimePanel: Blue_450nm calibrated data uzunluk uyumsuzluğu (timestamps: 246, data: 62)
2026-05-02 23:26:45 - spektroskopi - WARNING - RealTimePanel: IR_850nm raw data uzunluk uyumsuzluğu (timestamps: 246, data: 62)
2026-05-02 23:26:45 - spektroskopi - WARNING - RealTimePanel: IR_850nm calibrated data uzunluk uyumsuzluğu (timestamps: 246, data: 62)
2026-05-02 23:26:45 - spektroskopi - WARNING - RealTimePanel: IR_940nm raw data uzunluk uyumsuzluğu (timestamps: 246, data: 60)
2026-05-02 23:26:45 - spektroskopi - WARNING - RealTimePanel: IR_940nm calibrated data uzunluk uyumsuzluğu (timestamps: 246, data: 60)
2026-05-02 23:26:45 - spektroskopi - INFO - Raspberry Pi'dan veri alındı: 6e400003-b5a3-f393-e0a9-e50e24dcca9e (Handle: 8): Nordic UART TX, uzunluk: 2
2026-05-02 23:26:45 - spektroskopi - INFO - Raspberry Pi verisi: Ham=664, Voltaj=664.000V
2026-05-02 23:26:45 - spektroskopi - INFO - Raspberry Pi verisi işlendi: SENSOR_5 = 664.000V
2026-05-02 23:26:45 - spektroskopi - INFO - Raspberry Pi'dan veri alındı: 6e400002-b5a3-f393-e0a9-e50e24dcca9e (Handle: 19): Nordic UART RX, uzunluk: 2
2026-05-02 23:26:45 - spektroskopi - INFO - Raspberry Pi verisi: Ham=3104, Voltaj=3104.000V
2026-05-02 23:26:45 - spektroskopi - INFO - Raspberry Pi verisi işlendi: SENSOR_2 = 3104.000V
2026-05-02 23:26:46 - spektroskopi - INFO - Raspberry Pi'dan veri alındı: 6e400005-b5a3-f393-e0a9-e50e24dcca9e (Handle: 16): Unknown, uzunluk: 2
2026-05-02 23:26:46 - spektroskopi - INFO - Raspberry Pi verisi: Ham=476, Voltaj=476.000V
2026-05-02 23:26:46 - spektroskopi - INFO - Raspberry Pi verisi işlendi: SENSOR_EXTRA = 476.000V
2026-05-02 23:26:46 - spektroskopi - INFO - Raspberry Pi'dan veri alındı: 6e400004-b5a3-f393-e0a9-e50e24dcca9e (Handle: 11): Unknown, uzunluk: 2
2026-05-02 23:26:46 - spektroskopi - INFO - Raspberry Pi verisi: Ham=388, Voltaj=388.000V
2026-05-02 23:26:46 - spektroskopi - INFO - Raspberry Pi verisi işlendi: SENSOR_7 = 388.000V
2026-05-02 23:26:46 - spektroskopi - INFO - Raspberry Pi'dan veri alındı: 6e400003-b5a3-f393-e0a9-e50e24dcca9e (Handle: 8): Nordic UART TX, uzunluk: 2
2026-05-02 23:26:46 - spektroskopi - INFO - Raspberry Pi verisi: Ham=667, Voltaj=667.000V
2026-05-02 23:26:46 - spektroskopi - INFO - Raspberry Pi verisi işlendi: SENSOR_5 = 667.000V
2026-05-02 23:26:46 - spektroskopi - INFO - Raspberry Pi'dan veri alındı: 6e400002-b5a3-f393-e0a9-e50e24dcca9e (Handle: 19): Nordic UART RX, uzunluk: 2
2026-05-02 23:26:46 - spektroskopi - INFO - Raspberry Pi verisi: Ham=3057, Voltaj=3057.000V
2026-05-02 23:26:46 - spektroskopi - INFO - Raspberry Pi verisi işlendi: SENSOR_2 = 3057.000V
2026-05-02 23:26:46 - spektroskopi - WARNING - Zaman sıralama düzeltildi (averaged): 2026-05-02 23:26:46.698933
2026-05-02 23:26:46 - spektroskopi - WARNING - Zaman sıralama düzeltildi (averaged): 2026-05-02 23:26:46.699933
2026-05-02 23:26:46 - spektroskopi - WARNING - Zaman sıralama düzeltildi (averaged): 2026-05-02 23:26:46.700933
2026-05-02 23:26:46 - spektroskopi - WARNING - Zaman sıralama düzeltildi (averaged): 2026-05-02 23:26:46.701933
2026-05-02 23:26:46 - spektroskopi - WARNING - Zaman sıralama düzeltildi (averaged): 2026-05-02 23:26:46.702933
2026-05-02 23:26:46 - spektroskopi - WARNING - Zaman sıralama düzeltildi (averaged): 2026-05-02 23:26:46.703933
2026-05-02 23:26:46 - spektroskopi - WARNING - RealTimePanel: UV_360nm raw data uzunluk uyumsuzluğu (timestamps: 258, data: 66)
2026-05-02 23:26:46 - spektroskopi - WARNING - RealTimePanel: UV_360nm calibrated data uzunluk uyumsuzluğu (timestamps: 258, data: 66)
2026-05-02 23:26:46 - spektroskopi - WARNING - RealTimePanel: Blue_450nm raw data uzunluk uyumsuzluğu (timestamps: 258, data: 64)
2026-05-02 23:26:46 - spektroskopi - WARNING - RealTimePanel: Blue_450nm calibrated data uzunluk uyumsuzluğu (timestamps: 258, data: 64)
2026-05-02 23:26:46 - spektroskopi - WARNING - RealTimePanel: IR_850nm raw data uzunluk uyumsuzluğu (timestamps: 258, data: 64)
2026-05-02 23:26:46 - spektroskopi - WARNING - RealTimePanel: IR_850nm calibrated data uzunluk uyumsuzluğu (timestamps: 258, data: 64)
2026-05-02 23:26:46 - spektroskopi - WARNING - RealTimePanel: IR_940nm raw data uzunluk uyumsuzluğu (timestamps: 258, data: 64)
2026-05-02 23:26:46 - spektroskopi - WARNING - RealTimePanel: IR_940nm calibrated data uzunluk uyumsuzluğu (timestamps: 258, data: 64)
2026-05-02 23:26:46 - spektroskopi - INFO - Raspberry Pi'dan veri alındı: 6e400005-b5a3-f393-e0a9-e50e24dcca9e (Handle: 16): Unknown, uzunluk: 2
2026-05-02 23:26:46 - spektroskopi - INFO - Raspberry Pi verisi: Ham=527, Voltaj=527.000V
2026-05-02 23:26:46 - spektroskopi - INFO - Raspberry Pi verisi işlendi: SENSOR_EXTRA = 527.000V
2026-05-02 23:26:47 - spektroskopi - INFO - Raspberry Pi'dan veri alındı: 6e400004-b5a3-f393-e0a9-e50e24dcca9e (Handle: 11): Unknown, uzunluk: 2
2026-05-02 23:26:47 - spektroskopi - INFO - Raspberry Pi verisi: Ham=394, Voltaj=394.000V
2026-05-02 23:26:47 - spektroskopi - INFO - Raspberry Pi verisi işlendi: SENSOR_7 = 394.000V
2026-05-02 23:26:47 - spektroskopi - INFO - Raspberry Pi'dan veri alındı: 6e400003-b5a3-f393-e0a9-e50e24dcca9e (Handle: 8): Nordic UART TX, uzunluk: 2
2026-05-02 23:26:47 - spektroskopi - INFO - Raspberry Pi verisi: Ham=676, Voltaj=676.000V
2026-05-02 23:26:47 - spektroskopi - INFO - Raspberry Pi verisi işlendi: SENSOR_5 = 676.000V
2026-05-02 23:26:47 - spektroskopi - INFO - Raspberry Pi'dan veri alındı: 6e400002-b5a3-f393-e0a9-e50e24dcca9e (Handle: 19): Nordic UART RX, uzunluk: 2
2026-05-02 23:26:47 - spektroskopi - INFO - Raspberry Pi verisi: Ham=3054, Voltaj=3054.000V
2026-05-02 23:26:47 - spektroskopi - INFO - Raspberry Pi verisi işlendi: SENSOR_2 = 3054.000V
2026-05-02 23:26:47 - spektroskopi - WARNING - Zaman sıralama düzeltildi (averaged): 2026-05-02 23:26:47.599101
2026-05-02 23:26:47 - spektroskopi - WARNING - Zaman sıralama düzeltildi (averaged): 2026-05-02 23:26:47.600101
2026-05-02 23:26:47 - spektroskopi - WARNING - Zaman sıralama düzeltildi (averaged): 2026-05-02 23:26:47.601101
2026-05-02 23:26:47 - spektroskopi - WARNING - Zaman sıralama düzeltildi (averaged): 2026-05-02 23:26:47.602101
2026-05-02 23:26:47 - spektroskopi - WARNING - RealTimePanel: UV_360nm raw data uzunluk uyumsuzluğu (timestamps: 266, data: 68)
2026-05-02 23:26:47 - spektroskopi - WARNING - RealTimePanel: UV_360nm calibrated data uzunluk uyumsuzluğu (timestamps: 266, data: 68)
2026-05-02 23:26:47 - spektroskopi - WARNING - RealTimePanel: Blue_450nm raw data uzunluk uyumsuzluğu (timestamps: 266, data: 66)
2026-05-02 23:26:47 - spektroskopi - WARNING - RealTimePanel: Blue_450nm calibrated data uzunluk uyumsuzluğu (timestamps: 266, data: 66)
2026-05-02 23:26:47 - spektroskopi - WARNING - RealTimePanel: IR_850nm raw data uzunluk uyumsuzluğu (timestamps: 266, data: 66)
2026-05-02 23:26:47 - spektroskopi - WARNING - RealTimePanel: IR_850nm calibrated data uzunluk uyumsuzluğu (timestamps: 266, data: 66)
2026-05-02 23:26:47 - spektroskopi - WARNING - RealTimePanel: IR_940nm raw data uzunluk uyumsuzluğu (timestamps: 266, data: 66)
2026-05-02 23:26:47 - spektroskopi - WARNING - RealTimePanel: IR_940nm calibrated data uzunluk uyumsuzluğu (timestamps: 266, data: 66)
2026-05-02 23:26:47 - spektroskopi - INFO - Raspberry Pi'dan veri alındı: 6e400005-b5a3-f393-e0a9-e50e24dcca9e (Handle: 16): Unknown, uzunluk: 2
2026-05-02 23:26:47 - spektroskopi - INFO - Raspberry Pi verisi: Ham=495, Voltaj=495.000V
2026-05-02 23:26:47 - spektroskopi - INFO - Raspberry Pi verisi işlendi: SENSOR_EXTRA = 495.000V
2026-05-02 23:26:48 - spektroskopi - INFO - Raspberry Pi'dan veri alındı: 6e400004-b5a3-f393-e0a9-e50e24dcca9e (Handle: 11): Unknown, uzunluk: 2
2026-05-02 23:26:48 - spektroskopi - INFO - Raspberry Pi verisi: Ham=387, Voltaj=387.000V
2026-05-02 23:26:48 - spektroskopi - INFO - Raspberry Pi verisi işlendi: SENSOR_7 = 387.000V
2026-05-02 23:26:48 - spektroskopi - INFO - Raspberry Pi'dan veri alındı: 6e400003-b5a3-f393-e0a9-e50e24dcca9e (Handle: 8): Nordic UART TX, uzunluk: 2
2026-05-02 23:26:48 - spektroskopi - INFO - Raspberry Pi verisi: Ham=655, Voltaj=655.000V
2026-05-02 23:26:48 - spektroskopi - INFO - Raspberry Pi verisi işlendi: SENSOR_5 = 655.000V
2026-05-02 23:26:48 - spektroskopi - INFO - Raspberry Pi'dan veri alındı: 6e400002-b5a3-f393-e0a9-e50e24dcca9e (Handle: 19): Nordic UART RX, uzunluk: 2
2026-05-02 23:26:48 - spektroskopi - INFO - Raspberry Pi verisi: Ham=3106, Voltaj=3106.000V
2026-05-02 23:26:48 - spektroskopi - INFO - Raspberry Pi verisi işlendi: SENSOR_2 = 3106.000V
2026-05-02 23:26:48 - spektroskopi - WARNING - Zaman sıralama düzeltildi (averaged): 2026-05-02 23:26:48.469033
2026-05-02 23:26:48 - spektroskopi - WARNING - Zaman sıralama düzeltildi (averaged): 2026-05-02 23:26:48.470033
2026-05-02 23:26:48 - spektroskopi - WARNING - Zaman sıralama düzeltildi (averaged): 2026-05-02 23:26:48.471033
2026-05-02 23:26:48 - spektroskopi - WARNING - Zaman sıralama düzeltildi (averaged): 2026-05-02 23:26:48.472033
2026-05-02 23:26:48 - spektroskopi - WARNING - RealTimePanel: UV_360nm raw data uzunluk uyumsuzluğu (timestamps: 274, data: 70)
2026-05-02 23:26:48 - spektroskopi - WARNING - RealTimePanel: UV_360nm calibrated data uzunluk uyumsuzluğu (timestamps: 274, data: 70)
2026-05-02 23:26:48 - spektroskopi - WARNING - RealTimePanel: Blue_450nm raw data uzunluk uyumsuzluğu (timestamps: 274, data: 68)
2026-05-02 23:26:48 - spektroskopi - WARNING - RealTimePanel: Blue_450nm calibrated data uzunluk uyumsuzluğu (timestamps: 274, data: 68)
2026-05-02 23:26:48 - spektroskopi - WARNING - RealTimePanel: IR_850nm raw data uzunluk uyumsuzluğu (timestamps: 274, data: 68)
2026-05-02 23:26:48 - spektroskopi - WARNING - RealTimePanel: IR_850nm calibrated data uzunluk uyumsuzluğu (timestamps: 274, data: 68)
2026-05-02 23:26:48 - spektroskopi - WARNING - RealTimePanel: IR_940nm raw data uzunluk uyumsuzluğu (timestamps: 274, data: 68)
2026-05-02 23:26:48 - spektroskopi - WARNING - RealTimePanel: IR_940nm calibrated data uzunluk uyumsuzluğu (timestamps: 274, data: 68)
2026-05-02 23:26:48 - spektroskopi - INFO - Raspberry Pi'dan veri alındı: 6e400005-b5a3-f393-e0a9-e50e24dcca9e (Handle: 16): Unknown, uzunluk: 2
2026-05-02 23:26:48 - spektroskopi - INFO - Raspberry Pi verisi: Ham=480, Voltaj=480.000V
2026-05-02 23:26:48 - spektroskopi - INFO - Raspberry Pi verisi işlendi: SENSOR_EXTRA = 480.000V
2026-05-02 23:26:48 - spektroskopi - INFO - Raspberry Pi'dan veri alındı: 6e400004-b5a3-f393-e0a9-e50e24dcca9e (Handle: 11): Unknown, uzunluk: 2
2026-05-02 23:26:48 - spektroskopi - INFO - Raspberry Pi verisi: Ham=387, Voltaj=387.000V
2026-05-02 23:26:48 - spektroskopi - INFO - Raspberry Pi verisi işlendi: SENSOR_7 = 387.000V
2026-05-02 23:26:49 - spektroskopi - INFO - Raspberry Pi'dan veri alındı: 6e400003-b5a3-f393-e0a9-e50e24dcca9e (Handle: 8): Nordic UART TX, uzunluk: 2
2026-05-02 23:26:49 - spektroskopi - INFO - Raspberry Pi verisi: Ham=671, Voltaj=671.000V
2026-05-02 23:26:49 - spektroskopi - INFO - Raspberry Pi verisi işlendi: SENSOR_5 = 671.000V
2026-05-02 23:26:49 - spektroskopi - INFO - Raspberry Pi'dan veri alındı: 6e400002-b5a3-f393-e0a9-e50e24dcca9e (Handle: 19): Nordic UART RX, uzunluk: 2
2026-05-02 23:26:49 - spektroskopi - INFO - Raspberry Pi verisi: Ham=3099, Voltaj=3099.000V
2026-05-02 23:26:49 - spektroskopi - INFO - Raspberry Pi verisi işlendi: SENSOR_2 = 3099.000V
2026-05-02 23:26:49 - spektroskopi - INFO - Raspberry Pi'dan veri alındı: 6e400005-b5a3-f393-e0a9-e50e24dcca9e (Handle: 16): Unknown, uzunluk: 2
2026-05-02 23:26:49 - spektroskopi - INFO - Raspberry Pi verisi: Ham=447, Voltaj=447.000V
2026-05-02 23:26:49 - spektroskopi - INFO - Raspberry Pi verisi işlendi: SENSOR_EXTRA = 447.000V
2026-05-02 23:26:49 - spektroskopi - WARNING - Zaman sıralama düzeltildi (averaged): 2026-05-02 23:26:49.608814
2026-05-02 23:26:49 - spektroskopi - WARNING - Zaman sıralama düzeltildi (averaged): 2026-05-02 23:26:49.609814
2026-05-02 23:26:49 - spektroskopi - WARNING - Zaman sıralama düzeltildi (averaged): 2026-05-02 23:26:49.610814
2026-05-02 23:26:49 - spektroskopi - WARNING - Zaman sıralama düzeltildi (averaged): 2026-05-02 23:26:49.611814
2026-05-02 23:26:49 - spektroskopi - WARNING - Zaman sıralama düzeltildi (averaged): 2026-05-02 23:26:49.612814
2026-05-02 23:26:49 - spektroskopi - WARNING - RealTimePanel: UV_360nm raw data uzunluk uyumsuzluğu (timestamps: 284, data: 72)
2026-05-02 23:26:49 - spektroskopi - WARNING - RealTimePanel: UV_360nm calibrated data uzunluk uyumsuzluğu (timestamps: 284, data: 72)
2026-05-02 23:26:49 - spektroskopi - WARNING - RealTimePanel: Blue_450nm raw data uzunluk uyumsuzluğu (timestamps: 284, data: 72)
2026-05-02 23:26:49 - spektroskopi - WARNING - RealTimePanel: Blue_450nm calibrated data uzunluk uyumsuzluğu (timestamps: 284, data: 72)
2026-05-02 23:26:49 - spektroskopi - WARNING - RealTimePanel: IR_850nm raw data uzunluk uyumsuzluğu (timestamps: 284, data: 70)
2026-05-02 23:26:49 - spektroskopi - WARNING - RealTimePanel: IR_850nm calibrated data uzunluk uyumsuzluğu (timestamps: 284, data: 70)
2026-05-02 23:26:49 - spektroskopi - WARNING - RealTimePanel: IR_940nm raw data uzunluk uyumsuzluğu (timestamps: 284, data: 70)
2026-05-02 23:26:49 - spektroskopi - WARNING - RealTimePanel: IR_940nm calibrated data uzunluk uyumsuzluğu (timestamps: 284, data: 70)
2026-05-02 23:26:49 - spektroskopi - INFO - Raspberry Pi'dan veri alındı: 6e400004-b5a3-f393-e0a9-e50e24dcca9e (Handle: 11): Unknown, uzunluk: 2
2026-05-02 23:26:49 - spektroskopi - INFO - Raspberry Pi verisi: Ham=386, Voltaj=386.000V
2026-05-02 23:26:49 - spektroskopi - INFO - Raspberry Pi verisi işlendi: SENSOR_7 = 386.000V
2026-05-02 23:26:50 - spektroskopi - INFO - Raspberry Pi'dan veri alındı: 6e400003-b5a3-f393-e0a9-e50e24dcca9e (Handle: 8): Nordic UART TX, uzunluk: 2
2026-05-02 23:26:50 - spektroskopi - INFO - Raspberry Pi verisi: Ham=672, Voltaj=672.000V
2026-05-02 23:26:50 - spektroskopi - INFO - Raspberry Pi verisi işlendi: SENSOR_5 = 672.000V
2026-05-02 23:26:50 - spektroskopi - INFO - Raspberry Pi'dan veri alındı: 6e400002-b5a3-f393-e0a9-e50e24dcca9e (Handle: 19): Nordic UART RX, uzunluk: 2
2026-05-02 23:26:50 - spektroskopi - INFO - Raspberry Pi verisi: Ham=3098, Voltaj=3098.000V
2026-05-02 23:26:50 - spektroskopi - INFO - Raspberry Pi verisi işlendi: SENSOR_2 = 3098.000V
2026-05-02 23:26:50 - spektroskopi - INFO - Raspberry Pi'dan veri alındı: 6e400005-b5a3-f393-e0a9-e50e24dcca9e (Handle: 16): Unknown, uzunluk: 2
2026-05-02 23:26:50 - spektroskopi - INFO - Raspberry Pi verisi: Ham=463, Voltaj=463.000V
2026-05-02 23:26:50 - spektroskopi - INFO - Raspberry Pi verisi işlendi: SENSOR_EXTRA = 463.000V
2026-05-02 23:26:50 - spektroskopi - WARNING - Zaman sıralama düzeltildi (averaged): 2026-05-02 23:26:50.479118
2026-05-02 23:26:50 - spektroskopi - WARNING - Zaman sıralama düzeltildi (averaged): 2026-05-02 23:26:50.480118
2026-05-02 23:26:50 - spektroskopi - WARNING - Zaman sıralama düzeltildi (averaged): 2026-05-02 23:26:50.481118
2026-05-02 23:26:50 - spektroskopi - WARNING - Zaman sıralama düzeltildi (averaged): 2026-05-02 23:26:50.482118
2026-05-02 23:26:50 - spektroskopi - WARNING - RealTimePanel: UV_360nm raw data uzunluk uyumsuzluğu (timestamps: 292, data: 74)
2026-05-02 23:26:50 - spektroskopi - WARNING - RealTimePanel: UV_360nm calibrated data uzunluk uyumsuzluğu (timestamps: 292, data: 74)
2026-05-02 23:26:50 - spektroskopi - WARNING - RealTimePanel: Blue_450nm raw data uzunluk uyumsuzluğu (timestamps: 292, data: 74)
2026-05-02 23:26:50 - spektroskopi - WARNING - RealTimePanel: Blue_450nm calibrated data uzunluk uyumsuzluğu (timestamps: 292, data: 74)
2026-05-02 23:26:50 - spektroskopi - WARNING - RealTimePanel: IR_850nm raw data uzunluk uyumsuzluğu (timestamps: 292, data: 72)
2026-05-02 23:26:50 - spektroskopi - WARNING - RealTimePanel: IR_850nm calibrated data uzunluk uyumsuzluğu (timestamps: 292, data: 72)
2026-05-02 23:26:50 - spektroskopi - WARNING - RealTimePanel: IR_940nm raw data uzunluk uyumsuzluğu (timestamps: 292, data: 72)
2026-05-02 23:26:50 - spektroskopi - WARNING - RealTimePanel: IR_940nm calibrated data uzunluk uyumsuzluğu (timestamps: 292, data: 72)
2026-05-02 23:26:50 - spektroskopi - INFO - Raspberry Pi'dan veri alındı: 6e400004-b5a3-f393-e0a9-e50e24dcca9e (Handle: 11): Unknown, uzunluk: 2
2026-05-02 23:26:50 - spektroskopi - INFO - Raspberry Pi verisi: Ham=387, Voltaj=387.000V
2026-05-02 23:26:50 - spektroskopi - INFO - Raspberry Pi verisi işlendi: SENSOR_7 = 387.000V
2026-05-02 23:26:50 - spektroskopi - INFO - Raspberry Pi'dan veri alındı: 6e400003-b5a3-f393-e0a9-e50e24dcca9e (Handle: 8): Nordic UART TX, uzunluk: 2
2026-05-02 23:26:50 - spektroskopi - INFO - Raspberry Pi verisi: Ham=663, Voltaj=663.000V
2026-05-02 23:26:50 - spektroskopi - INFO - Raspberry Pi verisi işlendi: SENSOR_5 = 663.000V
2026-05-02 23:26:51 - spektroskopi - INFO - Raspberry Pi'dan veri alındı: 6e400002-b5a3-f393-e0a9-e50e24dcca9e (Handle: 19): Nordic UART RX, uzunluk: 2
2026-05-02 23:26:51 - spektroskopi - INFO - Raspberry Pi verisi: Ham=3103, Voltaj=3103.000V
2026-05-02 23:26:51 - spektroskopi - INFO - Raspberry Pi verisi işlendi: SENSOR_2 = 3103.000V
2026-05-02 23:26:51 - spektroskopi - INFO - Raspberry Pi'dan veri alındı: 6e400005-b5a3-f393-e0a9-e50e24dcca9e (Handle: 16): Unknown, uzunluk: 2
2026-05-02 23:26:51 - spektroskopi - INFO - Raspberry Pi verisi: Ham=468, Voltaj=468.000V
2026-05-02 23:26:51 - spektroskopi - INFO - Raspberry Pi verisi işlendi: SENSOR_EXTRA = 468.000V
2026-05-02 23:26:51 - spektroskopi - INFO - Raspberry Pi'dan veri alındı: 6e400004-b5a3-f393-e0a9-e50e24dcca9e (Handle: 11): Unknown, uzunluk: 2
2026-05-02 23:26:51 - spektroskopi - INFO - Raspberry Pi verisi: Ham=388, Voltaj=388.000V
2026-05-02 23:26:51 - spektroskopi - INFO - Raspberry Pi verisi işlendi: SENSOR_7 = 388.000V
2026-05-02 23:26:51 - spektroskopi - WARNING - Zaman sıralama düzeltildi (averaged): 2026-05-02 23:26:51.619004
2026-05-02 23:26:51 - spektroskopi - WARNING - Zaman sıralama düzeltildi (averaged): 2026-05-02 23:26:51.620004
2026-05-02 23:26:51 - spektroskopi - WARNING - Zaman sıralama düzeltildi (averaged): 2026-05-02 23:26:51.621004
2026-05-02 23:26:51 - spektroskopi - WARNING - Zaman sıralama düzeltildi (averaged): 2026-05-02 23:26:51.622004
2026-05-02 23:26:51 - spektroskopi - WARNING - Zaman sıralama düzeltildi (averaged): 2026-05-02 23:26:51.623004
2026-05-02 23:26:51 - spektroskopi - WARNING - RealTimePanel: UV_360nm raw data uzunluk uyumsuzluğu (timestamps: 302, data: 76)
2026-05-02 23:26:51 - spektroskopi - WARNING - RealTimePanel: UV_360nm calibrated data uzunluk uyumsuzluğu (timestamps: 302, data: 76)
2026-05-02 23:26:51 - spektroskopi - WARNING - RealTimePanel: Blue_450nm raw data uzunluk uyumsuzluğu (timestamps: 302, data: 76)
2026-05-02 23:26:51 - spektroskopi - WARNING - RealTimePanel: Blue_450nm calibrated data uzunluk uyumsuzluğu (timestamps: 302, data: 76)
2026-05-02 23:26:51 - spektroskopi - WARNING - RealTimePanel: IR_850nm raw data uzunluk uyumsuzluğu (timestamps: 302, data: 76)
2026-05-02 23:26:51 - spektroskopi - WARNING - RealTimePanel: IR_850nm calibrated data uzunluk uyumsuzluğu (timestamps: 302, data: 76)
2026-05-02 23:26:51 - spektroskopi - WARNING - RealTimePanel: IR_940nm raw data uzunluk uyumsuzluğu (timestamps: 302, data: 74)
2026-05-02 23:26:51 - spektroskopi - WARNING - RealTimePanel: IR_940nm calibrated data uzunluk uyumsuzluğu (timestamps: 302, data: 74)
2026-05-02 23:26:51 - spektroskopi - INFO - Raspberry Pi'dan veri alındı: 6e400003-b5a3-f393-e0a9-e50e24dcca9e (Handle: 8): Nordic UART TX, uzunluk: 2
2026-05-02 23:26:51 - spektroskopi - INFO - Raspberry Pi verisi: Ham=676, Voltaj=676.000V
2026-05-02 23:26:51 - spektroskopi - INFO - Raspberry Pi verisi işlendi: SENSOR_5 = 676.000V
2026-05-02 23:26:52 - spektroskopi - INFO - Raspberry Pi'dan veri alındı: 6e400002-b5a3-f393-e0a9-e50e24dcca9e (Handle: 19): Nordic UART RX, uzunluk: 2
2026-05-02 23:26:52 - spektroskopi - INFO - Raspberry Pi verisi: Ham=3066, Voltaj=3066.000V
2026-05-02 23:26:52 - spektroskopi - INFO - Raspberry Pi verisi işlendi: SENSOR_2 = 3066.000V
2026-05-02 23:26:52 - spektroskopi - INFO - Raspberry Pi'dan veri alındı: 6e400005-b5a3-f393-e0a9-e50e24dcca9e (Handle: 16): Unknown, uzunluk: 2
2026-05-02 23:26:52 - spektroskopi - INFO - Raspberry Pi verisi: Ham=477, Voltaj=477.000V
2026-05-02 23:26:52 - spektroskopi - INFO - Raspberry Pi verisi işlendi: SENSOR_EXTRA = 477.000V
2026-05-02 23:26:52 - spektroskopi - INFO - Raspberry Pi'dan veri alındı: 6e400004-b5a3-f393-e0a9-e50e24dcca9e (Handle: 11): Unknown, uzunluk: 2
2026-05-02 23:26:52 - spektroskopi - INFO - Raspberry Pi verisi: Ham=381, Voltaj=381.000V
2026-05-02 23:26:52 - spektroskopi - INFO - Raspberry Pi verisi işlendi: SENSOR_7 = 381.000V
2026-05-02 23:26:52 - spektroskopi - WARNING - Zaman sıralama düzeltildi (averaged): 2026-05-02 23:26:52.519073
2026-05-02 23:26:52 - spektroskopi - WARNING - Zaman sıralama düzeltildi (averaged): 2026-05-02 23:26:52.520073
2026-05-02 23:26:52 - spektroskopi - WARNING - Zaman sıralama düzeltildi (averaged): 2026-05-02 23:26:52.521073
2026-05-02 23:26:52 - spektroskopi - WARNING - Zaman sıralama düzeltildi (averaged): 2026-05-02 23:26:52.522073
2026-05-02 23:26:52 - spektroskopi - WARNING - RealTimePanel: UV_360nm raw data uzunluk uyumsuzluğu (timestamps: 310, data: 78)
2026-05-02 23:26:52 - spektroskopi - WARNING - RealTimePanel: UV_360nm calibrated data uzunluk uyumsuzluğu (timestamps: 310, data: 78)
2026-05-02 23:26:52 - spektroskopi - WARNING - RealTimePanel: Blue_450nm raw data uzunluk uyumsuzluğu (timestamps: 310, data: 78)
2026-05-02 23:26:52 - spektroskopi - WARNING - RealTimePanel: Blue_450nm calibrated data uzunluk uyumsuzluğu (timestamps: 310, data: 78)
2026-05-02 23:26:52 - spektroskopi - WARNING - RealTimePanel: IR_850nm raw data uzunluk uyumsuzluğu (timestamps: 310, data: 78)
2026-05-02 23:26:52 - spektroskopi - WARNING - RealTimePanel: IR_850nm calibrated data uzunluk uyumsuzluğu (timestamps: 310, data: 78)
2026-05-02 23:26:52 - spektroskopi - WARNING - RealTimePanel: IR_940nm raw data uzunluk uyumsuzluğu (timestamps: 310, data: 76)
2026-05-02 23:26:52 - spektroskopi - WARNING - RealTimePanel: IR_940nm calibrated data uzunluk uyumsuzluğu (timestamps: 310, data: 76)
2026-05-02 23:26:52 - spektroskopi - INFO - Raspberry Pi'dan veri alındı: 6e400003-b5a3-f393-e0a9-e50e24dcca9e (Handle: 8): Nordic UART TX, uzunluk: 2
2026-05-02 23:26:52 - spektroskopi - INFO - Raspberry Pi verisi: Ham=672, Voltaj=672.000V
2026-05-02 23:26:52 - spektroskopi - INFO - Raspberry Pi verisi işlendi: SENSOR_5 = 672.000V
2026-05-02 23:26:52 - spektroskopi - INFO - Raspberry Pi'dan veri alındı: 6e400002-b5a3-f393-e0a9-e50e24dcca9e (Handle: 19): Nordic UART RX, uzunluk: 2
2026-05-02 23:26:52 - spektroskopi - INFO - Raspberry Pi verisi: Ham=3106, Voltaj=3106.000V
2026-05-02 23:26:52 - spektroskopi - INFO - Raspberry Pi verisi işlendi: SENSOR_2 = 3106.000V
2026-05-02 23:26:53 - spektroskopi - INFO - Raspberry Pi'dan veri alındı: 6e400005-b5a3-f393-e0a9-e50e24dcca9e (Handle: 16): Unknown, uzunluk: 2
2026-05-02 23:26:53 - spektroskopi - INFO - Raspberry Pi verisi: Ham=489, Voltaj=489.000V
2026-05-02 23:26:53 - spektroskopi - INFO - Raspberry Pi verisi işlendi: SENSOR_EXTRA = 489.000V
2026-05-02 23:26:53 - spektroskopi - INFO - Raspberry Pi'dan veri alındı: 6e400004-b5a3-f393-e0a9-e50e24dcca9e (Handle: 11): Unknown, uzunluk: 2
2026-05-02 23:26:53 - spektroskopi - INFO - Raspberry Pi verisi: Ham=386, Voltaj=386.000V
2026-05-02 23:26:53 - spektroskopi - INFO - Raspberry Pi verisi işlendi: SENSOR_7 = 386.000V
2026-05-02 23:26:53 - spektroskopi - INFO - Raspberry Pi'dan veri alındı: 6e400003-b5a3-f393-e0a9-e50e24dcca9e (Handle: 8): Nordic UART TX, uzunluk: 2
2026-05-02 23:26:53 - spektroskopi - INFO - Raspberry Pi verisi: Ham=670, Voltaj=670.000V
2026-05-02 23:26:53 - spektroskopi - INFO - Raspberry Pi verisi işlendi: SENSOR_5 = 670.000V
2026-05-02 23:26:53 - spektroskopi - WARNING - Zaman sıralama düzeltildi (averaged): 2026-05-02 23:26:53.659145
2026-05-02 23:26:53 - spektroskopi - WARNING - Zaman sıralama düzeltildi (averaged): 2026-05-02 23:26:53.660145
2026-05-02 23:26:53 - spektroskopi - WARNING - Zaman sıralama düzeltildi (averaged): 2026-05-02 23:26:53.661145
2026-05-02 23:26:53 - spektroskopi - WARNING - Zaman sıralama düzeltildi (averaged): 2026-05-02 23:26:53.662145
2026-05-02 23:26:53 - spektroskopi - WARNING - Zaman sıralama düzeltildi (averaged): 2026-05-02 23:26:53.663145
2026-05-02 23:26:53 - spektroskopi - WARNING - RealTimePanel: UV_360nm raw data uzunluk uyumsuzluğu (timestamps: 320, data: 80)
2026-05-02 23:26:53 - spektroskopi - WARNING - RealTimePanel: UV_360nm calibrated data uzunluk uyumsuzluğu (timestamps: 320, data: 80)
2026-05-02 23:26:53 - spektroskopi - WARNING - RealTimePanel: Blue_450nm raw data uzunluk uyumsuzluğu (timestamps: 320, data: 80)
2026-05-02 23:26:53 - spektroskopi - WARNING - RealTimePanel: Blue_450nm calibrated data uzunluk uyumsuzluğu (timestamps: 320, data: 80)
2026-05-02 23:26:53 - spektroskopi - WARNING - RealTimePanel: IR_850nm raw data uzunluk uyumsuzluğu (timestamps: 320, data: 80)
2026-05-02 23:26:53 - spektroskopi - WARNING - RealTimePanel: IR_850nm calibrated data uzunluk uyumsuzluğu (timestamps: 320, data: 80)
2026-05-02 23:26:53 - spektroskopi - WARNING - RealTimePanel: IR_940nm raw data uzunluk uyumsuzluğu (timestamps: 320, data: 80)
2026-05-02 23:26:53 - spektroskopi - WARNING - RealTimePanel: IR_940nm calibrated data uzunluk uyumsuzluğu (timestamps: 320, data: 80)
2026-05-02 23:26:53 - spektroskopi - INFO - Raspberry Pi'dan veri alındı: 6e400002-b5a3-f393-e0a9-e50e24dcca9e (Handle: 19): Nordic UART RX, uzunluk: 2
2026-05-02 23:26:53 - spektroskopi - INFO - Raspberry Pi verisi: Ham=3085, Voltaj=3085.000V
2026-05-02 23:26:53 - spektroskopi - INFO - Raspberry Pi verisi işlendi: SENSOR_2 = 3085.000V
2026-05-02 23:26:54 - spektroskopi - INFO - Raspberry Pi'dan veri alındı: 6e400005-b5a3-f393-e0a9-e50e24dcca9e (Handle: 16): Unknown, uzunluk: 2
2026-05-02 23:26:54 - spektroskopi - INFO - Raspberry Pi verisi: Ham=468, Voltaj=468.000V
2026-05-02 23:26:54 - spektroskopi - INFO - Raspberry Pi verisi işlendi: SENSOR_EXTRA = 468.000V
2026-05-02 23:26:54 - spektroskopi - INFO - Raspberry Pi'dan veri alındı: 6e400004-b5a3-f393-e0a9-e50e24dcca9e (Handle: 11): Unknown, uzunluk: 2
2026-05-02 23:26:54 - spektroskopi - INFO - Raspberry Pi verisi: Ham=388, Voltaj=388.000V
2026-05-02 23:26:54 - spektroskopi - INFO - Raspberry Pi verisi işlendi: SENSOR_7 = 388.000V
2026-05-02 23:26:54 - spektroskopi - INFO - Raspberry Pi'dan veri alındı: 6e400003-b5a3-f393-e0a9-e50e24dcca9e (Handle: 8): Nordic UART TX, uzunluk: 2
2026-05-02 23:26:54 - spektroskopi - INFO - Raspberry Pi verisi: Ham=671, Voltaj=671.000V
2026-05-02 23:26:54 - spektroskopi - INFO - Raspberry Pi verisi işlendi: SENSOR_5 = 671.000V
2026-05-02 23:26:54 - spektroskopi - INFO - Raspberry Pi'dan veri alındı: 6e400002-b5a3-f393-e0a9-e50e24dcca9e (Handle: 19): Nordic UART RX, uzunluk: 2
2026-05-02 23:26:54 - spektroskopi - INFO - Raspberry Pi verisi: Ham=3083, Voltaj=3083.000V
2026-05-02 23:26:54 - spektroskopi - INFO - Raspberry Pi verisi işlendi: SENSOR_2 = 3083.000V
2026-05-02 23:26:54 - spektroskopi - WARNING - Zaman sıralama düzeltildi (averaged): 2026-05-02 23:26:54.648906
2026-05-02 23:26:54 - spektroskopi - WARNING - Zaman sıralama düzeltildi (averaged): 2026-05-02 23:26:54.649906
2026-05-02 23:26:54 - spektroskopi - WARNING - Zaman sıralama düzeltildi (averaged): 2026-05-02 23:26:54.650906
2026-05-02 23:26:54 - spektroskopi - WARNING - Zaman sıralama düzeltildi (averaged): 2026-05-02 23:26:54.651906
2026-05-02 23:26:54 - spektroskopi - WARNING - Zaman sıralama düzeltildi (averaged): 2026-05-02 23:26:54.652906
2026-05-02 23:26:54 - spektroskopi - WARNING - RealTimePanel: UV_360nm raw data uzunluk uyumsuzluğu (timestamps: 330, data: 84)
2026-05-02 23:26:54 - spektroskopi - WARNING - RealTimePanel: UV_360nm calibrated data uzunluk uyumsuzluğu (timestamps: 330, data: 84)
2026-05-02 23:26:54 - spektroskopi - WARNING - RealTimePanel: Blue_450nm raw data uzunluk uyumsuzluğu (timestamps: 330, data: 82)
2026-05-02 23:26:54 - spektroskopi - WARNING - RealTimePanel: Blue_450nm calibrated data uzunluk uyumsuzluğu (timestamps: 330, data: 82)
2026-05-02 23:26:54 - spektroskopi - WARNING - RealTimePanel: IR_850nm raw data uzunluk uyumsuzluğu (timestamps: 330, data: 82)
2026-05-02 23:26:54 - spektroskopi - WARNING - RealTimePanel: IR_850nm calibrated data uzunluk uyumsuzluğu (timestamps: 330, data: 82)
2026-05-02 23:26:54 - spektroskopi - WARNING - RealTimePanel: IR_940nm raw data uzunluk uyumsuzluğu (timestamps: 330, data: 82)
2026-05-02 23:26:54 - spektroskopi - WARNING - RealTimePanel: IR_940nm calibrated data uzunluk uyumsuzluğu (timestamps: 330, data: 82)
2026-05-02 23:26:54 - spektroskopi - INFO - Raspberry Pi'dan veri alındı: 6e400005-b5a3-f393-e0a9-e50e24dcca9e (Handle: 16): Unknown, uzunluk: 2
2026-05-02 23:26:54 - spektroskopi - INFO - Raspberry Pi verisi: Ham=481, Voltaj=481.000V
2026-05-02 23:26:54 - spektroskopi - INFO - Raspberry Pi verisi işlendi: SENSOR_EXTRA = 481.000V
2026-05-02 23:26:55 - spektroskopi - INFO - Raspberry Pi'dan veri alındı: 6e400004-b5a3-f393-e0a9-e50e24dcca9e (Handle: 11): Unknown, uzunluk: 2
2026-05-02 23:26:55 - spektroskopi - INFO - Raspberry Pi verisi: Ham=388, Voltaj=388.000V
2026-05-02 23:26:55 - spektroskopi - INFO - Raspberry Pi verisi işlendi: SENSOR_7 = 388.000V
2026-05-02 23:26:55 - spektroskopi - INFO - Raspberry Pi'dan veri alındı: 6e400003-b5a3-f393-e0a9-e50e24dcca9e (Handle: 8): Nordic UART TX, uzunluk: 2
2026-05-02 23:26:55 - spektroskopi - INFO - Raspberry Pi verisi: Ham=675, Voltaj=675.000V
2026-05-02 23:26:55 - spektroskopi - INFO - Raspberry Pi verisi işlendi: SENSOR_5 = 675.000V
2026-05-02 23:26:55 - spektroskopi - INFO - Raspberry Pi'dan veri alındı: 6e400002-b5a3-f393-e0a9-e50e24dcca9e (Handle: 19): Nordic UART RX, uzunluk: 2
2026-05-02 23:26:55 - spektroskopi - INFO - Raspberry Pi verisi: Ham=2989, Voltaj=2989.000V
2026-05-02 23:26:55 - spektroskopi - INFO - Raspberry Pi verisi işlendi: SENSOR_2 = 2989.000V
2026-05-02 23:26:55 - spektroskopi - WARNING - Zaman sıralama düzeltildi (averaged): 2026-05-02 23:26:55.521259
2026-05-02 23:26:55 - spektroskopi - WARNING - Zaman sıralama düzeltildi (averaged): 2026-05-02 23:26:55.522259
2026-05-02 23:26:55 - spektroskopi - WARNING - Zaman sıralama düzeltildi (averaged): 2026-05-02 23:26:55.523259
2026-05-02 23:26:55 - spektroskopi - WARNING - Zaman sıralama düzeltildi (averaged): 2026-05-02 23:26:55.524259
2026-05-02 23:26:55 - spektroskopi - WARNING - RealTimePanel: UV_360nm raw data uzunluk uyumsuzluğu (timestamps: 338, data: 86)
2026-05-02 23:26:55 - spektroskopi - WARNING - RealTimePanel: UV_360nm calibrated data uzunluk uyumsuzluğu (timestamps: 338, data: 86)
2026-05-02 23:26:55 - spektroskopi - WARNING - RealTimePanel: Blue_450nm raw data uzunluk uyumsuzluğu (timestamps: 338, data: 84)
2026-05-02 23:26:55 - spektroskopi - WARNING - RealTimePanel: Blue_450nm calibrated data uzunluk uyumsuzluğu (timestamps: 338, data: 84)
2026-05-02 23:26:55 - spektroskopi - WARNING - RealTimePanel: IR_850nm raw data uzunluk uyumsuzluğu (timestamps: 338, data: 84)
2026-05-02 23:26:55 - spektroskopi - WARNING - RealTimePanel: IR_850nm calibrated data uzunluk uyumsuzluğu (timestamps: 338, data: 84)
2026-05-02 23:26:55 - spektroskopi - WARNING - RealTimePanel: IR_940nm raw data uzunluk uyumsuzluğu (timestamps: 338, data: 84)
2026-05-02 23:26:55 - spektroskopi - WARNING - RealTimePanel: IR_940nm calibrated data uzunluk uyumsuzluğu (timestamps: 338, data: 84)
2026-05-02 23:26:55 - spektroskopi - INFO - Raspberry Pi'dan veri alındı: 6e400005-b5a3-f393-e0a9-e50e24dcca9e (Handle: 16): Unknown, uzunluk: 2
2026-05-02 23:26:55 - spektroskopi - INFO - Raspberry Pi verisi: Ham=732, Voltaj=732.000V
2026-05-02 23:26:55 - spektroskopi - INFO - Raspberry Pi verisi işlendi: SENSOR_EXTRA = 732.000V
2026-05-02 23:26:56 - spektroskopi - INFO - Raspberry Pi'dan veri alındı: 6e400004-b5a3-f393-e0a9-e50e24dcca9e (Handle: 11): Unknown, uzunluk: 2
2026-05-02 23:26:56 - spektroskopi - INFO - Raspberry Pi verisi: Ham=391, Voltaj=391.000V
2026-05-02 23:26:56 - spektroskopi - INFO - Raspberry Pi verisi işlendi: SENSOR_7 = 391.000V
2026-05-02 23:26:56 - spektroskopi - INFO - Raspberry Pi'dan veri alındı: 6e400003-b5a3-f393-e0a9-e50e24dcca9e (Handle: 8): Nordic UART TX, uzunluk: 2
2026-05-02 23:26:56 - spektroskopi - INFO - Raspberry Pi verisi: Ham=678, Voltaj=678.000V
2026-05-02 23:26:56 - spektroskopi - INFO - Raspberry Pi verisi işlendi: SENSOR_5 = 678.000V
2026-05-02 23:26:56 - spektroskopi - INFO - Raspberry Pi'dan veri alındı: 6e400002-b5a3-f393-e0a9-e50e24dcca9e (Handle: 19): Nordic UART RX, uzunluk: 2
2026-05-02 23:26:56 - spektroskopi - INFO - Raspberry Pi verisi: Ham=2474, Voltaj=2474.000V
2026-05-02 23:26:56 - spektroskopi - INFO - Raspberry Pi verisi işlendi: SENSOR_2 = 2474.000V
2026-05-02 23:26:56 - spektroskopi - INFO - Raspberry Pi'dan veri alındı: 6e400005-b5a3-f393-e0a9-e50e24dcca9e (Handle: 16): Unknown, uzunluk: 2
2026-05-02 23:26:56 - spektroskopi - INFO - Raspberry Pi verisi: Ham=1170, Voltaj=1170.000V
2026-05-02 23:26:56 - spektroskopi - INFO - Raspberry Pi verisi işlendi: SENSOR_EXTRA = 1170.000V
2026-05-02 23:26:56 - spektroskopi - WARNING - Zaman sıralama düzeltildi (averaged): 2026-05-02 23:26:56.659160
2026-05-02 23:26:56 - spektroskopi - WARNING - Zaman sıralama düzeltildi (averaged): 2026-05-02 23:26:56.660160
2026-05-02 23:26:56 - spektroskopi - WARNING - Zaman sıralama düzeltildi (averaged): 2026-05-02 23:26:56.661160
2026-05-02 23:26:56 - spektroskopi - WARNING - Zaman sıralama düzeltildi (averaged): 2026-05-02 23:26:56.662160
2026-05-02 23:26:56 - spektroskopi - WARNING - Zaman sıralama düzeltildi (averaged): 2026-05-02 23:26:56.663160
2026-05-02 23:26:56 - spektroskopi - WARNING - RealTimePanel: UV_360nm raw data uzunluk uyumsuzluğu (timestamps: 348, data: 88)
2026-05-02 23:26:56 - spektroskopi - WARNING - RealTimePanel: UV_360nm calibrated data uzunluk uyumsuzluğu (timestamps: 348, data: 88)
2026-05-02 23:26:56 - spektroskopi - WARNING - RealTimePanel: Blue_450nm raw data uzunluk uyumsuzluğu (timestamps: 348, data: 88)
2026-05-02 23:26:56 - spektroskopi - WARNING - RealTimePanel: Blue_450nm calibrated data uzunluk uyumsuzluğu (timestamps: 348, data: 88)
2026-05-02 23:26:56 - spektroskopi - WARNING - RealTimePanel: IR_850nm raw data uzunluk uyumsuzluğu (timestamps: 348, data: 86)
2026-05-02 23:26:56 - spektroskopi - WARNING - RealTimePanel: IR_850nm calibrated data uzunluk uyumsuzluğu (timestamps: 348, data: 86)
2026-05-02 23:26:56 - spektroskopi - WARNING - RealTimePanel: IR_940nm raw data uzunluk uyumsuzluğu (timestamps: 348, data: 86)
2026-05-02 23:26:56 - spektroskopi - WARNING - RealTimePanel: IR_940nm calibrated data uzunluk uyumsuzluğu (timestamps: 348, data: 86)
2026-05-02 23:26:56 - spektroskopi - INFO - Raspberry Pi'dan veri alındı: 6e400004-b5a3-f393-e0a9-e50e24dcca9e (Handle: 11): Unknown, uzunluk: 2
2026-05-02 23:26:56 - spektroskopi - INFO - Raspberry Pi verisi: Ham=386, Voltaj=386.000V
2026-05-02 23:26:56 - spektroskopi - INFO - Raspberry Pi verisi işlendi: SENSOR_7 = 386.000V
2026-05-02 23:26:57 - spektroskopi - INFO - Raspberry Pi'dan veri alındı: 6e400003-b5a3-f393-e0a9-e50e24dcca9e (Handle: 8): Nordic UART TX, uzunluk: 2
2026-05-02 23:26:57 - spektroskopi - INFO - Raspberry Pi verisi: Ham=685, Voltaj=685.000V
2026-05-02 23:26:57 - spektroskopi - INFO - Raspberry Pi verisi işlendi: SENSOR_5 = 685.000V
2026-05-02 23:26:57 - spektroskopi - INFO - Raspberry Pi'dan veri alındı: 6e400002-b5a3-f393-e0a9-e50e24dcca9e (Handle: 19): Nordic UART RX, uzunluk: 2
2026-05-02 23:26:57 - spektroskopi - INFO - Raspberry Pi verisi: Ham=3062, Voltaj=3062.000V
2026-05-02 23:26:57 - spektroskopi - INFO - Raspberry Pi verisi işlendi: SENSOR_2 = 3062.000V
2026-05-02 23:26:57 - spektroskopi - INFO - Raspberry Pi'dan veri alındı: 6e400005-b5a3-f393-e0a9-e50e24dcca9e (Handle: 16): Unknown, uzunluk: 2
2026-05-02 23:26:57 - spektroskopi - INFO - Raspberry Pi verisi: Ham=464, Voltaj=464.000V
2026-05-02 23:26:57 - spektroskopi - INFO - Raspberry Pi verisi işlendi: SENSOR_EXTRA = 464.000V
2026-05-02 23:26:57 - spektroskopi - WARNING - Zaman sıralama düzeltildi (averaged): 2026-05-02 23:26:57.529123
2026-05-02 23:26:57 - spektroskopi - WARNING - Zaman sıralama düzeltildi (averaged): 2026-05-02 23:26:57.530123
2026-05-02 23:26:57 - spektroskopi - WARNING - Zaman sıralama düzeltildi (averaged): 2026-05-02 23:26:57.531123
2026-05-02 23:26:57 - spektroskopi - WARNING - Zaman sıralama düzeltildi (averaged): 2026-05-02 23:26:57.532123
2026-05-02 23:26:57 - spektroskopi - WARNING - RealTimePanel: UV_360nm raw data uzunluk uyumsuzluğu (timestamps: 356, data: 90)
2026-05-02 23:26:57 - spektroskopi - WARNING - RealTimePanel: UV_360nm calibrated data uzunluk uyumsuzluğu (timestamps: 356, data: 90)
2026-05-02 23:26:57 - spektroskopi - WARNING - RealTimePanel: Blue_450nm raw data uzunluk uyumsuzluğu (timestamps: 356, data: 90)
2026-05-02 23:26:57 - spektroskopi - WARNING - RealTimePanel: Blue_450nm calibrated data uzunluk uyumsuzluğu (timestamps: 356, data: 90)
2026-05-02 23:26:57 - spektroskopi - WARNING - RealTimePanel: IR_850nm raw data uzunluk uyumsuzluğu (timestamps: 356, data: 88)
2026-05-02 23:26:57 - spektroskopi - WARNING - RealTimePanel: IR_850nm calibrated data uzunluk uyumsuzluğu (timestamps: 356, data: 88)
2026-05-02 23:26:57 - spektroskopi - WARNING - RealTimePanel: IR_940nm raw data uzunluk uyumsuzluğu (timestamps: 356, data: 88)
2026-05-02 23:26:57 - spektroskopi - WARNING - RealTimePanel: IR_940nm calibrated data uzunluk uyumsuzluğu (timestamps: 356, data: 88)
2026-05-02 23:26:57 - spektroskopi - INFO - Raspberry Pi'dan veri alındı: 6e400004-b5a3-f393-e0a9-e50e24dcca9e (Handle: 11): Unknown, uzunluk: 2
2026-05-02 23:26:57 - spektroskopi - INFO - Raspberry Pi verisi: Ham=388, Voltaj=388.000V
2026-05-02 23:26:57 - spektroskopi - INFO - Raspberry Pi verisi işlendi: SENSOR_7 = 388.000V
2026-05-02 23:26:58 - spektroskopi - INFO - Raspberry Pi'dan veri alındı: 6e400003-b5a3-f393-e0a9-e50e24dcca9e (Handle: 8): Nordic UART TX, uzunluk: 2
2026-05-02 23:26:58 - spektroskopi - INFO - Raspberry Pi verisi: Ham=665, Voltaj=665.000V
2026-05-02 23:26:58 - spektroskopi - INFO - Raspberry Pi verisi işlendi: SENSOR_5 = 665.000V
2026-05-02 23:26:58 - spektroskopi - INFO - Raspberry Pi'dan veri alındı: 6e400002-b5a3-f393-e0a9-e50e24dcca9e (Handle: 19): Nordic UART RX, uzunluk: 2
2026-05-02 23:26:58 - spektroskopi - INFO - Raspberry Pi verisi: Ham=2795, Voltaj=2795.000V
2026-05-02 23:26:58 - spektroskopi - INFO - Raspberry Pi verisi işlendi: SENSOR_2 = 2795.000V
2026-05-02 23:26:58 - spektroskopi - INFO - Raspberry Pi'dan veri alındı: 6e400005-b5a3-f393-e0a9-e50e24dcca9e (Handle: 16): Unknown, uzunluk: 2
2026-05-02 23:26:58 - spektroskopi - INFO - Raspberry Pi verisi: Ham=417, Voltaj=417.000V
2026-05-02 23:26:58 - spektroskopi - INFO - Raspberry Pi verisi işlendi: SENSOR_EXTRA = 417.000V
2026-05-02 23:26:58 - spektroskopi - INFO - Raspberry Pi'dan veri alındı: 6e400004-b5a3-f393-e0a9-e50e24dcca9e (Handle: 11): Unknown, uzunluk: 2
2026-05-02 23:26:58 - spektroskopi - INFO - Raspberry Pi verisi: Ham=388, Voltaj=388.000V
2026-05-02 23:26:58 - spektroskopi - INFO - Raspberry Pi verisi işlendi: SENSOR_7 = 388.000V
2026-05-02 23:26:58 - spektroskopi - WARNING - Zaman sıralama düzeltildi (averaged): 2026-05-02 23:26:58.669253
2026-05-02 23:26:58 - spektroskopi - WARNING - Zaman sıralama düzeltildi (averaged): 2026-05-02 23:26:58.670253
2026-05-02 23:26:58 - spektroskopi - WARNING - Zaman sıralama düzeltildi (averaged): 2026-05-02 23:26:58.671253
2026-05-02 23:26:58 - spektroskopi - WARNING - Zaman sıralama düzeltildi (averaged): 2026-05-02 23:26:58.672253
2026-05-02 23:26:58 - spektroskopi - WARNING - Zaman sıralama düzeltildi (averaged): 2026-05-02 23:26:58.673253
2026-05-02 23:26:58 - spektroskopi - WARNING - RealTimePanel: UV_360nm raw data uzunluk uyumsuzluğu (timestamps: 366, data: 92)
2026-05-02 23:26:58 - spektroskopi - WARNING - RealTimePanel: UV_360nm calibrated data uzunluk uyumsuzluğu (timestamps: 366, data: 92)
2026-05-02 23:26:58 - spektroskopi - WARNING - RealTimePanel: Blue_450nm raw data uzunluk uyumsuzluğu (timestamps: 366, data: 92)
2026-05-02 23:26:58 - spektroskopi - WARNING - RealTimePanel: Blue_450nm calibrated data uzunluk uyumsuzluğu (timestamps: 366, data: 92)
2026-05-02 23:26:58 - spektroskopi - WARNING - RealTimePanel: IR_850nm raw data uzunluk uyumsuzluğu (timestamps: 366, data: 92)
2026-05-02 23:26:58 - spektroskopi - WARNING - RealTimePanel: IR_850nm calibrated data uzunluk uyumsuzluğu (timestamps: 366, data: 92)
2026-05-02 23:26:58 - spektroskopi - WARNING - RealTimePanel: IR_940nm raw data uzunluk uyumsuzluğu (timestamps: 366, data: 90)
2026-05-02 23:26:58 - spektroskopi - WARNING - RealTimePanel: IR_940nm calibrated data uzunluk uyumsuzluğu (timestamps: 366, data: 90)
2026-05-02 23:26:58 - spektroskopi - INFO - Raspberry Pi'dan veri alındı: 6e400003-b5a3-f393-e0a9-e50e24dcca9e (Handle: 8): Nordic UART TX, uzunluk: 2
2026-05-02 23:26:58 - spektroskopi - INFO - Raspberry Pi verisi: Ham=684, Voltaj=684.000V
2026-05-02 23:26:58 - spektroskopi - INFO - Raspberry Pi verisi işlendi: SENSOR_5 = 684.000V
2026-05-02 23:26:59 - spektroskopi - INFO - Raspberry Pi'dan veri alındı: 6e400002-b5a3-f393-e0a9-e50e24dcca9e (Handle: 19): Nordic UART RX, uzunluk: 2
2026-05-02 23:26:59 - spektroskopi - INFO - Raspberry Pi verisi: Ham=3076, Voltaj=3076.000V
2026-05-02 23:26:59 - spektroskopi - INFO - Raspberry Pi verisi işlendi: SENSOR_2 = 3076.000V
2026-05-02 23:26:59 - spektroskopi - INFO - Raspberry Pi'dan veri alındı: 6e400005-b5a3-f393-e0a9-e50e24dcca9e (Handle: 16): Unknown, uzunluk: 2
2026-05-02 23:26:59 - spektroskopi - INFO - Raspberry Pi verisi: Ham=458, Voltaj=458.000V
2026-05-02 23:26:59 - spektroskopi - INFO - Raspberry Pi verisi işlendi: SENSOR_EXTRA = 458.000V
2026-05-02 23:26:59 - spektroskopi - INFO - Raspberry Pi'dan veri alındı: 6e400004-b5a3-f393-e0a9-e50e24dcca9e (Handle: 11): Unknown, uzunluk: 2
2026-05-02 23:26:59 - spektroskopi - INFO - Raspberry Pi verisi: Ham=374, Voltaj=374.000V
2026-05-02 23:26:59 - spektroskopi - INFO - Raspberry Pi verisi işlendi: SENSOR_7 = 374.000V
2026-05-02 23:26:59 - spektroskopi - WARNING - Zaman sıralama düzeltildi (averaged): 2026-05-02 23:26:59.569220
2026-05-02 23:26:59 - spektroskopi - WARNING - Zaman sıralama düzeltildi (averaged): 2026-05-02 23:26:59.570220
2026-05-02 23:26:59 - spektroskopi - WARNING - Zaman sıralama düzeltildi (averaged): 2026-05-02 23:26:59.571220
2026-05-02 23:26:59 - spektroskopi - WARNING - Zaman sıralama düzeltildi (averaged): 2026-05-02 23:26:59.572220
2026-05-02 23:26:59 - spektroskopi - WARNING - RealTimePanel: UV_360nm raw data uzunluk uyumsuzluğu (timestamps: 374, data: 94)
2026-05-02 23:26:59 - spektroskopi - WARNING - RealTimePanel: UV_360nm calibrated data uzunluk uyumsuzluğu (timestamps: 374, data: 94)
2026-05-02 23:26:59 - spektroskopi - WARNING - RealTimePanel: Blue_450nm raw data uzunluk uyumsuzluğu (timestamps: 374, data: 94)
2026-05-02 23:26:59 - spektroskopi - WARNING - RealTimePanel: Blue_450nm calibrated data uzunluk uyumsuzluğu (timestamps: 374, data: 94)
2026-05-02 23:26:59 - spektroskopi - WARNING - RealTimePanel: IR_850nm raw data uzunluk uyumsuzluğu (timestamps: 374, data: 94)
2026-05-02 23:26:59 - spektroskopi - WARNING - RealTimePanel: IR_850nm calibrated data uzunluk uyumsuzluğu (timestamps: 374, data: 94)
2026-05-02 23:26:59 - spektroskopi - WARNING - RealTimePanel: IR_940nm raw data uzunluk uyumsuzluğu (timestamps: 374, data: 92)
2026-05-02 23:26:59 - spektroskopi - WARNING - RealTimePanel: IR_940nm calibrated data uzunluk uyumsuzluğu (timestamps: 374, data: 92)
2026-05-02 23:26:59 - spektroskopi - INFO - Raspberry Pi'dan veri alındı: 6e400003-b5a3-f393-e0a9-e50e24dcca9e (Handle: 8): Nordic UART TX, uzunluk: 2
2026-05-02 23:26:59 - spektroskopi - INFO - Raspberry Pi verisi: Ham=559, Voltaj=559.000V
2026-05-02 23:26:59 - spektroskopi - INFO - Raspberry Pi verisi işlendi: SENSOR_5 = 559.000V
2026-05-02 23:26:59 - spektroskopi - INFO - Raspberry Pi'dan veri alındı: 6e400002-b5a3-f393-e0a9-e50e24dcca9e (Handle: 19): Nordic UART RX, uzunluk: 2
2026-05-02 23:26:59 - spektroskopi - INFO - Raspberry Pi verisi: Ham=3157, Voltaj=3157.000V
2026-05-02 23:26:59 - spektroskopi - INFO - Raspberry Pi verisi işlendi: SENSOR_2 = 3157.000V
2026-05-02 23:27:00 - spektroskopi - INFO - Raspberry Pi'dan veri alındı: 6e400005-b5a3-f393-e0a9-e50e24dcca9e (Handle: 16): Unknown, uzunluk: 2
2026-05-02 23:27:00 - spektroskopi - INFO - Raspberry Pi verisi: Ham=457, Voltaj=457.000V
2026-05-02 23:27:00 - spektroskopi - INFO - Raspberry Pi verisi işlendi: SENSOR_EXTRA = 457.000V
2026-05-02 23:27:00 - spektroskopi - INFO - Raspberry Pi'dan veri alındı: 6e400004-b5a3-f393-e0a9-e50e24dcca9e (Handle: 11): Unknown, uzunluk: 2
2026-05-02 23:27:00 - spektroskopi - INFO - Raspberry Pi verisi: Ham=357, Voltaj=357.000V
2026-05-02 23:27:00 - spektroskopi - INFO - Raspberry Pi verisi işlendi: SENSOR_7 = 357.000V
2026-05-02 23:27:00 - spektroskopi - INFO - Raspberry Pi'dan veri alındı: 6e400003-b5a3-f393-e0a9-e50e24dcca9e (Handle: 8): Nordic UART TX, uzunluk: 2
2026-05-02 23:27:00 - spektroskopi - INFO - Raspberry Pi verisi: Ham=613, Voltaj=613.000V
2026-05-02 23:27:00 - spektroskopi - INFO - Raspberry Pi verisi işlendi: SENSOR_5 = 613.000V
2026-05-02 23:27:00 - spektroskopi - WARNING - Zaman sıralama düzeltildi (averaged): 2026-05-02 23:27:00.679296
2026-05-02 23:27:00 - spektroskopi - WARNING - Zaman sıralama düzeltildi (averaged): 2026-05-02 23:27:00.680296
2026-05-02 23:27:00 - spektroskopi - WARNING - Zaman sıralama düzeltildi (averaged): 2026-05-02 23:27:00.681296
2026-05-02 23:27:00 - spektroskopi - WARNING - Zaman sıralama düzeltildi (averaged): 2026-05-02 23:27:00.682296
2026-05-02 23:27:00 - spektroskopi - WARNING - Zaman sıralama düzeltildi (averaged): 2026-05-02 23:27:00.683296
2026-05-02 23:27:00 - spektroskopi - WARNING - RealTimePanel: UV_360nm raw data uzunluk uyumsuzluğu (timestamps: 384, data: 96)
2026-05-02 23:27:00 - spektroskopi - WARNING - RealTimePanel: UV_360nm calibrated data uzunluk uyumsuzluğu (timestamps: 384, data: 96)
2026-05-02 23:27:00 - spektroskopi - WARNING - RealTimePanel: Blue_450nm raw data uzunluk uyumsuzluğu (timestamps: 384, data: 96)
2026-05-02 23:27:00 - spektroskopi - WARNING - RealTimePanel: Blue_450nm calibrated data uzunluk uyumsuzluğu (timestamps: 384, data: 96)
2026-05-02 23:27:00 - spektroskopi - WARNING - RealTimePanel: IR_850nm raw data uzunluk uyumsuzluğu (timestamps: 384, data: 96)
2026-05-02 23:27:00 - spektroskopi - WARNING - RealTimePanel: IR_850nm calibrated data uzunluk uyumsuzluğu (timestamps: 384, data: 96)
2026-05-02 23:27:00 - spektroskopi - WARNING - RealTimePanel: IR_940nm raw data uzunluk uyumsuzluğu (timestamps: 384, data: 96)
2026-05-02 23:27:00 - spektroskopi - WARNING - RealTimePanel: IR_940nm calibrated data uzunluk uyumsuzluğu (timestamps: 384, data: 96)
2026-05-02 23:27:01 - spektroskopi - INFO - Yeniden bağlanılıyor...
2026-05-02 23:27:01 - spektroskopi - WARNING - RealTimePanel: UV_360nm raw data uzunluk uyumsuzluğu (timestamps: 384, data: 96)
2026-05-02 23:27:01 - spektroskopi - WARNING - RealTimePanel: UV_360nm calibrated data uzunluk uyumsuzluğu (timestamps: 384, data: 96)
2026-05-02 23:27:01 - spektroskopi - WARNING - RealTimePanel: Blue_450nm raw data uzunluk uyumsuzluğu (timestamps: 384, data: 96)
2026-05-02 23:27:01 - spektroskopi - WARNING - RealTimePanel: Blue_450nm calibrated data uzunluk uyumsuzluğu (timestamps: 384, data: 96)
2026-05-02 23:27:01 - spektroskopi - WARNING - RealTimePanel: IR_850nm raw data uzunluk uyumsuzluğu (timestamps: 384, data: 96)
2026-05-02 23:27:01 - spektroskopi - WARNING - RealTimePanel: IR_850nm calibrated data uzunluk uyumsuzluğu (timestamps: 384, data: 96)
2026-05-02 23:27:01 - spektroskopi - WARNING - RealTimePanel: IR_940nm raw data uzunluk uyumsuzluğu (timestamps: 384, data: 96)
2026-05-02 23:27:01 - spektroskopi - WARNING - RealTimePanel: IR_940nm calibrated data uzunluk uyumsuzluğu (timestamps: 384, data: 96)
2026-05-02 23:27:02 - spektroskopi - INFO - BLE bağlantısı kuruluyor: sensor-3 (7CDE3AD7-9E89-0DF9-28E4-1D56CA03E138)
2026-05-02 23:27:02 - spektroskopi - WARNING - RealTimePanel: UV_360nm raw data uzunluk uyumsuzluğu (timestamps: 384, data: 96)
2026-05-02 23:27:02 - spektroskopi - WARNING - RealTimePanel: UV_360nm calibrated data uzunluk uyumsuzluğu (timestamps: 384, data: 96)
2026-05-02 23:27:02 - spektroskopi - WARNING - RealTimePanel: Blue_450nm raw data uzunluk uyumsuzluğu (timestamps: 384, data: 96)
2026-05-02 23:27:02 - spektroskopi - WARNING - RealTimePanel: Blue_450nm calibrated data uzunluk uyumsuzluğu (timestamps: 384, data: 96)
2026-05-02 23:27:02 - spektroskopi - WARNING - RealTimePanel: IR_850nm raw data uzunluk uyumsuzluğu (timestamps: 384, data: 96)
2026-05-02 23:27:02 - spektroskopi - WARNING - RealTimePanel: IR_850nm calibrated data uzunluk uyumsuzluğu (timestamps: 384, data: 96)
2026-05-02 23:27:02 - spektroskopi - WARNING - RealTimePanel: IR_940nm raw data uzunluk uyumsuzluğu (timestamps: 384, data: 96)
2026-05-02 23:27:02 - spektroskopi - WARNING - RealTimePanel: IR_940nm calibrated data uzunluk uyumsuzluğu (timestamps: 384, data: 96)
2026-05-02 23:27:03 - spektroskopi - WARNING - RealTimePanel: UV_360nm raw data uzunluk uyumsuzluğu (timestamps: 384, data: 96)
2026-05-02 23:27:03 - spektroskopi - WARNING - RealTimePanel: UV_360nm calibrated data uzunluk uyumsuzluğu (timestamps: 384, data: 96)
2026-05-02 23:27:03 - spektroskopi - WARNING - RealTimePanel: Blue_450nm raw data uzunluk uyumsuzluğu (timestamps: 384, data: 96)
2026-05-02 23:27:03 - spektroskopi - WARNING - RealTimePanel: Blue_450nm calibrated data uzunluk uyumsuzluğu (timestamps: 384, data: 96)
2026-05-02 23:27:03 - spektroskopi - WARNING - RealTimePanel: IR_850nm raw data uzunluk uyumsuzluğu (timestamps: 384, data: 96)
2026-05-02 23:27:03 - spektroskopi - WARNING - RealTimePanel: IR_850nm calibrated data uzunluk uyumsuzluğu (timestamps: 384, data: 96)
2026-05-02 23:27:03 - spektroskopi - WARNING - RealTimePanel: IR_940nm raw data uzunluk uyumsuzluğu (timestamps: 384, data: 96)
2026-05-02 23:27:03 - spektroskopi - WARNING - RealTimePanel: IR_940nm calibrated data uzunluk uyumsuzluğu (timestamps: 384, data: 96)
2026-05-02 23:27:04 - spektroskopi - WARNING - RealTimePanel: UV_360nm raw data uzunluk uyumsuzluğu (timestamps: 384, data: 96)
2026-05-02 23:27:04 - spektroskopi - WARNING - RealTimePanel: UV_360nm calibrated data uzunluk uyumsuzluğu (timestamps: 384, data: 96)
2026-05-02 23:27:04 - spektroskopi - WARNING - RealTimePanel: Blue_450nm raw data uzunluk uyumsuzluğu (timestamps: 384, data: 96)
2026-05-02 23:27:04 - spektroskopi - WARNING - RealTimePanel: Blue_450nm calibrated data uzunluk uyumsuzluğu (timestamps: 384, data: 96)
2026-05-02 23:27:04 - spektroskopi - WARNING - RealTimePanel: IR_850nm raw data uzunluk uyumsuzluğu (timestamps: 384, data: 96)
2026-05-02 23:27:04 - spektroskopi - WARNING - RealTimePanel: IR_850nm calibrated data uzunluk uyumsuzluğu (timestamps: 384, data: 96)
2026-05-02 23:27:04 - spektroskopi - WARNING - RealTimePanel: IR_940nm raw data uzunluk uyumsuzluğu (timestamps: 384, data: 96)
2026-05-02 23:27:04 - spektroskopi - WARNING - RealTimePanel: IR_940nm calibrated data uzunluk uyumsuzluğu (timestamps: 384, data: 96)
2026-05-02 23:27:05 - spektroskopi - WARNING - RealTimePanel: UV_360nm raw data uzunluk uyumsuzluğu (timestamps: 384, data: 96)
2026-05-02 23:27:05 - spektroskopi - WARNING - RealTimePanel: UV_360nm calibrated data uzunluk uyumsuzluğu (timestamps: 384, data: 96)
2026-05-02 23:27:05 - spektroskopi - WARNING - RealTimePanel: Blue_450nm raw data uzunluk uyumsuzluğu (timestamps: 384, data: 96)
2026-05-02 23:27:05 - spektroskopi - WARNING - RealTimePanel: Blue_450nm calibrated data uzunluk uyumsuzluğu (timestamps: 384, data: 96)
2026-05-02 23:27:05 - spektroskopi - WARNING - RealTimePanel: IR_850nm raw data uzunluk uyumsuzluğu (timestamps: 384, data: 96)
2026-05-02 23:27:05 - spektroskopi - WARNING - RealTimePanel: IR_850nm calibrated data uzunluk uyumsuzluğu (timestamps: 384, data: 96)
2026-05-02 23:27:05 - spektroskopi - WARNING - RealTimePanel: IR_940nm raw data uzunluk uyumsuzluğu (timestamps: 384, data: 96)
2026-05-02 23:27:05 - spektroskopi - WARNING - RealTimePanel: IR_940nm calibrated data uzunluk uyumsuzluğu (timestamps: 384, data: 96)
2026-05-02 23:27:06 - spektroskopi - WARNING - RealTimePanel: UV_360nm raw data uzunluk uyumsuzluğu (timestamps: 384, data: 96)
2026-05-02 23:27:06 - spektroskopi - WARNING - RealTimePanel: UV_360nm calibrated data uzunluk uyumsuzluğu (timestamps: 384, data: 96)
2026-05-02 23:27:06 - spektroskopi - WARNING - RealTimePanel: Blue_450nm raw data uzunluk uyumsuzluğu (timestamps: 384, data: 96)
2026-05-02 23:27:06 - spektroskopi - WARNING - RealTimePanel: Blue_450nm calibrated data uzunluk uyumsuzluğu (timestamps: 384, data: 96)
2026-05-02 23:27:06 - spektroskopi - WARNING - RealTimePanel: IR_850nm raw data uzunluk uyumsuzluğu (timestamps: 384, data: 96)
2026-05-02 23:27:06 - spektroskopi - WARNING - RealTimePanel: IR_850nm calibrated data uzunluk uyumsuzluğu (timestamps: 384, data: 96)
2026-05-02 23:27:06 - spektroskopi - WARNING - RealTimePanel: IR_940nm raw data uzunluk uyumsuzluğu (timestamps: 384, data: 96)
2026-05-02 23:27:06 - spektroskopi - WARNING - RealTimePanel: IR_940nm calibrated data uzunluk uyumsuzluğu (timestamps: 384, data: 96)
2026-05-02 23:27:07 - spektroskopi - WARNING - RealTimePanel: UV_360nm raw data uzunluk uyumsuzluğu (timestamps: 384, data: 96)
2026-05-02 23:27:07 - spektroskopi - WARNING - RealTimePanel: UV_360nm calibrated data uzunluk uyumsuzluğu (timestamps: 384, data: 96)
2026-05-02 23:27:07 - spektroskopi - WARNING - RealTimePanel: Blue_450nm raw data uzunluk uyumsuzluğu (timestamps: 384, data: 96)
2026-05-02 23:27:07 - spektroskopi - WARNING - RealTimePanel: Blue_450nm calibrated data uzunluk uyumsuzluğu (timestamps: 384, data: 96)
2026-05-02 23:27:07 - spektroskopi - WARNING - RealTimePanel: IR_850nm raw data uzunluk uyumsuzluğu (timestamps: 384, data: 96)
2026-05-02 23:27:07 - spektroskopi - WARNING - RealTimePanel: IR_850nm calibrated data uzunluk uyumsuzluğu (timestamps: 384, data: 96)
2026-05-02 23:27:07 - spektroskopi - WARNING - RealTimePanel: IR_940nm raw data uzunluk uyumsuzluğu (timestamps: 384, data: 96)
2026-05-02 23:27:07 - spektroskopi - WARNING - RealTimePanel: IR_940nm calibrated data uzunluk uyumsuzluğu (timestamps: 384, data: 96)
2026-05-02 23:27:08 - spektroskopi - WARNING - RealTimePanel: UV_360nm raw data uzunluk uyumsuzluğu (timestamps: 384, data: 96)
2026-05-02 23:27:08 - spektroskopi - WARNING - RealTimePanel: UV_360nm calibrated data uzunluk uyumsuzluğu (timestamps: 384, data: 96)
2026-05-02 23:27:08 - spektroskopi - WARNING - RealTimePanel: Blue_450nm raw data uzunluk uyumsuzluğu (timestamps: 384, data: 96)
2026-05-02 23:27:08 - spektroskopi - WARNING - RealTimePanel: Blue_450nm calibrated data uzunluk uyumsuzluğu (timestamps: 384, data: 96)
2026-05-02 23:27:08 - spektroskopi - WARNING - RealTimePanel: IR_850nm raw data uzunluk uyumsuzluğu (timestamps: 384, data: 96)
2026-05-02 23:27:08 - spektroskopi - WARNING - RealTimePanel: IR_850nm calibrated data uzunluk uyumsuzluğu (timestamps: 384, data: 96)
2026-05-02 23:27:08 - spektroskopi - WARNING - RealTimePanel: IR_940nm raw data uzunluk uyumsuzluğu (timestamps: 384, data: 96)
2026-05-02 23:27:08 - spektroskopi - WARNING - RealTimePanel: IR_940nm calibrated data uzunluk uyumsuzluğu (timestamps: 384, data: 96)
2026-05-02 23:27:09 - spektroskopi - WARNING - RealTimePanel: UV_360nm raw data uzunluk uyumsuzluğu (timestamps: 384, data: 96)
2026-05-02 23:27:09 - spektroskopi - WARNING - RealTimePanel: UV_360nm calibrated data uzunluk uyumsuzluğu (timestamps: 384, data: 96)
2026-05-02 23:27:09 - spektroskopi - WARNING - RealTimePanel: Blue_450nm raw data uzunluk uyumsuzluğu (timestamps: 384, data: 96)
2026-05-02 23:27:09 - spektroskopi - WARNING - RealTimePanel: Blue_450nm calibrated data uzunluk uyumsuzluğu (timestamps: 384, data: 96)
2026-05-02 23:27:09 - spektroskopi - WARNING - RealTimePanel: IR_850nm raw data uzunluk uyumsuzluğu (timestamps: 384, data: 96)
2026-05-02 23:27:09 - spektroskopi - WARNING - RealTimePanel: IR_850nm calibrated data uzunluk uyumsuzluğu (timestamps: 384, data: 96)
2026-05-02 23:27:09 - spektroskopi - WARNING - RealTimePanel: IR_940nm raw data uzunluk uyumsuzluğu (timestamps: 384, data: 96)
2026-05-02 23:27:09 - spektroskopi - WARNING - RealTimePanel: IR_940nm calibrated data uzunluk uyumsuzluğu (timestamps: 384, data: 96)
2026-05-02 23:27:10 - spektroskopi - WARNING - RealTimePanel: UV_360nm raw data uzunluk uyumsuzluğu (timestamps: 384, data: 96)
2026-05-02 23:27:10 - spektroskopi - WARNING - RealTimePanel: UV_360nm calibrated data uzunluk uyumsuzluğu (timestamps: 384, data: 96)
2026-05-02 23:27:10 - spektroskopi - WARNING - RealTimePanel: Blue_450nm raw data uzunluk uyumsuzluğu (timestamps: 384, data: 96)
2026-05-02 23:27:10 - spektroskopi - WARNING - RealTimePanel: Blue_450nm calibrated data uzunluk uyumsuzluğu (timestamps: 384, data: 96)
2026-05-02 23:27:10 - spektroskopi - WARNING - RealTimePanel: IR_850nm raw data uzunluk uyumsuzluğu (timestamps: 384, data: 96)
2026-05-02 23:27:10 - spektroskopi - WARNING - RealTimePanel: IR_850nm calibrated data uzunluk uyumsuzluğu (timestamps: 384, data: 96)
2026-05-02 23:27:10 - spektroskopi - WARNING - RealTimePanel: IR_940nm raw data uzunluk uyumsuzluğu (timestamps: 384, data: 96)
2026-05-02 23:27:10 - spektroskopi - WARNING - RealTimePanel: IR_940nm calibrated data uzunluk uyumsuzluğu (timestamps: 384, data: 96)
2026-05-02 23:27:11 - spektroskopi - WARNING - RealTimePanel: UV_360nm raw data uzunluk uyumsuzluğu (timestamps: 384, data: 96)
2026-05-02 23:27:11 - spektroskopi - WARNING - RealTimePanel: UV_360nm calibrated data uzunluk uyumsuzluğu (timestamps: 384, data: 96)
2026-05-02 23:27:11 - spektroskopi - WARNING - RealTimePanel: Blue_450nm raw data uzunluk uyumsuzluğu (timestamps: 384, data: 96)
2026-05-02 23:27:11 - spektroskopi - WARNING - RealTimePanel: Blue_450nm calibrated data uzunluk uyumsuzluğu (timestamps: 384, data: 96)
2026-05-02 23:27:11 - spektroskopi - WARNING - RealTimePanel: IR_850nm raw data uzunluk uyumsuzluğu (timestamps: 384, data: 96)
2026-05-02 23:27:11 - spektroskopi - WARNING - RealTimePanel: IR_850nm calibrated data uzunluk uyumsuzluğu (timestamps: 384, data: 96)
2026-05-02 23:27:11 - spektroskopi - WARNING - RealTimePanel: IR_940nm raw data uzunluk uyumsuzluğu (timestamps: 384, data: 96)
2026-05-02 23:27:11 - spektroskopi - WARNING - RealTimePanel: IR_940nm calibrated data uzunluk uyumsuzluğu (timestamps: 384, data: 96)
2026-05-02 23:27:12 - spektroskopi - WARNING - BLE bağlantı kesildi/başarısız: Device with address 7CDE3AD7-9E89-0DF9-28E4-1D56CA03E138 was not found
2026-05-02 23:27:12 - spektroskopi - INFO - Yeniden bağlanılıyor...
2026-05-02 23:27:12 - spektroskopi - INFO - BLE bağlantısı kuruluyor: sensor-3 (7CDE3AD7-9E89-0DF9-28E4-1D56CA03E138)
2026-05-02 23:27:12 - spektroskopi - WARNING - RealTimePanel: UV_360nm raw data uzunluk uyumsuzluğu (timestamps: 384, data: 96)
2026-05-02 23:27:12 - spektroskopi - WARNING - RealTimePanel: UV_360nm calibrated data uzunluk uyumsuzluğu (timestamps: 384, data: 96)
2026-05-02 23:27:12 - spektroskopi - WARNING - RealTimePanel: Blue_450nm raw data uzunluk uyumsuzluğu (timestamps: 384, data: 96)
2026-05-02 23:27:12 - spektroskopi - WARNING - RealTimePanel: Blue_450nm calibrated data uzunluk uyumsuzluğu (timestamps: 384, data: 96)
2026-05-02 23:27:12 - spektroskopi - WARNING - RealTimePanel: IR_850nm raw data uzunluk uyumsuzluğu (timestamps: 384, data: 96)
2026-05-02 23:27:12 - spektroskopi - WARNING - RealTimePanel: IR_850nm calibrated data uzunluk uyumsuzluğu (timestamps: 384, data: 96)
2026-05-02 23:27:12 - spektroskopi - WARNING - RealTimePanel: IR_940nm raw data uzunluk uyumsuzluğu (timestamps: 384, data: 96)
2026-05-02 23:27:12 - spektroskopi - WARNING - RealTimePanel: IR_940nm calibrated data uzunluk uyumsuzluğu (timestamps: 384, data: 96)
2026-05-02 23:27:13 - spektroskopi - WARNING - RealTimePanel: UV_360nm raw data uzunluk uyumsuzluğu (timestamps: 384, data: 96)
2026-05-02 23:27:13 - spektroskopi - WARNING - RealTimePanel: UV_360nm calibrated data uzunluk uyumsuzluğu (timestamps: 384, data: 96)
2026-05-02 23:27:13 - spektroskopi - WARNING - RealTimePanel: Blue_450nm raw data uzunluk uyumsuzluğu (timestamps: 384, data: 96)
2026-05-02 23:27:13 - spektroskopi - WARNING - RealTimePanel: Blue_450nm calibrated data uzunluk uyumsuzluğu (timestamps: 384, data: 96)
2026-05-02 23:27:13 - spektroskopi - WARNING - RealTimePanel: IR_850nm raw data uzunluk uyumsuzluğu (timestamps: 384, data: 96)
2026-05-02 23:27:13 - spektroskopi - WARNING - RealTimePanel: IR_850nm calibrated data uzunluk uyumsuzluğu (timestamps: 384, data: 96)
2026-05-02 23:27:13 - spektroskopi - WARNING - RealTimePanel: IR_940nm raw data uzunluk uyumsuzluğu (timestamps: 384, data: 96)
2026-05-02 23:27:13 - spektroskopi - WARNING - RealTimePanel: IR_940nm calibrated data uzunluk uyumsuzluğu (timestamps: 384, data: 96)
2026-05-02 23:27:14 - spektroskopi - WARNING - RealTimePanel: UV_360nm raw data uzunluk uyumsuzluğu (timestamps: 384, data: 96)
2026-05-02 23:27:14 - spektroskopi - WARNING - RealTimePanel: UV_360nm calibrated data uzunluk uyumsuzluğu (timestamps: 384, data: 96)
2026-05-02 23:27:14 - spektroskopi - WARNING - RealTimePanel: Blue_450nm raw data uzunluk uyumsuzluğu (timestamps: 384, data: 96)
2026-05-02 23:27:14 - spektroskopi - WARNING - RealTimePanel: Blue_450nm calibrated data uzunluk uyumsuzluğu (timestamps: 384, data: 96)
2026-05-02 23:27:14 - spektroskopi - WARNING - RealTimePanel: IR_850nm raw data uzunluk uyumsuzluğu (timestamps: 384, data: 96)
2026-05-02 23:27:14 - spektroskopi - WARNING - RealTimePanel: IR_850nm calibrated data uzunluk uyumsuzluğu (timestamps: 384, data: 96)
2026-05-02 23:27:14 - spektroskopi - WARNING - RealTimePanel: IR_940nm raw data uzunluk uyumsuzluğu (timestamps: 384, data: 96)
2026-05-02 23:27:14 - spektroskopi - WARNING - RealTimePanel: IR_940nm calibrated data uzunluk uyumsuzluğu (timestamps: 384, data: 96)
2026-05-02 23:27:15 - spektroskopi - WARNING - RealTimePanel: UV_360nm raw data uzunluk uyumsuzluğu (timestamps: 384, data: 96)
2026-05-02 23:27:15 - spektroskopi - WARNING - RealTimePanel: UV_360nm calibrated data uzunluk uyumsuzluğu (timestamps: 384, data: 96)
2026-05-02 23:27:15 - spektroskopi - WARNING - RealTimePanel: Blue_450nm raw data uzunluk uyumsuzluğu (timestamps: 384, data: 96)
2026-05-02 23:27:15 - spektroskopi - WARNING - RealTimePanel: Blue_450nm calibrated data uzunluk uyumsuzluğu (timestamps: 384, data: 96)
2026-05-02 23:27:15 - spektroskopi - WARNING - RealTimePanel: IR_850nm raw data uzunluk uyumsuzluğu (timestamps: 384, data: 96)
2026-05-02 23:27:15 - spektroskopi - WARNING - RealTimePanel: IR_850nm calibrated data uzunluk uyumsuzluğu (timestamps: 384, data: 96)
2026-05-02 23:27:15 - spektroskopi - WARNING - RealTimePanel: IR_940nm raw data uzunluk uyumsuzluğu (timestamps: 384, data: 96)
2026-05-02 23:27:15 - spektroskopi - WARNING - RealTimePanel: IR_940nm calibrated data uzunluk uyumsuzluğu (timestamps: 384, data: 96)
2026-05-02 23:27:16 - spektroskopi - WARNING - RealTimePanel: UV_360nm raw data uzunluk uyumsuzluğu (timestamps: 384, data: 96)
2026-05-02 23:27:16 - spektroskopi - WARNING - RealTimePanel: UV_360nm calibrated data uzunluk uyumsuzluğu (timestamps: 384, data: 96)
2026-05-02 23:27:16 - spektroskopi - WARNING - RealTimePanel: Blue_450nm raw data uzunluk uyumsuzluğu (timestamps: 384, data: 96)
2026-05-02 23:27:16 - spektroskopi - WARNING - RealTimePanel: Blue_450nm calibrated data uzunluk uyumsuzluğu (timestamps: 384, data: 96)
2026-05-02 23:27:16 - spektroskopi - WARNING - RealTimePanel: IR_850nm raw data uzunluk uyumsuzluğu (timestamps: 384, data: 96)
2026-05-02 23:27:16 - spektroskopi - WARNING - RealTimePanel: IR_850nm calibrated data uzunluk uyumsuzluğu (timestamps: 384, data: 96)
2026-05-02 23:27:16 - spektroskopi - WARNING - RealTimePanel: IR_940nm raw data uzunluk uyumsuzluğu (timestamps: 384, data: 96)
2026-05-02 23:27:16 - spektroskopi - WARNING - RealTimePanel: IR_940nm calibrated data uzunluk uyumsuzluğu (timestamps: 384, data: 96)
2026-05-02 23:27:17 - spektroskopi - WARNING - RealTimePanel: UV_360nm raw data uzunluk uyumsuzluğu (timestamps: 384, data: 96)
2026-05-02 23:27:17 - spektroskopi - WARNING - RealTimePanel: UV_360nm calibrated data uzunluk uyumsuzluğu (timestamps: 384, data: 96)
2026-05-02 23:27:17 - spektroskopi - WARNING - RealTimePanel: Blue_450nm raw data uzunluk uyumsuzluğu (timestamps: 384, data: 96)
2026-05-02 23:27:17 - spektroskopi - WARNING - RealTimePanel: Blue_450nm calibrated data uzunluk uyumsuzluğu (timestamps: 384, data: 96)
2026-05-02 23:27:17 - spektroskopi - WARNING - RealTimePanel: IR_850nm raw data uzunluk uyumsuzluğu (timestamps: 384, data: 96)
2026-05-02 23:27:17 - spektroskopi - WARNING - RealTimePanel: IR_850nm calibrated data uzunluk uyumsuzluğu (timestamps: 384, data: 96)
2026-05-02 23:27:17 - spektroskopi - WARNING - RealTimePanel: IR_940nm raw data uzunluk uyumsuzluğu (timestamps: 384, data: 96)
2026-05-02 23:27:17 - spektroskopi - WARNING - RealTimePanel: IR_940nm calibrated data uzunluk uyumsuzluğu (timestamps: 384, data: 96)
2026-05-02 23:27:18 - spektroskopi - WARNING - RealTimePanel: UV_360nm raw data uzunluk uyumsuzluğu (timestamps: 384, data: 96)
2026-05-02 23:27:18 - spektroskopi - WARNING - RealTimePanel: UV_360nm calibrated data uzunluk uyumsuzluğu (timestamps: 384, data: 96)
2026-05-02 23:27:18 - spektroskopi - WARNING - RealTimePanel: Blue_450nm raw data uzunluk uyumsuzluğu (timestamps: 384, data: 96)
2026-05-02 23:27:18 - spektroskopi - WARNING - RealTimePanel: Blue_450nm calibrated data uzunluk uyumsuzluğu (timestamps: 384, data: 96)
2026-05-02 23:27:18 - spektroskopi - WARNING - RealTimePanel: IR_850nm raw data uzunluk uyumsuzluğu (timestamps: 384, data: 96)
2026-05-02 23:27:18 - spektroskopi - WARNING - RealTimePanel: IR_850nm calibrated data uzunluk uyumsuzluğu (timestamps: 384, data: 96)
2026-05-02 23:27:18 - spektroskopi - WARNING - RealTimePanel: IR_940nm raw data uzunluk uyumsuzluğu (timestamps: 384, data: 96)
2026-05-02 23:27:18 - spektroskopi - WARNING - RealTimePanel: IR_940nm calibrated data uzunluk uyumsuzluğu (timestamps: 384, data: 96)
2026-05-02 23:27:19 - spektroskopi - WARNING - RealTimePanel: UV_360nm raw data uzunluk uyumsuzluğu (timestamps: 384, data: 96)
2026-05-02 23:27:19 - spektroskopi - WARNING - RealTimePanel: UV_360nm calibrated data uzunluk uyumsuzluğu (timestamps: 384, data: 96)
2026-05-02 23:27:19 - spektroskopi - WARNING - RealTimePanel: Blue_450nm raw data uzunluk uyumsuzluğu (timestamps: 384, data: 96)
2026-05-02 23:27:19 - spektroskopi - WARNING - RealTimePanel: Blue_450nm calibrated data uzunluk uyumsuzluğu (timestamps: 384, data: 96)
2026-05-02 23:27:19 - spektroskopi - WARNING - RealTimePanel: IR_850nm raw data uzunluk uyumsuzluğu (timestamps: 384, data: 96)
2026-05-02 23:27:19 - spektroskopi - WARNING - RealTimePanel: IR_850nm calibrated data uzunluk uyumsuzluğu (timestamps: 384, data: 96)
2026-05-02 23:27:19 - spektroskopi - WARNING - RealTimePanel: IR_940nm raw data uzunluk uyumsuzluğu (timestamps: 384, data: 96)
2026-05-02 23:27:19 - spektroskopi - WARNING - RealTimePanel: IR_940nm calibrated data uzunluk uyumsuzluğu (timestamps: 384, data: 96)
2026-05-02 23:27:20 - spektroskopi - WARNING - RealTimePanel: UV_360nm raw data uzunluk uyumsuzluğu (timestamps: 384, data: 96)
2026-05-02 23:27:20 - spektroskopi - WARNING - RealTimePanel: UV_360nm calibrated data uzunluk uyumsuzluğu (timestamps: 384, data: 96)
2026-05-02 23:27:20 - spektroskopi - WARNING - RealTimePanel: Blue_450nm raw data uzunluk uyumsuzluğu (timestamps: 384, data: 96)
2026-05-02 23:27:20 - spektroskopi - WARNING - RealTimePanel: Blue_450nm calibrated data uzunluk uyumsuzluğu (timestamps: 384, data: 96)
2026-05-02 23:27:20 - spektroskopi - WARNING - RealTimePanel: IR_850nm raw data uzunluk uyumsuzluğu (timestamps: 384, data: 96)
2026-05-02 23:27:20 - spektroskopi - WARNING - RealTimePanel: IR_850nm calibrated data uzunluk uyumsuzluğu (timestamps: 384, data: 96)
2026-05-02 23:27:20 - spektroskopi - WARNING - RealTimePanel: IR_940nm raw data uzunluk uyumsuzluğu (timestamps: 384, data: 96)
2026-05-02 23:27:20 - spektroskopi - WARNING - RealTimePanel: IR_940nm calibrated data uzunluk uyumsuzluğu (timestamps: 384, data: 96)
2026-05-02 23:27:21 - spektroskopi - WARNING - RealTimePanel: UV_360nm raw data uzunluk uyumsuzluğu (timestamps: 384, data: 96)
2026-05-02 23:27:21 - spektroskopi - WARNING - RealTimePanel: UV_360nm calibrated data uzunluk uyumsuzluğu (timestamps: 384, data: 96)
2026-05-02 23:27:21 - spektroskopi - WARNING - RealTimePanel: Blue_450nm raw data uzunluk uyumsuzluğu (timestamps: 384, data: 96)
2026-05-02 23:27:21 - spektroskopi - WARNING - RealTimePanel: Blue_450nm calibrated data uzunluk uyumsuzluğu (timestamps: 384, data: 96)
2026-05-02 23:27:21 - spektroskopi - WARNING - RealTimePanel: IR_850nm raw data uzunluk uyumsuzluğu (timestamps: 384, data: 96)
2026-05-02 23:27:21 - spektroskopi - WARNING - RealTimePanel: IR_850nm calibrated data uzunluk uyumsuzluğu (timestamps: 384, data: 96)
2026-05-02 23:27:21 - spektroskopi - WARNING - RealTimePanel: IR_940nm raw data uzunluk uyumsuzluğu (timestamps: 384, data: 96)
2026-05-02 23:27:21 - spektroskopi - WARNING - RealTimePanel: IR_940nm calibrated data uzunluk uyumsuzluğu (timestamps: 384, data: 96)
2026-05-02 23:27:22 - spektroskopi - WARNING - BLE bağlantı kesildi/başarısız: Device with address 7CDE3AD7-9E89-0DF9-28E4-1D56CA03E138 was not found
2026-05-02 23:27:22 - spektroskopi - INFO - Yeniden bağlanılıyor...
2026-05-02 23:27:22 - spektroskopi - WARNING - RealTimePanel: UV_360nm raw data uzunluk uyumsuzluğu (timestamps: 384, data: 96)
2026-05-02 23:27:22 - spektroskopi - WARNING - RealTimePanel: UV_360nm calibrated data uzunluk uyumsuzluğu (timestamps: 384, data: 96)
2026-05-02 23:27:22 - spektroskopi - WARNING - RealTimePanel: Blue_450nm raw data uzunluk uyumsuzluğu (timestamps: 384, data: 96)
2026-05-02 23:27:22 - spektroskopi - WARNING - RealTimePanel: Blue_450nm calibrated data uzunluk uyumsuzluğu (timestamps: 384, data: 96)
2026-05-02 23:27:22 - spektroskopi - WARNING - RealTimePanel: IR_850nm raw data uzunluk uyumsuzluğu (timestamps: 384, data: 96)
2026-05-02 23:27:22 - spektroskopi - WARNING - RealTimePanel: IR_850nm calibrated data uzunluk uyumsuzluğu (timestamps: 384, data: 96)
2026-05-02 23:27:22 - spektroskopi - WARNING - RealTimePanel: IR_940nm raw data uzunluk uyumsuzluğu (timestamps: 384, data: 96)
2026-05-02 23:27:22 - spektroskopi - WARNING - RealTimePanel: IR_940nm calibrated data uzunluk uyumsuzluğu (timestamps: 384, data: 96)
2026-05-02 23:27:23 - spektroskopi - INFO - BLE bağlantısı kuruluyor: sensor-3 (7CDE3AD7-9E89-0DF9-28E4-1D56CA03E138)
2026-05-02 23:27:23 - spektroskopi - WARNING - RealTimePanel: UV_360nm raw data uzunluk uyumsuzluğu (timestamps: 384, data: 96)
2026-05-02 23:27:23 - spektroskopi - WARNING - RealTimePanel: UV_360nm calibrated data uzunluk uyumsuzluğu (timestamps: 384, data: 96)
2026-05-02 23:27:23 - spektroskopi - WARNING - RealTimePanel: Blue_450nm raw data uzunluk uyumsuzluğu (timestamps: 384, data: 96)
2026-05-02 23:27:23 - spektroskopi - WARNING - RealTimePanel: Blue_450nm calibrated data uzunluk uyumsuzluğu (timestamps: 384, data: 96)
2026-05-02 23:27:23 - spektroskopi - WARNING - RealTimePanel: IR_850nm raw data uzunluk uyumsuzluğu (timestamps: 384, data: 96)
2026-05-02 23:27:23 - spektroskopi - WARNING - RealTimePanel: IR_850nm calibrated data uzunluk uyumsuzluğu (timestamps: 384, data: 96)
2026-05-02 23:27:23 - spektroskopi - WARNING - RealTimePanel: IR_940nm raw data uzunluk uyumsuzluğu (timestamps: 384, data: 96)
2026-05-02 23:27:23 - spektroskopi - WARNING - RealTimePanel: IR_940nm calibrated data uzunluk uyumsuzluğu (timestamps: 384, data: 96)
2026-05-02 23:27:24 - spektroskopi - WARNING - RealTimePanel: UV_360nm raw data uzunluk uyumsuzluğu (timestamps: 384, data: 96)
2026-05-02 23:27:24 - spektroskopi - WARNING - RealTimePanel: UV_360nm calibrated data uzunluk uyumsuzluğu (timestamps: 384, data: 96)
2026-05-02 23:27:24 - spektroskopi - WARNING - RealTimePanel: Blue_450nm raw data uzunluk uyumsuzluğu (timestamps: 384, data: 96)
2026-05-02 23:27:24 - spektroskopi - WARNING - RealTimePanel: Blue_450nm calibrated data uzunluk uyumsuzluğu (timestamps: 384, data: 96)
2026-05-02 23:27:24 - spektroskopi - WARNING - RealTimePanel: IR_850nm raw data uzunluk uyumsuzluğu (timestamps: 384, data: 96)
2026-05-02 23:27:24 - spektroskopi - WARNING - RealTimePanel: IR_850nm calibrated data uzunluk uyumsuzluğu (timestamps: 384, data: 96)
2026-05-02 23:27:24 - spektroskopi - WARNING - RealTimePanel: IR_940nm raw data uzunluk uyumsuzluğu (timestamps: 384, data: 96)
2026-05-02 23:27:24 - spektroskopi - WARNING - RealTimePanel: IR_940nm calibrated data uzunluk uyumsuzluğu (timestamps: 384, data: 96)
2026-05-02 23:27:25 - spektroskopi - WARNING - RealTimePanel: UV_360nm raw data uzunluk uyumsuzluğu (timestamps: 384, data: 96)
2026-05-02 23:27:25 - spektroskopi - WARNING - RealTimePanel: UV_360nm calibrated data uzunluk uyumsuzluğu (timestamps: 384, data: 96)
2026-05-02 23:27:25 - spektroskopi - WARNING - RealTimePanel: Blue_450nm raw data uzunluk uyumsuzluğu (timestamps: 384, data: 96)
2026-05-02 23:27:25 - spektroskopi - WARNING - RealTimePanel: Blue_450nm calibrated data uzunluk uyumsuzluğu (timestamps: 384, data: 96)
2026-05-02 23:27:25 - spektroskopi - WARNING - RealTimePanel: IR_850nm raw data uzunluk uyumsuzluğu (timestamps: 384, data: 96)
2026-05-02 23:27:25 - spektroskopi - WARNING - RealTimePanel: IR_850nm calibrated data uzunluk uyumsuzluğu (timestamps: 384, data: 96)
2026-05-02 23:27:25 - spektroskopi - WARNING - RealTimePanel: IR_940nm raw data uzunluk uyumsuzluğu (timestamps: 384, data: 96)
2026-05-02 23:27:25 - spektroskopi - WARNING - RealTimePanel: IR_940nm calibrated data uzunluk uyumsuzluğu (timestamps: 384, data: 96)
2026-05-02 23:27:26 - spektroskopi - WARNING - RealTimePanel: UV_360nm raw data uzunluk uyumsuzluğu (timestamps: 384, data: 96)
2026-05-02 23:27:26 - spektroskopi - WARNING - RealTimePanel: UV_360nm calibrated data uzunluk uyumsuzluğu (timestamps: 384, data: 96)
2026-05-02 23:27:26 - spektroskopi - WARNING - RealTimePanel: Blue_450nm raw data uzunluk uyumsuzluğu (timestamps: 384, data: 96)
2026-05-02 23:27:26 - spektroskopi - WARNING - RealTimePanel: Blue_450nm calibrated data uzunluk uyumsuzluğu (timestamps: 384, data: 96)
2026-05-02 23:27:26 - spektroskopi - WARNING - RealTimePanel: IR_850nm raw data uzunluk uyumsuzluğu (timestamps: 384, data: 96)
2026-05-02 23:27:26 - spektroskopi - WARNING - RealTimePanel: IR_850nm calibrated data uzunluk uyumsuzluğu (timestamps: 384, data: 96)
2026-05-02 23:27:26 - spektroskopi - WARNING - RealTimePanel: IR_940nm raw data uzunluk uyumsuzluğu (timestamps: 384, data: 96)
2026-05-02 23:27:26 - spektroskopi - WARNING - RealTimePanel: IR_940nm calibrated data uzunluk uyumsuzluğu (timestamps: 384, data: 96)
2026-05-02 23:27:27 - spektroskopi - WARNING - RealTimePanel: UV_360nm raw data uzunluk uyumsuzluğu (timestamps: 384, data: 96)
2026-05-02 23:27:27 - spektroskopi - WARNING - RealTimePanel: UV_360nm calibrated data uzunluk uyumsuzluğu (timestamps: 384, data: 96)
2026-05-02 23:27:27 - spektroskopi - WARNING - RealTimePanel: Blue_450nm raw data uzunluk uyumsuzluğu (timestamps: 384, data: 96)
2026-05-02 23:27:27 - spektroskopi - WARNING - RealTimePanel: Blue_450nm calibrated data uzunluk uyumsuzluğu (timestamps: 384, data: 96)
2026-05-02 23:27:27 - spektroskopi - WARNING - RealTimePanel: IR_850nm raw data uzunluk uyumsuzluğu (timestamps: 384, data: 96)
2026-05-02 23:27:27 - spektroskopi - WARNING - RealTimePanel: IR_850nm calibrated data uzunluk uyumsuzluğu (timestamps: 384, data: 96)
2026-05-02 23:27:27 - spektroskopi - WARNING - RealTimePanel: IR_940nm raw data uzunluk uyumsuzluğu (timestamps: 384, data: 96)
2026-05-02 23:27:27 - spektroskopi - WARNING - RealTimePanel: IR_940nm calibrated data uzunluk uyumsuzluğu (timestamps: 384, data: 96)
2026-05-02 23:27:28 - spektroskopi - WARNING - RealTimePanel: UV_360nm raw data uzunluk uyumsuzluğu (timestamps: 384, data: 96)
2026-05-02 23:27:28 - spektroskopi - WARNING - RealTimePanel: UV_360nm calibrated data uzunluk uyumsuzluğu (timestamps: 384, data: 96)
2026-05-02 23:27:28 - spektroskopi - WARNING - RealTimePanel: Blue_450nm raw data uzunluk uyumsuzluğu (timestamps: 384, data: 96)
2026-05-02 23:27:28 - spektroskopi - WARNING - RealTimePanel: Blue_450nm calibrated data uzunluk uyumsuzluğu (timestamps: 384, data: 96)
2026-05-02 23:27:28 - spektroskopi - WARNING - RealTimePanel: IR_850nm raw data uzunluk uyumsuzluğu (timestamps: 384, data: 96)
2026-05-02 23:27:28 - spektroskopi - WARNING - RealTimePanel: IR_850nm calibrated data uzunluk uyumsuzluğu (timestamps: 384, data: 96)
2026-05-02 23:27:28 - spektroskopi - WARNING - RealTimePanel: IR_940nm raw data uzunluk uyumsuzluğu (timestamps: 384, data: 96)
2026-05-02 23:27:28 - spektroskopi - WARNING - RealTimePanel: IR_940nm calibrated data uzunluk uyumsuzluğu (timestamps: 384, data: 96)
2026-05-02 23:27:29 - spektroskopi - WARNING - RealTimePanel: UV_360nm raw data uzunluk uyumsuzluğu (timestamps: 384, data: 96)
2026-05-02 23:27:29 - spektroskopi - WARNING - RealTimePanel: UV_360nm calibrated data uzunluk uyumsuzluğu (timestamps: 384, data: 96)
2026-05-02 23:27:29 - spektroskopi - WARNING - RealTimePanel: Blue_450nm raw data uzunluk uyumsuzluğu (timestamps: 384, data: 96)
2026-05-02 23:27:29 - spektroskopi - WARNING - RealTimePanel: Blue_450nm calibrated data uzunluk uyumsuzluğu (timestamps: 384, data: 96)
2026-05-02 23:27:29 - spektroskopi - WARNING - RealTimePanel: IR_850nm raw data uzunluk uyumsuzluğu (timestamps: 384, data: 96)
2026-05-02 23:27:29 - spektroskopi - WARNING - RealTimePanel: IR_850nm calibrated data uzunluk uyumsuzluğu (timestamps: 384, data: 96)
2026-05-02 23:27:29 - spektroskopi - WARNING - RealTimePanel: IR_940nm raw data uzunluk uyumsuzluğu (timestamps: 384, data: 96)
2026-05-02 23:27:29 - spektroskopi - WARNING - RealTimePanel: IR_940nm calibrated data uzunluk uyumsuzluğu (timestamps: 384, data: 96)
2026-05-02 23:27:30 - spektroskopi - WARNING - RealTimePanel: UV_360nm raw data uzunluk uyumsuzluğu (timestamps: 384, data: 96)
2026-05-02 23:27:30 - spektroskopi - WARNING - RealTimePanel: UV_360nm calibrated data uzunluk uyumsuzluğu (timestamps: 384, data: 96)
2026-05-02 23:27:30 - spektroskopi - WARNING - RealTimePanel: Blue_450nm raw data uzunluk uyumsuzluğu (timestamps: 384, data: 96)
2026-05-02 23:27:30 - spektroskopi - WARNING - RealTimePanel: Blue_450nm calibrated data uzunluk uyumsuzluğu (timestamps: 384, data: 96)
2026-05-02 23:27:30 - spektroskopi - WARNING - RealTimePanel: IR_850nm raw data uzunluk uyumsuzluğu (timestamps: 384, data: 96)
2026-05-02 23:27:30 - spektroskopi - WARNING - RealTimePanel: IR_850nm calibrated data uzunluk uyumsuzluğu (timestamps: 384, data: 96)
2026-05-02 23:27:30 - spektroskopi - WARNING - RealTimePanel: IR_940nm raw data uzunluk uyumsuzluğu (timestamps: 384, data: 96)
2026-05-02 23:27:30 - spektroskopi - WARNING - RealTimePanel: IR_940nm calibrated data uzunluk uyumsuzluğu (timestamps: 384, data: 96)
2026-05-02 23:27:31 - spektroskopi - WARNING - RealTimePanel: UV_360nm raw data uzunluk uyumsuzluğu (timestamps: 384, data: 96)
2026-05-02 23:27:31 - spektroskopi - WARNING - RealTimePanel: UV_360nm calibrated data uzunluk uyumsuzluğu (timestamps: 384, data: 96)
2026-05-02 23:27:31 - spektroskopi - WARNING - RealTimePanel: Blue_450nm raw data uzunluk uyumsuzluğu (timestamps: 384, data: 96)
2026-05-02 23:27:31 - spektroskopi - WARNING - RealTimePanel: Blue_450nm calibrated data uzunluk uyumsuzluğu (timestamps: 384, data: 96)
2026-05-02 23:27:31 - spektroskopi - WARNING - RealTimePanel: IR_850nm raw data uzunluk uyumsuzluğu (timestamps: 384, data: 96)
2026-05-02 23:27:31 - spektroskopi - WARNING - RealTimePanel: IR_850nm calibrated data uzunluk uyumsuzluğu (timestamps: 384, data: 96)
2026-05-02 23:27:31 - spektroskopi - WARNING - RealTimePanel: IR_940nm raw data uzunluk uyumsuzluğu (timestamps: 384, data: 96)
2026-05-02 23:27:31 - spektroskopi - WARNING - RealTimePanel: IR_940nm calibrated data uzunluk uyumsuzluğu (timestamps: 384, data: 96)
2026-05-02 23:27:32 - spektroskopi - WARNING - RealTimePanel: UV_360nm raw data uzunluk uyumsuzluğu (timestamps: 384, data: 96)
2026-05-02 23:27:32 - spektroskopi - WARNING - RealTimePanel: UV_360nm calibrated data uzunluk uyumsuzluğu (timestamps: 384, data: 96)
2026-05-02 23:27:32 - spektroskopi - WARNING - RealTimePanel: Blue_450nm raw data uzunluk uyumsuzluğu (timestamps: 384, data: 96)
2026-05-02 23:27:32 - spektroskopi - WARNING - RealTimePanel: Blue_450nm calibrated data uzunluk uyumsuzluğu (timestamps: 384, data: 96)
2026-05-02 23:27:32 - spektroskopi - WARNING - RealTimePanel: IR_850nm raw data uzunluk uyumsuzluğu (timestamps: 384, data: 96)
2026-05-02 23:27:32 - spektroskopi - WARNING - RealTimePanel: IR_850nm calibrated data uzunluk uyumsuzluğu (timestamps: 384, data: 96)
2026-05-02 23:27:32 - spektroskopi - WARNING - RealTimePanel: IR_940nm raw data uzunluk uyumsuzluğu (timestamps: 384, data: 96)
2026-05-02 23:27:32 - spektroskopi - WARNING - RealTimePanel: IR_940nm calibrated data uzunluk uyumsuzluğu (timestamps: 384, data: 96)
2026-05-02 23:27:33 - spektroskopi - WARNING - BLE bağlantı kesildi/başarısız: Device with address 7CDE3AD7-9E89-0DF9-28E4-1D56CA03E138 was not found
2026-05-02 23:27:33 - spektroskopi - INFO - Yeniden bağlanılıyor...
2026-05-02 23:27:33 - spektroskopi - INFO - BLE bağlantısı kuruluyor: sensor-3 (7CDE3AD7-9E89-0DF9-28E4-1D56CA03E138)
2026-05-02 23:27:33 - spektroskopi - WARNING - RealTimePanel: UV_360nm raw data uzunluk uyumsuzluğu (timestamps: 384, data: 96)
2026-05-02 23:27:33 - spektroskopi - WARNING - RealTimePanel: UV_360nm calibrated data uzunluk uyumsuzluğu (timestamps: 384, data: 96)
2026-05-02 23:27:33 - spektroskopi - WARNING - RealTimePanel: Blue_450nm raw data uzunluk uyumsuzluğu (timestamps: 384, data: 96)
2026-05-02 23:27:33 - spektroskopi - WARNING - RealTimePanel: Blue_450nm calibrated data uzunluk uyumsuzluğu (timestamps: 384, data: 96)
2026-05-02 23:27:33 - spektroskopi - WARNING - RealTimePanel: IR_850nm raw data uzunluk uyumsuzluğu (timestamps: 384, data: 96)
2026-05-02 23:27:33 - spektroskopi - WARNING - RealTimePanel: IR_850nm calibrated data uzunluk uyumsuzluğu (timestamps: 384, data: 96)
2026-05-02 23:27:33 - spektroskopi - WARNING - RealTimePanel: IR_940nm raw data uzunluk uyumsuzluğu (timestamps: 384, data: 96)
2026-05-02 23:27:33 - spektroskopi - WARNING - RealTimePanel: IR_940nm calibrated data uzunluk uyumsuzluğu (timestamps: 384, data: 96)
2026-05-02 23:27:34 - spektroskopi - WARNING - RealTimePanel: UV_360nm raw data uzunluk uyumsuzluğu (timestamps: 384, data: 96)
2026-05-02 23:27:34 - spektroskopi - WARNING - RealTimePanel: UV_360nm calibrated data uzunluk uyumsuzluğu (timestamps: 384, data: 96)
2026-05-02 23:27:34 - spektroskopi - WARNING - RealTimePanel: Blue_450nm raw data uzunluk uyumsuzluğu (timestamps: 384, data: 96)
2026-05-02 23:27:34 - spektroskopi - WARNING - RealTimePanel: Blue_450nm calibrated data uzunluk uyumsuzluğu (timestamps: 384, data: 96)
2026-05-02 23:27:34 - spektroskopi - WARNING - RealTimePanel: IR_850nm raw data uzunluk uyumsuzluğu (timestamps: 384, data: 96)
2026-05-02 23:27:34 - spektroskopi - WARNING - RealTimePanel: IR_850nm calibrated data uzunluk uyumsuzluğu (timestamps: 384, data: 96)
2026-05-02 23:27:34 - spektroskopi - WARNING - RealTimePanel: IR_940nm raw data uzunluk uyumsuzluğu (timestamps: 384, data: 96)
2026-05-02 23:27:34 - spektroskopi - WARNING - RealTimePanel: IR_940nm calibrated data uzunluk uyumsuzluğu (timestamps: 384, data: 96)
2026-05-02 23:27:35 - spektroskopi - WARNING - RealTimePanel: UV_360nm raw data uzunluk uyumsuzluğu (timestamps: 384, data: 96)
2026-05-02 23:27:35 - spektroskopi - WARNING - RealTimePanel: UV_360nm calibrated data uzunluk uyumsuzluğu (timestamps: 384, data: 96)
2026-05-02 23:27:35 - spektroskopi - WARNING - RealTimePanel: Blue_450nm raw data uzunluk uyumsuzluğu (timestamps: 384, data: 96)
2026-05-02 23:27:35 - spektroskopi - WARNING - RealTimePanel: Blue_450nm calibrated data uzunluk uyumsuzluğu (timestamps: 384, data: 96)
2026-05-02 23:27:35 - spektroskopi - WARNING - RealTimePanel: IR_850nm raw data uzunluk uyumsuzluğu (timestamps: 384, data: 96)
2026-05-02 23:27:35 - spektroskopi - WARNING - RealTimePanel: IR_850nm calibrated data uzunluk uyumsuzluğu (timestamps: 384, data: 96)
2026-05-02 23:27:35 - spektroskopi - WARNING - RealTimePanel: IR_940nm raw data uzunluk uyumsuzluğu (timestamps: 384, data: 96)
2026-05-02 23:27:35 - spektroskopi - WARNING - RealTimePanel: IR_940nm calibrated data uzunluk uyumsuzluğu (timestamps: 384, data: 96)
2026-05-02 23:27:36 - spektroskopi - WARNING - RealTimePanel: UV_360nm raw data uzunluk uyumsuzluğu (timestamps: 384, data: 96)
2026-05-02 23:27:36 - spektroskopi - WARNING - RealTimePanel: UV_360nm calibrated data uzunluk uyumsuzluğu (timestamps: 384, data: 96)
2026-05-02 23:27:36 - spektroskopi - WARNING - RealTimePanel: Blue_450nm raw data uzunluk uyumsuzluğu (timestamps: 384, data: 96)
2026-05-02 23:27:36 - spektroskopi - WARNING - RealTimePanel: Blue_450nm calibrated data uzunluk uyumsuzluğu (timestamps: 384, data: 96)
2026-05-02 23:27:36 - spektroskopi - WARNING - RealTimePanel: IR_850nm raw data uzunluk uyumsuzluğu (timestamps: 384, data: 96)
2026-05-02 23:27:36 - spektroskopi - WARNING - RealTimePanel: IR_850nm calibrated data uzunluk uyumsuzluğu (timestamps: 384, data: 96)
2026-05-02 23:27:36 - spektroskopi - WARNING - RealTimePanel: IR_940nm raw data uzunluk uyumsuzluğu (timestamps: 384, data: 96)
2026-05-02 23:27:36 - spektroskopi - WARNING - RealTimePanel: IR_940nm calibrated data uzunluk uyumsuzluğu (timestamps: 384, data: 96)
2026-05-02 23:27:37 - spektroskopi - WARNING - RealTimePanel: UV_360nm raw data uzunluk uyumsuzluğu (timestamps: 384, data: 96)
2026-05-02 23:27:37 - spektroskopi - WARNING - RealTimePanel: UV_360nm calibrated data uzunluk uyumsuzluğu (timestamps: 384, data: 96)
2026-05-02 23:27:37 - spektroskopi - WARNING - RealTimePanel: Blue_450nm raw data uzunluk uyumsuzluğu (timestamps: 384, data: 96)
2026-05-02 23:27:37 - spektroskopi - WARNING - RealTimePanel: Blue_450nm calibrated data uzunluk uyumsuzluğu (timestamps: 384, data: 96)
2026-05-02 23:27:37 - spektroskopi - WARNING - RealTimePanel: IR_850nm raw data uzunluk uyumsuzluğu (timestamps: 384, data: 96)
2026-05-02 23:27:37 - spektroskopi - WARNING - RealTimePanel: IR_850nm calibrated data uzunluk uyumsuzluğu (timestamps: 384, data: 96)
2026-05-02 23:27:37 - spektroskopi - WARNING - RealTimePanel: IR_940nm raw data uzunluk uyumsuzluğu (timestamps: 384, data: 96)
2026-05-02 23:27:37 - spektroskopi - WARNING - RealTimePanel: IR_940nm calibrated data uzunluk uyumsuzluğu (timestamps: 384, data: 96)
2026-05-02 23:27:38 - spektroskopi - WARNING - RealTimePanel: UV_360nm raw data uzunluk uyumsuzluğu (timestamps: 384, data: 96)
2026-05-02 23:27:38 - spektroskopi - WARNING - RealTimePanel: UV_360nm calibrated data uzunluk uyumsuzluğu (timestamps: 384, data: 96)
2026-05-02 23:27:38 - spektroskopi - WARNING - RealTimePanel: Blue_450nm raw data uzunluk uyumsuzluğu (timestamps: 384, data: 96)
2026-05-02 23:27:38 - spektroskopi - WARNING - RealTimePanel: Blue_450nm calibrated data uzunluk uyumsuzluğu (timestamps: 384, data: 96)
2026-05-02 23:27:38 - spektroskopi - WARNING - RealTimePanel: IR_850nm raw data uzunluk uyumsuzluğu (timestamps: 384, data: 96)
2026-05-02 23:27:38 - spektroskopi - WARNING - RealTimePanel: IR_850nm calibrated data uzunluk uyumsuzluğu (timestamps: 384, data: 96)
2026-05-02 23:27:38 - spektroskopi - WARNING - RealTimePanel: IR_940nm raw data uzunluk uyumsuzluğu (timestamps: 384, data: 96)
2026-05-02 23:27:38 - spektroskopi - WARNING - RealTimePanel: IR_940nm calibrated data uzunluk uyumsuzluğu (timestamps: 384, data: 96)
2026-05-02 23:27:39 - spektroskopi - WARNING - RealTimePanel: UV_360nm raw data uzunluk uyumsuzluğu (timestamps: 384, data: 96)
2026-05-02 23:27:39 - spektroskopi - WARNING - RealTimePanel: UV_360nm calibrated data uzunluk uyumsuzluğu (timestamps: 384, data: 96)
2026-05-02 23:27:39 - spektroskopi - WARNING - RealTimePanel: Blue_450nm raw data uzunluk uyumsuzluğu (timestamps: 384, data: 96)
2026-05-02 23:27:39 - spektroskopi - WARNING - RealTimePanel: Blue_450nm calibrated data uzunluk uyumsuzluğu (timestamps: 384, data: 96)
2026-05-02 23:27:39 - spektroskopi - WARNING - RealTimePanel: IR_850nm raw data uzunluk uyumsuzluğu (timestamps: 384, data: 96)
2026-05-02 23:27:39 - spektroskopi - WARNING - RealTimePanel: IR_850nm calibrated data uzunluk uyumsuzluğu (timestamps: 384, data: 96)
2026-05-02 23:27:39 - spektroskopi - WARNING - RealTimePanel: IR_940nm raw data uzunluk uyumsuzluğu (timestamps: 384, data: 96)
2026-05-02 23:27:39 - spektroskopi - WARNING - RealTimePanel: IR_940nm calibrated data uzunluk uyumsuzluğu (timestamps: 384, data: 96)
2026-05-02 23:27:40 - spektroskopi - WARNING - RealTimePanel: UV_360nm raw data uzunluk uyumsuzluğu (timestamps: 384, data: 96)
2026-05-02 23:27:40 - spektroskopi - WARNING - RealTimePanel: UV_360nm calibrated data uzunluk uyumsuzluğu (timestamps: 384, data: 96)
2026-05-02 23:27:40 - spektroskopi - WARNING - RealTimePanel: Blue_450nm raw data uzunluk uyumsuzluğu (timestamps: 384, data: 96)
2026-05-02 23:27:40 - spektroskopi - WARNING - RealTimePanel: Blue_450nm calibrated data uzunluk uyumsuzluğu (timestamps: 384, data: 96)
2026-05-02 23:27:40 - spektroskopi - WARNING - RealTimePanel: IR_850nm raw data uzunluk uyumsuzluğu (timestamps: 384, data: 96)
2026-05-02 23:27:40 - spektroskopi - WARNING - RealTimePanel: IR_850nm calibrated data uzunluk uyumsuzluğu (timestamps: 384, data: 96)
2026-05-02 23:27:40 - spektroskopi - WARNING - RealTimePanel: IR_940nm raw data uzunluk uyumsuzluğu (timestamps: 384, data: 96)
2026-05-02 23:27:40 - spektroskopi - WARNING - RealTimePanel: IR_940nm calibrated data uzunluk uyumsuzluğu (timestamps: 384, data: 96)
2026-05-02 23:27:41 - spektroskopi - WARNING - RealTimePanel: UV_360nm raw data uzunluk uyumsuzluğu (timestamps: 384, data: 96)
2026-05-02 23:27:41 - spektroskopi - WARNING - RealTimePanel: UV_360nm calibrated data uzunluk uyumsuzluğu (timestamps: 384, data: 96)
2026-05-02 23:27:41 - spektroskopi - WARNING - RealTimePanel: Blue_450nm raw data uzunluk uyumsuzluğu (timestamps: 384, data: 96)
2026-05-02 23:27:41 - spektroskopi - WARNING - RealTimePanel: Blue_450nm calibrated data uzunluk uyumsuzluğu (timestamps: 384, data: 96)
2026-05-02 23:27:41 - spektroskopi - WARNING - RealTimePanel: IR_850nm raw data uzunluk uyumsuzluğu (timestamps: 384, data: 96)
2026-05-02 23:27:41 - spektroskopi - WARNING - RealTimePanel: IR_850nm calibrated data uzunluk uyumsuzluğu (timestamps: 384, data: 96)
2026-05-02 23:27:41 - spektroskopi - WARNING - RealTimePanel: IR_940nm raw data uzunluk uyumsuzluğu (timestamps: 384, data: 96)
2026-05-02 23:27:41 - spektroskopi - WARNING - RealTimePanel: IR_940nm calibrated data uzunluk uyumsuzluğu (timestamps: 384, data: 96)
2026-05-02 23:27:42 - spektroskopi - WARNING - RealTimePanel: UV_360nm raw data uzunluk uyumsuzluğu (timestamps: 384, data: 96)
2026-05-02 23:27:42 - spektroskopi - WARNING - RealTimePanel: UV_360nm calibrated data uzunluk uyumsuzluğu (timestamps: 384, data: 96)
2026-05-02 23:27:42 - spektroskopi - WARNING - RealTimePanel: Blue_450nm raw data uzunluk uyumsuzluğu (timestamps: 384, data: 96)
2026-05-02 23:27:42 - spektroskopi - WARNING - RealTimePanel: Blue_450nm calibrated data uzunluk uyumsuzluğu (timestamps: 384, data: 96)
2026-05-02 23:27:42 - spektroskopi - WARNING - RealTimePanel: IR_850nm raw data uzunluk uyumsuzluğu (timestamps: 384, data: 96)
2026-05-02 23:27:42 - spektroskopi - WARNING - RealTimePanel: IR_850nm calibrated data uzunluk uyumsuzluğu (timestamps: 384, data: 96)
2026-05-02 23:27:42 - spektroskopi - WARNING - RealTimePanel: IR_940nm raw data uzunluk uyumsuzluğu (timestamps: 384, data: 96)
2026-05-02 23:27:42 - spektroskopi - WARNING - RealTimePanel: IR_940nm calibrated data uzunluk uyumsuzluğu (timestamps: 384, data: 96)
2026-05-02 23:27:43 - spektroskopi - WARNING - BLE bağlantı kesildi/başarısız: Device with address 7CDE3AD7-9E89-0DF9-28E4-1D56CA03E138 was not found
2026-05-02 23:27:43 - spektroskopi - INFO - Yeniden bağlanılıyor...
2026-05-02 23:27:43 - spektroskopi - WARNING - RealTimePanel: UV_360nm raw data uzunluk uyumsuzluğu (timestamps: 384, data: 96)
2026-05-02 23:27:43 - spektroskopi - WARNING - RealTimePanel: UV_360nm calibrated data uzunluk uyumsuzluğu (timestamps: 384, data: 96)
2026-05-02 23:27:43 - spektroskopi - WARNING - RealTimePanel: Blue_450nm raw data uzunluk uyumsuzluğu (timestamps: 384, data: 96)
2026-05-02 23:27:43 - spektroskopi - WARNING - RealTimePanel: Blue_450nm calibrated data uzunluk uyumsuzluğu (timestamps: 384, data: 96)
2026-05-02 23:27:43 - spektroskopi - WARNING - RealTimePanel: IR_850nm raw data uzunluk uyumsuzluğu (timestamps: 384, data: 96)
2026-05-02 23:27:43 - spektroskopi - WARNING - RealTimePanel: IR_850nm calibrated data uzunluk uyumsuzluğu (timestamps: 384, data: 96)
2026-05-02 23:27:43 - spektroskopi - WARNING - RealTimePanel: IR_940nm raw data uzunluk uyumsuzluğu (timestamps: 384, data: 96)
2026-05-02 23:27:43 - spektroskopi - WARNING - RealTimePanel: IR_940nm calibrated data uzunluk uyumsuzluğu (timestamps: 384, data: 96)
2026-05-02 23:27:44 - spektroskopi - INFO - BLE bağlantısı kuruluyor: sensor-3 (7CDE3AD7-9E89-0DF9-28E4-1D56CA03E138)
2026-05-02 23:27:44 - spektroskopi - WARNING - RealTimePanel: UV_360nm raw data uzunluk uyumsuzluğu (timestamps: 384, data: 96)
2026-05-02 23:27:44 - spektroskopi - WARNING - RealTimePanel: UV_360nm calibrated data uzunluk uyumsuzluğu (timestamps: 384, data: 96)
2026-05-02 23:27:44 - spektroskopi - WARNING - RealTimePanel: Blue_450nm raw data uzunluk uyumsuzluğu (timestamps: 384, data: 96)
2026-05-02 23:27:44 - spektroskopi - WARNING - RealTimePanel: Blue_450nm calibrated data uzunluk uyumsuzluğu (timestamps: 384, data: 96)
2026-05-02 23:27:44 - spektroskopi - WARNING - RealTimePanel: IR_850nm raw data uzunluk uyumsuzluğu (timestamps: 384, data: 96)
2026-05-02 23:27:44 - spektroskopi - WARNING - RealTimePanel: IR_850nm calibrated data uzunluk uyumsuzluğu (timestamps: 384, data: 96)
2026-05-02 23:27:44 - spektroskopi - WARNING - RealTimePanel: IR_940nm raw data uzunluk uyumsuzluğu (timestamps: 384, data: 96)
2026-05-02 23:27:44 - spektroskopi - WARNING - RealTimePanel: IR_940nm calibrated data uzunluk uyumsuzluğu (timestamps: 384, data: 96)
2026-05-02 23:27:45 - spektroskopi - WARNING - RealTimePanel: UV_360nm raw data uzunluk uyumsuzluğu (timestamps: 384, data: 96)
2026-05-02 23:27:45 - spektroskopi - WARNING - RealTimePanel: UV_360nm calibrated data uzunluk uyumsuzluğu (timestamps: 384, data: 96)
2026-05-02 23:27:45 - spektroskopi - WARNING - RealTimePanel: Blue_450nm raw data uzunluk uyumsuzluğu (timestamps: 384, data: 96)
2026-05-02 23:27:45 - spektroskopi - WARNING - RealTimePanel: Blue_450nm calibrated data uzunluk uyumsuzluğu (timestamps: 384, data: 96)
2026-05-02 23:27:45 - spektroskopi - WARNING - RealTimePanel: IR_850nm raw data uzunluk uyumsuzluğu (timestamps: 384, data: 96)
2026-05-02 23:27:45 - spektroskopi - WARNING - RealTimePanel: IR_850nm calibrated data uzunluk uyumsuzluğu (timestamps: 384, data: 96)
2026-05-02 23:27:45 - spektroskopi - WARNING - RealTimePanel: IR_940nm raw data uzunluk uyumsuzluğu (timestamps: 384, data: 96)
2026-05-02 23:27:45 - spektroskopi - WARNING - RealTimePanel: IR_940nm calibrated data uzunluk uyumsuzluğu (timestamps: 384, data: 96)
2026-05-02 23:27:46 - spektroskopi - WARNING - RealTimePanel: UV_360nm raw data uzunluk uyumsuzluğu (timestamps: 384, data: 96)
2026-05-02 23:27:46 - spektroskopi - WARNING - RealTimePanel: UV_360nm calibrated data uzunluk uyumsuzluğu (timestamps: 384, data: 96)
2026-05-02 23:27:46 - spektroskopi - WARNING - RealTimePanel: Blue_450nm raw data uzunluk uyumsuzluğu (timestamps: 384, data: 96)
2026-05-02 23:27:46 - spektroskopi - WARNING - RealTimePanel: Blue_450nm calibrated data uzunluk uyumsuzluğu (timestamps: 384, data: 96)
2026-05-02 23:27:46 - spektroskopi - WARNING - RealTimePanel: IR_850nm raw data uzunluk uyumsuzluğu (timestamps: 384, data: 96)
2026-05-02 23:27:46 - spektroskopi - WARNING - RealTimePanel: IR_850nm calibrated data uzunluk uyumsuzluğu (timestamps: 384, data: 96)
2026-05-02 23:27:46 - spektroskopi - WARNING - RealTimePanel: IR_940nm raw data uzunluk uyumsuzluğu (timestamps: 384, data: 96)
2026-05-02 23:27:46 - spektroskopi - WARNING - RealTimePanel: IR_940nm calibrated data uzunluk uyumsuzluğu (timestamps: 384, data: 96)
2026-05-02 23:27:47 - spektroskopi - WARNING - RealTimePanel: UV_360nm raw data uzunluk uyumsuzluğu (timestamps: 384, data: 96)
2026-05-02 23:27:47 - spektroskopi - WARNING - RealTimePanel: UV_360nm calibrated data uzunluk uyumsuzluğu (timestamps: 384, data: 96)
2026-05-02 23:27:47 - spektroskopi - WARNING - RealTimePanel: Blue_450nm raw data uzunluk uyumsuzluğu (timestamps: 384, data: 96)
2026-05-02 23:27:47 - spektroskopi - WARNING - RealTimePanel: Blue_450nm calibrated data uzunluk uyumsuzluğu (timestamps: 384, data: 96)
2026-05-02 23:27:47 - spektroskopi - WARNING - RealTimePanel: IR_850nm raw data uzunluk uyumsuzluğu (timestamps: 384, data: 96)
2026-05-02 23:27:47 - spektroskopi - WARNING - RealTimePanel: IR_850nm calibrated data uzunluk uyumsuzluğu (timestamps: 384, data: 96)
2026-05-02 23:27:47 - spektroskopi - WARNING - RealTimePanel: IR_940nm raw data uzunluk uyumsuzluğu (timestamps: 384, data: 96)
2026-05-02 23:27:47 - spektroskopi - WARNING - RealTimePanel: IR_940nm calibrated data uzunluk uyumsuzluğu (timestamps: 384, data: 96)
2026-05-02 23:27:48 - spektroskopi - WARNING - RealTimePanel: UV_360nm raw data uzunluk uyumsuzluğu (timestamps: 384, data: 96)
2026-05-02 23:27:48 - spektroskopi - WARNING - RealTimePanel: UV_360nm calibrated data uzunluk uyumsuzluğu (timestamps: 384, data: 96)
2026-05-02 23:27:48 - spektroskopi - WARNING - RealTimePanel: Blue_450nm raw data uzunluk uyumsuzluğu (timestamps: 384, data: 96)
2026-05-02 23:27:48 - spektroskopi - WARNING - RealTimePanel: Blue_450nm calibrated data uzunluk uyumsuzluğu (timestamps: 384, data: 96)
2026-05-02 23:27:48 - spektroskopi - WARNING - RealTimePanel: IR_850nm raw data uzunluk uyumsuzluğu (timestamps: 384, data: 96)
2026-05-02 23:27:48 - spektroskopi - WARNING - RealTimePanel: IR_850nm calibrated data uzunluk uyumsuzluğu (timestamps: 384, data: 96)
2026-05-02 23:27:48 - spektroskopi - WARNING - RealTimePanel: IR_940nm raw data uzunluk uyumsuzluğu (timestamps: 384, data: 96)
2026-05-02 23:27:48 - spektroskopi - WARNING - RealTimePanel: IR_940nm calibrated data uzunluk uyumsuzluğu (timestamps: 384, data: 96)
2026-05-02 23:27:49 - spektroskopi - WARNING - RealTimePanel: UV_360nm raw data uzunluk uyumsuzluğu (timestamps: 384, data: 96)
2026-05-02 23:27:49 - spektroskopi - WARNING - RealTimePanel: UV_360nm calibrated data uzunluk uyumsuzluğu (timestamps: 384, data: 96)
2026-05-02 23:27:49 - spektroskopi - WARNING - RealTimePanel: Blue_450nm raw data uzunluk uyumsuzluğu (timestamps: 384, data: 96)
2026-05-02 23:27:49 - spektroskopi - WARNING - RealTimePanel: Blue_450nm calibrated data uzunluk uyumsuzluğu (timestamps: 384, data: 96)
2026-05-02 23:27:49 - spektroskopi - WARNING - RealTimePanel: IR_850nm raw data uzunluk uyumsuzluğu (timestamps: 384, data: 96)
2026-05-02 23:27:49 - spektroskopi - WARNING - RealTimePanel: IR_850nm calibrated data uzunluk uyumsuzluğu (timestamps: 384, data: 96)
2026-05-02 23:27:49 - spektroskopi - WARNING - RealTimePanel: IR_940nm raw data uzunluk uyumsuzluğu (timestamps: 384, data: 96)
2026-05-02 23:27:49 - spektroskopi - WARNING - RealTimePanel: IR_940nm calibrated data uzunluk uyumsuzluğu (timestamps: 384, data: 96)
2026-05-02 23:27:50 - spektroskopi - WARNING - RealTimePanel: UV_360nm raw data uzunluk uyumsuzluğu (timestamps: 384, data: 96)
2026-05-02 23:27:50 - spektroskopi - WARNING - RealTimePanel: UV_360nm calibrated data uzunluk uyumsuzluğu (timestamps: 384, data: 96)
2026-05-02 23:27:50 - spektroskopi - WARNING - RealTimePanel: Blue_450nm raw data uzunluk uyumsuzluğu (timestamps: 384, data: 96)
2026-05-02 23:27:50 - spektroskopi - WARNING - RealTimePanel: Blue_450nm calibrated data uzunluk uyumsuzluğu (timestamps: 384, data: 96)
2026-05-02 23:27:50 - spektroskopi - WARNING - RealTimePanel: IR_850nm raw data uzunluk uyumsuzluğu (timestamps: 384, data: 96)
2026-05-02 23:27:50 - spektroskopi - WARNING - RealTimePanel: IR_850nm calibrated data uzunluk uyumsuzluğu (timestamps: 384, data: 96)
2026-05-02 23:27:50 - spektroskopi - WARNING - RealTimePanel: IR_940nm raw data uzunluk uyumsuzluğu (timestamps: 384, data: 96)
2026-05-02 23:27:50 - spektroskopi - WARNING - RealTimePanel: IR_940nm calibrated data uzunluk uyumsuzluğu (timestamps: 384, data: 96)
2026-05-02 23:27:51 - spektroskopi - WARNING - RealTimePanel: UV_360nm raw data uzunluk uyumsuzluğu (timestamps: 384, data: 96)
2026-05-02 23:27:51 - spektroskopi - WARNING - RealTimePanel: UV_360nm calibrated data uzunluk uyumsuzluğu (timestamps: 384, data: 96)
2026-05-02 23:27:51 - spektroskopi - WARNING - RealTimePanel: Blue_450nm raw data uzunluk uyumsuzluğu (timestamps: 384, data: 96)
2026-05-02 23:27:51 - spektroskopi - WARNING - RealTimePanel: Blue_450nm calibrated data uzunluk uyumsuzluğu (timestamps: 384, data: 96)
2026-05-02 23:27:51 - spektroskopi - WARNING - RealTimePanel: IR_850nm raw data uzunluk uyumsuzluğu (timestamps: 384, data: 96)
2026-05-02 23:27:51 - spektroskopi - WARNING - RealTimePanel: IR_850nm calibrated data uzunluk uyumsuzluğu (timestamps: 384, data: 96)
2026-05-02 23:27:51 - spektroskopi - WARNING - RealTimePanel: IR_940nm raw data uzunluk uyumsuzluğu (timestamps: 384, data: 96)
2026-05-02 23:27:51 - spektroskopi - WARNING - RealTimePanel: IR_940nm calibrated data uzunluk uyumsuzluğu (timestamps: 384, data: 96)
2026-05-02 23:27:52 - spektroskopi - WARNING - RealTimePanel: UV_360nm raw data uzunluk uyumsuzluğu (timestamps: 384, data: 96)
2026-05-02 23:27:52 - spektroskopi - WARNING - RealTimePanel: UV_360nm calibrated data uzunluk uyumsuzluğu (timestamps: 384, data: 96)
2026-05-02 23:27:52 - spektroskopi - WARNING - RealTimePanel: Blue_450nm raw data uzunluk uyumsuzluğu (timestamps: 384, data: 96)
2026-05-02 23:27:52 - spektroskopi - WARNING - RealTimePanel: Blue_450nm calibrated data uzunluk uyumsuzluğu (timestamps: 384, data: 96)
2026-05-02 23:27:52 - spektroskopi - WARNING - RealTimePanel: IR_850nm raw data uzunluk uyumsuzluğu (timestamps: 384, data: 96)
2026-05-02 23:27:52 - spektroskopi - WARNING - RealTimePanel: IR_850nm calibrated data uzunluk uyumsuzluğu (timestamps: 384, data: 96)
2026-05-02 23:27:52 - spektroskopi - WARNING - RealTimePanel: IR_940nm raw data uzunluk uyumsuzluğu (timestamps: 384, data: 96)
2026-05-02 23:27:52 - spektroskopi - WARNING - RealTimePanel: IR_940nm calibrated data uzunluk uyumsuzluğu (timestamps: 384, data: 96)
2026-05-02 23:27:53 - spektroskopi - WARNING - RealTimePanel: UV_360nm raw data uzunluk uyumsuzluğu (timestamps: 384, data: 96)
2026-05-02 23:27:53 - spektroskopi - WARNING - RealTimePanel: UV_360nm calibrated data uzunluk uyumsuzluğu (timestamps: 384, data: 96)
2026-05-02 23:27:53 - spektroskopi - WARNING - RealTimePanel: Blue_450nm raw data uzunluk uyumsuzluğu (timestamps: 384, data: 96)
2026-05-02 23:27:53 - spektroskopi - WARNING - RealTimePanel: Blue_450nm calibrated data uzunluk uyumsuzluğu (timestamps: 384, data: 96)
2026-05-02 23:27:53 - spektroskopi - WARNING - RealTimePanel: IR_850nm raw data uzunluk uyumsuzluğu (timestamps: 384, data: 96)
2026-05-02 23:27:53 - spektroskopi - WARNING - RealTimePanel: IR_850nm calibrated data uzunluk uyumsuzluğu (timestamps: 384, data: 96)
2026-05-02 23:27:53 - spektroskopi - WARNING - RealTimePanel: IR_940nm raw data uzunluk uyumsuzluğu (timestamps: 384, data: 96)
2026-05-02 23:27:53 - spektroskopi - WARNING - RealTimePanel: IR_940nm calibrated data uzunluk uyumsuzluğu (timestamps: 384, data: 96)
2026-05-02 23:27:54 - spektroskopi - WARNING - BLE bağlantı kesildi/başarısız: Device with address 7CDE3AD7-9E89-0DF9-28E4-1D56CA03E138 was not found
2026-05-02 23:27:54 - spektroskopi - INFO - Yeniden bağlanılıyor...
2026-05-02 23:27:54 - spektroskopi - INFO - BLE bağlantısı kuruluyor: sensor-3 (7CDE3AD7-9E89-0DF9-28E4-1D56CA03E138)
2026-05-02 23:27:54 - spektroskopi - WARNING - RealTimePanel: UV_360nm raw data uzunluk uyumsuzluğu (timestamps: 384, data: 96)
2026-05-02 23:27:54 - spektroskopi - WARNING - RealTimePanel: UV_360nm calibrated data uzunluk uyumsuzluğu (timestamps: 384, data: 96)
2026-05-02 23:27:54 - spektroskopi - WARNING - RealTimePanel: Blue_450nm raw data uzunluk uyumsuzluğu (timestamps: 384, data: 96)
2026-05-02 23:27:54 - spektroskopi - WARNING - RealTimePanel: Blue_450nm calibrated data uzunluk uyumsuzluğu (timestamps: 384, data: 96)
2026-05-02 23:27:54 - spektroskopi - WARNING - RealTimePanel: IR_850nm raw data uzunluk uyumsuzluğu (timestamps: 384, data: 96)
2026-05-02 23:27:54 - spektroskopi - WARNING - RealTimePanel: IR_850nm calibrated data uzunluk uyumsuzluğu (timestamps: 384, data: 96)
2026-05-02 23:27:54 - spektroskopi - WARNING - RealTimePanel: IR_940nm raw data uzunluk uyumsuzluğu (timestamps: 384, data: 96)
2026-05-02 23:27:54 - spektroskopi - WARNING - RealTimePanel: IR_940nm calibrated data uzunluk uyumsuzluğu (timestamps: 384, data: 96)
2026-05-02 23:27:55 - spektroskopi - WARNING - RealTimePanel: UV_360nm raw data uzunluk uyumsuzluğu (timestamps: 384, data: 96)
2026-05-02 23:27:55 - spektroskopi - WARNING - RealTimePanel: UV_360nm calibrated data uzunluk uyumsuzluğu (timestamps: 384, data: 96)
2026-05-02 23:27:55 - spektroskopi - WARNING - RealTimePanel: Blue_450nm raw data uzunluk uyumsuzluğu (timestamps: 384, data: 96)
2026-05-02 23:27:55 - spektroskopi - WARNING - RealTimePanel: Blue_450nm calibrated data uzunluk uyumsuzluğu (timestamps: 384, data: 96)
2026-05-02 23:27:55 - spektroskopi - WARNING - RealTimePanel: IR_850nm raw data uzunluk uyumsuzluğu (timestamps: 384, data: 96)
2026-05-02 23:27:55 - spektroskopi - WARNING - RealTimePanel: IR_850nm calibrated data uzunluk uyumsuzluğu (timestamps: 384, data: 96)
2026-05-02 23:27:55 - spektroskopi - WARNING - RealTimePanel: IR_940nm raw data uzunluk uyumsuzluğu (timestamps: 384, data: 96)
2026-05-02 23:27:55 - spektroskopi - WARNING - RealTimePanel: IR_940nm calibrated data uzunluk uyumsuzluğu (timestamps: 384, data: 96)
2026-05-02 23:27:56 - spektroskopi - WARNING - RealTimePanel: UV_360nm raw data uzunluk uyumsuzluğu (timestamps: 384, data: 96)
2026-05-02 23:27:56 - spektroskopi - WARNING - RealTimePanel: UV_360nm calibrated data uzunluk uyumsuzluğu (timestamps: 384, data: 96)
2026-05-02 23:27:56 - spektroskopi - WARNING - RealTimePanel: Blue_450nm raw data uzunluk uyumsuzluğu (timestamps: 384, data: 96)
2026-05-02 23:27:56 - spektroskopi - WARNING - RealTimePanel: Blue_450nm calibrated data uzunluk uyumsuzluğu (timestamps: 384, data: 96)
2026-05-02 23:27:56 - spektroskopi - WARNING - RealTimePanel: IR_850nm raw data uzunluk uyumsuzluğu (timestamps: 384, data: 96)
2026-05-02 23:27:56 - spektroskopi - WARNING - RealTimePanel: IR_850nm calibrated data uzunluk uyumsuzluğu (timestamps: 384, data: 96)
2026-05-02 23:27:56 - spektroskopi - WARNING - RealTimePanel: IR_940nm raw data uzunluk uyumsuzluğu (timestamps: 384, data: 96)
2026-05-02 23:27:56 - spektroskopi - WARNING - RealTimePanel: IR_940nm calibrated data uzunluk uyumsuzluğu (timestamps: 384, data: 96)
2026-05-02 23:27:57 - spektroskopi - WARNING - RealTimePanel: UV_360nm raw data uzunluk uyumsuzluğu (timestamps: 384, data: 96)
2026-05-02 23:27:57 - spektroskopi - WARNING - RealTimePanel: UV_360nm calibrated data uzunluk uyumsuzluğu (timestamps: 384, data: 96)
2026-05-02 23:27:57 - spektroskopi - WARNING - RealTimePanel: Blue_450nm raw data uzunluk uyumsuzluğu (timestamps: 384, data: 96)
2026-05-02 23:27:57 - spektroskopi - WARNING - RealTimePanel: Blue_450nm calibrated data uzunluk uyumsuzluğu (timestamps: 384, data: 96)
2026-05-02 23:27:57 - spektroskopi - WARNING - RealTimePanel: IR_850nm raw data uzunluk uyumsuzluğu (timestamps: 384, data: 96)
2026-05-02 23:27:57 - spektroskopi - WARNING - RealTimePanel: IR_850nm calibrated data uzunluk uyumsuzluğu (timestamps: 384, data: 96)
2026-05-02 23:27:57 - spektroskopi - WARNING - RealTimePanel: IR_940nm raw data uzunluk uyumsuzluğu (timestamps: 384, data: 96)
2026-05-02 23:27:57 - spektroskopi - WARNING - RealTimePanel: IR_940nm calibrated data uzunluk uyumsuzluğu (timestamps: 384, data: 96)
2026-05-02 23:27:58 - spektroskopi - WARNING - RealTimePanel: UV_360nm raw data uzunluk uyumsuzluğu (timestamps: 384, data: 96)
2026-05-02 23:27:58 - spektroskopi - WARNING - RealTimePanel: UV_360nm calibrated data uzunluk uyumsuzluğu (timestamps: 384, data: 96)
2026-05-02 23:27:58 - spektroskopi - WARNING - RealTimePanel: Blue_450nm raw data uzunluk uyumsuzluğu (timestamps: 384, data: 96)
2026-05-02 23:27:58 - spektroskopi - WARNING - RealTimePanel: Blue_450nm calibrated data uzunluk uyumsuzluğu (timestamps: 384, data: 96)
2026-05-02 23:27:58 - spektroskopi - WARNING - RealTimePanel: IR_850nm raw data uzunluk uyumsuzluğu (timestamps: 384, data: 96)
2026-05-02 23:27:58 - spektroskopi - WARNING - RealTimePanel: IR_850nm calibrated data uzunluk uyumsuzluğu (timestamps: 384, data: 96)
2026-05-02 23:27:58 - spektroskopi - WARNING - RealTimePanel: IR_940nm raw data uzunluk uyumsuzluğu (timestamps: 384, data: 96)
2026-05-02 23:27:58 - spektroskopi - WARNING - RealTimePanel: IR_940nm calibrated data uzunluk uyumsuzluğu (timestamps: 384, data: 96)
2026-05-02 23:27:59 - spektroskopi - WARNING - RealTimePanel: UV_360nm raw data uzunluk uyumsuzluğu (timestamps: 384, data: 96)
2026-05-02 23:27:59 - spektroskopi - WARNING - RealTimePanel: UV_360nm calibrated data uzunluk uyumsuzluğu (timestamps: 384, data: 96)
2026-05-02 23:27:59 - spektroskopi - WARNING - RealTimePanel: Blue_450nm raw data uzunluk uyumsuzluğu (timestamps: 384, data: 96)
2026-05-02 23:27:59 - spektroskopi - WARNING - RealTimePanel: Blue_450nm calibrated data uzunluk uyumsuzluğu (timestamps: 384, data: 96)
2026-05-02 23:27:59 - spektroskopi - WARNING - RealTimePanel: IR_850nm raw data uzunluk uyumsuzluğu (timestamps: 384, data: 96)
2026-05-02 23:27:59 - spektroskopi - WARNING - RealTimePanel: IR_850nm calibrated data uzunluk uyumsuzluğu (timestamps: 384, data: 96)
2026-05-02 23:27:59 - spektroskopi - WARNING - RealTimePanel: IR_940nm raw data uzunluk uyumsuzluğu (timestamps: 384, data: 96)
2026-05-02 23:27:59 - spektroskopi - WARNING - RealTimePanel: IR_940nm calibrated data uzunluk uyumsuzluğu (timestamps: 384, data: 96)
2026-05-02 23:28:00 - spektroskopi - WARNING - RealTimePanel: UV_360nm raw data uzunluk uyumsuzluğu (timestamps: 384, data: 96)
2026-05-02 23:28:00 - spektroskopi - WARNING - RealTimePanel: UV_360nm calibrated data uzunluk uyumsuzluğu (timestamps: 384, data: 96)
2026-05-02 23:28:00 - spektroskopi - WARNING - RealTimePanel: Blue_450nm raw data uzunluk uyumsuzluğu (timestamps: 384, data: 96)
2026-05-02 23:28:00 - spektroskopi - WARNING - RealTimePanel: Blue_450nm calibrated data uzunluk uyumsuzluğu (timestamps: 384, data: 96)
2026-05-02 23:28:00 - spektroskopi - WARNING - RealTimePanel: IR_850nm raw data uzunluk uyumsuzluğu (timestamps: 384, data: 96)
2026-05-02 23:28:00 - spektroskopi - WARNING - RealTimePanel: IR_850nm calibrated data uzunluk uyumsuzluğu (timestamps: 384, data: 96)
2026-05-02 23:28:00 - spektroskopi - WARNING - RealTimePanel: IR_940nm raw data uzunluk uyumsuzluğu (timestamps: 384, data: 96)
2026-05-02 23:28:00 - spektroskopi - WARNING - RealTimePanel: IR_940nm calibrated data uzunluk uyumsuzluğu (timestamps: 384, data: 96)
2026-05-02 23:28:01 - spektroskopi - WARNING - RealTimePanel: UV_360nm raw data uzunluk uyumsuzluğu (timestamps: 384, data: 96)
2026-05-02 23:28:01 - spektroskopi - WARNING - RealTimePanel: UV_360nm calibrated data uzunluk uyumsuzluğu (timestamps: 384, data: 96)
2026-05-02 23:28:01 - spektroskopi - WARNING - RealTimePanel: Blue_450nm raw data uzunluk uyumsuzluğu (timestamps: 384, data: 96)
2026-05-02 23:28:01 - spektroskopi - WARNING - RealTimePanel: Blue_450nm calibrated data uzunluk uyumsuzluğu (timestamps: 384, data: 96)
2026-05-02 23:28:01 - spektroskopi - WARNING - RealTimePanel: IR_850nm raw data uzunluk uyumsuzluğu (timestamps: 384, data: 96)
2026-05-02 23:28:01 - spektroskopi - WARNING - RealTimePanel: IR_850nm calibrated data uzunluk uyumsuzluğu (timestamps: 384, data: 96)
2026-05-02 23:28:01 - spektroskopi - WARNING - RealTimePanel: IR_940nm raw data uzunluk uyumsuzluğu (timestamps: 384, data: 96)
2026-05-02 23:28:01 - spektroskopi - WARNING - RealTimePanel: IR_940nm calibrated data uzunluk uyumsuzluğu (timestamps: 384, data: 96)
2026-05-02 23:28:02 - spektroskopi - WARNING - RealTimePanel: UV_360nm raw data uzunluk uyumsuzluğu (timestamps: 384, data: 96)
2026-05-02 23:28:02 - spektroskopi - WARNING - RealTimePanel: UV_360nm calibrated data uzunluk uyumsuzluğu (timestamps: 384, data: 96)
2026-05-02 23:28:02 - spektroskopi - WARNING - RealTimePanel: Blue_450nm raw data uzunluk uyumsuzluğu (timestamps: 384, data: 96)
2026-05-02 23:28:02 - spektroskopi - WARNING - RealTimePanel: Blue_450nm calibrated data uzunluk uyumsuzluğu (timestamps: 384, data: 96)
2026-05-02 23:28:02 - spektroskopi - WARNING - RealTimePanel: IR_850nm raw data uzunluk uyumsuzluğu (timestamps: 384, data: 96)
2026-05-02 23:28:02 - spektroskopi - WARNING - RealTimePanel: IR_850nm calibrated data uzunluk uyumsuzluğu (timestamps: 384, data: 96)
2026-05-02 23:28:02 - spektroskopi - WARNING - RealTimePanel: IR_940nm raw data uzunluk uyumsuzluğu (timestamps: 384, data: 96)
2026-05-02 23:28:02 - spektroskopi - WARNING - RealTimePanel: IR_940nm calibrated data uzunluk uyumsuzluğu (timestamps: 384, data: 96)
2026-05-02 23:28:03 - spektroskopi - WARNING - RealTimePanel: UV_360nm raw data uzunluk uyumsuzluğu (timestamps: 384, data: 96)
2026-05-02 23:28:03 - spektroskopi - WARNING - RealTimePanel: UV_360nm calibrated data uzunluk uyumsuzluğu (timestamps: 384, data: 96)
2026-05-02 23:28:03 - spektroskopi - WARNING - RealTimePanel: Blue_450nm raw data uzunluk uyumsuzluğu (timestamps: 384, data: 96)
2026-05-02 23:28:03 - spektroskopi - WARNING - RealTimePanel: Blue_450nm calibrated data uzunluk uyumsuzluğu (timestamps: 384, data: 96)
2026-05-02 23:28:03 - spektroskopi - WARNING - RealTimePanel: IR_850nm raw data uzunluk uyumsuzluğu (timestamps: 384, data: 96)
2026-05-02 23:28:03 - spektroskopi - WARNING - RealTimePanel: IR_850nm calibrated data uzunluk uyumsuzluğu (timestamps: 384, data: 96)
2026-05-02 23:28:03 - spektroskopi - WARNING - RealTimePanel: IR_940nm raw data uzunluk uyumsuzluğu (timestamps: 384, data: 96)
2026-05-02 23:28:03 - spektroskopi - WARNING - RealTimePanel: IR_940nm calibrated data uzunluk uyumsuzluğu (timestamps: 384, data: 96)
2026-05-02 23:28:04 - spektroskopi - WARNING - BLE bağlantı kesildi/başarısız: Device with address 7CDE3AD7-9E89-0DF9-28E4-1D56CA03E138 was not found
2026-05-02 23:28:04 - spektroskopi - INFO - Yeniden bağlanılıyor...
2026-05-02 23:28:04 - spektroskopi - WARNING - RealTimePanel: UV_360nm raw data uzunluk uyumsuzluğu (timestamps: 384, data: 96)
2026-05-02 23:28:04 - spektroskopi - WARNING - RealTimePanel: UV_360nm calibrated data uzunluk uyumsuzluğu (timestamps: 384, data: 96)
2026-05-02 23:28:04 - spektroskopi - WARNING - RealTimePanel: Blue_450nm raw data uzunluk uyumsuzluğu (timestamps: 384, data: 96)
2026-05-02 23:28:04 - spektroskopi - WARNING - RealTimePanel: Blue_450nm calibrated data uzunluk uyumsuzluğu (timestamps: 384, data: 96)
2026-05-02 23:28:04 - spektroskopi - WARNING - RealTimePanel: IR_850nm raw data uzunluk uyumsuzluğu (timestamps: 384, data: 96)
2026-05-02 23:28:04 - spektroskopi - WARNING - RealTimePanel: IR_850nm calibrated data uzunluk uyumsuzluğu (timestamps: 384, data: 96)
2026-05-02 23:28:04 - spektroskopi - WARNING - RealTimePanel: IR_940nm raw data uzunluk uyumsuzluğu (timestamps: 384, data: 96)
2026-05-02 23:28:04 - spektroskopi - WARNING - RealTimePanel: IR_940nm calibrated data uzunluk uyumsuzluğu (timestamps: 384, data: 96)
2026-05-02 23:28:05 - spektroskopi - INFO - BLE bağlantısı kuruluyor: sensor-3 (7CDE3AD7-9E89-0DF9-28E4-1D56CA03E138)
2026-05-02 23:28:05 - spektroskopi - WARNING - RealTimePanel: UV_360nm raw data uzunluk uyumsuzluğu (timestamps: 384, data: 96)
2026-05-02 23:28:05 - spektroskopi - WARNING - RealTimePanel: UV_360nm calibrated data uzunluk uyumsuzluğu (timestamps: 384, data: 96)
2026-05-02 23:28:05 - spektroskopi - WARNING - RealTimePanel: Blue_450nm raw data uzunluk uyumsuzluğu (timestamps: 384, data: 96)
2026-05-02 23:28:05 - spektroskopi - WARNING - RealTimePanel: Blue_450nm calibrated data uzunluk uyumsuzluğu (timestamps: 384, data: 96)
2026-05-02 23:28:05 - spektroskopi - WARNING - RealTimePanel: IR_850nm raw data uzunluk uyumsuzluğu (timestamps: 384, data: 96)
2026-05-02 23:28:05 - spektroskopi - WARNING - RealTimePanel: IR_850nm calibrated data uzunluk uyumsuzluğu (timestamps: 384, data: 96)
2026-05-02 23:28:05 - spektroskopi - WARNING - RealTimePanel: IR_940nm raw data uzunluk uyumsuzluğu (timestamps: 384, data: 96)
2026-05-02 23:28:05 - spektroskopi - WARNING - RealTimePanel: IR_940nm calibrated data uzunluk uyumsuzluğu (timestamps: 384, data: 96)
2026-05-02 23:28:06 - spektroskopi - WARNING - RealTimePanel: UV_360nm raw data uzunluk uyumsuzluğu (timestamps: 384, data: 96)
2026-05-02 23:28:06 - spektroskopi - WARNING - RealTimePanel: UV_360nm calibrated data uzunluk uyumsuzluğu (timestamps: 384, data: 96)
2026-05-02 23:28:06 - spektroskopi - WARNING - RealTimePanel: Blue_450nm raw data uzunluk uyumsuzluğu (timestamps: 384, data: 96)
2026-05-02 23:28:06 - spektroskopi - WARNING - RealTimePanel: Blue_450nm calibrated data uzunluk uyumsuzluğu (timestamps: 384, data: 96)
2026-05-02 23:28:06 - spektroskopi - WARNING - RealTimePanel: IR_850nm raw data uzunluk uyumsuzluğu (timestamps: 384, data: 96)
2026-05-02 23:28:06 - spektroskopi - WARNING - RealTimePanel: IR_850nm calibrated data uzunluk uyumsuzluğu (timestamps: 384, data: 96)
2026-05-02 23:28:06 - spektroskopi - WARNING - RealTimePanel: IR_940nm raw data uzunluk uyumsuzluğu (timestamps: 384, data: 96)
2026-05-02 23:28:06 - spektroskopi - WARNING - RealTimePanel: IR_940nm calibrated data uzunluk uyumsuzluğu (timestamps: 384, data: 96)
2026-05-02 23:28:07 - spektroskopi - WARNING - RealTimePanel: UV_360nm raw data uzunluk uyumsuzluğu (timestamps: 384, data: 96)
2026-05-02 23:28:07 - spektroskopi - WARNING - RealTimePanel: UV_360nm calibrated data uzunluk uyumsuzluğu (timestamps: 384, data: 96)
2026-05-02 23:28:07 - spektroskopi - WARNING - RealTimePanel: Blue_450nm raw data uzunluk uyumsuzluğu (timestamps: 384, data: 96)
2026-05-02 23:28:07 - spektroskopi - WARNING - RealTimePanel: Blue_450nm calibrated data uzunluk uyumsuzluğu (timestamps: 384, data: 96)
2026-05-02 23:28:07 - spektroskopi - WARNING - RealTimePanel: IR_850nm raw data uzunluk uyumsuzluğu (timestamps: 384, data: 96)
2026-05-02 23:28:07 - spektroskopi - WARNING - RealTimePanel: IR_850nm calibrated data uzunluk uyumsuzluğu (timestamps: 384, data: 96)
2026-05-02 23:28:07 - spektroskopi - WARNING - RealTimePanel: IR_940nm raw data uzunluk uyumsuzluğu (timestamps: 384, data: 96)
2026-05-02 23:28:07 - spektroskopi - WARNING - RealTimePanel: IR_940nm calibrated data uzunluk uyumsuzluğu (timestamps: 384, data: 96)
2026-05-02 23:28:08 - spektroskopi - WARNING - RealTimePanel: UV_360nm raw data uzunluk uyumsuzluğu (timestamps: 384, data: 96)
2026-05-02 23:28:08 - spektroskopi - WARNING - RealTimePanel: UV_360nm calibrated data uzunluk uyumsuzluğu (timestamps: 384, data: 96)
2026-05-02 23:28:08 - spektroskopi - WARNING - RealTimePanel: Blue_450nm raw data uzunluk uyumsuzluğu (timestamps: 384, data: 96)
2026-05-02 23:28:08 - spektroskopi - WARNING - RealTimePanel: Blue_450nm calibrated data uzunluk uyumsuzluğu (timestamps: 384, data: 96)
2026-05-02 23:28:08 - spektroskopi - WARNING - RealTimePanel: IR_850nm raw data uzunluk uyumsuzluğu (timestamps: 384, data: 96)
2026-05-02 23:28:08 - spektroskopi - WARNING - RealTimePanel: IR_850nm calibrated data uzunluk uyumsuzluğu (timestamps: 384, data: 96)
2026-05-02 23:28:08 - spektroskopi - WARNING - RealTimePanel: IR_940nm raw data uzunluk uyumsuzluğu (timestamps: 384, data: 96)
2026-05-02 23:28:08 - spektroskopi - WARNING - RealTimePanel: IR_940nm calibrated data uzunluk uyumsuzluğu (timestamps: 384, data: 96)
2026-05-02 23:28:09 - spektroskopi - WARNING - RealTimePanel: UV_360nm raw data uzunluk uyumsuzluğu (timestamps: 384, data: 96)
2026-05-02 23:28:09 - spektroskopi - WARNING - RealTimePanel: UV_360nm calibrated data uzunluk uyumsuzluğu (timestamps: 384, data: 96)
2026-05-02 23:28:09 - spektroskopi - WARNING - RealTimePanel: Blue_450nm raw data uzunluk uyumsuzluğu (timestamps: 384, data: 96)
2026-05-02 23:28:09 - spektroskopi - WARNING - RealTimePanel: Blue_450nm calibrated data uzunluk uyumsuzluğu (timestamps: 384, data: 96)
2026-05-02 23:28:09 - spektroskopi - WARNING - RealTimePanel: IR_850nm raw data uzunluk uyumsuzluğu (timestamps: 384, data: 96)
2026-05-02 23:28:09 - spektroskopi - WARNING - RealTimePanel: IR_850nm calibrated data uzunluk uyumsuzluğu (timestamps: 384, data: 96)
2026-05-02 23:28:09 - spektroskopi - WARNING - RealTimePanel: IR_940nm raw data uzunluk uyumsuzluğu (timestamps: 384, data: 96)
2026-05-02 23:28:09 - spektroskopi - WARNING - RealTimePanel: IR_940nm calibrated data uzunluk uyumsuzluğu (timestamps: 384, data: 96)
2026-05-02 23:28:10 - spektroskopi - WARNING - RealTimePanel: UV_360nm raw data uzunluk uyumsuzluğu (timestamps: 384, data: 96)
2026-05-02 23:28:10 - spektroskopi - WARNING - RealTimePanel: UV_360nm calibrated data uzunluk uyumsuzluğu (timestamps: 384, data: 96)
2026-05-02 23:28:10 - spektroskopi - WARNING - RealTimePanel: Blue_450nm raw data uzunluk uyumsuzluğu (timestamps: 384, data: 96)
2026-05-02 23:28:10 - spektroskopi - WARNING - RealTimePanel: Blue_450nm calibrated data uzunluk uyumsuzluğu (timestamps: 384, data: 96)
2026-05-02 23:28:10 - spektroskopi - WARNING - RealTimePanel: IR_850nm raw data uzunluk uyumsuzluğu (timestamps: 384, data: 96)
2026-05-02 23:28:10 - spektroskopi - WARNING - RealTimePanel: IR_850nm calibrated data uzunluk uyumsuzluğu (timestamps: 384, data: 96)
2026-05-02 23:28:10 - spektroskopi - WARNING - RealTimePanel: IR_940nm raw data uzunluk uyumsuzluğu (timestamps: 384, data: 96)
2026-05-02 23:28:10 - spektroskopi - WARNING - RealTimePanel: IR_940nm calibrated data uzunluk uyumsuzluğu (timestamps: 384, data: 96)
2026-05-02 23:28:11 - spektroskopi - WARNING - RealTimePanel: UV_360nm raw data uzunluk uyumsuzluğu (timestamps: 384, data: 96)
2026-05-02 23:28:11 - spektroskopi - WARNING - RealTimePanel: UV_360nm calibrated data uzunluk uyumsuzluğu (timestamps: 384, data: 96)
2026-05-02 23:28:11 - spektroskopi - WARNING - RealTimePanel: Blue_450nm raw data uzunluk uyumsuzluğu (timestamps: 384, data: 96)
2026-05-02 23:28:11 - spektroskopi - WARNING - RealTimePanel: Blue_450nm calibrated data uzunluk uyumsuzluğu (timestamps: 384, data: 96)
2026-05-02 23:28:11 - spektroskopi - WARNING - RealTimePanel: IR_850nm raw data uzunluk uyumsuzluğu (timestamps: 384, data: 96)
2026-05-02 23:28:11 - spektroskopi - WARNING - RealTimePanel: IR_850nm calibrated data uzunluk uyumsuzluğu (timestamps: 384, data: 96)
2026-05-02 23:28:11 - spektroskopi - WARNING - RealTimePanel: IR_940nm raw data uzunluk uyumsuzluğu (timestamps: 384, data: 96)
2026-05-02 23:28:11 - spektroskopi - WARNING - RealTimePanel: IR_940nm calibrated data uzunluk uyumsuzluğu (timestamps: 384, data: 96)
2026-05-02 23:28:12 - spektroskopi - WARNING - RealTimePanel: UV_360nm raw data uzunluk uyumsuzluğu (timestamps: 384, data: 96)
2026-05-02 23:28:12 - spektroskopi - WARNING - RealTimePanel: UV_360nm calibrated data uzunluk uyumsuzluğu (timestamps: 384, data: 96)
2026-05-02 23:28:12 - spektroskopi - WARNING - RealTimePanel: Blue_450nm raw data uzunluk uyumsuzluğu (timestamps: 384, data: 96)
2026-05-02 23:28:12 - spektroskopi - WARNING - RealTimePanel: Blue_450nm calibrated data uzunluk uyumsuzluğu (timestamps: 384, data: 96)
2026-05-02 23:28:12 - spektroskopi - WARNING - RealTimePanel: IR_850nm raw data uzunluk uyumsuzluğu (timestamps: 384, data: 96)
2026-05-02 23:28:12 - spektroskopi - WARNING - RealTimePanel: IR_850nm calibrated data uzunluk uyumsuzluğu (timestamps: 384, data: 96)
2026-05-02 23:28:12 - spektroskopi - WARNING - RealTimePanel: IR_940nm raw data uzunluk uyumsuzluğu (timestamps: 384, data: 96)
2026-05-02 23:28:12 - spektroskopi - WARNING - RealTimePanel: IR_940nm calibrated data uzunluk uyumsuzluğu (timestamps: 384, data: 96)
2026-05-02 23:28:13 - spektroskopi - WARNING - RealTimePanel: UV_360nm raw data uzunluk uyumsuzluğu (timestamps: 384, data: 96)
2026-05-02 23:28:13 - spektroskopi - WARNING - RealTimePanel: UV_360nm calibrated data uzunluk uyumsuzluğu (timestamps: 384, data: 96)
2026-05-02 23:28:13 - spektroskopi - WARNING - RealTimePanel: Blue_450nm raw data uzunluk uyumsuzluğu (timestamps: 384, data: 96)
2026-05-02 23:28:13 - spektroskopi - WARNING - RealTimePanel: Blue_450nm calibrated data uzunluk uyumsuzluğu (timestamps: 384, data: 96)
2026-05-02 23:28:13 - spektroskopi - WARNING - RealTimePanel: IR_850nm raw data uzunluk uyumsuzluğu (timestamps: 384, data: 96)
2026-05-02 23:28:13 - spektroskopi - WARNING - RealTimePanel: IR_850nm calibrated data uzunluk uyumsuzluğu (timestamps: 384, data: 96)
2026-05-02 23:28:13 - spektroskopi - WARNING - RealTimePanel: IR_940nm raw data uzunluk uyumsuzluğu (timestamps: 384, data: 96)
2026-05-02 23:28:13 - spektroskopi - WARNING - RealTimePanel: IR_940nm calibrated data uzunluk uyumsuzluğu (timestamps: 384, data: 96)
2026-05-02 23:28:14 - spektroskopi - WARNING - RealTimePanel: UV_360nm raw data uzunluk uyumsuzluğu (timestamps: 384, data: 96)
2026-05-02 23:28:14 - spektroskopi - WARNING - RealTimePanel: UV_360nm calibrated data uzunluk uyumsuzluğu (timestamps: 384, data: 96)
2026-05-02 23:28:14 - spektroskopi - WARNING - RealTimePanel: Blue_450nm raw data uzunluk uyumsuzluğu (timestamps: 384, data: 96)
2026-05-02 23:28:14 - spektroskopi - WARNING - RealTimePanel: Blue_450nm calibrated data uzunluk uyumsuzluğu (timestamps: 384, data: 96)
2026-05-02 23:28:14 - spektroskopi - WARNING - RealTimePanel: IR_850nm raw data uzunluk uyumsuzluğu (timestamps: 384, data: 96)
2026-05-02 23:28:14 - spektroskopi - WARNING - RealTimePanel: IR_850nm calibrated data uzunluk uyumsuzluğu (timestamps: 384, data: 96)
2026-05-02 23:28:14 - spektroskopi - WARNING - RealTimePanel: IR_940nm raw data uzunluk uyumsuzluğu (timestamps: 384, data: 96)
2026-05-02 23:28:14 - spektroskopi - WARNING - RealTimePanel: IR_940nm calibrated data uzunluk uyumsuzluğu (timestamps: 384, data: 96)
2026-05-02 23:28:15 - spektroskopi - WARNING - BLE bağlantı kesildi/başarısız: Device with address 7CDE3AD7-9E89-0DF9-28E4-1D56CA03E138 was not found
2026-05-02 23:28:15 - spektroskopi - INFO - Yeniden bağlanılıyor...
2026-05-02 23:28:15 - spektroskopi - INFO - BLE bağlantısı kuruluyor: sensor-3 (7CDE3AD7-9E89-0DF9-28E4-1D56CA03E138)
2026-05-02 23:28:15 - spektroskopi - WARNING - RealTimePanel: UV_360nm raw data uzunluk uyumsuzluğu (timestamps: 384, data: 96)
2026-05-02 23:28:15 - spektroskopi - WARNING - RealTimePanel: UV_360nm calibrated data uzunluk uyumsuzluğu (timestamps: 384, data: 96)
2026-05-02 23:28:15 - spektroskopi - WARNING - RealTimePanel: Blue_450nm raw data uzunluk uyumsuzluğu (timestamps: 384, data: 96)
2026-05-02 23:28:15 - spektroskopi - WARNING - RealTimePanel: Blue_450nm calibrated data uzunluk uyumsuzluğu (timestamps: 384, data: 96)
2026-05-02 23:28:15 - spektroskopi - WARNING - RealTimePanel: IR_850nm raw data uzunluk uyumsuzluğu (timestamps: 384, data: 96)
2026-05-02 23:28:15 - spektroskopi - WARNING - RealTimePanel: IR_850nm calibrated data uzunluk uyumsuzluğu (timestamps: 384, data: 96)
2026-05-02 23:28:15 - spektroskopi - WARNING - RealTimePanel: IR_940nm raw data uzunluk uyumsuzluğu (timestamps: 384, data: 96)
2026-05-02 23:28:15 - spektroskopi - WARNING - RealTimePanel: IR_940nm calibrated data uzunluk uyumsuzluğu (timestamps: 384, data: 96)
2026-05-02 23:28:16 - spektroskopi - WARNING - RealTimePanel: UV_360nm raw data uzunluk uyumsuzluğu (timestamps: 384, data: 96)
2026-05-02 23:28:16 - spektroskopi - WARNING - RealTimePanel: UV_360nm calibrated data uzunluk uyumsuzluğu (timestamps: 384, data: 96)
2026-05-02 23:28:16 - spektroskopi - WARNING - RealTimePanel: Blue_450nm raw data uzunluk uyumsuzluğu (timestamps: 384, data: 96)
2026-05-02 23:28:16 - spektroskopi - WARNING - RealTimePanel: Blue_450nm calibrated data uzunluk uyumsuzluğu (timestamps: 384, data: 96)
2026-05-02 23:28:16 - spektroskopi - WARNING - RealTimePanel: IR_850nm raw data uzunluk uyumsuzluğu (timestamps: 384, data: 96)
2026-05-02 23:28:16 - spektroskopi - WARNING - RealTimePanel: IR_850nm calibrated data uzunluk uyumsuzluğu (timestamps: 384, data: 96)
2026-05-02 23:28:16 - spektroskopi - WARNING - RealTimePanel: IR_940nm raw data uzunluk uyumsuzluğu (timestamps: 384, data: 96)
2026-05-02 23:28:16 - spektroskopi - WARNING - RealTimePanel: IR_940nm calibrated data uzunluk uyumsuzluğu (timestamps: 384, data: 96)
